0b000301 0b00c201 10000 100 21818 2000001661 34014503 10014509
0b000b01 0b00c901 10000 100 55518 2000020837 34017132 10017336
0b000301 0b00ce01 10000 100 23869 2000278799 34222170 10014681
0b000401 0b00c301 10000 100 8898 2000368862 34414116 10013426
0b000301 0b00c201 10001 100 1400638 2000209926 34691069 10130110
0b000c01 0b00cd01 10000 100 5287 2000415862 34526408 10013126
0b000d01 0b00cb01 10000 100 8507 2000460957 34641496 10013395
0b000d01 0b00c201 10000 100 20678 2000467479 34659697 10014414
0b000601 0b00c301 10000 100 1239175 2000330101 35032250 10116575
0b000d01 0b00cb01 10001 100 137335 2000629176 35091100 10024196
0b000401 0b00c601 10000 100 46948 2000727228 35257585 10016616
0b000301 0b00c801 10000 100 122901 2000728897 35474940 10022984
0b000201 0b00cd01 10001 100 8365 2000778589 35580667 10013383
0b000a01 0b00c201 10001 100 9413 2000839526 35577628 10013471
0b000601 0b00ca01 10000 100 26561 2000635255 36198558 10014908
0b000301 0b00ca01 10000 100 6818 2001378399 35802203 10013252
0b000501 0b00cd01 10000 100 520333 2000976560 36311467 10056307
0b000601 0b00c301 10001 100 12698 2000684731 36621430 10013745
0b000101 0b00c001 10000 100 13456 2001691221 35777894 10013810
0b000101 0b00ca01 10000 100 874245 2000758702 36716514 10085979
0b000301 0b00ce01 10001 100 4336 2001741044 35791133 10013046
0b000701 0b00c901 10002 100 627795 2000593585 37160753 10065315
0b000001 0b00cd01 10001 100 68802 2001958629 35937084 10018449
0b000601 0b00cb01 10000 100 7760 2000769415 37147926 10013331
0b000b01 0b00c801 10000 100 1806 2000834735 37164261 10012832
0b000101 0b00c801 10000 100 35266 2002260319 35884295 10015639
0b000401 0b00c801 10003 100 32546 2002484819 36123406 10015410
0b000a01 0b00c701 10001 100 23524 2002014164 36971684 10014654
0b000801 0b00c801 10002 100 4147 2002197869 36873387 10013030
0b000701 0b00cc01 10001 100 220829 2002287793 36989408 10031194
0b000401 0b00cd01 10003 100 47374 2003260926 36065125 10016654
0b000701 0b00ce01 10001 100 11092 2003289901 36189245 10013613
0b000f01 0b00c601 10001 100 749296 2002410160 37115080 10075503
0b000101 0b00c501 10001 100 167452 2001070276 38471123 10026721
0b000801 0b00c701 10000 100 15378 2001630993 38084188 10013971
0b000801 0b00cf01 10000 100 1703 2001678402 38051046 10012823
0b000501 0b00c001 10004 100 68230 2003278971 36696098 10018403
0b000501 0b00c301 10001 100 75814 2001660999 38324052 10019036
0b000001 0b00c701 10001 100 54353 2003110355 36900995 10017239
0b000601 0b00c601 10001 100 23741 2004279851 36176271 10014671
0b000c01 0b00c901 10002 100 53155 2003578218 36880630 10017139
0b000801 0b00cd01 10000 100 16496 2002070768 38401163 10014064
0b000301 0b00cd01 10000 100 8387 2001804262 39139981 10013385
0b000901 0b00c801 10001 100 3949 2002579857 38477276 10013011
0b000901 0b00c801 10002 100 28562 2003568307 37493725 10015076
0b000101 0b00ce01 10001 100 34209 2001862914 39228209 10015551
0b000b01 0b00cc01 10002 100 159462 2001859130 39282091 10026051
0b000301 0b00c101 10002 100 1412362 2001587930 39628720 10131094
0b000f01 0b00c801 10002 100 8698 2004430285 36813078 10013410
0b000a01 0b00c801 10001 100 464 2003042859 38246731 10012720
0b000801 0b00c701 10002 100 2237 2003141171 38244946 10012870
0b000801 0b00c501 10000 100 2245 2003172748 38248392 10012871
0b000e01 0b00c601 10001 100 54844 2002459132 39009517 10017278
0b000301 0b00c801 10001 100 24570 2002308498 39188796 10014741
0b000901 0b00c301 10001 100 48521 2002421024 39092707 10016749
0b000f01 0b00c801 10003 100 62331 2004588683 36929430 10017908
0b000301 0b00c501 10000 100 28043 2002392142 39149484 10015034
0b000301 0b00c001 10000 100 44744 2003672855 37949729 10016432
0b000001 0b00c501 10001 100 46329 2003999627 37696543 10016566
0b000801 0b00cf01 10002 100 98748 2003188773 38700176 10020960
0b000101 0b00c201 10000 100 26393 2002838208 39258823 10014895
0b000601 0b00cb01 10001 100 48674 2005830366 36280576 10016762
0b000c01 0b00c801 10002 100 75719 2005000282 37112368 10019029
0b000001 0b00c001 10005 100 156740 2002545517 39730998 10025822
0b000001 0b00c701 10002 100 21247 2003290076 39026595 10014464
0b000601 0b00c401 10000 100 6129 2002734744 39604770 10013197
0b000101 0b00cd01 10001 100 2759 2003454198 38930177 10012912
0b000c01 0b00c601 10000 100 2803 2002436145 39989339 10012915
0b000101 0b00c901 10000 100 45378 2003472073 39029107 10016486
0b000701 0b00c601 10001 100 44019 2002745700 39789481 10016374
0b000401 0b00c201 10000 100 259428 2001373361 41344641 10034432
0b000c01 0b00cc01 10000 100 24367 2003757021 38965699 10014725
0b000a01 0b00cb01 10002 100 166335 2003699813 39032714 10026628
0b000c01 0b00c801 10003 100 36894 2005458518 37284461 10015773
0b000c01 0b00c401 10000 100 635199 2001719118 41052231 10065938
0b000301 0b00c701 10001 100 190571 2002575503 40211934 10028659
0b000001 0b00c801 10001 100 9229 2005787857 37096910 10013456
0b000001 0b00c301 10001 100 16113 2003766832 39177249 10014034
0b000b01 0b00c901 10002 100 6024 2005558988 37389637 10013188
0b000e01 0b00ce01 10001 100 8422 2003794759 39205206 10013388
0b000301 0b00cb01 10002 100 1797 2002682663 40404307 10012831
0b000301 0b00c201 10002 100 13258 2001975439 41162649 10013794
0b000001 0b00c901 10002 100 29 2006042606 37098427 10012686
0b000101 0b00c201 10001 100 20575 2005892890 37344431 10014406
0b000a01 0b00c801 10002 100 7809 2005903653 37346237 10013335
0b000d01 0b00c201 10001 100 3168 2007390526 35895907 10012948
0b000301 0b00c801 10002 100 48247 2003805970 39495322 10016727
0b000201 0b00c501 10001 100 57676 2005926548 37417633 10017516
0b000301 0b00c701 10002 100 61841 2003860493 39496376 10017865
0b000301 0b00cc01 10000 100 73224 2002273720 41127788 10018822
0b000501 0b00c401 10000 100 7514 2002557106 40895097 10013311
0b000501 0b00c201 10001 100 27794 2002748077 40762061 10015011
0b000801 0b00cd01 10004 100 688 2005734660 37913879 10012738
0b000401 0b00cb01 10000 100 23280 2003713451 40017713 10014634
0b000f01 0b00c301 10000 100 2001 2000002444 44012822 10012851
0b000901 0b00ca01 10000 100 107113 2000064077 44021415 10021663
0b000801 0b00cb01 10002 100 22599 2005775368 38324958 10014576
0b000801 0b00c001 10000 100 68260 2000131928 44018226 10018405
0b000e01 0b00ce01 10003 100 8005 2004942785 39226489 10013354
0b000f01 0b00c301 10001 100 40763 2000161696 44017497 10016098
0b000201 0b00cf01 10000 100 64729 2000175050 44025612 10018107
0b000101 0b00c701 10001 100 62459 2005504923 38702004 10017918
0b000301 0b00cb01 10007 100 25497 2006652871 37588546 10014819
0b000301 0b00cb01 10009 100 22583 2007030850 37212904 10014574
0b000201 0b00cd01 10005 100 45573 2006792821 37506263 10016502
0b000b01 0b00c801 10002 100 79215 2005436495 38889138 10019324
0b000801 0b00cd01 10006 100 27683 2006862041 37524815 10015002
0b000201 0b00c801 10000 100 65074 2000247707 44162556 10018139
0b000e01 0b00c801 10003 100 46852 2004575872 39854032 10016608
0b000301 0b00cb01 10000 100 28316 2000259783 44179181 10015056
0b000b01 0b00cf01 10002 100 44353 2006864825 37604960 10016401
0b000801 0b00c801 10001 100 78413 2000265186 44213128 10019256
0b000201 0b00ce01 10001 100 11400 2006054037 38463393 10013638
0b000501 0b00c501 10000 100 51976 2000288433 44244229 10017037
0b000c01 0b00c501 10000 100 1448590 2000173004 44361419 10134131
0b000901 0b00c201 10001 100 34455 2007314304 37353745 10015570
0b000301 0b00cf01 10000 100 10574 2006056130 38618375 10013568
0b000901 0b00c801 10000 100 69044 2000348505 44398747 10018472
0b000101 0b00c301 10000 100 72398 2000362892 44454685 10018752
0b000a01 0b00ce01 10001 100 292302 2004059429 40783536 10037189
0b000e01 0b00c701 10002 100 44887 2004916726 39928565 10016443
0b000601 0b00cc01 10000 100 31728 2005170101 39734256 10015341
0b000301 0b00ce01 10003 100 59650 2006848984 38063852 10017682
0b000001 0b00cd01 10004 100 4408 2006818630 38137020 10013051
0b000701 0b00c101 10002 100 34939 2007982279 36987155 10015609
0b000601 0b00c801 10000 100 18402 2000432421 44579555 10014225
0b000c01 0b00c301 10000 100 1198 2000461882 44642188 10012783
0b000f01 0b00c301 10002 100 79615 2000469712 44690147 10019356
0b000701 0b00cb01 10005 100 33713 2009162528 36165560 10015507
0b000001 0b00ce01 10001 100 69530 2006205861 39145562 10018511
0b000001 0b00c801 10002 100 61341 2006707940 38647530 10017825
0b000d01 0b00ce01 10003 100 66528 2008788469 36577815 10018259
0b000a01 0b00cf01 10003 100 37883 2007660082 37708449 10015856
0b000d01 0b00c801 10000 100 1740 2000597109 44976182 10012826
0b000001 0b00c801 10003 100 33353 2007465449 38180840 10015478
0b000401 0b00c701 10000 100 3520422 2000325736 45326937 10307834
0b000c01 0b00cd01 10003 100 14953 2005782535 39941898 10013933
0b000001 0b00c001 10001 100 8483 2000608227 45133119 10013393
0b000001 0b00cc01 10004 100 7444 2008103000 37640700 10013306
0b000501 0b00ca01 10000 100 69064 2000645560 45101155 10018473
0b000001 0b00c001 10009 100 8615 2007909327 37886481 10013403
0b000a01 0b00c901 10000 100 1789826 2000400720 45447351 10162739
0b000201 0b00c601 10005 100 13387 2008029293 37864382 10013804
0b000f01 0b00c701 10002 100 183737 2005264787 40652140 10028085
0b000201 0b00cd01 10006 100 41660 2007961459 38005466 10016174
0b000301 0b00c101 10007 100 74967 2007196298 38803484 10018965
0b000601 0b00c301 10004 100 15279 2006241557 39781156 10013963
0b000201 0b00c701 10001 100 874406 2003454865 42572768 10085992
0b000301 0b00c501 10001 100 331713 2002790231 43354445 10040491
0b000201 0b00c201 10000 100 4960 2000751745 45476401 10013096
0b000e01 0b00cb01 10003 100 605 2010188426 36063230 10012732
0b000e01 0b00cc01 10001 100 2830 2010182105 36070966 10012917
0b000c01 0b00ca01 10003 100 75536 2009049599 37316202 10019014
0b000401 0b00c301 10004 100 11990 2006783610 39594249 10013685
0b000001 0b00c001 10000 100 4667522 2000190642 46191828 10404006
0b000a01 0b00c301 10001 100 4272 2008376888 38110603 10013040
0b000b01 0b00c701 10002 100 76532 2007593486 38918054 10019098
0b000701 0b00c801 10002 100 4343 2007109590 39586657 10013046
0b000401 0b00c501 10000 100 3961 2000622365 46097469 10013012
0b000101 0b00c501 10000 100 29598 2000853140 45910402 10015163
0b000901 0b00cf01 10003 100 54752 2008820297 37948674 10017271
0b000b01 0b00cb01 10000 100 184847 2000858871 45915645 10028178
0b000301 0b00c201 10007 100 28176 2008784957 38011594 10015045
0b000101 0b00cc01 10006 100 7193 2008937657 37865824 10013286
0b000c01 0b00c101 10002 100 112963 2009314609 37489547 10022150
0b000401 0b00c801 10000 100 60487 2000882877 45970692 10017753
0b000501 0b00c701 10000 100 26710 2000904685 45984399 10014920
0b000601 0b00c601 10006 100 32491 2006689054 40208835 10015406
0b000001 0b00cc01 10000 100 1939800 2000513434 46412483 10175313
0b000001 0b00c901 10000 100 9488 2000891891 46040840 10013477
0b000501 0b00ce01 10004 100 31768 2010384500 36601093 10015344
0b000e01 0b00c601 10000 100 48166 2001069552 45936275 10016721
0b000901 0b00c201 10002 100 17314 2008823382 38206433 10014134
0b000e01 0b00cc01 10000 100 24363 2001178349 45878298 10014725
0b000301 0b00c101 10000 100 7524117 2000252215 46824423 10643505
0b000f01 0b00cb01 10000 100 13270 2001257395 45834377 10013795
0b000101 0b00cb01 10000 100 77318 2001047059 46051135 10019164
0b000301 0b00c101 10001 100 6916 2001151487 45949177 10013260
0b000f01 0b00c801 10007 100 2289 2007379181 39758519 10012874
0b000401 0b00c101 10000 100 30987 2000997045 46163987 10015278
0b000701 0b00cf01 10001 100 3445 2007424771 39742374 10012970
0b000901 0b00c001 10001 100 4166 2001021236 46161611 10013032
0b000601 0b00cc01 10001 100 3502 2007396469 39790531 10012975
0b000501 0b00ce01 10000 100 3703726 2000694327 46536610 10323201
0b000001 0b00cb01 10003 100 141400 2007249649 39981423 10024537
0b000901 0b00c401 10003 100 633720 2005986673 41288229 10065812
0b000601 0b00c701 10000 100 6736 2001006384 46273942 10013245
0b000e01 0b00ca01 10009 100 12849 2010269516 37108510 10013757
0b000301 0b00c301 10000 100 6814 2001628222 45783341 10013252
0b000601 0b00c701 10001 100 26527 2001552618 45861894 10014905
0b000701 0b00cb01 10001 100 42072 2001631629 45824116 10016210
0b000e01 0b00c201 10006 100 16625 2010875190 36603011 10014075
0b000e01 0b00cd01 10003 100 54021 2009286758 38196021 10017212
0b000101 0b00cb01 10001 100 642 2001716690 45777874 10012735
0b000b01 0b00ca01 10007 100 14487 2009825172 37677131 10013896
0b000d01 0b00c801 10001 100 2156714 2000643844 46866771 10193500
0b000f01 0b00c601 10000 100 81943 2001727794 45793639 10019550
0b000d01 0b00cd01 10003 100 151287 2005972850 41560344 10025366
0b000d01 0b00c101 10000 100 6841 2001754732 45801146 10013254
0b000e01 0b00c301 10004 100 23954 2007372580 40234859 10014688
0b000801 0b00cb01 10004 100 22646 2009228032 38394551 10014580
0b000501 0b00c201 10004 100 84040 2007449687 40183597 10019729
0b000c01 0b00cc01 10003 100 200329 2008495731 39155951 10029478
0b000b01 0b00c601 10002 100 23302 2009329817 38387686 10014636
0b000701 0b00cb01 10000 100 11914 2000744581 46989772 10013679
0b000901 0b00c901 10000 100 6838 2001198419 46540336 10013253
0b000501 0b00c301 10000 100 9308 2000758091 47068791 10013463
0b000001 0b00c701 10000 100 41181 2001620743 46213425 10016135
0b000001 0b00cd01 10000 100 32168 2001717231 46120413 10015380
0b000401 0b00c301 10001 100 4286 2002012428 45870527 10013042
0b000001 0b00c001 10002 100 220689 2001491490 46391628 10031183
0b000201 0b00cc01 10001 100 63922 2001960088 45937117 10018039
0b000901 0b00c001 10000 100 3201 2000816225 47094029 10012951
0b000e01 0b00cf01 10001 100 163275 2004824025 43193960 10026371
0b000d01 0b00c001 10000 100 982 2002137888 45909683 10012762
0b000e01 0b00cd01 10000 100 1715560 2000506066 47550207 10156514
0b000201 0b00c701 10000 100 65969 2002115937 45977773 10018210
0b000501 0b00c101 10001 100 6578 2008508323 39588402 10013233
0b000101 0b00c401 10001 100 64072 2000927042 47223929 10018055
0b000b01 0b00cb01 10002 100 89947 2008830241 39322955 10020221
0b000601 0b00c101 10001 100 64087 2006902771 41272888 10018056
0b000701 0b00cc01 10000 100 177190 2001881039 46350199 10027538
0b000601 0b00cf01 10003 100 41072 2007459523 40790104 10016127
0b000601 0b00c701 10005 100 87241 2009973398 38332703 10019997
0b000101 0b00c001 10004 100 19948 2010207603 38150323 10014352
0b000401 0b00c001 10000 100 30233 2002330634 46133642 10015217
0b000a01 0b00c201 10005 100 57782 2009745883 38718774 10017525
0b000601 0b00c001 10000 100 14081 2002651261 45919581 10013864
0b000901 0b00cb01 10002 100 1746 2011101374 37520097 10012827
0b000d01 0b00c401 10000 100 117086 2002101484 46602592 10022500
0b000901 0b00cf01 10000 100 43247 2000949168 47775884 10016308
0b000601 0b00c801 10001 100 20560 2002767808 45970117 10014405
0b000001 0b00c001 10010 100 70945 2009913415 38856285 10018628
0b000f01 0b00ce01 10004 100 9452 2012779311 36033754 10013474
0b000e01 0b00c501 10005 100 21765 2008836409 39992697 10014505
0b000e01 0b00cf01 10002 100 24219 2008707819 40138127 10014713
0b000a01 0b00c101 10002 100 3121 2010944217 37959304 10012945
0b000801 0b00c701 10001 100 67733 2001978328 46933024 10018359
0b000101 0b00c601 10005 100 36234 2011029262 37947557 10015720
0b000a01 0b00c701 10000 100 57390 2001822812 47162872 10017493
0b000401 0b00c401 10000 100 21870 2008975711 40015566 10014514
0b000101 0b00ce01 10000 100 568 2001039746 47973180 10012729
0b000f01 0b00c201 10000 100 25572 2002532546 46486692 10014825
0b000201 0b00cc01 10006 100 21309 2010719538 38345691 10014469
0b000a01 0b00cb01 10001 100 29735 2002156872 46911085 10015174
0b000201 0b00cb01 10004 100 41794 2010527934 38551194 10016184
0b000b01 0b00c001 10002 100 19879 2001325468 47760468 10014347
0b000a01 0b00cd01 10000 100 4456 2002279977 46829252 10013055
0b000301 0b00c401 10002 100 2882 2011175220 37953237 10012922
0b000701 0b00cd01 10000 100 2565083 2000367430 48802457 10227740
0b000101 0b00cc01 10001 100 60616 2002845925 46382745 10017763
0b000c01 0b00c401 10006 100 37330 2011258282 38026735 10015812
0b000301 0b00cc01 10002 100 2513 2011913818 37439568 10012892
0b000f01 0b00c401 10000 100 5892 2002738878 46617189 10013174
0b000601 0b00ca01 10001 100 8672 2003380576 45984955 10013408
0b000701 0b00c301 10000 100 40249 2003032083 46335632 10016057
0b000f01 0b00c001 10003 100 62547 2012584476 36917846 10017925
0b000101 0b00c401 10002 100 607424 2001025360 48505721 10063608
0b000001 0b00c901 10001 100 989346 2000930840 48637381 10095629
0b000601 0b00c401 10001 100 92436 2002906895 46667132 10020432
0b000801 0b00c601 10002 100 68838 2010627039 38954557 10018452
0b000901 0b00c701 10000 100 865619 2001433368 48150448 10085254
0b000d01 0b00c601 10000 100 815933 2001514001 48171127 10081088
0b000601 0b00cd01 10003 100 8869 2013385258 36306754 10013424
0b000d01 0b00ca01 10001 100 44798 2002996251 46727962 10016436
0b000c01 0b00c701 10002 100 14684 2013491682 36259498 10013912
0b000201 0b00ce01 10005 100 32441 2011244528 38508504 10015402
0b000701 0b00c501 10001 100 61172 2000938366 48815319 10017811
0b000101 0b00cd01 10000 100 3289767 2002430893 47324805 10288494
0b000a01 0b00c901 10002 100 7558 2011789144 37969943 10013315
0b000801 0b00c301 10005 100 8703 2012028499 37736525 10013410
0b000801 0b00c201 10000 100 69101 2001621639 48149936 10018476
0b000c01 0b00cc01 10006 100 28653 2012390212 37384179 10015083
0b000901 0b00ce01 10000 100 33973 2001757474 48050904 10015528
0b000701 0b00c101 10001 100 21376 2003766273 46074199 10014474
0b000401 0b00cd01 10009 100 6050 2010289370 39591417 10013190
0b000001 0b00c601 10002 100 4601 2012220236 37665865 10013067
0b000c01 0b00c901 10000 100 8308 2001500559 48419063 10013379
0b000501 0b00ce01 10002 100 49540 2003918112 46045636 10016835
0b000501 0b00ce01 10001 100 78224 2001726241 48262309 10019241
0b000301 0b00c101 10009 100 35119 2011332378 38675361 10015627
0b000201 0b00ca01 10000 100 14271 2001355999 48699582 10013879
0b000501 0b00c001 10007 100 25521 2004029902 46055802 10014821
0b000501 0b00ca01 10001 100 4631 2001291783 48825850 10013069
0b000f01 0b00cb01 10001 100 21422 2001555116 48573843 10014478
0b000501 0b00c901 10000 100 713425 2001245685 48928843 10072495
0b000101 0b00cc01 10002 100 5860 2003569736 46612083 10013171
0b000201 0b00ce01 10000 100 4478 2001561691 48648412 10013057
0b000c01 0b00ce01 10002 100 69413 2010153841 40079778 10018501
0b000301 0b00c401 10003 100 40503 2011837351 38398710 10016077
0b000001 0b00c401 10004 100 23528 2012144789 38099810 10014654
0b000c01 0b00c401 10007 100 58570 2013746487 36517176 10017592
0b000901 0b00c201 10000 100 9582 2002756091 47628209 10013484
0b000e01 0b00c501 10003 100 126181 2002756967 47701982 10023262
0b000c01 0b00c501 10002 100 683 2003778204 46687341 10012738
0b000a01 0b00cf01 10000 100 72291 2001721748 48749071 10018743
0b000d01 0b00cd01 10000 100 31278 2003678803 46801337 10015305
0b000a01 0b00c001 10005 100 44367 2011985689 38496656 10016402
0b000501 0b00cf01 10000 100 52529 2004121565 46399714 10017085
0b000f01 0b00c701 10001 100 1280 2004117871 46409508 10012790
0b000701 0b00c301 10001 100 68748 2003762118 46792157 10018444
0b000501 0b00ce01 10003 100 34182 2009008006 41553550 10015548
0b000801 0b00ca01 10000 100 30617 2003278878 47285758 10015248
0b000901 0b00c901 10001 100 116949 2002779242 47830404 10022485
0b000a01 0b00cc01 10006 100 11265 2012805077 37862777 10013627
0b000b01 0b00c701 10000 100 7296 2002210091 48472233 10013294
0b000101 0b00cb01 10004 100 50081 2012369291 38330782 10016882
0b000201 0b00cb01 10002 100 9602 2003827439 46921630 10013486
0b000e01 0b00c801 10002 100 48660 2001490409 49278872 10016760
0b000a01 0b00c201 10002 100 1181202 2001983027 48814852 10111715
0b000601 0b00c601 10002 100 8510 2004455988 46367326 10013395
0b000001 0b00cc01 10002 100 519954 2005109453 45715622 10056273
0b000001 0b00c201 10001 100 46122 2011923622 38941054 10016550
0b000101 0b00cc01 10000 100 4720 2001790123 49109331 10013076
0b000701 0b00c001 10007 100 68685 2013542009 37359850 10018439
0b000d01 0b00c801 10009 100 23004 2014121556 36817163 10014612
0b000801 0b00cd01 10002 100 9575 2003615878 47334249 10013484
0b000801 0b00ce01 10005 100 47355 2012511947 38488970 10016652
0b000801 0b00c601 10000 100 4388 2002614837 48414512 10013050
0b000a01 0b00c001 10002 100 28888 2003601591 47446600 10015102
0b000801 0b00cd01 10001 100 70812 2002612710 48477172 10018617
0b000a01 0b00cb01 10007 100 10985 2013092682 38086763 10013601
0b000c01 0b00cb01 10001 100 21940 2004438212 46760002 10014519
0b000a01 0b00c001 10001 100 12466 2002889865 48375727 10013727
0b000801 0b00c901 10000 100 3280 2003022037 48263181 10012957
0b000401 0b00c201 10004 100 2850 2011522289 39766367 10012919
0b000c01 0b00ce01 10004 100 25683 2011148991 40173170 10014834
0b000a01 0b00c801 10000 100 42503 2002849401 48510574 10016245
0b000e01 0b00c701 10001 100 5217 2004793921 46575623 10013120
0b000601 0b00ce01 10000 100 3999 2005274860 46153914 10013015
0b000f01 0b00c801 10005 100 356 2005153114 46301569 10012712
0b000601 0b00c701 10003 100 68422 2004341563 47123921 10018418
0b000a01 0b00ce01 10005 100 52027 2012451094 39014740 10017045
0b000901 0b00c701 10001 100 29325 2002173761 49306236 10015141
0b000901 0b00ca01 10007 100 4367 2013798546 37684799 10013048
0b000501 0b00c901 10001 100 9306 2005302550 46182352 10013462
0b000c01 0b00c601 10001 100 16192 2004756234 46748545 10014040
0b000d01 0b00cb01 10002 100 5430 2005209933 46298598 10013137
0b000201 0b00c001 10000 100 304241 2001628414 49881144 10038190
0b000d01 0b00cf01 10002 100 184829 2003788682 47731443 10028176
0b000301 0b00cd01 10004 100 41934 2012581146 38951699 10016196
0b000f01 0b00c401 10001 100 8668 2002822008 48714796 10013408
0b000b01 0b00ca01 10002 100 1180643 2001547593 49997064 10111666
0b000a01 0b00c201 10007 100 77946 2012043697 39520975 10019215
0b000301 0b00cb01 10003 100 30272 2002867612 48698170 10015220
0b000a01 0b00ca01 10000 100 16167 2003835326 47783377 10014038
0b000001 0b00c901 10004 100 56973 2012900276 38725009 10017456
0b000301 0b00cb01 10006 100 4667 2004714678 46934296 10013072
0b000e01 0b00c001 10006 100 48512 2012969814 38683920 10016749
0b000201 0b00cc01 10004 100 8115 2004696932 46960653 10013363
0b000301 0b00c401 10000 100 78677 2001955424 49735230 10019277
0b000001 0b00c901 10005 100 12661 2013988577 37724801 10013742
0b000201 0b00c901 10004 100 79762 2012324981 39391481 10019368
0b000901 0b00c401 10004 100 5647 2013884685 37876644 10013154
0b000001 0b00c001 10003 100 125525 2002142876 49640689 10023205
0b000101 0b00c101 10000 100 5044 2002418089 49390181 10013106
0b000f01 0b00ca01 10003 100 26452 2011694342 40124954 10014899
0b000001 0b00c501 10000 100 75522 2003597136 48225608 10019013
0b000a01 0b00c701 10002 100 7322 2004249959 47575264 10013296
0b000d01 0b00cf01 10003 100 46097 2011860432 39969557 10016548
0b000c01 0b00cd01 10002 100 50369 2004651528 47183712 10016905
0b000901 0b00cc01 10000 100 24239 2004439091 47420116 10014715
0b000301 0b00c601 10002 100 338374 2007528826 44353371 10041051
0b000801 0b00c801 10004 100 3865 2003602345 48324050 10013004
0b000e01 0b00c201 10000 100 76834 2004171412 47773836 10019122
0b000801 0b00c501 10001 100 935 2004647289 47322347 10012758
0b000601 0b00ce01 10001 100 66069 2010758236 41212659 10018222
0b000901 0b00c901 10008 100 35974 2013723338 38255260 10015696
0b000601 0b00ca01 10004 100 21162 2015132906 36883468 10014457
0b000001 0b00ca01 10000 100 30536 2002625652 49411222 10015241
0b000b01 0b00c001 10004 100 45057 2003393356 48647381 10016461
0b000d01 0b00c801 10003 100 6971 2005565536 46488636 10013264
0b000701 0b00ca01 10000 100 328 2002492716 49567633 10012710
0b000701 0b00ce01 10004 100 26716 2015474576 36610285 10014920
0b000d01 0b00c901 10001 100 642 2005949388 46160343 10012735
0b000901 0b00c001 10002 100 364379 2002689388 49444315 10043231
0b000401 0b00c301 10003 100 14717 2006027498 46108961 10013914
0b000701 0b00c901 10007 100 71008 2014656728 37508561 10018637
0b000401 0b00cc01 10003 100 28085 2014133637 38040063 10015038
0b000f01 0b00cd01 10000 100 42864 2005708982 46474770 10016274
0b000301 0b00ca01 10007 100 2189 2014047042 38137841 10012866
0b000101 0b00cf01 10000 100 5992 2003210940 49038892 10013182
0b000d01 0b00ce01 10001 100 65618 2005910211 46361310 10018182
0b000c01 0b00c501 10004 100 4464 2005997085 46276019 10013056
0b000201 0b00cc01 10002 100 19086 2003182761 49115916 10014283
0b000301 0b00cc01 10001 100 143402 2002375466 49930383 10024705
0b000801 0b00c301 10007 100 4781 2014310001 38005846 10013081
0b000801 0b00c401 10000 100 352124 2002764038 49553631 10042205
0b000a01 0b00ca01 10002 100 72886 2013095979 39261129 10018791
0b000d01 0b00c601 10002 100 150446 2002935606 49428440 10025295
0b000a01 0b00ce01 10000 100 251352 2002868873 49497555 10033755
0b000201 0b00c201 10005 100 41469 2013656944 38710060 10016158
0b000201 0b00cd01 10000 100 7878598 2000560682 51827537 10673223
0b000101 0b00c901 10001 100 21068 2003596146 48904826 10014449
0b000101 0b00ca01 10001 100 34370 2003564364 48945557 10015564
0b000301 0b00c201 10009 100 34113 2013702063 38835427 10015543
0b000d01 0b00c801 10002 100 11909 2003663259 48929684 10013678
0b000e01 0b00c401 10003 100 1429 2016407341 36190634 10012802
0b000e01 0b00ca01 10006 100 153710 2008321962 44318427 10025568
0b000c01 0b00ca01 10000 100 3464 2006498297 46155955 10012972
0b000401 0b00c201 10001 100 7784 2006529263 46174021 10013333
0b000401 0b00c201 10007 100 29437 2015571185 37158979 10015150
0b000401 0b00cc01 10001 100 19536 2006441263 46292085 10014319
0b000901 0b00cd01 10001 100 112 2005265996 47478459 10012692
0b000201 0b00cb01 10003 100 76437 2005528706 47234387 10019090
0b000a01 0b00c101 10001 100 73930 2003985173 48808861 10018878
0b000801 0b00c801 10003 100 553687 2002749061 50052226 10059102
0b000b01 0b00c701 10001 100 11778 2005408693 47425978 10013668
0b000f01 0b00cb01 10002 100 1206297 2003483307 49363680 10113818
0b000901 0b00c401 10002 100 23721 2005637603 47296626 10014669
0b000c01 0b00cf01 10007 100 6924 2012692393 40249592 10013260
0b000101 0b00c601 10001 100 24759 2004092846 48885430 10014756
0b000b01 0b00c201 10002 100 58846 2014244543 38742962 10017614
0b000201 0b00c601 10001 100 172772 2003456890 49571665 10027166
0b000b01 0b00c001 10005 100 44988 2004585238 48491167 10016451
0b000901 0b00cd01 10000 100 71608 2004572634 48536743 10018685
0b000b01 0b00c501 10002 100 61955 2004553043 48585495 10017874
0b000101 0b00c301 10007 100 8582 2014950417 38274130 10013401
0b000a01 0b00c901 10005 100 75909 2013834255 39394653 10019044
0b000401 0b00c901 10007 100 56917 2015790754 37481132 10017452
0b000601 0b00c201 10004 100 7286 2017061302 36256335 10013293
0b000501 0b00cf01 10001 100 50410 2005246749 48098008 10016908
0b000301 0b00c501 10002 100 64453 2003352527 50015387 10018085
0b000101 0b00c001 10001 100 23538 2006234662 47147925 10014655
0b000501 0b00c001 10006 100 5585 2003748477 49701626 10013149
0b000901 0b00c701 10003 100 285 2005428052 48034110 10012706
0b000501 0b00c001 10005 100 9029 2003447245 50025364 10013440
0b000201 0b00cf01 10001 100 35210 2004640116 48851555 10015635
0b000501 0b00c001 10003 100 20749 2003036658 50461384 10014420
0b000a01 0b00c401 10001 100 9523 2006175786 47380195 10013480
0b000501 0b00cd01 10004 100 62926 2002548699 51011615 10017956
0b000c01 0b00c201 10001 100 43405 2007447475 46132475 10016321
0b000801 0b00c101 10007 100 24771 2015294642 38378299 10014757
0b000901 0b00c701 10004 100 485 2006530248 47194454 10012722
0b000a01 0b00cf01 10001 100 34836 2005317923 48416807 10015601
0b000701 0b00c401 10001 100 64852 2006949651 46789427 10018117
0b000101 0b00cf01 10002 100 10577 2005109823 48632113 10013568
0b000501 0b00ca01 10004 100 1426 2017236977 36521325 10012801
0b000701 0b00cd01 10001 100 68473 2003590947 50174471 10018422
0b000001 0b00c401 10001 100 26178 2004866278 48923624 10014877
0b000701 0b00ca01 10002 100 26112 2007711947 46142804 10014872
0b000b01 0b00cc01 10004 100 25818 2005592915 48269460 10014845
0b000901 0b00c901 10009 100 50329 2015106927 38756404 10016902
0b000d01 0b00cc01 10000 100 75257 2006363751 47534212 10018992
0b000501 0b00cf01 10003 100 4933 2014174802 39749895 10013093
0b000501 0b00c801 10001 100 29176 2007593106 46337350 10015129
0b000501 0b00cc01 10001 100 86050 2006498602 47437991 10019898
0b000501 0b00c301 10004 100 6766 2014002194 39947583 10013248
0b000e01 0b00c301 10003 100 23719 2007368534 46582453 10014669
0b000801 0b00c401 10002 100 126611 2012934806 41070411 10023296
0b000201 0b00c801 10001 100 48826 2006609441 47403449 10016774
0b000801 0b00c301 10001 100 71170 2006137911 47879830 10018650
0b000301 0b00c401 10004 100 5005 2015713067 38314651 10013103
0b000001 0b00c901 10003 100 2465 2006953894 47083438 10012888
0b000f01 0b00cc01 10004 100 27976 2007702619 46341197 10015025
0b000101 0b00c801 10002 100 6797 2005574315 48476513 10013250
0b000301 0b00c501 10004 100 9505 2006655274 47405160 10013478
0b000001 0b00c001 10007 100 34172 2005081689 48979492 10015548
0b000c01 0b00c901 10003 100 4881 2007981378 46080062 10013089
0b000801 0b00c101 10003 100 15881 2005840759 48225892 10014011
0b000a01 0b00c501 10003 100 7343 2005923475 48181372 10013298
0b000a01 0b00c201 10000 100 8910541 2000160167 53994744 10759741
0b000001 0b00ce01 10000 100 4597 2005673486 48487659 10013066
0b000d01 0b00cb01 10003 100 56886 2007840102 46350317 10017449
0b000c01 0b00c001 10003 100 22276 2017769313 36428239 10014550
0b000801 0b00c901 10004 100 18923 2015894294 38331964 10014266
0b000201 0b00c101 10000 100 47541 2000184770 54042559 10016667
0b000901 0b00ca01 10001 100 6773 2007016319 47213740 10013248
0b000301 0b00ca01 10009 100 35837 2015814188 38424775 10015685
0b000f01 0b00c301 10004 100 40255 2007573049 46692884 10016057
0b000a01 0b00c401 10004 100 51645 2015245462 39021497 10017011
0b000e01 0b00cf01 10000 100 1830242 2000042781 54274768 10166130
0b000901 0b00c501 10001 100 46246 2006899950 47443099 10016560
0b000601 0b00cd01 10005 100 52809 2016458351 37927307 10017108
0b000f01 0b00c301 10003 100 47492 2004915304 49489027 10016663
0b000101 0b00c701 10002 100 12928 2005912583 48501959 10013764
0b000101 0b00cb01 10007 100 77151 2014617461 39814915 10019151
0b000501 0b00cd01 10010 100 12957 2018169743 36276572 10013766
0b000701 0b00c501 10000 100 28844 2000267689 54194284 10015098
0b000501 0b00c401 10003 100 60548 2017753782 36739296 10017758
0b000801 0b00cb01 10000 100 16796 2000282491 54221124 10014088
0b000e01 0b00cd01 10001 100 30724 2004842565 49674086 10015256
0b000c01 0b00cf01 10001 100 50906 2007791656 46743846 10016948
0b000e01 0b00c801 10008 100 76535 2011670877 42865931 10019098
0b000701 0b00c901 10001 100 147278 2000270458 54271142 10025030
0b000b01 0b00c401 10002 100 920732 2004470593 50072696 10089875
0b000501 0b00c601 10000 100 1106307 2002893173 51666779 10105435
0b000e01 0b00c601 10003 100 18881 2005040987 49548758 10014263
0b000101 0b00c901 10004 100 22286 2016495857 38130396 10014551
0b000c01 0b00c401 10002 100 59313 2004620967 50011454 10017655
0b000601 0b00cf01 10004 100 7023 2008571073 46081636 10013272
0b000201 0b00c101 10002 100 64282 2005864587 48797763 10018072
0b000901 0b00c701 10010 100 37958 2016043794 38618819 10015862
0b000e01 0b00cd01 10002 100 7866 2008564521 46100006 10013340
0b000901 0b00c601 10002 100 45847 2007255768 47412378 10016524
0b000b01 0b00c401 10003 100 45785 2006372589 48300085 10016519
0b000b01 0b00c301 10000 100 3279 2007419162 47261470 10012957
0b000201 0b00c701 10002 100 14742 2006371913 48327344 10013916
0b000e01 0b00c001 10007 100 75421 2015167053 39535502 10019005
0b000601 0b00c801 10005 100 26591 2017514319 37251311 10014910
0b000e01 0b00ca01 10014 100 23091 2014017518 40754608 10014619
0b000301 0b00c201 10005 100 13647 2006265997 48514717 10013825
0b000101 0b00cc01 10005 100 76202 2005789856 49018364 10019071
0b000801 0b00c701 10005 100 20417 2006641302 48181401 10014394
0b000001 0b00ce01 10003 100 25038 2007107130 47729194 10014782
0b000301 0b00c601 10001 100 53398 2006830305 48007663 10017159
0b000801 0b00c501 10002 100 3521 2006881640 48024510 10012977
0b000601 0b00cf01 10002 100 22279 2005310709 49632482 10014550
0b000101 0b00c401 10000 100 135350 2000390197 54582067 10024030
0b000f01 0b00ca01 10000 100 5146 2008741194 46241048 10013114
0b000d01 0b00ca01 10000 100 1244672 2002697876 52287690 10117034
0b000101 0b00c401 10003 100 26461 2006779179 48207917 10014900
0b000f01 0b00c201 10003 100 15582 2008550454 46438216 10013988
0b000801 0b00c301 10002 100 66786 2006396996 48606608 10018280
0b000701 0b00c801 10003 100 7505 2008850954 46153482 10013311
0b000301 0b00c501 10003 100 66844 2005260146 49744631 10018284
0b000301 0b00c901 10001 100 63052 2005384149 49622527 10017969
0b000401 0b00c801 10002 100 688875 2001756526 53259221 10070435
0b000f01 0b00cd01 10003 100 33900 2008503865 46548126 10015522
0b000f01 0b00c101 10003 100 23805 2008915247 46155818 10014676
0b000b01 0b00c101 10000 100 805349 2001478126 53604455 10080202
0b000901 0b00c401 10005 100 175700 2013997919 41097530 10027411
0b000f01 0b00c701 10000 100 28889 2000457788 54640751 10015102
0b000601 0b00ca01 10003 100 68649 2007341572 47760294 10018436
0b000d01 0b00c801 10006 100 43043 2008603742 46505911 10016292
0b000701 0b00cf01 10002 100 108316 2007559398 47587858 10021763
0b000501 0b00cd01 10009 100 558 2015670055 39477544 10012728
0b000701 0b00cc01 10003 100 2263 2009192474 45985861 10012872
0b000901 0b00cf01 10002 100 82995 2007473565 47719436 10019638
0b000b01 0b00c601 10000 100 3668 2000474414 54719807 10012988
0b000401 0b00ce01 10001 100 4528 2009132519 46061885 10013061
0b000701 0b00c301 10002 100 78855 2008539101 46665316 10019291
0b000101 0b00c301 10010 100 8620 2017633024 37596772 10013404
0b000601 0b00c601 10009 100 56177 2013927267 41327339 10017393
0b000201 0b00c401 10001 100 272324 2005722832 49591468 10035514
0b000b01 0b00c101 10002 100 674467 2007079758 48241881 10069229
0b000201 0b00c001 10004 100 11605 2017707291 37644746 10013654
0b000901 0b00c301 10000 100 52860 2000514009 54838862 10017112
0b000901 0b00c501 10000 100 824835 2004729960 50628373 10081834
0b000001 0b00ce01 10007 100 45859 2016422459 38945540 10016525
0b000901 0b00cd01 10005 100 25305 2017226667 38200421 10014804
0b000601 0b00c501 10005 100 4900 2015920288 39511627 10013091
0b000901 0b00c301 10002 100 64721 2007759017 47690695 10018107
0b000101 0b00c801 10003 100 26511 2007284736 48173119 10014904
0b000e01 0b00c101 10002 100 8293 2006024367 49447249 10013378
0b000801 0b00ce01 10002 100 9364 2007314607 48157505 10013467
0b000401 0b00cd01 10005 100 6678 2005862742 49642065 10013241
0b000a01 0b00cb01 10005 100 1353 2007403263 48104167 10012795
0b000901 0b00c701 10006 100 576 2008231605 47282657 10012729
0b000a01 0b00c401 10005 100 39098 2016590717 38933273 10015961
0b000901 0b00ca01 10002 100 586048 2009946262 45586331 10061817
0b000701 0b00c101 10005 100 27512 2018421242 37134723 10014988
0b000b01 0b00cd01 10001 100 23863 2007929004 47640158 10014681
0b000701 0b00ce01 10002 100 131807 2008386589 47194344 10023731
0b000601 0b00c101 10005 100 27115 2018505724 37079110 10014956
0b000401 0b00ce01 10000 100 2256 2005982942 49614314 10012872
0b000a01 0b00c801 10003 100 39488 2007028145 48588544 10015992
0b000801 0b00c001 10005 100 6664 2017950288 37668915 10013240
0b000b01 0b00ca01 10009 100 225917 2014179971 41461521 10031621
0b000501 0b00c001 10000 100 35740 2000628888 55061043 10015677
0b000401 0b00c501 10001 100 4863 2000633495 55063726 10013088
0b000401 0b00ca01 10004 100 8239 2015684659 40013098 10013373
0b000401 0b00cd01 10004 100 40324 2005578271 50134000 10016063
0b000f01 0b00c401 10002 100 121855 2005381932 50352359 10022896
0b000201 0b00ca01 10005 100 23692 2017209182 38543120 10014667
0b000e01 0b00c201 10007 100 16175 2015704717 40069493 10014039
0b000201 0b00ce01 10003 100 2980 2008259073 47558899 10012929
0b000e01 0b00c801 10000 100 30282 2000695223 55146498 10015221
0b000201 0b00cc01 10005 100 22609 2007827767 48027983 10014577
0b000001 0b00c501 10002 100 25532 2007727877 48130603 10014822
0b000d01 0b00c001 10004 100 216210 2005036307 50828084 10030810
0b000a01 0b00ce01 10006 100 54137 2016848766 39037608 10017222
0b000101 0b00c101 10001 100 56759 2007825669 48090418 10017439
0b000e01 0b00c301 10009 100 3103 2019693560 36241383 10012943
0b000001 0b00c401 10002 100 222106 2012007887 43937368 10031304
0b000801 0b00c701 10006 100 20470 2007744454 48268668 10014398
0b000401 0b00c501 10004 100 4642 2006536466 49501815 10013070
0b000a01 0b00c601 10001 100 245396 2005316337 50734547 10033256
0b000901 0b00ca01 10009 100 31812 2017805817 38272587 10015347
0b000901 0b00c601 10003 100 8105 2008543420 47540578 10013362
0b000e01 0b00c001 10004 100 221113 2010661263 45488629 10031221
0b000e01 0b00c201 10009 100 28933 2019028505 37138321 10015106
0b000801 0b00ca01 10007 100 18229 2017646195 38521156 10014211
0b000201 0b00c101 10004 100 5618 2008484288 47697761 10013152
0b000201 0b00c401 10002 100 3597 2008438139 47750869 10012983
0b000601 0b00c401 10007 100 35211 2009557768 46635124 10015635
0b000d01 0b00c301 10001 100 145606 2014093458 42113455 10024889
0b000b01 0b00c301 10001 100 5159 2008684226 47530605 10013115
0b000c01 0b00ca01 10002 100 30423 2008764494 47457239 10015232
0b000401 0b00c101 10003 100 19868 2009906528 46326244 10014346
0b000201 0b00c101 10003 100 39313 2008173164 48061518 10015978
0b000601 0b00c901 10002 100 62934 2009353125 46904518 10017956
0b000a01 0b00ce01 10004 100 8061 2008845974 47459859 10013359
0b000d01 0b00c701 10002 100 6743 2010267178 46041648 10013246
0b000d01 0b00c501 10003 100 129199 2005573356 50809789 10023515
0b000601 0b00ce01 10005 100 72733 2015167679 41248347 10018778
0b000101 0b00ca01 10002 100 1629 2008766021 47663388 10012818
0b000f01 0b00cc01 10003 100 453710 2005409359 51033193 10050720
0b000b01 0b00ca01 10005 100 21499 2008217573 48278991 10014484
0b000f01 0b00cb01 10003 100 1091433 2003842892 52678932 10104187
0b000401 0b00c601 10001 100 5292 2010572527 46014900 10013126
0b000e01 0b00c801 10001 100 39061 2000739578 55883714 10015958
0b000701 0b00ca01 10009 100 30825 2019979644 36667882 10015265
0b000c01 0b00c501 10005 100 28610 2010433626 46225371 10015080
0b000c01 0b00cf01 10000 100 136864 2005642936 51024058 10024155
0b000401 0b00c401 10003 100 43478 2018544466 38166394 10016327
0b000801 0b00c201 10005 100 9031 2018513142 38325322 10013440
0b000901 0b00ce01 10003 100 35971 2018645390 38205161 10015695
0b000901 0b00c301 10007 100 237469 2014445032 42418838 10032591
0b000a01 0b00ce01 10007 100 5984 2018673614 38197934 10013181
0b000501 0b00cd01 10005 100 11987 2010569658 46318422 10013685
0b000501 0b00c801 10002 100 13338 2009865335 47026278 10013800
0b000501 0b00cb01 10004 100 14363 2010052076 46848663 10013886
0b000801 0b00c101 10010 100 69029 2017519451 39382044 10018471
0b000e01 0b00c501 10000 100 1995 2001047219 55863980 10012847
0b000b01 0b00c901 10007 100 189610 2016076229 40859718 10028578
0b000501 0b00c101 10005 100 22647 2010679796 46262700 10014580
0b000501 0b00c101 10002 100 23640 2009150464 47792469 10014663
0b000501 0b00cb01 10002 100 7759 2005868728 51090772 10013331
0b000d01 0b00ce01 10002 100 28790 2006785407 50181307 10015094
0b000501 0b00c601 10002 100 47020 2008703066 48308743 10016625
0b000501 0b00c701 10004 100 28424 2005942866 51099422 10015065
0b000c01 0b00c201 10006 100 33007 2020032650 37017783 10015451
0b000c01 0b00cd01 10005 100 16654 2010888351 46173330 10014077
0b000201 0b00cd01 10002 100 61206 2001015590 56070425 10017814
0b000201 0b00cb01 10000 100 52779 2001150081 55961539 10017105
0b000e01 0b00c701 10000 100 182639 2001125867 56046382 10027993
0b000b01 0b00c101 10003 100 38579 2009049507 48123332 10015916
0b000e01 0b00ce01 10000 100 24871 2001325715 55847394 10014765
0b000e01 0b00ca01 10013 100 168127 2012899180 44303914 10026779
0b000f01 0b00c801 10006 100 75290 2006633996 50594836 10018995
0b000801 0b00c301 10004 100 9921 2009680417 47551973 10013512
0b000001 0b00c301 10000 100 16683 2001336548 55918648 10014079
0b000a01 0b00c901 10009 100 1004 2019866422 37409726 10012768
0b000c01 0b00c901 10007 100 72799 2016132572 41147545 10018784
0b000601 0b00c601 10012 100 10227 2021082387 36244259 10013540
0b000701 0b00c901 10003 100 4376 2001310938 56019335 10013049
0b000501 0b00cd01 10006 100 58506 2010608028 46729178 10017587
0b000101 0b00c301 10004 100 63932 2009391857 47954369 10018040
0b000b01 0b00c001 10007 100 56745 2018226316 39120476 10017438
0b000c01 0b00c901 10001 100 25079 2001573494 55775840 10014786
0b000c01 0b00cc01 10004 100 63056 2010776831 46581467 10017970
0b000d01 0b00cd01 10004 100 15924 2007800589 49568095 10014015
0b000f01 0b00c301 10006 100 56480 2010181263 47191257 10017417
0b000301 0b00c901 10004 100 1753 2009537256 47841165 10012827
0b000801 0b00c001 10001 100 1790339 2000421595 56960924 10162784
0b000401 0b00c801 10001 100 3539 2001529850 55871256 10012978
0b000101 0b00c101 10002 100 48926 2008981465 48421471 10016782
0b000601 0b00c801 10002 100 200803 2007551576 49872713 10029516
0b000101 0b00c801 10004 100 65475 2008967060 48479333 10018171
0b000501 0b00c001 10014 100 2242 2011398078 46051817 10012870
0b000f01 0b00c001 10000 100 22521 2001707274 55777899 10014570
0b000301 0b00cc01 10004 100 666 2019469158 38025556 10012737
0b000501 0b00c901 10002 100 71268 2006374694 51158908 10018657
0b000501 0b00c001 10008 100 73846 2005438605 52099348 10018871
0b000501 0b00c701 10005 100 19137 2007656798 49890891 10014287
0b000801 0b00ce01 10003 100 127158 2008368576 49186593 10023344
0b000301 0b00c401 10001 100 22465 2009619267 47961638 10014565
0b000101 0b00cd01 10006 100 7093 2019978582 37608451 10013278
0b000d01 0b00c701 10000 100 63346 2000864529 56755333 10017993
0b000a01 0b00cc01 10000 100 58524 2009315285 48314116 10017588
0b000c01 0b00cd01 10006 100 7200 2011416055 46274353 10013286
0b000c01 0b00ce01 10005 100 7620 2011526987 46171048 10013320
0b000901 0b00c701 10002 100 2399458 2002965952 54882820 10213852
0b000901 0b00c601 10000 100 24344 2001283626 56602241 10014723
0b000b01 0b00ca01 10001 100 6594 2001294518 56607464 10013234
0b000b01 0b00ce01 10002 100 60249 2009007931 48901223 10017734
0b000f01 0b00c801 10000 100 3872 2002093535 55842692 10013005
0b000601 0b00c501 10003 100 61836 2010215182 47788235 10017864
0b000501 0b00cc01 10009 100 39352 2021403411 36608005 10015981
0b000001 0b00cc01 10001 100 472056 2003553562 54469509 10052260
0b000801 0b00cb01 10005 100 61840 2009613086 48425717 10017865
0b000801 0b00c501 10004 100 93768 2008673474 49374922 10020542
0b000401 0b00c501 10002 100 47827 2001687882 56376828 10016690
0b000a01 0b00c901 10007 100 38953 2018813092 39279764 10015946
0b000301 0b00cd01 10002 100 4767 2010568065 47537062 10013080
0b000f01 0b00cd01 10002 100 100197 2006955152 51153925 10021083
0b000501 0b00cc01 10010 100 32230 2021803885 36309931 10015385
0b000a01 0b00c001 10000 100 1428959 2001322757 56829888 10132484
0b000e01 0b00ce01 10004 100 52510 2007027011 51138634 10017084
0b000701 0b00c901 10004 100 4657 2002320746 55852498 10013071
0b000a01 0b00c801 10005 100 3858 2010227351 47953062 10013004
0b000b01 0b00cc01 10001 100 36187 2001479536 56731283 10015717
0b000c01 0b00c401 10009 100 74873 2017560462 40654587 10018957
0b000e01 0b00cb01 10001 100 52423 2007446448 50819407 10017077
0b000a01 0b00cc01 10002 100 18570 2010386447 47922493 10014238
0b000801 0b00cf01 10003 100 73506 2009302984 49047199 10018844
0b000f01 0b00c201 10001 100 52335 2007951359 50408153 10017070
0b000a01 0b00c601 10004 100 21961 2010189457 48219558 10014521
0b000701 0b00ca01 10003 100 43531 2008516220 49919933 10016331
0b000f01 0b00ca01 10004 100 21815 2011818587 46643536 10014509
0b000901 0b00cf01 10004 100 48020 2010452572 48033058 10016709
0b000f01 0b00c201 10006 100 5588 2018831433 39683249 10013150
0b000f01 0b00c801 10009 100 9233 2012318651 46210562 10013457
0b000e01 0b00c601 10005 100 13408 2008698057 49840421 10013806
0b000401 0b00c901 10003 100 28199 2010740955 47804840 10015047
0b000f01 0b00ce01 10003 100 122808 2010125799 48426343 10022976
0b000d01 0b00ce01 10004 100 569172 2009309889 49243458 10060402
0b000d01 0b00c101 10001 100 550356 2009479880 49110149 10058824
0b000a01 0b00c201 10006 100 22143 2010319367 48296602 10014539
0b000c01 0b00c201 10003 100 24458 2011295828 47327435 10014732
0b000801 0b00ca01 10004 100 16484 2010830424 47805287 10014064
0b000901 0b00c501 10005 100 68328 2010554495 48081696 10018411
0b000901 0b00cf01 10005 100 3704 2011081147 47556208 10012991
0b000a01 0b00c101 10000 100 14272 2001788343 56855051 10013879
0b000e01 0b00c101 10005 100 9638 2012503328 46148962 10013489
0b000001 0b00c801 10004 100 3945 2010685891 48005081 10013010
0b000201 0b00cf01 10003 100 20361 2010761827 47935631 10014389
0b000a01 0b00c401 10002 100 17350 2010967659 47756568 10014137
0b000e01 0b00c201 10010 100 64444 2019207403 39525147 10018085
0b000001 0b00c301 10002 100 27956 2010589369 48151189 10015024
0b000601 0b00c101 10002 100 28807 2008819083 49921645 10015095
0b000d01 0b00c601 10003 100 5242 2009136207 49625717 10013122
0b000701 0b00c201 10007 100 33004 2021445604 37326343 10015450
0b000001 0b00ce01 10004 100 67849 2009960995 48826224 10018369
0b000e01 0b00c201 10008 100 73567 2016013406 42855065 10018849
0b000f01 0b00c801 10011 100 55917 2018098685 40776672 10017368
0b000d01 0b00c701 10003 100 52111 2012341296 46537247 10017052
0b000701 0b00cd01 10004 100 79540 2011863556 47044201 10019350
0b000701 0b00c701 10002 100 9703 2012884192 46027795 10013494
0b000b01 0b00c001 10009 100 24257 2021031198 37908724 10014716
0b000a01 0b00c901 10008 100 76225 2019211278 39736537 10019073
0b000101 0b00ce01 10005 100 64731 2018725262 40224558 10018108
0b000401 0b00cb01 10002 100 26667 2012217927 46741983 10014917
0b000301 0b00c301 10010 100 46417 2019243259 39741763 10016573
0b000201 0b00c601 10012 100 59324 2018975692 40030687 10017656
0b000101 0b00ce01 10006 100 59583 2018901259 40116328 10017677
0b000001 0b00c601 10008 100 102 2020760582 38257393 10012692
0b000801 0b00c301 10010 100 28885 2020643878 38375461 10015102
0b000601 0b00c801 10007 100 8447 2022553150 36467484 10013390
0b000001 0b00c601 10007 100 15679 2020289716 38744682 10013995
0b000b01 0b00c001 10001 100 47702 2001212073 57826754 10016680
0b000801 0b00cd01 10012 100 27325 2020779355 38293140 10014973
0b000e01 0b00c301 10006 100 72806 2011099712 47984833 10018784
0b000401 0b00c901 10002 100 39349 2007951595 51166418 10015981
0b000f01 0b00c401 10004 100 32704 2012619985 46521231 10015423
0b000601 0b00cc01 10004 100 3228 2009562519 49612907 10012953
0b000101 0b00c201 10004 100 2 2011275906 47919702 10012684
0b000601 0b00c401 10004 100 330084 2004959928 54240083 10040357
0b000d01 0b00c601 10004 100 5381 2009572035 49628406 10013133
0b000001 0b00c801 10009 100 43086 2020254666 38953347 10016295
0b000e01 0b00c801 10006 100 9284 2009467734 49745699 10013461
0b000301 0b00ca01 10005 100 27700 2010818317 48421237 10015003
0b000d01 0b00c801 10007 100 4164 2009651078 49603625 10013032
0b000e01 0b00c801 10005 100 24252 2009228213 50048502 10014716
0b000901 0b00c301 10009 100 40407 2020770372 38506885 10016070
0b000001 0b00ca01 10003 100 35224 2010664690 48627106 10015636
0b000401 0b00c701 10004 100 67703 2007327488 51970115 10018357
0b000601 0b00c201 10006 100 74016 2019968025 39335032 10018889
0b000b01 0b00c601 10005 100 24511 2011226219 48082311 10014736
0b000e01 0b00c201 10004 100 375193 2006021758 53298930 10044139
0b000301 0b00cf01 10003 100 123134 2017928367 41425409 10023006
0b000e01 0b00ce01 10008 100 19347 2019242042 40148333 10014304
0b000001 0b00cb01 10000 100 35991 2001068334 58342894 10015697
0b000c01 0b00cd01 10007 100 323369 2011590736 47831599 10039793
0b000b01 0b00c601 10006 100 26860 2011326616 48101473 10014932
0b000801 0b00c001 10002 100 58643 2010595592 48836764 10017598
0b000f01 0b00cb01 10006 100 24300 2009755614 49711601 10014720
0b000f01 0b00cb01 10005 100 69807 2009250390 50224841 10018533
0b000801 0b00c401 10005 100 96960 2018957540 40538632 10020809
0b000901 0b00cb01 10003 100 4401 2011848609 47655295 10013051
0b000901 0b00cc01 10006 100 54881 2020606166 38900197 10017281
0b000701 0b00cf01 10003 100 6190 2009917803 49603457 10013202
0b000601 0b00ca01 10006 100 58303 2020888918 38652946 10017570
0b000c01 0b00c801 10005 100 11530 2010067231 49534825 10013648
0b000701 0b00c101 10000 100 16534 2003588310 56023171 10014068
0b000101 0b00c101 10003 100 72225 2011039499 48597618 10018738
0b000201 0b00cd01 10003 100 39426 2001188807 58450106 10015987
0b000c01 0b00c201 10002 100 36952 2009058077 50581855 10015778
0b000c01 0b00c201 10004 100 13963 2012416568 47243536 10013850
0b000901 0b00c701 10007 100 26420 2011864318 47804422 10014897
0b000b01 0b00c401 10005 100 79491 2010786576 48904840 10019346
0b000401 0b00c501 10003 100 536233 2004564232 55128042 10057640
0b000c01 0b00c801 10006 100 34504 2011425253 48268490 10015574
0b000c01 0b00cc01 10005 100 17580 2012105163 47592808 10014155
0b000a01 0b00c701 10007 100 28833 2021417573 38291023 10015098
0b000401 0b00c901 10004 100 23878 2013287029 46454208 10014682
0b000601 0b00c601 10008 100 10262 2013588325 46255127 10013543
0b000101 0b00c201 10005 100 62128 2011276617 48591756 10017892
0b000f01 0b00cc01 10006 100 20734 2013489605 46399442 10014419
0b000901 0b00cc01 10002 100 64579 2011681165 48210689 10018095
0b000901 0b00c501 10011 100 77802 2019699188 40201413 10019203
0b000901 0b00c801 10003 100 30537 2011848694 48214478 10015242
0b000101 0b00c501 10002 100 1074404 2001331432 58747686 10102760
0b000f01 0b00cb01 10007 100 6748 2010231237 49869336 10013246
0b000201 0b00c601 10007 100 54757 2011391020 48718811 10017271
0b000801 0b00cd01 10009 100 6753 2012194110 47991340 10013247
0b000501 0b00c501 10001 100 47891 2001333895 58882776 10016695
0b000801 0b00cc01 10006 100 144219 2018213445 42010332 10024774
0b000c01 0b00c901 10006 100 64437 2013623095 46611217 10018084
0b000701 0b00c201 10001 100 632626 2003222524 57012030 10065720
0b000c01 0b00c701 10003 100 54952 2013769702 46464905 10017287
0b000f01 0b00c901 10001 100 2786 2003444820 56802367 10012914
0b000b01 0b00cc01 10006 100 753554 2009119628 51140934 10075859
0b000701 0b00cf01 10000 100 772630 2000769188 59505656 10077458
0b000b01 0b00ce01 10003 100 6471 2012331972 47949013 10013224
0b000c01 0b00c501 10001 100 1456275 2001424180 58870298 10134776
0b000501 0b00c501 10003 100 1869 2014210954 46100328 10012837
0b000a01 0b00cf01 10002 100 404934 2007071573 53255372 10046629
0b000901 0b00c001 10004 100 8494 2012653139 47684992 10013394
0b000a01 0b00cc01 10005 100 14359 2012454230 47885514 10013886
0b000601 0b00c301 10005 100 12850 2010640174 49702096 10013757
0b000a01 0b00c701 10004 100 73029 2011086974 49318419 10018806
0b000f01 0b00c201 10002 100 179498 2008503682 51906314 10027731
0b000c01 0b00c401 10001 100 3273 2002495559 57915384 10012957
0b000101 0b00cc01 10013 100 50721 2020506260 39916659 10016933
0b000001 0b00c501 10004 100 20248 2012482311 47952897 10014380
0b000501 0b00ce01 10005 100 64723 2011902731 48556228 10018107
0b000501 0b00cd01 10001 100 71544 2001464866 59007672 10018680
0b000c01 0b00c801 10001 100 16093 2003808931 56682915 10014032
0b000501 0b00c101 10007 100 32877 2013158445 47347426 10015436
0b000001 0b00c601 10001 100 28839 2011814102 48760336 10015098
0b000b01 0b00cf01 10001 100 35926 2001753578 58825623 10015692
0b000b01 0b00c101 10001 100 97656 2001491258 59115722 10020868
0b000501 0b00c601 10003 100 43150 2009197230 51413700 10016300
0b000701 0b00c701 10001 100 99715 2009456306 51154802 10021041
0b000401 0b00ca01 10000 100 2750651 2000754967 59857067 10243295
0b000501 0b00c901 10004 100 38232 2012574905 48071413 10015888
0b000101 0b00cd01 10004 100 62976 2012153408 48503269 10017960
0b000201 0b00c601 10006 100 180607 2010153964 50515175 10027823
0b000401 0b00c701 10005 100 3736 2011101283 49609396 10012994
0b000801 0b00c801 10007 100 24028 2012470995 48266146 10014698
0b000c01 0b00c301 10002 100 2044 2014568530 46225289 10012855
0b000601 0b00cc01 10008 100 10131 2020777863 40028765 10013532
0b000a01 0b00c801 10009 100 186010 2017741249 43069377 10028278
0b000001 0b00c801 10005 100 75495 2011614768 49208002 10019011
0b000d01 0b00c001 10007 100 14126 2014092133 46769626 10013867
0b000101 0b00c201 10007 100 70744 2020894045 40015967 10018612
0b000201 0b00cd01 10010 100 8631 2012898009 48014331 10013405
0b000d01 0b00c201 10006 100 36613 2020415266 40572017 10015751
0b000201 0b00c801 10002 100 6904 2012978706 48026350 10013259
0b000c01 0b00c801 10007 100 249903 2015064708 45967234 10033632
0b000b01 0b00c001 10003 100 68896 2002219793 58826884 10018456
0b000f01 0b00cc01 10001 100 1925055 2002986087 58088720 10174080
0b000d01 0b00c501 10004 100 36014 2010872791 50250106 10015703
0b000901 0b00cd01 10006 100 49437 2021667073 39457377 10016826
0b000f01 0b00c101 10005 100 26991 2014696602 46460588 10014942
0b000a01 0b00c201 10010 100 38568 2022512685 38646101 10015915
0b000b01 0b00c701 10007 100 211714 2019192664 41981593 10030431
0b000401 0b00c501 10005 100 6036 2014807876 46385112 10013189
0b000b01 0b00c401 10001 100 10727 2002833615 58365983 10013580
0b000401 0b00c701 10006 100 2220 2014883440 46330591 10012869
0b000801 0b00ce01 10000 100 1433988 2002931266 58287371 10132905
0b000501 0b00c101 10004 100 111545 2009930844 51300560 10022033
0b000c01 0b00ca01 10004 100 1683 2011374235 49860912 10012822
0b000c01 0b00c001 10000 100 2371 2004532715 56722688 10012881
0b000501 0b00c701 10001 100 489449 2003274170 57986246 10053717
0b000d01 0b00c501 10002 100 17535 2004455043 56839453 10014151
0b000401 0b00c301 10012 100 4826 2021700093 39615003 10013085
0b000501 0b00cb01 10005 100 35569 2011602642 49730807 10015663
0b000a01 0b00c301 10000 100 70185 2002554588 58797147 10018567
0b000a01 0b00c301 10009 100 3987 2023894219 37462983 10013014
0b000201 0b00ce01 10007 100 513 2013901172 47478427 10012724
0b000201 0b00c601 10004 100 82053 2004105942 57275112 10019562
0b000e01 0b00c301 10010 100 21982 2020258595 41162545 10014523
0b000b01 0b00ca01 10012 100 48784 2022884458 38539958 10016770
0b000601 0b00c301 10003 100 38593 2004795123 56669692 10015917
0b000d01 0b00c501 10001 100 489525 2002405077 59060403 10053723
0b000d01 0b00cb01 10013 100 15924 2024658775 36807694 10014015
0b000501 0b00cc01 10013 100 37587 2023158777 38314052 10015832
0b000201 0b00cd01 10014 100 153849 2019148518 42358382 10025579
0b000901 0b00c401 10000 100 42807 2002690433 58838245 10016269
0b000b01 0b00cf01 10000 100 3215447 2000726865 60818834 10282265
0b000001 0b00c701 10008 100 67381 2012010072 49538922 10018331
0b000d01 0b00cd01 10002 100 8150 2005278163 56277428 10013366
0b000301 0b00c501 10009 100 31215 2013237589 48325176 10015300
0b000601 0b00c401 10008 100 7160 2011890669 49738291 10013283
0b000201 0b00c401 10000 100 21948 2004351520 57289249 10014520
0b000701 0b00cd01 10005 100 5368 2014966445 46674813 10013132
0b000701 0b00c801 10000 100 223323 2003033303 58626756 10031406
0b000101 0b00c501 10003 100 59813 2004601833 57062606 10017695
0b000701 0b00ca01 10006 100 9043 2011999315 49675485 10013441
0b000801 0b00c301 10011 100 51716 2021828586 39884966 10017016
0b000501 0b00c901 10007 100 14990 2015426892 46291293 10013936
0b000101 0b00c601 10006 100 33259 2013144768 48578921 10015471
0b000401 0b00c701 10001 100 3034167 2000662466 61087814 10267067
0b000901 0b00c401 10011 100 3313 2023487289 38272597 10012960
0b000101 0b00c401 10004 100 66122 2012994461 48789543 10018227
0b000a01 0b00c001 10007 100 162276 2018555505 43247005 10026288
0b000f01 0b00c801 10001 100 814963 2002398751 59405660 10081006
0b000101 0b00ca01 10004 100 26817 2013806116 48010879 10014929
0b000e01 0b00ca01 10007 100 61883 2009708827 52116654 10017868
0b000b01 0b00cc01 10000 100 7097449 2000404994 61427899 10607732
0b000201 0b00cf01 10005 100 27031 2013825837 48010523 10014950
0b000901 0b00c601 10004 100 117034 2012461395 49376772 10022495
0b000901 0b00c401 10001 100 1461 2004562061 57343875 10012804
0b000a01 0b00cc01 10007 100 45312 2013159871 48748966 10016481
0b000801 0b00c201 10004 100 4786 2014049775 47887439 10013082
0b000801 0b00c601 10005 100 25332 2022937832 39030345 10014806
0b000e01 0b00ca01 10010 100 48221 2010990245 50989436 10016725
0b000c01 0b00c201 10009 100 4869 2025475162 36526859 10013088
0b000701 0b00c701 10000 100 122 2002456598 59556799 10012693
0b000801 0b00cb01 10010 100 3946 2024603560 37420149 10013011
0b000901 0b00c301 10011 100 18 2023856583 38174987 10012685
0b000801 0b00c001 10007 100 33701 2022701086 39339613 10015506
0b000701 0b00c201 10004 100 53890 2014605475 47457103 10017198
0b000501 0b00cc01 10014 100 67883 2025066613 37030908 10018371
0b000201 0b00cc01 10008 100 60765 2013396547 48703767 10017775
0b000e01 0b00c101 10007 100 67963 2022122959 40014932 10018378
0b000f01 0b00c001 10007 100 61219 2023833322 38339031 10017815
0b000b01 0b00c201 10001 100 55058 2013575276 48609346 10017299
0b000e01 0b00cb01 10006 100 4393 2015979130 46209222 10013050
0b000201 0b00cb01 10001 100 64081 2003029785 59177772 10018056
0b000101 0b00c701 10000 100 2796256 2002940419 59294477 10247120
0b000601 0b00c001 10003 100 4668 2012623195 49626120 10013072
0b000701 0b00cb01 10004 100 43825 2006080607 56229567 10016354
0b000601 0b00ce01 10002 100 32896 2012342351 50008203 10015438
0b000b01 0b00c901 10001 100 44787 2004362743 58030856 10016435
0b000001 0b00cc01 10007 100 5817 2014315525 48090291 10013168
0b000f01 0b00c901 10006 100 47933 2011922093 50488097 10016698
0b000b01 0b00ca01 10004 100 9912 2004988910 57468399 10013511
0b000701 0b00c301 10004 100 57147 2012324786 50170779 10017474
0b000701 0b00c901 10009 100 31248 2025099777 37405627 10015302
0b000601 0b00c701 10006 100 56808 2015014819 47496651 10017443
0b000801 0b00c501 10005 100 26753 2013953431 48568409 10014923
0b000801 0b00c701 10003 100 1244 2004474940 58070361 10012787
0b000801 0b00cc01 10001 100 516430 2002727052 59838279 10055979
0b000a01 0b00c201 10014 100 42483 2023797499 38801178 10016243
0b000801 0b00cd01 10003 100 158807 2003658331 58952867 10025995
0b000801 0b00cf01 10001 100 414685 2003005216 59608548 10047448
0b000601 0b00c301 10007 100 74751 2011989199 50656914 10018948
0b000c01 0b00cd01 10014 100 739 2023207412 39464337 10012742
0b000a01 0b00c601 10000 100 5666 2005129932 57550052 10013156
0b000b01 0b00cb01 10007 100 2265 2024391078 38307326 10012872
0b000701 0b00cb01 10002 100 1664244 2001675513 61079216 10152213
0b000c01 0b00cc01 10007 100 2307 2012808317 49973779 10012876
0b000c01 0b00c701 10000 100 93633 2010782324 52001934 10020531
0b000601 0b00c001 10005 100 57951 2020283721 42505716 10017538
0b000601 0b00c601 10013 100 31273 2021748849 41069551 10015304
0b000001 0b00c601 10004 100 9255 2014491447 48330612 10013458
0b000701 0b00cc01 10005 100 79662 2015560455 47282875 10019360
0b000d01 0b00c701 10005 100 63150 2015727168 47136404 10017977
0b000101 0b00c601 10000 100 413249 2003631253 59262738 10047329
0b000c01 0b00cd01 10001 100 101756 2002308284 60617800 10021212
0b000a01 0b00c101 10003 100 161529 2011714962 51222886 10026224
0b000401 0b00c601 10003 100 53324 2011855549 51106096 10017153
0b000f01 0b00c001 10001 100 27622 2006876700 56097073 10014997
0b000401 0b00c301 10005 100 37015 2006977022 56042734 10015787
0b000601 0b00cf01 10008 100 22690 2022796698 40235723 10014583
0b000401 0b00c301 10013 100 4579 2023128515 39914448 10013065
0b000a01 0b00c201 10003 100 32405 2005285880 57757193 10015399
0b000b01 0b00cb01 10001 100 6589 2005607903 57435962 10013234
0b000101 0b00c501 10004 100 22062 2005785093 57260121 10014533
0b000b01 0b00cb01 10003 100 222259 2011403216 51665415 10031317
0b000601 0b00c401 10002 100 3363 2003410338 59689719 10012964
0b000d01 0b00c701 10004 100 25172 2013091826 50012446 10014793
0b000001 0b00cf01 10004 100 66727 2013330718 49793869 10018275
0b000c01 0b00cf01 10004 100 40289 2011382231 51750820 10016060
0b000701 0b00c901 10008 100 1216 2017003090 46138556 10012784
0b000901 0b00c201 10005 100 8653 2015229789 47915767 10013406
0b000401 0b00ce01 10009 100 17653 2025691428 37456443 10014161
0b000a01 0b00c601 10006 100 16442 2014991209 48166680 10014060
0b000a01 0b00c001 10003 100 27783 2005639925 57539445 10015010
0b000401 0b00c301 10007 100 72689 2012286730 50901022 10018775
0b000f01 0b00ce01 10000 100 40371 2003910440 59287560 10016067
0b000b01 0b00cd01 10002 100 9108 2015367052 47875650 10013447
0b000d01 0b00cf01 10008 100 8911 2023699131 39560570 10013427
0b000101 0b00c701 10003 100 26007 2005926101 57372409 10014864
0b000201 0b00c001 10005 100 7665 2024715926 38585538 10013323
0b000801 0b00cb01 10001 100 44489 2005611185 57721632 10016411
0b000101 0b00c001 10007 100 154380 2020052102 43291074 10025625
0b000901 0b00cb01 10004 100 409 2015747053 47600315 10012716
0b000101 0b00c501 10008 100 37672 2014870551 48478329 10015839
0b000001 0b00ce01 10006 100 24043 2015208761 48144283 10014699
0b000201 0b00c601 10014 100 13759 2025735735 37647021 10013834
0b000101 0b00c301 10002 100 29929 2006009709 57373686 10015189
0b000301 0b00c101 10004 100 68387 2004074759 59311386 10018415
0b000001 0b00c701 10013 100 66837 2023351336 40055508 10018284
0b000201 0b00c501 10008 100 45166 2023495848 39916087 10016469
0b000401 0b00c801 10007 100 23186 2022229744 41201012 10014627
0b000401 0b00cf01 10000 100 21348 2017321084 46112217 10014472
0b000e01 0b00c001 10002 100 13272 2003966569 59481657 10013795
0b000801 0b00cf01 10005 100 21106 2015197183 48283211 10014452
0b000501 0b00c401 10001 100 19591 2002902943 60594406 10014324
0b000c01 0b00cf01 10005 100 70879 2011663925 51846175 10018622
0b000301 0b00c101 10005 100 102754 2004138509 59371683 10021295
0b000601 0b00c001 10007 100 51149 2021986145 41538406 10016971
0b000f01 0b00cc01 10009 100 242281 2018668292 44859824 10032995
0b000f01 0b00c101 10006 100 5202 2017291814 46263447 10013119
0b000a01 0b00cb01 10006 100 541788 2011275948 52286412 10058104
0b000901 0b00c001 10005 100 77982 2014543583 49023513 10019218
0b000101 0b00c601 10007 100 43634 2015044474 48525983 10016339
0b000201 0b00cc01 10003 100 418725 2004271704 59305595 10047786
0b000c01 0b00cd01 10010 100 132580 2014175181 49404004 10023797
0b000301 0b00c901 10007 100 24207 2024411726 39199975 10014712
0b000901 0b00c201 10009 100 27777 2024533023 39086960 10015009
0b000201 0b00c401 10005 100 184499 2020250487 43393534 10028150
0b000c01 0b00cb01 10005 100 51109 2016256714 47438441 10016968
0b000f01 0b00c001 10002 100 442956 2007076875 56619108 10049817
0b000101 0b00ce01 10003 100 101858 2013984488 49719561 10021220
0b000201 0b00c601 10010 100 38912 2015290070 48414138 10015942
0b000c01 0b00c601 10007 100 19892 2025805776 37923538 10014348
0b000f01 0b00c301 10007 100 74570 2013111336 50624545 10018933
0b000401 0b00c601 10009 100 24924 2023302001 40448700 10014769
0b000101 0b00c901 10007 100 45658 2024618800 39132825 10016509
0b000301 0b00c201 10004 100 25137 2005100614 58657576 10014790
0b000801 0b00c601 10001 100 28635 2006377833 57396759 10015082
0b000401 0b00c901 10012 100 49541 2025284635 38492555 10016835
0b000501 0b00cc01 10005 100 3178 2017462382 46319393 10012949
0b000401 0b00c201 10002 100 5814 2007392798 56415066 10013168
0b000201 0b00c301 10001 100 54097 2015076555 48733406 10017218
0b000901 0b00cd01 10002 100 2446 2005906361 57939403 10012887
0b000301 0b00c201 10003 100 46946 2005044498 58803383 10016616
0b000801 0b00c701 10012 100 56700 2023667845 40182486 10017434
0b000001 0b00c901 10012 100 7011 2026300589 37564102 10013271
0b000a01 0b00c301 10011 100 9055 2026447298 37449860 10013442
0b000c01 0b00c001 10002 100 87247 2012466266 51440014 10019997
0b000101 0b00c801 10007 100 42455 2014724939 49186388 10016241
0b000501 0b00c801 10003 100 9093 2012167180 51753222 10013445
0b000501 0b00c101 10000 100 9646 2007967231 55963508 10013490
0b000701 0b00c301 10005 100 38263 2013665146 50283459 10015890
0b000801 0b00c801 10009 100 74192 2014124518 49859879 10018903
0b000c01 0b00c001 10006 100 3147 2027699809 36292910 10012947
0b000001 0b00cc01 10003 100 23301 2005287012 58707530 10014636
0b000c01 0b00cf01 10012 100 39410 2023294921 40729484 10015986
0b000c01 0b00c101 10003 100 32632 2014185828 49850903 10015417
0b000401 0b00c001 10003 100 256641 2015595892 48442385 10034198
0b000301 0b00c801 10007 100 56969 2014368333 49687995 10017456
0b000201 0b00c701 10006 100 13565 2015601800 48458764 10013818
0b000201 0b00c701 10008 100 21778 2016145090 47957941 10014506
0b000101 0b00cd01 10005 100 191626 2018727362 45379397 10028747
0b000201 0b00c701 10007 100 13015 2015721746 48413608 10013774
0b000801 0b00c901 10007 100 40464 2024517900 39620010 10016074
0b000901 0b00c601 10001 100 29129 2006053759 58161511 10015125
0b000701 0b00c801 10005 100 42979 2023434657 40789699 10016283
0b000001 0b00cf01 10010 100 1759 2027055701 37180168 10012828
0b000a01 0b00cf01 10010 100 27386 2025049399 39186504 10014978
0b000b01 0b00c801 10003 100 65784 2015267590 48970263 10018196
0b000301 0b00ca01 10010 100 26359 2016089004 48158597 10014892
0b000c01 0b00c101 10000 100 11473 2004698789 59611291 10013643
0b000901 0b00cc01 10001 100 35823 2006118342 58212233 10015684
0b000501 0b00c601 10006 100 75106 2025334780 39016171 10018980
0b000701 0b00c601 10007 100 9462 2017818120 46543075 10013475
0b000001 0b00cd01 10006 100 214998 2011538681 52827666 10030705
0b000701 0b00cc01 10006 100 23207 2017625540 46748198 10014628
0b000a01 0b00ce01 10002 100 58717 2005652149 58743468 10017603
0b000301 0b00c701 10007 100 25914 2026201753 38193900 10014852
0b000501 0b00ca01 10002 100 183634 2007966587 56431009 10028077
0b000b01 0b00c301 10002 100 7322 2016756334 47690621 10013296
0b000f01 0b00c501 10000 100 5329 2008409072 56062125 10013129
0b000e01 0b00c701 10004 100 14585 2005056741 59461222 10013904
0b000001 0b00c401 10000 100 350633 2002864638 61687595 10042078
0b000e01 0b00c201 10005 100 62368 2006460950 58105099 10017911
0b000d01 0b00c001 10003 100 1044733 2004675923 59930257 10100271
0b000701 0b00cc01 10004 100 27066 2014537214 50111204 10014952
0b000101 0b00c201 10003 100 5555 2006335942 58334568 10013147
0b000301 0b00c901 10005 100 183759 2012273551 52483233 10028087
0b000601 0b00c201 10002 100 30387 2004904994 59862337 10015230
0b000901 0b00c401 10010 100 100410 2023157572 41611451 10021100
0b000001 0b00c701 10005 100 12359 2007324282 57463274 10013718
0b000901 0b00c601 10005 100 534024 2013973083 50859738 10057456
0b000901 0b00c201 10010 100 37028 2026218888 38657487 10015788
0b000801 0b00c501 10006 100 73140 2014917861 49977432 10018815
0b000501 0b00ce01 10006 100 29623 2015160111 49739602 10015165
0b000101 0b00c101 10008 100 44129 2015676226 49224552 10016383
0b000901 0b00c301 10010 100 165609 2022204509 42711533 10026566
0b000201 0b00ce01 10015 100 3679 2026486481 38438191 10012989
0b000d01 0b00c901 10010 100 27190 2024405279 40524800 10014962
0b000301 0b00cb01 10011 100 37242 2015933222 49020758 10015805
0b000501 0b00c001 10001 100 1357401 2001974376 62990759 10126486
0b000501 0b00ce01 10009 100 36113 2028257637 36722758 10015711
0b000a01 0b00c501 10004 100 75768 2015374495 49611841 10019033
0b000701 0b00cf01 10006 100 39622 2017637722 47363822 10016003
0b000d01 0b00c601 10006 100 88964 2016734937 48267530 10020138
0b000701 0b00c701 10004 100 20547 2018110189 46892324 10014404
0b000901 0b00c001 10009 100 7833 2026299369 38722572 10013337
0b000801 0b00c501 10003 100 1862 2007711383 57312775 10012836
0b000a01 0b00c201 10008 100 23230 2016418627 48605677 10014630
0b000001 0b00c201 10005 100 181483 2019525330 45501049 10027897
0b000e01 0b00cc01 10002 100 41791 2013118974 51925698 10016184
0b000001 0b00cb01 10001 100 1349205 2001632088 63429135 10125800
0b000c01 0b00c501 10007 100 7419 2018400343 46667151 10013304
0b000501 0b00cf01 10006 100 117725 2021700372 43404997 10022551
0b000d01 0b00c801 10004 100 189559 2006740522 58370259 10028574
0b000a01 0b00c701 10010 100 1281 2027918034 37212069 10012790
0b000e01 0b00c501 10006 100 2844 2009122709 56018966 10012919
0b000701 0b00c801 10001 100 168863 2006969456 58177922 10026838
0b000c01 0b00c401 10013 100 2125 2028682383 36468486 10012861
0b000501 0b00cb01 10012 100 54427 2027728329 37426999 10017245
0b000501 0b00c001 10017 100 6103 2025502921 39679821 10013195
0b000d01 0b00c201 10004 100 34364 2018472693 46737850 10015563
0b000001 0b00c201 10004 100 46300 2016292124 48940702 10016564
0b000e01 0b00c301 10007 100 56313 2016239655 49030326 10017403
0b000901 0b00c401 10006 100 6241 2017487491 47793911 10013206
0b000d01 0b00cf01 10004 100 70060 2014563184 50723471 10018557
0b000801 0b00cd01 10007 100 21255 2006946448 58365300 10014464
0b000f01 0b00c301 10012 100 60452 2023965941 41358414 10017750
0b000801 0b00cc01 10003 100 115328 2005990833 59354553 10022351
0b000c01 0b00ce01 10009 100 16053 2025228396 40138044 10014029
0b000601 0b00c001 10002 100 27026 2009149503 56228235 10014949
0b000d01 0b00cf01 10005 100 9144 2015810780 49596203 10013449
0b000001 0b00c201 10003 100 44027 2015922553 49494250 10016374
0b000801 0b00c701 10007 100 160297 2013390945 52045586 10026122
0b000a01 0b00c901 10006 100 98667 2014977592 50471713 10020953
0b000001 0b00c601 10005 100 77032 2015062104 50396333 10019142
0b000601 0b00c301 10009 100 46188 2017183551 48299034 10016555
0b000701 0b00c701 10010 100 1066 2025775471 39793417 10012772
0b000901 0b00c501 10002 100 21132 2007435736 58140857 10014455
0b000d01 0b00c801 10010 100 67778 2018389110 47195803 10018363
0b000901 0b00c801 10007 100 47042 2016833178 48763676 10016627
0b000901 0b00ce01 10005 100 54788 2026204440 39406380 10017274
0b000401 0b00c001 10001 100 73026 2004046794 61567226 10018806
0b000401 0b00cc01 10006 100 5803 2028409241 37224172 10013167
0b000901 0b00c901 10003 100 45444 2007400261 58239196 10016492
0b000f01 0b00cf01 10000 100 39614 2005991821 59648962 10016002
0b000001 0b00ce01 10008 100 5126 2017333788 48316319 10013113
0b000e01 0b00ce01 10007 100 44101 2014427715 51233865 10016380
0b000a01 0b00c801 10014 100 56508 2025308531 40369214 10017419
0b000001 0b00c901 10007 100 91748 2015440566 50272421 10020373
0b000b01 0b00ce01 10006 100 25907 2026617163 39098550 10014852
0b000401 0b00cf01 10001 100 14999 2018509909 47208465 10013937
0b000f01 0b00cb01 10011 100 67122 2024161475 41605189 10018310
0b000101 0b00c901 10008 100 55405 2024885743 40965364 10017327
0b000b01 0b00cb01 10009 100 61216 2025675713 40182427 10017815
0b000e01 0b00cf01 10008 100 11970 2026031612 39873363 10013683
0b000f01 0b00c901 10003 100 1019144 2003996472 61919938 10098128
0b000401 0b00c901 10001 100 22274 2006211339 59705127 10014550
0b000f01 0b00c301 10005 100 34996 2009466310 56484584 10015614
0b000d01 0b00cb01 10009 100 43946 2019100712 46863737 10016364
0b000401 0b00c601 10002 100 191075 2011184451 54780523 10028703
0b000f01 0b00c301 10010 100 5219 2019607594 46365817 10013120
0b000301 0b00ce01 10009 100 58417 2025209155 40777729 10017579
0b000901 0b00cc01 10005 100 8635 2017843948 48193286 10013405
0b000001 0b00c301 10004 100 12654 2017655303 48409260 10013742
0b000701 0b00c201 10009 100 58045 2027969328 38118096 10017550
0b000e01 0b00cb01 10005 100 25742 2015855070 50245234 10014839
0b000401 0b00ce01 10005 100 9625 2016225588 49884941 10013488
0b000f01 0b00c901 10008 100 12745 2016494368 49624198 10013749
0b000701 0b00cc01 10002 100 14710 2006598804 59555028 10013914
0b000201 0b00c501 10006 100 13489 2018306185 47861231 10013812
0b000301 0b00ca01 10004 100 70181 2007357171 58815279 10018567
0b000a01 0b00cb01 10009 100 174674 2022797345 43397234 10027325
0b000a01 0b00cb01 10011 100 33626 2027793938 38413030 10015500
0b000f01 0b00c901 10011 100 1418 2026772633 39463832 10012801
0b000301 0b00c801 10004 100 58995 2007512547 58734285 10017626
0b000d01 0b00cb01 10005 100 152878 2014084630 52210236 10025497
0b000e01 0b00c201 10002 100 222683 2004923965 61380439 10031350
0b000d01 0b00cc01 10003 100 78396 2024463116 41850120 10019255
0b000601 0b00c601 10005 100 474126 2006466867 59849439 10052434
0b000901 0b00cf01 10010 100 163318 2023288899 43027921 10026375
0b000b01 0b00ca01 10006 100 3961 2008910866 57417283 10013012
0b000c01 0b00ca01 10001 100 105628 2008181534 58160162 10021537
0b000a01 0b00cf01 10007 100 76888 2016180519 50166930 10019126
0b000401 0b00cc01 10004 100 27145 2015834566 50516827 10014959
0b000c01 0b00c001 10001 100 48063 2006307302 60063979 10016713
0b000401 0b00cb01 10004 100 49533 2014174254 52213488 10016834
0b000f01 0b00c201 10012 100 24889 2026241694 40146202 10014767
0b000801 0b00c701 10010 100 79027 2016185359 50206828 10019309
0b000f01 0b00cc01 10002 100 1031629 2005218911 61238380 10099173
0b000601 0b00c501 10004 100 71615 2015297262 51189010 10018685
0b000701 0b00c201 10005 100 7602 2016821628 49739128 10013318
0b000101 0b00c001 10003 100 34807 2008718481 57909575 10015598
0b000b01 0b00c701 10006 100 8611 2018465810 48167410 10013403
0b000401 0b00c701 10007 100 8618 2020495883 46211744 10013404
0b000f01 0b00cc01 10010 100 8584 2020403432 46329562 10013401
0b000b01 0b00c901 10008 100 3877 2019208319 47526936 10013005
0b000401 0b00c901 10009 100 4796 2020637847 46098411 10013082
0b000e01 0b00c301 10014 100 6776 2026924671 39830262 10013248
0b000401 0b00cc01 10005 100 59120 2017874372 48881135 10017640
0b000301 0b00cf01 10004 100 19897 2018116848 48654175 10014348
0b000101 0b00cd01 10002 100 5325 2008935549 57847252 10013129
0b000801 0b00c801 10006 100 288881 2005737762 61074004 10036900
0b000301 0b00cb01 10017 100 52217 2027466556 39370402 10017060
0b000701 0b00c001 10011 100 27438 2026671864 40181754 10014982
0b000401 0b00c601 10007 100 35761 2020395634 46480634 10015679
0b000c01 0b00c601 10003 100 67089 2017972926 48907849 10018308
0b000c01 0b00cb01 10012 100 533 2027617953 39294540 10012726
0b000f01 0b00c001 10005 100 124906 2018201223 48712434 10023152
0b000e01 0b00ce01 10009 100 5888 2020368540 46545730 10013174
0b000a01 0b00c801 10008 100 108649 2015756323 51164641 10021790
0b000401 0b00c601 10004 100 61434 2015933358 51023156 10017832
0b000501 0b00c201 10003 100 21648 2005947969 61069732 10014496
0b000101 0b00ce01 10007 100 11193 2019194881 47825526 10013621
0b000301 0b00ca01 10012 100 66392 2017086132 49962526 10018248
0b000401 0b00c101 10005 100 5806 2017449345 49601676 10013167
0b000901 0b00c901 10011 100 6614 2018750042 48301891 10013236
0b000901 0b00ce01 10006 100 24359 2028746287 38317074 10014724
0b000401 0b00c201 10012 100 3124 2027513250 39569891 10012945
0b000e01 0b00c801 10010 100 59661 2018465205 48620650 10017683
0b000201 0b00ce01 10004 100 168122 2008311659 58829858 10026778
0b000a01 0b00c501 10005 100 27726 2018301616 48849403 10015005
0b000701 0b00c701 10005 100 57646 2020032743 47158392 10017514
0b000901 0b00c201 10008 100 23015 2019191066 48003209 10014613
0b000101 0b00cf01 10010 100 3303 2019700080 47495902 10012959
0b000101 0b00c301 10003 100 6372 2009146166 58076416 10013216
0b000c01 0b00c901 10008 100 13564 2020982661 46268618 10013818
0b000b01 0b00c601 10001 100 131379 2007658496 59624762 10023697
0b000701 0b00ce01 10005 100 102446 2015724776 51568717 10021271
0b000201 0b00c401 10004 100 2165 2019105240 48234792 10012864
0b000f01 0b00cc01 10013 100 5718 2027831030 39544264 10013160
0b000101 0b00ca01 10003 100 25545 2009265886 58140152 10014823
0b000a01 0b00c001 10009 100 3733 2028802418 38623129 10012994
0b000a01 0b00c801 10010 100 50621 2018445416 48997173 10016925
0b000b01 0b00cb01 10004 100 41077 2018574254 48877384 10016127
0b000a01 0b00c501 10008 100 68942 2026431759 41027279 10018460
0b000c01 0b00c101 10001 100 797675 2006166831 61303993 10079558
0b000a01 0b00ca01 10007 100 26789 2027955034 39547267 10014926
0b000a01 0b00c801 10011 100 38101 2018827503 48677933 10015877
0b000201 0b00c801 10004 100 5564 2019246986 48294992 10013148
0b000f01 0b00c701 10005 100 12218 2017879445 49664310 10013707
0b000b01 0b00cc01 10009 100 22315 2019702528 47866856 10014553
0b000901 0b00cb01 10007 100 78272 2025985144 41589657 10019245
0b000001 0b00c501 10007 100 73326 2017083632 50496514 10018830
0b000f01 0b00ca01 10007 100 25370 2017661824 49934047 10014809
0b000a01 0b00cb01 10003 100 967347 2004465606 63146005 10093784
0b000e01 0b00c701 10008 100 721 2021202595 46424174 10012741
0b000c01 0b00c301 10001 100 389427 2011388251 56240981 10045331
0b000901 0b00c501 10008 100 33725 2018880717 48755938 10015508
0b000a01 0b00c101 10004 100 133426 2016206366 51443985 10023868
0b000b01 0b00c401 10006 100 438392 2011701984 55959654 10049437
0b000001 0b00cc01 10008 100 2124 2020227758 47440327 10012861
0b000c01 0b00c701 10007 100 25533 2029422449 38286597 10014822
0b000901 0b00c901 10006 100 64324 2009613493 58099116 10018075
0b000201 0b00c001 10001 100 19137 2009939789 57783138 10014287
0b000c01 0b00c601 10009 100 17753 2028032604 39694350 10014169
0b000501 0b00c501 10004 100 3490 2018182209 49550540 10012974
0b000801 0b00cc01 10005 100 73942 2017496543 50237027 10018879
0b000301 0b00cb01 10020 100 25454 2029516189 38231660 10014816
0b000201 0b00ca01 10001 100 7337 2009760543 57987942 10013297
0b000601 0b00c501 10006 100 1408 2018266199 49529288 10012800
0b000f01 0b00c701 10003 100 194626 2006232975 61563232 10028998
0b000001 0b00cb01 10007 100 15672 2019993819 47819515 10013995
0b000501 0b00c201 10002 100 194435 2005338681 62505542 10028983
0b000601 0b00cf01 10012 100 21045 2030536864 37320691 10014448
0b000201 0b00c301 10004 100 38463 2019332035 48530948 10015906
0b000b01 0b00ca01 10003 100 868394 2002120088 65746975 10085488
0b000801 0b00c001 10010 100 22123 2029689121 38202006 10014538
0b000901 0b00cb01 10000 100 1668 2009940423 57978204 10012821
0b000901 0b00c801 10009 100 48205 2028637590 39306160 10016724
0b000501 0b00c101 10009 100 11246 2018052792 49929249 10013625
0b000501 0b00c101 10006 100 16954 2011952160 56048998 10014101
0b000d01 0b00cb01 10004 100 40246 2008160496 59863347 10016057
0b000a01 0b00c701 10006 100 89118 2017963772 50066490 10020155
0b000e01 0b00c901 10002 100 22886 2020247230 47804665 10014599
0b000a01 0b00c201 10009 100 320110 2019672126 48393186 10039521
0b000a01 0b00c601 10002 100 808723 2006127956 61937962 10080484
0b000701 0b00cd01 10002 100 50821 2007650020 60473852 10016941
0b000f01 0b00ca01 10008 100 5846 2018534634 49657619 10013170
0b000f01 0b00ca01 10014 100 26260 2030874405 37325585 10014884
0b000f01 0b00c301 10009 100 81491 2016997426 51223603 10019514
0b000a01 0b00c001 10010 100 23452 2028925162 39323001 10014648
0b000601 0b00c201 10007 100 1411 2028428818 39819489 10012800
0b000b01 0b00c801 10009 100 47120 2028355359 39893859 10016633
0b000d01 0b00c001 10012 100 47242 2027370632 40916555 10016643
0b000701 0b00ca01 10007 100 18262 2018045872 50278125 10014213
0b000601 0b00cc01 10013 100 715 2032091615 36277709 10012741
0b000001 0b00c101 10004 100 21081 2020226110 48168642 10014450
0b000501 0b00ca01 10003 100 235549 2016880023 51530813 10032430
0b000001 0b00cb01 10006 100 75622 2018443615 49970968 10019021
0b000a01 0b00c301 10003 100 24167 2010459743 57955460 10014709
0b000601 0b00c101 10004 100 22651 2017590425 50836380 10014580
0b000701 0b00ca01 10008 100 2966 2018492692 49939343 10012928
0b000201 0b00ce01 10018 100 2000 2030105223 38350101 10012847
0b000f01 0b00c101 10004 100 52690 2011123613 57337446 10017098
0b000901 0b00c301 10003 100 68422 2010259786 58225907 10018418
0b000601 0b00c601 10007 100 351099 2012054280 56433998 10042119
0b000301 0b00cd01 10005 100 14099 2019973304 48552354 10013865
0b000101 0b00c801 10005 100 61157 2010395737 58142157 10017810
0b000101 0b00c601 10012 100 20345 2030301664 38237588 10014388
0b000701 0b00c301 10003 100 78747 2010769831 57802375 10019283
0b000a01 0b00c701 10003 100 687029 2007473285 61126071 10070284
0b000901 0b00ca01 10010 100 42863 2019978570 48628830 10016274
0b000801 0b00ca01 10009 100 21177 2020429934 48182168 10014458
0b000201 0b00cc01 10010 100 2474 2021192972 47423269 10012889
0b000e01 0b00cf01 10006 100 36263 2020163183 48459614 10015723
0b000b01 0b00c601 10004 100 5003 2011019692 57617721 10013103
0b000c01 0b00c801 10004 100 192573 2009664594 58979486 10028826
0b000b01 0b00c401 10007 100 444214 2012952716 55692727 10049925
0b000e01 0b00c301 10011 100 13275 2021984305 46667154 10013795
0b000501 0b00c701 10010 100 4359 2028984454 39669232 10013047
0b000d01 0b00c801 10015 100 61477 2029940213 38717777 10017836
0b000901 0b00c301 10004 100 8721 2011138118 57544981 10013412
0b000601 0b00c801 10004 100 87716 2016091809 52644058 10020035
0b000701 0b00c501 10004 100 6122 2022415266 46325843 10013196
0b000b01 0b00c001 10011 100 60321 2028292433 40453275 10017739
0b000201 0b00c001 10002 100 3396 2010746930 58033288 10012967
0b000601 0b00cf01 10013 100 16057 2031270724 37519381 10014029
0b000e01 0b00c001 10008 100 125 2019332278 49487334 10012693
0b000a01 0b00c301 10006 100 37164 2019526024 49308335 10015799
0b000201 0b00cf01 10004 100 21654 2010986723 57874004 10014496
0b000201 0b00cb01 10006 100 69517 2019447469 49440875 10018510
0b000901 0b00ca01 10003 100 33241 2010701055 58187496 10015469
0b000701 0b00cb01 10009 100 20729 2018502495 50413325 10014418
0b000101 0b00c201 10010 100 5263 2030161725 38756527 10013124
0b000401 0b00ca01 10007 100 3037 2019262357 49669300 10012938
0b000901 0b00c701 10013 100 35446 2019959334 48986136 10015653
0b000301 0b00c401 10005 100 22196 2020863277 48096392 10014544
0b000001 0b00cc01 10005 100 52175 2010396819 58578189 10017057
0b000e01 0b00ca01 10020 100 2000 2029669210 39349444 10012847
0b000d01 0b00cb01 10010 100 58714 2021507943 47516181 10017603
0b000201 0b00c801 10005 100 7714 2021437308 47590619 10013327
0b000301 0b00c201 10012 100 277 2020822987 48220451 10012706
0b000e01 0b00c601 10008 100 33317 2021106980 47939198 10015475
0b000601 0b00c101 10006 100 40659 2020717616 48392484 10016090
0b000501 0b00cd01 10013 100 64203 2031361350 37801413 10018065
0b000801 0b00c901 10001 100 148630 2008943128 60306311 10025142
0b000901 0b00cc01 10003 100 176517 2016639178 52621587 10027481
0b000101 0b00c801 10006 100 20603 2011119830 58145809 10014408
0b000f01 0b00c901 10009 100 4319 2019643321 49630749 10013044
0b000b01 0b00c101 10007 100 28592 2029949374 39353230 10015078
0b000701 0b00cf01 10007 100 36278 2022797801 46506266 10015724
0b000401 0b00c001 10002 100 50492 2008185306 61125899 10016915
0b000801 0b00c101 10012 100 35680 2020036360 49353408 10015672
0b000001 0b00c601 10015 100 15692 2030246487 39166371 10013996
0b000e01 0b00cc01 10006 100 54050 2017749311 51666035 10017215
0b000701 0b00cd01 10007 100 6911 2019772854 49648590 10013259
0b000101 0b00cb01 10009 100 75084 2019525687 49896902 10018978
0b000001 0b00c201 10009 100 28554 2030929501 38523358 10015075
0b000501 0b00c901 10012 100 68315 2030767360 38695159 10018410
0b000b01 0b00c601 10003 100 81341 2010435124 59038592 10019502
0b000701 0b00c601 10004 100 186059 2015553452 53926117 10028282
0b000801 0b00cd01 10008 100 58736 2010897963 58611069 10017605
0b000f01 0b00c201 10010 100 24239 2022656279 46875560 10014715
0b000601 0b00ce01 10008 100 41271 2030475304 39076784 10016142
0b000d01 0b00c101 10002 100 192364 2016382804 53176875 10028810
0b000401 0b00cf01 10002 100 18045 2018638075 50922021 10014196
0b000901 0b00c001 10003 100 25065 2011526289 58034990 10014785
0b000201 0b00c101 10007 100 20134 2020775170 48790769 10014371
0b000401 0b00cf01 10003 100 9347 2028686350 40895455 10013466
0b000301 0b00c701 10003 100 9029 2021091638 48494928 10013440
0b000901 0b00cb01 10009 100 9971 2032009498 37587065 10013516
0b000a01 0b00c901 10014 100 20744 2031597117 38008099 10014420
0b000b01 0b00cd01 10004 100 8924 2022043655 47585183 10013428
0b000e01 0b00ca01 10016 100 56514 2018333657 51296318 10017420
0b000101 0b00c901 10005 100 6843 2021306620 48341816 10013254
0b000d01 0b00c001 10002 100 814421 2003181677 66472033 10080963
0b000601 0b00cb01 10003 100 79241 2017191135 52463668 10019326
0b000e01 0b00c301 10008 100 23753 2019375757 50289234 10014672
0b000401 0b00c301 10006 100 56768 2009575686 60101088 10017440
0b000801 0b00c101 10011 100 61984 2019458860 50229705 10017876
0b000f01 0b00c601 10003 100 46196 2013114825 56578601 10016556
0b000301 0b00c601 10004 100 40079 2020875919 48836330 10016043
0b000001 0b00cb01 10009 100 60430 2029577556 40172409 10017748
0b000d01 0b00c901 10003 100 14454 2013339611 56419446 10013893
0b000101 0b00c001 10010 100 3256 2032457647 37316561 10012955
0b000901 0b00c401 10012 100 159089 2025026138 44809213 10026021
0b000301 0b00c301 10006 100 2712 2011941193 57911554 10012908
0b000e01 0b00c001 10009 100 52330 2021606741 48267771 10017069
0b000401 0b00c301 10011 100 162481 2021475591 48418642 10026304
0b000101 0b00c201 10006 100 20093 2011690602 58214239 10014368
0b000801 0b00cb01 10009 100 65483 2020334830 49571768 10018172
0b000201 0b00c901 10007 100 1139 2021586361 48333629 10012778
0b000b01 0b00ca01 10016 100 46099 2029871095 40072542 10016548
0b000201 0b00c501 10003 100 20645 2011851882 58100740 10014412
0b000001 0b00c601 10009 100 9633 2021472692 48535736 10013489
0b000701 0b00cb01 10012 100 76580 2028146099 41887600 10019102
0b000d01 0b00cc01 10001 100 144977 2018209726 51851973 10024834
0b000801 0b00c401 10006 100 15883 2021480928 48608786 10014012
0b000901 0b00c701 10005 100 1226891 2006898187 63193336 10115542
0b000601 0b00c701 10009 100 47132 2027661176 42444655 10016634
0b000e01 0b00cd01 10007 100 63019 2020739840 49401220 10017967
0b000601 0b00cd01 10007 100 70290 2020947516 49220891 10018575
0b000b01 0b00ca01 10008 100 116347 2010320222 59876265 10022437
0b000701 0b00c901 10006 100 59196 2013174229 57032029 10017646
0b000c01 0b00c601 10004 100 44507 2018582985 51625977 10016413
0b000901 0b00cf01 10011 100 64535 2029137071 41076207 10018092
0b000901 0b00c901 10013 100 12209 2022532442 47699884 10013706
0b000801 0b00c401 10001 100 8482 2012215331 58026963 10013393
0b000101 0b00cf01 10004 100 3977 2012117115 58131419 10013013
0b000401 0b00c901 10010 100 77469 2020809858 49470115 10019177
0b000b01 0b00c801 10007 100 59300 2021565515 48730412 10017654
0b000301 0b00c001 10003 100 24090 2012245323 58085791 10014703
0b000e01 0b00c601 10007 100 4404 2020560542 49792505 10013051
0b000101 0b00cf01 10011 100 40812 2021428801 48925752 10016102
0b000001 0b00c001 10017 100 185 2031934951 38451930 10012698
0b000901 0b00c701 10008 100 15027 2012609201 57780038 10013943
0b000a01 0b00cb01 10000 100 1348291 2001561225 68841383 10125723
0b000801 0b00c301 10006 100 4114 2012749046 57665902 10013028
0b000201 0b00cc01 10009 100 64011 2020908420 49509503 10018050
0b000901 0b00c601 10006 100 21589 2022494306 47936030 10014491
0b000101 0b00c301 10011 100 28540 2021965735 48466264 10015074
0b000001 0b00c801 10006 100 42921 2012012791 58443692 10016278
0b000401 0b00c801 10008 100 21009 2024269186 46194328 10014445
0b000b01 0b00c401 10010 100 25325 2022574349 47889256 10014805
0b000401 0b00c201 10008 100 29392 2020397330 50080701 10015146
0b000401 0b00c801 10004 100 173646 2015489044 54999957 10027239
0b000101 0b00cb01 10010 100 194793 2022816785 47692699 10029012
0b000001 0b00c701 10012 100 52042 2021162023 49357085 10017046
0b000c01 0b00c901 10004 100 124039 2010057670 60487498 10023083
0b000501 0b00c101 10003 100 27525 2009757296 60795567 10014989
0b000101 0b00c901 10003 100 13501 2012257967 58316668 10013813
0b000401 0b00ca01 10006 100 75440 2018495971 52095363 10019007
0b000c01 0b00c701 10004 100 95431 2018006132 52599141 10020683
0b000301 0b00c101 10014 100 17299 2022662246 47961021 10014133
0b000601 0b00c601 10015 100 44066 2031909397 38777667 10016378
0b000c01 0b00ce01 10006 100 193470 2016423629 54263462 10028902
0b000501 0b00c901 10003 100 6586 2011160315 59540209 10013233
0b000e01 0b00cd01 10012 100 5271 2033813353 36898736 10013124
0b000601 0b00ca01 10007 100 62 2021120257 49597833 10012688
0b000c01 0b00cf01 10009 100 4880 2021242232 49502656 10013089
0b000001 0b00c401 10005 100 137268 2018345394 52400107 10024191
0b000301 0b00c801 10010 100 34809 2021391463 49370994 10015599
0b000f01 0b00c401 10009 100 5421 2031390175 39388870 10013136
0b000301 0b00ce01 10005 100 156809 2017483367 53325441 10025827
0b000001 0b00ca01 10004 100 58600 2021189006 49630582 10017594
0b000001 0b00c601 10010 100 27880 2021592012 49243368 10015017
0b000501 0b00cc01 10011 100 12964 2022598507 48249678 10013767
0b000d01 0b00c401 10004 100 5407 2024366075 46519291 10013135
0b000001 0b00c801 10011 100 10959 2023116428 47776332 10013598
0b000d01 0b00cf01 10014 100 27088 2030702272 40214484 10014954
0b000001 0b00ce01 10010 100 22203 2022709733 48217880 10014544
0b000201 0b00c401 10010 100 1805 2032480436 38447609 10012832
0b000d01 0b00c701 10008 100 39817 2023573584 47393065 10016018
0b000d01 0b00cd01 10011 100 4334 2024443784 46522924 10013045
0b000201 0b00c901 10008 100 8948 2022556773 48414974 10013430
0b000c01 0b00cb01 10009 100 37329 2023860827 47143940 10015812
0b000c01 0b00c501 10010 100 55963 2022446497 48588779 10017372
0b000601 0b00cb01 10005 100 68336 2027197391 43859204 10018411
0b000501 0b00c901 10009 100 20921 2019799644 51268950 10014434
0b000101 0b00ca01 10012 100 998 2023877737 47197517 10012763
0b000501 0b00c001 10013 100 27859 2011245371 59868620 10015016
0b000e01 0b00c601 10009 100 3777 2021243059 49883303 10012997
0b000701 0b00cf01 10008 100 41459 2023617647 47540719 10016158
0b000701 0b00cd01 10009 100 27848 2021112190 50122849 10015015
0b000201 0b00cd01 10011 100 2140 2013173133 58065590 10012862
0b000001 0b00c101 10005 100 57223 2020828407 50411467 10017480
0b000501 0b00c901 10005 100 132902 2012821704 58467375 10023822
0b000601 0b00c301 10010 100 261265 2019371891 51924111 10034587
0b000501 0b00c301 10008 100 23746 2023458130 47852617 10014671
0b000b01 0b00c701 10004 100 38009 2013036646 58276935 10015870
0b000601 0b00c301 10011 100 68843 2022085716 49246270 10018452
0b000b01 0b00c501 10000 100 1711662 2001445776 69896045 10156187
0b000e01 0b00c901 10001 100 23645 2011259095 60094804 10014663
0b000601 0b00cf01 10000 100 1368919 2002021693 69358132 10127450
0b000a01 0b00c201 10011 100 20331 2022545118 48843737 10014387
0b000401 0b00c101 10009 100 60500 2023384227 48033041 10017754
0b000201 0b00cc01 10007 100 10125 2013125554 58299036 10013532
0b000d01 0b00c301 10006 100 25385 2024218831 47207178 10014810
0b000c01 0b00cc01 10014 100 51303 2030508397 40923687 10016983
0b000801 0b00cf01 10011 100 145914 2028212190 43288291 10024913
0b000201 0b00cf01 10008 100 190615 2017506066 54023091 10028662
0b000201 0b00c501 10004 100 20354 2013144543 58402791 10014388
0b000f01 0b00c701 10009 100 31331 2031483229 40075416 10015309
0b000301 0b00c301 10011 100 92218 2020951485 50623507 10020414
0b000501 0b00cc01 10008 100 42400 2019718326 51858020 10016237
0b000001 0b00c101 10000 100 47143 2012552104 59029583 10016635
0b000201 0b00c201 10007 100 23594 2022773187 48858992 10014659
0b000f01 0b00cb01 10004 100 410710 2008766861 62876703 10047115
0b000f01 0b00cb01 10013 100 10311 2032372452 39310575 10013547
0b000801 0b00cc01 10012 100 27018 2032230156 39455583 10014948
0b000c01 0b00c501 10012 100 16943 2025061508 46629997 10014100
0b000f01 0b00c401 10005 100 75694 2014091055 57604628 10019027
0b000201 0b00c901 10013 100 28686 2031736527 39961315 10015086
0b000a01 0b00c501 10007 100 7923 2023270586 48427629 10013344
0b000001 0b00cf01 10005 100 1542 2014192366 57512620 10012811
0b000501 0b00ce01 10007 100 61156 2020584251 51130626 10017810
0b000501 0b00ca01 10006 100 72216 2019043987 52680479 10018737
0b000901 0b00c901 10014 100 7703 2023346874 48381438 10013326
0b000a01 0b00c901 10010 100 1711 2024365874 47362911 10012824
0b000001 0b00c601 10019 100 9174 2034364692 37365849 10013452
0b000b01 0b00c901 10006 100 37783 2013334748 58412254 10015848
0b000701 0b00cb01 10008 100 49333 2010866378 60882988 10016818
0b000001 0b00cd01 10013 100 17143 2022970609 48791476 10014120
0b000301 0b00cb01 10010 100 692774 2010390951 61390303 10070763
0b000901 0b00c201 10003 100 11252 2013909626 57872902 10013626
0b000701 0b00c601 10015 100 2926 2035335809 36470464 10012925
0b000001 0b00ce01 10009 100 347719 2018345727 53465987 10041833
0b000201 0b00cf01 10010 100 110919 2028634235 43183621 10021979
0b000e01 0b00cb01 10009 100 76658 2021064771 50767580 10019108
0b000c01 0b00cd01 10011 100 6132 2015399119 56445340 10013197
0b000c01 0b00cf01 10014 100 136627 2028633203 43227955 10024136
0b000701 0b00c201 10012 100 11808 2035450781 36441561 10013670
0b000d01 0b00c401 10002 100 14177 2015517044 56376016 10013871
0b000d01 0b00ce01 10011 100 70587 2023408599 48491963 10018599
0b000c01 0b00cb01 10004 100 19853 2014954433 56955741 10014345
0b000501 0b00ce01 10008 100 1217 2025908657 46007061 10012785
0b000d01 0b00c301 10004 100 42526 2021438395 50483621 10016247
0b000001 0b00c201 10010 100 20680 2032482144 39443243 10014415
0b000e01 0b00cb01 10010 100 8181 2022244922 49696877 10013369
0b000d01 0b00c001 10008 100 64344 2014849755 57100894 10018077
0b000b01 0b00c201 10005 100 57523 2023089419 48896845 10017504
0b000101 0b00cb01 10005 100 27584 2013287877 58712170 10014994
0b000e01 0b00cd01 10006 100 8424 2015491050 56526118 10013388
0b000801 0b00c001 10011 100 110855 2030183974 41898020 10021974
0b000e01 0b00cc01 10011 100 4151 2025685311 46401584 10013031
0b000201 0b00c201 10006 100 28560 2013981867 58118789 10015076
0b000f01 0b00c901 10012 100 275808 2026918166 45203554 10035804
0b000a01 0b00cb01 10008 100 74911 2021516781 50621162 10018960
0b000d01 0b00c701 10007 100 27631 2022302811 49849477 10014998
0b000b01 0b00cc01 10015 100 64776 2031369860 40808808 10018111
0b000f01 0b00c801 10012 100 23038 2022062291 50123070 10014615
0b000301 0b00c601 10013 100 12090 2034733382 37467312 10013697
0b000e01 0b00ce01 10006 100 56832 2013489123 58711723 10017445
0b000f01 0b00cd01 10007 100 8927 2025615085 46591884 10013428
0b000301 0b00ca01 10006 100 37745 2013193552 59056424 10015845
0b000901 0b00c001 10010 100 26436 2033766906 38499750 10014898
0b000c01 0b00c201 10008 100 50387 2024683517 47588018 10016906
0b000301 0b00c801 10006 100 9018 2014013540 58274227 10013439
0b000801 0b00c601 10004 100 44137 2022682821 49639543 10016383
0b000e01 0b00c901 10009 100 95238 2026603562 45726880 10020667
0b000101 0b00c601 10003 100 403327 2008526112 63813365 10046497
0b000d01 0b00c801 10012 100 18144 2025593909 46747240 10014204
0b000a01 0b00c301 10008 100 55709 2022276494 50067985 10017351
0b000601 0b00c401 10016 100 57662 2032688810 39670735 10017515
0b000a01 0b00cc01 10001 100 582566 2009669848 62716381 10061524
0b000801 0b00cc01 10000 100 4750865 2001077992 71332676 10410993
0b000201 0b00ce01 10010 100 27358 2023113643 49315686 10014976
0b000801 0b00c101 10005 100 561143 2010273515 62190305 10059729
0b000b01 0b00c601 10008 100 13277 2023983159 48493834 10013795
0b000201 0b00c601 10013 100 18325 2023662893 48868765 10014218
0b000101 0b00c201 10008 100 70099 2021497273 51041706 10018560
0b000301 0b00ca01 10008 100 29977 2014232590 58307058 10015193
0b000f01 0b00c901 10004 100 558430 2007113393 65432931 10059500
0b000701 0b00c301 10007 100 68629 2023899350 48654539 10018435
0b000001 0b00cf01 10007 100 1272 2024431099 48134548 10012789
0b000601 0b00c301 10014 100 41287 2030198151 42374956 10016144
0b000901 0b00c301 10006 100 57608 2013884832 58746612 10017511
0b000001 0b00cc01 10010 100 35595 2023895835 48762591 10015665
0b000701 0b00c501 10002 100 78776 2015149720 57537812 10019285
0b000601 0b00cf01 10009 100 25604 2025742511 46958666 10014828
0b000301 0b00c601 10012 100 28458 2032880236 39832045 10015068
0b000d01 0b00c301 10002 100 3682 2016553435 56198307 10012989
0b000301 0b00c101 10015 100 42611 2023890477 48863718 10016254
0b000d01 0b00c901 10007 100 23487 2022818802 49960960 10014651
0b000e01 0b00cf01 10007 100 20044 2022623213 50193945 10014364
0b000e01 0b00ce01 10011 100 44179 2023565649 49290069 10016387
0b000601 0b00c201 10005 100 120233 2018454192 54444806 10022763
0b000701 0b00cc01 10008 100 52006 2021990460 50924544 10017044
0b000601 0b00c101 10009 100 65861 2023589127 49331847 10018202
0b000601 0b00cd01 10013 100 3830 2036530490 36398223 10013001
0b000c01 0b00cb01 10007 100 16142 2022208174 50727187 10014036
0b000901 0b00c801 10012 100 38873 2033872108 39091988 10015939
0b000901 0b00c201 10004 100 7703 2015149303 57872056 10013326
0b000d01 0b00c701 10009 100 3150 2023578357 49446433 10012947
0b000601 0b00c701 10012 100 43400 2033853698 39178061 10016320
0b000a01 0b00ca01 10006 100 44278 2023317688 49722961 10016395
0b000f01 0b00c501 10005 100 1632 2026777666 46278166 10012818
0b000f01 0b00cf01 10008 100 9962 2036160360 36895954 10013515
0b000401 0b00c401 10004 100 15277 2026191300 46905656 10013963
0b000701 0b00c901 10011 100 35168 2035365131 37743628 10015631
0b000e01 0b00cc01 10004 100 1667 2013606141 59514268 10012821
0b000201 0b00c601 10009 100 73808 2014005679 59123842 10018868
0b000e01 0b00c801 10011 100 108090 2018695797 54450517 10021745
0b000901 0b00cf01 10012 100 34776 2033169098 39996759 10015596
0b000401 0b00c201 10005 100 69897 2012393000 60776507 10018540
0b000601 0b00ca01 10005 100 78614 2020107052 53067075 10019272
0b000801 0b00c501 10011 100 47576 2032699167 40486593 10016670
0b000601 0b00c801 10008 100 21681 2026530632 46656353 10014498
0b000701 0b00ca01 10013 100 9197 2036979560 36227021 10013454
0b000401 0b00cc01 10002 100 197251 2012531925 60705615 10029220
0b000301 0b00c701 10004 100 28613 2023836789 49407080 10015080
0b000d01 0b00c901 10008 100 18267 2023502268 49745975 10014214
0b000001 0b00c201 10007 100 58195 2023583771 49672934 10017562
0b000a01 0b00c701 10008 100 33486 2023893678 49380166 10015489
0b000301 0b00cb01 10014 100 9844 2024611200 48677686 10013505
0b000401 0b00ca01 10005 100 20306 2017137920 56185915 10014385
0b000301 0b00c001 10007 100 8578 2034411927 38941660 10013400
0b000601 0b00c701 10008 100 53815 2024677687 48687432 10017192
0b000b01 0b00c501 10004 100 44917 2014713811 58651722 10016446
0b000d01 0b00c901 10015 100 75416 2031152645 42217170 10019005
0b000801 0b00c101 10006 100 67327 2013636537 59752960 10018327
0b000801 0b00c301 10017 100 28156 2033744362 39649595 10015043
0b000e01 0b00c401 10004 100 7661 2016701042 56706250 10013323
0b000f01 0b00c201 10017 100 36394 2033227140 40182614 10015733
0b000c01 0b00c701 10001 100 26393 2012970088 60440538 10014895
0b000c01 0b00cd01 10008 100 20543 2013482343 59928383 10014404
0b000801 0b00cc01 10011 100 53583 2023465206 49955633 10017174
0b000101 0b00c601 10013 100 77088 2030392046 43029569 10019146
0b000701 0b00c301 10014 100 25971 2036828823 36607399 10014857
0b000f01 0b00c501 10004 100 32883 2026168521 47304593 10015437
0b000c01 0b00c201 10005 100 27174 2016637806 56842212 10014961
0b000e01 0b00c401 10005 100 42110 2024796832 48711422 10016213
0b000201 0b00cc01 10012 100 144059 2029654057 43874937 10024761
0b000a01 0b00ca01 10004 100 337275 2015777921 57772123 10040959
0b000a01 0b00ca01 10003 100 8429 2015741323 57833779 10013388
0b000701 0b00c101 10007 100 409776 2021816349 51784192 10047036
0b000801 0b00c701 10008 100 66104 2014012267 59672704 10018225
0b000d01 0b00c001 10011 100 25849 2026779086 46907023 10014847
0b000c01 0b00c901 10005 100 65204 2012568319 61124246 10018149
0b000801 0b00c101 10000 100 1907484 2002070477 71651257 10172605
0b000c01 0b00c601 10012 100 29302 2033195404 40556306 10015139
0b000801 0b00c501 10008 100 48793 2025007596 48757862 10016771
0b000301 0b00cf01 10012 100 63425 2033848372 39939051 10017999
0b000f01 0b00cb01 10008 100 29185 2013712684 60101371 10015130
0b000901 0b00c601 10007 100 24116 2025809978 48012100 10014705
0b000401 0b00ce01 10006 100 124545 2019479248 54350623 10023123
0b000f01 0b00c101 10009 100 120866 2023919682 49923908 10022813
0b000301 0b00ce01 10008 100 65508 2024013121 49839305 10018174
0b000b01 0b00c101 10004 100 48166 2015129780 58725132 10016721
0b000201 0b00c701 10012 100 21923 2034084367 39779826 10014518
0b000001 0b00c901 10013 100 2304 2026465351 47399531 10012875
0b000f01 0b00c801 10010 100 24983 2017256562 56613361 10014774
0b000401 0b00c301 10014 100 26395 2023664752 50241203 10014895
0b000c01 0b00c401 10008 100 64871 2016290455 57618220 10018119
0b000501 0b00c201 10005 100 1782 2013572525 60357712 10012830
0b000b01 0b00c701 10003 100 187348 2012911625 61047587 10028389
0b000f01 0b00ca01 10009 100 245116 2020840495 53166374 10033233
0b000b01 0b00ce01 10007 100 24641 2034799780 39234030 10014747
0b000501 0b00c901 10006 100 6838 2014431366 59624282 10013253
0b000201 0b00c101 10010 100 4464 2025632234 48426851 10013056
0b000801 0b00c801 10011 100 37706 2025718175 48357752 10015842
0b000301 0b00c001 10005 100 51011 2024797835 49290238 10016960
0b000201 0b00cf01 10012 100 44396 2033142848 40973776 10016404
0b000f01 0b00c201 10011 100 29912 2023891906 50236903 10015188
0b000801 0b00ca01 10006 100 111492 2013390757 60755175 10022029
0b000201 0b00ca01 10007 100 74759 2023272163 50880819 10018948
0b000f01 0b00c801 10008 100 909534 2007675540 66486485 10088937
0b000d01 0b00cf01 10007 100 74162 2022823487 51348451 10018900
0b000c01 0b00cb01 10006 100 264495 2018398252 55783977 10034857
0b000501 0b00cb01 10006 100 46068 2013638350 60563258 10016545
0b000001 0b00cc01 10006 100 469450 2011341889 62921151 10052040
0b000d01 0b00cd01 10010 100 199931 2022593639 51671298 10029442
0b000701 0b00c601 10009 100 21627 2023926566 50355194 10014494
0b000001 0b00ce01 10005 100 551372 2010137337 64160177 10058909
0b000901 0b00c001 10011 100 20964 2034918482 39423177 10014437
0b000501 0b00cd01 10012 100 7159 2027019687 47332957 10013283
0b000401 0b00cf01 10006 100 16577 2034349644 40041756 10014071
0b000501 0b00cd01 10008 100 71475 2011977740 62424578 10018674
0b000201 0b00cc01 10014 100 59918 2034167054 40241326 10017703
0b000701 0b00c001 10001 100 913876 2004576872 69851179 10089299
0b000d01 0b00cc01 10004 100 7756 2027778022 46658478 10013331
0b000f01 0b00ce01 10007 100 172444 2023165046 51282719 10027139
0b000301 0b00cc01 10006 100 9768 2025767735 48692343 10013499
0b000c01 0b00c701 10005 100 112866 2024377466 50122619 10022143
0b000801 0b00ca01 10011 100 11651 2026926403 47573725 10013658
0b000a01 0b00c901 10016 100 20751 2036312527 38197832 10014420
0b000a01 0b00c001 10008 100 43623 2025839737 48695984 10016338
0b000b01 0b00c401 10017 100 615 2037397299 37173116 10012733
0b000501 0b00c001 10002 100 1108949 2002870461 71732239 10105654
0b000501 0b00ca01 10009 100 19529 2024678322 49939046 10014319
0b000c01 0b00c401 10012 100 3659 2028284451 46334535 10012988
0b000501 0b00c201 10006 100 20714 2024315540 50315192 10014417
0b000e01 0b00c501 10007 100 55949 2012515275 62125032 10017370
0b000501 0b00c301 10009 100 21171 2024236201 50404479 10014458
0b000b01 0b00cd01 10003 100 4955 2017022637 57633141 10013095
0b000701 0b00c401 10006 100 28570 2024052644 50629519 10015076
0b000201 0b00c101 10011 100 41156 2026053086 48652495 10016133
0b000101 0b00c501 10007 100 186284 2013049360 61663699 10028300
0b000001 0b00c001 10006 100 678812 2004658242 70056784 10069592
0b000f01 0b00c301 10008 100 20191 2014482114 60245930 10014375
0b000b01 0b00cd01 10000 100 1069966 2006980970 67776159 10102386
0b000501 0b00cc01 10002 100 67121 2014566035 60192970 10018310
0b000801 0b00c901 10003 100 39921 2015721067 59041427 10016027
0b000501 0b00c301 10002 100 438164 2011286027 63531715 10049418
0b000b01 0b00c401 10011 100 118532 2023299876 51520407 10022619
0b000701 0b00c401 10002 100 116349 2015985886 58872679 10022437
0b000801 0b00ca01 10010 100 32982 2026638799 48227101 10015445
0b000301 0b00c501 10005 100 304778 2009788727 65084213 10038233
0b000601 0b00ca01 10013 100 7863 2034834266 40048087 10013339
0b000001 0b00c101 10007 100 22807 2025520784 49363186 10014592
0b000001 0b00c701 10015 100 21795 2025680749 49220567 10014508
0b000601 0b00c701 10010 100 4488 2028334012 46567631 10013058
0b000501 0b00c201 10012 100 74719 2031255822 43674539 10018945
0b000001 0b00c901 10010 100 177076 2020313247 54634230 10027529
0b000901 0b00cb01 10010 100 20995 2035640660 39332961 10014440
0b000e01 0b00cd01 10004 100 31494 2013761155 61221686 10015322
0b000201 0b00c301 10007 100 41222 2026269596 48738658 10016139
0b000c01 0b00ca01 10007 100 53600 2027355662 47659096 10017175
0b000301 0b00c101 10011 100 18459 2016425503 58592227 10014229
0b000f01 0b00c601 10009 100 6066 2035976971 39062303 10013192
0b000801 0b00c401 10011 100 34822 2036319121 38722925 10015600
0b000b01 0b00c901 10009 100 141944 2031227546 43837348 10024580
0b000101 0b00cf01 10008 100 67507 2015413999 59653272 10018341
0b000301 0b00c801 10012 100 38717 2025342175 49734029 10015927
0b000301 0b00c301 10008 100 3998 2017492894 57593140 10013015
0b000901 0b00cf01 10008 100 15056 2017041582 58060949 10013945
0b000d01 0b00ca01 10002 100 1629 2015561201 59551233 10012818
0b000001 0b00cb01 10011 100 66116 2032965610 42153134 10018226
0b000c01 0b00c001 10004 100 62858 2026618424 48523620 10017950
0b000801 0b00cb01 10008 100 1308 2017425466 57718830 10012792
0b000201 0b00ca01 10009 100 72824 2025360602 49795488 10018786
0b000601 0b00ce01 10007 100 26710 2023899573 51271902 10014920
0b000501 0b00cd01 10007 100 629150 2011346625 63837550 10065431
0b000501 0b00c501 10005 100 44533 2023678181 51517693 10016415
0b000d01 0b00c901 10004 100 66272 2017452218 57788045 10018239
0b000201 0b00cb01 10009 100 14151 2027569865 47688865 10013869
0b000601 0b00c201 10008 100 696 2029189852 46087798 10012739
0b000901 0b00c201 10006 100 34381 2016526825 58760234 10015564
0b000701 0b00cc01 10010 100 54043 2033777664 41517313 10017214
0b000501 0b00c601 10007 100 2524 2029342481 46057641 10012893
0b000801 0b00c801 10008 100 180693 2012804484 62639488 10027830
0b000501 0b00cb01 10017 100 11847 2039255948 36243249 10013673
0b000701 0b00c301 10006 100 30021 2015105827 60397217 10015200
0b000d01 0b00cc01 10002 100 20901 2019116166 56404504 10014432
0b000b01 0b00c001 10012 100 1162 2028336136 47186360 10012780
0b000e01 0b00c301 10012 100 69647 2024228817 51296625 10018520
0b000201 0b00c401 10008 100 3358 2028420875 47233844 10012964
0b000201 0b00c901 10001 100 663249 2007899692 67798803 10068289
0b000801 0b00cd01 10010 100 27971 2017381694 58325623 10015025
0b000b01 0b00c401 10018 100 9534 2038110613 37596987 10013481
0b000e01 0b00cf01 10012 100 46132 2033196713 42528442 10016551
0b000101 0b00c801 10009 100 47322 2026398701 49331476 10016650
0b000d01 0b00c301 10010 100 111839 2033827218 41914170 10022057
0b000001 0b00cf01 10008 100 58527 2026046240 49704011 10017588
0b000b01 0b00c501 10005 100 34387 2017054997 58695784 10015565
0b000501 0b00cd01 10014 100 44074 2037384442 38371281 10016378
0b000901 0b00c001 10006 100 2331 2017684249 58078756 10012878
0b000001 0b00c601 10020 100 3390 2038666259 37112684 10012966
0b000501 0b00cc01 10000 100 1847664 2001924042 73878760 10167589
0b000e01 0b00c101 10010 100 27636 2025302402 50500662 10014998
0b000b01 0b00c101 10005 100 5011 2018189812 57616577 10013103
0b000101 0b00c901 10009 100 35235 2025752036 50068329 10015637
0b000e01 0b00c401 10006 100 26679 2025275032 50551839 10014918
0b000e01 0b00c001 10017 100 4109 2036622363 39220666 10013027
0b000d01 0b00c801 10017 100 47413 2036806723 39092637 10016657
0b000801 0b00cb01 10003 100 893025 2006983277 68920476 10087554
0b000801 0b00ca01 10001 100 1064929 2003595525 72309983 10101963
0b000b01 0b00cc01 10012 100 29097 2026734524 49178660 10015122
0b000201 0b00cd01 10013 100 1493 2018349868 57577438 10012807
0b000601 0b00cc01 10012 100 64841 2026207605 49722383 10018116
0b000301 0b00c701 10008 100 25413 2026558740 49374652 10014812
0b000601 0b00c401 10012 100 1522 2026471920 49464178 10012809
0b000f01 0b00cb01 10010 100 1598 2016463987 59545706 10012815
0b000201 0b00cd01 10015 100 48885 2025935002 50086491 10016778
0b000f01 0b00cd01 10008 100 21108 2028899768 47124305 10014453
0b000f01 0b00c201 10007 100 582479 2020032281 55993870 10061517
0b000701 0b00c601 10011 100 3628 2029769029 46261015 10012985
0b000d01 0b00ca01 10004 100 29347 2028636612 47430503 10015142
0b000c01 0b00c901 10011 100 2800 2029443184 46624444 10012915
0b000901 0b00c801 10008 100 21896 2028118157 47954202 10014516
0b000d01 0b00c301 10003 100 20627 2019476597 56610709 10014410
0b000601 0b00cc01 10014 100 1929 2036541122 39571309 10012842
0b000c01 0b00cb01 10015 100 6465 2036958815 39229730 10013224
0b000001 0b00cf01 10006 100 7157 2017869174 58326838 10013283
0b000f01 0b00c101 10001 100 954418 2007935487 68266742 10092700
0b000d01 0b00c901 10011 100 53059 2025436234 50838972 10017132
0b000c01 0b00c001 10009 100 2669 2029731234 46544020 10012905
0b000001 0b00c401 10013 100 45071 2036747325 39533541 10016462
0b000f01 0b00cb01 10017 100 52195 2037668072 38639002 10017059
0b000901 0b00c501 10010 100 278666 2019267418 57047478 10036044
0b000e01 0b00c201 10014 100 3879 2026840594 49511195 10013005
0b000601 0b00cc01 10011 100 33411 2025027807 51341349 10015483
0b000701 0b00c401 10009 100 9858 2030175566 46205255 10013507
0b000601 0b00c401 10020 100 50476 2036353725 40049591 10016913
0b000e01 0b00c001 10012 100 53944 2023555623 52857620 10017202
0b000301 0b00ce01 10017 100 4156 2037618081 38796555 10013031
0b000301 0b00cb01 10013 100 47249 2017531002 58894737 10016644
0b000e01 0b00c201 10015 100 27760 2028679916 47763199 10015008
0b000e01 0b00c201 10012 100 63362 2023264147 53194177 10017994
0b000801 0b00ca01 10008 100 2380 2018361945 58096896 10012881
0b000f01 0b00c001 10011 100 78095 2037033435 39435944 10019230
0b000701 0b00c701 10009 100 59406 2025027345 51443979 10017662
0b000d01 0b00c701 10010 100 70977 2025187194 51284399 10018630
0b000601 0b00cf01 10015 100 23384 2037981981 38497247 10014642
0b000701 0b00c201 10008 100 94835 2027515601 48973817 10020631
0b000801 0b00c401 10012 100 60289 2036589805 39973856 10017737
0b000601 0b00cd01 10012 100 9708 2036477924 40089411 10013495
0b000801 0b00c601 10009 100 17702 2028735585 47879254 10014165
0b000901 0b00c501 10007 100 65092 2017517407 59100294 10018140
0b000101 0b00cf01 10007 100 167461 2014860339 61765018 10026722
0b000301 0b00c801 10008 100 18458 2018662058 57970699 10014229
0b000d01 0b00cd01 10006 100 499240 2009253118 67385565 10054539
0b000001 0b00c601 10014 100 6527 2029193483 47473118 10013229
0b000101 0b00c201 10009 100 9985 2029030768 47644827 10013517
0b000c01 0b00c001 10005 100 992 2027265690 49409988 10012763
0b000d01 0b00cd01 10013 100 28545 2036407859 40282252 10015074
0b000001 0b00c401 10006 100 23741 2018510449 58180013 10014671
0b000201 0b00cb01 10007 100 181827 2021797982 54909789 10027925
0b000001 0b00c801 10008 100 9710 2018308817 58436233 10013495
0b000f01 0b00ca01 10002 100 770003 2011214213 65552433 10077240
0b000401 0b00cb01 10012 100 1441 2037173514 39611599 10012802
0b000b01 0b00cb01 10006 100 193047 2022884116 53907339 10028868
0b000d01 0b00c701 10011 100 57928 2028542026 48280276 10017536
0b000101 0b00c401 10006 100 380667 2016070169 60754390 10044596
0b000601 0b00c101 10011 100 26064 2026360920 50466104 10014868
0b000401 0b00c201 10010 100 27328 2024716500 52121407 10014973
0b000b01 0b00cc01 10008 100 1345 2019293058 57551887 10012795
0b000f01 0b00c601 10004 100 35140 2026734509 50114369 10015629
0b000f01 0b00c401 10006 100 35686 2026645949 50214448 10015673
0b000601 0b00c501 10015 100 19887 2039572480 37295920 10014347
0b000b01 0b00c601 10014 100 42014 2036585164 40302436 10016206
0b000401 0b00c601 10005 100 62046 2018515648 58375619 10017885
0b000401 0b00c401 10002 100 34210 2016673373 60244081 10015551
0b000301 0b00cb01 10012 100 78649 2017071350 59862957 10019275
0b000901 0b00c601 10008 100 35930 2027187243 49771655 10015692
0b000901 0b00c501 10014 100 20991 2027798456 49160818 10014439
0b000d01 0b00c301 10009 100 186633 2031664635 45311425 10028328
0b000401 0b00c201 10011 100 29527 2025901952 51107336 10015157
0b000d01 0b00c401 10006 100 45622 2029181857 47843892 10016506
0b000701 0b00c001 10014 100 196559 2033235728 43802187 10029161
0b000801 0b00c901 10008 100 23177 2028790335 48259763 10014626
0b000401 0b00c301 10008 100 32610 2017085890 59964777 10015415
0b000f01 0b00c701 10008 100 246 2030618242 46485384 10012703
0b000e01 0b00c701 10010 100 5850 2027304850 49845464 10013171
0b000b01 0b00c601 10007 100 447621 2023888003 53272465 10050210
0b000f01 0b00ca01 10005 100 330620 2012354658 64847563 10040400
0b000001 0b00c601 10006 100 38403 2018554979 58701605 10015902
0b000001 0b00c901 10006 100 165665 2014131418 63129833 10026570
0b000b01 0b00c501 10003 100 593558 2008845185 68459489 10062445
0b000701 0b00cb01 10013 100 184938 2030694619 46643771 10028185
0b000f01 0b00c901 10010 100 208991 2021849904 55523155 10030201
0b000401 0b00ca01 10009 100 145242 2020830478 56546062 10024860
0b000b01 0b00cf01 10004 100 46975 2018982687 58398689 10016618
0b000f01 0b00c201 10005 100 211 2017857746 59530479 10012700
0b000a01 0b00c401 10003 100 838000 2011733592 65683823 10082937
0b000101 0b00cc01 10010 100 56786 2018259816 59168822 10017441
0b000501 0b00c301 10006 100 9911 2019974668 57468991 10013511
0b000801 0b00ce01 10007 100 73977 2026262304 51202355 10018882
0b000c01 0b00c901 10010 100 40101 2026049346 51416021 10016045
0b000d01 0b00c201 10009 100 60747 2035776166 41700439 10017774
0b000401 0b00c201 10015 100 6722 2037655668 39823464 10013244
0b000301 0b00c201 10010 100 497376 2019120492 58376310 10054382
0b000f01 0b00c201 10014 100 1331 2031040226 46471545 10012794
0b000701 0b00c201 10013 100 60613 2038555661 38981893 10017763
0b000501 0b00c101 10010 100 21326 2019467037 58088442 10014470
0b000e01 0b00ce01 10018 100 7469 2040168146 37404851 10013308
0b000b01 0b00c201 10004 100 2252 2019481695 58128522 10012871
0b000601 0b00c701 10016 100 1717 2041446190 36164489 10012825
0b000f01 0b00ce01 10006 100 25110 2020717884 56909970 10014788
0b000901 0b00c501 10015 100 9657 2028809800 48820461 10013490
0b000101 0b00c001 10009 100 61463 2027392850 50237711 10017835
0b000401 0b00cb01 10013 100 553 2041587142 36043781 10012728
0b000701 0b00c101 10003 100 20329 2017541034 60105029 10014386
0b000701 0b00c001 10016 100 68745 2038502103 39145784 10018444
0b000201 0b00c401 10012 100 84219 2034362846 43299956 10019743
0b000501 0b00c001 10010 100 430788 2009905496 67776380 10048798
0b000f01 0b00cf01 10005 100 6201 2028227307 49473258 10013202
0b000401 0b00c301 10021 100 21494 2036507069 41218346 10014484
0b000401 0b00c401 10006 100 146036 2028549647 49201666 10024927
0b000401 0b00cc01 10009 100 24880 2036302002 41452125 10014766
0b000c01 0b00c401 10021 100 11385 2040384868 37375664 10013636
0b000f01 0b00c301 10013 100 9741 2040666913 37105687 10013497
0b000301 0b00cd01 10001 100 1121242 2005088065 72696234 10106687
0b000f01 0b00c101 10008 100 12606 2021207348 56578246 10013738
0b000c01 0b00cf01 10017 100 55834 2035866497 41958765 10017361
0b000801 0b00c401 10009 100 21440 2029750379 48097914 10014479
0b000701 0b00c501 10005 100 130496 2024313375 53548733 10023622
0b000a01 0b00c001 10006 100 538541 2013162730 64699787 10057833
0b000b01 0b00c501 10008 100 4426 2029338006 48540283 10013053
0b000401 0b00c401 10009 100 27249 2036989334 40897623 10014967
0b000601 0b00ca01 10009 100 27852 2026895480 51006540 10015015
0b000101 0b00cc01 10011 100 43061 2018474911 59459036 10016293
0b000501 0b00c201 10010 100 8966 2031042137 46892053 10013431
0b000701 0b00c601 10003 100 773216 2007671193 70264020 10077509
0b000c01 0b00c701 10006 100 53035 2027321064 50615419 10017130
0b000f01 0b00c701 10007 100 2716 2028559856 49378470 10012908
0b000b01 0b00c401 10012 100 66258 2028485857 49455973 10018237
0b000c01 0b00cf01 10016 100 26630 2030242590 47701150 10014914
0b000801 0b00c501 10009 100 112213 2025523487 52448699 10022090
0b000201 0b00c901 10012 100 12801 2030453302 47596700 10013754
0b000a01 0b00cf01 10005 100 669031 2010701325 67351394 10068775
0b000c01 0b00c601 10011 100 14237 2031126401 46931720 10013876
0b000101 0b00ca01 10006 100 6662 2020437841 57633502 10013239
0b000a01 0b00cd01 10008 100 5129 2029533552 48540985 10013113
0b000701 0b00c001 10005 100 1078293 2011756238 66341213 10103086
0b000801 0b00c001 10006 100 35877 2019611310 58489143 10015688
0b000901 0b00c101 10009 100 7176 2039409347 38719060 10013284
0b000801 0b00c301 10009 100 344497 2018050115 60095465 10041564
0b000d01 0b00c901 10005 100 18190 2018220026 59937451 10014208
0b000001 0b00c101 10010 100 55798 2037876638 40303529 10017358
0b000501 0b00cb01 10013 100 14950 2030819086 47369878 10013933
0b000e01 0b00ca01 10015 100 73035 2015189347 63001236 10018806
0b000701 0b00c301 10013 100 57434 2036582875 41620972 10017497
0b000301 0b00c401 10009 100 31226 2029847331 48378580 10015300
0b000301 0b00cf01 10005 100 24797 2019348144 58886094 10014759
0b000001 0b00c001 10022 100 23782 2039873048 38375875 10014674
0b000801 0b00c301 10014 100 4009 2029693344 48560548 10013019
0b000701 0b00c401 10007 100 68350 2026689304 51564850 10018412
0b000f01 0b00cc01 10018 100 7258 2041253440 37005322 10013291
0b000801 0b00cf01 10008 100 39995 2018867193 59409546 10016033
0b000501 0b00cd01 10002 100 1449841 2002244204 76038652 10134235
0b000401 0b00c501 10009 100 37504 2030972186 47314222 10015826
0b000301 0b00cb01 10008 100 606227 2006916052 71394128 10063509
0b000601 0b00c601 10010 100 77685 2019213549 59119278 10019194
0b000901 0b00c901 10017 100 17799 2029274711 49058210 10014173
0b000e01 0b00cc01 10014 100 69025 2033697280 44639453 10018470
0b000701 0b00ca01 10011 100 51049 2030460351 47882468 10016963
0b000501 0b00c401 10002 100 85430 2016875215 61471388 10019844
0b000a01 0b00c301 10014 100 152769 2032430483 45921029 10025489
0b000701 0b00c301 10011 100 66591 2036202534 42173442 10018264
0b000b01 0b00c401 10013 100 72519 2028688081 49703779 10018761
0b000d01 0b00c301 10013 100 5032 2041315501 37093476 10013105
0b000f01 0b00ca01 10019 100 25513 2040667346 37752606 10014820
0b000701 0b00ce01 10008 100 9007 2032206648 46224942 10013438
0b000201 0b00cd01 10017 100 72513 2028386661 50118044 10018761
0b000e01 0b00c201 10020 100 6304 2039310009 39222551 10013211
0b000701 0b00ce01 10006 100 66833 2020523120 58016037 10018283
0b000b01 0b00c601 10015 100 74361 2036739628 41807346 10018916
0b000f01 0b00ca01 10001 100 527018 2009815870 68740131 10056868
0b000d01 0b00c801 10013 100 29664 2028240675 50327914 10015168
0b000301 0b00c401 10008 100 74757 2028266509 50312639 10018948
0b000001 0b00c401 10009 100 8412 2031172864 47455556 10013387
0b000901 0b00c501 10009 100 61580 2019056255 59619230 10017844
0b000501 0b00c301 10010 100 51976 2027211386 51534002 10017037
0b000b01 0b00cf01 10011 100 26 2030293814 48452813 10012685
0b000801 0b00cc01 10007 100 25972 2019884432 58891971 10014857
0b000e01 0b00c501 10010 100 42451 2026533829 52285544 10016241
0b000a01 0b00cb01 10014 100 26590 2040256853 38570422 10014910
0b000501 0b00c301 10016 100 16747 2041999574 36842206 10014085
0b000e01 0b00ce01 10010 100 29435 2021079099 57785659 10015150
0b000301 0b00cd01 10003 100 604492 2011489002 67377911 10063362
0b000f01 0b00c601 10008 100 28897 2031466533 47405092 10015103
0b000901 0b00c201 10011 100 77457 2027377903 51526013 10019176
0b000801 0b00cd01 10014 100 11001 2030099528 48853487 10013606
0b000301 0b00cc01 10007 100 8833 2031560001 47403123 10013421
0b000001 0b00c501 10010 100 29191 2029022841 49950347 10015130
0b000d01 0b00c201 10003 100 411495 2014555248 64482419 10047181
0b000701 0b00c701 10006 100 82891 2020524785 58547486 10019630
0b000f01 0b00ce01 10013 100 43400 2031151020 47928856 10016320
0b000901 0b00c701 10015 100 26021 2029663316 49438036 10014865
0b000001 0b00c201 10006 100 28623 2019913115 59199283 10015081
0b000901 0b00c701 10018 100 22915 2039605175 39533178 10014601
0b000001 0b00cc01 10014 100 7531 2030254520 48896999 10013313
0b000201 0b00cf01 10016 100 26496 2038895076 40283461 10014903
0b000001 0b00cd01 10019 100 28394 2040510840 38686895 10015062
0b000b01 0b00c301 10003 100 30884 2020400704 58839707 10015269
0b000201 0b00c901 10011 100 54971 2028637652 50611969 10017288
0b000701 0b00ca01 10010 100 45474 2021975405 57283525 10016494
0b000201 0b00c601 10017 100 26860 2031116518 48158940 10014932
0b000101 0b00ca01 10016 100 51505 2038559370 40721489 10017000
0b000701 0b00c101 10004 100 76641 2017567855 61733402 10019106
0b000301 0b00c901 10008 100 133841 2025249317 54069203 10023901
0b000801 0b00ce01 10017 100 27520 2040760870 38608664 10014989
0b000e01 0b00c101 10004 100 403789 2010052076 69318604 10046534
0b000701 0b00c201 10002 100 871862 2009649641 69722524 10085777
0b000d01 0b00cc01 10005 100 25091 2031672761 47729309 10014787
0b000701 0b00cd01 10006 100 20616 2019509739 59908790 10014409
0b000d01 0b00c901 10017 100 9019 2032508823 46924503 10013439
0b000801 0b00cd01 10013 100 33200 2020939977 58557565 10015466
0b000b01 0b00ce01 10004 100 4079 2021964705 57534517 10013025
0b000f01 0b00c501 10001 100 744953 2014530645 64974487 10075137
0b000701 0b00c701 10003 100 193352 2015371431 64140850 10028893
0b000901 0b00c801 10010 100 2787 2032246611 47269262 10012914
0b000801 0b00c601 10008 100 90118 2028591860 50933256 10020238
0b000e01 0b00c801 10017 100 63719 2037232761 42306460 10018023
0b000c01 0b00c801 10011 100 44900 2031291350 48259485 10016444
0b000601 0b00cc01 10007 100 66090 2017611786 61968770 10018224
0b000401 0b00cd01 10011 100 17483 2019329246 60299706 10014147
0b000e01 0b00c801 10013 100 77617 2025712313 53917157 10019188
0b000001 0b00ca01 10009 100 38629 2040280694 39351019 10015920
0b000e01 0b00c801 10014 100 9483 2029962843 49674112 10013477
0b000101 0b00cd01 10009 100 6435 2030831232 48829585 10013221
0b000601 0b00cf01 10011 100 5492 2029950337 49737550 10013142
0b000001 0b00cb01 10008 100 466 2022310878 57391350 10012721
0b000d01 0b00cc01 10008 100 24004 2039732480 39985923 10014696
0b000801 0b00c901 10006 100 55830 2019701556 60024106 10017361
0b000f01 0b00c401 10008 100 5119 2030387955 49360153 10013112
0b000f01 0b00c401 10007 100 26946 2029683626 50079834 10014939
0b000e01 0b00c901 10011 100 26635 2031305522 48462297 10014914
0b000701 0b00c101 10011 100 9212 2039524639 40257798 10013455
0b000f01 0b00cf01 10006 100 1759 2030542029 49275958 10012828
0b000301 0b00c501 10013 100 21143 2031836281 47986400 10014455
0b000901 0b00c101 10003 100 180950 2025187298 54649995 10027851
0b000f01 0b00ca01 10012 100 55886 2028874619 50986715 10017365
0b000e01 0b00cc01 10013 100 3066 2033208183 46653721 10012940
0b000d01 0b00c601 10009 100 20012 2032623214 47265116 10014361
0b000c01 0b00c801 10015 100 5780 2042787532 37110005 10013165
0b000801 0b00cf01 10007 100 146923 2017124029 62780498 10024998
0b000e01 0b00c001 10013 100 76029 2028452317 51452644 10019058
0b000001 0b00c501 10011 100 68378 2029371961 50543105 10018415
0b000001 0b00c601 10016 100 7188 2030989845 48972300 10013285
0b000001 0b00c501 10013 100 6171 2031268426 48752804 10013200
0b000b01 0b00cd01 10007 100 183047 2026645816 53377748 10028030
0b000001 0b00c601 10012 100 190704 2022896284 57226085 10028669
0b000801 0b00c401 10010 100 1889 2032778568 47417324 10012838
0b000001 0b00c801 10000 100 1372866 2002440500 77757968 10127781
0b000301 0b00c501 10010 100 1551 2022131936 58087205 10012811
0b000401 0b00c601 10011 100 32758 2027941144 52282961 10015427
0b000001 0b00cf01 10011 100 22714 2030654204 49577944 10014585
0b000d01 0b00c401 10007 100 58768 2031154873 49116309 10017608
0b000601 0b00cf01 10014 100 36522 2037515769 42768643 10015743
0b000b01 0b00c701 10010 100 69282 2029453440 50832445 10018491
0b000701 0b00c201 10010 100 67449 2031831368 48485970 10018337
0b000901 0b00c601 10012 100 57801 2038992710 41325142 10017526
0b000701 0b00cb01 10014 100 29413 2033606596 46720305 10015148
0b000e01 0b00cb01 10013 100 1046 2041387806 38940728 10012771
0b000601 0b00c301 10022 100 29712 2041528603 38807950 10015172
0b000401 0b00cb01 10006 100 72168 2020920218 59418682 10018733
0b000801 0b00c901 10009 100 84492 2029532040 50855205 10019765
0b000e01 0b00c801 10015 100 23699 2032456700 47980040 10014668
0b000c01 0b00c401 10011 100 27081 2022673592 57773308 10014954
0b000901 0b00cd01 10010 100 68808 2030255770 50192158 10018449
0b000101 0b00cf01 10015 100 93349 2028442287 52026769 10020508
0b000201 0b00ca01 10006 100 26490 2022218200 58255404 10014902
0b000601 0b00cd01 10020 100 26549 2042147676 38335279 10014907
0b000101 0b00c101 10012 100 10915 2031457447 49064102 10013595
0b000d01 0b00c001 10015 100 39744 2041467284 39061598 10016013
0b000e01 0b00c701 10011 100 27716 2029626416 50909732 10015004
0b000801 0b00c401 10007 100 5070 2023075979 57465137 10013108
0b000e01 0b00ca01 10023 100 29799 2032272820 48300848 10015179
0b000c01 0b00cf01 10015 100 77651 2030206064 50378897 10019191
0b000001 0b00c901 10017 100 68805 2037834624 42817584 10018449
0b000201 0b00cb01 10011 100 36873 2039595589 41081306 10015771
0b000301 0b00c001 10002 100 667293 2010409226 70273008 10068628
0b000d01 0b00c201 10010 100 5812 2041628167 39057784 10013168
0b000e01 0b00c601 10002 100 824225 2003758082 76941395 10081786
0b000701 0b00c501 10003 100 5700 2021051201 59669355 10013159
0b000101 0b00c501 10011 100 58517 2029042287 51690476 10017587
0b000901 0b00ca01 10013 100 8204 2023197292 57540714 10013370
0b000601 0b00c501 10013 100 5428 2034414690 46329488 10013137
0b000301 0b00ce01 10004 100 510271 2014044315 66700166 10055463
0b000d01 0b00c901 10016 100 48459 2032393910 48355135 10016744
0b000d01 0b00c801 10018 100 22116 2042773443 38019090 10014537
0b000a01 0b00c101 10007 100 310281 2027970894 52825616 10038696
0b000401 0b00c601 10012 100 6323 2031124601 49693642 10013212
0b000401 0b00cf01 10004 100 107419 2028814804 52023159 10021688
0b000701 0b00c801 10009 100 48965 2039226898 41619855 10016785
0b000401 0b00c501 10010 100 46763 2032066244 48815672 10016601
0b000e01 0b00ca01 10004 100 623064 2008097597 72824067 10064921
0b000001 0b00c401 10008 100 50960 2029917750 51017999 10016952
0b000f01 0b00c201 10009 100 355745 2021257244 59680345 10042506
0b000d01 0b00c301 10005 100 24199 2023831493 57135052 10014711
0b000001 0b00c901 10011 100 185695 2024994105 55991823 10028249
0b000c01 0b00c101 10005 100 37612 2030488282 50499427 10015834
0b000401 0b00c801 10011 100 39682 2038291244 42720234 10016008
0b000501 0b00c601 10005 100 151757 2016821234 64190970 10025404
0b000a01 0b00c201 10013 100 2872 2023565467 57463316 10012921
0b000f01 0b00c701 10010 100 22321 2033741603 47295957 10014554
0b000b01 0b00ca01 10015 100 119921 2029388045 51649938 10022734
0b000101 0b00ce01 10012 100 70326 2030009768 51037564 10018578
0b000101 0b00c301 10013 100 27132 2022804369 58327924 10014958
0b000c01 0b00cb01 10013 100 7581 2031819488 49320455 10013317
0b000201 0b00cd01 10007 100 572697 2010443820 70699124 10060696
0b000401 0b00c601 10017 100 23853 2043144177 38009177 10014680
0b000201 0b00c301 10011 100 36140 2040110048 41045335 10015713
0b000801 0b00c201 10006 100 70270 2020732943 60431441 10018574
0b000901 0b00cb01 10011 100 55077 2041074082 40094993 10017301
0b000b01 0b00cc01 10011 100 1993 2023765618 57406338 10012847
0b000a01 0b00c801 10020 100 28145 2042446693 38726453 10015042
0b000701 0b00c101 10006 100 2435 2021640087 59534816 10012886
0b000401 0b00c901 10015 100 33878 2042512635 38692823 10015520
0b000201 0b00ca01 10008 100 19179 2023285340 57933536 10014291
0b000001 0b00c001 10023 100 26906 2042481340 38756814 10014936
0b000801 0b00cc01 10010 100 23539 2023153076 58098095 10014655
0b000001 0b00cf01 10012 100 26988 2031438967 49813164 10014942
0b000201 0b00c401 10011 100 11810 2033783404 47474561 10013670
0b000f01 0b00c901 10013 100 10672 2031976693 49371324 10013576
0b000301 0b00cc01 10008 100 3958 2034234333 47124754 10013012
0b000b01 0b00c601 10017 100 43944 2042027628 39336296 10016364
0b000801 0b00cc01 10008 100 82416 2021365487 60016516 10019592
0b000801 0b00c501 10007 100 4979 2023976944 57405452 10013097
0b000101 0b00ce01 10008 100 39425 2022499746 58890823 10015987
0b000701 0b00c701 10008 100 10118 2024950805 56443748 10013531
0b000d01 0b00c301 10015 100 6839 2044339552 37100854 10013254
0b000d01 0b00c601 10008 100 25625 2031235442 50212662 10014829
0b000d01 0b00c701 10016 100 14905 2043858555 37627141 10013930
0b000a01 0b00c701 10012 100 2802 2033047706 48443450 10012915
0b000101 0b00cc01 10019 100 11004 2033949730 47557725 10013606
0b000201 0b00ce01 10017 100 120096 2027912205 53623832 10022752
0b000e01 0b00cd01 10009 100 128669 2023465284 58111531 10023468
0b000301 0b00c301 10018 100 11068 2044017290 37567338 10013611
0b000601 0b00cd01 10014 100 88098 2037942954 43696505 10020069
0b000f01 0b00c001 10012 100 77701 2041754518 39887091 10019195
0b000d01 0b00c801 10016 100 26703 2033892658 47755730 10014919
0b000301 0b00cf01 10011 100 24761 2031935062 49736749 10014756
0b000001 0b00c001 10013 100 36916 2022170313 59534208 10015775
0b000001 0b00cb01 10014 100 60973 2040860797 40887141 10017792
0b000801 0b00c601 10007 100 199524 2026519792 55252333 10029409
0b000b01 0b00cf01 10005 100 59229 2022104815 59698630 10017648
0b000301 0b00c601 10009 100 32636 2031916304 49895049 10015417
0b000e01 0b00c401 10011 100 3639 2034986060 46856394 10012986
0b000301 0b00c801 10011 100 70274 2022144123 59751496 10018574
0b000201 0b00c201 10012 100 12280 2034279759 47663905 10013712
0b000b01 0b00c901 10012 100 99421 2038794520 43194188 10021017
0b000f01 0b00ca01 10017 100 11308 2035109176 46947475 10013630
0b000801 0b00c301 10018 100 75022 2040905046 41188158 10018973
0b000601 0b00cd01 10011 100 58574 2029151150 52945334 10017592
0b000301 0b00c101 10020 100 27898 2043647621 38469613 10015019
0b000501 0b00cb01 10015 100 20942 2035803392 46329189 10014436
0b000701 0b00c001 10010 100 5219 2025722709 56424538 10013120
0b000201 0b00c601 10016 100 238464 2030267564 51880064 10032674
0b000501 0b00cb01 10007 100 4375 2022504485 59662132 10013049
0b000101 0b00cf01 10013 100 164251 2026457737 55710339 10026453
0b000201 0b00c201 10008 100 17467 2023238559 58930423 10014146
0b000f01 0b00c901 10014 100 23951 2032288698 49894529 10014688
0b000d01 0b00cd01 10012 100 13853 2035067729 47164586 10013842
0b000d01 0b00cb01 10017 100 85977 2040911574 41356797 10019888
0b000f01 0b00c201 10016 100 18963 2032636606 49665670 10014270
0b000201 0b00ce01 10011 100 531 2023968748 58346289 10012726
0b000c01 0b00c101 10007 100 24109 2043991559 38358634 10014704
0b000a01 0b00c001 10011 100 213372 2034016762 48336419 10030571
0b000a01 0b00cc01 10014 100 68412 2041483152 40871934 10018417
0b000e01 0b00c801 10020 100 1436 2043421331 38939815 10012802
0b000a01 0b00ca01 10010 100 20010 2033193053 49194878 10014361
0b000e01 0b00c401 10009 100 29502 2033370689 49027042 10015155
0b000201 0b00c301 10014 100 30098 2043338431 39066662 10015206
0b000d01 0b00c201 10012 100 47319 2043123905 39304076 10016649
0b000201 0b00c301 10006 100 2441 2024028823 58425468 10012886
0b000201 0b00cd01 10019 100 19538 2032924371 49535084 10014319
0b000301 0b00c401 10006 100 20867 2023447809 59040573 10014430
0b000e01 0b00c401 10008 100 8381 2033028102 49468869 10013385
0b000d01 0b00cf01 10011 100 159554 2029625960 52916819 10026058
0b000301 0b00c501 10014 100 11598 2033430642 49139021 10013653
0b000f01 0b00cc01 10012 100 24888 2025320477 57268984 10014767
0b000201 0b00cd01 10020 100 4509 2033890575 48713380 10013059
0b000901 0b00cf01 10015 100 21102 2043066725 39540728 10014452
0b000f01 0b00c301 10014 100 39230 2042187440 40430610 10015972
0b000601 0b00c401 10015 100 60541 2032531370 50094770 10017757
0b000601 0b00cd01 10010 100 172287 2026197520 56431909 10027127
0b000a01 0b00c601 10010 100 12592 2033794267 48848821 10013737
0b000201 0b00cb01 10008 100 1236 2025397089 57249161 10012786
0b000101 0b00cc01 10018 100 76947 2031421367 51268088 10019131
0b000601 0b00ca01 10014 100 133396 2035128835 47566494 10023866
0b000701 0b00cf01 10010 100 28341 2035081637 47626052 10015058
0b000901 0b00c601 10010 100 88141 2031475218 51283722 10020073
0b000501 0b00cf01 10013 100 19300 2046464020 36339030 10014300
0b000901 0b00cc01 10007 100 3527 2024489898 58336984 10012977
0b000c01 0b00cc01 10016 100 8417 2033246237 49588202 10013387
0b000101 0b00c901 10010 100 57690 2031007691 51832384 10017517
0b000d01 0b00c301 10007 100 61264 2024715571 58128590 10017819
0b000c01 0b00c601 10017 100 28856 2042296890 40551288 10015099
0b000201 0b00c601 10018 100 1239 2034306130 48583222 10012786
0b000e01 0b00ce01 10015 100 32840 2033517910 49401062 10015433
0b000701 0b00c601 10012 100 5354 2033362299 49557807 10013131
0b000f01 0b00cb01 10015 100 32776 2035183484 47759443 10015428
0b000001 0b00c201 10011 100 25492 2033084666 49879852 10014819
0b000e01 0b00c101 10003 100 570631 2007941939 75058390 10060523
0b000601 0b00c601 10003 100 1008794 2005396254 77643183 10097258
0b000601 0b00c701 10013 100 10687 2036558519 46497083 10013577
0b000101 0b00c301 10005 100 795916 2009832341 73238390 10079409
0b000c01 0b00c201 10012 100 82150 2039367928 43714388 10019570
0b000301 0b00c401 10010 100 5741 2034330639 48825432 10013162
0b000d01 0b00c401 10009 100 65857 2033680069 49499733 10018202
0b000e01 0b00cd01 10011 100 62517 2029817121 53367077 10017923
0b000301 0b00c101 10017 100 57480 2033417818 49767260 10017501
0b000601 0b00c001 10014 100 70063 2037378599 45807564 10018557
0b000701 0b00cd01 10012 100 57242 2031236688 51952313 10017482
0b000b01 0b00c201 10007 100 369917 2029118829 54121868 10043694
0b000301 0b00c601 10006 100 38449 2024583537 58667407 10015905
0b000001 0b00c601 10011 100 55392 2022500710 60763618 10017326
0b000201 0b00c701 10003 100 631382 2009991139 73276321 10065617
0b000b01 0b00c701 10012 100 39978 2034541218 48736087 10016031
0b000c01 0b00c501 10015 100 3279 2034092874 49191982 10012957
0b000401 0b00c801 10006 100 25576 2021714741 61583557 10014825
0b000f01 0b00c201 10020 100 8033 2036441597 46870154 10013357
0b000b01 0b00cf01 10008 100 78830 2023861847 59455150 10019289
0b000901 0b00ca01 10014 100 20293 2025299094 58052061 10014384
0b000601 0b00cb01 10002 100 381398 2016172091 67207211 10044658
0b000d01 0b00cb01 10019 100 69836 2042870762 40527849 10018535
0b000301 0b00cc01 10005 100 29364 2025111079 58321676 10015144
0b000201 0b00cc01 10011 100 50266 2023377913 60083495 10016897
0b000201 0b00c201 10011 100 30412 2033363470 50105150 10015232
0b000201 0b00c901 10006 100 159297 2020827167 62649182 10026038
0b000201 0b00c201 10014 100 69607 2040185192 43328159 10018517
0b000001 0b00c601 10017 100 66028 2031534038 51981151 10018219
0b000101 0b00ca01 10013 100 5519 2026235778 57279545 10013144
0b000901 0b00cf01 10009 100 192952 2020372488 63159026 10028857
0b000f01 0b00ca01 10010 100 40588 2023360843 60181455 10016084
0b000a01 0b00c701 10009 100 14637 2025798634 57752937 10013908
0b000d01 0b00c701 10013 100 59801 2032147935 51426689 10017694
0b000801 0b00ce01 10012 100 29523 2033900363 49680876 10015157
0b000701 0b00c601 10019 100 36706 2041851108 41743711 10015758
0b000c01 0b00cd01 10020 100 3167 2046643144 36958922 10012948
0b000601 0b00c601 10016 100 31677 2032429968 51192987 10015337
0b000e01 0b00ca01 10025 100 1265 2034471845 49154984 10012788
0b000801 0b00cc01 10016 100 26936 2043779273 39852371 10014938
0b000201 0b00cd01 10022 100 2097 2036611494 47021152 10012859
0b000401 0b00cf01 10008 100 11940 2036602606 47032088 10013681
0b000b01 0b00c601 10012 100 21105 2034501568 49173462 10014452
0b000701 0b00ce01 10009 100 6448 2034003063 49701509 10013222
0b000b01 0b00c601 10009 100 21192 2025938414 57770307 10014459
0b000801 0b00cd01 10017 100 1552 2045292428 38428664 10012811
0b000c01 0b00cf01 10011 100 25729 2023277393 60455523 10014838
0b000c01 0b00ce01 10003 100 990695 2010636152 73102469 10095741
0b000601 0b00c601 10024 100 5460 2043922895 39842161 10013139
0b000101 0b00c301 10012 100 67423 2022695559 61076612 10018334
0b000b01 0b00c801 10008 100 26589 2025921879 57858626 10014910
0b000101 0b00ce01 10018 100 3312 2046598067 37212510 10012960
0b000901 0b00cd01 10007 100 2189 2025430248 58391663 10012866
0b000701 0b00c301 10016 100 114365 2038566727 45305146 10022270
0b000601 0b00c701 10011 100 41801 2031905254 51971029 10016185
0b000401 0b00c701 10008 100 56936 2021103325 62787805 10017453
0b000701 0b00c301 10012 100 171955 2036455501 47453636 10027096
0b000001 0b00c701 10018 100 60712 2033874686 50040665 10017771
0b000601 0b00c701 10004 100 796034 2008808054 75114252 10079423
0b000201 0b00ce01 10002 100 912116 2007912108 76020664 10089155
0b000101 0b00c401 10009 100 31452 2033367047 50619846 10015319
0b000e01 0b00ce01 10016 100 2611 2034821544 49174053 10012900
0b000e01 0b00c601 10014 100 4751 2034626429 49369182 10013079
0b000201 0b00c101 10012 100 174249 2028843422 55173510 10027291
0b000c01 0b00cf01 10010 100 46894 2022660527 61372581 10016612
0b000701 0b00c001 10015 100 73042 2034970917 49078321 10018807
0b000e01 0b00c501 10011 100 56403 2030649021 53412568 10017411
0b000301 0b00c701 10005 100 72258 2024010904 60060757 10018740
0b000c01 0b00c901 10012 100 72894 2040793690 43289302 10018791
0b000c01 0b00c401 10023 100 23869 2043878193 40226425 10014681
0b000b01 0b00c401 10015 100 60230 2034500713 49615679 10017732
0b000401 0b00cf01 10007 100 22486 2036500553 47666142 10014567
0b000801 0b00ca01 10012 100 228290 2027390082 56777689 10031822
0b000301 0b00ce01 10013 100 38209 2033809863 50361343 10015886
0b000001 0b00cd01 10015 100 23399 2034365901 49818847 10014644
0b000e01 0b00c701 10014 100 21266 2043577640 40626876 10014465
0b000a01 0b00c601 10014 100 28954 2045438920 38796221 10015107
0b000c01 0b00c501 10013 100 168463 2027952133 56358972 10026806
0b000601 0b00cf01 10006 100 470595 2017653634 66695102 10052136
0b000f01 0b00cb01 10014 100 69700 2032991882 51366311 10018524
0b000c01 0b00c401 10019 100 20592 2036534866 47826609 10014408
0b000f01 0b00c101 10014 100 40913 2036401789 47997336 10016110
0b000e01 0b00c401 10012 100 19903 2036208435 48193270 10014349
0b000801 0b00c701 10016 100 59342 2033340341 51073902 10017657
0b000401 0b00cd01 10014 100 1792 2034854260 49576892 10012831
0b000001 0b00c401 10011 100 54661 2033072223 51388712 10017264
0b000001 0b00cb01 10012 100 31861 2034272230 50189433 10015351
0b000401 0b00c301 10016 100 41785 2032665874 51822288 10016184
0b000601 0b00c301 10016 100 51341 2034656861 49853364 10016986
0b000101 0b00c401 10012 100 2617 2045906377 38610464 10012900
0b000301 0b00cb01 10027 100 8951 2046991182 37553792 10013430
0b000901 0b00cc01 10011 100 80576 2032447166 52106576 10019437
0b000401 0b00c101 10015 100 155934 2037315957 47255118 10025753
0b000f01 0b00c101 10010 100 99130 2025188143 59384628 10020994
0b000d01 0b00c301 10012 100 166461 2038894001 45679096 10026638
0b000e01 0b00c001 10020 100 76299 2041041310 43534439 10019079
0b000e01 0b00c901 10005 100 66913 2021756950 62819320 10018290
0b000d01 0b00c201 10007 100 65981 2032849254 51727767 10018211
0b000701 0b00c301 10020 100 24365 2047570004 37016182 10014725
0b000201 0b00c401 10007 100 27959 2026456505 58132483 10015024
0b000201 0b00c801 10007 100 1764 2027395444 57194073 10012828
0b000801 0b00c801 10020 100 451 2047415836 37187106 10012719
0b000d01 0b00cf01 10009 100 6290 2028038555 56567106 10013210
0b000e01 0b00ca01 10018 100 158479 2026403087 58213973 10025968
0b000f01 0b00c001 10010 100 1273 2025307617 59318741 10012789
0b000d01 0b00c201 10015 100 2270 2047861811 36771078 10012873
0b000701 0b00c801 10006 100 21452 2024431980 60209785 10014480
0b000f01 0b00c201 10019 100 5507 2035514280 49130769 10013143
0b000d01 0b00cf01 10020 100 9821 2037586639 47103603 10013504
0b000901 0b00cd01 10011 100 111554 2032234875 52477176 10022034
0b000e01 0b00c601 10010 100 14993 2023975246 60745245 10013937
0b000301 0b00ca01 10011 100 323351 2016340122 68391337 10039792
0b000201 0b00c801 10006 100 21694 2026888349 57889573 10014500
0b000f01 0b00c601 10005 100 64554 2026800011 57985291 10018093
0b000901 0b00cd01 10009 100 25998 2026659358 58129179 10014859
0b000b01 0b00cb01 10008 100 110902 2024546651 60247522 10021978
0b000801 0b00c701 10017 100 161 2037630127 47168549 10012696
0b000c01 0b00cd01 10016 100 6449 2037870781 46954345 10013222
0b000f01 0b00c201 10015 100 125357 2031696860 53131112 10023192
0b000d01 0b00cf01 10010 100 7222 2028318962 56518639 10013288
0b000701 0b00c401 10010 100 118887 2030876389 53967423 10022647
0b000001 0b00ce01 10020 100 27465 2045855695 38997009 10014984
0b000001 0b00cc01 10011 100 50959 2024347242 60532716 10016952
0b000c01 0b00c701 10012 100 81730 2042837099 42047417 10019533
0b000c01 0b00ce01 10013 100 4039 2038013228 46882379 10013022
0b000501 0b00c701 10015 100 4034 2034095853 50822407 10013021
0b000501 0b00c301 10013 100 5803 2035078212 49859375 10013167
0b000501 0b00cc01 10012 100 27829 2023050350 61934984 10015013
0b000501 0b00c301 10011 100 27622 2032760833 52230580 10014997
0b000201 0b00c301 10017 100 20358 2046525018 38475346 10014389
0b000f01 0b00c701 10006 100 41069 2024253106 60781284 10016126
0b000201 0b00c301 10009 100 42486 2034097523 50956419 10016244
0b000801 0b00c201 10001 100 1331099 2005073184 79989276 10124282
0b000701 0b00c901 10010 100 21497 2034553913 50512396 10014484
0b000c01 0b00cc01 10017 100 49962 2035624299 49456209 10016868
0b000401 0b00cf01 10015 100 7972 2048860545 36225458 10013348
0b000e01 0b00c601 10015 100 68154 2042372723 42727422 10018397
0b000801 0b00ca01 10020 100 22286 2045567063 39537663 10014551
0b000b01 0b00cc01 10018 100 42584 2035161855 49981752 10016251
0b000b01 0b00c701 10009 100 21054 2026175294 58971159 10014448
0b000c01 0b00c401 10005 100 790129 2008590080 76557905 10078927
0b000601 0b00c301 10015 100 52699 2032595372 52559237 10017099
0b000901 0b00c501 10013 100 968 2026817861 58337350 10012761
0b000101 0b00cf01 10019 100 1282 2036553158 48608464 10012790
0b000101 0b00c501 10013 100 59018 2033044654 52117113 10017631
0b000801 0b00c101 10020 100 2000 2046779796 38413473 10012847
0b000c01 0b00cb01 10008 100 162029 2023635705 61577452 10026268
0b000101 0b00c601 10010 100 5599 2027904527 57351167 10013150
0b000001 0b00c501 10014 100 66200 2033195587 52106008 10018233
0b000f01 0b00cb01 10016 100 31488 2037576823 47726424 10015321
0b000001 0b00c801 10022 100 27870 2045037220 40268381 10015017
0b000a01 0b00c501 10011 100 43923 2035877834 49431015 10016362
0b000001 0b00cd01 10005 100 752325 2009964253 75355422 10075757
0b000101 0b00c901 10016 100 33723 2045438738 39884217 10015508
0b000501 0b00cf01 10010 100 79756 2033484218 51862023 10019367
0b000e01 0b00c701 10012 100 107948 2037167473 48192079 10021730
0b000501 0b00ca01 10013 100 18527 2036773000 48591212 10014235
0b000501 0b00ce01 10013 100 20459 2037537550 47839715 10014397
0b000a01 0b00c501 10010 100 75666 2034511844 50866020 10019025
0b000501 0b00cb01 10016 100 21731 2036943245 48441296 10014502
0b000501 0b00ca01 10016 100 39318 2042785764 42601300 10015979
0b000501 0b00cb01 10020 100 9443 2043401327 41986267 10013473
0b000701 0b00c601 10014 100 47498 2033941749 51456567 10016664
0b000a01 0b00c801 10004 100 904799 2009583462 75824002 10088539
0b000501 0b00c801 10011 100 7881 2035525391 49894307 10013341
0b000501 0b00c801 10012 100 25550 2038542770 46904946 10014823
0b000501 0b00c501 10014 100 52555 2042401146 43048176 10017087
0b000b01 0b00c301 10009 100 61350 2043856349 41617899 10017826
0b000f01 0b00c601 10011 100 17672 2038224222 47253702 10014162
0b000301 0b00c301 10019 100 9538 2047920367 37566721 10013481
0b000901 0b00c101 10004 100 26331 2026120145 59374795 10014890
0b000501 0b00ce01 10018 100 12962 2044572989 40974942 10013766
0b000501 0b00c601 10011 100 63167 2042269603 43291476 10017979
0b000c01 0b00c801 10009 100 514676 2023472695 62093658 10055831
0b000d01 0b00c301 10016 100 22675 2045599248 39967684 10014582
0b000901 0b00c901 10022 100 6562 2047980175 37651350 10013231
0b000501 0b00c701 10020 100 38434 2037953117 47691898 10015904
0b000c01 0b00c001 10008 100 3548 2029185700 56474275 10012979
0b000f01 0b00cf01 10009 100 29000 2037971409 47697406 10015111
0b000801 0b00c501 10012 100 25224 2036156012 49544516 10014797
0b000301 0b00c301 10007 100 796378 2013937546 71765124 10079450
0b000501 0b00cb01 10010 100 62648 2025448917 60265132 10017933
0b000501 0b00c001 10009 100 949945 2008290719 77432976 10092323
0b000d01 0b00c901 10023 100 27620 2047534644 38215151 10014997
0b000f01 0b00cf01 10013 100 146818 2042711340 43040735 10024989
0b000a01 0b00c701 10013 100 30941 2036968632 48787105 10015274
0b000101 0b00cc01 10028 100 28591 2044979393 40783889 10015078
0b000a01 0b00cf01 10012 100 64823 2034286867 51484190 10018115
0b000c01 0b00cb01 10021 100 2573 2049068603 36720268 10012897
0b000e01 0b00c301 10016 100 69878 2031898076 53934836 10018539
0b000301 0b00ca01 10016 100 35983 2037060932 48780075 10015696
0b000501 0b00cb01 10011 100 270740 2026475925 59373440 10035379
0b000701 0b00c601 10008 100 79288 2023572397 62277105 10019330
0b000801 0b00c401 10008 100 5354 2027410499 58446616 10013131
0b000b01 0b00c301 10005 100 26370 2036376579 49494082 10014893
0b000d01 0b00c301 10011 100 26894 2035816567 50066857 10014935
0b000801 0b00ca01 10016 100 20363 2037762186 48122474 10014389
0b000c01 0b00c301 10012 100 1074 2046970190 38933639 10012773
0b000901 0b00c501 10017 100 71930 2034030994 51927176 10018710
0b000a01 0b00c201 10016 100 1002 2037626688 48364370 10012767
0b000001 0b00c401 10012 100 20566 2036290324 49705161 10014405
0b000201 0b00c401 10016 100 26772 2045732398 40263725 10014925
0b000001 0b00c901 10022 100 57502 2044957373 41047317 10017502
0b000b01 0b00cf01 10009 100 25299 2028031436 57983841 10014803
0b000201 0b00c601 10011 100 350844 2017231073 68815888 10042095
0b000701 0b00c601 10017 100 15 2039868958 46178204 10012685
0b000201 0b00c501 10010 100 69642 2033777976 52270209 10018520
0b000401 0b00c101 10010 100 5274 2029195983 56864960 10013124
0b000c01 0b00cc01 10021 100 43577 2044320821 41779891 10016335
0b000e01 0b00cc01 10012 100 137596 2027016122 59085480 10024217
0b000801 0b00c701 10011 100 521777 2018253221 67849183 10056426
0b000701 0b00cd01 10016 100 2928 2036482067 49628524 10012925
0b000d01 0b00cb01 10014 100 64680 2024947426 61178468 10018104
0b000f01 0b00c901 10007 100 1028160 2016364994 69768432 10098884
0b000b01 0b00ca01 10013 100 45331 2027679109 58474945 10016483
0b000901 0b00c801 10011 100 92313 2033292137 52866838 10020422
0b000601 0b00c401 10017 100 78125 2033891743 52274755 10019233
0b000b01 0b00c301 10011 100 20977 2046743666 39451674 10014438
0b000201 0b00cf01 10014 100 25450 2037813648 48409334 10014815
0b000501 0b00c501 10010 100 145184 2039955230 46279302 10024855
0b000301 0b00c301 10005 100 826263 2009527000 76726546 10081956
0b000101 0b00c201 10012 100 24860 2037705268 48595029 10014764
0b000f01 0b00cc01 10016 100 21270 2038796286 47546144 10014466
0b000301 0b00c801 10020 100 70162 2045318858 41024138 10018565
0b000701 0b00ca01 10014 100 147592 2038942162 47410179 10025055
0b000401 0b00c601 10010 100 5178 2026498897 59856948 10013117
0b000301 0b00c301 10014 100 64398 2034580152 51790285 10018081
0b000e01 0b00cd01 10015 100 3432 2039335105 47044867 10012969
0b000a01 0b00c801 10007 100 716444 2013454203 72930187 10072748
0b000801 0b00c801 10022 100 16869 2048229462 38167143 10014094
0b000f01 0b00c501 10009 100 8582 2039419380 47018598 10013401
0b000601 0b00cc01 10010 100 242834 2024690795 61753183 10033039
0b000201 0b00c501 10011 100 68271 2034053246 52393144 10018406
0b000c01 0b00c901 10015 100 5801 2047264084 39211518 10013167
0b000201 0b00c301 10010 100 2779 2037770705 48710960 10012913
0b000f01 0b00c501 10003 100 64110 2025094131 61399867 10018058
0b000501 0b00cf01 10015 100 40721 2047602914 38892938 10016095
0b000b01 0b00ca01 10014 100 7159 2027899998 58597842 10013283
0b000e01 0b00ca01 10028 100 36043 2044353999 42144131 10015705
0b000301 0b00c901 10010 100 2142 2037827002 48706253 10012862
0b000501 0b00cc01 10025 100 47 2050483122 36096685 10012687
0b000401 0b00ce01 10015 100 35667 2034533059 52060865 10015671
0b000301 0b00c301 10013 100 65811 2026766988 59867990 10018198
0b000d01 0b00c201 10008 100 50948 2035388553 51255236 10016951
0b000201 0b00cf01 10018 100 4714 2039376686 47267529 10013076
0b000001 0b00cd01 10009 100 487107 2016544200 70101486 10053522
0b000f01 0b00c601 10013 100 106282 2043191964 43479481 10021593
0b000801 0b00c201 10012 100 97718 2035077268 51642688 10020873
0b000401 0b00cb01 10009 100 19806 2029747830 56976723 10014341
0b000601 0b00c401 10022 100 42959 2043357561 43370476 10016281
0b000101 0b00cb01 10013 100 39819 2026632406 60139432 10016019
0b000f01 0b00c301 10016 100 699 2050148662 36628680 10012739
0b000401 0b00c901 10008 100 369544 2017846861 68941814 10043664
0b000901 0b00ce01 10009 100 113299 2033989016 52804367 10022181
0b000701 0b00c101 10013 100 19899 2045814115 40997597 10014348
0b000c01 0b00ce01 10012 100 13065 2037209298 49614406 10013778
0b000601 0b00c501 10016 100 15268 2040037912 46831101 10013962
0b000801 0b00c301 10012 100 54768 2026605743 60271549 10017272
0b000601 0b00c901 10013 100 7337 2040550994 46352747 10013297
0b000001 0b00c801 10018 100 15702 2038999919 47932703 10013997
0b000d01 0b00ce01 10010 100 290846 2020159699 66776126 10037065
0b000901 0b00c101 10005 100 13978 2028147408 58801152 10013852
0b000201 0b00c701 10009 100 19501 2029096926 57854273 10014316
0b000701 0b00ce01 10018 100 20018 2049728436 37261107 10014362
0b000601 0b00c001 10020 100 9189 2050381698 36638840 10013453
0b000601 0b00cd01 10022 100 6268 2050606217 36414567 10013208
0b000601 0b00cc01 10021 100 18770 2045416925 41612459 10014254
0b000a01 0b00c401 10008 100 134296 2033078394 53994461 10023942
0b000801 0b00ce01 10016 100 6632 2039532598 47541698 10013237
0b000c01 0b00c101 10009 100 25072 2046365583 40722189 10014785
0b000601 0b00c301 10018 100 27277 2035774283 51315019 10014969
0b000b01 0b00c901 10011 100 172951 2032545085 54573699 10027180
0b000701 0b00ce01 10010 100 8234 2037364472 49774495 10013373
0b000401 0b00c501 10008 100 27902 2029665692 57494322 10015019
0b000401 0b00c301 10020 100 11296 2036037733 51128390 10013629
0b000601 0b00c401 10018 100 43319 2034525638 52665758 10016314
0b000401 0b00c001 10005 100 46672 2034358466 52845649 10016594
0b000001 0b00c301 10011 100 18829 2047637153 39569230 10014259
0b000301 0b00c101 10016 100 31952 2028817828 58390926 10015359
0b000301 0b00c101 10006 100 934572 2004933864 82296864 10091036
0b000401 0b00cb01 10015 100 27914 2048654749 38585953 10015020
0b000601 0b00c401 10024 100 18027 2049418117 37851016 10014195
0b000701 0b00c401 10011 100 1949 2031196673 56081192 10012843
0b000601 0b00c201 10012 100 5430 2040889224 46394831 10013137
0b000b01 0b00c901 10016 100 27726 2047483263 39802604 10015005
0b000c01 0b00cb01 10010 100 36126 2025931512 61356775 10015712
0b000f01 0b00c701 10014 100 9016 2038101708 49210058 10013439
0b000701 0b00cc01 10014 100 15071 2047241382 40070430 10013947
0b000f01 0b00c601 10012 100 5219 2040322149 46995276 10013120
0b000301 0b00ce01 10010 100 29381 2027801236 59524879 10015145
0b000901 0b00c901 10024 100 3007 2049927928 37431031 10012935
0b000d01 0b00c501 10010 100 45341 2038377926 49013141 10016483
0b000701 0b00c701 10016 100 149230 2040389643 47013438 10025194
0b000e01 0b00c201 10018 100 20872 2038990735 48423746 10014430
0b000701 0b00c001 10017 100 34633 2040154702 47263618 10015585
0b000e01 0b00c101 10020 100 7481 2050248482 37196484 10013309
0b000801 0b00ca01 10013 100 32973 2029064266 58387287 10015444
0b000601 0b00c001 10011 100 46372 2034701791 52760739 10016570
0b000601 0b00c401 10026 100 13346 2050707387 36786357 10013801
0b000001 0b00c201 10008 100 57100 2026588630 60906071 10017470
0b000201 0b00ce01 10019 100 2888 2030326242 57174707 10012922
0b000b01 0b00c901 10017 100 50767 2047590990 39978433 10016937
0b000301 0b00ce01 10011 100 35323 2028951570 58646171 10015644
0b000d01 0b00cf01 10018 100 68811 2035445649 52174872 10018449
0b000701 0b00c201 10015 100 8065 2041217810 46408291 10013359
0b000d01 0b00c001 10016 100 50093 2045994412 41659430 10016883
0b000101 0b00c301 10014 100 44453 2036253652 51416134 10016409
0b000301 0b00c801 10015 100 14007 2038506764 49192944 10013858
0b000901 0b00c501 10021 100 17946 2048254581 39458987 10014184
0b000f01 0b00c901 10016 100 27020 2039982506 47789782 10014949
0b000701 0b00cb01 10020 100 10859 2047826522 39946349 10013590
0b000801 0b00ca01 10014 100 22237 2029656473 58117408 10014547
0b000a01 0b00cd01 10010 100 66090 2035904939 51873069 10018224
0b000a01 0b00ce01 10010 100 79527 2035276286 52501794 10019349
0b000001 0b00c001 10021 100 20390 2039476382 48340874 10014391
0b000801 0b00c801 10013 100 14926 2030104550 57743990 10013931
0b000301 0b00cb01 10016 100 52003 2027313338 60569745 10017043
0b000d01 0b00c801 10014 100 53743 2029682504 58259834 10017186
0b000601 0b00c901 10012 100 26250 2040136167 47855289 10014883
0b000301 0b00c701 10012 100 42831 2047342996 40656918 10016271
0b000c01 0b00c601 10010 100 41679 2029309598 58697511 10016175
0b000301 0b00c101 10018 100 73876 2036972340 51034814 10018874
0b000a01 0b00ce01 10009 100 160807 2031828625 56182485 10026162
0b000201 0b00c701 10013 100 64827 2035770802 52283680 10018115
0b000c01 0b00c501 10003 100 1345738 2005406346 82672470 10125507
0b000401 0b00c001 10006 100 64835 2034717559 53363986 10018116
0b000201 0b00c601 10027 100 2645 2049684039 38404031 10012903
0b000f01 0b00c201 10021 100 75535 2036639545 51453075 10019014
0b000801 0b00c301 10015 100 335 2030931685 57170104 10012710
0b000b01 0b00c401 10019 100 9279 2039330072 48787593 10013460
0b000e01 0b00c301 10017 100 72454 2033378476 54751886 10018756
0b000a01 0b00c501 10009 100 73856 2027007927 61137942 10018872
0b000c01 0b00c301 10005 100 31610 2028203637 59993956 10015331
0b000f01 0b00c201 10024 100 22196 2040619297 47578323 10014544
0b000701 0b00cd01 10011 100 10870 2028243049 59955414 10013591
0b000f01 0b00cd01 10013 100 68036 2048390590 39814236 10018387
0b000b01 0b00c001 10016 100 9171 2040605620 47615408 10013452
0b000d01 0b00c401 10003 100 1026729 2015799771 72421471 10098762
0b000801 0b00c401 10016 100 8849 2049350748 38875226 10013422
0b000401 0b00ca01 10019 100 20314 2046963508 41274977 10014385
0b000601 0b00c801 10011 100 3954 2038517189 49732380 10013011
0b000501 0b00ca01 10010 100 19941 2030208292 58062850 10014352
0b000701 0b00cb01 10017 100 59989 2039620767 48663506 10017709
0b000c01 0b00c501 10016 100 58261 2036175780 52109110 10017567
0b000101 0b00c901 10012 100 45210 2036557042 51763364 10016473
0b000101 0b00c801 10012 100 56945 2037380578 50962595 10017454
0b000501 0b00ca01 10014 100 4152 2040498060 47871589 10013031
0b000b01 0b00c601 10016 100 54924 2037484924 50918904 10017285
0b000501 0b00c201 10013 100 66439 2034878717 53535339 10018252
0b000401 0b00c601 10019 100 62514 2044771610 43682347 10017923
0b000101 0b00cf01 10018 100 115159 2032465479 56012151 10022338
0b000201 0b00c101 10017 100 32227 2039389122 49092125 10015384
0b000f01 0b00c701 10013 100 63637 2037497721 51024418 10018016
0b000f01 0b00cb01 10024 100 3744 2049450098 39076479 10012994
0b000d01 0b00c101 10006 100 62431 2036650575 51890878 10017916
0b000801 0b00ca01 10017 100 38297 2038463827 50091897 10015893
0b000b01 0b00cf01 10012 100 15743 2039484674 49073343 10014000
0b000b01 0b00cc01 10016 100 176626 2032691606 55890331 10027489
0b000601 0b00cf01 10021 100 42157 2048444759 40161636 10016217
0b000201 0b00c401 10018 100 24718 2048469488 40138338 10014753
0b000201 0b00c701 10015 100 61987 2037848465 50812681 10017877
0b000701 0b00c401 10016 100 13880 2048348194 40334726 10013844
0b000e01 0b00c401 10018 100 2901 2049597595 39111627 10012923
0b000001 0b00cc01 10016 100 29789 2038405308 50318943 10015178
0b000301 0b00c001 10010 100 32899 2048599037 40181389 10015438
0b000c01 0b00c401 10018 100 62930 2036417649 52364511 10017956
0b000b01 0b00c901 10010 100 3841 2031540015 57258993 10013002
0b000a01 0b00c401 10011 100 68344 2037944913 50854095 10018412
0b000401 0b00cd01 10015 100 48488 2040147462 48674944 10016747
0b000a01 0b00ca01 10016 100 16376 2050440252 38414822 10014055
0b000201 0b00c901 10020 100 633 2050507261 38371940 10012734
0b000f01 0b00c001 10016 100 42710 2047976536 40908080 10016261
0b000501 0b00c501 10011 100 23730 2040975029 47958021 10014670
0b000e01 0b00cf01 10010 100 15683 2031020303 57927120 10013996
0b000001 0b00ce01 10017 100 19891 2040756855 48197233 10014348
0b000101 0b00c101 10020 100 11980 2050944793 38035487 10013684
0b000001 0b00cf01 10016 100 29886 2040112537 48878358 10015186
0b000001 0b00cd01 10020 100 154178 2041342558 47649831 10025609
0b000e01 0b00cb01 10012 100 7711 2039593761 49410540 10013327
0b000e01 0b00c101 10008 100 273886 2022672424 66333893 10035643
0b000d01 0b00c101 10009 100 20454 2048970949 40069446 10014396
0b000a01 0b00cf01 10015 100 31199 2038996442 50068045 10015298
0b000d01 0b00c001 10013 100 45462 2040045860 49094677 10016493
0b000101 0b00c101 10016 100 54379 2038203608 50941931 10017241
0b000301 0b00c201 10015 100 66154 2038446630 50710811 10018229
0b000a01 0b00c101 10010 100 53605 2048358084 40851395 10017175
0b000501 0b00cf01 10012 100 41854 2038481701 50794873 10016189
0b000601 0b00cd01 10015 100 2746 2039217358 50072407 10012911
0b000501 0b00c301 10018 100 63178 2048965277 40364827 10017980
0b000d01 0b00ce01 10012 100 57033 2028413748 60947773 10017465
0b000101 0b00c101 10011 100 24635 2031062367 58312377 10014746
0b000301 0b00c301 10015 100 66671 2037315167 52130288 10018270
0b000701 0b00cf01 10009 100 2808 2033302452 56144536 10012916
0b000e01 0b00c201 10019 100 20119 2039023413 50441116 10014370
0b000601 0b00cb01 10007 100 2035 2039635416 49835800 10012854
0b000e01 0b00c201 10016 100 12090 2032199214 57277334 10013697
0b000301 0b00ce01 10015 100 74638 2036943984 52545029 10018939
0b000301 0b00c401 10012 100 29105 2050426614 39068493 10015123
0b000601 0b00ce01 10011 100 6031 2038870145 50630093 10013189
0b000701 0b00c601 10016 100 27963 2038277659 51244417 10015024
0b000501 0b00c301 10020 100 34397 2050622595 39068922 10015566
0b000801 0b00cc01 10015 100 38386 2039466979 50235476 10015900
0b000001 0b00cf01 10019 100 14475 2050441798 39291817 10013895
0b000601 0b00c301 10019 100 53531 2036185575 53580550 10017169
0b000801 0b00c101 10018 100 26232 2040135990 49647393 10014882
0b000b01 0b00c601 10010 100 14318 2030921670 58878486 10013883
0b000701 0b00c401 10005 100 234879 2023303412 66519679 10032372
0b000701 0b00ce01 10003 100 1277857 2009137368 80718650 10119816
0b000901 0b00cc01 10013 100 9781 2041086221 48784935 10013500
0b000601 0b00c601 10022 100 23897 2041359824 48585194 10014683
0b000201 0b00cf01 10011 100 180748 2031410134 58562891 10027834
0b000201 0b00c701 10011 100 7235 2031281743 58717204 10013289
0b000801 0b00cd01 10016 100 13632 2040996701 49093745 10013824
0b000701 0b00cb01 10015 100 107914 2035485545 54629073 10021727
0b000d01 0b00ca01 10008 100 54570 2038516217 51609576 10017256
0b000a01 0b00cd01 10009 100 27684 2030730013 59396485 10015002
0b000901 0b00c701 10011 100 718296 2016402534 73737194 10072904
0b000c01 0b00ce01 10014 100 23161 2039980408 50171543 10014625
0b000001 0b00c701 10022 100 4545 2041405457 48747775 10013062
0b000001 0b00c801 10019 100 32944 2039594187 50559150 10015442
0b000f01 0b00ca01 10015 100 24227 2032694798 57461787 10014714
0b000401 0b00cb01 10010 100 5076 2030267010 59897184 10013109
0b000f01 0b00c701 10012 100 192461 2036254131 53963065 10028818
0b000d01 0b00c001 10014 100 4140 2041206845 49040695 10013030
0b000001 0b00cd01 10017 100 64318 2037716184 52533824 10018075
0b000901 0b00c601 10009 100 60009 2029384192 60888576 10017714
0b000d01 0b00cd01 10016 100 7124 2043004782 47269962 10013280
0b000f01 0b00c101 10016 100 24179 2042399027 47880491 10014710
0b000f01 0b00cd01 10006 100 328499 2021483614 68800566 10040223
0b000f01 0b00c501 10007 100 157820 2028566951 61746568 10025912
0b000201 0b00c501 10000 100 2120194 2003126678 87198573 10190440
0b000801 0b00ce01 10015 100 50118 2039373909 50960341 10016885
0b000901 0b00cc01 10014 100 22137 2041984402 48352976 10014539
0b000101 0b00c601 10015 100 49576 2039834841 50522040 10016838
0b000801 0b00cd01 10015 100 29842 2031785696 58576002 10015182
0b000001 0b00c001 10027 100 27860 2050100457 40279220 10015016
0b000701 0b00c001 10020 100 21240 2049251620 41134535 10014463
0b000201 0b00c301 10019 100 22410 2050587442 39804749 10014561
0b000601 0b00c401 10019 100 109511 2035521244 54887296 10021863
0b000601 0b00c601 10021 100 20688 2039753365 50783943 10014415
0b000d01 0b00c301 10018 100 24926 2049990917 40579945 10014770
0b000001 0b00ce01 10011 100 65799 2028862870 61787405 10018197
0b000c01 0b00cb01 10014 100 28534 2032346795 58304549 10015074
0b000301 0b00c601 10017 100 4860 2052979972 37674620 10013088
0b000901 0b00c101 10012 100 25004 2050680906 39976338 10014780
0b000901 0b00cc01 10015 100 492 2053263312 37411266 10012723
0b000201 0b00c501 10012 100 151997 2034359035 56327859 10025423
0b000301 0b00c801 10018 100 40306 2041515618 49190143 10016061
0b000901 0b00c601 10015 100 2545 2052327583 38387189 10012895
0b000c01 0b00c601 10015 100 29920 2040329594 50408254 10015188
0b000c01 0b00cc01 10020 100 50266 2040843258 49908646 10016897
0b000c01 0b00c101 10006 100 81018 2037530080 53253548 10019476
0b000401 0b00c001 10012 100 35143 2048290117 42515122 10015629
0b000201 0b00c601 10022 100 7119 2041630990 49179146 10013280
0b000901 0b00c501 10018 100 17182 2041615784 49224074 10014123
0b000d01 0b00c101 10005 100 131830 2035537714 55330697 10023733
0b000601 0b00cd01 10024 100 15717 2053922291 36981958 10013998
0b000701 0b00c301 10018 100 20731 2040729043 50191533 10014419
0b000801 0b00c801 10012 100 411990 2025723415 65204225 10047221
0b000601 0b00c801 10009 100 74583 2035876685 55076610 10018934
0b000c01 0b00c401 10020 100 228748 2037241292 53717040 10031859
0b000201 0b00ca01 10012 100 3276 2043811194 47148707 10012957
0b000801 0b00c401 10013 100 27429 2042317539 48649499 10014981
0b000301 0b00c601 10010 100 28906 2032633284 58343632 10015103
0b000301 0b00c601 10011 100 27015 2032715826 58261095 10014948
0b000101 0b00c501 10012 100 192948 2029938630 61047888 10028856
0b000901 0b00ca01 10022 100 2671 2053602893 37433619 10012905
0b000601 0b00cf01 10016 100 64598 2039914549 51127919 10018097
0b000101 0b00cd01 10011 100 3076 2033948914 57099512 10012941
0b000a01 0b00c201 10017 100 90596 2038912829 52138258 10020277
0b000b01 0b00c201 10010 100 55443 2041064557 49991155 10017330
0b000201 0b00c901 10016 100 29359 2040343544 50713194 10015143
0b000d01 0b00c801 10020 100 54087 2048760822 42300146 10017218
0b000201 0b00c601 10020 100 73908 2037707071 53373139 10018876
0b000101 0b00c501 10018 100 41790 2039643159 51444907 10016184
0b000701 0b00c201 10016 100 24362 2044129665 46982362 10014724
0b000701 0b00c401 10015 100 5572 2044745085 46367115 10013148
0b000301 0b00ca01 10018 100 59008 2039197210 51916113 10017631
0b000d01 0b00c401 10016 100 3399 2051908522 39210359 10012967
0b000a01 0b00cc01 10015 100 39014 2041819884 49322956 10015954
0b000f01 0b00cc01 10021 100 14332 2051390699 39756801 10013884
0b000b01 0b00c801 10010 100 20344 2032103827 59099570 10014388
0b000901 0b00c401 10008 100 345913 2020594613 70656768 10041681
0b000001 0b00c901 10018 100 66637 2038684747 52571385 10018268
0b000801 0b00c801 10015 100 35033 2032535864 58721652 10015620
0b000701 0b00c401 10008 100 65226 2029984672 61286565 10018151
0b000201 0b00c501 10009 100 50666 2031929458 59357263 10016929
0b000b01 0b00cd01 10014 100 50859 2050005383 41286604 10016944
0b000501 0b00c501 10008 100 5050 2034210036 57119715 10013107
0b000101 0b00c501 10021 100 7577 2043786547 47550491 10013316
0b000001 0b00c201 10014 100 23762 2052297258 39050524 10014673
0b000e01 0b00ca01 10022 100 8863 2031587028 59761505 10013423
0b000b01 0b00c301 10004 100 352698 2022909203 68481120 10042251
0b000f01 0b00c501 10010 100 43379 2042762584 48640235 10016319
0b000901 0b00c301 10017 100 15979 2043527383 47898039 10014019
0b000801 0b00c301 10016 100 9727 2032757731 58690747 10013496
0b000a01 0b00c201 10021 100 98651 2047420927 44064387 10020952
0b000d01 0b00c701 10017 100 11965 2044078067 47407798 10013683
0b000401 0b00c101 10023 100 17190 2053925899 37597923 10014124
0b000301 0b00ca01 10017 100 113374 2038232284 53328002 10022187
0b000d01 0b00c301 10014 100 10761 2042201136 49361658 10013583
0b000e01 0b00c101 10023 100 6950 2054731603 36834267 10013262
0b000301 0b00cf01 10009 100 267249 2029577838 62012576 10035089
0b000301 0b00c001 10006 100 9811 2032545671 59055474 10013503
0b000401 0b00ce01 10011 100 29163 2031155947 60461437 10015128
0b000101 0b00c101 10013 100 15340 2032132717 59487790 10013968
0b000401 0b00c101 10022 100 27954 2053781650 37858880 10015023
0b000701 0b00c201 10014 100 16686 2041211093 50473696 10014080
0b000d01 0b00c301 10008 100 33714 2031179611 60512374 10015507
0b000401 0b00c301 10015 100 388079 2028316005 63413249 10045220
0b000f01 0b00c801 10017 100 65675 2049274028 42468641 10018187
0b000001 0b00c601 10000 100 782985 2008436248 83331700 10078325
0b000c01 0b00c201 10013 100 8157 2042522780 49293857 10013367
0b000f01 0b00ce01 10010 100 218267 2028157659 63662568 10030982
0b000501 0b00c901 10016 100 58405 2037521654 54298752 10017578
0b000501 0b00c101 10013 100 1881 2040608001 51214297 10012838
0b000801 0b00c201 10017 100 74921 2050321879 41502263 10018961
0b000101 0b00c401 10010 100 1499 2043163113 48674675 10012807
0b000101 0b00c701 10007 100 5167 2042818704 49053007 10013116
0b000a01 0b00c401 10014 100 8404 2044167042 47705857 10013386
0b000a01 0b00c601 10012 100 9132 2043005744 48878227 10013448
0b000701 0b00cf01 10014 100 9031 2055285252 36602348 10013440
0b000a01 0b00c601 10009 100 49177 2032504148 59393160 10016806
0b000801 0b00c401 10017 100 9878 2053095367 38812253 10013508
0b000401 0b00ce01 10019 100 2743 2052309187 39610083 10012910
0b000201 0b00cf01 10019 100 55150 2039523450 52401530 10017307
0b000201 0b00c301 10013 100 40902 2040544986 51381236 10016109
0b000f01 0b00c701 10016 100 150669 2045660654 46331558 10025313
0b000301 0b00c801 10013 100 46551 2032898686 59102638 10016584
0b000501 0b00c601 10008 100 26740 2031410203 60598609 10014922
0b000d01 0b00c901 10022 100 37343 2043046427 48962497 10015813
0b000c01 0b00c401 10022 100 33156 2043064290 48992746 10015463
0b000701 0b00c601 10024 100 9699 2051839633 40221419 10013494
0b000001 0b00cf01 10014 100 2965 2035004913 57068130 10012928
0b000701 0b00c301 10009 100 457142 2030937865 61203430 10051010
0b000c01 0b00cb01 10017 100 74337 2038886285 53267607 10018914
0b000e01 0b00cb01 10019 100 24151 2050867970 41315734 10014708
0b000501 0b00cb01 10018 100 46220 2042784827 49399648 10016558
0b000501 0b00c901 10014 100 8519 2036114502 56082549 10013396
0b000801 0b00c701 10004 100 1524385 2004826444 87408514 10140486
0b000a01 0b00c201 10015 100 17183 2033213871 59054124 10014123
0b000e01 0b00cc01 10018 100 14231 2054796259 37478615 10013876
0b000701 0b00ce01 10014 100 32401 2044464285 47829449 10015398
0b000901 0b00cd01 10017 100 64743 2050558434 41767038 10018109
0b000501 0b00c501 10007 100 4791 2032742760 59632415 10013082
0b000f01 0b00c401 10017 100 9828 2055609668 36784341 10013504
0b000d01 0b00c901 10021 100 16621 2042715126 49694901 10014074
0b000501 0b00c301 10015 100 74844 2041385282 51042992 10018955
0b000e01 0b00c901 10014 100 67438 2037940879 54503931 10018336
0b000a01 0b00c401 10016 100 3672 2045228869 47235687 10012989
0b000501 0b00ca01 10017 100 24250 2045411072 47055792 10014716
0b000d01 0b00cf01 10019 100 4334 2035716161 56761715 10013045
0b000a01 0b00ce01 10014 100 14498 2044664020 47860430 10013897
0b000701 0b00c401 10012 100 37493 2031284400 61331455 10015825
0b000e01 0b00c401 10013 100 25791 2041644064 50973162 10014843
0b000301 0b00c201 10013 100 45895 2033626860 59008523 10016528
0b000201 0b00c701 10005 100 762691 2013948398 78689525 10076625
0b000501 0b00c601 10004 100 934792 2011669765 80969835 10091053
0b000c01 0b00c701 10016 100 44207 2050198406 42475116 10016389
0b000301 0b00c901 10012 100 26354 2042572327 50121626 10014892
0b000f01 0b00cb01 10021 100 167580 2048043321 44662094 10026731
0b000001 0b00c601 10018 100 22274 2033069562 59661486 10014550
0b000501 0b00c701 10022 100 46836 2043346413 49384913 10016607
0b000b01 0b00c201 10008 100 73344 2032585333 60150164 10018831
0b000301 0b00c101 10019 100 27478 2042564991 50174476 10014985
0b000601 0b00c001 10009 100 7666 2032933701 59819817 10013324
0b000a01 0b00cc01 10011 100 22130 2034447511 58324611 10014538
0b000a01 0b00c901 10015 100 6607 2035208683 57564112 10013235
0b000601 0b00c201 10014 100 3592 2042637748 50144712 10012982
0b000a01 0b00cf01 10006 100 744931 2015403763 77379164 10075135
0b000001 0b00c901 10020 100 46744 2041300233 51503052 10016600
0b000001 0b00c801 10020 100 27763 2042510943 50293112 10015008
0b000001 0b00c301 10014 100 15058 2053698566 39114773 10013946
0b000d01 0b00c201 10017 100 28034 2051939943 40882263 10015034
0b000001 0b00ce01 10014 100 11441 2035427621 57402545 10013641
0b000d01 0b00cf01 10021 100 71042 2040322967 52524758 10018639
0b000a01 0b00cc01 10016 100 28335 2044022645 48827385 10015058
0b000001 0b00c801 10012 100 533228 2023953808 68923894 10057388
0b000801 0b00ca01 10022 100 108775 2048636350 44242661 10021800
0b000501 0b00c701 10021 100 2395 2043310809 49631079 10012883
0b000101 0b00c701 10005 100 95246 2038787317 54156865 10020668
0b000801 0b00c601 10011 100 125976 2038209950 54757434 10023241
0b000201 0b00c401 10009 100 75128 2030915526 62080886 10018982
0b000501 0b00c901 10020 100 30756 2053860600 39138787 10015259
0b000901 0b00ca01 10021 100 79715 2049450218 43552513 10019364
0b000c01 0b00c001 10012 100 44712 2053412811 39597092 10016429
0b000a01 0b00ce01 10011 100 1567 2035827108 57198477 10012813
0b000401 0b00c101 10017 100 4891 2042380821 50645147 10013090
0b000101 0b00c201 10017 100 12730 2045047473 47980604 10013748
0b000201 0b00c601 10028 100 54821 2051492002 41546470 10017276
0b000d01 0b00c101 10013 100 2637 2056594099 36454197 10012902
0b000001 0b00c701 10017 100 55078 2031588558 61461994 10017301
0b000101 0b00cd01 10010 100 29901 2032778663 60272851 10015187
0b000a01 0b00c701 10025 100 8437 2054260945 38804884 10013389
0b000d01 0b00ca01 10010 100 28194 2044681060 48389600 10015046
0b000801 0b00c901 10012 100 9041 2044339214 48760142 10013441
0b000b01 0b00c501 10010 100 108738 2031829017 61300187 10021797
0b000501 0b00ce01 10015 100 50556 2040569268 52560479 10016920
0b000401 0b00c601 10008 100 216713 2022002464 71135458 10030850
0b000f01 0b00c201 10026 100 9371 2044013292 49125184 10013468
0b000c01 0b00ce01 10010 100 66000 2033414613 59725369 10018213
0b000d01 0b00cc01 10013 100 43466 2051445449 41703924 10016326
0b000101 0b00cd01 10017 100 41363 2042989572 50186594 10016150
0b000701 0b00c101 10010 100 2029 2037150239 56040857 10012853
0b000a01 0b00c801 10021 100 11018 2045373693 47819085 10013607
0b000b01 0b00c401 10021 100 68294 2041379988 51833270 10018408
0b000b01 0b00c601 10011 100 61889 2032490330 60741920 10017869
0b000401 0b00ce01 10014 100 45204 2034120274 59120674 10016472
0b000901 0b00c701 10025 100 23298 2053516586 39729321 10014636
0b000a01 0b00cc01 10013 100 77713 2040735592 52530107 10019196
0b000301 0b00ca01 10001 100 1375799 2003091764 90174786 10128027
0b000d01 0b00c201 10020 100 1359 2057016167 36271544 10012796
0b000101 0b00c001 10012 100 5208 2036048414 57244885 10013119
0b000d01 0b00c301 10017 100 14113 2045837199 47531349 10013866
0b000901 0b00ce01 10008 100 51358 2033680992 59691139 10016988
0b000001 0b00c001 10012 100 596586 2016441136 76958619 10062699
0b000801 0b00c101 10017 100 118200 2038969396 54453840 10022592
0b000901 0b00cd01 10013 100 26520 2033789056 59635361 10014905
0b000001 0b00ce01 10019 100 9935 2044291510 49150206 10013513
0b000901 0b00c101 10011 100 16935 2045352203 48092508 10014100
0b000601 0b00c501 10019 100 3998 2047263373 46207076 10013015
0b000301 0b00cb01 10015 100 381813 2026206222 67278706 10044691
0b000101 0b00c901 10014 100 73678 2039611035 53895460 10018858
0b000c01 0b00cd01 10015 100 62870 2031454861 62070215 10017951
0b000901 0b00c301 10018 100 25086 2044933192 48604960 10014786
0b000801 0b00ce01 10018 100 51259 2042406408 51161409 10016980
0b000001 0b00c001 10020 100 7630 2036317388 57277142 10013321
0b000801 0b00c501 10016 100 59263 2042090815 51519196 10017651
0b000901 0b00c801 10013 100 810 2036362870 57264000 10012748
0b000b01 0b00c301 10010 100 4543 2046266621 47394726 10013062
0b000b01 0b00c001 10013 100 87555 2031934908 61730795 10020022
0b000b01 0b00cc01 10020 100 148271 2037915630 55778491 10025113
0b000b01 0b00c101 10008 100 8672 2036163168 57582488 10013408
0b000601 0b00c201 10015 100 42259 2044027845 49719098 10016225
0b000701 0b00c201 10000 100 1994995 2002539914 91207734 10179940
0b000001 0b00cd01 10022 100 23138 2043842557 49928232 10014623
0b000701 0b00c501 10010 100 76353 2052929804 40873879 10019083
0b000d01 0b00ca01 10005 100 59005 2032459583 61346258 10017630
0b000601 0b00c601 10023 100 28353 2041530126 52322712 10015059
0b000801 0b00c601 10013 100 10790 2044934940 48926321 10013585
0b000b01 0b00c001 10010 100 679906 2021392667 72476345 10069683
0b000b01 0b00ca01 10019 100 22155 2045490287 48448719 10014540
0b000e01 0b00c601 10017 100 15341 2045741608 48198845 10013968
0b000d01 0b00c901 10019 100 73120 2041277970 52691288 10018813
0b000201 0b00ce01 10027 100 46263 2052794372 41175149 10016561
0b000f01 0b00c701 10011 100 1609 2035064213 58918622 10012816
0b000401 0b00cd01 10001 100 1458709 2002049529 91966914 10134979
0b000801 0b00c601 10010 100 27047 2035651275 58444574 10014951
0b000e01 0b00c501 10002 100 1071786 2002389105 91745263 10102539
0b000701 0b00c401 10018 100 9216 2054285365 39851037 10013455
0b000201 0b00c801 10011 100 1865 2046989790 47162220 10012836
0b000a01 0b00cf01 10011 100 278235 2032432736 61764423 10036010
0b000b01 0b00c701 10015 100 18707 2045945274 48252671 10014249
0b000c01 0b00c301 10015 100 78837 2052228238 41992024 10019290
0b000201 0b00c901 10022 100 8586 2056000320 38257191 10013401
0b000c01 0b00cf01 10024 100 36308 2052179960 42091819 10015726
0b000f01 0b00c201 10025 100 43617 2043705308 50571307 10016338
0b000b01 0b00c601 10018 100 7949 2046715802 47578206 10013346
0b000001 0b00c801 10028 100 21978 2054757975 39536452 10014522
0b000201 0b00cf01 10021 100 12375 2044899401 49417240 10013719
0b000701 0b00c801 10007 100 430378 2033620058 60697898 10048765
0b000401 0b00c901 10022 100 7515 2057617555 36717595 10013311
0b000401 0b00ce01 10013 100 32100 2033106666 61228989 10015374
0b000201 0b00cf01 10009 100 417940 2020506738 73936773 10047720
0b000601 0b00cf01 10017 100 20070 2043657749 50806046 10014366
0b000801 0b00c101 10015 100 184141 2028300792 66177078 10028121
0b000c01 0b00c701 10017 100 4636 2058021967 36474394 10013070
0b000101 0b00c401 10018 100 9362 2055814128 38758121 10013467
0b000e01 0b00c401 10017 100 459 2047939355 46688709 10012720
0b000401 0b00c501 10006 100 521986 2019207971 75436092 10056443
0b000a01 0b00c701 10018 100 2287 2047320481 47341737 10012874
0b000001 0b00c801 10015 100 124384 2031064106 63609152 10023110
0b000f01 0b00cb01 10020 100 2188 2047974556 46701249 10012866
0b000301 0b00c901 10013 100 56115 2044450292 50295751 10017388
0b000e01 0b00c101 10014 100 69543 2039747787 55006951 10018512
0b000201 0b00c401 10017 100 20856 2046209920 48546726 10014429
0b000b01 0b00c701 10014 100 16999 2045469092 49297697 10014105
0b000b01 0b00c801 10015 100 5589 2046124577 48642548 10013150
0b000d01 0b00c501 10009 100 23635 2034757400 60036439 10014662
0b000e01 0b00cb01 10014 100 41508 2044463127 50336792 10016161
0b000501 0b00c001 10021 100 156 2034861382 59956344 10012696
0b000001 0b00c801 10021 100 76685 2042596057 52247480 10019110
0b000101 0b00cd01 10008 100 194149 2027155887 67698697 10028960
0b000301 0b00ce01 10016 100 19197 2036969790 57908091 10014292
0b000c01 0b00c501 10020 100 6821 2045607436 49272312 10013252
0b000f01 0b00c001 10018 100 49683 2052970488 41914755 10016846
0b000301 0b00cb01 10026 100 8011 2045991526 48914823 10013355
0b000d01 0b00c401 10010 100 62373 2035315719 59591020 10017911
0b000101 0b00c901 10020 100 22695 2055194465 39720432 10014583
0b000901 0b00c301 10015 100 2241 2037696786 57237240 10012870
0b000501 0b00cc01 10019 100 5948 2034506609 60429929 10013178
0b000301 0b00c301 10002 100 1402684 2002810381 92126467 10130282
0b000901 0b00c301 10014 100 207264 2035644528 59296706 10030059
0b000f01 0b00c401 10010 100 102428 2034792217 60153538 10021269
0b000a01 0b00ca01 10019 100 15033 2056309811 38642306 10013944
0b000201 0b00c001 10011 100 48022 2053657800 41300572 10016709
0b000301 0b00ca01 10021 100 50696 2045093312 49898072 10016931
0b000101 0b00ce01 10013 100 190392 2034109248 60904727 10028644
0b000101 0b00c501 10015 100 9333 2035732401 59298396 10013465
0b000301 0b00ce01 10019 100 28797 2046387231 48655628 10015095
0b000101 0b00c801 10014 100 65359 2042519025 52526252 10018162
0b000301 0b00c301 10020 100 153721 2047972735 47082793 10025569
0b000301 0b00cf01 10008 100 469128 2024805596 70253343 10052015
0b000801 0b00ce01 10014 100 4041 2036600230 58511149 10013022
0b000b01 0b00ce01 10010 100 735 2037923194 57195576 10012742
0b000601 0b00c801 10013 100 7079 2044800756 50329102 10013277
0b000601 0b00c501 10020 100 7369 2048524715 46626335 10013300
0b000601 0b00c001 10012 100 112194 2036538791 58626419 10022089
0b000101 0b00cd01 10018 100 53634 2043538686 51629612 10017178
0b000801 0b00c901 10017 100 60437 2054281585 40904420 10017749
0b000e01 0b00c001 10018 100 68176 2040287746 54915966 10018399
0b000701 0b00c401 10014 100 62137 2042544821 52671789 10017892
0b000b01 0b00cd01 10005 100 603063 2023381340 71869272 10063244
0b000b01 0b00c901 10015 100 28071 2046509879 48745919 10015037
0b000401 0b00c501 10015 100 74499 2054578427 40681384 10018927
0b000701 0b00cc01 10011 100 5853 2038747547 56540044 10013171
0b000501 0b00c501 10018 100 4418 2047313545 47995761 10013052
0b000a01 0b00c801 10022 100 885 2047028758 48324266 10012754
0b000c01 0b00c501 10023 100 8042 2048014033 47343499 10013357
0b000b01 0b00c801 10006 100 524574 2021190042 74182306 10056661
0b000d01 0b00c701 10006 100 712690 2016290528 79105610 10072433
0b000101 0b00c001 10014 100 6362 2046638773 48792053 10013215
0b000c01 0b00c501 10019 100 53548 2045064921 50414253 10017171
0b000e01 0b00c801 10016 100 23383 2036885669 58638792 10014642
0b000601 0b00c401 10027 100 4163 2055416998 40126645 10013032
0b000a01 0b00c501 10012 100 3398 2037022611 58555258 10012967
0b000001 0b00c901 10026 100 7884 2048088611 47523779 10013341
0b000b01 0b00c501 10012 100 40194 2036629408 59001546 10016052
0b000501 0b00cc01 10022 100 58681 2045595674 50047197 10017601
0b000501 0b00ce01 10012 100 42560 2033054282 62632335 10016249
0b000101 0b00cc01 10022 100 23152 2037209869 58477034 10014624
0b000001 0b00ca01 10008 100 32688 2036912547 58786730 10015421
0b000c01 0b00cf01 10013 100 503190 2027558897 68142509 10054870
0b000c01 0b00ca01 10013 100 38889 2046511596 49265314 10015940
0b000501 0b00c701 10006 100 935527 2012902125 82909856 10091116
0b000101 0b00c501 10016 100 42068 2036009297 59809969 10016210
0b000001 0b00c401 10020 100 1281 2058063222 37796096 10012790
0b000c01 0b00cf01 10018 100 5373 2036552213 59318355 10013132
0b000c01 0b00ce01 10018 100 3418 2049091479 46780633 10012968
0b000701 0b00cc01 10013 100 73863 2042568205 53309844 10018873
0b000f01 0b00c301 10015 100 21889 2048320556 47563069 10014515
0b000c01 0b00c301 10010 100 39840 2044342149 51552574 10016020
0b000d01 0b00cb01 10024 100 26186 2054957920 40937082 10014878
0b000101 0b00c201 10016 100 32183 2044795541 51100096 10015381
0b000f01 0b00cb01 10018 100 29082 2045716307 50190258 10015121
0b000801 0b00c101 10021 100 5135 2047232393 48685333 10013113
0b000501 0b00c601 10012 100 52024 2046432668 49492066 10017045
0b000101 0b00c001 10016 100 226 2047560840 48396440 10012701
0b000101 0b00cc01 10029 100 9588 2048107799 47857820 10013485
0b000301 0b00cf01 10014 100 28213 2035879227 60092924 10015048
0b000501 0b00c001 10024 100 21203 2044904219 51110658 10014460
0b000e01 0b00c401 10015 100 52164 2042413654 53612963 10017056
0b000201 0b00c301 10008 100 72986 2033571263 62476934 10018799
0b000f01 0b00cc01 10015 100 16827 2038712297 57347177 10014091
0b000201 0b00c801 10010 100 11694 2038436567 57628355 10013661
0b000901 0b00cf01 10001 100 5231540 2001936859 94129740 10451294
0b000301 0b00c901 10014 100 1278 2047640358 48428756 10012789
0b000101 0b00c301 10020 100 33151 2055636527 40460710 10015462
0b000501 0b00c901 10017 100 63028 2042811100 53298605 10017968
0b000001 0b00c001 10026 100 62388 2044778920 51380029 10017912
0b000e01 0b00c401 10007 100 193740 2031082987 65078617 10028924
0b000601 0b00c201 10011 100 3721 2039830577 56337951 10012993
0b000501 0b00c601 10015 100 98838 2052391109 43778185 10020967
0b000901 0b00c201 10013 100 65681 2034549807 61650984 10018187
0b000701 0b00ce01 10024 100 10982 2059323845 36893940 10013600
0b000401 0b00c401 10008 100 55424 2032462706 63768871 10017328
0b000401 0b00ce01 10016 100 1714 2036298701 59936971 10012824
0b000501 0b00c301 10017 100 36669 2045056665 51223750 10015755
0b000b01 0b00c801 10014 100 66635 2045416260 50871266 10018268
0b000101 0b00ce01 10014 100 44478 2036453641 59845076 10016411
0b000c01 0b00c501 10026 100 69130 2051586417 44730947 10018479
0b000001 0b00c501 10018 100 20909 2038246852 58070619 10014433
0b000101 0b00cb01 10020 100 1310 2058492751 37853861 10012792
0b000d01 0b00c001 10017 100 23486 2055442478 40910819 10014651
0b000901 0b00c301 10020 100 10226 2048519018 47862531 10013540
0b000f01 0b00c401 10016 100 69320 2053203062 43196116 10018494
0b000501 0b00c501 10026 100 19735 2059478262 36943360 10014335
0b000d01 0b00cd01 10007 100 891864 2017792678 78639394 10087454
0b000501 0b00c601 10013 100 107821 2048637963 47800293 10021720
0b000f01 0b00c901 10021 100 4591 2049586209 46869251 10013066
0b000a01 0b00c001 10019 100 46199 2055510581 40946546 10016556
0b000101 0b00c801 10013 100 5772 2039060157 57400074 10013164
0b000f01 0b00c901 10018 100 45689 2045622484 50863937 10016511
0b000b01 0b00c201 10017 100 77348 2053771924 42755583 10019167
0b000201 0b00c101 10015 100 59000 2034740170 61791046 10017626
0b000201 0b00c801 10012 100 29408 2047470891 49066640 10015147
0b000601 0b00c801 10006 100 409559 2020325151 76215006 10047019
0b000801 0b00c701 10018 100 194275 2038229831 58317773 10028970
0b000c01 0b00c501 10030 100 21620 2058837040 37739552 10014494
0b000001 0b00c801 10010 100 491312 2021769421 74809060 10053874
0b000501 0b00ce01 10020 100 34761 2049529622 47050319 10015595
0b000201 0b00ca01 10013 100 7653 2049005831 47580598 10013322
0b000f01 0b00ca01 10016 100 640788 2032840762 63764521 10066404
0b000c01 0b00c701 10014 100 168309 2044948516 51661042 10026793
0b000901 0b00c901 10021 100 55189 2044945213 51673064 10017310
0b000401 0b00c201 10016 100 2637 2040398021 56228559 10012902
0b000701 0b00c101 10012 100 43681 2044435070 52225047 10016343
0b000501 0b00ca01 10020 100 70451 2052139802 44524182 10018588
0b000901 0b00ca01 10016 100 343167 2030780215 65914804 10041454
0b000f01 0b00cf01 10015 100 4674 2047753570 48943952 10013073
0b000e01 0b00c001 10023 100 60318 2052069429 44631298 10017739
0b000a01 0b00cf01 10013 100 16941 2037432600 59295220 10014100
0b000e01 0b00ce01 10019 100 65720 2041979674 54755640 10018191
0b000b01 0b00ca01 10018 100 50083 2037199452 59546918 10016882
0b000a01 0b00c401 10009 100 30901 2036764176 60003290 10015271
0b000201 0b00c901 10024 100 1156 2058825581 37994285 10012780
0b000701 0b00c801 10013 100 7261 2049817372 47034978 10013291
0b000c01 0b00c801 10018 100 19827 2048922294 47932736 10014342
0b000901 0b00c301 10019 100 4506 2048259676 48606161 10013059
0b000b01 0b00c001 10019 100 66720 2044962856 51905097 10018274
0b000701 0b00ce01 10016 100 7291 2047056847 49813300 10013294
0b000101 0b00c301 10017 100 34829 2045491873 51381915 10015600
0b000801 0b00c501 10013 100 47178 2036304987 60570414 10016638
0b000e01 0b00c501 10004 100 710059 2004991565 91884069 10072214
0b000d01 0b00c701 10019 100 589 2050317590 46606506 10012730
0b000801 0b00c701 10019 100 2814 2038503341 58426683 10012916
0b000001 0b00cb01 10017 100 65809 2054291824 42641819 10018198
0b000801 0b00c601 10014 100 78113 2045618520 51317952 10019232
0b000a01 0b00cf01 10019 100 141298 2049000023 47945636 10024529
0b000f01 0b00c401 10011 100 140490 2035304510 61659357 10024460
0b000c01 0b00cc01 10019 100 27097 2038502380 58461640 10014955
0b000201 0b00c301 10018 100 25764 2046869925 50108269 10014840
0b000001 0b00cc01 10020 100 57123 2044826415 52172039 10017472
0b000101 0b00c601 10017 100 61020 2043620510 53421984 10017799
0b000b01 0b00c601 10020 100 169111 2048504717 48564570 10026861
0b000101 0b00cc01 10024 100 5502 2038204415 58890633 10013143
0b000b01 0b00cd01 10009 100 34010 2037180692 59958650 10015535
0b000001 0b00c301 10012 100 9589 2048248055 48897669 10013485
0b000001 0b00c901 10023 100 70052 2045286142 51936783 10018556
0b000801 0b00c701 10020 100 4820 2038722010 58502343 10013084
0b000701 0b00cc01 10007 100 509678 2021594556 75646045 10055412
0b000701 0b00cf01 10015 100 10282 2056766317 40475325 10013544
0b000801 0b00c301 10019 100 334 2050054137 47232765 10012710
0b000401 0b00ca01 10011 100 301843 2030428355 66863789 10037987
0b000801 0b00c501 10025 100 160 2059712828 37583235 10012696
0b000201 0b00c101 10019 100 6217 2049724112 47584053 10013204
0b000701 0b00c301 10026 100 4252 2060840499 36480239 10013039
0b000f01 0b00c201 10036 100 9534 2060655214 36684284 10013481
0b000101 0b00c201 10020 100 2202 2050069897 47295865 10012867
0b000001 0b00c201 10013 100 63936 2036659424 60712434 10018040
0b000801 0b00cc01 10019 100 42357 2046805534 50574717 10016233
0b000d01 0b00cc01 10007 100 21143 2039562526 57826440 10014455
0b000f01 0b00c801 10016 100 21510 2047511510 49878117 10014485
0b000101 0b00c501 10019 100 587 2040500409 56898805 10012730
0b000701 0b00c401 10022 100 8256 2060697216 36704804 10013375
0b000101 0b00c501 10025 100 78489 2053264753 44178219 10019262
0b000f01 0b00c601 10015 100 4960 2050625408 46820219 10013096
0b000f01 0b00c201 10032 100 82372 2053581058 43871521 10019588
0b000801 0b00c001 10003 100 825073 2011615127 85841721 10081857
0b000101 0b00cc01 10032 100 9223 2058879720 38594812 10013456
0b000701 0b00cb01 10025 100 12777 2056865061 40621490 10013752
0b000301 0b00c301 10012 100 332376 2024971035 72524992 10040548
0b000f01 0b00cb01 10019 100 233055 2046292966 51203720 10032222
0b000701 0b00c801 10012 100 48904 2045130769 52370629 10016780
0b000901 0b00ca01 10020 100 73457 2044656821 52857461 10018840
0b000001 0b00c001 10016 100 164592 2031495148 66024975 10026480
0b000f01 0b00c901 10019 100 63059 2045803935 51755675 10017970
0b000c01 0b00ce01 10016 100 13728 2047743833 49831019 10013832
0b000301 0b00ce01 10023 100 61636 2055853067 41725330 10017848
0b000901 0b00cb01 10012 100 135442 2042296411 55297104 10024037
0b000401 0b00c701 10010 100 154424 2036506770 61105723 10025629
0b000201 0b00c501 10014 100 324016 2037110472 60550440 10039849
0b000a01 0b00c701 10026 100 65987 2054870633 42800553 10018212
0b000801 0b00ce01 10020 100 18989 2049462773 48257608 10014272
0b000401 0b00c101 10016 100 4498 2038054250 59688409 10013059
0b000401 0b00c301 10017 100 28471 2035585336 62170450 10015069
0b000d01 0b00c501 10006 100 539479 2021964731 75796490 10057911
0b000f01 0b00ce01 10014 100 5324 2038655799 59108409 10013128
0b000c01 0b00c501 10021 100 32183 2046625398 51147857 10015381
0b000e01 0b00c301 10005 100 594947 2008561610 89226307 10062560
0b000a01 0b00c601 10019 100 15535 2058703829 39086372 10013984
0b000001 0b00c301 10006 100 50930 2037676187 60114801 10016950
0b000a01 0b00ca01 10020 100 24975 2058702680 39166747 10014774
0b000701 0b00cb01 10018 100 8406 2041338384 56569710 10013387
0b000d01 0b00ca01 10016 100 31944 2056463443 41460839 10015358
0b000f01 0b00c201 10035 100 49090 2059245513 38708311 10016799
0b000001 0b00c101 10011 100 40297 2048093006 49861642 10016061
0b000401 0b00c801 10010 100 35672 2036794304 61177614 10015672
0b000601 0b00c201 10018 100 3816 2051477385 46512073 10013000
0b000a01 0b00ca01 10014 100 35174 2047393088 50599459 10015632
0b000901 0b00c501 10016 100 151868 2033382323 64610378 10025413
0b000f01 0b00c601 10010 100 28322 2038068374 59938480 10015057
0b000c01 0b00cc01 10025 100 306 2051436373 46581879 10012708
0b000b01 0b00c501 10013 100 23644 2038565449 59458315 10014663
0b000701 0b00cf01 10012 100 36398 2050427455 47598208 10015733
0b000201 0b00c001 10010 100 4143 2049391507 48653058 10013030
0b000601 0b00c601 10014 100 278930 2030143390 67928501 10036065
0b000701 0b00cd01 10017 100 24854 2037377631 60713303 10014764
0b000801 0b00cb01 10011 100 383388 2039284308 58827509 10044825
0b000e01 0b00c701 10017 100 20018 2049928341 48220606 10014362
0b000401 0b00c201 10020 100 240 2052239731 45944106 10012703
0b000701 0b00c201 10017 100 20533 2047750581 50439064 10014403
0b000001 0b00cd01 10011 100 508743 2017607147 80596188 10055334
0b000d01 0b00cd01 10018 100 24721 2050329650 47875066 10014753
0b000101 0b00cd01 10020 100 54118 2046613989 51611891 10017220
0b000701 0b00cf01 10013 100 239 2052206595 46024040 10012702
0b000c01 0b00ca01 10012 100 62483 2044885069 53353605 10017920
0b000401 0b00c001 10013 100 7863 2048373903 49865162 10013339
0b000101 0b00cf01 10023 100 38480 2057410650 40839822 10015908
0b000401 0b00ce01 10018 100 68530 2043160079 55092696 10018427
0b000301 0b00c401 10017 100 525 2060492949 37760354 10012725
0b000901 0b00c301 10012 100 488563 2025861848 72403292 10053642
0b000201 0b00c501 10016 100 122333 2041181036 57087718 10022938
0b000401 0b00c301 10024 100 79199 2041937227 56336539 10019323
0b000f01 0b00c401 10012 100 3686 2039337688 58948406 10012990
0b000601 0b00ce01 10010 100 3548 2038599183 59688057 10012979
0b000f01 0b00cc01 10020 100 2517 2049206662 49106303 10012892
0b000501 0b00c201 10014 100 1186 2038066902 60266896 10012782
0b000001 0b00c901 10032 100 27337 2058313889 40035723 10014974
0b000801 0b00cc01 10021 100 34233 2049278727 49077821 10015553
0b000101 0b00c101 10017 100 2741 2039496680 58860683 10012910
0b000701 0b00c601 10020 100 71921 2044774583 53600331 10018710
0b000101 0b00c201 10023 100 34326 2057863187 40521680 10015560
0b000601 0b00c401 10021 100 191288 2040907064 57487413 10028720
0b000201 0b00cf01 10023 100 1072 2049971107 48443599 10012773
0b000401 0b00c201 10017 100 61268 2044786820 53645721 10017819
0b000401 0b00c201 10006 100 695008 2013903626 84532496 10070953
0b000f01 0b00c901 10020 100 59986 2049049677 49390378 10017709
0b000001 0b00ce01 10016 100 5118 2039523632 58940113 10013112
0b000401 0b00c301 10025 100 36769 2045656740 52826623 10015763
0b000701 0b00c301 10021 100 47898 2049898037 48600055 10016696
0b000601 0b00cc01 10003 100 926430 2008681532 89821016 10090354
0b000c01 0b00cf01 10019 100 4997 2039474868 59044275 10013098
0b000701 0b00cb01 10021 100 47921 2050149420 48383016 10016698
0b000101 0b00cf01 10020 100 41186 2037032217 61504638 10016136
0b000001 0b00c701 10021 100 22516 2038597387 59943159 10014569
0b000a01 0b00c901 10020 100 6171 2060563010 38004214 10013200
0b000301 0b00c801 10024 100 1724 2051333440 47247835 10012825
0b000d01 0b00c701 10020 100 25310 2050679693 47915655 10014804
0b000301 0b00c201 10018 100 9558 2049696894 48921642 10013483
0b000d01 0b00cc01 10011 100 60485 2046282532 52391208 10017753
0b000901 0b00c901 10019 100 25723 2039144013 59538267 10014837
0b000701 0b00cb01 10022 100 14606 2051903035 46799544 10013906
0b000d01 0b00cd01 10015 100 67834 2038442616 60260539 10018367
0b000d01 0b00ca01 10007 100 59405 2036955094 61752759 10017662
0b000901 0b00c601 10014 100 30748 2048531901 50194222 10015258
0b000f01 0b00c401 10018 100 29258 2057818976 40949226 10015135
0b000e01 0b00cd01 10016 100 4798 2049486889 49309228 10013083
0b000301 0b00c801 10022 100 34677 2049502107 49295629 10015588
0b000c01 0b00c801 10014 100 16687 2041146299 57715148 10014080
0b000501 0b00c801 10014 100 19423 2041954597 56915455 10014310
0b000501 0b00c201 10015 100 53601 2044318876 54553649 10017175
0b000e01 0b00c301 10020 100 9817 2061735456 37164280 10013503
0b000101 0b00cd01 10021 100 36212 2047597440 51312705 10015719
0b000d01 0b00c501 10013 100 60707 2046500754 52441024 10017770
0b000501 0b00c601 10014 100 3186 2049323430 49628840 10012950
0b000901 0b00c901 10026 100 45654 2058034968 40919220 10016508
0b000801 0b00cf01 10010 100 512471 2027218291 71741624 10055647
0b000d01 0b00cb01 10016 100 254004 2036408996 62560245 10033979
0b000e01 0b00cf01 10015 100 181814 2046373422 52668846 10027924
0b000101 0b00c801 10020 100 49261 2057362976 41680350 10016812
0b000501 0b00c801 10013 100 30824 2040419018 58635337 10015264
0b000201 0b00c001 10014 100 20764 2059701180 39353364 10014421
0b000e01 0b00c601 10018 100 22590 2050650604 48425749 10014575
0b000001 0b00c401 10016 100 61799 2046476693 52613687 10017862
0b000301 0b00cd01 10021 100 5066 2060993573 38098952 10013108
0b000801 0b00cf01 10016 100 26122 2059706870 39406690 10014873
0b000101 0b00cb01 10017 100 63302 2046755998 52358543 10017989
0b000501 0b00ce01 10016 100 36820 2040779947 58383840 10015767
0b000501 0b00cf01 10018 100 12590 2051011804 48190675 10013737
0b000801 0b00c301 10021 100 17858 2051004497 48201827 10014177
0b000801 0b00cd01 10019 100 31089 2049181906 50043557 10015290
0b000401 0b00cb01 10019 100 79160 2055043128 44199272 10019320
0b000b01 0b00cb01 10017 100 19626 2060318688 38932208 10014326
0b000b01 0b00ca01 10023 100 10576 2060914361 38337004 10013568
0b000a01 0b00c501 10013 100 28174 2040549618 58708223 10015045
0b000301 0b00c701 10011 100 33825 2038781195 60503170 10015516
0b000601 0b00ca01 10015 100 6260 2038670858 60618551 10013207
0b000901 0b00ca01 10023 100 39937 2058756118 40540839 10016028
0b000301 0b00c101 10023 100 41867 2048478451 50821153 10016190
0b000601 0b00ce01 10013 100 76289 2042367072 56984053 10019078
0b000801 0b00ca01 10024 100 18778 2051167206 48188521 10014255
0b000101 0b00cb01 10015 100 57497 2036718395 62640909 10017502
0b000f01 0b00cf01 10011 100 31152 2039388151 59974349 10015295
0b000701 0b00cd01 10018 100 3970 2049735613 49650410 10013012
0b000b01 0b00cc01 10022 100 29381 2049360137 50037113 10015145
0b000501 0b00c501 10019 100 21061 2050734723 48708443 10014449
0b000f01 0b00cb01 10025 100 7624 2050057015 49426085 10013320
0b000f01 0b00c901 10023 100 7037 2059827489 39685207 10013273
0b000101 0b00c401 10011 100 71945 2045312146 54225837 10018712
0b000701 0b00c401 10019 100 2233 2059904255 39700845 10012870
0b000501 0b00cb01 10021 100 21259 2049416885 50189611 10014465
0b000001 0b00c401 10014 100 47293 2039680267 59950997 10016647
0b000501 0b00c701 10014 100 421269 2032865918 66783151 10048002
0b000b01 0b00c201 10014 100 49589 2049470039 50188430 10016839
0b000601 0b00cb01 10011 100 3878 2052866449 46803353 10013005
0b000901 0b00c701 10021 100 121981 2044709399 54975545 10022906
0b000401 0b00c201 10023 100 77294 2058922599 40779456 10019163
0b000a01 0b00c701 10015 100 11545 2041934032 57824169 10013649
0b000b01 0b00c701 10019 100 26318 2049957204 49831035 10014889
0b000b01 0b00c701 10017 100 57465 2049128803 50709356 10017499
0b000d01 0b00ca01 10018 100 13813 2059486220 40395156 10013838
0b000601 0b00c601 10019 100 135548 2037591702 62304141 10024046
0b000701 0b00cf01 10011 100 23749 2042117199 57792348 10014672
0b000301 0b00c901 10020 100 2372 2061971452 37957670 10012881
0b000101 0b00ca01 10018 100 846 2041390525 58570796 10012751
0b000501 0b00c101 10017 100 27805 2060872471 39090298 10015011
0b000b01 0b00c801 10013 100 4113 2042641833 57321631 10013028
0b000601 0b00c101 10014 100 10006 2049045221 50928118 10013522
0b000801 0b00c701 10015 100 232411 2031873775 68115782 10032167
0b000701 0b00c901 10014 100 73209 2046143482 53850775 10018820
0b000f01 0b00ce01 10015 100 58490 2041023994 58981056 10017585
0b000601 0b00c801 10012 100 14912 2042350474 57661067 10013930
0b000f01 0b00c101 10018 100 16141 2050276660 49768668 10014036
0b000c01 0b00c901 10009 100 594578 2025384680 74708171 10062531
0b000501 0b00cf01 10017 100 40429 2050947486 49153033 10016071
0b000601 0b00c001 10019 100 39551 2046891871 53214819 10015997
0b000901 0b00ce01 10012 100 28884 2049927115 50180042 10015102
0b000c01 0b00ce01 10017 100 32660 2048873755 51256712 10015419
0b000001 0b00cd01 10028 100 2500 2062083327 38061727 10012891
0b000501 0b00c701 10028 100 2887 2060553843 39595215 10012922
0b000d01 0b00c701 10015 100 38755 2039402217 60762280 10015930
0b000601 0b00c501 10017 100 25277 2041609350 58556160 10014802
0b000501 0b00c701 10026 100 28321 2057819894 42356008 10015057
0b000401 0b00c101 10020 100 3916 2049650973 50526677 10013008
0b000901 0b00c501 10025 100 14768 2061616421 38565635 10013919
0b000001 0b00c301 10017 100 20172 2060674815 39545294 10014374
0b000701 0b00c301 10017 100 28807 2039213594 61008231 10015095
0b000d01 0b00c901 10018 100 281709 2038275055 61947113 10036299
0b000201 0b00cd01 10024 100 24545 2039993518 60234021 10014739
0b000001 0b00c001 10015 100 228993 2029089737 71185573 10031878
0b000401 0b00cf01 10011 100 6789 2043724963 56579536 10013250
0b000701 0b00c701 10012 100 430113 2033262382 67067261 10048744
0b000001 0b00c501 10024 100 15647 2050871117 49463639 10013993
0b000701 0b00ce01 10011 100 25642 2039351400 60994791 10014831
0b000701 0b00c501 10007 100 45617 2038554654 61813198 10016506
0b000b01 0b00c101 10011 100 44900 2050306498 50067376 10016444
0b000401 0b00cf01 10010 100 57111 2040409767 60020402 10017471
0b000d01 0b00ca01 10020 100 5154 2063951939 36486433 10013115
0b000001 0b00ce01 10012 100 259703 2028873287 71566362 10034454
0b000301 0b00ca01 10023 100 54230 2049185802 51263115 10017229
0b000b01 0b00c601 10028 100 5543 2062433753 38015899 10013146
0b000e01 0b00c101 10021 100 183 2054062924 46397313 10012698
0b000001 0b00cb01 10015 100 10064 2041255905 59214498 10013527
0b000301 0b00cc01 10012 100 167678 2051948823 48616842 10026739
0b000001 0b00c601 10027 100 62961 2057659607 42915414 10017958
0b000301 0b00cf01 10017 100 16312 2052270812 48312976 10014050
0b000901 0b00c001 10019 100 1072 2052234265 48376850 10012773
0b000501 0b00c501 10025 100 79287 2059093931 41538526 10019330
0b000901 0b00c001 10018 100 74364 2048419458 52233618 10018917
0b000b01 0b00c201 10016 100 9492 2052714841 47947056 10013477
0b000201 0b00c801 10013 100 55124 2049335448 51348066 10017304
0b000501 0b00cd01 10020 100 130062 2053988230 46707129 10023588
0b000b01 0b00c901 10020 100 35244 2051229866 49470065 10015637
0b000e01 0b00c901 10016 100 7765 2043156644 57546817 10013331
0b000701 0b00ca01 10019 100 9253 2050858091 49872794 10013458
0b000301 0b00ca01 10022 100 72422 2049155132 51599760 10018754
0b000301 0b00c201 10019 100 59513 2049860686 50894546 10017671
0b000901 0b00ca01 10024 100 25295 2061503194 39275374 10014803
0b000001 0b00c601 10028 100 35217 2060021694 40762507 10015635
0b000201 0b00c601 10033 100 39883 2059898856 40892394 10016024
0b000801 0b00cc01 10014 100 305000 2037433484 63387581 10038251
0b000801 0b00c501 10021 100 3184 2052423402 48404259 10012950
0b000401 0b00ca01 10020 100 3851 2054625756 46205820 10013003
0b000701 0b00cb01 10016 100 323087 2037722389 63130297 10039771
0b000601 0b00cd01 10019 100 50 2041414269 59449449 10012687
0b000801 0b00c201 10013 100 20073 2041465769 59411471 10014366
0b000201 0b00cb01 10013 100 8789 2051998967 48904243 10013417
0b000401 0b00c301 10026 100 52403 2045857550 55053710 10017075
0b000b01 0b00c201 10003 100 847473 2016757686 84200859 10083734
0b000c01 0b00cd01 10024 100 112475 2056705253 44295574 10022111
0b000201 0b00cc01 10017 100 25876 2040614563 60409101 10014849
0b000a01 0b00c601 10023 100 4962 2063178957 37884276 10013096
0b000d01 0b00c401 10017 100 40325 2052356220 48708610 10016063
0b000b01 0b00c701 10013 100 133825 2045341141 55778511 10023900
0b000401 0b00c701 10015 100 12957 2053687871 47437729 10013766
0b000201 0b00c701 10018 100 193839 2048934248 52216119 10028932
0b000401 0b00c901 10017 100 9289 2044754675 56409803 10013461
0b000801 0b00c901 10020 100 29053 2061138990 40028647 10015119
0b000e01 0b00c201 10025 100 64784 2049179307 51999849 10018112
0b000401 0b00c901 10014 100 78237 2040080220 61114920 10019242
0b000801 0b00c501 10015 100 36421 2040885348 60319730 10015735
0b000401 0b00c701 10011 100 24719 2040155946 61083446 10014753
0b000701 0b00cb01 10019 100 77955 2047753322 53513611 10019215
0b000401 0b00c601 10014 100 160896 2034632951 66646599 10026169
0b000401 0b00c301 10028 100 15845 2053400517 47883931 10014009
0b000401 0b00c001 10009 100 28904 2039652251 61633149 10015103
0b000a01 0b00c501 10025 100 35454 2061084976 40215698 10015654
0b000f01 0b00c201 10031 100 28660 2053359824 47948146 10015084
0b000901 0b00cc01 10021 100 39395 2061222456 40101473 10015985
0b000101 0b00c701 10010 100 3901 2053671545 47655758 10013007
0b000601 0b00c001 10016 100 109667 2041544002 59793572 10021875
0b000b01 0b00cd01 10010 100 112901 2037567452 63776898 10022146
0b000d01 0b00c301 10021 100 62982 2057588904 43759918 10017960
0b000e01 0b00c901 10017 100 51633 2050605560 50864408 10017010
0b000401 0b00c201 10014 100 118775 2034548556 66922329 10022638
0b000d01 0b00c601 10014 100 48339 2052268100 49213257 10016735
0b000601 0b00cc01 10029 100 4770 2061741651 39750679 10013080
0b000101 0b00cd01 10026 100 1855 2063548282 37944940 10012836
0b000401 0b00cf01 10021 100 79590 2059184714 42325918 10019354
0b000401 0b00ca01 10016 100 112551 2045824493 55750097 10022118
0b000301 0b00c901 10006 100 702384 2014459276 87122231 10071570
0b000901 0b00cb01 10013 100 6409 2044110487 57481370 10013219
0b000b01 0b00c701 10008 100 606990 2022131299 79487515 10063570
0b000c01 0b00cf01 10023 100 49179 2051813774 49863325 10016806
0b000f01 0b00c501 10013 100 25809 2054071539 47606579 10014844
0b000201 0b00cc01 10022 100 28289 2052231075 49500911 10015054
0b000801 0b00c101 10023 100 46440 2050950357 50809336 10016575
0b000301 0b00cb01 10024 100 25420 2043367708 58415288 10014813
0b000201 0b00c601 10021 100 43568 2040068302 61771504 10016334
0b000d01 0b00c201 10011 100 2709 2042960637 58887178 10012908
0b000301 0b00cb01 10023 100 42278 2040828857 61020331 10016227
0b000801 0b00ca01 10015 100 191239 2034230249 67625631 10028716
0b000e01 0b00ce01 10024 100 68629 2058683272 43185786 10018435
0b000b01 0b00c101 10010 100 79756 2048965096 52917039 10019367
0b000a01 0b00cf01 10022 100 28031 2051672764 50219299 10015033
0b000401 0b00ce01 10007 100 484045 2021996730 79897845 10053266
0b000301 0b00c501 10021 100 47298 2060772798 41142493 10016648
0b000401 0b00ca01 10008 100 541912 2020532226 81395267 10058114
0b000001 0b00c701 10023 100 55692 2041441966 60497738 10017350
0b000401 0b00cf01 10019 100 27866 2055138916 46808270 10015016
0b000c01 0b00cd01 10018 100 42679 2040710062 61296032 10016259
0b000901 0b00c301 10016 100 31587 2043060994 58971167 10015329
0b000401 0b00cb01 10021 100 22647 2063301928 38736780 10014580
0b000c01 0b00ce01 10011 100 203883 2033916942 68165386 10029774
0b000f01 0b00cf01 10010 100 134347 2038260804 63838669 10023946
0b000301 0b00c901 10016 100 38151 2051793332 50308811 10015881
0b000001 0b00c301 10008 100 24530 2042034338 60090104 10014738
0b000601 0b00cb01 10006 100 182862 2039370341 62755638 10028011
0b000401 0b00c101 10025 100 65011 2061529423 40605318 10018134
0b000401 0b00c601 10023 100 75634 2056083375 46062863 10019022
0b000d01 0b00c101 10010 100 29833 2051347708 50821287 10015181
0b000701 0b00c201 10018 100 63202 2049102693 53067700 10017981
0b000201 0b00c101 10022 100 9864 2053446978 48728577 10013507
0b000201 0b00c301 10026 100 170 2064181297 38010718 10012697
0b000401 0b00c101 10024 100 30668 2059893871 42326169 10015252
0b000e01 0b00ca01 10024 100 130379 2032906617 69319793 10023613
0b000c01 0b00c401 10031 100 10188 2065304076 36932982 10013537
0b000601 0b00c601 10017 100 193592 2035754480 66486215 10028912
0b000801 0b00cb01 10012 100 36789 2043218523 59032623 10015765
0b000a01 0b00c901 10011 100 544434 2026683156 75576878 10058327
0b000301 0b00cb01 10029 100 16990 2053899483 48431390 10014104
0b000d01 0b00c501 10012 100 20854 2044553496 57783066 10014428
0b000801 0b00c101 10022 100 85821 2050079380 52257648 10019875
0b000d01 0b00ca01 10012 100 58062 2049772379 52565603 10017551
0b000501 0b00ce01 10017 100 24507 2043401658 58955281 10014736
0b000401 0b00ce01 10024 100 56893 2059146972 43218580 10017450
0b000c01 0b00c401 10027 100 24948 2051409240 50959501 10014771
0b000201 0b00c201 10015 100 40154 2040978516 61403388 10016049
0b000d01 0b00c301 10019 100 23704 2051955346 50443815 10014668
0b000901 0b00c601 10016 100 3913 2054718069 47687466 10013008
0b000901 0b00c301 10022 100 43595 2052137495 50295076 10016336
0b000101 0b00c601 10023 100 22305 2062711676 39721571 10014552
0b000801 0b00c901 10016 100 121702 2048208338 54225060 10022884
0b000901 0b00c301 10021 100 56582 2050519271 51964994 10017425
0b000001 0b00c401 10017 100 2145 2054955139 47545854 10012863
0b000001 0b00c001 10024 100 33212 2043308909 59198871 10015467
0b000201 0b00ce01 10024 100 51117 2041889247 60642440 10016969
0b000201 0b00cf01 10020 100 13133 2044571251 57960691 10013784
0b000601 0b00c101 10019 100 7754 2062183935 40372801 10013331
0b000701 0b00cd01 10024 100 3452 2066112695 36451098 10012971
0b000a01 0b00cf01 10016 100 185230 2042823046 59744122 10028212
0b000401 0b00c201 10025 100 44589 2060260439 42306887 10016419
0b000901 0b00cc01 10016 100 9028 2054526737 48055276 10013440
0b000901 0b00c401 10018 100 19182 2063475123 39129025 10014291
0b000d01 0b00c401 10014 100 45021 2050853420 51760673 10016458
0b000101 0b00c201 10015 100 1312 2044026310 58610646 10012792
0b000101 0b00c001 10017 100 17110 2053812698 48824898 10014117
0b000601 0b00c101 10015 100 40122 2052573633 50141712 10016047
0b000301 0b00cd01 10010 100 48081 2041468733 61270617 10016714
0b000301 0b00cb01 10025 100 6131 2043843106 58897109 10013197
0b000f01 0b00c401 10020 100 46 2063426928 39423671 10012687
0b000501 0b00c501 10023 100 1792 2056853433 45997867 10012831
0b000001 0b00c601 10025 100 801 2054881836 47995204 10012747
0b000301 0b00ce01 10021 100 22940 2054016116 48930947 10014603
0b000901 0b00c401 10014 100 70164 2041870571 61080514 10018565
0b000701 0b00cb01 10028 100 9921 2062850081 40107563 10013512
0b000f01 0b00cf01 10018 100 15238 2055920403 47040100 10013960
0b000501 0b00ce01 10022 100 21313 2054583829 48380982 10014469
0b000901 0b00c501 10019 100 28545 2044134329 58840217 10015074
0b000501 0b00ca01 10021 100 66967 2052669643 50314337 10018294
0b000701 0b00cc01 10012 100 76885 2042500963 60483366 10019126
0b000501 0b00c701 10025 100 22226 2056254184 46768892 10014546
0b000101 0b00cf01 10016 100 384714 2028501937 74522735 10044935
0b000101 0b00cc01 10025 100 142205 2043405239 59629548 10024605
0b000d01 0b00cb01 10025 100 141429 2056591885 46452158 10024539
0b000801 0b00c101 10019 100 7352 2045490191 57591915 10013298
0b000701 0b00cd01 10022 100 70026 2059179873 43908324 10018554
0b000501 0b00c501 10020 100 71875 2051609168 51488305 10018706
0b000a01 0b00c701 10016 100 2420 2045707340 57390922 10012885
0b000301 0b00c501 10017 100 46706 2052478010 50643619 10016596
0b000801 0b00c601 10015 100 47708 2052263688 50862987 10016680
0b000501 0b00cb01 10024 100 35755 2063601570 39533128 10015678
0b000e01 0b00ca01 10033 100 7920 2056245491 46911377 10013344
0b000c01 0b00cb01 10011 100 487411 2026217828 76942774 10053546
0b000b01 0b00c601 10021 100 44737 2052936986 50227792 10016431
0b000501 0b00c501 10022 100 127595 2056724465 46479520 10023379
0b000301 0b00c601 10019 100 26216 2063560373 39660162 10014880
0b000301 0b00ca01 10024 100 47424 2052779934 50463522 10016658
0b000601 0b00ca01 10016 100 68998 2047015989 56228883 10018464
0b000d01 0b00ca01 10019 100 9346 2063089975 40200523 10013466
0b000c01 0b00c601 10019 100 5202 2053740116 49615003 10013119
0b000f01 0b00c401 10003 100 1596872 2009179782 94188410 10146562
0b000601 0b00c201 10016 100 20755 2044840445 58552757 10014421
0b000601 0b00cc01 10022 100 77542 2045721300 57678599 10019182
0b000001 0b00cd01 10016 100 140927 2037490888 65931024 10024495
0b000c01 0b00c301 10013 100 65782 2049362539 54064884 10018196
0b000a01 0b00c401 10018 100 5672 2055015651 48440148 10013156
0b000101 0b00ce01 10011 100 243925 2029104781 74352014 10033130
0b000d01 0b00c501 10016 100 24891 2055727923 47752961 10014767
0b000101 0b00c701 10004 100 167806 2033344056 70138337 10026749
0b000b01 0b00cb01 10011 100 730585 2028085212 75400766 10073933
0b000301 0b00ce01 10022 100 5214 2055163560 48392563 10013120
0b000301 0b00c201 10017 100 311722 2045863030 57698125 10038815
0b000901 0b00cf01 10021 100 36674 2063346831 40217418 10015756
0b000a01 0b00ca01 10018 100 757 2055471025 48100898 10012744
0b000e01 0b00c001 10021 100 3204 2046582320 57030195 10012951
0b000a01 0b00cf01 10026 100 9043 2064969563 38650713 10013441
0b000001 0b00c701 10024 100 58678 2041456354 62170190 10017600
0b000801 0b00c201 10018 100 22991 2054968536 48663990 10014607
0b000101 0b00cd01 10027 100 2208 2065531431 38111569 10012868
0b000c01 0b00c401 10030 100 3022 2064028592 39642738 10012937
0b000001 0b00c001 10025 100 8133 2044685932 58986367 10013365
0b000e01 0b00c901 10020 100 54430 2058834334 44868437 10017245
0b000701 0b00c801 10014 100 9140 2053331478 50383724 10013449
0b000101 0b00c201 10021 100 62695 2051048787 52667697 10017937
0b000101 0b00c001 10018 100 7513 2055074550 48657032 10013311
0b000a01 0b00ca01 10021 100 51077 2061876631 41854965 10016965
0b000d01 0b00c601 10016 100 48547 2054508821 49225450 10016751
0b000b01 0b00c701 10005 100 898741 2017136513 86598748 10088031
0b000701 0b00ce01 10020 100 4951 2054178428 49563580 10013095
0b000c01 0b00cf01 10020 100 203140 2042966949 60777148 10029714
0b000f01 0b00c101 10022 100 2514 2057396806 46372322 10012892
0b000d01 0b00c201 10018 100 157404 2053852605 49939569 10025879
0b000b01 0b00cd01 10013 100 354 2046572514 57234259 10012712
0b000a01 0b00cb01 10017 100 63538 2051850963 51959797 10018008
0b000b01 0b00c001 10023 100 65044 2061419175 42396192 10018136
0b000201 0b00c301 10016 100 14369 2045806327 58030967 10013887
0b000f01 0b00cf01 10012 100 372786 2040200827 63640059 10043935
0b000901 0b00cd01 10016 100 7379 2045132047 58739949 10013301
0b000001 0b00c901 10024 100 143420 2045820947 58060899 10024706
0b000601 0b00c801 10017 100 14308 2056054620 47841625 10013882
0b000401 0b00c901 10021 100 4626 2056819744 47126060 10013069
0b000b01 0b00cf01 10016 100 59167 2052691874 51259388 10017643
0b000c01 0b00c801 10013 100 73470 2040568035 63389118 10018841
0b000a01 0b00c101 10012 100 15862 2055459282 48526929 10014010
0b000801 0b00c701 10033 100 1895 2066233540 37753644 10012839
0b000901 0b00c701 10019 100 73400 2041624387 62405348 10018836
0b000901 0b00ca01 10018 100 36067 2043648001 60382456 10015707
0b000a01 0b00c901 10018 100 183055 2044017376 60042785 10028030
0b000c01 0b00cb01 10024 100 29162 2055773239 48298594 10015128
0b000b01 0b00c201 10015 100 67029 2052415111 51703045 10018303
0b000201 0b00c601 10024 100 12408 2044735565 59384918 10013722
0b000801 0b00ce01 10019 100 13579 2045096599 59031478 10013820
0b000401 0b00c901 10020 100 7570 2056699833 47435505 10013316
0b000301 0b00c601 10016 100 65595 2052602354 51576167 10018181
0b000d01 0b00c901 10026 100 6105 2054528911 49653325 10013195
0b000f01 0b00ce01 10020 100 7181 2054526242 49656083 10013285
0b000701 0b00ca01 10025 100 4888 2064605384 39583789 10013090
0b000e01 0b00c801 10021 100 18770 2043785708 60417129 10014254
0b000d01 0b00ce01 10018 100 60137 2060475519 43751414 10017725
0b000401 0b00c901 10016 100 13459 2043564873 60684637 10013810
0b000e01 0b00ce01 10028 100 2352 2064696651 39557083 10012879
0b000201 0b00c901 10026 100 28329 2064385241 39875558 10015057
0b000101 0b00cc01 10031 100 30669 2054108616 50175346 10015252
0b000301 0b00ca01 10020 100 351575 2044322263 59971891 10042157
0b000601 0b00cb01 10013 100 111234 2054023862 50298122 10022008
0b000301 0b00cd01 10017 100 145338 2056562680 47790456 10024867
0b000501 0b00c501 10028 100 47162 2064467898 39903050 10016637
0b000801 0b00cf01 10013 100 28051 2045707755 58673826 10015035
0b000d01 0b00c901 10025 100 29570 2053331843 51076352 10015160
0b000a01 0b00c101 10011 100 62815 2052492616 51922274 10017947
0b000601 0b00cd01 10021 100 52601 2050002045 54417314 10017091
0b000c01 0b00c601 10020 100 33983 2055875798 48567739 10015529
0b000b01 0b00c401 10023 100 60921 2043919129 60528791 10017787
0b000201 0b00c301 10015 100 27236 2044161555 60320610 10014966
0b000701 0b00c001 10019 100 29460 2043983734 60506829 10015152
0b000c01 0b00ce01 10021 100 7874 2054701281 49807082 10013340
0b000101 0b00c001 10013 100 117177 2038418485 66092325 10022507
0b000301 0b00ce01 10018 100 172839 2046319561 58201151 10027171
0b000801 0b00c301 10023 100 35786 2055024552 49510342 10015681
0b000a01 0b00cb01 10020 100 101874 2059064042 45479110 10021221
0b000701 0b00cb01 10023 100 7657 2054744782 49802884 10013323
0b000201 0b00c201 10016 100 73627 2041027491 63534552 10018854
0b000001 0b00c801 10023 100 135270 2047190712 57383221 10024023
0b000d01 0b00c201 10019 100 20561 2054042941 50539019 10014405
0b000901 0b00ce01 10011 100 158039 2046184815 58407998 10025933
0b000a01 0b00c201 10022 100 78251 2051055901 53548372 10019243
0b000b01 0b00cd01 10017 100 31905 2064408380 40201027 10015355
0b000201 0b00c101 10018 100 18271 2044976972 59638427 10014214
0b000801 0b00ca01 10026 100 1075 2056437079 48185459 10012773
0b000901 0b00cc01 10018 100 24778 2054963889 49681649 10014758
0b000c01 0b00ca01 10014 100 2023 2055242074 49404133 10012853
0b000201 0b00c201 10018 100 21355 2044874699 59777754 10014472
0b000801 0b00c801 10014 100 473757 2032246508 72430707 10052400
0b000701 0b00ca01 10022 100 38686 2056540281 48146652 10015924
0b000601 0b00ce01 10019 100 23202 2056582747 48108477 10014628
0b000601 0b00ce01 10022 100 3548 2058380893 46320028 10012979
0b000201 0b00ce01 10031 100 7816 2066055641 38652018 10013336
0b000801 0b00cb01 10020 100 126732 2058545878 46166631 10023306
0b000401 0b00cb01 10014 100 19147 2047920857 56826135 10014288
0b000901 0b00c401 10016 100 7892 2056139664 48619333 10013342
0b000701 0b00c101 10014 100 57525 2052190278 52593080 10017504
0b000001 0b00c601 10023 100 167996 2045337818 59497570 10026764
0b000801 0b00c201 10021 100 97622 2060551965 44301448 10020866
0b000801 0b00c601 10017 100 73988 2062076831 42776705 10018883
0b000001 0b00ca01 10021 100 50908 2062787120 42069598 10016948
0b000c01 0b00cc01 10024 100 59345 2051069382 53787710 10017658
0b000d01 0b00c001 10009 100 950737 2018692364 86175438 10092390
0b000b01 0b00cf01 10003 100 1056065 2017398707 87473181 10101224
0b000d01 0b00cd01 10024 100 34110 2062849399 42049225 10015543
0b000601 0b00c701 10019 100 62493 2049686748 55213324 10017921
0b000b01 0b00c901 10026 100 42312 2064045652 40916431 10016230
0b000701 0b00ca01 10023 100 37396 2056804834 48230955 10015817
0b000301 0b00c001 10011 100 72581 2052740577 52315033 10018766
0b000801 0b00c701 10022 100 62202 2044717342 60446432 10017898
0b000501 0b00cd01 10016 100 414 2048700359 56496933 10012716
0b000601 0b00cc01 10005 100 673424 2015404175 89808779 10069142
0b000801 0b00c501 10018 100 4693 2046711047 58527037 10013074
0b000b01 0b00c001 10020 100 2541 2047979864 57276177 10012894
0b000601 0b00c701 10021 100 96839 2056553405 48704311 10020799
0b000601 0b00c101 10020 100 21226 2064225684 41043986 10014462
0b000c01 0b00c101 10011 100 9800 2058514091 46769956 10013502
0b000a01 0b00c801 10023 100 12928 2047294879 58024030 10013764
0b000d01 0b00c601 10015 100 26485 2054417884 50904648 10014902
0b000e01 0b00cc01 10026 100 7900 2068092056 37231423 10013342
0b000c01 0b00cc01 10023 100 69536 2050714585 54614592 10018511
0b000e01 0b00c301 10019 100 57971 2054171671 51162754 10017540
0b000a01 0b00cf01 10024 100 22495 2056336119 49009653 10014567
0b000401 0b00ce01 10021 100 43288 2055955761 49400488 10016312
0b000301 0b00cd01 10011 100 6339 2046705617 58666288 10013214
0b000401 0b00c701 10016 100 73689 2055082795 50310714 10018859
0b000b01 0b00ca01 10020 100 64530 2053130953 52266110 10018092
0b000b01 0b00cc01 10028 100 8803 2067111335 38303138 10013418
0b000401 0b00c601 10021 100 2255 2055771519 49643224 10012871
0b000901 0b00c601 10013 100 145838 2047723631 57697096 10024907
0b000101 0b00c301 10019 100 27114 2055255890 50197908 10014956
0b000b01 0b00cd01 10012 100 191040 2046439202 59035723 10028700
0b000901 0b00c201 10017 100 120837 2049415503 56064830 10022811
0b000801 0b00c401 10015 100 4974 2048069401 57422912 10013097
0b000f01 0b00c001 10019 100 40314 2053949991 51546398 10016062
0b000301 0b00c901 10011 100 169352 2038997998 66537604 10026880
0b000701 0b00c801 10015 100 10889 2058858204 46699506 10013593
0b000601 0b00ce01 10021 100 24679 2057584262 47977522 10014750
0b000c01 0b00c601 10024 100 73044 2063835556 41749500 10018807
0b000801 0b00c901 10015 100 30635 2045780449 59822866 10015249
0b000a01 0b00cb01 10018 100 29003 2055356317 50271549 10015115
0b000101 0b00cf01 10024 100 2246 2057727830 47920176 10012871
0b000a01 0b00c001 10015 100 75007 2044014552 61650467 10018972
0b000901 0b00c001 10021 100 27512 2056389406 49284878 10014988
0b000701 0b00ce01 10022 100 29302 2054663067 51032390 10015139
0b000001 0b00c501 10025 100 145676 2055961863 49759748 10024894
0b000901 0b00c201 10016 100 22653 2047141829 58583733 10014580
0b000301 0b00cc01 10021 100 18913 2066144791 39586741 10014266
0b000601 0b00cc01 10025 100 28047 2057446269 48332746 10015035
0b000d01 0b00ca01 10017 100 16994 2058473327 47313409 10014104
0b000e01 0b00c201 10031 100 71189 2062158554 43637885 10018651
0b000401 0b00cb01 10017 100 137817 2050393237 55411725 10024235
0b000f01 0b00c701 10019 100 41262 2054229181 51595847 10016142
0b000a01 0b00c301 10019 100 208 2067739001 38091826 10012700
0b000a01 0b00c301 10020 100 76 2068342873 37491413 10012689
0b000901 0b00c601 10018 100 24666 2056128184 49734512 10014749
0b000501 0b00c901 10019 100 18091 2049079075 56791740 10014200
0b000f01 0b00c301 10021 100 9810 2069097693 36774943 10013503
0b000601 0b00c501 10026 100 3692 2065930659 39955597 10012990
0b000501 0b00c101 10016 100 1406 2058612259 47285282 10012800
0b000101 0b00c001 10002 100 1485692 2006347787 99550166 10137241
0b000201 0b00c001 10017 100 55873 2063562879 42350377 10017364
0b000901 0b00c901 10023 100 147958 2048086563 57828863 10025084
0b000d01 0b00c401 10018 100 78578 2060593308 45335342 10019269
0b000c01 0b00c201 10019 100 29149 2054482101 51468318 10015127
0b000201 0b00cb01 10017 100 17703 2067183877 38771991 10014165
0b000501 0b00c001 10015 100 901175 2015234673 90768719 10088237
0b000501 0b00c501 10016 100 2345 2046405435 59609768 10012879
0b000a01 0b00cb01 10019 100 4712 2057602162 48413180 10013076
0b000e01 0b00c301 10028 100 5317 2069109391 36955079 10013128
0b000b01 0b00c401 10008 100 857914 2018282587 87789600 10084607
0b000101 0b00c101 10005 100 820662 2012354424 93727826 10081485
0b000d01 0b00c101 10012 100 9203 2056200893 49910735 10013454
0b000901 0b00cf01 10019 100 40245 2056120182 50044802 10016057
0b000601 0b00ca01 10019 100 66947 2060678025 45499173 10018293
0b000701 0b00ca01 10021 100 2582 2056527561 49663632 10012898
0b000401 0b00c201 10022 100 48087 2056459486 49756858 10016715
0b000b01 0b00ce01 10008 100 213532 2037121246 69097657 10030584
0b000901 0b00c101 10007 100 604692 2032719608 73504711 10063378
0b000e01 0b00c801 10022 100 3146 2049206101 57031161 10012947
0b000401 0b00cf01 10020 100 49868 2056514067 49723339 10016861
0b000301 0b00c301 10016 100 165041 2038623685 67625010 10026520
0b000101 0b00c401 10017 100 57100 2053659743 52623703 10017470
0b000b01 0b00ce01 10011 100 61472 2045661598 60625797 10017835
0b000001 0b00ca01 10016 100 27847 2056373960 49923440 10015015
0b000901 0b00cb01 10015 100 58979 2045520153 60779157 10017624
0b000101 0b00c201 10018 100 4327 2048731657 57570828 10013045
0b000101 0b00c501 10026 100 33173 2055755073 50550066 10015464
0b000e01 0b00ca01 10005 100 701535 2008269358 98041167 10071498
0b000001 0b00cf01 10020 100 35237 2055870139 50447584 10015637
0b000501 0b00c701 10027 100 9253 2059908200 46410717 10013458
0b000f01 0b00ce01 10019 100 69347 2053142418 53195390 10018496
0b000301 0b00c201 10022 100 3515 2058402383 47936079 10012976
0b000e01 0b00c801 10023 100 8346 2056225849 50121972 10013382
0b000001 0b00cf01 10017 100 44238 2046246135 60108906 10016391
0b000201 0b00c301 10023 100 4924 2058250364 48110819 10013093
0b000101 0b00cb01 10018 100 21839 2047542395 58850049 10014511
0b000501 0b00cc01 10024 100 153862 2047669163 58724380 10025580
0b000501 0b00c001 10027 100 14579 2055357156 51067884 10013903
0b000401 0b00cb01 10025 100 24272 2069005769 37426417 10014717
0b000101 0b00c401 10016 100 66871 2053174599 53262525 10018286
0b000b01 0b00c701 10021 100 42047 2055477869 50964089 10016208
0b000e01 0b00ca01 10027 100 56808 2042608074 63877071 10017443
0b000101 0b00ca01 10020 100 162318 2055310643 51191736 10026291
0b000101 0b00c301 10015 100 154627 2037460626 69041811 10025645
0b000101 0b00c701 10009 100 67878 2053124123 53385529 10018371
0b000c01 0b00cc01 10015 100 292609 2031360840 75148824 10037213
0b000501 0b00ce01 10023 100 3542 2056881709 49635524 10012978
0b000401 0b00c301 10030 100 43419 2064064102 42454359 10016322
0b000801 0b00c401 10014 100 23475 2048041507 58479175 10014650
0b000001 0b00cd01 10026 100 20493 2057132927 49389795 10014400
0b000f01 0b00c801 10020 100 27745 2058980676 47559996 10015007
0b000f01 0b00cd01 10016 100 20475 2056076072 50491584 10014398
0b000b01 0b00c601 10027 100 20773 2057697412 48877539 10014422
0b000601 0b00cf01 10018 100 7490 2046173388 60413114 10013309
0b000c01 0b00c801 10016 100 2711 2047702040 58917141 10012908
0b000e01 0b00cb01 10016 100 43310 2046130261 60500219 10016313
0b000f01 0b00c901 10022 100 3644 2057087216 49553827 10012986
0b000101 0b00c701 10018 100 37714 2065595846 41099057 10015843
0b000501 0b00c401 10007 100 73430 2051018238 55695694 10018838
0b000601 0b00c501 10021 100 3676 2056162109 50581241 10012989
0b000b01 0b00c001 10026 100 615 2069294902 37491359 10012733
0b000101 0b00cf01 10028 100 35943 2066578521 40235838 10015693
0b000001 0b00c301 10007 100 240780 2041955055 64861676 10032867
0b000601 0b00c901 10022 100 8401 2066379700 40449934 10013386
0b000501 0b00cf01 10016 100 46194 2049154716 57682124 10016556
0b000c01 0b00c501 10024 100 166491 2048364186 58474964 10026640
0b000801 0b00c001 10008 100 605213 2022888398 83951787 10063424
0b000101 0b00c001 10020 100 38275 2056014570 50830626 10015891
0b000301 0b00c101 10012 100 793771 2019725800 87121242 10079230
0b000901 0b00c701 10026 100 46360 2055734783 51115157 10016569
0b000e01 0b00c701 10019 100 6611 2060093687 46761457 10013235
0b000201 0b00c201 10017 100 377091 2041541180 65328436 10044298
0b000501 0b00c401 10013 100 49015 2066425896 40471223 10016793
0b000501 0b00c101 10020 100 21701 2067888921 39008494 10014500
0b000101 0b00c801 10015 100 25537 2046258803 60641135 10014822
0b000501 0b00c201 10018 100 65214 2064251141 42683207 10018150
0b000a01 0b00c701 10028 100 34153 2056270441 50695952 10015546
0b000501 0b00c601 10010 100 272761 2041866100 65130756 10035549
0b000a01 0b00c601 10017 100 42863 2056456128 50596314 10016274
0b000801 0b00c201 10020 100 35758 2056930142 50171037 10015678
0b000601 0b00cb01 10010 100 82329 2052534345 54574179 10019585
0b000401 0b00c401 10010 100 47593 2046869163 60264909 10016671
0b000c01 0b00c501 10022 100 177125 2047920995 59216642 10027533
0b000601 0b00c301 10023 100 61101 2041734438 65498831 10017806
0b000101 0b00cd01 10028 100 44966 2066334961 40906596 10016450
0b000e01 0b00cc01 10025 100 13872 2066584757 40670553 10013843
0b000d01 0b00cf01 10000 100 2763347 2001740631 105524941 10244361
0b000901 0b00cc01 10019 100 4612 2059359474 47910262 10013068
0b000001 0b00c001 10030 100 70912 2054052816 53220132 10018625
0b000701 0b00cb01 10027 100 2686 2060893722 46401844 10012906
0b000b01 0b00cf01 10018 100 9236 2059118557 48192211 10013457
0b000e01 0b00ce01 10021 100 8133 2047774302 59568421 10013365
0b000201 0b00c601 10025 100 47790 2045725619 61667867 10016687
0b000c01 0b00c201 10021 100 63113 2056740807 50723917 10017974
0b000301 0b00ca01 10027 100 74405 2063426282 44055775 10018920
0b000f01 0b00cd01 10011 100 67641 2047702523 59781667 10018352
0b000b01 0b00c901 10024 100 51294 2056510236 50984231 10016983
0b000b01 0b00c201 10023 100 25762 2068124977 39387201 10014840
0b000a01 0b00cf01 10017 100 46691 2047171768 60374906 10016595
0b000701 0b00c501 10008 100 40834 2045698182 61850805 10016104
0b000901 0b00c201 10015 100 118629 2042297503 65264640 10022627
0b000f01 0b00c601 10018 100 10458 2057559141 50014973 10013558
0b000c01 0b00cc01 10031 100 68783 2056371815 51211837 10018447
0b000701 0b00c601 10030 100 21035 2069622429 37976507 10014447
0b000701 0b00c201 10023 100 6265 2067538997 40066352 10013208
0b000101 0b00c001 10015 100 24032 2046935050 60670834 10014698
0b000501 0b00c601 10024 100 21795 2068825265 38796767 10014508
0b000701 0b00c701 10021 100 27713 2059612383 48015220 10015004
0b000c01 0b00c201 10020 100 71796 2056348900 51302870 10018700
0b000101 0b00c401 10014 100 2797 2050340681 57330104 10012915
0b000301 0b00cc01 10014 100 62878 2055879602 51802607 10017952
0b000701 0b00cb01 10030 100 15908 2067091301 40594796 10014014
0b000301 0b00c801 10021 100 9212 2048632200 59082953 10013455
0b000901 0b00cb01 10023 100 9651 2059539104 48184124 10013490
0b000a01 0b00c501 10021 100 1086 2059624712 48109446 10012774
0b000a01 0b00c401 10015 100 76838 2044856090 62887266 10019122
0b000201 0b00c701 10017 100 9309 2048582522 59168076 10013463
0b000f01 0b00c101 10015 100 460724 2039808956 67952381 10051308
0b000901 0b00cb01 10016 100 14324 2048637487 59195186 10013883
0b000401 0b00c801 10012 100 143360 2046808817 61026822 10024701
0b000601 0b00ce01 10016 100 42271 2054405630 53436674 10016226
0b000f01 0b00cb01 10027 100 13303 2057762021 50090293 10013798
0b000401 0b00c301 10029 100 73484 2055712806 52158235 10018842
0b000501 0b00ce01 10027 100 49227 2067783995 40093007 10016810
0b000f01 0b00c101 10024 100 42047 2069261608 38645224 10016208
0b000b01 0b00c701 10016 100 44045 2047161757 60747441 10016376
0b000901 0b00cb01 10021 100 21018 2058487034 49473043 10014445
0b000801 0b00c701 10009 100 1072125 2014114875 93867876 10102570
0b000d01 0b00c701 10021 100 39086 2056097373 51891026 10015960
0b000d01 0b00c601 10017 100 5815 2058252792 49742533 10013168
0b000d01 0b00cd01 10019 100 6079 2051007443 56990997 10013193
0b000301 0b00c201 10016 100 193621 2038819472 69179367 10028914
0b000201 0b00c701 10004 100 885693 2013156192 94843300 10086937
0b000401 0b00ce01 10020 100 72857 2052311206 55709881 10018788
0b000a01 0b00c201 10018 100 325208 2039762061 68274805 10039948
0b000401 0b00c701 10013 100 6189 2051481353 56555571 10013202
0b000401 0b00cb01 10008 100 326685 2029128363 78962618 10040070
0b000601 0b00c801 10018 100 22860 2059879658 48245101 10014597
0b000a01 0b00cd01 10013 100 50533 2047659733 60472485 10016918
0b000e01 0b00ce01 10017 100 145319 2038968160 69166431 10024866
0b000101 0b00c201 10019 100 4518 2049449711 58723093 10013060
0b000c01 0b00c801 10028 100 27687 2069525714 38648854 10015002
0b000001 0b00c701 10035 100 4418 2070263348 37911987 10013052
0b000c01 0b00cc01 10022 100 11031 2048396574 59782689 10013608
0b000e01 0b00c501 10017 100 9505 2048482148 59708437 10013478
0b000201 0b00c401 10022 100 40357 2057298932 50917422 10016066
0b000901 0b00cf01 10023 100 64369 2065880050 42369178 10018079
0b000b01 0b00cd01 10015 100 30562 2058197358 50057791 10015244
0b000101 0b00c801 10022 100 5566 2060154316 48143777 10013148
0b000c01 0b00c201 10025 100 13666 2060994355 47311825 10013827
0b000101 0b00c101 10023 100 138654 2059178338 49164850 10024306
0b000d01 0b00cb01 10027 100 1842 2068798511 39551547 10012835
0b000a01 0b00c201 10023 100 16321 2059647694 48805905 10014050
0b000301 0b00c001 10017 100 74047 2064258038 44196087 10018891
0b000b01 0b00cb01 10016 100 50779 2057183435 51300410 10016938
0b000d01 0b00c001 10020 100 59015 2067016444 41468678 10017631
0b000f01 0b00c601 10014 100 56130 2049350578 59196220 10017389
0b000201 0b00cf01 10017 100 157454 2039117800 69449701 10025883
0b000301 0b00cb01 10031 100 29932 2058814675 49766633 10015189
0b000a01 0b00c301 10018 100 51096 2066565885 42016755 10016967
0b000f01 0b00c301 10020 100 53905 2059786368 48812067 10017199
0b000d01 0b00c601 10010 100 310074 2033644647 74956976 10038680
0b000e01 0b00c201 10022 100 63873 2044014939 64587354 10018035
0b000e01 0b00ce01 10027 100 6197 2061917069 46689334 10013202
0b000101 0b00c501 10017 100 183419 2036349631 72280912 10028060
0b000401 0b00ce01 10023 100 54625 2058740933 49928570 10017261
0b000801 0b00ca01 10027 100 13113 2060268145 48411363 10013782
0b000c01 0b00c801 10017 100 147131 2048424166 60263675 10025018
0b000a01 0b00c501 10022 100 4065 2060806230 47887534 10013024
0b000a01 0b00c501 10015 100 25073 2048705328 59996446 10014785
0b000f01 0b00c001 10014 100 522032 2042939844 65803346 10056450
0b000101 0b00c901 10024 100 55939 2066929561 41831283 10017370
0b000801 0b00cc01 10020 100 28929 2048908165 59854201 10015105
0b000001 0b00ca01 10022 100 43446 2066397954 42372490 10016324
0b000401 0b00ce01 10022 100 62018 2058612854 50157828 10017883
0b000401 0b00cd01 10019 100 16242 2058425403 50351181 10014044
0b000401 0b00c801 10015 100 161461 2057530929 51260550 10026218
0b000701 0b00c401 10024 100 24796 2068417999 40377553 10014759
0b000301 0b00c501 10019 100 24145 2059329042 49475378 10014707
0b000401 0b00c301 10018 100 367811 2035660394 73192544 10043518
0b000a01 0b00c701 10017 100 72743 2046061072 62830586 10018779
0b000b01 0b00cd01 10019 100 25703 2069380407 39532479 10014836
0b000c01 0b00cb01 10022 100 7599 2049468715 59447109 10013318
0b000901 0b00c701 10033 100 58340 2067377773 41554865 10017573
0b000401 0b00c401 10015 100 17591 2058818029 50116622 10014156
0b000701 0b00c301 10030 100 53454 2069049110 39919469 10017163
0b000901 0b00c701 10034 100 23783 2069868989 39116081 10014674
0b000901 0b00cc01 10017 100 101728 2054736566 54253200 10021209
0b000701 0b00c301 10028 100 61447 2068794389 40198989 10017833
0b000a01 0b00c801 10027 100 58279 2056790868 52206518 10017568
0b000c01 0b00c901 10016 100 32471 2050089924 58909917 10015404
0b000201 0b00c101 10021 100 4907 2051571988 57434940 10013091
0b000901 0b00cd01 10025 100 473 2060917673 48093897 10012721
0b000701 0b00c501 10009 100 52497 2046970277 62043772 10017083
0b000501 0b00c101 10014 100 64237 2044621015 64435673 10018068
0b000201 0b00c001 10013 100 28306 2059075623 49982676 10015055
0b000f01 0b00c101 10019 100 374702 2052550907 56524665 10044096
0b000701 0b00c101 10016 100 55921 2056076149 53003764 10017368
0b000501 0b00c001 10026 100 22450 2050236808 58940625 10014564
0b000d01 0b00c901 10028 100 32213 2057565202 51612571 10015383
0b000b01 0b00c801 10020 100 10266 2060805545 48383147 10013543
0b000701 0b00c701 10023 100 28412 2068343567 40869563 10015064
0b000701 0b00c601 10021 100 76331 2048803278 60414733 10019082
0b000b01 0b00ce01 10015 100 2279 2070912902 38328856 10012873
0b000301 0b00c301 10030 100 3916 2071428387 37818374 10013008
0b000b01 0b00ca01 10022 100 77517 2056075258 53180563 10019180
0b000f01 0b00c501 10014 100 23789 2058717940 50550876 10014675
0b000801 0b00c001 10014 100 14916 2060349111 48921080 10013930
0b000101 0b00c101 10018 100 65753 2045583617 63691079 10018193
0b000f01 0b00c501 10011 100 21559 2051857651 57417574 10014489
0b000601 0b00cd01 10034 100 3079 2072588081 36698117 10012941
0b000801 0b00ce01 10021 100 37343 2050018314 59269515 10015813
0b000c01 0b00c301 10008 100 168930 2041283425 68012954 10026843
0b000e01 0b00cf01 10005 100 605403 2018904920 90392488 10063439
0b000201 0b00ce01 10026 100 30481 2048752745 60549672 10015237
0b000501 0b00cc01 10028 100 518 2058842165 50463608 10012725
0b000301 0b00c801 10028 100 24185 2059858896 49459106 10014710
0b000001 0b00c501 10023 100 21422 2050373501 58963175 10014478
0b000d01 0b00c301 10022 100 49758 2059590103 49755938 10016852
0b000d01 0b00cf01 10023 100 45589 2047698072 61664553 10016503
0b000701 0b00c701 10026 100 29466 2071420319 37954127 10015152
0b000c01 0b00c501 10028 100 37480 2057235209 52154184 10015824
0b000801 0b00c801 10028 100 7448 2061190804 48205822 10013306
0b000901 0b00cd01 10026 100 6673 2061059683 48364499 10013240
0b000001 0b00c701 10027 100 25615 2059548029 49927217 10014829
0b000a01 0b00c501 10023 100 9270 2060824756 48664950 10013460
0b000801 0b00c201 10016 100 61129 2047816218 61702646 10017808
0b000501 0b00cd01 10011 100 734127 2019240047 90279644 10074232
0b000b01 0b00c401 10024 100 67268 2047356247 62178298 10018322
0b000101 0b00c501 10022 100 57 2051273833 58278072 10012688
0b000301 0b00cc01 10015 100 82692 2056293798 53272670 10019614
0b000901 0b00c701 10028 100 47315 2058523602 51058179 10016649
0b000401 0b00c901 10023 100 66072 2065923472 43721912 10018223
0b000301 0b00c801 10027 100 149065 2059747590 49900626 10025181
0b000e01 0b00c101 10018 100 6384 2050145994 59511345 10013217
0b000801 0b00c801 10023 100 47069 2049664205 60009644 10016629
0b000301 0b00c301 10022 100 19201 2051329787 58384926 10014292
0b000701 0b00c301 10024 100 71052 2058946119 50772877 10018640
0b000001 0b00c701 10028 100 22895 2060023047 49705145 10014599
0b000801 0b00c701 10034 100 24199 2070323800 39413165 10014711
0b000601 0b00cf01 10019 100 38400 2046224426 63535132 10015901
0b000901 0b00cd01 10022 100 38560 2059621304 50167943 10015914
0b000f01 0b00ce01 10018 100 402880 2049113398 60680139 10046457
0b000301 0b00c501 10022 100 3832 2061787521 48037571 10013001
0b000901 0b00cb01 10018 100 29218 2050571784 59269031 10015132
0b000c01 0b00ce01 10015 100 74653 2045580986 64264190 10018940
0b000801 0b00c701 10035 100 9843 2071030563 38854367 10013505
0b000001 0b00cd01 10018 100 195924 2039472493 70421773 10029106
0b000a01 0b00c001 10023 100 2767 2062101366 47812257 10012912
0b000801 0b00cb01 10015 100 29059 2049997026 59923745 10015119
0b000d01 0b00c401 10015 100 39106 2051219806 58706213 10015962
0b000001 0b00ce01 10030 100 84 2072391533 37573141 10012690
0b000c01 0b00c601 10008 100 471289 2027379289 82585823 10052195
0b000901 0b00c001 10016 100 63292 2047657887 62324126 10017989
0b000901 0b00cd01 10019 100 59420 2058158761 51835485 10017664
0b000e01 0b00c901 10023 100 52832 2065130373 44885091 10017110
0b000601 0b00ce01 10024 100 5201 2069933522 40101893 10013119
0b000b01 0b00c301 10015 100 28834 2060057791 49995337 10015098
0b000201 0b00c401 10019 100 15713 2050648970 59423501 10013998
0b000901 0b00c501 10020 100 115914 2044530024 65552444 10022398
0b000f01 0b00c201 10029 100 8849 2050635820 59459041 10013422
0b000b01 0b00c901 10021 100 14276 2051953366 58146121 10013879
0b000a01 0b00cc01 10018 100 66047 2047517285 62607314 10018221
0b000f01 0b00c601 10024 100 8043 2073118598 37008720 10013358
0b000f01 0b00cd01 10017 100 7687 2060168319 49971471 10013325
0b000301 0b00c101 10022 100 77101 2047291484 62867855 10019147
0b000201 0b00ce01 10028 100 49024 2058440039 51725134 10016793
0b000d01 0b00ce01 10020 100 5969 2063471004 46700606 10013180
0b000201 0b00ce01 10025 100 66578 2047062014 63122561 10018263
0b000201 0b00cc01 10020 100 28982 2050914157 59275697 10015109
0b000901 0b00cf01 10017 100 155897 2052280180 57911250 10025750
0b000501 0b00cd01 10015 100 251054 2043953247 66239364 10033732
0b000201 0b00c901 10019 100 239719 2044693629 65529350 10032779
0b000501 0b00cc01 10029 100 68424 2059413082 50812888 10018418
0b000b01 0b00c901 10025 100 22457 2061012536 49224462 10014564
0b000601 0b00cf01 10024 100 72788 2063254473 47088522 10018783
0b000901 0b00c801 10015 100 51640 2049617818 60747341 10017010
0b000d01 0b00c101 10011 100 78769 2055821080 54549578 10019284
0b000a01 0b00cf01 10020 100 55229 2049312941 61067968 10017313
0b000501 0b00c601 10019 100 7382 2060652305 49738072 10013301
0b000901 0b00ca01 10027 100 127 2072954413 37445485 10012694
0b000601 0b00cb01 10008 100 153443 2040097899 70305257 10025546
0b000101 0b00ca01 10023 100 9928 2071376272 39027042 10013512
0b000a01 0b00c001 10022 100 7861 2061942730 48501768 10013339
0b000a01 0b00c001 10021 100 6865 2061914475 48538852 10013256
0b000301 0b00c701 10018 100 21235 2061152901 49303266 10014463
0b000c01 0b00c601 10026 100 37246 2070771553 39686961 10015805
0b000301 0b00c001 10015 100 35058 2060132716 50338991 10015622
0b000701 0b00c501 10019 100 35133 2072027417 38447586 10015628
0b000101 0b00cf01 10029 100 25203 2071100178 39423348 10014796
0b000d01 0b00ce01 10024 100 1246 2071075490 39453222 10012787
0b000a01 0b00c901 10021 100 6525 2062361472 48186536 10013228
0b000701 0b00c401 10013 100 466684 2036033685 74567588 10051808
0b000001 0b00c001 10029 100 4656 2052982500 57664130 10013071
0b000701 0b00cc01 10020 100 657 2064289303 46359480 10012736
0b000101 0b00cf01 10025 100 14794 2061713581 48951448 10013921
0b000d01 0b00cd01 10017 100 42353 2049070402 61601946 10016233
0b000501 0b00cc01 10030 100 16264 2060612939 50077406 10014046
0b000701 0b00cb01 10026 100 23839 2059204488 51490808 10014679
0b000001 0b00c301 10020 100 8646 2062054964 48644468 10013406
0b000001 0b00c601 10003 100 802811 2013935688 96773720 10079988
0b000b01 0b00c501 10014 100 559805 2038888073 71832078 10059614
0b000401 0b00cf01 10016 100 4147 2050785091 59947135 10013030
0b000901 0b00c001 10026 100 7852 2071940994 38793244 10013338
0b000701 0b00c701 10022 100 5991 2060739192 50005118 10013182
0b000601 0b00c501 10009 100 412273 2027185306 83585577 10047247
0b000f01 0b00c901 10024 100 7229 2060954080 49820579 10013289
0b000b01 0b00c501 10019 100 39575 2060430698 50369191 10015999
0b000f01 0b00c101 10020 100 195629 2054028730 56786230 10029082
0b000a01 0b00c701 10020 100 12754 2051702172 59168754 10013750
0b000501 0b00c801 10018 100 28067 2070031092 40841103 10015036
0b000501 0b00cf01 10023 100 40607 2061554831 49337510 10016086
0b000501 0b00c001 10035 100 23286 2071645548 39248447 10014635
0b000701 0b00c801 10020 100 108372 2064912650 46000859 10021768
0b000901 0b00cb01 10020 100 73887 2058479203 52438747 10018875
0b000801 0b00c901 10022 100 52453 2069544669 41388181 10017079
0b000601 0b00c701 10017 100 165059 2044848173 66108549 10026522
0b000c01 0b00c001 10013 100 9622 2053948910 57029534 10013488
0b000401 0b00ca01 10017 100 53176 2045906932 65077512 10017141
0b000f01 0b00ca01 10028 100 5301 2074254248 36751919 10013127
0b000e01 0b00c801 10028 100 24596 2071797325 39220647 10014743
0b000701 0b00c401 10023 100 62526 2067435495 43611391 10017924
0b000d01 0b00c801 10024 100 30316 2072012490 39045116 10015224
0b000e01 0b00ce01 10025 100 7639 2060758848 50310221 10013321
0b000001 0b00c601 10029 100 14512 2062117112 48959146 10013898
0b000101 0b00c401 10015 100 23934 2050814652 60273715 10014686
0b000801 0b00c101 10024 100 11879 2052251946 58838670 10013676
0b000801 0b00c801 10029 100 26681 2061208650 49887530 10014918
0b000301 0b00cd01 10012 100 347391 2048710008 62388764 10041807
0b000801 0b00c701 10024 100 101954 2047335818 63769734 10021228
0b000301 0b00c301 10021 100 54109 2050579449 60562008 10017219
0b000f01 0b00c501 10015 100 97623 2059735427 51412983 10020866
0b000d01 0b00c701 10023 100 51193 2058205642 52960933 10016975
0b000501 0b00c701 10032 100 21983 2073111232 38066689 10014523
0b000401 0b00cb01 10018 100 4630 2051388003 59792980 10013069
0b000101 0b00c201 10028 100 16384 2071709150 39475400 10014056
0b000901 0b00c601 10019 100 20309 2061885291 49318130 10014385
0b000c01 0b00c501 10037 100 14371 2070732141 40495063 10013887
0b000301 0b00c401 10018 100 5811 2062964549 48277183 10013167
0b000e01 0b00c801 10024 100 75386 2057678282 53568966 10019002
0b000401 0b00c501 10011 100 197388 2037088536 74162043 10029231
0b000201 0b00c601 10026 100 48903 2049495825 61796648 10016780
0b000601 0b00cc01 10027 100 18987 2059710335 51609372 10014271
0b000c01 0b00c301 10018 100 64967 2060588323 50737096 10018126
0b000e01 0b00cb01 10021 100 66551 2055683773 55651262 10018261
0b000301 0b00c901 10029 100 27598 2071458761 39891405 10014995
0b000f01 0b00c801 10021 100 23336 2063724146 47635013 10014639
0b000601 0b00c401 10025 100 21905 2050480578 60934073 10014516
0b000901 0b00c301 10024 100 23896 2062280714 49134469 10014683
0b000d01 0b00cd01 10001 100 1917701 2004866378 106572381 10173461
0b000401 0b00cb01 10016 100 66388 2049602756 61902252 10018248
0b000301 0b00cd01 10020 100 52657 2059967812 51551198 10017096
0b000e01 0b00ce01 10029 100 46836 2069829652 41711998 10016607
0b000801 0b00ce01 10025 100 35984 2061022730 50535675 10015696
0b000001 0b00cd01 10027 100 158074 2058716120 52868134 10025936
0b000e01 0b00cd01 10024 100 7752 2071386380 40198380 10013330
0b000c01 0b00c901 10018 100 15892 2054134857 57479129 10014012
0b000701 0b00cf01 10016 100 27295 2060331758 51290162 10014971
0b000b01 0b00c501 10016 100 23566 2052768018 58859423 10014657
0b000e01 0b00c101 10016 100 88095 2044693826 66955631 10020069
0b000101 0b00c801 10023 100 43953 2060429399 51289168 10016365
0b000101 0b00c901 10022 100 4591 2063674101 48072496 10013066
0b000601 0b00c901 10019 100 25071 2063006210 48770658 10014785
0b000f01 0b00cb01 10030 100 153452 2066958738 44876485 10025547
0b000e01 0b00c601 10025 100 22216 2063127986 48708927 10014545
0b000901 0b00cb01 10022 100 74413 2059191849 52657328 10018921
0b000701 0b00c001 10021 100 16770 2051368361 60484929 10014086
0b000101 0b00ce01 10019 100 82880 2047637149 64240197 10019629
0b000f01 0b00c401 10015 100 160359 2047710794 64173976 10026126
0b000701 0b00cb01 10032 100 56186 2068857544 43045330 10017393
0b000701 0b00cf01 10017 100 9138 2062020747 49883218 10013449
0b000901 0b00ce01 10015 100 105091 2066507167 45407103 10021494
0b000901 0b00cd01 10028 100 26388 2072825486 39094804 10014894
0b000a01 0b00c601 10020 100 66553 2059432601 52515214 10018261
0b000e01 0b00c201 10024 100 82470 2048601563 63383015 10019596
0b000301 0b00c601 10020 100 9860 2063607161 48395545 10013507
0b000f01 0b00c501 10017 100 45272 2063082128 48930181 10016478
0b000a01 0b00c701 10036 100 33474 2070857360 41155861 10015488
0b000201 0b00c301 10022 100 93373 2056973231 55064079 10020510
0b000701 0b00c801 10010 100 243843 2039390227 72653441 10033124
0b000f01 0b00c201 10038 100 240 2065697629 46352183 10012703
0b000c01 0b00c701 10021 100 6476 2072188101 39862428 10013224
0b000901 0b00c701 10036 100 29908 2072785189 39324452 10015187
0b000001 0b00cf01 10021 100 57527 2059384929 52725308 10017504
0b000c01 0b00cf01 10022 100 62923 2051084914 61030160 10017955
0b000101 0b00c501 10023 100 159615 2051475098 60648869 10026063
0b000301 0b00c001 10019 100 109904 2065455018 46700695 10021894
0b000c01 0b00c601 10021 100 72938 2060694690 51479059 10018795
0b000f01 0b00c501 10012 100 4945 2052866407 59339673 10013094
0b000401 0b00c201 10024 100 27696 2059658316 52601527 10015003
0b000801 0b00cf01 10014 100 48914 2051482057 60783192 10016781
0b000101 0b00cd01 10022 100 42479 2051393180 60875047 10016243
0b000a01 0b00c801 10026 100 8164 2053606004 58684038 10013367
0b000301 0b00ca01 10025 100 103472 2057131459 55160984 10021357
0b000101 0b00c201 10025 100 3069 2063939534 48354727 10012940
0b000d01 0b00c001 10023 100 3689 2072782162 39518058 10012990
0b000001 0b00cb01 10018 100 10849 2063655273 48648660 10013590
0b000e01 0b00c101 10026 100 29030 2059746644 52559869 10015117
0b000401 0b00c401 10023 100 23572 2073474887 38833944 10014657
0b000501 0b00c501 10021 100 47440 2051769476 60565289 10016659
0b000401 0b00c701 10022 100 22528 2064331097 48011275 10014570
0b000c01 0b00c501 10031 100 2313 2062601008 49746260 10012876
0b000001 0b00ce01 10027 100 57315 2068285749 44086139 10017487
0b000401 0b00cc01 10014 100 21752 2062280089 50118800 10014504
0b000601 0b00cc01 10033 100 21322 2073454166 38946791 10014470
0b000301 0b00cb01 10034 100 29123 2062432647 49976498 10015125
0b000501 0b00cb01 10022 100 19649 2050191010 62235908 10014328
0b000001 0b00ce01 10024 100 56641 2050924152 61503796 10017430
0b000a01 0b00c701 10021 100 30556 2052210715 60236741 10015243
0b000a01 0b00c501 10018 100 12973 2053486350 58965126 10013767
0b000801 0b00ce01 10030 100 2702 2064713180 47738521 10012907
0b000701 0b00cb01 10029 100 42454 2064068910 48403511 10016241
0b000a01 0b00c401 10013 100 327320 2042875426 69610589 10040125
0b000101 0b00c001 10022 100 26954 2062454348 50038988 10014940
0b000001 0b00c501 10032 100 88538 2065485907 47026100 10020104
0b000d01 0b00c701 10024 100 17978 2061718960 50800852 10014187
0b000a01 0b00ca01 10022 100 8450 2063926015 48615013 10013390
0b000901 0b00c001 10023 100 175276 2063796666 48769035 10027377
0b000801 0b00cd01 10005 100 1407829 2006398482 106179483 10130713
0b000801 0b00cc01 10025 100 63009 2060209399 52394391 10017966
0b000e01 0b00c501 10001 100 1097813 2002371061 110262991 10104721
0b000a01 0b00cc01 10023 100 4898 2064211076 48437180 10013091
0b000901 0b00c501 10024 100 71030 2060113152 52540147 10018638
0b000c01 0b00cb01 10028 100 23252 2071317415 41340304 10014632
0b000e01 0b00c601 10023 100 50284 2061192274 51468487 10016898
0b000501 0b00c101 10024 100 897 2073120283 39564748 10012755
0b000401 0b00c701 10020 100 42967 2063108730 49582013 10016282
0b000001 0b00c501 10028 100 68946 2059269029 53425087 10018460
0b000401 0b00cf01 10018 100 43949 2054059948 58637584 10016364
0b000e01 0b00c501 10025 100 31998 2069698876 43013412 10015362
0b000601 0b00c201 10020 100 160458 2057551414 55175427 10026134
0b000d01 0b00c601 10024 100 31734 2073641820 39099641 10015341
0b000f01 0b00c201 10037 100 77761 2062027390 50714377 10019200
0b000501 0b00c901 10022 100 1498 2062942813 49809558 10012807
0b000301 0b00c801 10030 100 6990 2064260890 48501010 10013266
0b000101 0b00c601 10019 100 148134 2052816002 59951481 10025102
0b000501 0b00c901 10021 100 14716 2054151264 58637282 10013914
0b000e01 0b00c601 10021 100 3978 2056341718 56447063 10013013
0b000501 0b00cc01 10031 100 5 2061508342 51287472 10012684
0b000b01 0b00c301 10013 100 34897 2053276782 59526247 10015606
0b000e01 0b00ce01 10022 100 49892 2049183881 63638332 10016863
0b000201 0b00ca01 10014 100 56444 2060609256 52235799 10017414
0b000401 0b00c201 10021 100 129611 2055066291 57794759 10023548
0b000d01 0b00c101 10020 100 1021 2076346405 36529287 10012769
0b000b01 0b00c901 10018 100 69522 2050341023 62542796 10018510
0b000d01 0b00c601 10018 100 53360 2062482479 50412507 10017156
0b000801 0b00c701 10032 100 4540 2064929697 47975305 10013062
0b000b01 0b00c801 10028 100 454 2074450914 38469280 10012720
0b000a01 0b00c801 10028 100 62246 2060323385 52612160 10017901
0b000b01 0b00cc01 10026 100 9689 2064621519 48323318 10013493
0b000201 0b00cc01 10023 100 2290 2054823308 58130415 10012874
0b000201 0b00c901 10021 100 39897 2052436989 60529481 10016025
0b000301 0b00c801 10026 100 8180 2054565382 58419870 10013368
0b000501 0b00ca01 10011 100 391689 2032104270 80885835 10045520
0b000101 0b00c901 10019 100 5636 2055113486 57881235 10013153
0b000801 0b00c501 10019 100 77944 2050415801 62580802 10019215
0b000901 0b00c201 10019 100 76533 2050480884 62521605 10019098
0b000c01 0b00c201 10018 100 137761 2053682665 59320717 10024230
0b000501 0b00c301 10019 100 27192 2050326958 62677930 10014962
0b000001 0b00ca01 10014 100 269499 2044855034 68164203 10035276
0b000901 0b00cd01 10018 100 154619 2055085114 57938447 10025644
0b000301 0b00cc01 10016 100 125282 2056604902 56477339 10023186
0b000701 0b00cf01 10024 100 88366 2070854563 42230680 10020091
0b000901 0b00c901 10025 100 28213 2053785854 59320499 10015048
0b000e01 0b00cc01 10029 100 7415 2072948854 40163302 10013303
0b000a01 0b00cb01 10021 100 33899 2062561437 50553937 10015522
0b000c01 0b00c301 10020 100 54990 2062900308 50223751 10017290
0b000b01 0b00cb01 10014 100 229589 2050515136 62629239 10031930
0b000d01 0b00cb01 10022 100 23708 2052545578 60603868 10014668
0b000c01 0b00c101 10010 100 25152 2055064928 58089630 10014792
0b000401 0b00cb01 10024 100 78209 2068105436 45060527 10019240
0b000401 0b00c401 10022 100 29878 2072180295 40987261 10015185
0b000c01 0b00c801 10012 100 547490 2031510009 81662040 10058583
0b000901 0b00c001 10024 100 3182 2065218180 47962072 10012949
0b000e01 0b00c101 10028 100 118992 2063846480 49352985 10022656
0b000a01 0b00c501 10026 100 33080 2062889977 50333859 10015456
0b000101 0b00c601 10027 100 23008 2073155982 40099103 10014612
0b000501 0b00c701 10003 100 1577768 2005211119 108075933 10144960
0b000301 0b00c901 10024 100 23837 2063547275 49746257 10014679
0b000801 0b00c501 10022 100 8829 2055365633 57934699 10013420
0b000601 0b00c201 10022 100 36308 2063163347 50144069 10015726
0b000301 0b00c401 10014 100 11682 2054570969 58776474 10013660
0b000301 0b00cd01 10009 100 423805 2039470376 73883124 10048212
0b000301 0b00c301 10027 100 87503 2068481398 44889986 10020018
0b000301 0b00c201 10023 100 71545 2060529868 52852546 10018680
0b000501 0b00c901 10023 100 14889 2064630310 48753022 10013928
0b000601 0b00c901 10014 100 179731 2049426007 64005165 10027749
0b000a01 0b00c301 10017 100 22801 2064190362 49257011 10014592
0b000801 0b00c701 10037 100 602 2074977619 38498718 10012732
0b000101 0b00cf01 10027 100 10875 2064518195 48970889 10013592
0b000501 0b00cd01 10023 100 10340 2065932088 47572106 10013549
0b000501 0b00cf01 10024 100 48008 2068686248 44831272 10016708
0b000d01 0b00c101 10017 100 123357 2064067467 49537568 10023024
0b000c01 0b00cc01 10037 100 22789 2072373155 41243677 10014591
0b000301 0b00cf01 10023 100 14001 2074118486 39513498 10013857
0b000b01 0b00c301 10017 100 27845 2074267831 39371721 10015015
0b000701 0b00cd01 10026 100 1719 2074157083 39499755 10012825
0b000201 0b00c601 10034 100 133492 2065784020 47893313 10023873
0b000001 0b00c901 10039 100 23025 2073769742 39914020 10014614
0b000401 0b00ce01 10027 100 24975 2075629351 38078301 10014774
0b000601 0b00cc01 10034 100 27320 2074465362 39282865 10014973
0b000801 0b00cb01 10016 100 45516 2053031790 60717906 10016497
0b000601 0b00c801 10016 100 2303 2054158423 59593477 10012875
0b000a01 0b00ce01 10016 100 91457 2049405494 64369864 10020349
0b000c01 0b00c901 10017 100 47863 2050998771 62778417 10016693
0b000201 0b00c201 10020 100 129083 2055684868 58139865 10023505
0b000201 0b00c301 10024 100 61614 2060864324 52962470 10017847
0b000d01 0b00cc01 10018 100 15934 2073101267 40747925 10014016
0b000301 0b00c401 10016 100 121616 2057282960 56595145 10022877
0b000501 0b00ce01 10028 100 28901 2071384858 42494747 10015103
0b000401 0b00cd01 10018 100 1523 2057351317 56529076 10012809
0b000201 0b00c701 10020 100 42996 2052810935 61074342 10016284
0b000801 0b00cc01 10023 100 6502 2056108814 57781958 10013227
0b000e01 0b00c701 10021 100 56887 2061863624 52036408 10017449
0b000c01 0b00ca01 10015 100 48930 2060891094 53010355 10016782
0b000701 0b00c801 10019 100 3891 2064039173 49887473 10013006
0b000901 0b00cb01 10027 100 35174 2072970542 41007169 10015632
0b000801 0b00c201 10022 100 63352 2070517318 43485104 10017993
0b000101 0b00c501 10010 100 616942 2019450095 94554514 10064404
0b000601 0b00c101 10012 100 171495 2038139724 75886063 10027060
0b000101 0b00cc01 10033 100 34933 2063133330 50917277 10015609
0b000501 0b00cb01 10029 100 49120 2073347451 40709638 10016801
0b000901 0b00cc01 10009 100 739930 2025778577 88282924 10074716
0b000101 0b00c101 10019 100 112478 2047179723 66920491 10022112
0b000501 0b00c101 10012 100 377453 2037051352 77055387 10044327
0b000e01 0b00ca01 10002 100 995710 2003454356 110713181 10096161
0b000501 0b00c101 10019 100 29271 2066173060 48011854 10015136
0b000001 0b00c301 10013 100 68151 2051629246 62576321 10018397
0b000101 0b00c701 10025 100 1634 2075687606 38543378 10012818
0b000e01 0b00c001 10024 100 5576 2057511179 56725588 10013149
0b000801 0b00c801 10025 100 50083 2053896845 60351661 10016882
0b000301 0b00c601 10027 100 16255 2075524986 38730617 10014045
0b000801 0b00c501 10023 100 5893 2055808627 58481100 10013174
0b000201 0b00c001 10012 100 26244 2054720879 59606744 10014883
0b000301 0b00cf01 10010 100 620704 2030606247 83738498 10064720
0b000b01 0b00c601 10025 100 4411 2055894326 58495217 10013052
0b000801 0b00cd01 10027 100 42286 2072510465 41887253 10016228
0b000201 0b00cc01 10028 100 51464 2071911828 42486505 10016996
0b000b01 0b00c201 10028 100 6586 2076740334 37666007 10013233
0b000701 0b00c801 10024 100 693 2077804581 36611690 10012739
0b000301 0b00c001 10012 100 35367 2054529442 59908987 10015647
0b000d01 0b00c001 10022 100 2000 2068034869 46404980 10012847
0b000901 0b00c001 10015 100 152711 2046382836 68063224 10025484
0b000a01 0b00c701 10030 100 66434 2061776580 52707420 10018252
0b000d01 0b00cd01 10021 100 8888 2054725727 59795467 10013425
0b000601 0b00cb01 10015 100 5927 2064634209 49887481 10013177
0b000f01 0b00c101 10023 100 273166 2060351923 54172085 10035585
0b000b01 0b00c201 10013 100 166344 2047078953 67450478 10026628
0b000701 0b00c201 10019 100 7765 2054737537 59809916 10013331
0b000e01 0b00ce01 10026 100 66993 2061422673 53137930 10018296
0b000f01 0b00cc01 10014 100 801577 2030449974 84135046 10079885
0b000e01 0b00c901 10019 100 80301 2057175126 57431145 10019415
0b000301 0b00cd01 10016 100 14955 2056084825 58538271 10013934
0b000d01 0b00c301 10023 100 69772 2059883434 54746873 10018530
0b000601 0b00cb01 10009 100 56201 2049817088 64837800 10017394
0b000701 0b00cf01 10019 100 2510 2064997734 49697486 10012892
0b000001 0b00c301 10021 100 8508 2065698842 49046470 10013395
0b000c01 0b00c301 10019 100 82908 2062192340 52556690 10019631
0b000501 0b00cd01 10027 100 39004 2074668405 40091673 10015953
0b000301 0b00c901 10003 100 1246682 2008048232 106712888 10117203
0b000301 0b00c501 10031 100 38241 2073008799 41757860 10015889
0b000901 0b00cb01 10024 100 75741 2062006862 52799090 10019031
0b000101 0b00ca01 10015 100 297627 2034259581 80564635 10037634
0b000101 0b00ca01 10024 100 73316 2071647753 43229847 10018829
0b000e01 0b00cf01 10018 100 2272 2065119258 49761250 10012873
0b000b01 0b00c401 10016 100 528097 2036290762 78611089 10056959
0b000501 0b00c501 10030 100 64532 2072529217 42399741 10018092
0b000001 0b00c701 10034 100 75403 2069757249 45184866 10019004
0b000c01 0b00c501 10027 100 64627 2053952064 60990224 10018099
0b000401 0b00cb01 10023 100 3070 2067523946 47420792 10012940
0b000101 0b00c201 10022 100 138401 2056255941 58810944 10024285
0b000501 0b00cd01 10026 100 47887 2074662346 40428508 10016695
0b000301 0b00c901 10026 100 21953 2065779398 49348800 10014520
0b000d01 0b00c701 10022 100 40495 2056442099 58692142 10016077
0b000f01 0b00cc01 10026 100 180656 2068747161 46393012 10027827
0b000001 0b00c801 10029 100 13960 2056433638 58709831 10013850
0b000f01 0b00c701 10021 100 147072 2067866743 47302489 10025014
0b000801 0b00c701 10026 100 190738 2054836095 60347296 10028672
0b000701 0b00c401 10026 100 50265 2072425444 42784434 10016897
0b000301 0b00c901 10022 100 62617 2062855960 52361690 10017931
0b000301 0b00cb01 10028 100 57411 2053843145 61400432 10017495
0b000f01 0b00cf01 10023 100 46253 2063173857 52083569 10016560
0b000101 0b00c701 10026 100 825 2076814437 38460384 10012749
0b000001 0b00c101 10013 100 71538 2052317254 62976111 10018679
0b000601 0b00c501 10025 100 23077 2064042968 51289212 10014618
0b000001 0b00c801 10033 100 1864 2067082484 48254309 10012836
0b000b01 0b00c201 10018 100 2666 2057047255 58315611 10012904
0b000e01 0b00c101 10032 100 25630 2073190031 42180907 10014830
0b000301 0b00cc01 10026 100 34325 2073906973 41499095 10015560
0b000301 0b00c701 10014 100 26943 2055755233 59653600 10014939
0b000c01 0b00c901 10021 100 29556 2063746870 51664060 10015159
0b000901 0b00c801 10022 100 79395 2071352355 44060817 10019338
0b000001 0b00c801 10032 100 21438 2065743819 49673931 10014479
0b000401 0b00c601 10026 100 57794 2064521712 50929854 10017526
0b000801 0b00c001 10018 100 702 2076706508 38745101 10012740
0b000401 0b00cb01 10022 100 16667 2066658411 48796133 10014078
0b000701 0b00c101 10024 100 24339 2074540727 40953648 10014723
0b000f01 0b00cd01 10021 100 29813 2067372982 48134209 10015180
0b000301 0b00ce01 10025 100 3580 2057433790 58113784 10012981
0b000e01 0b00c701 10026 100 5552 2075570593 39986018 10013147
0b000001 0b00c901 10030 100 23738 2055972114 59616786 10014671
0b000201 0b00c301 10025 100 81299 2061083271 54517314 10019498
0b000701 0b00c001 10024 100 35676 2066971536 48635129 10015672
0b000301 0b00c701 10016 100 12438 2056979619 58646462 10013724
0b000401 0b00c801 10017 100 60687 2064505030 51139942 10017769
0b000401 0b00c801 10018 100 23125 2064652350 51002338 10014622
0b000301 0b00c101 10013 100 731600 2021211135 94477375 10074018
0b000601 0b00c501 10018 100 139235 2043373518 72369014 10024356
0b000101 0b00c501 10028 100 56437 2063680261 52076792 10017413
0b000e01 0b00c101 10022 100 126782 2054301655 61466634 10023310
0b000201 0b00ca01 10019 100 31343 2074849126 40945330 10015310
0b000e01 0b00cf01 10021 100 5842 2068898526 46900344 10013170
0b000e01 0b00ce01 10023 100 72183 2050265372 65550105 10018734
0b000301 0b00c001 10013 100 5110 2057641131 58196851 10013111
0b000601 0b00ca01 10022 100 6846 2065569170 50271085 10013254
0b000301 0b00c101 10028 100 26615 2066205619 49655218 10014912
0b000b01 0b00c101 10015 100 33464 2065892464 49990010 10015487
0b000401 0b00c601 10027 100 21261 2066957658 48947850 10014465
0b000401 0b00c601 10020 100 190887 2055543167 60376847 10028684
0b000c01 0b00cc01 10029 100 157974 2055070028 60857374 10025924
0b000d01 0b00cc01 10016 100 4043 2069146696 46784555 10013022
0b000701 0b00c101 10025 100 41444 2076716488 39239265 10016156
0b000b01 0b00c401 10027 100 20830 2056552807 59412958 10014427
0b000a01 0b00cb01 10016 100 302127 2046896537 69071560 10038013
0b000801 0b00cd01 10023 100 111559 2060246842 55734888 10022034
0b000001 0b00c301 10016 100 5901 2057955202 58122814 10013175
0b000201 0b00ce01 10036 100 24492 2076923589 39156605 10014735
0b000801 0b00ce01 10023 100 150536 2057894548 58210804 10025302
0b000901 0b00c701 10031 100 49845 2065187767 50938087 10016859
0b000401 0b00c401 10019 100 144730 2067073229 49064440 10024815
0b000e01 0b00cc01 10019 100 812 2056812990 59325515 10012748
0b000001 0b00c501 10020 100 373273 2040490816 75663137 10043978
0b000f01 0b00ce01 10023 100 22482 2065349020 50808146 10014566
0b000a01 0b00c701 10033 100 159251 2064556994 51652519 10026034
0b000c01 0b00cb01 10025 100 29561 2064692867 51520949 10015160
0b000801 0b00cf01 10019 100 15760 2067530456 48691736 10014002
0b000701 0b00cc01 10019 100 73116 2062197852 54025418 10018813
0b000601 0b00c701 10022 100 31244 2063407660 52840648 10015302
0b000401 0b00c201 10032 100 25002 2074732474 41536218 10014780
0b000101 0b00ce01 10002 100 1633208 2005974915 110306908 10149611
0b000d01 0b00c001 10025 100 17051 2075304124 40987622 10014113
0b000b01 0b00c601 10024 100 71421 2054094147 62198474 10018670
0b000501 0b00c401 10008 100 13281 2058674503 57643957 10013796
0b000a01 0b00c701 10035 100 1237 2068602741 47744645 10012786
0b000201 0b00c201 10024 100 50545 2064168409 52201000 10016919
0b000801 0b00c001 10017 100 64491 2072629905 43753896 10018088
0b000001 0b00cf01 10022 100 71957 2061697531 54697598 10018713
0b000501 0b00cc01 10017 100 395120 2030756227 85660284 10045810
0b000601 0b00c001 10023 100 69647 2060249101 56172316 10018520
0b000801 0b00cb01 10019 100 18832 2057799188 58637316 10014259
0b000801 0b00cc01 10027 100 8237 2068060339 48393827 10013373
0b000c01 0b00cc01 10034 100 79100 2061334875 55124725 10019315
0b000901 0b00c701 10027 100 14790 2057386869 59078820 10013920
0b000a01 0b00c501 10020 100 16676 2057833177 58642563 10014079
0b000301 0b00c401 10020 100 28774 2066161654 50335743 10015093
0b000d01 0b00c101 10019 100 41575 2073593277 42927545 10016167
0b000501 0b00c401 10011 100 23179 2064138293 52382941 10014626
0b000e01 0b00c501 10022 100 49396 2064921550 51609388 10016823
0b000601 0b00c101 10022 100 92642 2067540913 48993425 10020448
0b000f01 0b00ce01 10022 100 4789 2060045291 56513545 10013082
0b000c01 0b00c201 10011 100 514787 2028589031 88010202 10055840
0b000e01 0b00c901 10021 100 136 2060416150 56204675 10012694
0b000401 0b00ca01 10022 100 5684 2066533607 50090425 10013157
0b000501 0b00ce01 10021 100 69387 2050946170 65693728 10018499
0b000d01 0b00c201 10021 100 77765 2061202828 55442982 10019200
0b000301 0b00c501 10016 100 110420 2051965754 64683471 10021939
0b000701 0b00cc01 10021 100 22054 2068999803 47652456 10014532
0b000001 0b00cf01 10024 100 38873 2064867984 51790879 10015939
0b000001 0b00c401 10022 100 49517 2063856973 52821061 10016833
0b000f01 0b00ca01 10026 100 2021 2070052725 46646226 10012853
0b000501 0b00c001 10032 100 9893 2065985683 50718327 10013509
0b000c01 0b00c101 10015 100 32392 2074346551 42381738 10015398
0b000e01 0b00c101 10024 100 141230 2056215557 60533834 10024523
0b000001 0b00c301 10027 100 66877 2072347113 44416406 10018287
0b000d01 0b00cb01 10026 100 30044 2067667726 49099763 10015202
0b000e01 0b00c301 10022 100 48651 2062491982 54336313 10016760
0b000a01 0b00cc01 10020 100 27057 2056729301 60117099 10014952
0b000201 0b00ca01 10017 100 18827 2067684164 49176877 10014259
0b000701 0b00c901 10020 100 51678 2074442362 42453813 10017013
0b000001 0b00ce01 10036 100 851 2078227785 38669192 10012751
0b000f01 0b00cc01 10029 100 3886 2077400864 39529900 10013006
0b000801 0b00c701 10029 100 29874 2057536591 59449489 10015185
0b000b01 0b00c001 10025 100 27196 2066818531 50187855 10014963
0b000501 0b00c501 10027 100 28742 2064224423 52790853 10015090
0b000a01 0b00cf01 10021 100 267713 2050112785 66921689 10035126
0b000401 0b00c601 10022 100 154392 2055928917 61111330 10025626
0b000b01 0b00ce01 10012 100 1049 2059401268 57643544 10012771
0b000a01 0b00cb01 10026 100 7166 2068852557 48203655 10013284
0b000801 0b00c801 10026 100 9316 2058922803 58136437 10013463
0b000701 0b00cd01 10023 100 74780 2065931068 51140607 10018950
0b000a01 0b00c501 10028 100 25443 2066954974 50160518 10014815
0b000501 0b00c601 10022 100 23674 2067806290 49317519 10014666
0b000701 0b00cf01 10023 100 1700 2070644725 46492579 10012823
0b000301 0b00c501 10018 100 62758 2055338438 61810744 10017942
0b000b01 0b00c501 10022 100 62756 2065086930 52071204 10017942
0b000501 0b00ce01 10031 100 9453 2079149546 38034039 10013474
0b000d01 0b00c801 10026 100 26448 2078080340 39112817 10014899
0b000601 0b00ce01 10017 100 49799 2055605164 61588296 10016855
0b000501 0b00c001 10030 100 68403 2062893843 54316419 10018417
0b000501 0b00ca01 10015 100 279879 2040937630 76289480 10036145
0b000b01 0b00cd01 10018 100 20292 2067586610 49689721 10014384
0b000e01 0b00c701 10028 100 5139 2079970401 37310101 10013114
0b000101 0b00c801 10017 100 98666 2051107384 66184572 10020953
0b000101 0b00c101 10022 100 12333 2058623508 58678651 10013716
0b000501 0b00c001 10034 100 10567 2069417987 47890243 10013567
0b000101 0b00cc01 10036 100 38448 2076843650 40474776 10015905
0b000501 0b00cf01 10022 100 76973 2060887516 56449461 10019133
0b000901 0b00c601 10023 100 119865 2072443814 44910405 10022730
0b000501 0b00ca01 10024 100 26252 2065267932 52149206 10014883
0b000301 0b00cf01 10018 100 40808 2056904901 60513585 10016102
0b000e01 0b00c701 10023 100 27386 2065252602 52168037 10014978
0b000001 0b00c001 10032 100 29389 2066927363 50517729 10015146
0b000f01 0b00cf01 10019 100 68812 2057761345 59710620 10018449
0b000f01 0b00ca01 10022 100 59700 2058154910 59317104 10017686
0b000101 0b00c001 10021 100 709 2059695168 57785981 10012740
0b000501 0b00c001 10025 100 245337 2049708203 67776606 10033251
0b000001 0b00cf01 10025 100 42918 2065155674 52386696 10016278
0b000a01 0b00c101 10013 100 35437 2056785450 60758219 10015653
0b000b01 0b00c801 10018 100 17980 2058302088 59272737 10014187
0b000701 0b00c901 10017 100 21269 2056441582 61158909 10014466
0b000001 0b00cf01 10023 100 57087 2064164161 53477797 10017469
0b000b01 0b00ce01 10014 100 6888 2068966091 48690420 10013257
0b000801 0b00c501 10020 100 140593 2051866071 65839469 10024468
0b000f01 0b00c801 10026 100 38817 2078672029 39081098 10015935
0b000501 0b00cf01 10025 100 21802 2069482470 48323512 10014508
0b000f01 0b00cb01 10032 100 12700 2077684125 40127153 10013745
0b000501 0b00c101 10015 100 190566 2056578111 61237110 10028658
0b000101 0b00ce01 10009 100 659265 2023400937 94415610 10067955
0b000a01 0b00c601 10025 100 4975 2069285606 48541712 10013097
0b000701 0b00c101 10021 100 44592 2065509483 52321552 10016420
0b000e01 0b00cc01 10028 100 10847 2070139221 47694556 10013590
0b000601 0b00cd01 10023 100 55368 2052632806 65203229 10017324
0b000001 0b00cc01 10027 100 1730 2069430715 48405952 10012826
0b000d01 0b00ce01 10017 100 72243 2056835581 61013240 10018739
0b000d01 0b00cf01 10024 100 384051 2052049548 65814535 10044882
0b000a01 0b00c501 10031 100 78514 2073728682 44150472 10019264
0b000901 0b00cf01 10024 100 56431 2066574060 51309551 10017413
0b000601 0b00c501 10024 100 71059 2063996943 53918052 10018641
0b000701 0b00c901 10022 100 36512 2079090267 38838400 10015743
0b000e01 0b00cd01 10020 100 67244 2064368843 53569697 10018320
0b000501 0b00c701 10031 100 28736 2068401600 49553100 10015090
0b000b01 0b00c401 10026 100 94504 2053602310 64364993 10020605
0b000b01 0b00cd01 10020 100 22923 2077384900 40587092 10014602
0b000301 0b00cf01 10024 100 16537 2077841852 40130408 10014068
0b000401 0b00cd01 10024 100 40081 2077209668 40784683 10016043
0b000c01 0b00c801 10024 100 22773 2066860876 51134843 10014590
0b000601 0b00c401 10028 100 27432 2055727072 62291774 10014982
0b000301 0b00cd01 10018 100 53180 2056764970 61258718 10017141
0b000d01 0b00cf01 10032 100 59974 2076008498 42033675 10017708
0b000001 0b00cd01 10030 100 29613 2067535948 50506703 10015164
0b000301 0b00cb01 10035 100 69395 2064805881 53240409 10018500
0b000601 0b00ca01 10021 100 28642 2065465656 52591477 10015082
0b000801 0b00cc01 10024 100 7011 2059562146 58521935 10013271
0b000101 0b00ce01 10027 100 571 2079431483 38657712 10012729
0b000401 0b00c301 10010 100 703185 2021323924 96780131 10071638
0b000201 0b00c201 10025 100 45526 2067118332 51021766 10016498
0b000901 0b00c301 10013 100 540605 2030228939 87911906 10058005
0b000101 0b00c101 10027 100 26120 2067648847 50492921 10014873
0b000d01 0b00ca01 10028 100 27248 2079074306 39091691 10014967
0b000f01 0b00c301 10022 100 46199 2069278103 48899306 10016556
0b000401 0b00c001 10008 100 278920 2037832413 80350577 10036064
0b000f01 0b00cc01 10022 100 69431 2055095892 63149028 10018503
0b000b01 0b00c001 10028 100 65343 2074319409 43926382 10018160
0b000e01 0b00c101 10033 100 24035 2076078546 42185473 10014698
0b000701 0b00ca01 10026 100 34805 2066295854 52010801 10015598
0b000901 0b00c001 10020 100 89125 2054506915 63801133 10020155
0b000901 0b00c201 10024 100 24507 2068359724 49962099 10014736
0b000301 0b00c301 10024 100 6908 2060115988 58232571 10013259
0b000e01 0b00cd01 10014 100 448778 2037761097 80647532 10050306
0b000101 0b00ca01 10025 100 5742 2080544734 37878725 10013162
0b000b01 0b00cc01 10032 100 49437 2075573157 42862772 10016826
0b000001 0b00cd01 10024 100 174555 2047740888 70695571 10027316
0b000c01 0b00c201 10028 100 30843 2069336349 49100148 10015266
0b000501 0b00c301 10022 100 168643 2059062278 59381256 10026820
0b000301 0b00c001 10022 100 27853 2067995808 50468733 10015015
0b000e01 0b00c201 10029 100 9331 2061264518 57203674 10013464
0b000401 0b00c701 10018 100 44340 2058980818 59510468 10016400
0b000801 0b00cd01 10022 100 26737 2059068159 59426811 10014922
0b000901 0b00c101 10020 100 3891 2070196999 48317250 10013006
0b000701 0b00c801 10016 100 177744 2061251755 57282402 10027583
0b000701 0b00cf01 10020 100 21925 2067574739 50963654 10014518
0b000b01 0b00c701 10025 100 26055 2069083684 49464211 10014868
0b000701 0b00cf01 10021 100 27568 2067723449 50882738 10014992
0b000101 0b00c401 10019 100 24084 2058774248 59859628 10014702
0b000c01 0b00cb01 10029 100 78369 2072030203 46666601 10019252
0b000d01 0b00cb01 10008 100 1071637 2016986896 101739926 10102527
0b000e01 0b00cd01 10026 100 34876 2075309166 43429666 10015604
0b000a01 0b00cf01 10030 100 8406 2069818691 48966288 10013387
0b000301 0b00c901 10028 100 10737 2069822734 48972351 10013581
0b000701 0b00cb01 10033 100 40958 2069607627 49201152 10016114
0b000301 0b00cc01 10023 100 38275 2067932963 50931696 10015891
0b000301 0b00cb01 10037 100 56802 2065930750 52946123 10017443
0b000a01 0b00c801 10030 100 578 2061322903 57557376 10012730
0b000701 0b00cb01 10024 100 374118 2056514899 62369977 10044049
0b000301 0b00c501 10027 100 7697 2070696332 48222952 10013326
0b000101 0b00cd01 10029 100 46678 2076201895 42722273 10016594
0b000401 0b00ca01 10023 100 51223 2068121987 50820580 10016977
0b000f01 0b00cf01 10020 100 183634 2059613366 59383317 10028077
0b000001 0b00c701 10036 100 70099 2073767854 45233672 10018560
0b000e01 0b00c401 10019 100 41320 2065287837 53727423 10016146
0b000a01 0b00c701 10029 100 1590 2060897897 58156579 10012814
0b000901 0b00c901 10034 100 27201 2078354103 40705686 10014963
0b000101 0b00cd01 10024 100 17810 2059790862 59299358 10014173
0b000a01 0b00cd01 10019 100 25476 2077792118 41315706 10014817
0b000b01 0b00c401 10030 100 21710 2060031340 59118381 10014501
0b000401 0b00c301 10036 100 4545 2072131136 47028884 10013062
0b000401 0b00c501 10017 100 156956 2059870432 59316511 10025839
0b000d01 0b00c001 10027 100 37286 2079263737 39924509 10015808
0b000401 0b00c301 10031 100 28317 2066989828 52201386 10015056
0b000701 0b00cc01 10022 100 9404 2072193583 47006464 10013470
0b000101 0b00c801 10016 100 309853 2046628564 72599931 10038658
0b000b01 0b00c701 10026 100 15317 2069907680 49333429 10013966
0b000c01 0b00cd01 10025 100 17944 2061660872 57587109 10014184
0b000601 0b00c201 10023 100 24776 2070554720 48730449 10014758
0b000f01 0b00cc01 10025 100 80515 2065517010 53777245 10019432
0b000a01 0b00c901 10022 100 42601 2067804731 51515307 10016253
0b000801 0b00c301 10024 100 18774 2060071875 59259215 10014254
0b000001 0b00cd01 10034 100 28784 2077173391 42161657 10015094
0b000201 0b00c801 10022 100 4275 2080265628 39078683 10013041
0b000901 0b00cf01 10028 100 31162 2080079347 39277064 10015295
0b000a01 0b00ca01 10013 100 203272 2047380362 71977874 10029725
0b000f01 0b00c801 10023 100 8078 2069333670 50037656 10013360
0b000401 0b00c601 10030 100 23725 2077603251 41784087 10014670
0b000301 0b00c001 10023 100 10375 2070280170 49162290 10013552
0b000d01 0b00c801 10028 100 7152 2079464388 39980454 10013282
0b000f01 0b00c201 10039 100 2274 2069941185 49523867 10012873
0b000d01 0b00c301 10026 100 44011 2078896659 40592179 10016373
0b000e01 0b00cf01 10016 100 259539 2047956371 71554792 10034441
0b000201 0b00c201 10026 100 34295 2068368026 51146428 10015558
0b000b01 0b00c801 10023 100 2700 2070977214 48540641 10012907
0b000701 0b00c601 10031 100 58072 2079085404 40434143 10017552
0b000101 0b00c701 10014 100 5479 2061205855 58317311 10013141
0b000401 0b00ce01 10029 100 1292 2080231200 39294905 10012791
0b000001 0b00c701 10040 100 8324 2081270878 38313669 10013380
0b000501 0b00cb01 10032 100 18685 2078475243 41112356 10014247
0b000f01 0b00c501 10019 100 9008 2069715549 49879358 10013439
0b000d01 0b00c401 10022 100 23837 2068286413 51335923 10014679
0b000c01 0b00c401 10037 100 26988 2079865814 39765277 10014942
0b000001 0b00ce01 10028 100 27159 2069196919 50461704 10014960
0b000701 0b00cc01 10017 100 29138 2058290019 61378057 10015126
0b000f01 0b00c001 10030 100 53277 2079439170 40246173 10017149
0b000b01 0b00c701 10024 100 42572 2059192377 60503054 10016250
0b000301 0b00cb01 10041 100 53862 2077581947 42128048 10017196
0b000101 0b00cb01 10024 100 42009 2068712928 51006818 10016205
0b000001 0b00c101 10018 100 8320 2071123478 48599759 10013380
0b000c01 0b00cb01 10027 100 7465 2069780966 49943123 10013307
0b000001 0b00c501 10034 100 1915 2071136420 48591473 10012840
0b000101 0b00cb01 10027 100 75879 2076172944 43564204 10019042
0b000301 0b00c601 10022 100 42315 2068375483 51365848 10016230
0b000201 0b00c401 10021 100 63261 2056977755 62764400 10017986
0b000e01 0b00c401 10024 100 15482 2081322703 38460984 10013980
0b000001 0b00cf01 10027 100 41251 2068003185 51793139 10016141
0b000001 0b00cf01 10030 100 13281 2070799619 48998242 10013796
0b000f01 0b00cd01 10026 100 19747 2081751424 38083646 10014336
0b000901 0b00c301 10027 100 6444 2082350343 37531335 10013222
0b000f01 0b00ce01 10001 100 1568127 2008958466 110925866 10144155
0b000401 0b00c301 10033 100 32652 2070501204 49383494 10015418
0b000801 0b00ce01 10024 100 58977 2058009057 61880997 10017624
0b000b01 0b00c201 10022 100 78744 2066723399 53181011 10019282
0b000401 0b00c201 10031 100 4637 2073299974 46652315 10013070
0b000301 0b00c601 10029 100 52900 2077847141 42113778 10017115
0b000301 0b00cd01 10029 100 9455 2081789120 38172315 10013474
0b000401 0b00c601 10033 100 13910 2081353634 38630920 10013846
0b000001 0b00c901 10042 100 4614 2080588904 39411963 10013068
0b000201 0b00cb01 10019 100 4023 2072031541 48027612 10013021
0b000c01 0b00c001 10018 100 25075 2068721232 51339628 10014785
0b000501 0b00cd01 10019 100 79504 2053619610 66466304 10019347
0b000c01 0b00c301 10017 100 18481 2059261434 60842167 10014231
0b000801 0b00cb01 10026 100 44296 2069247278 50860527 10016396
0b000901 0b00c201 10018 100 188763 2049664862 70462822 10028506
0b000901 0b00cf01 10026 100 8885 2072050608 48078488 10013425
0b000c01 0b00c201 10024 100 1481 2060603641 59548099 10012806
0b000d01 0b00c001 10021 100 31616 2067932604 52223163 10015332
0b000601 0b00cf01 10022 100 166135 2057200964 62959261 10026612
0b000201 0b00c801 10016 100 29123 2059961749 60203594 10015125
0b000101 0b00c801 10027 100 22867 2080862441 39303559 10014597
0b000901 0b00cf01 10025 100 62761 2068228158 51947571 10017942
0b000d01 0b00ca01 10025 100 100232 2072151287 48026229 10021086
0b000a01 0b00cc01 10026 100 77670 2074127477 46062631 10019193
0b000401 0b00c101 10030 100 1123 2073535023 46708001 10012777
0b000001 0b00c301 10015 100 69328 2056840871 63439830 10018495
0b000101 0b00c901 10017 100 308147 2048108892 72216275 10038518
0b000c01 0b00c801 10029 100 90161 2074195922 46135168 10020242
0b000f01 0b00c201 10034 100 68523 2057276294 63063014 10018426
0b000401 0b00c001 10017 100 55326 2069871888 50500066 10017321
0b000f01 0b00c601 10020 100 139759 2066296692 54086669 10024398
0b000501 0b00cb01 10035 100 9530 2080199063 40189402 10013480
0b000b01 0b00c201 10019 100 7411 2061853214 58550594 10013303
0b000601 0b00cd01 10028 100 23615 2061659625 58765651 10014661
0b000401 0b00cb01 10030 100 17379 2079816521 40610828 10014139
0b000b01 0b00c601 10026 100 84519 2057009155 63428915 10019767
0b000601 0b00c201 10021 100 7 2060889755 59548799 10012684
0b000b01 0b00c901 10019 100 171639 2051180226 69262321 10027071
0b000401 0b00c601 10031 100 33733 2080085222 40361478 10015509
0b000b01 0b00cb01 10023 100 29130 2070755006 49707310 10015125
0b000c01 0b00cc01 10032 100 21741 2059467746 60996296 10014503
0b000501 0b00c101 10021 100 55351 2068088803 52381339 10017323
0b000601 0b00cc01 10028 100 6656 2059945898 60561402 10013239
0b000801 0b00ce01 10028 100 9312 2062026769 58483604 10013463
0b000e01 0b00c301 10032 100 29639 2080162227 40348654 10015166
0b000801 0b00c601 10019 100 117061 2064571012 55963992 10022498
0b000d01 0b00c601 10030 100 4414 2080867317 39682247 10013052
0b000901 0b00c201 10028 100 110707 2074408651 46156904 10021962
0b000101 0b00c601 10026 100 209 2072828109 47738767 10012700
0b000501 0b00cd01 10021 100 39366 2058161032 62417876 10015982
0b000201 0b00c601 10036 100 82981 2076535900 44074072 10019637
0b000001 0b00cc01 10024 100 36337 2059629397 60980611 10015729
0b000b01 0b00cd01 10021 100 28232 2079456136 41169005 10015049
0b000a01 0b00cb01 10027 100 47716 2069392292 51242118 10016681
0b000401 0b00c201 10030 100 25249 2072864211 47780459 10014799
0b000401 0b00cd01 10021 100 25679 2072866460 47778318 10014834
0b000001 0b00c501 10035 100 7420 2071381049 49269891 10013304
0b000501 0b00c301 10024 100 41977 2067462168 53198259 10016199
0b000101 0b00ca01 10026 100 1382 2081754207 38911833 10012798
0b000201 0b00c501 10019 100 5297 2062390323 58304168 10013126
0b000901 0b00c601 10022 100 22310 2071522164 49196764 10014553
0b000801 0b00c401 10028 100 59 2073197114 47529807 10012688
0b000901 0b00c201 10020 100 181540 2050934670 69799479 10027902
0b000301 0b00c301 10029 100 22610 2071243770 49511397 10014577
0b000601 0b00c601 10033 100 27286 2080402025 40373272 10014970
0b000301 0b00c701 10022 100 45800 2068407160 52379855 10016520
0b000101 0b00cb01 10021 100 3649 2062542566 58247077 10012987
0b000a01 0b00c301 10023 100 22061 2071506915 49308401 10014533
0b000301 0b00cf01 10026 100 39751 2079888287 40947021 10016013
0b000001 0b00c201 10021 100 53112 2076947957 43890113 10017136
0b000101 0b00ca01 10019 100 225462 2054540987 66297994 10031584
0b000e01 0b00c801 10031 100 58244 2077170289 43678157 10017566
0b000901 0b00cd01 10024 100 39230 2060558019 60302341 10015972
0b000601 0b00c901 10017 100 95409 2054926837 65945254 10020681
0b000d01 0b00cd01 10027 100 5776 2071048486 49825179 10013165
0b000801 0b00cd01 10026 100 27944 2070522133 50380095 10015023
0b000301 0b00c301 10025 100 32085 2060745892 60158538 10015373
0b000201 0b00c401 10023 100 54844 2058862713 62071676 10017278
0b000d01 0b00cb01 10029 100 7759 2073837934 47104672 10013331
0b000901 0b00ce01 10018 100 40661 2079181871 41782935 10016090
0b000f01 0b00c401 10021 100 343575 2064520654 56454164 10041486
0b000601 0b00c501 10000 100 1481444 2002788325 118189401 10136886
0b000001 0b00cc01 10028 100 20393 2079472089 41518152 10014392
0b000d01 0b00cf01 10034 100 45675 2077658892 43333890 10016510
0b000201 0b00c001 10019 100 31257 2079437693 41556869 10015303
0b000101 0b00c601 10025 100 19252 2071019377 50052480 10014296
0b000801 0b00c901 10019 100 71865 2058615978 62460986 10018705
0b000c01 0b00c001 10016 100 53992 2067499337 53588096 10017206
0b000e01 0b00cd01 10022 100 54846 2065898315 55223038 10017278
0b000801 0b00cb01 10007 100 1052721 2013209654 107919148 10100941
0b000701 0b00c901 10023 100 25509 2080269439 40861016 10014820
0b000a01 0b00cf01 10032 100 133380 2071908066 49238757 10023864
0b000101 0b00c801 10028 100 15449 2080991813 40166259 10013977
0b000301 0b00c501 10026 100 45149 2069484140 51701276 10016468
0b000801 0b00cb01 10022 100 146527 2062344534 58900328 10024966
0b000801 0b00c201 10023 100 28454 2070801984 50472283 10015067
0b000001 0b00cf01 10034 100 4869 2081911503 39414111 10013088
0b000901 0b00cd01 10031 100 59307 2080242742 41087383 10017654
0b000601 0b00cc01 10039 100 1902 2081916569 39420297 10012839
0b000501 0b00c401 10014 100 76079 2066836631 54571963 10019062
0b000901 0b00c201 10026 100 41391 2070978816 50431480 10016152
0b000001 0b00c501 10029 100 20155 2061768221 59655762 10014373
0b000d01 0b00cd01 10023 100 36846 2059359730 62081145 10015769
0b000801 0b00cb01 10023 100 7262 2062946542 58561529 10013291
0b000a01 0b00ce01 10022 100 76319 2067742030 53775133 10019081
0b000a01 0b00cc01 10025 100 74921 2067880939 53636446 10018961
0b000201 0b00c701 10023 100 12809 2062562108 58958717 10013754
0b000401 0b00c501 10030 100 39774 2078349627 43253885 10016015
0b000d01 0b00c401 10024 100 74527 2075809029 45807457 10018930
0b000301 0b00ce01 10026 100 70927 2068036241 53582569 10018626
0b000c01 0b00c101 10013 100 6312 2071814878 49855562 10013211
0b000e01 0b00c001 10033 100 4291 2084262932 37407914 10013042
0b000401 0b00cc01 10017 100 19661 2069912781 51778756 10014329
0b000e01 0b00cd01 10017 100 36771 2058658320 63063197 10015763
0b000001 0b00c401 10021 100 3999 2063541783 58206877 10013015
0b000101 0b00c701 10016 100 2016 2063734526 58053897 10012852
0b000901 0b00cf01 10020 100 24407 2062267287 59539223 10014728
0b000d01 0b00cd01 10026 100 18817 2070889105 50929362 10014258
0b000e01 0b00cb01 10022 100 9817 2061433889 60387958 10013503
0b000701 0b00cc01 10023 100 8721 2074569438 47300767 10013412
0b000f01 0b00c201 10040 100 28467 2070699327 51175117 10015068
0b000701 0b00c101 10018 100 34519 2060479498 61406699 10015575
0b000a01 0b00c901 10024 100 32088 2070809683 51105656 10015373
0b000c01 0b00cb01 10035 100 5795 2081977354 39942641 10013166
0b000d01 0b00c001 10024 100 25764 2073049900 48882719 10014840
0b000a01 0b00cb01 10023 100 6431 2063582976 58363376 10013221
0b000d01 0b00ca01 10023 100 25515 2070184123 51783125 10014821
0b000a01 0b00ce01 10013 100 288273 2044579601 77397487 10036851
0b000301 0b00c201 10024 100 5682 2063702231 58284346 10013157
0b000e01 0b00cb01 10023 100 2658 2072148208 49840899 10012904
0b000101 0b00c701 10023 100 25341 2071454850 50556901 10014807
0b000f01 0b00c001 10025 100 37470 2073524991 48510630 10015823
0b000901 0b00c801 10017 100 57284 2060557148 61484009 10017485
0b000601 0b00c301 10029 100 56022 2066832418 55219239 10017380
0b000901 0b00c801 10018 100 25310 2062442697 59615215 10014804
0b000001 0b00cc01 10026 100 88497 2065115373 56951917 10020101
0b000901 0b00ca01 10028 100 18339 2073337895 48800286 10014220
0b000401 0b00ca01 10030 100 22365 2080367634 41778487 10014557
0b000e01 0b00c701 10024 100 33016 2068674929 53519395 10015451
0b000601 0b00c501 10027 100 48940 2067965245 54231006 10016783
0b000a01 0b00cb01 10029 100 3535 2073352118 48883224 10012978
0b000a01 0b00c201 10024 100 59167 2060299190 61943064 10017643
0b000301 0b00c701 10023 100 2889 2073536138 48709029 10012922
0b000101 0b00c301 10032 100 46698 2079545484 42703622 10016596
0b000001 0b00c401 10023 100 285 2064194452 58088823 10012706
0b000d01 0b00c601 10023 100 22710 2071063660 51226979 10014585
0b000401 0b00c601 10029 100 70733 2069748168 52543933 10018611
0b000601 0b00c501 10029 100 11398 2074359738 47941851 10013637
0b000101 0b00c101 10033 100 40789 2080029668 42278297 10016100
0b000001 0b00c001 10036 100 1929 2074646731 47673520 10012842
0b000001 0b00ce01 10032 100 8070 2073599122 48726349 10013360
0b000401 0b00c201 10027 100 31712 2062988033 59337989 10015339
0b000e01 0b00ca01 10035 100 131568 2070389222 51938413 10023712
0b000301 0b00c401 10023 100 22958 2071859954 50488076 10014604
0b000a01 0b00ce01 10020 100 116953 2064935386 57438824 10022485
0b000601 0b00c101 10023 100 29667 2072586467 49814492 10015168
0b000801 0b00c701 10031 100 71448 2059411738 63010205 10018672
0b000601 0b00c601 10027 100 57079 2066934316 55489889 10017469
0b000d01 0b00c501 10019 100 7735 2072534145 49907028 10013329
0b000601 0b00c301 10032 100 127007 2069269730 53215864 10023332
0b000001 0b00c301 10026 100 30335 2071809555 50689130 10015225
0b000901 0b00ca01 10033 100 22665 2081977607 40542414 10014581
0b000b01 0b00c001 10027 100 70576 2069991947 52541468 10018598
0b000301 0b00c801 10033 100 52244 2070283187 52272995 10017063
0b000501 0b00c401 10016 100 2715 2075720296 46857116 10012908
0b000e01 0b00c601 10030 100 89674 2075163737 47419150 10020199
0b000e01 0b00cf01 10019 100 734 2066215032 56418931 10012742
0b000f01 0b00c601 10021 100 138646 2068328451 54321425 10024305
0b000601 0b00cd01 10025 100 68545 2056197583 66452881 10018428
0b000c01 0b00c001 10010 100 195358 2048879213 73781581 10029061
0b000901 0b00ce01 10014 100 7837 2064484601 58207095 10013337
0b000201 0b00ce01 10029 100 28568 2062691184 60002334 10015076
0b000901 0b00c101 10008 100 658119 2034246208 88457265 10067860
0b000e01 0b00c601 10028 100 34353 2072103085 50611509 10015562
0b000201 0b00cb01 10015 100 89475 2057806978 64936356 10020183
0b000401 0b00c101 10027 100 24315 2065714412 57042363 10014721
0b000601 0b00ca01 10017 100 75169 2055892393 66869031 10018985
0b000a01 0b00cd01 10015 100 29996 2062507248 60268183 10015194
0b000501 0b00ca01 10023 100 29 2061593620 61202282 10012686
0b000c01 0b00c001 10017 100 64210 2067922337 54877126 10018066
0b000801 0b00ce01 10036 100 41610 2081965644 40836257 10016170
0b000501 0b00cd01 10028 100 4506 2075482747 47322626 10013059
0b000301 0b00c201 10020 100 347546 2050235112 72573967 10041820
0b000a01 0b00c201 10029 100 60147 2070272087 52550063 10017726
0b000701 0b00ce01 10029 100 20016 2084130979 38697399 10014361
0b000501 0b00ca01 10028 100 3899 2085366345 37474590 10013007
0b000e01 0b00c201 10030 100 43699 2062023592 60817633 10016344
0b000901 0b00c101 10015 100 5781 2064496167 58364150 10013165
0b000301 0b00c101 10026 100 2240 2064925286 57943335 10012870
0b000e01 0b00c701 10025 100 48910 2070835585 52033898 10016780
0b000401 0b00c501 10024 100 19152 2071942699 50950961 10014288
0b000f01 0b00c101 10025 100 31142 2074762423 48165508 10015294
0b000301 0b00cd01 10027 100 51664 2079310779 43620530 10017012
0b000d01 0b00ca01 10003 100 814839 2027584064 95352311 10080996
0b000601 0b00c401 10036 100 1302 2076308470 46629133 10012791
0b000301 0b00c901 10035 100 8950 2084771614 38206765 10013430
0b000401 0b00c201 10035 100 7901 2076064793 46914529 10013342
0b000101 0b00c801 10025 100 69397 2069986468 53059662 10018500
0b000401 0b00c501 10020 100 101107 2065989973 57077396 10021160
0b000801 0b00ca01 10028 100 54054 2061343689 61726767 10017215
0b000301 0b00cf01 10022 100 67498 2069651545 53420341 10018340
0b000a01 0b00c401 10022 100 40796 2072240139 50845709 10016101
0b000701 0b00cc01 10026 100 23417 2084125809 38979465 10014645
0b000701 0b00ca01 10030 100 11661 2085098959 38053925 10013658
0b000f01 0b00c401 10026 100 35359 2081475680 41683173 10015646
0b000101 0b00cb01 10031 100 31837 2083287997 39899184 10015349
0b000901 0b00c701 10037 100 16084 2084967783 38233182 10014032
0b000c01 0b00c401 10036 100 7317 2073156668 50068905 10013296
0b000401 0b00c501 10023 100 35352 2070696421 52600002 10015646
0b000001 0b00c201 10022 100 22317 2082829648 40475472 10014553
0b000101 0b00c401 10021 100 4442 2065003442 58312161 10013054
0b000601 0b00cb01 10019 100 10679 2084968418 38352227 10013576
0b000501 0b00cb01 10014 100 522848 2031739202 91590530 10056516
0b000101 0b00cb01 10022 100 16133 2064255135 59137016 10014035
0b000b01 0b00ca01 10033 100 6632 2083745276 39650389 10013237
0b000a01 0b00c601 10021 100 75419 2059739329 63659862 10019005
0b000b01 0b00c401 10032 100 80502 2068864073 54544863 10019431
0b000401 0b00c401 10024 100 68261 2077231514 46178549 10018405
0b000101 0b00c201 10027 100 43797 2071441960 51977551 10016352
0b000b01 0b00c901 10013 100 505882 2042515063 80929133 10055093
0b000901 0b00c901 10031 100 4460 2075836166 47632123 10013056
0b000e01 0b00c101 10015 100 355058 2040270619 83203260 10042451
0b000a01 0b00c801 10017 100 481789 2035095942 88388621 10053074
0b000301 0b00c101 10025 100 17455 2064005439 59492693 10014145
0b000801 0b00c301 10026 100 125344 2066830872 56687443 10023191
0b000c01 0b00c601 10031 100 3372 2086297110 37244759 10012965
0b000501 0b00cc01 10034 100 50270 2069064181 54504009 10016897
0b000101 0b00c701 10017 100 4721 2065064835 58507587 10013076
0b000901 0b00c801 10020 100 126678 2066639171 56941862 10023301
0b000f01 0b00cf01 10026 100 23373 2072893949 50762328 10014642
0b000801 0b00c401 10023 100 7770 2065376649 58287511 10013332
0b000c01 0b00c001 10020 100 49330 2072560547 51123004 10016818
0b000001 0b00c601 10041 100 21748 2081895856 41811929 10014504
0b000301 0b00c601 10023 100 178819 2070338308 53413395 10027672
0b000201 0b00ca01 10015 100 49846 2061814243 61947760 10016859
0b000401 0b00ce01 10028 100 25603 2075806737 47985818 10014828
0b000f01 0b00ce01 10025 100 2159 2067290303 56520811 10012864
0b000701 0b00c401 10029 100 376 2074170623 49643368 10012713
0b000901 0b00c001 10025 100 3359 2065441336 58383442 10012964
0b000401 0b00cb01 10011 100 585520 2032696480 91162665 10061771
0b000801 0b00cb01 10027 100 72233 2069684732 54175651 10018738
0b000301 0b00c201 10025 100 31618 2063730914 60130900 10015332
0b000701 0b00c501 10018 100 62097 2070168772 53696170 10017889
0b000501 0b00cf01 10019 100 193783 2051153214 72719012 10028927
0b000b01 0b00c001 10021 100 272166 2048315561 75560798 10035501
0b000901 0b00cb01 10025 100 2005 2065979914 57902160 10012851
0b000701 0b00c301 10037 100 52697 2082994144 40904705 10017099
0b000f01 0b00c501 10020 100 18715 2076088507 47813329 10014250
0b000d01 0b00c901 10034 100 19111 2085209904 38712955 10014285
0b000101 0b00ce01 10020 100 348228 2048523954 75423104 10041878
0b000201 0b00c401 10024 100 59688 2061110622 62845412 10017685
0b000801 0b00c601 10023 100 21550 2075109075 48872530 10014488
0b000601 0b00cd01 10033 100 72226 2069152047 54830415 10018738
0b000b01 0b00cb01 10025 100 24868 2074766123 49257360 10014765
0b000401 0b00c801 10022 100 76835 2071384872 52641140 10019122
0b000901 0b00c701 10035 100 76696 2070295831 53742712 10019111
0b000d01 0b00c101 10023 100 10949 2083769545 40270612 10013598
0b000201 0b00cf01 10025 100 33742 2063425035 60626789 10015509
0b000801 0b00cd01 10024 100 26185 2064493303 59618898 10014878
0b000e01 0b00c501 10030 100 32988 2081190304 42966586 10015445
0b000901 0b00ca01 10030 100 7796 2076353308 47804783 10013334
0b000501 0b00c701 10029 100 25680 2065295021 58891336 10014834
0b000c01 0b00c901 10023 100 46638 2070770159 53427040 10016591
0b000e01 0b00c501 10023 100 8348 2066971219 57234804 10013382
0b000601 0b00c501 10028 100 20793 2072339309 51894812 10014424
0b000101 0b00ce01 10024 100 2745 2065951194 58311456 10012911
0b000901 0b00c501 10027 100 8415 2065721653 58565471 10013387
0b000001 0b00c601 10043 100 28162 2082941259 41361791 10015044
0b000301 0b00cb01 10040 100 37540 2073499484 50809603 10015829
0b000001 0b00ce01 10035 100 1331 2075528808 48799332 10012794
0b000301 0b00cc01 10020 100 6640 2065707048 58622469 10013238
0b000101 0b00c101 10026 100 158488 2064179273 60162640 10025969
0b000701 0b00c901 10013 100 597291 2040490629 83883310 10062759
0b000a01 0b00c501 10027 100 8832 2065999488 58391301 10013421
0b000301 0b00c601 10028 100 41 2076022097 48402353 10012687
0b000601 0b00ce01 10023 100 41100 2063525363 60913413 10016129
0b000701 0b00ce01 10007 100 867998 2030068409 94377895 10085452
0b000301 0b00cf01 10016 100 485473 2043042754 81406797 10053384
0b000b01 0b00c801 10022 100 71357 2070625353 53897111 10018665
0b000001 0b00c901 10036 100 41061 2063268829 61272502 10016126
0b000c01 0b00c601 10025 100 959 2068188904 56358320 10012760
0b000801 0b00ce01 10026 100 69149 2061555622 63004265 10018480
0b000201 0b00c401 10025 100 1023 2066270768 58294787 10012769
0b000a01 0b00cb01 10024 100 23415 2064617660 59972626 10014645
0b000801 0b00c301 10013 100 703048 2029177810 95418537 10071627
0b000201 0b00cf01 10034 100 36394 2083903845 40695954 10015733
0b000a01 0b00c601 10024 100 22588 2064771984 59860880 10014575
0b000001 0b00cc01 10019 100 448722 2044451102 80194351 10050301
0b000101 0b00c201 10029 100 53901 2071785606 52890342 10017199
0b000d01 0b00c301 10028 100 14218 2084121558 40573740 10013875
0b000001 0b00c001 10033 100 177162 2067199833 57501544 10027536
0b000801 0b00c401 10024 100 13858 2066049197 58662996 10013842
0b000101 0b00cb01 10034 100 9633 2086556289 38156854 10013489
0b000001 0b00ce01 10025 100 117269 2064504517 60215205 10022514
0b000f01 0b00c901 10030 100 50006 2081879059 42951059 10016876
0b000701 0b00cc01 10015 100 384410 2051736361 73099489 10044911
0b000901 0b00c901 10029 100 31121 2074138803 50698256 10015292
0b000d01 0b00cf01 10028 100 10308 2064447894 60395070 10013546
0b000801 0b00c401 10027 100 54848 2071868933 52981878 10017279
0b000a01 0b00cc01 10024 100 32367 2064738678 60134562 10015396
0b000301 0b00c101 10027 100 121480 2065981933 58901299 10022866
0b000c01 0b00c701 10018 100 75858 2059913145 65032822 10019040
0b000b01 0b00c801 10026 100 53640 2072153823 52807441 10017178
0b000e01 0b00c701 10020 100 50211 2060284851 64691144 10016892
0b000901 0b00c101 10017 100 1705 2066768216 58218026 10012824
0b000001 0b00cb01 10019 100 35152 2064092360 60901085 10015630
0b000801 0b00c101 10029 100 294198 2056782872 68225467 10037348
0b000701 0b00c701 10017 100 552480 2043368049 81642607 10059001
0b000401 0b00c701 10021 100 250629 2064329620 60685191 10033694
0b000601 0b00cb01 10017 100 28943 2072360278 52672567 10015106
0b000601 0b00c501 10023 100 86467 2059893149 65149635 10019931
0b000f01 0b00c001 10027 100 2665 2075507453 49542037 10012904
0b000001 0b00c401 10025 100 29381 2073286128 51763568 10015145
0b000901 0b00ca01 10034 100 269 2085919569 39131515 10012705
0b000801 0b00c101 10038 100 29886 2083254260 41810370 10015186
0b000e01 0b00c501 10028 100 78446 2076615605 48525512 10019259
0b000b01 0b00c201 10025 100 53506 2073637870 51518369 10017167
0b000e01 0b00c001 10029 100 28071 2075292373 49870361 10015037
0b000001 0b00c201 10017 100 192802 2064990113 60179125 10028845
0b000d01 0b00c901 10031 100 34556 2072892192 52306697 10015578
0b000001 0b00cc01 10032 100 880 2086258008 38949746 10012754
0b000801 0b00c001 10022 100 34905 2083020764 42205527 10015606
0b000c01 0b00cb01 10032 100 3415 2075580691 49652727 10012968
0b000c01 0b00ce01 10031 100 45006 2083196297 42038907 10016457
0b000c01 0b00c801 10031 100 38065 2083905366 41330124 10015874
0b000101 0b00c201 10031 100 3418 2085971025 39332947 10012968
0b000001 0b00ca01 10024 100 23375 2074399973 50958875 10014642
0b000301 0b00c001 10016 100 55667 2062940060 62428745 10017348
0b000f01 0b00cd01 10019 100 28315 2064312471 61086863 10015056
0b000901 0b00c801 10028 100 10043 2087506620 37907987 10013525
0b000301 0b00c701 10021 100 115962 2067994527 57474781 10022402
0b000501 0b00c301 10026 100 16747 2077894103 47578525 10014085
0b000601 0b00cf01 10025 100 21692 2067004482 58481122 10014499
0b000b01 0b00c501 10024 100 23134 2075012377 50478189 10014622
0b000401 0b00cc01 10019 100 25843 2073331817 52172793 10014847
0b000601 0b00c901 10030 100 53642 2081682508 43825680 10017178
0b000e01 0b00cc01 10022 100 74163 2061342055 64173498 10018901
0b000601 0b00c601 10030 100 35848 2075113705 50407295 10015686
0b000b01 0b00c601 10031 100 3690 2067542203 58014441 10012990
0b000001 0b00ce01 10031 100 43922 2072549887 53017701 10016362
0b000901 0b00c301 10025 100 17166 2066672141 58908409 10014122
0b000f01 0b00c501 10018 100 216678 2066897777 58698292 10030847
0b000e01 0b00cd01 10029 100 5916 2078198863 47433364 10013176
0b000301 0b00c901 10031 100 8472 2076427095 49216577 10013392
0b000601 0b00c501 10012 100 477347 2032329459 93320093 10052703
0b000b01 0b00c201 10026 100 23074 2074938051 50712620 10014618
0b000f01 0b00c001 10026 100 20140 2074914451 50770408 10014371
0b000f01 0b00c801 10024 100 153203 2076503578 49278944 10025527
0b000101 0b00c601 10021 100 78122 2061188453 64604339 10019233
0b000801 0b00c101 10030 100 68684 2062758768 63045895 10018439
0b000501 0b00c101 10018 100 198546 2062078121 63753491 10029327
0b000901 0b00cd01 10030 100 42160 2074070053 51766008 10016217
0b000401 0b00cc01 10012 100 113437 2061034099 64809810 10022192
0b000601 0b00c401 10039 100 26553 2085193145 40659727 10014907
0b000a01 0b00cf01 10031 100 72181 2070835602 55048915 10018734
0b000b01 0b00c101 10020 100 1375 2077095094 48796561 10012797
0b000701 0b00c701 10028 100 69845 2075133902 50788470 10018536
0b000e01 0b00ce01 10031 100 37252 2072481675 53456028 10015806
0b000501 0b00c601 10027 100 49523 2074872104 51065867 10016833
0b000001 0b00c101 10015 100 17080 2066590215 59358156 10014115
0b000601 0b00c901 10033 100 20387 2085899224 40053819 10014391
0b000f01 0b00cd01 10020 100 364001 2066902191 59052647 10043201
0b000701 0b00c201 10026 100 32527 2074305859 51652890 10015408
0b000101 0b00c101 10035 100 29728 2084597222 41362826 10015173
0b000101 0b00cc01 10035 100 8546 2076476347 49484510 10013398
0b000401 0b00ce01 10031 100 8701 2086028676 39957862 10013410
0b000001 0b00c801 10038 100 6349 2077588564 48403671 10013214
0b000901 0b00c201 10032 100 61927 2084833858 41169467 10017872
0b000e01 0b00c301 10037 100 9653 2085462499 40545565 10013490
0b000c01 0b00cb01 10030 100 71053 2072607005 53419102 10018640
0b000e01 0b00c401 10026 100 21925 2086341013 39686895 10014518
0b000701 0b00cf01 10018 100 229272 2064976523 61067054 10031904
0b000b01 0b00c001 10031 100 65850 2081585737 44457912 10018201
0b000601 0b00c001 10021 100 114147 2055012508 71061135 10022253
0b000901 0b00c401 10022 100 59820 2073194364 52891132 10017696
0b000201 0b00cb01 10018 100 7279 2067847588 58258209 10013293
0b000601 0b00c401 10030 100 185932 2060415110 65700849 10028268
0b000a01 0b00c001 10027 100 54448 2074132806 51993324 10017247
0b000901 0b00cf01 10022 100 177727 2065429877 60707619 10027581
0b000701 0b00c601 10027 100 21494 2065369000 60772073 10014484
0b000801 0b00c601 10021 100 8728 2067380840 58763546 10013412
0b000d01 0b00ca01 10026 100 20133 2077385544 48768840 10014371
0b000a01 0b00c401 10025 100 31156 2074470701 51690419 10015295
0b000401 0b00cb01 10029 100 37283 2076363881 49805562 10015808
0b000101 0b00ce01 10026 100 4180 2077101968 49068488 10013033
0b000601 0b00c501 10030 100 21119 2074946007 51272187 10014454
0b000701 0b00c601 10028 100 587 2066582118 59660284 10012730
0b000c01 0b00c201 10027 100 26011 2064756603 61487930 10014864
0b000501 0b00cc01 10037 100 4451 2075835028 50445676 10013055
0b000701 0b00ce01 10031 100 41324 2085646903 40650560 10016147
0b000e01 0b00c301 10030 100 70292 2071658644 54682039 10018576
0b000701 0b00c301 10029 100 171106 2068917408 57435257 10027028
0b000401 0b00cc01 10020 100 1364 2076711176 49665013 10012796
0b000b01 0b00ca01 10026 100 170181 2073845669 52549365 10026951
0b000101 0b00c101 10031 100 11007 2077887971 48515570 10013606
0b000901 0b00ce01 10013 100 185828 2056778744 69625622 10028260
0b000701 0b00c501 10023 100 8874 2079152189 47300652 10013424
0b000c01 0b00c501 10038 100 59189 2074279976 52210035 10017645
0b000601 0b00c201 10019 100 200248 2056602933 69924082 10029471
0b000501 0b00c701 10034 100 3690 2076728898 49802379 10012990
0b000301 0b00c701 10024 100 24856 2075474564 51075817 10014764
0b000f01 0b00c101 10026 100 4528 2076609154 49965187 10013061
0b000f01 0b00ce01 10026 100 28496 2078143573 48460265 10015071
0b000101 0b00c601 10024 100 63980 2063228892 63384013 10018044
0b000a01 0b00c401 10028 100 48027 2084188113 42450984 10016710
0b000a01 0b00c201 10032 100 52843 2083885812 42753431 10017110
0b000301 0b00c801 10039 100 23195 2086910856 39728622 10014627
0b000401 0b00cc01 10007 100 585990 2028418913 98235219 10061809
0b000b01 0b00c401 10031 100 28467 2066512700 60154273 10015068
0b000301 0b00ce01 10030 100 24047 2086879868 39819650 10014699
0b000801 0b00cf01 10015 100 281608 2057748823 69015936 10036291
0b000201 0b00c501 10018 100 440741 2045664797 81101809 10049632
0b000b01 0b00ca01 10028 100 26336 2075707081 51077270 10014890
0b000201 0b00c601 10037 100 16472 2077828790 48970566 10014063
0b000701 0b00c101 10008 100 678692 2033871439 92931229 10069582
0b000b01 0b00c801 10031 100 9607 2078833604 47979738 10013486
0b000701 0b00c201 10021 100 75676 2065664062 61151321 10019025
0b000a01 0b00cb01 10025 100 39056 2065709067 61119551 10015958
0b000901 0b00c001 10028 100 9982 2086947767 39880949 10013516
0b000301 0b00c201 10037 100 607 2087699906 39131844 10012732
0b000101 0b00c901 10025 100 116942 2068993695 57864033 10022484
0b000d01 0b00ce01 10021 100 16835 2065965376 60900580 10014092
0b000401 0b00cf01 10023 100 3503 2079755240 47143866 10012975
0b000e01 0b00c401 10020 100 43536 2072768840 54139338 10016331
0b000001 0b00cd01 10033 100 26405 2076354176 50556781 10014896
0b000b01 0b00ca01 10029 100 30082 2075770154 51164028 10015205
0b000301 0b00c201 10026 100 13176 2067435251 59531349 10013787
0b000001 0b00c301 10022 100 101965 2067662911 59317872 10021228
0b000401 0b00ce01 10012 100 522257 2032729209 94266443 10056468
0b000f01 0b00cf01 10029 100 9712 2079439668 47557530 10013495
0b000201 0b00c501 10020 100 72787 2063043051 63958624 10018783
0b000801 0b00cb01 10029 100 59828 2073253262 53767172 10017696
0b000c01 0b00c401 10003 100 1640141 2005787285 121247305 10150192
0b000301 0b00c301 10033 100 11415 2077172529 49869045 10013639
0b000d01 0b00c501 10011 100 561558 2039813146 87229979 10059762
0b000c01 0b00c401 10029 100 51092 2063595383 63456633 10016967
0b000101 0b00c401 10026 100 41032 2076120823 50939035 10016123
0b000f01 0b00c001 10028 100 38923 2077765016 49295860 10015943
0b000b01 0b00c701 10035 100 25937 2088042559 39032712 10014854
0b000e01 0b00cd01 10028 100 9660 2076411901 50668799 10013491
0b000d01 0b00c201 10031 100 42667 2074080225 53005193 10016258
0b000f01 0b00c101 10011 100 994227 2025463962 101633611 10096038
0b000b01 0b00c301 10018 100 30062 2075900254 51205984 10015204
0b000101 0b00c301 10029 100 29582 2075924742 51193069 10015161
0b000901 0b00c601 10028 100 1463 2089906823 37214362 10012804
0b000501 0b00ca01 10022 100 170935 2056735234 70414351 10027011
0b000a01 0b00c801 10034 100 1459 2079872960 47281439 10012804
0b000101 0b00cb01 10003 100 1394817 2007508089 119653821 10129622
0b000201 0b00c801 10018 100 24821 2066959462 60209575 10014761
0b000301 0b00c701 10020 100 36918 2066593437 60576891 10015775
0b000101 0b00c001 10024 100 78028 2072211966 54979427 10019225
0b000601 0b00cc01 10035 100 29763 2077283925 49911155 10015176
0b000901 0b00c301 10030 100 25483 2086262499 40939045 10014818
0b000001 0b00ca01 10027 100 20715 2085225380 41978820 10014417
0b000a01 0b00ce01 10021 100 32228 2066980284 60239976 10015384
0b000801 0b00c601 10025 100 2960 2078131175 49137664 10012928
0b000f01 0b00c701 10017 100 682014 2049386038 77903068 10069863
0b000601 0b00c301 10035 100 27155 2077414055 49884223 10014959
0b000a01 0b00cf01 10040 100 72733 2080854609 46461790 10018778
0b000801 0b00c801 10032 100 30266 2075894957 51422032 10015220
0b000001 0b00c301 10024 100 2856 2068868407 58480525 10012920
0b000501 0b00c401 10010 100 174559 2063485866 63869453 10027316
0b000501 0b00cb01 10030 100 51729 2075389998 52004562 10017018
0b000c01 0b00c601 10022 100 61306 2063269878 64133441 10017822
0b000301 0b00c201 10028 100 77341 2071940090 55514275 10019166
0b000101 0b00c901 10023 100 164621 2066799222 60670302 10026483
0b000f01 0b00cb01 10035 100 16870 2086947272 40585807 10014094
0b000801 0b00c801 10031 100 38955 2066578811 60961645 10015946
0b000f01 0b00cc01 10024 100 238264 2064942995 62611802 10032658
0b000a01 0b00c401 10026 100 3870 2079980935 47578702 10013004
0b000301 0b00ce01 10031 100 29891 2087327268 40240578 10015186
0b000c01 0b00c201 10026 100 91304 2063964813 63629695 10020337
0b000e01 0b00c101 10027 100 74998 2063007051 64601890 10018967
0b000e01 0b00c401 10022 100 16460 2078962070 48670287 10014062
0b000701 0b00c401 10032 100 15213 2080014090 47631639 10013958
0b000301 0b00c801 10032 100 3890 2069731502 57916478 10013006
0b000801 0b00c401 10022 100 64199 2064869673 62781757 10018065
0b000401 0b00cb01 10028 100 27881 2076361906 51375453 10015018
0b000101 0b00c401 10029 100 490 2080255163 47505165 10012723
0b000701 0b00cb01 10006 100 1658942 2009477443 118313300 10151765
0b000d01 0b00cf01 10035 100 3780 2078097893 49696298 10012997
0b000601 0b00c401 10037 100 2714 2078250419 49548545 10012908
0b000001 0b00c801 10040 100 78673 2078487341 49320731 10019277
0b000501 0b00ca01 10025 100 26888 2076028008 51783234 10014934
0b000e01 0b00c701 10022 100 58709 2064992233 62828602 10017603
0b000001 0b00c501 10040 100 4539 2078396811 49444296 10013062
0b000201 0b00c701 10024 100 46054 2066034521 61822608 10016544
0b000e01 0b00c801 10032 100 25294 2077748214 50111411 10014803
0b000601 0b00c301 10033 100 76865 2069723173 58192430 10019124
0b000d01 0b00cc01 10020 100 8565 2077525974 50399571 10013399
0b000c01 0b00cb01 10038 100 35515 2086537164 41399097 10015659
0b000e01 0b00c601 10031 100 9193 2077408858 50540641 10013453
0b000e01 0b00c901 10031 100 722 2090873962 37092495 10012741
0b000801 0b00ce01 10032 100 57298 2066148034 61824457 10017486
0b000c01 0b00c301 10028 100 41387 2086015629 41960547 10016152
0b000401 0b00c201 10029 100 9646 2070276535 57711214 10013490
0b000601 0b00c401 10031 100 144855 2063202702 64829858 10024825
0b000101 0b00c401 10025 100 42988 2075538156 52524307 10016284
0b000501 0b00ce01 10032 100 1765 2080943253 47121951 10012828
0b000601 0b00c601 10040 100 381 2089039247 39031603 10012714
0b000201 0b00c801 10024 100 28586 2087939303 40151231 10015078
0b000301 0b00c801 10035 100 144 2079187607 48930859 10012695
0b000901 0b00c101 10021 100 60007 2076910456 51217914 10017714
0b000001 0b00c301 10028 100 9025 2078087313 50047212 10013440
0b000001 0b00c801 10030 100 112185 2060440734 67696914 10022088
0b000501 0b00c401 10019 100 26453 2077235894 50911879 10014899
0b000901 0b00c601 10025 100 36308 2078509175 49695245 10015726
0b000c01 0b00cb01 10039 100 2487 2088492811 39713049 10012890
0b000901 0b00c101 10016 100 89228 2064716601 63512094 10020163
0b000401 0b00c501 10034 100 8331 2088312665 39930980 10013381
0b000e01 0b00c601 10029 100 43898 2073769335 54491051 10016360
0b000e01 0b00ca01 10036 100 9523 2077507972 50758724 10013480
0b000101 0b00c701 10021 100 28635 2068509643 59788910 10015082
0b000c01 0b00ce01 10023 100 166860 2066299372 61999819 10026670
0b000601 0b00c301 10036 100 2472 2080979081 47334937 10012889
0b000e01 0b00c501 10021 100 58802 2062722327 65610620 10017610
0b000f01 0b00ca01 10029 100 32884 2079576348 48785024 10015437
0b000001 0b00c501 10041 100 8452 2079756344 48605619 10013390
0b000d01 0b00cf01 10031 100 58221 2074002546 54398446 10017564
0b000601 0b00c701 10024 100 31847 2075566396 52836922 10015350
0b000c01 0b00c201 10029 100 77437 2071823568 56590646 10019174
0b000b01 0b00c801 10004 100 1359093 2015398946 113018584 10126629
0b000301 0b00cf01 10029 100 37009 2087393376 41050692 10015786
0b000501 0b00c601 10028 100 3258 2081094574 47402537 10012956
0b000d01 0b00c601 10033 100 68385 2083153409 45355097 10018415
0b000001 0b00c101 10017 100 85019 2070515964 57999915 10019811
0b000401 0b00c501 10018 100 58704 2063659567 64864397 10017602
0b000d01 0b00c601 10031 100 4112 2081386168 47147159 10013028
0b000701 0b00c501 10017 100 25211 2070046991 58488156 10014796
0b000a01 0b00c601 10027 100 22801 2079286887 49253141 10014592
0b000901 0b00c101 10019 100 16204 2069187696 59386154 10014041
0b000901 0b00c701 10038 100 55864 2085650985 42951121 10017364
0b000b01 0b00c801 10027 100 75739 2073797007 54875008 10019030
0b000901 0b00ca01 10029 100 71444 2075108753 53565343 10018672
0b000201 0b00c201 10031 100 29796 2079060542 49633301 10015178
0b000b01 0b00cf01 10022 100 47473 2077639420 51068501 10016662
0b000701 0b00c801 10028 100 9316 2089050002 39724979 10013463
0b000001 0b00c101 10016 100 36087 2067400548 61379981 10015709
0b000e01 0b00c301 10035 100 9309 2080753759 48030992 10013463
0b000001 0b00cf01 10026 100 154053 2065388698 63413569 10025599
0b000d01 0b00cf01 10029 100 55408 2067434344 61371813 10017327
0b000101 0b00ca01 10027 100 53220 2085492466 43429230 10017144
0b000501 0b00c401 10026 100 39776 2087580114 41396846 10016015
0b000f01 0b00cd01 10023 100 79547 2077257914 51731091 10019350
0b000001 0b00c601 10039 100 7425 2079362559 49629010 10013304
0b000601 0b00c401 10033 100 88490 2072252198 56770124 10020100
0b000701 0b00c301 10035 100 4276 2079271975 49780308 10013041
0b000d01 0b00ca01 10027 100 20862 2077677092 51380150 10014429
0b000401 0b00c201 10028 100 6600 2069304451 59764604 10013234
0b000001 0b00c001 10035 100 2182 2071164873 57910751 10012866
0b000501 0b00c601 10030 100 34059 2088267190 40812597 10015539
0b000401 0b00c701 10023 100 90615 2081241824 47839591 10020278
0b000301 0b00c101 10035 100 98951 2082109405 46986547 10020976
0b000801 0b00ce01 10006 100 1013966 2017068357 112040170 10097691
0b000001 0b00cf01 10040 100 9173 2090330245 38831449 10013452
0b000001 0b00c301 10032 100 2457 2091406035 37756059 10012888
0b000c01 0b00c001 10021 100 74270 2072580202 56601970 10018909
0b000a01 0b00ca01 10024 100 54842 2075296116 53886840 10017278
0b000d01 0b00c801 10029 100 228 2082413320 46776345 10012702
0b000201 0b00cf01 10027 100 77149 2073992470 55230140 10019151
0b000601 0b00c601 10042 100 5692 2090926742 38322860 10013158
0b000f01 0b00cc01 10027 100 68186 2068903176 60354942 10018399
0b000d01 0b00c201 10039 100 3989 2091866120 37445646 10013014
0b000a01 0b00cf01 10033 100 74494 2075148977 54164731 10018927
0b000c01 0b00c801 10025 100 72848 2066879816 62444045 10018788
0b000301 0b00c901 10030 100 59746 2076406335 52933033 10017690
0b000901 0b00c201 10025 100 22597 2070278622 59068962 10014576
0b000801 0b00ce01 10035 100 1556 2080107336 49248563 10012812
0b000201 0b00cf01 10032 100 1553 2080582655 48837519 10012811
0b000001 0b00c801 10047 100 653 2090256875 39195551 10012736
0b000201 0b00c401 10026 100 67737 2066570991 62887275 10018360
0b000201 0b00c001 10020 100 18517 2080324586 49136728 10014234
0b000401 0b00c301 10039 100 15102 2078446188 51022065 10013949
0b000601 0b00c901 10026 100 1681 2072871601 56604176 10012822
0b000f01 0b00c201 10043 100 50078 2077019372 52460857 10016882
0b000d01 0b00cf01 10033 100 146086 2077298439 52200982 10024931
0b000d01 0b00c201 10032 100 39080 2076787121 52716476 10015960
0b000901 0b00cd01 10029 100 119583 2072864027 56722273 10022707
0b000301 0b00c501 10029 100 98701 2071941626 57690948 10020956
0b000201 0b00c301 10032 100 55274 2077759651 51879852 10017316
0b000401 0b00c401 10026 100 1893 2082491442 47159861 10012839
0b000001 0b00c901 10015 100 538725 2032688321 96964163 10057847
0b000f01 0b00cf01 10025 100 20726 2072032871 57627767 10014418
0b000e01 0b00cc01 10030 100 58971 2073390718 56275131 10017624
0b000301 0b00ca01 10028 100 48601 2067292027 62418642 10016756
0b000401 0b00cc01 10016 100 66445 2067904364 61814868 10018252
0b000001 0b00c901 10037 100 58865 2066348195 63374184 10017615
0b000201 0b00cd01 10030 100 128754 2071974739 57807731 10023475
0b000801 0b00cd01 10028 100 72988 2076914919 52868714 10018799
0b000901 0b00c701 10040 100 61891 2088283597 41507872 10017869
0b000b01 0b00cf01 10020 100 169043 2069449110 60366880 10026856
0b000401 0b00c801 10026 100 17346 2079181304 50648199 10014136
0b000d01 0b00c601 10032 100 6356 2082360152 47494633 10013215
0b000a01 0b00cc01 10028 100 28959 2089491687 40363535 10015108
0b000601 0b00c501 10033 100 31187 2079154842 50704770 10015297
0b000801 0b00c801 10034 100 9989 2081972388 47933978 10013517
0b000301 0b00c201 10032 100 52264 2076275555 53664362 10017064
0b000201 0b00cb01 10022 100 58747 2077677846 52265541 10017606
0b000101 0b00c801 10029 100 9779 2081709314 48237229 10013500
0b000b01 0b00cf01 10024 100 35747 2080070624 49877598 10015678
0b000701 0b00c901 10019 100 6964 2069934294 60029690 10013264
0b000401 0b00cd01 10023 100 65204 2074615367 55351909 10018149
0b000801 0b00c101 10033 100 101414 2073071105 56932346 10021184
0b000d01 0b00c601 10026 100 63837 2075106321 54920907 10018032
0b000a01 0b00c001 10028 100 7696 2080371345 49658501 10013326
0b000601 0b00ca01 10025 100 6693 2082407068 47638961 10013242
0b000e01 0b00ca01 10043 100 8904 2089670346 40424791 10013426
0b000101 0b00cc01 10037 100 5653 2080742580 49359704 10013155
0b000501 0b00cd01 10024 100 288264 2066750433 63356456 10036850
0b000401 0b00ca01 10026 100 21922 2072354497 57757692 10014518
0b000601 0b00ce01 10026 100 23527 2078436276 51713717 10014654
0b000601 0b00cb01 10020 100 40560 2086372094 43789330 10016082
0b000d01 0b00c401 10030 100 9119 2089997594 40178302 10013447
0b000301 0b00cb01 10030 100 346985 2054203654 75981647 10041771
0b000a01 0b00ca01 10026 100 50118 2076403763 53786943 10016885
0b000601 0b00c901 10025 100 27733 2070825221 59372063 10015006
0b000001 0b00ce01 10026 100 43118 2067496853 62723135 10016298
0b000401 0b00cb01 10034 100 5642 2082729752 47491985 10013154
0b000401 0b00c501 10035 100 35137 2088587983 41663980 10015629
0b000c01 0b00cd01 10028 100 3570 2070480798 59780998 10012980
0b000501 0b00c301 10027 100 36294 2080022864 50257777 10015725
0b000d01 0b00c601 10022 100 40564 2067335439 62948916 10016082
0b000a01 0b00c701 10042 100 21474 2081052965 49241480 10014482
0b000a01 0b00cb01 10028 100 23642 2070034324 60263429 10014663
0b000301 0b00c101 10039 100 33261 2089435425 40863557 10015471
0b000101 0b00cb01 10012 100 644176 2026385449 103960818 10066690
0b000e01 0b00c301 10024 100 68571 2066187891 64194159 10018430
0b000501 0b00ce01 10029 100 49187 2076763034 53624055 10016806
0b000c01 0b00cf01 10027 100 58837 2068807576 61618844 10017613
0b000e01 0b00ca01 10039 100 388 2081010762 49416283 10012714
0b000e01 0b00cb01 10002 100 793402 2009967721 120461574 10079201
0b000301 0b00c801 10031 100 62326 2066715003 63718554 10017908
0b000f01 0b00c201 10041 100 4988 2073697770 56753280 10013098
0b000501 0b00ce01 10030 100 31538 2078159208 52295345 10015325
0b000501 0b00c301 10029 100 23929 2090239269 40260654 10014686
0b000001 0b00c101 10021 100 6572 2080679576 49848190 10013232
0b000c01 0b00c101 10019 100 51686 2085164321 45426567 10017014
0b000501 0b00cc01 10035 100 161881 2069847976 60749473 10026252
0b000c01 0b00cb01 10040 100 2896 2090804722 39813739 10012923
0b000501 0b00c901 10024 100 136240 2068624314 62064226 10024105
0b000101 0b00c101 10032 100 38673 2078408955 52281303 10015923
0b000301 0b00c201 10040 100 9062 2092202716 38507471 10013443
0b000d01 0b00c001 10026 100 74897 2077325564 53395453 10018959
0b000101 0b00c701 10024 100 673 2073120980 57610382 10012737
0b000b01 0b00cb01 10022 100 25211 2070276023 60458095 10014796
0b000401 0b00c101 10036 100 6410 2080612991 50126141 10013219
0b000201 0b00c701 10026 100 163595 2069006461 61750614 10026397
0b000101 0b00c701 10020 100 50477 2068322546 62450558 10016914
0b000d01 0b00c101 10022 100 5742 2083348533 47427534 10013162
0b000301 0b00cb01 10042 100 41998 2077987933 52791588 10016201
0b000801 0b00c501 10026 100 62298 2068523449 62268532 10017905
0b000e01 0b00c601 10027 100 32277 2070455705 60350478 10015388
0b000301 0b00cd01 10028 100 21772 2080012330 50803001 10014506
0b000901 0b00ce01 10016 100 78942 2067824224 62992229 10019298
0b000101 0b00c601 10034 100 51030 2087421480 43413837 10016962
0b000301 0b00c901 10021 100 136980 2062200005 68642035 10024164
0b000f01 0b00c101 10031 100 5129 2083601824 47248771 10013113
0b000601 0b00cb01 10016 100 4343 2070528749 60330060 10013046
0b000901 0b00cb01 10030 100 521 2083426036 47443778 10012725
0b000c01 0b00ce01 10026 100 8162 2080407511 50470856 10013367
0b000a01 0b00c501 10033 100 29234 2088180932 42702830 10015133
0b000e01 0b00cf01 10020 100 60924 2067537633 63362441 10017788
0b000101 0b00c401 10027 100 57369 2077071071 53834589 10017492
0b000a01 0b00ca01 10027 100 8271 2083027845 47913496 10013376
0b000c01 0b00c901 10033 100 7034 2083400085 47609987 10013273
0b000001 0b00cd01 10042 100 9055 2092220236 38817701 10013442
0b000101 0b00ce01 10025 100 155949 2069401372 61636800 10025754
0b000001 0b00c501 10048 100 2003 2093155660 37882551 10012851
0b000501 0b00cb01 10026 100 80820 2067475405 63573782 10019456
0b000101 0b00c301 10039 100 5408 2093198915 37862223 10013135
0b000b01 0b00c001 10030 100 55822 2079614478 51471008 10017360
0b000f01 0b00c601 10022 100 27430 2070172169 60920926 10014981
0b000801 0b00cc01 10034 100 77229 2086541008 44571113 10019157
0b000301 0b00ca01 10033 100 87355 2083570377 47559984 10020006
0b000001 0b00c401 10027 100 31870 2079570266 51572291 10015352
0b000201 0b00c601 10038 100 135635 2079606596 51539219 10024053
0b000d01 0b00c901 10014 100 739767 2030392346 100756535 10074702
0b000001 0b00c601 10034 100 149289 2074376004 56775362 10025199
0b000c01 0b00cc01 10043 100 4720 2083731955 47462693 10013076
0b000801 0b00c501 10028 100 6716 2073066063 58133386 10013244
0b000601 0b00c901 10018 100 82059 2062626852 68590333 10019563
0b000d01 0b00c501 10020 100 24219 2082243742 48980298 10014713
0b000d01 0b00ce01 10025 100 3869 2071406787 59827825 10013004
0b000301 0b00c201 10031 100 69123 2076002670 55250859 10018478
0b000001 0b00ce01 10041 100 2621 2083605078 47716507 10012901
0b000801 0b00cb01 10028 100 2065 2072687354 58644874 10012856
0b000701 0b00c701 10027 100 35966 2072407641 58967696 10015695
0b000501 0b00c001 10031 100 103562 2064914583 66470011 10021364
0b000b01 0b00c101 10028 100 626 2092081015 39316465 10012733
0b000901 0b00c501 10033 100 56748 2088134382 43263232 10017438
0b000101 0b00c601 10032 100 3394 2083720571 47689863 10012966
0b000601 0b00c501 10032 100 35018 2078396779 53015640 10015619
0b000001 0b00ce01 10029 100 17005 2071775372 59638669 10014109
0b000201 0b00cd01 10025 100 379193 2044462767 86952308 10044474
0b000301 0b00ce01 10028 100 3930 2072629501 58807473 10013009
0b000a01 0b00cb01 10013 100 507145 2038766628 92680087 10055202
0b000701 0b00cc01 10024 100 116721 2075179740 56271470 10022466
0b000a01 0b00c301 10013 100 733956 2028987708 102467804 10074215
0b000101 0b00c301 10025 100 181390 2067911931 63552890 10027890
0b000b01 0b00c701 10033 100 51992 2080242463 51250242 10017039
0b000c01 0b00c701 10026 100 67610 2086105164 45401793 10018349
0b000901 0b00c201 10030 100 28915 2082269473 49246270 10015104
0b000e01 0b00c801 10027 100 125900 2067832888 63707284 10023235
0b000b01 0b00c801 10034 100 303 2082551935 48988515 10012708
0b000a01 0b00c601 10029 100 1564 2082412688 49152331 10012812
0b000801 0b00cc01 10029 100 17584 2072644554 58926908 10014155
0b000201 0b00cf01 10030 100 40795 2079038052 52547239 10016101
0b000001 0b00c501 10038 100 66 2073835514 57764069 10012689
0b000d01 0b00c001 10029 100 32599 2081927664 49710054 10015414
0b000601 0b00cd01 10030 100 59864 2065542959 66148216 10017699
0b000301 0b00ca01 10037 100 19594 2092127687 39586386 10014324
0b000c01 0b00c501 10034 100 184169 2067511232 64214433 10028123
0b000301 0b00c001 10024 100 24286 2072041930 59686850 10014718
0b000101 0b00c701 10028 100 3520 2084068217 47673490 10012976
0b000001 0b00c201 10015 100 164001 2058995676 72751645 10026433
0b000901 0b00c001 10030 100 15815 2091258190 40497302 10014006
0b000101 0b00cd01 10031 100 3213 2082613020 49144140 10012952
0b000b01 0b00cd01 10022 100 667 2082583923 49197089 10012737
0b000b01 0b00cc01 10031 100 119445 2075257530 56543216 10022696
0b000101 0b00cf01 10030 100 24007 2071351979 60523327 10014696
0b000501 0b00cf01 10027 100 9286 2081820395 50095949 10013461
0b000001 0b00c501 10044 100 9453 2081776726 50157328 10013474
0b000001 0b00cb01 10021 100 23398 2079971764 51971290 10014644
0b000701 0b00c501 10025 100 65519 2080505912 51483623 10018174
0b000601 0b00ca01 10030 100 4006 2092675315 39348056 10013019
0b000301 0b00cd01 10031 100 37359 2089042508 42989859 10015814
0b000001 0b00cd01 10036 100 21368 2081585549 50493875 10014473
0b000e01 0b00c101 10030 100 45742 2067518855 64574414 10016516
0b000d01 0b00cd01 10028 100 17714 2073979542 58124493 10014166
0b000401 0b00c601 10034 100 1957 2082738525 49377469 10012844
0b000b01 0b00c001 10024 100 167100 2062669327 69458192 10026693
0b000901 0b00cf01 10031 100 25608 2083182208 48947935 10014828
0b000f01 0b00c601 10031 100 29891 2090412821 41735368 10015186
0b000c01 0b00ce01 10027 100 16233 2080965932 51204776 10014043
0b000801 0b00c301 10029 100 5143 2082587689 49631243 10013114
0b000701 0b00cb01 10031 100 68868 2068483295 63754535 10018454
0b000401 0b00c601 10028 100 52098 2068427224 63818723 10017051
0b000101 0b00c901 10027 100 38917 2081656560 50593937 10015943
0b000701 0b00cd01 10025 100 4796 2072431642 59824372 10013082
0b000701 0b00ce01 10030 100 5405 2084589740 47673428 10013135
0b000001 0b00c201 10018 100 174456 2065676257 66596745 10027308
0b000101 0b00c301 10016 100 522784 2042542679 89745381 10056511
0b000a01 0b00c201 10028 100 161454 2069012423 63280838 10026218
0b000901 0b00ca01 10032 100 40152 2080400648 51929832 10016049
0b000c01 0b00cf01 10030 100 61980 2078623347 53712801 10017876
0b000401 0b00c801 10029 100 1195 2083016757 49319798 10012783
0b000c01 0b00c101 10014 100 31648 2072819629 59521922 10015334
0b000301 0b00cc01 10025 100 31874 2071068583 61278612 10015352
0b000001 0b00cc01 10030 100 20773 2082272770 50088250 10014422
0b000201 0b00c301 10028 100 1923 2074429940 57933783 10012841
0b000001 0b00c601 10031 100 75806 2067035478 65339617 10019036
0b000301 0b00ca01 10031 100 20510 2072735234 59642329 10014401
0b000e01 0b00c401 10025 100 4000 2084907386 47489148 10013015
0b000c01 0b00cf01 10021 100 518181 2044042952 88355424 10056127
0b000e01 0b00c801 10038 100 43051 2089241813 43183667 10016293
0b000701 0b00c001 10027 100 9320 2084479836 47948348 10013464
0b000c01 0b00cc01 10040 100 40844 2078480928 53957569 10016104
0b000501 0b00c701 10033 100 192 2075668982 56773783 10012699
0b000901 0b00cf01 10030 100 26200 2081606435 50895252 10014879
0b000d01 0b00cd01 10025 100 58392 2067895431 64616843 10017577
0b000701 0b00cc01 10029 100 65725 2088669604 43860761 10018191
0b000001 0b00cf01 10031 100 33396 2071342800 61188092 10015482
0b000001 0b00c301 10025 100 45398 2069367295 63230319 10016488
0b000a01 0b00c101 10015 100 73811 2068079512 64520877 10018869
0b000301 0b00c901 10025 100 115073 2064541922 68099995 10022331
0b000001 0b00c101 10023 100 62281 2086004110 46640304 10017904
0b000b01 0b00c901 10034 100 2270 2085311909 47339560 10012873
0b000f01 0b00cf01 10027 100 802 2073168809 59508445 10012748
0b000a01 0b00c401 10024 100 9724 2074395938 58363355 10013496
0b000f01 0b00cd01 10027 100 47358 2082440982 50333268 10016652
0b000d01 0b00c701 10028 100 20656 2081833182 50961404 10014413
0b000501 0b00c301 10025 100 24573 2074525981 58278069 10014741
0b000901 0b00c401 10025 100 15249 2082638123 50166504 10013961
0b000001 0b00c601 10030 100 179620 2064523117 68282404 10027740
0b000c01 0b00c001 10019 100 121092 2071502371 61337038 10022835
0b000c01 0b00cf01 10032 100 11152 2082233061 50646734 10013618
0b000301 0b00c901 10032 100 51132 2079286317 53644630 10016970
0b000201 0b00cc01 10031 100 79954 2087690953 45244618 10019383
0b000501 0b00c201 10020 100 42077 2090094301 42857284 10016211
0b000d01 0b00c101 10024 100 75419 2086736428 46250118 10019005
0b000601 0b00c101 10010 100 599008 2025648192 107358392 10062904
0b000701 0b00c401 10025 100 47547 2070263268 62750325 10016668
0b000e01 0b00c301 10033 100 49799 2080245874 52773369 10016855
0b000101 0b00c301 10033 100 23470 2083525249 49509940 10014649
0b000e01 0b00c901 10004 100 631813 2021577538 111491335 10065651
0b000601 0b00c001 10025 100 142872 2069654982 63425003 10024658
0b000501 0b00cb01 10033 100 73523 2078820960 54261813 10018846
0b000f01 0b00cd01 10029 100 39983 2083141681 49953461 10016032
0b000201 0b00c401 10027 100 160131 2072295351 60873204 10026108
0b000901 0b00cc01 10022 100 27941 2082338586 50916530 10015022
0b000901 0b00c201 10031 100 38507 2083672561 49591534 10015910
0b000e01 0b00cb01 10018 100 242576 2050028998 83253744 10033019
0b000301 0b00cf01 10028 100 36688 2082643720 50659477 10015757
0b000b01 0b00ce01 10013 100 152645 2063733892 69615584 10025479
0b000601 0b00c901 10027 100 131 2073604544 59754963 10012694
0b000401 0b00c101 10039 100 60663 2088605606 44761232 10017767
0b000301 0b00c601 10026 100 119195 2075059734 58317177 10022676
0b000301 0b00c901 10033 100 25436 2083572746 49810748 10014814
0b000a01 0b00cf01 10034 100 181929 2075568915 57816392 10027933
0b000b01 0b00c001 10033 100 73399 2088312893 45081841 10018836
0b000a01 0b00c101 10017 100 69165 2069028406 64383658 10018482
0b000801 0b00c201 10024 100 43059 2071372724 62039914 10016293
0b000a01 0b00ce01 10026 100 6208 2085494066 47924086 10013203
0b000d01 0b00c401 10026 100 45380 2080235834 53226096 10016487
0b000701 0b00c201 10024 100 248094 2070130491 63339974 10033483
0b000301 0b00cf01 10027 100 19901 2082475307 51019894 10014348
0b000c01 0b00c501 10039 100 55666 2080377240 53119671 10017348
0b000301 0b00cc01 10018 100 185771 2060075987 73443404 10028255
0b000f01 0b00ce01 10028 100 9594 2085970039 47558668 10013485
0b000001 0b00c601 10048 100 182 2095927566 37660619 10012698
0b000001 0b00c801 10037 100 13814 2074526349 59066459 10013838
0b000301 0b00c901 10034 100 1979 2084525658 49068100 10012846
0b000c01 0b00cb01 10034 100 21098 2081835236 51761372 10014452
0b000201 0b00cc01 10027 100 173238 2071645070 61953221 10027207
0b000101 0b00c901 10029 100 33101 2091779107 41841255 10015458
0b000a01 0b00c801 10035 100 46617 2079897171 53728009 10016589
0b000201 0b00cc01 10034 100 37027 2092080415 41558687 10015788
0b000101 0b00c801 10026 100 96191 2076488868 57160454 10020747
0b000501 0b00c801 10024 100 23573 2093223982 40448771 10014658
0b000e01 0b00c101 10036 100 9591 2083167259 50513723 10013485
0b000601 0b00c801 10024 100 2088 2084357541 49411746 10012858
0b000301 0b00c201 10035 100 90276 2086889665 46890082 10020251
0b000701 0b00ce01 10040 100 4925 2095444955 38345654 10013093
0b000401 0b00ca01 10027 100 26665 2074988312 58820920 10014916
0b000a01 0b00c201 10035 100 66604 2088835056 44998268 10018265
0b000b01 0b00c101 10018 100 47089 2071668621 62181609 10016631
0b000c01 0b00cd01 10033 100 8156 2085892867 47961003 10013367
0b000801 0b00c001 10016 100 43795 2071862676 62000897 10016352
0b000e01 0b00cb01 10004 100 735737 2014117129 119803780 10074365
0b000d01 0b00c201 10034 100 47190 2080417639 53524164 10016639
0b000901 0b00c801 10025 100 6542 2076043085 57904750 10013230
0b000a01 0b00ce01 10023 100 189132 2075265277 58692932 10028540
0b000a01 0b00cf01 10035 100 10800 2075590571 58389281 10013586
0b000301 0b00cc01 10032 100 25912 2084306262 49676068 10014852
0b000601 0b00cc01 10032 100 9770 2073119350 60879848 10013500
0b000a01 0b00c901 10004 100 1168624 2013223455 120779360 10110658
0b000f01 0b00c301 10030 100 24698 2094764178 39249537 10014751
0b000d01 0b00c601 10025 100 30540 2074644349 59387333 10015242
0b000101 0b00c301 10036 100 1154 2084853083 49180766 10012780
0b000d01 0b00c501 10022 100 4276 2084338820 49701597 10013041
0b000201 0b00c401 10033 100 5573 2085988720 48052311 10013148
0b000101 0b00c401 10024 100 26870 2074301603 59746274 10014933
0b000701 0b00c301 10033 100 21324 2076108635 57947011 10014470
0b000901 0b00cd01 10038 100 39100 2091601940 42462877 10015961
0b000a01 0b00c301 10024 100 9472 2075851652 58228928 10013476
0b000301 0b00c601 10025 100 21573 2074531008 59562119 10014490
0b000001 0b00c101 10002 100 960767 2015738377 118374365 10093231
0b000301 0b00c401 10025 100 42788 2072702201 61444871 10016268
0b000301 0b00c101 10040 100 25973 2092264023 41889018 10014857
0b000701 0b00c201 10031 100 14731 2084041349 50113986 10013916
0b000d01 0b00ca01 10030 100 22816 2082938711 51217382 10014593
0b000901 0b00c501 10032 100 472 2085170222 49048006 10012721
0b000801 0b00cc01 10032 100 47985 2082718285 51559772 10016703
0b000801 0b00cc01 10039 100 9100 2096119691 38162237 10013446
0b000601 0b00c401 10038 100 31270 2081495707 52813307 10015304
0b000401 0b00c901 10030 100 51261 2089802938 44532348 10016980
0b000c01 0b00c501 10036 100 76532 2070701899 63652591 10019098
0b000901 0b00cf01 10014 100 606666 2037936154 96434953 10063544
0b000d01 0b00ce01 10029 100 1231 2087295523 47110549 10012786
0b000f01 0b00c601 10030 100 7635 2086941613 47489685 10013321
0b000a01 0b00c701 10044 100 3946 2086912977 47530925 10013011
0b000501 0b00ca01 10029 100 13741 2094154153 40294132 10013833
0b000801 0b00c601 10028 100 25155 2084922893 49526530 10014792
0b000201 0b00cc01 10030 100 78798 2078579104 55889188 10019287
0b000601 0b00c601 10037 100 6009 2086306324 48165150 10013187
0b000601 0b00c001 10015 100 445709 2040457824 94080290 10050049
0b000401 0b00c101 10008 100 772122 2023272920 111266447 10077418
0b000e01 0b00cb01 10024 100 56272 2081129343 53434133 10017400
0b000f01 0b00c201 10042 100 25019 2076365953 58200567 10014781
0b000101 0b00c001 10026 100 44516 2093312028 41263146 10016414
0b000f01 0b00cc01 10037 100 13469 2094037672 40548041 10013811
0b000501 0b00c901 10013 100 539308 2035725048 98893698 10057898
0b000501 0b00cd01 10035 100 29091 2084767757 49896817 10015122
0b000c01 0b00c901 10019 100 368362 2056009387 78661852 10043565
0b000901 0b00cb01 10029 100 22157 2074468344 60256667 10014540
0b000a01 0b00c101 10021 100 72026 2080252541 54479673 10018722
0b000b01 0b00cb01 10027 100 74520 2079727472 55007029 10018929
0b000b01 0b00c101 10019 100 3052 2077061845 57676992 10012939
0b000a01 0b00c701 10043 100 20270 2083555639 51190819 10014382
0b000b01 0b00c101 10026 100 879 2085407050 49343423 10012754
0b000b01 0b00c401 10035 100 40356 2084287692 50507240 10016065
0b000301 0b00cc01 10030 100 24554 2083314603 51486986 10014740
0b000c01 0b00c101 10016 100 25104 2075636868 59175671 10014788
0b000a01 0b00c901 10026 100 78174 2078062352 56772102 10019237
0b000e01 0b00c801 10033 100 33513 2081561885 53302443 10015491
0b000001 0b00c901 10040 100 72883 2076623919 58242768 10018790
0b000601 0b00cd01 10032 100 63983 2068476715 66395769 10018044
0b000501 0b00cc01 10036 100 21865 2075287433 59616125 10014513
0b000701 0b00c401 10037 100 32011 2093651791 41277239 10015367
0b000601 0b00c401 10035 100 7798 2074394723 60552970 10013334
0b000c01 0b00cf01 10026 100 181607 2068221051 66743678 10027907
0b000d01 0b00cc01 10021 100 52796 2083337825 51632122 10017107
0b000d01 0b00c201 10022 100 163407 2062013186 72958666 10026382
0b000401 0b00cb01 10035 100 9920 2084831617 50145899 10013512
0b000d01 0b00cc01 10024 100 1864 2087634922 47358894 10012836
0b000801 0b00c701 10042 100 17682 2095948545 39047750 10014163
0b000601 0b00c101 10025 100 38386 2081644600 53386664 10015900
0b000701 0b00c601 10040 100 3700 2096788796 38299408 10012991
0b000401 0b00cd01 10025 100 68987 2078930258 56163123 10018463
0b000e01 0b00c201 10038 100 22612 2085310573 49786744 10014577
0b000101 0b00cc01 10040 100 61743 2092328616 42772154 10017857
0b000601 0b00c501 10031 100 7936 2077351962 57825130 10013345
0b000001 0b00c601 10047 100 13118 2095620794 39565037 10013783
0b000401 0b00c201 10034 100 1147 2075311827 59878958 10012779
0b000e01 0b00c001 10030 100 67037 2080164143 55059714 10018304
0b000d01 0b00ca01 10029 100 35847 2082807996 52423484 10015686
0b000101 0b00c701 10033 100 1997 2097567215 37683605 10012847
0b000101 0b00c501 10029 100 127085 2077240687 58031320 10023338
0b000d01 0b00c901 10032 100 23928 2073671837 61604316 10014686
0b000001 0b00ce01 10038 100 56333 2080270276 55029396 10017405
0b000b01 0b00c801 10033 100 69881 2082484264 52825447 10018539
0b000201 0b00c201 10029 100 23587 2076049518 59261640 10014659
0b000e01 0b00cb01 10028 100 50218 2088873238 46445255 10016893
0b000301 0b00c401 10027 100 95071 2077478424 57877148 10020654
0b000101 0b00c001 10027 100 15052 2094880891 40496555 10013945
0b000701 0b00c001 10026 100 62220 2082037816 53348060 10017899
0b000f01 0b00c801 10025 100 28758 2076948456 58437796 10015092
0b000f01 0b00c401 10027 100 26094 2086383008 49006054 10014871
0b000301 0b00c201 10034 100 6586 2085833035 49563834 10013233
0b000601 0b00c901 10034 100 9481 2086726834 48673064 10013476
0b000a01 0b00c001 10029 100 27731 2085277565 50130488 10015006
0b000d01 0b00cf01 10040 100 29 2088173499 47235923 10012686
0b000101 0b00c301 10037 100 67914 2092118917 43299844 10018374
0b000e01 0b00c101 10041 100 240 2098032915 37399040 10012703
0b000101 0b00c501 10024 100 430467 2053162910 82277519 10048772
0b000301 0b00c801 10009 100 958846 2019915623 115525117 10093070
0b000a01 0b00c801 10039 100 44043 2090778953 44670607 10016376
0b000701 0b00cf01 10025 100 28069 2073751414 61703221 10015036
0b000a01 0b00c701 10045 100 7297 2087397569 48094840 10013294
0b000b01 0b00c101 10025 100 46943 2084425797 51068611 10016615
0b000b01 0b00c901 10032 100 52192 2082135323 53361695 10017058
0b000201 0b00cc01 10025 100 105216 2068501495 67002884 10021504
0b000b01 0b00cc01 10034 100 15694 2087114377 48390150 10013996
0b000001 0b00c101 10028 100 17876 2095463913 40082424 10014179
0b000601 0b00c901 10031 100 44439 2082800349 52777277 10016407
0b000801 0b00c101 10037 100 67870 2082342201 53263200 10018370
0b000301 0b00c001 10018 100 343559 2064855818 70761063 10041485
0b000f01 0b00ce01 10012 100 1089484 2029237354 106403041 10104024
0b000401 0b00cb01 10026 100 6331 2075380986 60264654 10013213
0b000f01 0b00c601 10025 100 78914 2074508640 61146263 10019296
0b000501 0b00c401 10031 100 1495 2097391009 38267942 10012807
0b000401 0b00c801 10027 100 79827 2079848541 55813638 10019373
0b000d01 0b00cf01 10043 100 9210 2095365332 40341521 10013455
0b000c01 0b00c501 10040 100 8145 2087543246 48168218 10013366
0b000901 0b00c101 10006 100 815406 2030203198 105537282 10081045
0b000501 0b00c901 10028 100 6944 2087441298 48318277 10013262
0b000801 0b00c201 10027 100 5290 2076421251 59341566 10013126
0b000a01 0b00c201 10004 100 1613302 2005893122 129876631 10147941
0b000b01 0b00c701 10034 100 32723 2086040180 49736971 10015424
0b000f01 0b00c001 10033 100 1110 2088687832 47106049 10012776
0b000101 0b00c501 10035 100 6545 2087720243 48074096 10013230
0b000401 0b00c501 10021 100 223508 2068434740 67377643 10031420
0b000c01 0b00c701 10022 100 42115 2074920872 60908891 10016214
0b000601 0b00cc01 10031 100 61660 2069624106 66224332 10017850
0b000a01 0b00c901 10029 100 43631 2091317484 44546818 10016339
0b000b01 0b00ce01 10020 100 100002 2088408779 47467810 10021068
0b000101 0b00c701 10019 100 131530 2066891371 69054866 10023709
0b000c01 0b00c901 10024 100 53203 2071476509 64474436 10017143
0b000d01 0b00ca01 10022 100 123689 2065871238 70186710 10023051
0b000701 0b00c501 10028 100 12438 2087601724 48463128 10013724
0b000701 0b00c001 10030 100 113061 2087717417 48383363 10022162
0b000801 0b00ce01 10033 100 143382 2074846916 61257777 10024703
0b000101 0b00c701 10032 100 4217 2096496729 39616377 10013036
0b000001 0b00cf01 10038 100 6400 2086228638 49935399 10013218
0b000901 0b00cd01 10036 100 52492 2085418740 50776453 10017082
0b000401 0b00c801 10028 100 59902 2080755683 55499732 10017702
0b000e01 0b00c101 10031 100 231492 2070413438 65862890 10032090
0b000a01 0b00c501 10019 100 388492 2055067766 81216166 10045253
0b000d01 0b00c401 10025 100 2707 2079150304 57152460 10012908
0b000401 0b00c101 10035 100 9675 2077983119 58328240 10013492
0b000101 0b00c501 10030 100 118300 2077437449 58902837 10022600
0b000601 0b00ce01 10033 100 15235 2086842212 49511423 10013960
0b000601 0b00c501 10039 100 7297 2087804966 48549110 10013294
0b000801 0b00c001 10021 100 68640 2082818425 53544426 10018436
0b000401 0b00c001 10023 100 54890 2091343918 45034376 10017282
0b000801 0b00c301 10022 100 508718 2052156350 84233116 10055332
0b000501 0b00cd01 10029 100 39934 2075788095 60615018 10016028
0b000901 0b00cd01 10042 100 27466 2097124774 39284346 10014984
0b000c01 0b00c501 10043 100 24751 2093727519 42693513 10014756
0b000001 0b00cb01 10027 100 190 2098993928 37452486 10012699
0b000501 0b00cb01 10038 100 46181 2084623704 51824273 10016554
0b000901 0b00ca01 10035 100 23979 2087641785 48820795 10014690
0b000d01 0b00cd01 10030 100 61042 2083827616 52645184 10017801
0b000c01 0b00c901 10027 100 6357 2079129861 57377557 10013215
0b000601 0b00cd01 10031 100 129798 2065874911 70693673 10023563
0b000901 0b00c501 10034 100 3325 2089039457 47549110 10012961
0b000e01 0b00c801 10030 100 48831 2074220733 62370640 10016774
0b000401 0b00c801 10031 100 36375 2084950250 51646138 10015732
0b000a01 0b00cf01 10041 100 29015 2086264082 50375222 10015116
0b000b01 0b00c901 10030 100 21205 2077628445 59013712 10014460
0b000301 0b00c301 10031 100 43426 2074075092 62645053 10016323
0b000001 0b00c001 10038 100 7141 2088097261 48625115 10013282
0b000e01 0b00c301 10029 100 155100 2069552494 67202570 10025687
0b000f01 0b00c201 10053 100 20742 2095682609 41073910 10014420
0b000301 0b00c801 10036 100 72182 2081069072 55691221 10018734
0b000b01 0b00ce01 10016 100 61134 2073058075 63713065 10017808
0b000201 0b00cc01 10036 100 25596 2094636957 42134585 10014827
0b000101 0b00c601 10030 100 1833 2078946623 57852286 10012834
0b000401 0b00cf01 10025 100 2307 2087482715 49324333 10012876
0b000801 0b00cb01 10030 100 45873 2075911827 60898018 10016526
0b000a01 0b00c901 10023 100 93752 2069897479 66918706 10020541
0b000a01 0b00ce01 10024 100 3104 2077508719 59311511 10012943
0b000401 0b00c701 10026 100 9425 2088208047 48616592 10013472
0b000e01 0b00c201 10035 100 199438 2072866288 64007335 10029403
0b000d01 0b00ce01 10028 100 32773 2086993312 49887656 10015428
0b000701 0b00c401 10039 100 24994 2096306472 40594998 10014775
0b000d01 0b00c201 10029 100 68105 2071351873 65566510 10018393
0b000901 0b00c601 10024 100 70524 2074933461 62004233 10018594
0b000f01 0b00ca01 10036 100 21580 2088226446 48727290 10014490
0b000701 0b00c001 10029 100 22755 2086251483 50730237 10014588
0b000b01 0b00c901 10035 100 18415 2088538165 48459091 10014226
0b000001 0b00cf01 10033 100 60461 2081256517 55747164 10017751
0b000f01 0b00cb01 10031 100 72921 2073447369 63559599 10018794
0b000001 0b00c501 10046 100 4713 2088999809 48009276 10013076
0b000f01 0b00cb01 10034 100 30958 2085322915 51694229 10015275
0b000601 0b00c601 10039 100 9227 2088358292 48661058 10013456
0b000501 0b00c901 10026 100 78632 2070744840 66284031 10019273
0b000301 0b00c501 10028 100 79106 2071236897 65797023 10019315
0b000c01 0b00c401 10024 100 507477 2048519057 88562521 10055228
0b000801 0b00ce01 10040 100 26216 2095029484 42094599 10014880
0b000001 0b00cd01 10038 100 29216 2085584222 51551226 10015132
0b000901 0b00cf01 10032 100 14932 2086884473 50258084 10013932
0b000501 0b00cb01 10045 100 8604 2097490082 39663002 10013402
0b000801 0b00c001 10020 100 63632 2082079650 55091538 10018016
0b000f01 0b00c101 10032 100 108198 2089104791 48083202 10021754
0b000601 0b00c901 10028 100 5055 2076814177 60377773 10013107
0b000301 0b00cf01 10025 100 1388 2078269536 58949216 10012798
0b000401 0b00c001 10018 100 51543 2082710516 54518948 10017003
0b000401 0b00cf01 10031 100 8835 2098051625 39194097 10013421
0b000701 0b00c501 10021 100 5531 2077364532 59887462 10013145
0b000201 0b00cd01 10038 100 32282 2095873351 41449425 10015389
0b000c01 0b00c901 10034 100 57740 2083655851 53675230 10017521
0b000401 0b00c801 10032 100 26258 2085289839 52048777 10014884
0b000701 0b00c801 10027 100 25353 2087641323 49703399 10014808
0b000001 0b00ca01 10011 100 489197 2043885707 93465895 10053697
0b000f01 0b00cb01 10040 100 25746 2097724262 39630668 10014839
0b000801 0b00cc01 10030 100 66771 2074753723 62625815 10018278
0b000701 0b00c701 10025 100 150700 2070977318 66451107 10025315
0b000b01 0b00c901 10039 100 42077 2096334710 41108478 10016211
0b000101 0b00cc01 10039 100 794 2090039711 47412176 10012747
0b000501 0b00cb01 10037 100 51197 2083693017 53765963 10016975
0b000201 0b00c101 10028 100 21211 2088112315 49355883 10014461
0b000201 0b00cd01 10035 100 25112 2086168033 51314290 10014788
0b000b01 0b00c701 10029 100 34023 2077478907 60044594 10015536
0b000e01 0b00ca01 10032 100 413975 2053238057 84290708 10047387
0b000401 0b00c901 10026 100 5705 2080158534 57376555 10013159
0b000201 0b00cb01 10027 100 24256 2087901438 49636453 10014716
0b000101 0b00cf01 10031 100 22551 2078091176 59456505 10014572
0b000b01 0b00ce01 10019 100 41424 2084892691 52668458 10016155
0b000f01 0b00c001 10035 100 73776 2092089393 45496949 10018866
0b000901 0b00ce01 10017 100 382728 2072051016 65543136 10044768
0b000301 0b00c001 10033 100 65530 2092739456 44861439 10018175
0b000401 0b00cb01 10036 100 29997 2085300398 52310312 10015194
0b000e01 0b00c701 10005 100 972730 2009125352 128486242 10094234
0b000801 0b00c201 10031 100 12087 2089290952 48371623 10013696
0b000c01 0b00c001 10029 100 1354 2097995591 39671097 10012796
0b000101 0b00c501 10031 100 108638 2079719385 57964057 10021789
0b000901 0b00cf01 10034 100 20252 2096652016 41039645 10014380
0b000f01 0b00cf01 10032 100 45033 2087128327 50563948 10016459
0b000001 0b00ce01 10037 100 69256 2079408459 58309454 10018489
0b000001 0b00c001 10039 100 48985 2091426639 46303684 10016786
0b000501 0b00c401 10025 100 36577 2085393450 52347857 10015748
0b000b01 0b00cf01 10026 100 71359 2082905983 54900797 10018665
0b000401 0b00ca01 10013 100 592144 2041869016 95962958 10062328
0b000c01 0b00c101 10020 100 33783 2086678345 51155133 10015513
0b000a01 0b00c601 10033 100 31090 2094877841 42973693 10015290
0b000b01 0b00c401 10039 100 25955 2096104599 41753892 10014856
0b000601 0b00ca01 10028 100 6748 2089364279 48528094 10013246
0b000701 0b00c401 10028 100 72951 2073633214 64267844 10018796
0b000601 0b00c801 10021 100 12391 2076671211 61246980 10013721
0b000c01 0b00cc01 10047 100 6103 2089939112 47998774 10013195
0b000701 0b00c201 10027 100 20815 2077051486 60900776 10014425
0b000901 0b00c901 10033 100 198037 2077544241 60416277 10029287
0b000301 0b00c601 10031 100 40456 2086459254 51503522 10016073
0b000001 0b00c501 10043 100 69543 2080829762 57143876 10018512
0b000e01 0b00c001 10036 100 7310 2089745828 48267845 10013295
0b000a01 0b00c101 10020 100 182974 2079111288 58918938 10028020
0b000101 0b00c601 10036 100 45047 2094799398 43241628 10016460
0b000f01 0b00c901 10027 100 53289 2075565078 62545364 10017150
0b000901 0b00ce01 10021 100 28427 2088898470 49220637 10015065
0b000f01 0b00cb01 10038 100 50043 2094428809 43700904 10016879
0b000801 0b00c001 10027 100 4407 2090617428 47543489 10013051
0b000b01 0b00c901 10033 100 80327 2084618634 53576787 10019417
0b000001 0b00c601 10042 100 49762 2082164284 56032923 10016852
0b000401 0b00c701 10025 100 36890 2086448997 51785137 10015773
0b000601 0b00c901 10023 100 178811 2069089126 69154589 10027672
0b000301 0b00c401 10022 100 199629 2070923205 67326523 10029418
0b000601 0b00ce01 10031 100 42153 2085547336 52737174 10016217
0b000401 0b00c801 10033 100 28165 2086094810 52217112 10015044
0b000301 0b00c801 10041 100 19940 2088876546 49439408 10014352
0b000701 0b00c401 10036 100 76772 2092541168 45795978 10019117
0b000501 0b00ca01 10026 100 20783 2077760462 60606519 10014423
0b000f01 0b00c201 10022 100 830448 2039225360 99147771 10082306
0b000b01 0b00c101 10022 100 7669 2080349963 58034926 10013324
0b000201 0b00c601 10039 100 45851 2093802971 44591550 10016524
0b000401 0b00ca01 10034 100 31015 2086020426 52384427 10015284
0b000301 0b00c101 10032 100 23285 2078643759 59831326 10014634
0b000401 0b00ce01 10030 100 42592 2086025885 52451408 10016252
0b000301 0b00c401 10029 100 5861 2088743990 49737097 10013171
0b000501 0b00c501 10031 100 189118 2074420535 64071099 10028539
0b000501 0b00ca01 10018 100 557121 2047375865 91127184 10059392
0b000601 0b00c101 10032 100 5634 2099214046 39302201 10013153
0b000e01 0b00c801 10037 100 19362 2088773004 49752385 10014305
0b000201 0b00c201 10036 100 4225 2090805523 47732235 10013037
0b000801 0b00c501 10029 100 70888 2075612140 62930648 10018623
0b000401 0b00c401 10025 100 76827 2081065780 57517093 10019121
0b000801 0b00c501 10032 100 8640 2088559275 50076521 10013405
0b000f01 0b00c301 10027 100 22228 2089799274 48856918 10014546
0b000e01 0b00c901 10033 100 19506 2096306897 42369657 10014317
0b000b01 0b00c201 10034 100 8436 2090808126 47871493 10013389
0b000401 0b00cb01 10031 100 19818 2079862550 58823553 10014342
0b000a01 0b00c001 10031 100 49829 2093548814 45159971 10016858
0b000401 0b00c001 10021 100 20781 2088677398 50031635 10014423
0b000901 0b00cd01 10037 100 13049 2088391881 50321174 10013777
0b000c01 0b00cb01 10031 100 160757 2074385727 64332179 10026158
0b000601 0b00cb01 10012 100 346769 2053249462 85521199 10041754
0b000001 0b00c601 10040 100 67435 2081838625 56940368 10018335
0b000201 0b00cf01 10038 100 57052 2092804070 45982135 10017466
0b000801 0b00c101 10040 100 47900 2094442250 44353747 10016696
0b000301 0b00c901 10036 100 9951 2088746164 50078392 10013514
0b000201 0b00c701 10030 100 77452 2082721890 56104318 10019175
0b000e01 0b00ce01 10032 100 12078 2077620276 61220501 10013696
0b000301 0b00cc01 10013 100 485655 2054746955 84113619 10053398
0b000601 0b00c701 10025 100 1173 2079188428 59694843 10012781
0b000a01 0b00c201 10020 100 554629 2046742559 92150862 10059181
0b000501 0b00c401 10030 100 28387 2096990393 41905048 10015062
0b000c01 0b00cc01 10046 100 27484 2088286881 50614129 10014986
0b000301 0b00cc01 10033 100 29111 2086933870 51973185 10015124
0b000101 0b00cc01 10030 100 333936 2053189265 85720275 10040677
0b000201 0b00cd01 10032 100 47219 2077609486 61303170 10016641
0b000e01 0b00c601 10022 100 185928 2059204461 79726125 10028268
0b000d01 0b00ce01 10027 100 53520 2084961476 54020127 10017168
0b000c01 0b00cb01 10041 100 6788 2090958064 48028355 10013249
0b000401 0b00c801 10036 100 6856 2099701238 39311266 10013255
0b000901 0b00c601 10026 100 36516 2079338019 59697286 10015743
0b000901 0b00ca01 10031 100 26723 2080016481 59018972 10014921
0b000601 0b00c501 10035 100 66629 2082188976 56851860 10018267
0b000301 0b00ca01 10042 100 28294 2098433294 40622698 10015054
0b000401 0b00c601 10035 100 65849 2082933619 56132883 10018201
0b000b01 0b00c001 10032 100 2743 2081650251 57424319 10012910
0b000701 0b00c901 10021 100 79110 2074734390 64344443 10019316
0b000701 0b00c901 10026 100 23418 2089152267 49927883 10014645
0b000701 0b00c201 10037 100 8579 2090444820 48635584 10013400
0b000001 0b00c801 10041 100 6034 2080889384 58197111 10013189
0b000301 0b00c101 10038 100 29710 2088491272 50606426 10015172
0b000701 0b00c301 10034 100 7049 2079187103 59937906 10013274
0b000e01 0b00cf01 10025 100 1853 2091768157 47402500 10012835
0b000901 0b00c201 10029 100 17204 2080723780 58453988 10014125
0b000001 0b00cd01 10040 100 8646 2090440028 48755381 10013406
0b000d01 0b00c601 10028 100 67332 2076423414 62776742 10018327
0b000601 0b00cb01 10024 100 9489 2090432444 48800888 10013477
0b000a01 0b00cb01 10030 100 3950 2081570881 57667550 10013011
0b000301 0b00ce01 10029 100 57902 2086061602 53197275 10017534
0b000301 0b00c201 10036 100 43227 2087358157 51901046 10016307
0b000901 0b00c801 10030 100 7785 2091524058 47753597 10013333
0b000001 0b00c001 10040 100 54174 2091906591 47399711 10017225
0b000401 0b00c401 10029 100 8170 2089294198 50033362 10013368
0b000301 0b00c001 10028 100 37875 2086577059 52763557 10015855
0b000e01 0b00c001 10032 100 51026 2083567833 55786342 10016961
0b000b01 0b00ca01 10035 100 12809 2089081295 50275072 10013754
0b000301 0b00c001 10021 100 148806 2067391868 71990611 10025156
0b000301 0b00cb01 10047 100 3474 2091776691 47608934 10012973
0b000601 0b00c201 10039 100 18549 2098638581 40750735 10014236
0b000201 0b00c501 10027 100 12536 2089056135 50334145 10013732
0b000901 0b00c401 10024 100 14424 2081135052 58315616 10013891
0b000c01 0b00cf01 10033 100 82932 2089216394 50275941 10019633
0b000501 0b00c501 10032 100 130650 2087629726 51876123 10023635
0b000f01 0b00c001 10029 100 152189 2079426883 60111198 10025442
0b000b01 0b00cd01 10023 100 44234 2088959192 50611247 10016391
0b000f01 0b00cb01 10036 100 7406 2089531335 50042080 10013303
0b000601 0b00c601 10032 100 7846 2079454949 60123138 10013338
0b000601 0b00c201 10031 100 434 2091836901 47756957 10012718
0b000b01 0b00c701 10030 100 22422 2078824078 60790905 10014562
0b000f01 0b00c501 10022 100 37474 2089645609 50009536 10015823
0b000a01 0b00c801 10036 100 20829 2080305142 59354285 10014426
0b000201 0b00ce01 10035 100 49583 2076785200 62902824 10016838
0b000c01 0b00c901 10040 100 5887 2099579991 40140400 10013174
0b000001 0b00c701 10043 100 75256 2090911317 48815026 10018992
0b000c01 0b00ce01 10033 100 4279 2091970246 47777270 10013041
0b000201 0b00c401 10029 100 38595 2078958760 60848957 10015917
0b000a01 0b00c001 10030 100 25057 2087744500 52063838 10014784
0b000901 0b00c601 10027 100 63484 2088148649 51702536 10018004
0b000001 0b00cf01 10036 100 52727 2083175460 56676183 10017101
0b000d01 0b00c401 10032 100 9478 2099267079 40585263 10013476
0b000b01 0b00c601 10035 100 64746 2094595717 45290808 10018109
0b000301 0b00c201 10041 100 43103 2095623940 44265799 10016297
0b000e01 0b00c701 10029 100 27269 2087010439 52904308 10014969
0b000601 0b00cb01 10021 100 31991 2087236552 52685638 10015362
0b000e01 0b00c301 10034 100 21319 2080423371 59510930 10014470
0b000101 0b00cb01 10030 100 7928 2082011060 57935836 10013344
0b000401 0b00ca01 10033 100 78443 2083406826 56547443 10019258
0b000001 0b00ce01 10043 100 32411 2086199925 53764277 10015399
0b000a01 0b00c801 10033 100 29005 2077942536 62026279 10015115
0b000801 0b00c601 10024 100 46710 2077178119 62815068 10016597
0b000801 0b00cb01 10034 100 65234 2084651754 55358587 10018152
0b000101 0b00c801 10032 100 540 2090911404 49124761 10012727
0b000701 0b00cf01 10026 100 183749 2078419545 61618181 10028086
0b000401 0b00c601 10036 100 74069 2082948857 57096845 10018893
0b000001 0b00c201 10016 100 157484 2064693521 75368865 10025885
0b000101 0b00cb01 10029 100 149487 2080155932 59936785 10025214
0b000b01 0b00ca01 10036 100 40747 2089705557 50395848 10016097
0b000701 0b00c001 10028 100 75645 2085219289 54893810 10019023
0b000701 0b00cc01 10031 100 16293 2089760688 50373493 10014048
0b000d01 0b00cc01 10019 100 51105 2075904111 64231871 10016968
0b000101 0b00c601 10002 100 1823668 2005170547 134977324 10165577
0b000a01 0b00c201 10030 100 6400 2080340144 59811975 10013218
0b000201 0b00c601 10041 100 49380 2094863719 45289338 10016822
0b000101 0b00cf01 10033 100 27809 2088769351 51389800 10015012
0b000101 0b00c101 10036 100 175108 2085866897 54298735 10027364
0b000601 0b00c201 10035 100 46837 2095574619 44598622 10016607
0b000801 0b00c801 10036 100 62580 2085078471 55103921 10017928
0b000501 0b00c401 10028 100 22466 2090037865 50165050 10014565
0b000401 0b00c701 10027 100 1131 2091156321 49077596 10012778
0b000301 0b00ca01 10034 100 78447 2085037740 55198938 10019259
0b000e01 0b00c601 10033 100 50345 2086605606 53679874 10016903
0b000701 0b00c401 10034 100 21032 2081808432 58483236 10014447
0b000f01 0b00cc01 10036 100 25300 2088954499 51348292 10014803
0b000c01 0b00c801 10030 100 27775 2080212911 60111553 10015009
0b000901 0b00cd01 10032 100 34921 2080748079 59591046 10015608
0b000d01 0b00ce01 10026 100 27735 2081065462 59306419 10015006
0b000001 0b00cc01 10023 100 259962 2057522343 82863646 10034475
0b000901 0b00c701 10041 100 30564 2088879711 51516898 10015244
0b000201 0b00cc01 10029 100 51019 2077101358 63304057 10016961
0b000501 0b00c101 10027 100 3551 2082875789 57610659 10012979
0b000c01 0b00c401 10043 100 35355 2096203430 44284720 10015646
0b000b01 0b00cc01 10033 100 46148 2077591261 62924599 10016552
0b000f01 0b00c101 10029 100 34450 2078915744 61602526 10015570
0b000b01 0b00c501 10032 100 62574 2097478850 43040238 10017927
0b000401 0b00ce01 10033 100 40334 2087038640 53527488 10016064
0b000001 0b00c301 10030 100 32806 2086877358 53689919 10015431
0b000101 0b00c201 10013 100 522670 2041071715 99541011 10056501
0b000a01 0b00cb01 10034 100 19134 2089120548 51544495 10014287
0b000c01 0b00cd01 10029 100 68504 2074522088 66169188 10018425
0b000e01 0b00c501 10027 100 72335 2075173023 65526395 10018747
0b000e01 0b00c901 10027 100 51639 2077499383 63200526 10017010
0b000a01 0b00ce01 10030 100 51851 2097466019 43239020 10017027
0b000901 0b00c501 10029 100 18668 2080376859 60341744 10014246
0b000c01 0b00c301 10027 100 47382 2085582512 55144133 10016654
0b000f01 0b00c201 10045 100 156069 2081984687 58749175 10025768
0b000201 0b00c001 10023 100 34715 2088279167 52470547 10015591
0b000001 0b00c801 10013 100 784728 2025461006 115294358 10078472
0b000601 0b00c401 10034 100 170105 2072308635 68488979 10026945
0b000601 0b00ce01 10034 100 29423 2089131607 51672118 10015149
0b000901 0b00c001 10031 100 4773 2093353937 47461531 10013081
0b000a01 0b00ce01 10018 100 341472 2061401840 79442703 10041311
0b000601 0b00c901 10029 100 24501 2080682207 60164610 10014736
0b000901 0b00cc01 10025 100 8486 2093078714 47805582 10013393
0b000101 0b00cf01 10035 100 24723 2089686324 51220028 10014753
0b000501 0b00c301 10028 100 195039 2082996463 57917247 10029035
0b000401 0b00c601 10032 100 13524 2080280802 60686075 10013815
0b000f01 0b00c701 10024 100 33398 2091217943 49769140 10015482
0b000b01 0b00c401 10033 100 39408 2080454972 60536052 10015986
0b000101 0b00c401 10032 100 14283 2092101657 48895382 10013880
0b000201 0b00cf01 10037 100 8580 2092635630 48373573 10013400
0b000c01 0b00c901 10026 100 50544 2078528663 62495085 10016919
0b000701 0b00c801 10030 100 4821 2091813780 49300432 10013084
0b000201 0b00c801 10025 100 41278 2088062292 53064095 10016143
0b000201 0b00c401 10038 100 25135 2098653726 42476179 10014790
0b000b01 0b00c701 10027 100 138816 2073154477 67976168 10024319
0b000401 0b00cb01 10040 100 32716 2088752185 52392243 10015424
0b000b01 0b00c201 10032 100 84796 2085335061 55837784 10019790
0b000001 0b00cd01 10031 100 146341 2073533940 67660610 10024951
0b000901 0b00c601 10029 100 18810 2090580758 50615253 10014257
0b000701 0b00cf01 10030 100 39878 2088821262 52404251 10016023
0b000001 0b00c601 10021 100 502445 2040228182 101000470 10054807
0b000001 0b00cb01 10022 100 79466 2081117300 60156486 10019344
0b000f01 0b00c401 10023 100 451605 2070706976 70570223 10050544
0b000701 0b00ce01 10037 100 8504 2091711608 49574943 10013394
0b000001 0b00cd01 10041 100 9338 2090784610 50514252 10013465
0b000e01 0b00c901 10010 100 709959 2027014982 114323583 10072203
0b000701 0b00c401 10033 100 7762 2081407087 59968909 10013331
0b000f01 0b00c201 10050 100 27001 2089838186 51544993 10014947
0b000b01 0b00c201 10035 100 10637 2091340623 50055960 10013573
0b000a01 0b00c701 10039 100 59425 2078342022 63089629 10017664
0b000a01 0b00cf01 10043 100 172 2094181988 47288143 10012697
0b000301 0b00c301 10035 100 56937 2087967191 53508589 10017453
0b000401 0b00c001 10020 100 48913 2088199797 53287882 10016781
0b000901 0b00c701 10012 100 1223300 2016795360 124739358 10115244
0b000001 0b00cf01 10043 100 40170 2096123448 45431872 10016051
0b000701 0b00c201 10006 100 1100009 2020592055 120975534 10104908
0b000301 0b00cf01 10030 100 56919 2088218283 53354519 10017452
0b000001 0b00c001 10042 100 5773 2093191534 48388955 10013164
0b000601 0b00c301 10041 100 22641 2090679221 50927834 10014579
0b000d01 0b00c001 10030 100 106439 2084888637 56739903 10021606
0b000d01 0b00cc01 10025 100 37371 2091085014 50552060 10015815
0b000801 0b00ce01 10039 100 12572 2093236984 48410539 10013735
0b000b01 0b00c701 10031 100 67412 2078950594 62704709 10018334
0b000201 0b00cc01 10037 100 46085 2098256287 43405008 10016547
0b000101 0b00c801 10033 100 4086 2092019635 49699214 10013026
0b000101 0b00cd01 10030 100 79762 2077729795 64008940 10019368
0b000601 0b00cf01 10029 100 30028 2088892643 52854261 10015201
0b000401 0b00ce01 10036 100 35372 2098893846 42890791 10015648
0b000c01 0b00c901 10032 100 6803 2081658414 60148877 10013251
0b000401 0b00ca01 10035 100 35359 2089094902 52768576 10015646
0b000401 0b00c901 10033 100 36726 2098874592 43003327 10015760
0b000201 0b00c701 10031 100 42803 2088535015 53361483 10016269
0b000901 0b00ce01 10001 100 1898938 2007527945 134419840 10171887
0b000b01 0b00ca01 10034 100 76954 2086759929 55204134 10019132
0b000401 0b00c101 10021 100 535392 2052473476 89504393 10057569
0b000b01 0b00cf01 10025 100 21187 2082857199 59130062 10014459
0b000101 0b00cf01 10036 100 28225 2090370940 51656597 10015049
0b000601 0b00c101 10027 100 1012 2084486604 57546299 10012768
0b000a01 0b00cc01 10030 100 8272 2091582540 50466071 10013376
0b000c01 0b00cf01 10034 100 10528 2093651840 48461782 10013564
0b000f01 0b00c001 10036 100 28928 2092598202 49518976 10015105
0b000a01 0b00cd01 10022 100 9275 2091651053 50501537 10013460
0b000801 0b00cd01 10031 100 41533 2090868567 51335873 10016163
0b000201 0b00c301 10031 100 88032 2077096631 65134010 10020064
0b000c01 0b00ca01 10025 100 22443 2089986969 52246922 10014563
0b000a01 0b00c101 10019 100 179403 2074831334 67416733 10027723
0b000101 0b00c501 10034 100 74572 2086771038 55488150 10018933
0b000f01 0b00c501 10026 100 58752 2097756173 44503323 10017606
0b000401 0b00c401 10031 100 107839 2091304377 50962796 10021721
0b000c01 0b00cb01 10043 100 60774 2094672606 47635335 10017776
0b000c01 0b00c701 10028 100 48873 2086963224 55372760 10016778
0b000201 0b00c301 10020 100 544440 2050643801 91761530 10058328
0b000001 0b00cd01 10043 100 4084 2092724736 49693881 10013025
0b000301 0b00c801 10038 100 29429 2082335087 60090238 10015149
0b000601 0b00cc01 10042 100 20213 2091697497 50743053 10014377
0b000501 0b00c901 10031 100 34661 2090411776 52073721 10015587
0b000b01 0b00cf01 10027 100 19683 2083600142 58898773 10014331
0b000101 0b00c201 10034 100 103988 2096055930 46449329 10021398
0b000701 0b00c801 10031 100 22812 2092438700 50094620 10014593
0b000d01 0b00c601 10020 100 325247 2064996778 77555696 10039951
0b000701 0b00c201 10040 100 520 2093805305 48759858 10012725
0b000701 0b00cd01 10031 100 948 2093780127 48785057 10012759
0b000801 0b00c501 10036 100 23845 2090894631 51703025 10014679
0b000901 0b00cb01 10017 100 705827 2048703564 93917728 10071857
0b000201 0b00c101 10014 100 719375 2034219471 108409836 10072994
0b000601 0b00c701 10032 100 7918 2093712908 48936910 10013344
0b000f01 0b00cf01 10030 100 35966 2080796353 61879052 10015695
0b000801 0b00c801 10035 100 8239 2084552009 58128194 10013373
0b000201 0b00cf01 10039 100 5545 2094574719 48168034 10013146
0b000f01 0b00c801 10031 100 37565 2092482540 50267530 10015831
0b000f01 0b00c501 10025 100 35699 2092743952 50006210 10015674
0b000301 0b00ce01 10033 100 53642 2089570598 53188108 10017178
0b000f01 0b00c001 10031 100 9233 2082749677 60204483 10013457
0b000c01 0b00ca01 10022 100 58831 2079613864 63347113 10017613
0b000301 0b00c901 10037 100 30878 2092141578 50831391 10015269
0b000001 0b00ca01 10032 100 3609 2095079378 47905513 10012984
0b000201 0b00c801 10026 100 66255 2088961068 54037501 10018237
0b000f01 0b00cf01 10016 100 764073 2048830190 94195121 10076743
0b000b01 0b00ce01 10021 100 45173 2089976009 53055103 10016470
0b000201 0b00c701 10029 100 30443 2081265612 61786407 10015234
0b000b01 0b00c301 10026 100 116292 2095240340 47826612 10022432
0b000801 0b00c101 10039 100 15732 2094305604 48766393 10014000
0b000e01 0b00c401 10027 100 21880 2090703639 52381935 10014514
0b000c01 0b00c601 10029 100 53917 2080217736 62867918 10017200
0b000201 0b00cc01 10024 100 242101 2064601484 78500734 10032981
0b000801 0b00c401 10035 100 8379 2092802815 50301691 10013384
0b000b01 0b00ca01 10038 100 8579 2093066768 50045659 10013400
0b000201 0b00ca01 10021 100 136796 2081323251 61800743 10024149
0b000101 0b00c301 10030 100 190278 2078227571 64905982 10028635
0b000b01 0b00ca01 10031 100 242775 2076717646 66449751 10033035
0b000e01 0b00c901 10008 100 760912 2023813395 119419376 10076475
0b000301 0b00cb01 10048 100 1907 2094011027 49236907 10012840
0b000501 0b00ce01 10035 100 5046 2085331168 57918049 10013106
0b000a01 0b00c301 10026 100 70999 2088008870 55307140 10018632
0b000201 0b00ce01 10042 100 2863 2093820936 49521113 10012920
0b000a01 0b00c501 10034 100 36783 2089671994 53694113 10015764
0b000b01 0b00c101 10021 100 75645 2080101135 63319192 10019023
0b000801 0b00c401 10034 100 34609 2092780392 50654631 10015583
0b000b01 0b00c101 10027 100 2272 2085980007 57480478 10012873
0b000a01 0b00cb01 10035 100 3998 2093639908 49846270 10013015
0b000f01 0b00ca01 10038 100 54903 2089745224 53742425 10017283
0b000d01 0b00cf01 10038 100 2261 2083789600 59766618 10012872
0b000a01 0b00c401 10030 100 36312 2089881953 53694661 10015727
0b000301 0b00cb01 10043 100 73808 2079365692 64220837 10018868
0b000701 0b00cf01 10033 100 6796 2094412645 49194800 10013250
0b000501 0b00cd01 10033 100 42845 2080523057 63102462 10016272
0b000d01 0b00c501 10023 100 25375 2084398674 59238338 10014809
0b000601 0b00cf01 10020 100 437102 2047794357 95877197 10049330
0b000d01 0b00cb01 10033 100 34609 2091020771 52678034 10015583
0b000901 0b00c801 10032 100 2409 2094153138 49556067 10012884
0b000d01 0b00c301 10030 100 1958 2094132146 49581563 10012844
0b000d01 0b00c301 10031 100 259 2094208896 49504863 10012704
0b000601 0b00c101 10030 100 21118 2092749346 50999103 10014453
0b000f01 0b00c201 10028 100 750122 2050174247 93579907 10075573
0b000201 0b00c001 10025 100 16837 2092934721 50831841 10014092
0b000a01 0b00c601 10031 100 5679 2093797491 49991844 10013157
0b000801 0b00cc01 10040 100 72481 2097016859 46773312 10018758
0b000701 0b00c501 10027 100 5251 2084110582 59689827 10013123
0b000701 0b00c001 10033 100 21399 2093208810 50597386 10014476
0b000801 0b00cb01 10036 100 8226 2093537829 50268764 10013372
0b000b01 0b00c401 10038 100 44734 2092928687 50903838 10016431
0b000201 0b00cc01 10033 100 48839 2091184761 52652906 10016775
0b000501 0b00cf01 10005 100 960082 2021218343 122668116 10093176
0b000701 0b00c301 10040 100 71023 2089470491 54464833 10018638
0b000a01 0b00cf01 10037 100 192557 2076672955 67313988 10028825
0b000a01 0b00c601 10030 100 74752 2086107736 57916950 10018948
0b000401 0b00c601 10038 100 17768 2093344769 50696699 10014170
0b000601 0b00cc01 10002 100 1122459 2007440696 136647891 10106789
0b000501 0b00c201 10024 100 4351 2094741959 49355081 10013047
0b000601 0b00c301 10042 100 25045 2091869325 52230465 10014783
0b000801 0b00c501 10034 100 75547 2089570852 54534363 10019015
0b000b01 0b00c501 10030 100 27025 2092440407 51675332 10014949
0b000501 0b00c001 10018 100 937888 2026792089 117339110 10091312
0b000001 0b00c301 10033 100 106 2096593470 47546138 10012692
0b000101 0b00cf01 10038 100 421 2095048251 49127458 10012717
0b000a01 0b00c401 10029 100 9034 2085847865 58341330 10013441
0b000801 0b00ca01 10032 100 8342 2093873487 50343727 10013381
0b000601 0b00c001 10029 100 58040 2088014187 56230551 10017549
0b000e01 0b00cd01 10027 100 152623 2076003936 68253726 10025477
0b000f01 0b00c601 10027 100 64147 2082425632 61864316 10018061
0b000801 0b00c401 10019 100 368815 2057685322 86648816 10043602
0b000801 0b00c901 10028 100 10390 2093866799 50468684 10013553
0b000301 0b00ca01 10038 100 18769 2093209505 51137107 10014254
0b000701 0b00c801 10023 100 355769 2071120231 73226473 10042508
0b000101 0b00cd01 10036 100 5252 2096227614 48149764 10013123
0b000401 0b00cb01 10020 100 416156 2059029785 85377693 10047573
0b000c01 0b00c601 10033 100 117432 2091357443 53066303 10022527
0b000a01 0b00c801 10037 100 28933 2084195226 60269614 10015106
0b000001 0b00c701 10044 100 1455 2095227357 49284888 10012804
0b000e01 0b00c801 10035 100 129527 2086537018 57995538 10023541
0b000501 0b00c701 10037 100 27378 2093036983 51511512 10014977
0b000401 0b00c901 10028 100 751 2085349306 59216420 10012743
0b000601 0b00c301 10026 100 403858 2052456394 92110660 10046540
0b000201 0b00c501 10025 100 148971 2082628783 61950694 10025169
0b000c01 0b00cc01 10048 100 122775 2090894025 53685594 10022974
0b000101 0b00c801 10031 100 55651 2090667241 53917835 10017347
0b000701 0b00c201 10039 100 34031 2093387293 51203559 10015536
0b000101 0b00c101 10038 100 6487 2094983166 49613938 10013225
0b000301 0b00ce01 10035 100 7451 2094557715 50041810 10013306
0b000201 0b00c401 10032 100 39822 2083411506 61216906 10016019
0b000601 0b00cb01 10022 100 70265 2087409720 57232939 10018573
0b000001 0b00cc01 10029 100 56363 2079650573 65007034 10017407
0b000d01 0b00ce01 10031 100 5075 2096739286 47922867 10013109
0b000f01 0b00ca01 10031 100 76898 2082001462 62669689 10019127
0b000901 0b00c001 10032 100 7141 2096799412 47880779 10013282
0b000901 0b00c301 10033 100 4211 2096949320 47730896 10013036
0b000f01 0b00c801 10029 100 73831 2089533422 55161262 10018870
0b000c01 0b00c701 10032 100 6965 2096485399 48225955 10013264
0b000c01 0b00c101 10018 100 10529 2084042119 60674124 10013564
0b000a01 0b00ce01 10028 100 27383 2092093525 52685801 10014978
0b000901 0b00cd01 10041 100 40210 2094404753 50381054 10016054
0b000a01 0b00c301 10025 100 5242 2084963038 59829116 10013122
0b000b01 0b00c301 10027 100 1879 2095312283 49484584 10012838
0b000501 0b00c501 10035 100 1894 2096647382 48188177 10012839
0b000f01 0b00c501 10024 100 64936 2092276674 52586734 10018124
0b000201 0b00c001 10021 100 50961 2082744010 62137001 10016952
0b000b01 0b00c401 10034 100 18279 2084167112 60719535 10014215
0b000c01 0b00c501 10006 100 1199050 2013599994 131308771 10113212
0b000601 0b00c601 10035 100 25594 2082592532 62318543 10014827
0b000501 0b00c101 10029 100 36110 2092553856 52359861 10015710
0b000f01 0b00c801 10032 100 14794 2094282616 50640768 10013921
0b000f01 0b00cc01 10028 100 160863 2077099570 67845211 10026167
0b000101 0b00ca01 10029 100 143263 2094848492 50104787 10024694
0b000701 0b00c701 10030 100 15656 2095369679 49608422 10013993
0b000b01 0b00c201 10037 100 68546 2092058194 52940723 10018428
0b000001 0b00c001 10031 100 396636 2054102796 90915065 10045935
0b000c01 0b00c401 10038 100 17689 2083657588 61414390 10014164
0b000301 0b00c301 10038 100 4753 2095505249 49662227 10013079
0b000601 0b00c601 10018 100 505028 2036483538 108725732 10055025
0b000801 0b00cc01 10035 100 57584 2092265083 52967810 10017509
0b000f01 0b00cc01 10030 100 105523 2078794248 66446305 10021528
0b000601 0b00c801 10023 100 48622 2080352081 64901613 10016757
0b000401 0b00cb01 10044 100 20090 2094772653 50488257 10014367
0b000301 0b00cb01 10049 100 19752 2095519481 49790844 10014336
0b000501 0b00c301 10030 100 61849 2090246442 55065103 10017866
0b000301 0b00cf01 10002 100 1271386 2011395465 133925967 10119275
0b000601 0b00c001 10028 100 40068 2082819471 62504050 10016042
0b000701 0b00c201 10033 100 5967 2085800229 59524913 10013180
0b000c01 0b00c301 10025 100 47860 2080785488 64577361 10016693
0b000b01 0b00c201 10033 100 75189 2089813797 55552593 10018986
0b000501 0b00c901 10025 100 186302 2070497045 74880018 10028302
0b000901 0b00c901 10035 100 53527 2091938406 53488536 10017169
0b000e01 0b00cd01 10035 100 73018 2096283167 49150426 10018805
0b000201 0b00c101 10033 100 19552 2095610210 49833228 10014320
0b000f01 0b00ca01 10033 100 6617 2085420409 60031987 10013236
0b000d01 0b00c201 10037 100 71678 2089138779 56337542 10018690
0b000e01 0b00c901 10030 100 51540 2090757851 54802336 10017002
0b000001 0b00cc01 10036 100 64768 2098164388 47408456 10018111
0b000901 0b00ce01 10019 100 46782 2083465820 62124222 10016603
0b000a01 0b00c401 10031 100 44740 2093104988 52517764 10016432
0b000d01 0b00c501 10025 100 876 2096164936 49474136 10012753
0b000901 0b00c501 10028 100 456413 2067279293 78360803 10050947
0b000f01 0b00c301 10025 100 41739 2085384962 60308213 10016180
0b000b01 0b00c101 10024 100 71835 2082659186 63035890 10018703
0b000d01 0b00cd01 10020 100 566899 2054109062 91604041 10060209
0b000f01 0b00ca01 10035 100 251247 2087725127 58001322 10033747
0b000601 0b00c601 10034 100 128361 2081503511 64230813 10023444
0b000401 0b00c301 10035 100 178035 2071671990 74094400 10027610
0b000801 0b00cb01 10033 100 26821 2084027327 61819025 10014929
0b000301 0b00ca01 10036 100 79995 2089748350 56112778 10019386
0b000901 0b00c101 10022 100 7747 2095884937 50003131 10013330
0b000f01 0b00c701 10028 100 31803 2095851280 50054213 10015347
0b000101 0b00c301 10038 100 70233 2092176613 53768725 10018571
0b000001 0b00ca01 10025 100 120643 2081278306 64678444 10022796
0b000801 0b00cc01 10028 100 297353 2070829586 75137834 10037612
0b000001 0b00c001 10043 100 23712 2094705706 51275866 10014669
0b000601 0b00c301 10039 100 65617 2089119634 56872265 10018182
0b000001 0b00c401 10032 100 6479 2095906169 50093063 10013225
0b000b01 0b00ca01 10039 100 15995 2095233739 50801854 10014021
0b000d01 0b00c601 10035 100 24048 2084391902 61655006 10014699
0b000d01 0b00c201 10043 100 30267 2095339854 50727171 10015220
0b000f01 0b00c601 10028 100 21785 2084977117 61089989 10014507
0b000401 0b00c701 10031 100 9914 2096679815 49491713 10013511
0b000601 0b00ca01 10027 100 26260 2085420071 60751945 10014884
0b000e01 0b00c901 10032 100 47722 2091992682 54199793 10016682
0b000301 0b00c401 10031 100 29573 2095329922 50876654 10015161
0b000101 0b00c601 10038 100 2094 2098611624 47630005 10012859
0b000601 0b00c601 10041 100 57057 2090621191 55709024 10017467
0b000e01 0b00cc01 10034 100 35935 2093718667 52618437 10015693
0b000e01 0b00c501 10029 100 143792 2080566627 65774282 10024736
0b000b01 0b00cb01 10024 100 184376 2072633383 73737195 10028140
0b000e01 0b00c501 10032 100 57055 2088885225 57485921 10017467
0b000601 0b00cb01 10025 100 25632 2094330493 52049540 10014830
0b000701 0b00ce01 10032 100 37567 2085943223 60468222 10015831
0b000101 0b00ce01 10032 100 43599 2095272754 51148120 10016336
0b000601 0b00cf01 10028 100 6238 2086585007 59896292 10013205
0b000c01 0b00cb01 10045 100 77825 2098725023 47783143 10019205
0b000601 0b00cc01 10043 100 33250 2093366382 53192968 10015470
0b000c01 0b00c401 10046 100 54 2099340119 47256244 10012688
0b000f01 0b00cb01 10023 100 803823 2048983660 97624162 10080073
0b000501 0b00cb01 10046 100 1711 2097763617 48864551 10012824
0b000201 0b00c201 10037 100 39636 2093028651 53606942 10016004
0b000e01 0b00cd01 10030 100 77675 2086752349 59916348 10019193
0b000301 0b00c601 10034 100 80949 2088955777 57729561 10019466
0b000501 0b00cf01 10029 100 44368 2084857103 61838809 10016402
0b000b01 0b00c501 10027 100 20842 2085830912 60916786 10014428
0b000001 0b00c501 10039 100 108312 2074311719 72436389 10021763
0b000501 0b00c801 10021 100 33724 2085979317 60786606 10015508
0b000901 0b00ce01 10022 100 33337 2094816891 51955702 10015477
0b000a01 0b00c301 10029 100 30665 2095975401 50801218 10015252
0b000801 0b00c001 10024 100 10902 2086519951 60274683 10013594
0b000801 0b00c101 10041 100 3065 2097010118 49815385 10012940
0b000001 0b00c101 10024 100 6615 2088344951 58492642 10013236
0b000501 0b00c501 10029 100 251265 2065678035 81190237 10033748
0b000c01 0b00cc01 10045 100 20484 2087131507 59754689 10014399
0b000901 0b00c501 10040 100 47994 2095981667 50921314 10016703
0b000401 0b00cc01 10024 100 49249 2092772408 54152678 10016811
0b000b01 0b00c401 10036 100 61018 2084800936 62145622 10017799
0b000e01 0b00cd01 10037 100 14194 2097446412 49538598 10013873
0b000501 0b00cd01 10036 100 28432 2095347355 51681022 10015065
0b000b01 0b00c201 10030 100 57378 2082974184 64060477 10017492
0b000c01 0b00c701 10027 100 26930 2086789541 60251404 10014938
0b000d01 0b00c201 10042 100 39924 2095167170 51894364 10016027
0b000401 0b00c201 10038 100 28570 2086270879 60796798 10015076
0b000201 0b00c401 10036 100 27022 2096029654 51043898 10014949
0b000401 0b00c901 10031 100 59204 2091893792 55190291 10017646
0b000501 0b00cb01 10039 100 160513 2091235923 55854890 10026139
0b000801 0b00c801 10033 100 65284 2081764243 65334134 10018156
0b000801 0b00ca01 10033 100 58769 2093878644 53290860 10017608
0b000201 0b00c101 10034 100 27677 2096149880 51021067 10015001
0b000901 0b00c501 10035 100 2583 2089773715 57402203 10012898
0b000501 0b00c901 10027 100 22331 2087326902 59877284 10014554
0b000d01 0b00c301 10034 100 5410 2097135733 50077671 10013135
0b000b01 0b00c501 10020 100 451553 2063234657 84003602 10050539
0b000501 0b00c901 10032 100 26484 2096024004 51229999 10014902
0b000801 0b00cd01 10030 100 38872 2084361455 62896118 10015939
0b000701 0b00ce01 10034 100 5514 2087760328 59522294 10013144
0b000701 0b00c701 10031 100 24928 2096781576 50557679 10014770
0b000b01 0b00c501 10026 100 40506 2084687907 62675039 10016077
0b000201 0b00c001 10024 100 65087 2090983204 56382544 10018140
0b000d01 0b00c801 10032 100 19354 2086157730 61224923 10014305
0b000601 0b00ca01 10032 100 77035 2098113897 49292899 10019142
0b000301 0b00c201 10038 100 9137 2088929149 58511009 10013449
0b000201 0b00c801 10023 100 53799 2085078311 62375233 10017191
0b000d01 0b00cf01 10042 100 51907 2094305483 53153364 10017032
0b000601 0b00c101 10026 100 52672 2083423478 64065341 10017097
0b000301 0b00cf01 10031 100 6150 2097535269 49965710 10013198
0b000401 0b00cc01 10023 100 158248 2081257690 66274159 10025950
0b000901 0b00c701 10016 100 858380 2036483317 111069795 10084648
0b000f01 0b00cf01 10035 100 60534 2094964522 52589624 10017756
0b000101 0b00c201 10024 100 492641 2058167688 89407215 10053984
0b000a01 0b00c401 10032 100 28289 2094834515 52745427 10015054
0b000301 0b00c201 10042 100 22988 2095853362 51750605 10014607
0b000d01 0b00c801 10033 100 16180 2088933679 58744556 10014039
0b000701 0b00c101 10030 100 109 2098999672 48699330 10012692
0b000001 0b00c801 10044 100 26842 2084826014 62881160 10014931
0b000201 0b00c601 10019 100 655637 2034330401 113408824 10067650
0b000101 0b00cc01 10038 100 8011 2088018416 59723488 10013355
0b000501 0b00cf01 10033 100 9166 2098485526 49263214 10013451
0b000801 0b00c001 10030 100 4300 2097848969 49965484 10013043
0b000801 0b00c901 10025 100 122032 2079668242 68169262 10022914
0b000901 0b00c301 10034 100 45116 2097147050 50692033 10016465
0b000d01 0b00c701 10033 100 15930 2098579983 49271858 10014015
0b000601 0b00c501 10041 100 25219 2096207500 51651777 10014797
0b000701 0b00c701 10020 100 622202 2056775240 91085966 10064848
0b000a01 0b00cb01 10033 100 19223 2088310887 59573311 10014294
0b000701 0b00cd01 10003 100 1588343 2009607706 138283627 10145849
0b000701 0b00ce01 10038 100 67222 2093310730 54619519 10018318
0b000701 0b00c501 10030 100 171769 2093481118 54464842 10027082
0b000501 0b00cb01 10043 100 36549 2095758254 52195617 10015746
0b000001 0b00ca01 10034 100 64933 2098485827 49540900 10018124
0b000401 0b00cc01 10025 100 132706 2094046767 53993602 10023807
0b000901 0b00c501 10038 100 62707 2093954919 54095936 10017938
0b000b01 0b00c801 10030 100 166582 2077744231 70307790 10026647
0b000501 0b00c401 10015 100 252658 2075038371 73021748 10033864
0b000101 0b00ce01 10030 100 72510 2094175003 53888400 10018761
0b000301 0b00c901 10019 100 513060 2055589608 92480113 10055698
0b000501 0b00c101 10031 100 1673 2099788735 48285221 10012821
0b000601 0b00ce01 10030 100 42095 2085172193 62913923 10016212
0b000901 0b00c801 10026 100 240199 2083771550 64335218 10032821
0b000b01 0b00c301 10021 100 7771 2090282361 57825270 10013332
0b000701 0b00c101 10027 100 88903 2083750154 64396593 10020134
0b000301 0b00ce01 10034 100 9243 2089653592 58526794 10013457
0b000b01 0b00c101 10014 100 589745 2056068212 92216312 10062125
0b000c01 0b00c901 10036 100 94586 2086721778 61572916 10020611
0b000b01 0b00c401 10029 100 389052 2059975792 88344284 10045301
0b000201 0b00cf01 10035 100 18878 2087513318 60882320 10014263
0b000301 0b00c601 10032 100 11397 2088135401 60322684 10013637
0b000b01 0b00c401 10040 100 27477 2098606976 49873751 10014985
0b000001 0b00cc01 10033 100 70076 2088916575 59582696 10018558
0b000601 0b00cb01 10023 100 21597 2088226214 60275397 10014492
0b000001 0b00cd01 10037 100 35823 2084194495 64324742 10015684
0b000801 0b00c001 10025 100 22013 2087114586 61429960 10014529
0b000e01 0b00cb01 10031 100 9805 2099759437 48800002 10013502
0b000c01 0b00cc01 10035 100 390127 2061773420 86801474 10045391
0b000301 0b00ce01 10032 100 6422 2088757161 59819193 10013220
0b000b01 0b00cf01 10028 100 300533 2084577660 64021574 10037878
0b000401 0b00ca01 10029 100 177575 2080016993 68633088 10027569
0b000c01 0b00c801 10022 100 429061 2053777242 94881335 10048656
0b000201 0b00cf01 10040 100 37286 2094918407 53746071 10015808
0b000801 0b00c001 10026 100 116563 2087775295 60912731 10022454
0b000a01 0b00c101 10022 100 28582 2086387980 62364425 10015077
0b000201 0b00c201 10034 100 186696 2089710468 59056290 10028333
0b000e01 0b00c601 10034 100 11039 2089959320 58808709 10013609
0b000b01 0b00c301 10025 100 76460 2094524342 54250136 10019092
0b000301 0b00c101 10003 100 1644724 2003535851 145242647 10150574
0b000401 0b00cf01 10032 100 11601 2098773067 50014828 10013654
0b000a01 0b00c401 10033 100 5235 2098623170 50170523 10013121
0b000401 0b00c401 10034 100 46330 2095048085 53766014 10016566
0b000401 0b00c701 10030 100 45687 2095122597 53691630 10016511
0b000a01 0b00c001 10033 100 20368 2096989543 51831465 10014390
0b000a01 0b00c201 10033 100 42410 2086835559 62002552 10016237
0b000c01 0b00c401 10034 100 188910 2071878807 76986887 10028518
0b000c01 0b00c301 10023 100 166760 2072322488 76563539 10026662
0b000901 0b00c801 10033 100 3184 2099195495 49697412 10012950
0b000701 0b00c901 10028 100 5776 2099710041 49193377 10013165
0b000101 0b00cb01 10037 100 14379 2098212746 50713948 10013887
0b000701 0b00c201 10045 100 21239 2098697766 50253917 10014463
0b000a01 0b00c601 10026 100 296660 2071386584 77586127 10037553
0b000c01 0b00c801 10032 100 42024 2084750909 64277454 10016207
0b000a01 0b00c101 10023 100 27608 2096420563 52618205 10014996
0b000701 0b00c201 10030 100 230997 2081731711 67332771 10032046
0b000501 0b00c801 10027 100 34389 2096628240 52442292 10015565
0b000701 0b00c301 10041 100 3862 2090914972 58165600 10013004
0b000d01 0b00c401 10034 100 222 2099585010 49523162 10012701
0b000a01 0b00ce01 10027 100 75589 2090796706 58335132 10019018
0b000601 0b00cd01 10041 100 4628 2099843906 49292855 10013069
0b000d01 0b00c901 10036 100 702 2091884571 57265253 10012740
0b000f01 0b00c701 10031 100 37424 2098472183 50706766 10015819
0b000501 0b00ce01 10039 100 8791 2099773674 49437766 10013417
0b000701 0b00ce01 10042 100 25145 2098155310 51089814 10014791
0b000601 0b00c701 10030 100 15403 2089576493 59683350 10013973
0b000c01 0b00c901 10028 100 166554 2079696881 69569908 10026645
0b000401 0b00c101 10007 100 914862 2023050242 126223902 10089382
0b000b01 0b00ce01 10027 100 17897 2098193675 51091212 10014180
0b000401 0b00ce01 10037 100 15749 2099190189 50121884 10014001
0b000401 0b00c101 10043 100 62554 2093329386 55990323 10017926
0b000101 0b00ca01 10031 100 17580 2098482284 50837739 10014155
0b000901 0b00c801 10029 100 18270 2088620816 60725314 10014214
0b000e01 0b00cc01 10015 100 549102 2035737174 113615856 10058720
0b000501 0b00ce01 10038 100 5556 2089967391 59428219 10013147
0b000e01 0b00c901 10029 100 44547 2086640388 62770002 10016416
0b000901 0b00cd01 10043 100 41136 2099019720 50467376 10016132
0b000701 0b00c201 10034 100 29741 2088053219 61459435 10015174
0b000101 0b00c001 10025 100 164767 2087707149 61816614 10026494
0b000701 0b00cf01 10028 100 78767 2085440224 64092639 10019284
0b000f01 0b00c601 10033 100 40134 2096651146 52899772 10016048
0b000401 0b00ca01 10031 100 79768 2081779534 67805962 10019368
0b000001 0b00c401 10029 100 26536 2086647050 62989334 10014906
0b000f01 0b00c301 10023 100 357822 2074795164 74871114 10042680
0b000a01 0b00cc01 10027 100 61102 2083792874 65876810 10017806
0b000401 0b00c401 10035 100 13608 2099775737 49913899 10013822
0b000c01 0b00cd01 10036 100 76052 2092156796 57625571 10019059
0b000501 0b00c901 10011 100 911509 2024296405 125486630 10089102
0b000301 0b00c101 10041 100 89864 2092427895 57386688 10020214
0b000e01 0b00c201 10039 100 70815 2091907904 57972947 10018617
0b000101 0b00c801 10036 100 39404 2098960463 50923468 10015985
0b000b01 0b00c701 10040 100 8453 2099617650 50280945 10013390
0b000d01 0b00c201 10038 100 9116 2089608655 60319294 10013447
0b000e01 0b00c801 10034 100 57765 2085519911 64446272 10017523
0b000701 0b00c301 10039 100 47743 2088012930 61956166 10016683
0b000c01 0b00cd01 10009 100 1273276 2013951254 136047551 10119434
0b000801 0b00c401 10033 100 101673 2090199034 59817166 10021205
0b000001 0b00c101 10025 100 23997 2089128408 60900986 10014691
0b000a01 0b00c301 10031 100 37157 2098358236 51688891 10015798
0b000201 0b00c901 10025 100 469479 2060600656 89456422 10052043
0b000401 0b00c401 10028 100 43700 2087278024 62798449 10016344
0b000101 0b00c701 10030 100 4334 2090531715 59551208 10013045
0b000801 0b00c601 10030 100 24679 2090462014 59626946 10014750
0b000801 0b00c401 10036 100 23216 2098175241 51951481 10014629
0b000401 0b00cd01 10030 100 41235 2096810964 53318011 10016140
0b000601 0b00cd01 10037 100 171919 2080011971 70139482 10027094
0b000b01 0b00c401 10037 100 36267 2090066257 60112661 10015723
0b000b01 0b00c301 10022 100 25930 2090883180 59295979 10014854
0b000001 0b00c601 10050 100 22691 2097499840 52688587 10014583
0b000801 0b00cc01 10002 100 1999005 2004222760 145973811 10180280
0b000801 0b00c301 10036 100 23727 2098272628 51955138 10014670
0b000801 0b00c801 10038 100 69223 2095706059 54530688 10018486
0b000801 0b00cc01 10041 100 37048 2099121240 51150013 10015789
0b000c01 0b00c701 10029 100 35925 2088621326 61745901 10015692
0b000401 0b00c701 10028 100 63613 2094246448 56178583 10018014
0b000b01 0b00cb01 10029 100 82251 2086844939 63594354 10019578
0b000b01 0b00c201 10039 100 41182 2099387990 51081218 10016135
0b000201 0b00cf01 10042 100 27219 2097758441 52716827 10014965
0b000f01 0b00c701 10029 100 59579 2096003370 54623514 10017676
0b000301 0b00c501 10035 100 63077 2095835504 54806281 10017971
0b000d01 0b00cf01 10045 100 43962 2096041360 54630742 10016365
0b000901 0b00c701 10044 100 67230 2098313554 52485800 10018319
0b000401 0b00c801 10034 100 37462 2087665755 63146157 10015822
0b000701 0b00c401 10038 100 74697 2095341191 55488828 10018943
0b000901 0b00cc01 10010 100 819953 2030688027 120150075 10081425
0b000201 0b00ce01 10039 100 126313 2089105324 61753913 10023272
0b000b01 0b00c601 10033 100 181303 2088219383 62645002 10027883
0b000d01 0b00c401 10029 100 22658 2089413140 61468427 10014580
0b000a01 0b00c001 10032 100 57682 2094670069 56238797 10017517
0b000d01 0b00c501 10014 100 666266 2046768188 104173744 10068542
0b000201 0b00c501 10029 100 7735 2092597314 58411825 10013329
0b000a01 0b00cd01 10020 100 164279 2085273996 65736396 10026455
0b000001 0b00c201 10024 100 52405 2084412904 66603189 10017075
0b000901 0b00c601 10033 100 169409 2099639729 51433964 10026885
0b000401 0b00c601 10016 100 649545 2039302406 111795240 10067139
0b000001 0b00cd01 10032 100 189688 2075779201 75388417 10028584
0b000001 0b00c801 10048 100 9273 2092285593 58948107 10013460
0b000d01 0b00c801 10035 100 57588 2094965972 56273491 10017509
0b000501 0b00cd01 10037 100 49779 2096930841 54332034 10016854
0b000501 0b00c201 10022 100 9518 2091494375 59792241 10013479
0b000f01 0b00cd01 10031 100 56052 2096851024 54462544 10017383
0b000a01 0b00cc01 10029 100 26775 2090926663 60393173 10014925
0b000c01 0b00c401 10042 100 57048 2093999587 57361079 10017466
0b000001 0b00c401 10033 100 21484 2098735142 52707868 10014483
0b000e01 0b00c601 10038 100 15779 2099609902 51856669 10014003
0b000101 0b00cd01 10025 100 505047 2062196874 89338779 10055026
0b000d01 0b00c801 10023 100 334183 2070771126 80806242 10040701
0b000e01 0b00c401 10032 100 26180 2098115334 53477313 10014878
0b000501 0b00c001 10036 100 28114 2090990348 60627414 10015040
0b000401 0b00cb01 10045 100 49074 2097432861 54191774 10016797
0b000501 0b00cf01 10021 100 501051 2057258025 94390838 10054691
0b000101 0b00c801 10035 100 55349 2097294763 54389929 10017322
0b000301 0b00c601 10037 100 23100 2099619704 52071103 10014620
0b000801 0b00cc01 10033 100 178535 2084789536 66945448 10027650
0b000001 0b00c301 10029 100 77594 2081609951 70138401 10019187
0b000301 0b00c601 10036 100 29378 2099051779 52709198 10015145
0b000e01 0b00c501 10033 100 5876 2091497974 60285796 10013173
0b000c01 0b00c101 10022 100 31409 2098137536 53650818 10015315
0b000e01 0b00c601 10032 100 68284 2083831850 68063452 10018407
0b000e01 0b00cf01 10022 100 54190 2085550548 66346216 10017226
0b000801 0b00c901 10027 100 31873 2091553424 60344113 10015352
0b000301 0b00ca01 10041 100 36716 2098315947 53582363 10015759
0b000701 0b00c201 10044 100 50673 2098309249 53598797 10016929
0b000301 0b00c001 10032 100 34904 2090823040 61105174 10015606
0b000301 0b00c701 10031 100 45293 2099240394 52775351 10016480
0b000301 0b00cf01 10032 100 56225 2098247288 53893634 10017396
0b000101 0b00cf01 10037 100 290 2094653622 57515056 10012707
0b000e01 0b00cd01 10036 100 53329 2096501695 55700839 10017153
0b000c01 0b00c901 10039 100 40969 2097264881 54982207 10016114
0b000601 0b00c801 10019 100 446369 2060717668 91568601 10050106
0b000301 0b00cc01 10017 100 471646 2059625437 92666960 10052224
0b000301 0b00cb01 10046 100 15812 2091514778 60791690 10014006
0b000501 0b00cc01 10040 100 27538 2090858137 61464585 10014990
0b000601 0b00cc01 10036 100 131760 2078078788 74315101 10023727
0b000801 0b00c401 10026 100 258494 2071060643 81346973 10034354
0b000a01 0b00c601 10032 100 76826 2094252308 58179253 10019121
0b000001 0b00ca01 10030 100 32922 2090258566 62256113 10015440
0b000b01 0b00c901 10037 100 69413 2089760136 62773980 10018501
0b000601 0b00c601 10036 100 79891 2084612426 68012777 10019378
0b000301 0b00cd01 10032 100 47259 2089997540 62649228 10016645
0b000101 0b00cc01 10041 100 49021 2098969241 53704889 10016793
0b000301 0b00c801 10043 100 10300 2093849945 58833741 10013546
0b000401 0b00ce01 10035 100 57665 2097039097 55677918 10017515
0b000a01 0b00c201 10038 100 52863 2099383609 53339266 10017112
0b000301 0b00c601 10005 100 942782 2023563892 129264859 10091723
0b000301 0b00c901 10038 100 4105 2093124965 59705271 10013027
0b000f01 0b00c101 10037 100 66116 2099808427 53036793 10018226
0b000801 0b00c301 10034 100 3793 2095250990 57597072 10012998
0b000801 0b00c601 10006 100 985071 2024286254 128594781 10095271
0b000a01 0b00ce01 10029 100 9731 2092361272 60576905 10013496
0b000a01 0b00cd01 10007 100 850239 2029142769 123802522 10083966
0b000c01 0b00cb01 10044 100 2443 2095378435 57570064 10012886
0b000801 0b00cf01 10004 100 1402651 2010765059 142240521 10130279
0b000a01 0b00c301 10028 100 29714 2092161524 60849958 10015172
0b000f01 0b00c101 10036 100 77719 2099010063 54010608 10019197
0b000a01 0b00c201 10036 100 22144 2093183187 59849801 10014539
0b000801 0b00ce01 10038 100 143532 2091171345 61929915 10024715
0b000901 0b00cb01 10036 100 31218 2093676261 59456526 10015300
0b000801 0b00c201 10033 100 6834 2095286415 57847514 10013253
0b000401 0b00c701 10033 100 46640 2099244435 53936647 10016591
0b000001 0b00cc01 10018 100 581732 2041297931 112012604 10061453
0b000501 0b00c501 10033 100 61664 2088878014 64437763 10017851
0b000001 0b00c601 10045 100 16486 2091869846 61469065 10014064
0b000201 0b00c901 10035 100 79495 2096133666 57229699 10019346
0b000801 0b00cd01 10032 100 29781 2091046593 62317830 10015177
0b000901 0b00c801 10031 100 39430 2093378198 60116748 10015988
0b000b01 0b00c801 10035 100 838 2096368796 57210037 10012750
0b000c01 0b00ca01 10023 100 52486 2087527741 66071099 10017082
0b000501 0b00c901 10033 100 77022 2096880194 56795012 10019141
0b000601 0b00c701 10028 100 144024 2086189780 67509946 10024758
0b000a01 0b00ca01 10001 100 1387985 2010215674 143484409 10129048
0b000301 0b00c501 10034 100 6426 2095418534 58286138 10013220
0b000e01 0b00c901 10028 100 163575 2082020759 71752876 10026395
0b000001 0b00c101 10026 100 8360 2093481779 60304931 10013383
0b000501 0b00c701 10039 100 68056 2097542923 56303967 10018389
0b000d01 0b00c201 10027 100 368385 2069498542 84358919 10043567
0b000801 0b00cb01 10031 100 300326 2077813901 76057578 10037861
0b000d01 0b00cb01 10036 100 3775 2096105533 57768103 10012997
0b000f01 0b00c201 10004 100 1841818 2008895984 145000696 10167098
0b000801 0b00ce01 10041 100 5545 2096007707 57909305 10013146
0b000801 0b00c301 10033 100 29425 2093767265 60196708 10015149
0b000501 0b00cc01 10038 100 103021 2085822550 68147603 10021321
0b000b01 0b00ce01 10028 100 55336 2099969440 54086839 10017321
0b000b01 0b00ca01 10037 100 159340 2091122062 63006501 10026041
0b000301 0b00c501 10033 100 286150 2084153655 69991280 10036674
0b000e01 0b00c501 10038 100 35985 2099275058 54885398 10015697
0b000c01 0b00cc01 10044 100 60487 2087074750 67098839 10017753
0b000f01 0b00c201 10052 100 19239 2093139299 61046720 10014295
0b000601 0b00c901 10035 100 61943 2097507530 56724385 10017873
0b000201 0b00c501 10026 100 63382 2088743657 65584855 10017996
0b000701 0b00c501 10031 100 79371 2098489245 55850789 10019336
0b000201 0b00cc01 10035 100 11178 2093825112 60515518 10013620
0b000901 0b00c601 10031 100 142379 2096164813 58204144 10024619
0b000201 0b00c501 10034 100 59422 2099487165 54893467 10017664
0b000501 0b00c601 10016 100 480794 2053607261 100856032 10052990
0b000c01 0b00c401 10045 100 67998 2098145644 56443841 10018380
0b000d01 0b00c401 10031 100 77845 2095817976 58786788 10019207
0b000c01 0b00c501 10041 100 54970 2088089897 66578375 10017288
0b000f01 0b00cd01 10018 100 701646 2060607271 94119621 10071507
0b000601 0b00cc01 10037 100 207403 2079718347 75057596 10030070
0b000601 0b00c801 10029 100 55238 2098511981 56279599 10017314
0b000901 0b00cb01 10008 100 880476 2028750404 126075454 10086501
0b000601 0b00c201 10034 100 14064 2094259851 60647119 10013862
0b000701 0b00c101 10029 100 79099 2089559396 65456446 10019315
0b000601 0b00c101 10031 100 79061 2096101712 58964968 10019312
0b000201 0b00c301 10036 100 60854 2099949948 55124061 10017782
0b000201 0b00c401 10035 100 75631 2088375629 66789608 10019022
0b000101 0b00c501 10037 100 106334 2098490334 56687737 10021597
0b000501 0b00cb01 10044 100 5395 2095945277 59285716 10013134
0b000a01 0b00c401 10034 100 67411 2098702725 56659328 10018334
0b000b01 0b00cf01 10031 100 25528 2093791851 61588144 10014822
0b000c01 0b00cf01 10003 100 1516806 2009189091 146253026 10139849
0b000f01 0b00c901 10033 100 78329 2099579955 55904490 10019249
0b000801 0b00c901 10030 100 5309 2095416353 60084372 10013127
0b000d01 0b00cd01 10032 100 102839 2095659638 59909680 10021302
0b000201 0b00c201 10035 100 151470 2090390762 65184494 10025381
0b000d01 0b00ca01 10033 100 39471 2094033807 61567791 10015991
0b000401 0b00cc01 10000 100 1660385 2003949212 151727176 10151889
0b000a01 0b00cf01 10042 100 36659 2092010050 63685590 10015754
0b000a01 0b00c501 10035 100 70068 2090264989 65458999 10018558
0b000d01 0b00c601 10037 100 57586 2099314582 56443293 10017509
0b000401 0b00cf01 10028 100 8560 2096113785 59676172 10013399
0b000c01 0b00c601 10032 100 67965 2087835849 68008178 10018378
0b000701 0b00c201 10042 100 1799 2097092037 58799295 10012831
0b000c01 0b00c601 10035 100 903 2098543391 57439968 10012756
0b000b01 0b00cd01 10024 100 65022 2091177489 64832668 10018135
0b000e01 0b00cd01 10033 100 29531 2092384623 63630715 10015157
0b000f01 0b00c701 10022 100 280613 2076760018 79364514 10036208
0b000801 0b00c401 10003 100 1304980 2013442806 142731195 10122089
0b000401 0b00c701 10029 100 107704 2094399864 61827448 10021711
0b000901 0b00ce01 10024 100 2516 2098686108 57546709 10012892
0b000301 0b00cb01 10018 100 875810 2028798005 127468459 10086108
0b000901 0b00cd01 10012 100 993107 2032245216 124030275 10095945
0b000b01 0b00cf01 10030 100 65428 2093369156 62985893 10018167
0b000201 0b00c101 10032 100 16463 2095246658 61115131 10014062
0b000401 0b00ce01 10032 100 105628 2086196080 70173238 10021537
0b000001 0b00ce01 10046 100 100231 2091675078 64697496 10021086
0b000601 0b00cd01 10018 100 540602 2040573918 115802019 10058005
0b000c01 0b00c001 10026 100 85723 2087982987 68487246 10019868
0b000c01 0b00ce01 10034 100 50905 2092337254 64133707 10016948
0b000f01 0b00cd01 10030 100 69039 2093344885 63173532 10018471
0b000201 0b00c101 10031 100 42951 2094070401 62481166 10016281
0b000001 0b00c801 10050 100 27492 2093203538 63390447 10014986
0b000601 0b00c001 10031 100 11107 2096502882 60167524 10013614
0b000501 0b00cd01 10034 100 280067 2080702909 75988092 10036164
0b000601 0b00ce01 10035 100 59438 2090614378 66093863 10017665
0b000b01 0b00c001 10034 100 67657 2091501637 65220948 10018353
0b000401 0b00c301 10040 100 67765 2090256398 66482844 10018362
0b000b01 0b00cb01 10030 100 26164 2094980136 61817308 10014876
0b000701 0b00c201 10041 100 28231 2095435517 61362124 10015049
0b000d01 0b00c401 10033 100 66924 2099350473 57467155 10018291
0b000e01 0b00cc01 10032 100 53497 2089842178 67101445 10017167
0b000401 0b00cd01 10028 100 24465 2095810548 61214077 10014733
0b000b01 0b00ce01 10009 100 779635 2037274071 119813750 10078046
0b000d01 0b00cb01 10035 100 129823 2094162897 62965603 10023565
0b000e01 0b00c801 10029 100 266231 2073949048 83203629 10035003
0b000901 0b00c301 10031 100 41984 2094630918 62538089 10016200
0b000b01 0b00c901 10041 100 3178 2097442758 59750202 10012949
0b000201 0b00c801 10030 100 73214 2098651154 58634790 10018821
0b000301 0b00c601 10033 100 273837 2088678235 68690922 10035639
0b000501 0b00c001 10038 100 33051 2095456951 61998439 10015454
0b000f01 0b00c301 10031 100 164464 2096156574 61321523 10026470
0b000101 0b00ca01 10008 100 916038 2021332047 136179925 10089484
0b000b01 0b00c401 10041 100 5288 2099751668 57771196 10013126
0b000501 0b00ce01 10025 100 527205 2057579215 99979774 10056883
0b000a01 0b00c101 10024 100 26893 2097267470 60293682 10014935
0b000001 0b00c501 10047 100 100661 2092874740 64718203 10021120
0b000701 0b00c001 10012 100 1121954 2029197085 128468732 10106744
0b000801 0b00cc01 10038 100 35312 2094551570 63136138 10015643
0b000501 0b00c501 10009 100 720527 2038428441 119357121 10073090
0b000601 0b00c701 10002 100 1634868 2003669225 154152321 10149747
0b000001 0b00c901 10035 100 382980 2062500385 95323522 10044789
0b000201 0b00c601 10040 100 51525 2094190267 63648323 10017001
0b000501 0b00c101 10030 100 37795 2095487290 62386759 10015849
0b000001 0b00ca01 10035 100 70985 2099817196 58089646 10018631
0b000401 0b00cb01 10042 100 72420 2091062356 66897255 10018753
0b000501 0b00c601 10034 100 28813 2096163992 61846849 10015096
0b000e01 0b00ce01 10035 100 94571 2094155825 63863391 10020610
0b000601 0b00c301 10045 100 721 2099489769 58633483 10012741
0b000501 0b00c601 10032 100 133137 2094812167 63344528 10023845
0b000e01 0b00c701 10027 100 167825 2077319671 80840158 10026751
0b000c01 0b00cc01 10050 100 6927 2099834372 58333976 10013261
0b000701 0b00c201 10043 100 20439 2097925738 60251260 10014395
0b000701 0b00c801 10033 100 9859 2098971092 59206287 10013507
0b000b01 0b00c001 10035 100 31482 2096037126 62309419 10015321
0b000001 0b00ca01 10031 100 46005 2092207430 66179145 10016540
0b000901 0b00cf01 10035 100 3715 2098745092 59651958 10012992
0b000001 0b00cc01 10015 100 820214 2032844620 125574713 10081449
0b000701 0b00c801 10022 100 497512 2070558716 87896717 10054393
0b000501 0b00c801 10023 100 76533 2092168082 66322191 10019098
0b000e01 0b00c201 10042 100 25801 2097245792 61307746 10014843
0b000a01 0b00c301 10021 100 410618 2069585922 88969907 10047107
0b000b01 0b00c901 10038 100 63274 2095381103 63186827 10017987
0b000f01 0b00cc01 10008 100 1598156 2016909641 141755899 10146672
0b000a01 0b00c901 10031 100 229239 2097986682 60680315 10031902
0b000801 0b00c701 10041 100 75216 2093711380 64977147 10018989
0b000e01 0b00ce01 10038 100 1261 2099007127 59746815 10012788
0b000701 0b00c601 10029 100 536266 2068799384 90055478 10057643
0b000201 0b00c201 10033 100 112189 2087663225 71279809 10022089
0b000601 0b00c101 10029 100 78058 2090130793 68816235 10019228
0b000001 0b00c001 10034 100 284427 2071060237 88004192 10036528
0b000501 0b00cc01 10042 100 22557 2098427915 60662117 10014572
0b000e01 0b00c301 10041 100 98109 2096377292 62735722 10020908
0b000a01 0b00c001 10018 100 654115 2054004010 105131289 10067524
0b000b01 0b00c501 10031 100 173463 2095008550 64159228 10027225
0b000701 0b00cd01 10032 100 31215 2097525783 61719027 10015300
0b000e01 0b00c501 10036 100 35011 2094536316 64748099 10015619
0b000f01 0b00c501 10016 100 727605 2061237322 98047939 10073683
0b000b01 0b00c601 10037 100 35683 2098645383 60706957 10015672
0b000501 0b00ca01 10031 100 31970 2097234976 62149810 10015360
0b000901 0b00c601 10032 100 59612 2097606834 61792342 10017679
0b000001 0b00c701 10009 100 1100455 2014570930 144923479 10104944
0b000d01 0b00c201 10041 100 62801 2094703357 64795019 10017946
0b000d01 0b00c101 10029 100 26226 2098730924 60767874 10014881
0b000c01 0b00c501 10047 100 30574 2097833404 61699475 10015244
0b000001 0b00c601 10051 100 155767 2098060826 61501239 10025740
0b000d01 0b00ce01 10019 100 531311 2060659783 98923483 10057227
0b000f01 0b00ce01 10030 100 36467 2097048178 62729431 10015739
0b000301 0b00c801 10044 100 24641 2099527471 60288329 10014747
0b000801 0b00c601 10031 100 27245 2097438497 62424196 10014967
0b000c01 0b00cc01 10002 100 1809714 2005988342 153921341 10164407
0b000401 0b00c801 10009 100 722126 2034684143 125350947 10073226
0b000f01 0b00ca01 10041 100 74505 2096214337 63865523 10018928
0b000b01 0b00c701 10041 100 8209 2099866249 60267022 10013371
0b000301 0b00c001 10029 100 241660 2087161943 73130307 10032942
0b000201 0b00ca01 10011 100 664144 2043397978 116905174 10068365
0b000401 0b00c101 10042 100 77148 2092809987 67534007 10019151
0b000b01 0b00c901 10040 100 44268 2096701797 63676141 10016394
0b000001 0b00c401 10031 100 58187 2094178313 66474172 10017561
0b000001 0b00c001 10037 100 138388 2081373386 79387459 10024284
0b000a01 0b00cb01 10032 100 333354 2087451195 73311057 10040630
0b000601 0b00c301 10043 100 68994 2093391766 67497401 10018464
0b000901 0b00cd01 10021 100 688821 2059473354 101432724 10070431
0b000d01 0b00cf01 10048 100 33100 2097292191 63614654 10015458
0b000201 0b00c701 10036 100 184259 2098619783 62293997 10028131
0b000001 0b00c001 10041 100 74084 2092379937 68647465 10018894
0b000501 0b00cb01 10041 100 75498 2094242347 66823717 10019011
0b000e01 0b00ce01 10034 100 77928 2090212880 70870253 10019213
0b000101 0b00c501 10005 100 1930088 2005977543 155144986 10174502
0b000c01 0b00c401 10025 100 589003 2048705417 112527167 10062065
0b000f01 0b00ce01 10008 100 1328583 2026458633 134788462 10124070
0b000601 0b00c801 10027 100 153979 2092574146 68748921 10025589
0b000401 0b00c901 10032 100 126995 2098236083 63087003 10023327
0b000f01 0b00c601 10032 100 162080 2090443534 70952643 10026272
0b000401 0b00cf01 10029 100 129493 2096992826 64459749 10023538
0b000a01 0b00c201 10034 100 248713 2087267493 74314098 10033533
0b000501 0b00c601 10023 100 535753 2067902248 93682262 10057598
0b000401 0b00c301 10043 100 29446 2099771398 61825867 10015150
0b000101 0b00cb01 10038 100 55448 2099138958 62469683 10017330
0b000a01 0b00c901 10030 100 75494 2093582848 68133131 10019011
0b000601 0b00c701 10023 100 396312 2065297724 96513921 10045909
0b000301 0b00cc01 10011 100 625227 2049972078 111852927 10065102
0b000c01 0b00ce01 10030 100 233269 2083188892 78653022 10032240
0b000c01 0b00c401 10040 100 155484 2092213141 69640350 10025717
0b000801 0b00ca01 10029 100 593186 2063823141 98043969 10062415
0b000e01 0b00c401 10033 100 21577 2099195540 62718621 10014490
0b000201 0b00cb01 10012 100 664326 2046354356 115585563 10068379
0b000e01 0b00ca01 10044 100 49785 2096520536 65448212 10016854
0b000301 0b00c201 10039 100 197618 2090874293 71095700 10029249
0b000c01 0b00cb01 10046 100 27111 2098945705 63086724 10014956
0b000a01 0b00c201 10037 100 176110 2096037748 66042494 10027448
0b000701 0b00c301 10038 100 337061 2083900129 78210274 10040942
0b000601 0b00ca01 10029 100 174604 2090417898 71700520 10027320
0b000a01 0b00cd01 10024 100 44145 2097731507 64612568 10016384
0b000e01 0b00c401 10002 100 1016074 2011049477 151332210 10097871
0b000a01 0b00cf01 10044 100 46570 2097683405 64748340 10016586
0b000701 0b00c501 10013 100 634056 2058894524 103668055 10065842
0b000f01 0b00c901 10032 100 195350 2097387954 65242869 10029060
0b000001 0b00cb01 10010 100 865667 2030552313 132086408 10085258
0b000b01 0b00c301 10024 100 129577 2093838716 68872008 10023545
0b000401 0b00cb01 10003 100 1187204 2013932559 148846412 10112218
0b000901 0b00c701 10039 100 380954 2087429736 75379014 10044619
0b000301 0b00cf01 10033 100 157622 2098931378 63971514 10025896
0b000901 0b00c701 10045 100 50208 2099719476 63193369 10016892
0b000a01 0b00cd01 10003 100 1152801 2019621979 143316317 10109331
0b000001 0b00c201 10002 100 1251604 2012058872 150979773 10117616
0b000f01 0b00cb01 10041 100 46503 2099739549 63307704 10016580
0b000501 0b00c901 10015 100 760851 2036892737 126161615 10076470
0b000701 0b00c801 10034 100 52417 2099442000 63621824 10017076
0b000f01 0b00ce01 10031 100 355683 2097118531 65984936 10042501
0b000201 0b00cf01 10031 100 341387 2079239348 83878243 10041304
0b000a01 0b00c101 10025 100 75053 2097275556 65874651 10018976
0b000e01 0b00cd01 10038 100 45984 2098479240 64716412 10016535
0b000801 0b00c201 10010 100 1068070 2031475630 131764677 10102230
0b000501 0b00c301 10031 100 195674 2094683335 68612453 10029086
0b000d01 0b00ce01 10009 100 1364221 2016974686 146456640 10127059
0b000f01 0b00c001 10024 100 599867 2071260998 92194147 10062973
0b000201 0b00c601 10002 100 2424304 2003707142 159779456 10215936
0b000901 0b00c201 10007 100 1399148 2017171336 146557916 10129987
0b000301 0b00cf01 10015 100 810175 2037108208 126631171 10080608
0b000801 0b00c301 10031 100 122702 2092045687 71790895 10022968
0b000c01 0b00ce01 10008 100 1105119 2019960719 143876174 10105336
0b000f01 0b00c801 10033 100 80046 2099604294 64287068 10019394
0b000701 0b00cc01 10018 100 704245 2060649864 103308257 10071726
0b000301 0b00cf01 10019 100 601263 2060994480 102976456 10063092
0b000301 0b00c701 10010 100 833568 2034058385 130176931 10082568
0b000a01 0b00cc01 10012 100 772954 2038159151 126085792 10077484
0b000401 0b00c401 10032 100 203866 2092045918 72228824 10029772
0b000a01 0b00c601 10015 100 636796 2047730915 116559818 10066069
0b000001 0b00c401 10030 100 158302 2092792612 71583562 10025954
0b000201 0b00ce01 10043 100 53251 2098222169 66340977 10017147
0b000601 0b00c601 10000 100 2301588 2001534911 163045724 10205646
0b000201 0b00c701 10035 100 135796 2098122266 66505213 10024065
0b000b01 0b00c101 10029 100 142456 2094770363 69882250 10024625
0b000001 0b00c901 10046 100 128265 2097436993 67355607 10023436
0b000e01 0b00c301 10040 100 72872 2094268635 70592099 10018790
0b000201 0b00c701 10027 100 387264 2076781667 88103885 10045151
0b000901 0b00cd01 10039 100 502401 2091760745 73191842 10054803
0b000501 0b00c501 10036 100 66537 2099249179 65916716 10018260
0b000601 0b00ce01 10037 100 71558 2097299279 67945447 10018681
0b000001 0b00c801 10017 100 727154 2036559066 129000505 10073647
0b000601 0b00cd01 10039 100 174708 2093019497 72593591 10027328
0b000501 0b00ca01 10027 100 283514 2079102723 86545953 10036451
0b000c01 0b00c201 10033 100 74417 2096352733 69373577 10018921
0b000101 0b00c701 10027 100 491395 2077878255 87874439 10053880
0b000f01 0b00cd01 10033 100 112324 2098999243 66772243 10022099
0b000801 0b00c401 10021 100 527332 2062861129 102983438 10056894
0b000001 0b00cd01 10044 100 94939 2093996681 71957510 10020639
0b000e01 0b00c701 10031 100 55243 2098153496 67900063 10017314
0b000701 0b00c501 10014 100 718372 2061197711 104878362 10072910
0b000701 0b00c001 10034 100 106686 2097716715 68402941 10021625
0b000f01 0b00c001 10004 100 1605961 2015801048 150398850 10147323
0b000501 0b00c601 10001 100 1939436 2007323598 158945744 10175284
0b000b01 0b00c501 10029 100 192721 2092328976 74010582 10028838
0b000c01 0b00c601 10030 100 347552 2083959768 82532263 10041820
0b000d01 0b00ce01 10008 100 1583244 2014780963 151718717 10145422
0b000501 0b00ce01 10033 100 262651 2081785674 84881953 10034702
0b000901 0b00c701 10022 100 753707 2046108772 120570823 10075871
0b000901 0b00c901 10030 100 617545 2075792380 91075047 10064456
0b000301 0b00c001 10031 100 267617 2088887845 77983467 10035118
0b000d01 0b00c901 10035 100 144167 2091247785 75666757 10024770
0b000d01 0b00cb01 10021 100 845549 2045383258 121623051 10083572
0b000701 0b00cd01 10028 100 321315 2081100924 85987162 10039621
0b000301 0b00c701 10028 100 167025 2091169408 75935006 10026687
0b000201 0b00c401 10037 100 191946 2096450760 70671665 10028772
0b000601 0b00c701 10029 100 241845 2087359263 79862108 10032956
0b000d01 0b00c901 10020 100 872028 2041701633 125635115 10085794
0b000d01 0b00cf01 10049 100 173929 2098348661 69081300 10027262
0b000e01 0b00c301 10000 100 4461278 2000497134 166957183 10386716
0b000301 0b00c301 10032 100 420233 2075345964 92174402 10047915
0b000801 0b00c501 10038 100 190859 2091028823 76507641 10028682
0b000d01 0b00c601 10007 100 1160594 2023101565 144502031 10109985
0b000001 0b00ca01 10012 100 720355 2044454761 123177825 10073077
0b000201 0b00c701 10032 100 229051 2090964550 76935946 10031887
0b000901 0b00c501 10006 100 1411855 2015387386 152526976 10131050
0b000601 0b00c201 10017 100 610894 2047366326 120656362 10063897
0b000901 0b00c501 10022 100 725956 2050922256 117149912 10073544
0b000601 0b00c301 10012 100 864468 2024299178 143958417 10085159
0b000201 0b00c901 10037 100 88716 2097790149 70509136 10020119
0b000201 0b00c501 10002 100 1432616 2010006822 158424954 10132792
0b000b01 0b00c901 10004 100 1882012 2009319032 159468335 10170471
0b000701 0b00c301 10043 100 170766 2093684807 75146285 10026997
0b000b01 0b00ca01 10040 100 138277 2097982174 70904516 10024275
0b000a01 0b00c301 10004 100 1298420 2016218120 152693329 10121541
0b000701 0b00cc01 10030 100 331755 2089303237 79622243 10040495
0b000801 0b00c901 10011 100 795019 2043335980 125600375 10079338
0b000701 0b00cb01 10003 100 2388166 2002738670 166361884 10212907
0b000401 0b00c401 10001 100 1040154 2014883814 154372977 10099889
0b000501 0b00cc01 10004 100 1298005 2017152550 152137132 10121508
0b000501 0b00cb01 10003 100 1666692 2009314734 160138468 10152416
0b000a01 0b00c901 10028 100 312615 2089396644 80085353 10038891
0b000f01 0b00cb01 10037 100 371852 2092148744 77379275 10043856
0b000701 0b00c101 10023 100 580722 2074084119 95558132 10061368
0b000201 0b00c201 10032 100 339682 2082150584 87505384 10041160
0b000701 0b00c201 10029 100 342314 2081240676 88502165 10041382
0b000e01 0b00c501 10024 100 387158 2068601432 101324910 10045142
0b000f01 0b00ca01 10006 100 1729058 2016014461 153994562 10157647
0b000501 0b00c801 10007 100 1077401 2023822088 146240937 10103011
0b000701 0b00ce01 10041 100 165061 2096599215 73716439 10026522
0b000801 0b00cb01 10006 100 1488344 2012295277 158050570 10137465
0b000601 0b00ce01 10015 100 629949 2047431647 123191220 10065495
0b000b01 0b00c201 10029 100 420744 2078586241 92051255 10047956
0b000301 0b00ce01 10002 100 1872550 2004344051 166360414 10169676
0b000e01 0b00c501 10015 100 728182 2043822762 126887439 10073733
0b000c01 0b00c601 10023 100 601647 2063368188 107392312 10063123
0b000301 0b00c101 10031 100 327063 2077638034 93211349 10040104
0b000701 0b00cf01 10004 100 1746208 2011944634 159056951 10159085
0b000801 0b00ce01 10009 100 1195897 2027675789 143504887 10112944
0b000001 0b00cf01 10037 100 184849 2084111006 87076716 10028178
0b000601 0b00c501 10036 100 225215 2082687471 88531842 10031565
0b000b01 0b00c601 10019 100 891470 2047563439 123687120 10087422
0b000901 0b00c101 10010 100 1007291 2043117086 128206689 10097134
0b000201 0b00c301 10035 100 129956 2095826492 75653226 10023575
0b000b01 0b00c101 10012 100 822695 2051752130 119837754 10081655
0b000501 0b00cd01 10030 100 473259 2075915279 95686124 10052360
0b000001 0b00c001 10045 100 112905 2097114197 74636727 10022146
0b000401 0b00c401 10021 100 551941 2072018422 100048048 10058954
0b000801 0b00c701 10030 100 649697 2059143752 112978461 10067151
0b000b01 0b00c501 10025 100 599805 2075628641 96719022 10062968
0b000f01 0b00c801 10028 100 556600 2080775843 91765732 10059346
0b000201 0b00cc01 10016 100 881800 2039106188 133616717 10086610
0b000501 0b00c801 10008 100 1272231 2024024879 148726037 10119346
0b000201 0b00c901 10005 100 1389188 2014326108 158468104 10129152
0b000501 0b00c601 10020 100 571834 2062085628 110789324 10060623
0b000d01 0b00c301 10032 100 255689 2096730948 76285093 10034118
0b000401 0b00cb01 10043 100 249287 2094375689 78736880 10033582
0b000601 0b00c901 10008 100 810349 2031251644 141892110 10080622
0b000601 0b00c001 10001 100 1393716 2008896349 164459039 10129530
0b000d01 0b00c401 10023 100 483133 2075427890 97960252 10053189
0b000501 0b00c701 10011 100 953965 2029753562 143704031 10092660
0b000d01 0b00c501 10015 100 644716 2054153815 119399387 10066734
0b000701 0b00cd01 10014 100 1124156 2036042503 137606008 10106932
0b000001 0b00cb01 10023 100 278879 2081765548 91969435 10036061
0b000a01 0b00c801 10029 100 578215 2060656015 113140615 10061160
0b000201 0b00c601 10003 100 2413704 2003871272 170049775 10215046
0b000701 0b00c701 10007 100 1238527 2023912585 150061641 10116519
0b000e01 0b00c901 10013 100 734304 2035357623 138637590 10074246
0b000101 0b00ca01 10009 100 1108906 2021419541 152992163 10105651
0b000101 0b00cc01 10004 100 2439072 2004616690 169937875 10217175
0b000901 0b00cb01 10001 100 1877364 2010904877 163769069 10170080
0b000101 0b00c201 10002 100 2121370 2006076476 168621069 10190538
0b000d01 0b00cb01 10032 100 369723 2087262938 87448886 10043678
0b000701 0b00ce01 10019 100 858226 2053965492 120799422 10084636
0b000c01 0b00c601 10002 100 1631626 2010294274 164588333 10149476
0b000901 0b00c301 10029 100 456083 2083553135 91478372 10050921
0b000201 0b00cf01 10041 100 330368 2095722418 79311396 10040380
0b000b01 0b00cb01 10026 100 608827 2076432931 98601585 10063724
0b000201 0b00c301 10029 100 395314 2074553514 100643238 10045825
0b000601 0b00c001 10030 100 352185 2091109308 84094494 10042210
0b000a01 0b00cc01 10019 100 815588 2053411425 121865338 10081060
0b000501 0b00c901 10029 100 391975 2087586958 87708898 10045543
0b000d01 0b00c201 10023 100 679162 2064435372 111123412 10069624
0b000001 0b00cd01 10035 100 359877 2081280034 94946067 10042852
0b000401 0b00cf01 10005 100 893424 2031175827 145532436 10087586
0b000301 0b00c501 10020 100 606157 2060051139 116722636 10063503
0b000101 0b00c301 10009 100 1265078 2017576746 159226669 10118747
0b000901 0b00ca01 10006 100 1509453 2012791745 164106730 10139234
0b000b01 0b00c701 10038 100 446256 2093074613 84047585 10050096
0b000401 0b00cd01 10008 100 1464684 2007662154 169569799 10135480
0b000201 0b00c201 10038 100 203424 2095563003 81741118 10029737
0b000001 0b00c101 10001 100 1257822 2013330439 163976297 10118136
0b000e01 0b00c001 10019 100 706854 2040843297 136537651 10071943
0b000501 0b00c501 10034 100 390164 2093251952 84541558 10045394
0b000301 0b00cf01 10007 100 1233625 2021363577 156457381 10116108
0b000201 0b00c801 10027 100 326280 2092615059 85253604 10040038
0b000d01 0b00cb01 10011 100 1288959 2022084067 155837320 10120746
0b000301 0b00ca01 10026 100 638605 2060012691 117992540 10066222
0b000c01 0b00c301 10032 100 234005 2099759306 78300900 10032302
0b000601 0b00cd01 10002 100 1179020 2012036259 166139265 10111532
0b000b01 0b00cc01 10007 100 1611445 2016944152 161246389 10147785
0b000f01 0b00c101 10013 100 1407439 2029448676 148928588 10130681
0b000c01 0b00cc01 10039 100 490777 2077672839 100762697 10053827
0b000801 0b00c701 10044 100 337121 2099563181 79075216 10040947
0b000e01 0b00cc01 10016 100 666018 2045106452 133548113 10068522
0b000801 0b00c901 10002 100 1616589 2012336644 166405293 10148216
0b000301 0b00c701 10029 100 361667 2093585530 85559323 10043003
0b000901 0b00c901 10027 100 735779 2060417947 118744520 10074368
0b000c01 0b00c801 10020 100 690512 2050065773 129168211 10070574
0b000b01 0b00c201 10038 100 300158 2096150672 83095648 10037848
0b000801 0b00c401 10020 100 668618 2058963100 120413417 10068738
0b000c01 0b00ca01 10006 100 1297271 2018746704 160663348 10121446
0b000d01 0b00cc01 10017 100 510353 2070884523 108618901 10055470
0b000a01 0b00c601 10007 100 1301012 2023792649 155726784 10121760
0b000601 0b00c501 10040 100 306371 2089234910 90455320 10038368
0b000401 0b00ca01 10025 100 668711 2068645870 111530924 10068745
0b000101 0b00ca01 10007 100 1262790 2021202640 159091052 10118553
0b000e01 0b00c001 10003 100 1328291 2007010511 173427085 10124046
0b000c01 0b00ce01 10000 100 2561119 2001877991 178807676 10227407
0b000a01 0b00cc01 10004 100 1658726 2011441463 169261754 10151748
0b000f01 0b00c001 10017 100 1064602 2050858258 129845659 10101937
0b000101 0b00c801 10011 100 852962 2029663879 151077627 10084192
0b000d01 0b00c601 10005 100 1680773 2011922783 168825076 10153596
0b000401 0b00ce01 10008 100 1090985 2024024282 156758943 10104148
0b000101 0b00cb01 10023 100 650318 2064571933 116297922 10067205
0b000901 0b00c401 10017 100 977338 2057092840 123919384 10094622
0b000f01 0b00c601 10029 100 594685 2085940384 95349848 10062539
0b000d01 0b00cc01 10006 100 937198 2037313719 144008631 10091257
0b000801 0b00ca01 10002 100 1807514 2008919480 172643545 10164223
0b000601 0b00c201 10013 100 840128 2042145572 139622731 10083119
0b000401 0b00c501 10013 100 701316 2043237954 138538275 10071480
0b000301 0b00c601 10003 100 1535614 2012643509 169249308 10141427
0b000701 0b00c601 10026 100 816628 2061726224 120190896 10081147
0b000e01 0b00c001 10034 100 256199 2086586303 95454362 10034162
0b000401 0b00c701 10024 100 421793 2083561734 98680482 10048043
0b000a01 0b00c801 10006 100 1693033 2010805724 171457057 10154627
0b000a01 0b00c901 10001 100 2515266 2002395603 179952619 10223562
0b000401 0b00c201 10039 100 421773 2095538981 86986925 10048042
0b000b01 0b00c801 10025 100 606898 2071151083 111401556 10063562
0b000e01 0b00ce01 10030 100 464843 2070899043 111715517 10051653
0b000601 0b00c401 10011 100 984813 2024135513 158529219 10095247
0b000501 0b00c701 10007 100 1424374 2015984872 166763932 10132101
0b000e01 0b00c801 10036 100 386525 2087062330 95764555 10045088
0b000601 0b00c201 10027 100 334310 2079776563 103159707 10040711
0b000d01 0b00c101 10026 100 429588 2089288080 93711644 10048698
0b000a01 0b00c301 10015 100 818907 2036985370 146030173 10081337
0b000e01 0b00cd01 10021 100 434572 2065550877 117571557 10049116
0b000601 0b00cc01 10016 100 813144 2038138819 145357802 10080857
0b000101 0b00cc01 10017 100 877005 2029545318 154060190 10086211
0b000f01 0b00ca01 10032 100 635557 2083476486 100205352 10065966
0b000c01 0b00c701 10020 100 615208 2063008835 120738514 10064262
0b000601 0b00c901 10001 100 2163271 2002068206 181694006 10194051
0b000c01 0b00c601 10018 100 667991 2044728049 139094745 10068684
0b000601 0b00cc01 10018 100 779560 2042736810 141429237 10078040
0b000e01 0b00c201 10023 100 781457 2047492484 136717862 10078199
0b000701 0b00c601 10035 100 443737 2087257192 96954673 10049883
0b000d01 0b00c501 10008 100 1086039 2032203013 152171567 10103737
0b000d01 0b00ce01 10007 100 1721453 2014040667 170406427 10157008
0b000a01 0b00c401 10019 100 686992 2059061064 125512240 10070277
0b000c01 0b00cb01 10033 100 471912 2077262598 107349681 10052245
0b000101 0b00c001 10023 100 771509 2070489085 114207512 10077365
0b000901 0b00c701 10009 100 1518013 2013469456 171331348 10139954
0b000401 0b00c501 10022 100 682695 2068641661 116480630 10069918
0b000001 0b00cb01 10016 100 680936 2041566151 143926379 10069769
0b000e01 0b00c301 10031 100 527510 2073092380 112486544 10056908
0b000801 0b00c501 10033 100 577392 2088602164 97118055 10061090
0b000501 0b00c301 10007 100 1125872 2022821877 162953006 10107073
0b000b01 0b00ca01 10017 100 1090238 2035933615 149865476 10104088
0b000401 0b00c601 10013 100 945418 2032601194 153524828 10091946
0b000401 0b00c401 10033 100 381365 2092144627 94037643 10044656
0b000101 0b00cb01 10014 100 930961 2035688398 150584827 10090731
0b000701 0b00c001 10018 100 1053219 2041291187 145267326 10100984
0b000401 0b00cd01 10010 100 1315819 2014966182 171672659 10122998
0b000801 0b00c101 10028 100 781196 2055117220 131549244 10078178
0b000801 0b00ca01 10003 100 1582775 2010734096 176044054 10145380
0b000901 0b00cc01 10026 100 622236 2099188336 87652096 10064851
0b000f01 0b00cb01 10026 100 933256 2051464865 135517371 10090927
0b000801 0b00c901 10024 100 553571 2075903820 111089803 10059093
0b000a01 0b00c801 10024 100 782746 2051876900 135129968 10078306
0b000601 0b00cd01 10026 100 754199 2057042780 130002142 10075915
0b000501 0b00c301 10021 100 779295 2054409575 132682587 10078018
0b000501 0b00ca01 10032 100 533222 2097344553 89776031 10057388
0b000101 0b00cf01 10017 100 843339 2032210271 155041444 10083388
0b000c01 0b00cd01 10026 100 717975 2064002702 123351476 10072875
0b000f01 0b00c001 10023 100 915755 2068452267 119123223 10089457
0b000601 0b00ca01 10020 100 667036 2063623682 124044090 10068608
0b000301 0b00c701 10026 100 657474 2077338017 110557308 10067804
0b000001 0b00ca01 10029 100 318510 2088283334 99655105 10039385
0b000701 0b00c001 10035 100 537039 2098851250 89132231 10057709
0b000801 0b00c001 10029 100 548819 2092074231 96112540 10058693
0b000301 0b00c801 10034 100 519303 2077424419 110763255 10056221
0b000401 0b00c801 10023 100 566061 2075257029 113108576 10060142
0b000801 0b00c901 10023 100 626820 2073544393 114843519 10065233
0b000801 0b00c101 10014 100 1285400 2027608696 160955324 10120450
0b000b01 0b00c701 10020 100 856460 2051267753 137303632 10084487
0b000a01 0b00c001 10013 100 859928 2037717591 150978997 10084776
0b000001 0b00c801 10025 100 611944 2049038585 139749872 10063985
0b000701 0b00ce01 10036 100 606076 2091302579 97489128 10063496
0b000a01 0b00c501 10024 100 704947 2060881240 127912992 10071782
0b000d01 0b00c601 10034 100 496641 2084159960 104774079 10054319
0b000c01 0b00cc01 10033 100 799182 2059874427 129091225 10079686
0b000d01 0b00c201 10035 100 512186 2082362042 106615004 10055624
0b000401 0b00c401 10012 100 658313 2054284274 134783310 10067875
0b000701 0b00cb01 10037 100 485190 2097817613 91263463 10053361
0b000201 0b00c301 10002 100 1308662 2015215951 173877232 10122399
0b000501 0b00c401 10012 100 663232 2064647057 124530653 10068288
0b000d01 0b00c801 10011 100 1399560 2023126812 166216447 10130020
0b000901 0b00c601 10021 100 713033 2070920021 118466699 10072464
0b000501 0b00c101 10026 100 600190 2077403460 112268412 10063003
0b000d01 0b00ce01 10006 100 1642564 2013764002 175912265 10150394
0b000001 0b00c601 10013 100 1078990 2027456282 162221096 10103142
0b000201 0b00c701 10028 100 506823 2079508507 110207645 10055172
0b000401 0b00cf01 10026 100 373460 2089220280 100499670 10043992
0b000e01 0b00c301 10001 100 1654931 2002172358 187693307 10151429
0b000d01 0b00c601 10012 100 944743 2044522612 145515414 10091888
0b000d01 0b00c801 10019 100 1011428 2047330660 142714893 10097480
0b000e01 0b00c201 10037 100 429192 2080828187 109319216 10048666
0b000d01 0b00c901 10002 100 1845469 2012886536 177462017 10167406
0b000f01 0b00c201 10054 100 586038 2097851379 92532481 10061817
0b000501 0b00c401 10020 100 686033 2078716288 111773516 10070200
0b000b01 0b00cf01 10015 100 1056964 2050913325 139802025 10101296
0b000001 0b00cd01 10008 100 1261362 2015794307 174998105 10118435
0b000701 0b00c801 10018 100 795732 2062728342 128088750 10079395
0b000101 0b00ce01 10015 100 953279 2038535362 152293723 10092605
0b000301 0b00c601 10021 100 649909 2065404344 125467909 10067168
0b000c01 0b00c301 10029 100 512312 2086635719 104327641 10055634
0b000b01 0b00c201 10031 100 696181 2084139277 106997067 10071050
0b000c01 0b00c401 10026 100 936862 2049558762 141613328 10091227
0b000a01 0b00c601 10013 100 941634 2044602563 146873151 10091628
0b000c01 0b00cf01 10008 100 1532525 2014171280 177373849 10141168
0b000801 0b00cc01 10017 100 995034 2044270238 147402832 10096107
0b000701 0b00cc01 10028 100 545783 2087050540 104791005 10058439
0b000c01 0b00ca01 10020 100 569465 2074030984 117840578 10060426
0b000a01 0b00cf01 10009 100 1305147 2019061343 172821167 10122106
0b000f01 0b00ca01 10018 100 1362626 2037177606 154821837 10126924
0b000901 0b00c401 10007 100 1318635 2020045461 172060983 10123235
0b000b01 0b00cc01 10013 100 1449418 2026817803 165442898 10134201
0b000a01 0b00c701 10019 100 854456 2049724542 142599902 10084319
0b000701 0b00c401 10031 100 716997 2079121282 113222856 10072793
0b000e01 0b00c401 10016 100 862707 2045764510 147186637 10085010
0b000101 0b00cb01 10032 100 689403 2083972418 109015084 10070481
0b000801 0b00ca01 10023 100 916861 2049674282 143363928 10089550
0b000301 0b00ca01 10002 100 1943488 2005168738 188046348 10175624
0b000a01 0b00cf01 10018 100 756647 2047258656 145985321 10076118
0b000201 0b00cf01 10024 100 701063 2062604819 130782231 10071460
0b000201 0b00c201 10001 100 1705018 2010370315 183055268 10155632
0b000101 0b00c401 10020 100 780773 2062855443 130853935 10078140
0b000c01 0b00c901 10020 100 719275 2058734070 135025793 10072986
0b000101 0b00c301 10028 100 670563 2075138266 118729318 10068901
0b000001 0b00cb01 10024 100 308285 2089884463 104837947 10038529
0b000601 0b00c401 10003 100 1849415 2004573381 190291000 10167737
0b000d01 0b00c201 10044 100 503021 2097089159 97786079 10054857
0b000301 0b00c601 10014 100 1096738 2036048241 158829302 10104631
0b000101 0b00cf01 10014 100 1008836 2027765748 167314306 10097261
0b000c01 0b00c701 10025 100 426279 2084919907 110307198 10048422
0b000501 0b00cb01 10000 100 4501038 2001473482 193790622 10390050
0b000301 0b00c101 10033 100 684385 2079033621 116441678 10070061
0b000f01 0b00ca01 10020 100 1148471 2044510654 150967018 10108969
0b000101 0b00cb01 10016 100 1089117 2040176112 155301663 10103994
0b000301 0b00c101 10042 100 588278 2092925821 102559412 10062004
0b000801 0b00cb01 10013 100 884171 2044464480 151071539 10086812
0b000b01 0b00cb01 10010 100 1491569 2027831876 168023655 10137734
0b000d01 0b00c501 10021 100 538330 2083607841 112261290 10057816
0b000f01 0b00cf01 10021 100 1097170 2060204140 136037214 10104669
0b000401 0b00ce01 10026 100 557923 2069299011 126971803 10059456
0b000301 0b00cd01 10026 100 713345 2076243965 120080492 10072489
0b000001 0b00c601 10033 100 605297 2068364648 128174209 10063430
0b000701 0b00ce01 10015 100 1156607 2046148987 150472422 10109651
0b000a01 0b00cd01 10023 100 636511 2093475911 103291056 10066046
0b000001 0b00cf01 10039 100 325875 2086395556 110474489 10040001
0b000c01 0b00cd01 10022 100 870546 2049388486 147513585 10085668
0b000f01 0b00c301 10028 100 681845 2089926343 107059097 10069846
0b000f01 0b00c701 10023 100 750634 2083391257 113673938 10075614
0b000f01 0b00c401 10013 100 1357137 2041245031 155890509 10126465
0b000201 0b00c401 10006 100 1226977 2025755846 171398499 10115549
0b000301 0b00cb01 10036 100 697441 2065588277 131572924 10071155
0b000e01 0b00c101 10011 100 931355 2032055678 165246277 10090767
0b000b01 0b00ce01 10005 100 1654530 2024044246 173598901 10151397
0b000a01 0b00c501 10030 100 794585 2072085042 125589648 10079299
0b000201 0b00ce01 10006 100 1623074 2013505957 184264427 10148762
0b000d01 0b00c901 10012 100 1462256 2025788614 172589532 10135278
0b000301 0b00c401 10019 100 763377 2063498795 135041402 10076683
0b000a01 0b00c801 10015 100 1110772 2029129741 169482616 10105808
0b000801 0b00c701 10039 100 616553 2080787155 117897137 10064373
0b000001 0b00c801 10024 100 777875 2048338693 150507545 10077897
0b000c01 0b00c201 10022 100 651807 2059660946 139239805 10067328
0b000701 0b00ce01 10027 100 702848 2078411173 120545364 10071607
0b000201 0b00c101 10026 100 597806 2081549971 117414275 10062800
0b000f01 0b00c701 10030 100 566936 2097650804 101426952 10060212
0b000801 0b00c401 10031 100 610565 2087513551 111594908 10063871
0b000701 0b00ce01 10021 100 828758 2054342248 144773426 10082164
0b000701 0b00c501 10015 100 1072437 2062309332 137036961 10102595
0b000601 0b00ca01 10023 100 568709 2066017666 133706769 10060361
0b000701 0b00c501 10012 100 815257 2058087741 141942591 10081034
0b000f01 0b00c001 10013 100 1326246 2041869224 158186467 10123875
0b000e01 0b00ca01 10019 100 1097279 2026961220 173188627 10104678
0b000601 0b00ca01 10002 100 1725173 2004609182 195545002 10157321
0b000101 0b00c101 10029 100 732963 2070618195 129671272 10074131
0b000a01 0b00cd01 10021 100 558376 2086570290 113851661 10059496
0b000901 0b00c701 10014 100 1292498 2023839741 176665858 10121044
0b000901 0b00cf01 10018 100 1004147 2053057595 147463131 10096870
0b000d01 0b00cc01 10028 100 432777 2098398648 102171731 10048964
0b000701 0b00ce01 10033 100 626110 2087398517 113220635 10065176
0b000701 0b00c101 10019 100 872921 2064217157 136423403 10085866
0b000301 0b00cb01 10005 100 2072624 2004291113 196428899 10186450
0b000d01 0b00ce01 10013 100 1189159 2037550947 163195728 10112382
0b000801 0b00cd01 10029 100 624131 2081140596 119615228 10065010
0b000b01 0b00ce01 10017 100 803009 2084081754 116747013 10080008
0b000c01 0b00c501 10025 100 927373 2048448379 152495912 10090433
0b000901 0b00cb01 10034 100 762059 2091301350 109674864 10076574
0b000b01 0b00cc01 10010 100 1479474 2021854656 179217033 10136721
0b000501 0b00c701 10023 100 1094945 2048735193 152469097 10104480
0b000c01 0b00c501 10048 100 439563 2098314505 103050870 10049534
0b000101 0b00cf01 10026 100 991586 2062410340 138981099 10095816
0b000501 0b00c701 10035 100 681732 2077833054 123585413 10069837
0b000701 0b00cb01 10010 100 1592822 2020689710 180879974 10146222
0b000b01 0b00c001 10015 100 1359494 2038014985 163983761 10126661
0b000801 0b00ca01 10031 100 615097 2091520381 110729821 10064253
0b000a01 0b00c601 10016 100 1080010 2048681476 153638521 10103231
0b000501 0b00c001 10028 100 1010681 2055786343 146591270 10097416
0b000c01 0b00c201 10014 100 813350 2044588465 157994929 10080873
0b000e01 0b00c001 10025 100 721095 2058093340 144607248 10073140
0b000301 0b00c501 10032 100 662867 2078831790 123938167 10068255
0b000c01 0b00cb01 10036 100 559668 2084390899 118383516 10059603
0b000501 0b00cc01 10027 100 941196 2051691797 151125979 10091592
0b000001 0b00cf01 10001 100 2271487 2002282459 200554324 10203123
0b000001 0b00ce01 10044 100 375804 2087886569 115009076 10044188
0b000f01 0b00ce01 10016 100 1315889 2044664889 158307782 10123004
0b000f01 0b00c201 10030 100 1095415 2052616022 150452770 10104521
0b000e01 0b00c801 10007 100 1383880 2011313026 191980724 10128704
0b000401 0b00c101 10033 100 748760 2076205449 127090837 10075456
0b000701 0b00c201 10032 100 852038 2084481477 118832899 10084118
0b000d01 0b00cf01 10026 100 748747 2056407934 146927868 10075455
0b000901 0b00c701 10023 100 1168124 2049578788 153823375 10110618
0b000201 0b00c301 10027 100 732957 2067904894 135572626 10074131
0b000301 0b00c301 10026 100 756952 2065086024 138479108 10076143
0b000c01 0b00ca01 10008 100 1158812 2033312410 170287650 10109835
0b000601 0b00c001 10024 100 581501 2062837605 140784400 10061434
0b000101 0b00c901 10026 100 939262 2076959219 126702698 10091430
0b000301 0b00cb01 10001 100 3670953 2001584725 202165039 10320452
0b000401 0b00cd01 10017 100 875733 2057079918 146740168 10086102
0b000b01 0b00c801 10011 100 1439752 2036350559 167542276 10133389
0b000e01 0b00cd01 10005 100 1327997 2013921627 190049870 10124019
0b000d01 0b00cb01 10028 100 848207 2071126162 132967834 10083796
0b000a01 0b00c401 10020 100 770294 2068428062 135717236 10077264
0b000f01 0b00cc01 10017 100 1570379 2039087455 165226065 10144342
0b000201 0b00cf01 10002 100 1864301 2009478096 194872299 10168985
0b000001 0b00ca01 10018 100 707684 2058467770 145892160 10072013
0b000e01 0b00cb01 10015 100 856269 2044612247 159888870 10084472
0b000f01 0b00c001 10015 100 1273118 2047754480 156795570 10119421
0b000301 0b00ca01 10019 100 1172622 2042937545 161616680 10110994
0b000d01 0b00cb01 10034 100 663106 2093826863 110924226 10068278
0b000901 0b00ce01 10023 100 763655 2096439392 108341506 10076706
0b000101 0b00c701 10015 100 758761 2061215052 143772444 10076295
0b000801 0b00c101 10013 100 1391347 2024112562 180967028 10129333
0b000101 0b00c301 10027 100 967100 2074689049 130428261 10093765
0b000b01 0b00cb01 10015 100 1109446 2051798756 153363805 10105698
0b000d01 0b00c701 10014 100 1337478 2033328802 171838657 10124816
0b000c01 0b00c401 10044 100 431939 2096863576 108544610 10048894
0b000c01 0b00c901 10031 100 684521 2081558364 123902387 10070072
0b000a01 0b00c201 10027 100 644356 2067479614 138083747 10066705
0b000201 0b00c801 10015 100 788811 2054424623 151417039 10078814
0b000f01 0b00cd01 10010 100 1486788 2041663004 164179125 10137333
0b000801 0b00cb01 10014 100 1203969 2046852153 159247418 10113620
0b000201 0b00c501 10024 100 764116 2070216237 136012009 10076746
0b000101 0b00c301 10008 100 1461427 2015732124 190496843 10135208
0b000701 0b00c701 10024 100 834569 2069348603 136907106 10082651
0b000f01 0b00cd01 10032 100 718044 2096861887 109428037 10072884
0b000101 0b00cf01 10003 100 1725979 2010900306 195528328 10157386
0b000401 0b00c801 10025 100 627107 2079072706 127377930 10065260
0b000d01 0b00ca01 10015 100 966871 2054382270 152078142 10093742
0b000b01 0b00c801 10012 100 1375936 2037630741 169033097 10128038
0b000b01 0b00c801 10017 100 1090784 2053260278 153475640 10104132
0b000201 0b00c301 10005 100 1479153 2020869457 185886286 10136695
0b000c01 0b00c301 10021 100 895449 2063538267 143224385 10087756
0b000401 0b00c101 10001 100 1991048 2004292716 202701784 10179613
0b000f01 0b00cd01 10022 100 839405 2073061853 133982693 10083058
0b000601 0b00ca01 10008 100 1125749 2026861091 180238103 10107063
0b000601 0b00cd01 10009 100 1220115 2025153822 182084527 10114977
0b000401 0b00cd01 10012 100 1180587 2028643263 178626127 10111662
0b000201 0b00c501 10017 100 916416 2043505828 163897385 10089514
0b000701 0b00ca01 10018 100 1376914 2049999506 157408149 10128120
0b000601 0b00c501 10014 100 1090481 2036657141 170958417 10104107
0b000101 0b00ca01 10030 100 720651 2097424936 110287102 10073100
0b000e01 0b00c601 10037 100 423095 2098202606 109511634 10048155
0b000f01 0b00c801 10019 100 1204461 2058005855 149816000 10113664
0b000801 0b00c201 10028 100 740686 2076718276 131142042 10074780
0b000401 0b00cd01 10020 100 849621 2069315587 138651071 10083913
0b000c01 0b00c501 10046 100 503927 2097170691 110824829 10054929
0b000101 0b00c801 10019 100 1013656 2053824592 154182548 10097666
0b000a01 0b00c201 10026 100 691000 2065484934 142557444 10070613
0b000401 0b00ce01 10003 100 1537738 2014527837 193601444 10141604
0b000701 0b00c301 10042 100 705566 2092060238 116119684 10071836
0b000301 0b00c401 10013 100 1086362 2052095829 156133192 10103763
0b000201 0b00c101 10008 100 1288275 2022408808 185885585 10120691
0b000401 0b00c301 10042 100 493364 2093051603 115492752 10054046
0b000f01 0b00c301 10026 100 903737 2087173715 121476193 10088450
0b000f01 0b00c301 10029 100 634104 2093844740 114815531 10065846
0b000f01 0b00cd01 10012 100 1455034 2047882404 160918127 10134673
0b000a01 0b00cb01 10015 100 950767 2043519685 165404585 10092393
0b000901 0b00c001 10007 100 1681353 2023707862 185386846 10153647
0b000101 0b00c801 10018 100 868377 2052707411 156488671 10085487
0b000e01 0b00cf01 10003 100 1465493 2009071652 200207310 10135548
0b000501 0b00cc01 10006 100 1832687 2017778428 191756923 10166333
0b000d01 0b00cf01 10047 100 678463 2097017349 112756405 10069564
0b000301 0b00ca01 10029 100 872180 2070359102 139496930 10085806
0b000a01 0b00ca01 10005 100 1659172 2020816402 189088078 10151788
0b000c01 0b00c001 10025 100 626984 2084056557 125982856 10065246
0b000001 0b00c501 10027 100 748331 2058197859 151919124 10075422
0b000401 0b00c601 10040 100 611041 2099324784 110809820 10063913
0b000d01 0b00c101 10021 100 821676 2080384099 129899193 10081570
0b000a01 0b00cf01 10038 100 735272 2077621709 132662321 10074328
0b000901 0b00c701 10032 100 947740 2067366862 142938313 10092139
0b000c01 0b00cb01 10000 100 2769420 2003713718 206631537 10244870
0b000601 0b00c001 10018 100 942590 2046487978 163933061 10091708
0b000801 0b00c801 10016 100 1210443 2033209607 177252384 10114165
0b000c01 0b00cd01 10027 100 795387 2065565729 144951702 10079367
0b000701 0b00cd01 10020 100 1213190 2058542672 152169289 10114396
0b000901 0b00c901 10036 100 975401 2098556604 112208091 10094459
0b000301 0b00cf01 10006 100 1491377 2020073598 190788859 10137719
0b000101 0b00cd01 10034 100 908132 2092994006 117889628 10088821
0b000a01 0b00c701 10047 100 610139 2092562052 118680648 10063837
0b000101 0b00cd01 10035 100 923897 2093164620 118151726 10090139
0b000b01 0b00c101 10013 100 922021 2052649874 158759606 10089986
0b000201 0b00c001 10003 100 1527766 2014711826 196985418 10140768
0b000301 0b00c001 10034 100 655396 2092789849 119013988 10067630
0b000101 0b00cc01 10034 100 1019362 2069864912 141951822 10098145
0b000d01 0b00ce01 10015 100 902562 2049437006 162766776 10088352
0b000d01 0b00c901 10030 100 962028 2063833191 148433164 10093340
0b000a01 0b00cd01 10004 100 1622656 2023849873 188560352 10148724
0b000b01 0b00c801 10005 100 1808760 2019998889 192465999 10164327
0b000801 0b00c301 10000 100 2438937 2005364372 207125042 10217160
0b000901 0b00cb01 10032 100 996031 2090059239 122443175 10096190
0b000f01 0b00ca01 10027 100 779157 2072122411 140395511 10078007
0b000101 0b00cf01 10005 100 1646261 2013528116 199201436 10150705
0b000801 0b00c701 10014 100 1339477 2030375477 182427171 10124983
0b000501 0b00cb01 10027 100 953771 2068862009 143951877 10092645
0b000b01 0b00cb01 10019 100 805106 2064610199 148257902 10080183
0b000a01 0b00cd01 10002 100 2088708 2010021393 202848267 10187798
0b000a01 0b00c401 10000 100 2607787 2004423125 208492350 10231317
0b000501 0b00c901 10034 100 818701 2097664035 115305559 10081321
0b000b01 0b00ce01 10026 100 901452 2097323256 115919153 10088259
0b000501 0b00ca01 10019 100 1259125 2048918768 164397543 10118248
0b000101 0b00ce01 10010 100 1346783 2026411588 186951984 10125595
0b000401 0b00c201 10003 100 1627678 2010773996 202666255 10149145
0b000801 0b00ca01 10021 100 1298655 2046211838 167326120 10121560
0b000a01 0b00cc01 10031 100 824930 2095151796 118418066 10081842
0b000b01 0b00c201 10000 100 2294972 2010679459 202931042 10205090
0b000401 0b00c801 10014 100 852007 2054619329 159135222 10084116
0b000e01 0b00cd01 10013 100 1000464 2036653155 177149098 10096560
0b000901 0b00ca01 10004 100 2218655 2012369612 201511681 10198693
0b000401 0b00c501 10039 100 526330 2099483098 114435513 10056810
0b000901 0b00ca01 10015 100 1537261 2026469811 187506736 10141566
0b000f01 0b00ca01 10025 100 1040665 2064872884 149165958 10099930
0b000201 0b00c101 10013 100 1282245 2029766079 184370559 10120186
0b000001 0b00c101 10006 100 1119838 2024840763 189618022 10106567
0b000f01 0b00c001 10020 100 1345567 2057161155 157310361 10125494
0b000d01 0b00c101 10018 100 890227 2065777819 148856381 10087319
0b000301 0b00c401 10015 100 873699 2054620726 160036877 10085932
0b000101 0b00c101 10004 100 1720859 2011490608 203336271 10156957
0b000c01 0b00ce01 10024 100 810000 2076942766 137914109 10080590
0b000001 0b00c501 10003 100 1609164 2008989252 205884915 10147595
0b000f01 0b00ca01 10024 100 1083387 2064032287 150923197 10103513
0b000501 0b00cf01 10011 100 1231137 2034196284 180764056 10115901
0b000701 0b00c301 10025 100 1185229 2059200695 155916923 10112052
0b000e01 0b00c701 10003 100 1564150 2005034129 210109765 10143821
0b000001 0b00cd01 10007 100 1491984 2013163673 201989707 10137768
0b000501 0b00cd01 10032 100 759096 2079879035 135281953 10076326
0b000401 0b00c501 10014 100 993544 2053333847 161902809 10095980
0b000701 0b00ca01 10024 100 1368576 2059686887 155795090 10127423
0b000f01 0b00c801 10015 100 1800569 2039106778 176409889 10163641
0b000a01 0b00ce01 10012 100 1175586 2037164701 178383194 10111242
0b000e01 0b00cc01 10023 100 689461 2061701880 153895377 10070486
0b000201 0b00ce01 10037 100 755788 2086119265 129768991 10076046
0b000f01 0b00ca01 10023 100 1279442 2060388031 155501039 10119950
0b000201 0b00cf01 10026 100 885275 2069335318 146572533 10086904
0b000901 0b00cd01 10040 100 763683 2092936916 123024698 10076708
0b000701 0b00ca01 10032 100 917812 2092365948 123701979 10089630
0b000001 0b00c901 10025 100 803772 2047327407 168977898 10080069
0b000b01 0b00c901 10022 100 1267083 2055448086 160941442 10118915
0b000501 0b00c401 10022 100 929524 2081361777 135069666 10090613
0b000101 0b00c701 10011 100 862156 2055766662 160716947 10084966
0b000001 0b00ce01 10039 100 488702 2081156507 135327301 10053653
0b000d01 0b00cf01 10025 100 904484 2053616050 162877006 10088513
0b000c01 0b00cd01 10031 100 708352 2080615357 135907829 10072070
0b000201 0b00cc01 10026 100 882456 2070162193 146388361 10086667
0b000c01 0b00c401 10015 100 1126149 2033127871 183557150 10107099
0b000b01 0b00cd01 10011 100 1174571 2039554952 177195190 10111157
0b000501 0b00cb01 10025 100 1358328 2064309127 152708954 10126564
0b000f01 0b00c101 10028 100 1068898 2076976197 140205781 10102296
0b000f01 0b00c101 10000 100 2806430 2006476294 210765482 10247973
0b000001 0b00ca01 10028 100 523970 2086392428 130890334 10056609
0b000601 0b00c901 10020 100 909679 2064885411 152587243 10088948
0b000a01 0b00c801 10031 100 883776 2071057485 146418084 10086776
0b000901 0b00cb01 10005 100 1710931 2024187823 193312831 10156124
0b000a01 0b00c501 10037 100 847833 2092102393 125492575 10083762
0b000e01 0b00c701 10009 100 1150216 2025569599 192182001 10109117
0b000701 0b00c101 10017 100 1436965 2060101581 157679591 10133155
0b000801 0b00c001 10009 100 1538204 2024001350 193803235 10141646
0b000701 0b00c901 10015 100 1659150 2046318832 171645879 10151786
0b000501 0b00c101 10023 100 1274191 2070835080 147293417 10119511
0b000901 0b00c401 10028 100 1087675 2094113459 124033457 10103871
0b000f01 0b00c301 10018 100 1315790 2056282846 162137102 10122996
0b000201 0b00c501 10022 100 922374 2064202096 154235771 10090014
0b000701 0b00c001 10032 100 707175 2090170661 128337535 10071972
0b000f01 0b00cc01 10035 100 774052 2087210644 131397013 10077580
0b000e01 0b00cc01 10010 100 1166948 2024461974 194292848 10110517
0b000a01 0b00c801 10013 100 1850974 2021307333 197769384 10167865
0b000501 0b00c201 10016 100 1356305 2054462839 164637977 10126395
0b000b01 0b00c901 10003 100 2701857 2007510773 211776409 10239204
0b000101 0b00c601 10011 100 1356711 2027936165 191363935 10126427
0b000701 0b00ce01 10028 100 825226 2083573010 135797532 10081869
0b000f01 0b00c601 10016 100 1548560 2053621774 165883449 10142512
0b000e01 0b00c301 10013 100 1257753 2026684783 192830512 10118130
0b000f01 0b00c001 10008 100 1984926 2024727001 194811506 10179096
0b000d01 0b00cc01 10014 100 1151095 2060235045 159454431 10109191
0b000b01 0b00c701 10011 100 1554246 2029488064 190252216 10142990
0b000c01 0b00ce01 10029 100 730220 2082524037 137428461 10073904
0b000201 0b00c201 10028 100 875655 2069170136 150819656 10086096
0b000901 0b00c301 10005 100 2060352 2012065112 208078857 10185422
0b000901 0b00c801 10023 100 1045463 2071803709 148419896 10100333
0b000301 0b00c601 10024 100 921107 2072895324 147351677 10089909
0b000d01 0b00c201 10005 100 1839266 2020127023 200240631 10166886
0b000601 0b00c201 10029 100 535856 2084146279 136334469 10057606
0b000901 0b00c701 10029 100 986550 2059832371 160733623 10095394
0b000201 0b00c601 10035 100 890718 2068719295 151868245 10087358
0b000f01 0b00c401 10024 100 1062914 2080227870 140379733 10101795
0b000e01 0b00c001 10035 100 671259 2087461369 133331047 10068961
0b000601 0b00c301 10020 100 1162344 2039861682 180951584 10110133
0b000601 0b00c501 10034 100 762859 2080368656 140601113 10076638
0b000301 0b00c301 10009 100 1725044 2018730188 202477831 10157311
0b000301 0b00c801 10037 100 763272 2081380300 139841859 10076675
0b000401 0b00c101 10014 100 1055522 2037285647 183945062 10101176
0b000201 0b00cb01 10024 100 794781 2080548792 140739920 10079315
0b000d01 0b00ca01 10032 100 731613 2089352687 132013039 10074019
0b000d01 0b00cb01 10007 100 2017741 2016930013 204509527 10181848
0b000c01 0b00c801 10019 100 1194484 2049961197 171574716 10112827
0b000901 0b00c101 10023 100 1131250 2096166897 125404506 10107526
0b000101 0b00cc01 10014 100 1480023 2020761654 200865758 10136768
0b000c01 0b00c901 10035 100 711448 2086066129 135615772 10072329
0b000501 0b00c501 10012 100 1338430 2041982990 179991544 10124896
0b000201 0b00cf01 10013 100 1194731 2034661112 187336930 10112847
0b000f01 0b00ce01 10021 100 1453790 2059509332 162506202 10134566
0b000e01 0b00c701 10016 100 1051596 2049087076 172996097 10100847
0b000f01 0b00cb01 10012 100 1825696 2027871643 194262552 10165747
0b000a01 0b00c501 10000 100 2877266 2002218415 219939243 10253912
0b000801 0b00c201 10008 100 1747822 2023171272 199029151 10159218
0b000801 0b00c801 10039 100 697924 2097128274 125481744 10071194
0b000f01 0b00c201 10047 100 844815 2083868228 138895317 10083510
0b000201 0b00cf01 10022 100 1105537 2046515997 176374824 10105370
0b000501 0b00c701 10036 100 898124 2079164347 143741893 10087982
0b000701 0b00c901 10025 100 793998 2089042575 134009748 10079248
0b000e01 0b00c601 10020 100 797552 2055470090 167615353 10079548
0b000201 0b00c701 10022 100 1078755 2054313200 168863650 10103123
0b000101 0b00cb01 10011 100 1425286 2023982431 199215251 10132178
0b000c01 0b00c301 10009 100 1271379 2044216768 179067973 10119274
0b000f01 0b00cf01 10033 100 795384 2089539634 133869926 10079367
0b000c01 0b00c101 10021 100 755850 2094446592 129557944 10076051
0b000001 0b00c601 10038 100 656669 2077942213 146220874 10067736
0b000901 0b00c201 10022 100 1266298 2065809242 158707808 10118849
0b000701 0b00ce01 10000 100 3432191 2002099861 222500584 10300438
0b000d01 0b00cf01 10039 100 895073 2088050511 136672908 10087726
0b000401 0b00c501 10037 100 736824 2095192482 129629245 10074456
0b000101 0b00c401 10023 100 974332 2073198764 151659672 10094370
0b000701 0b00ca01 10001 100 3199313 2002902638 221976021 10280913
0b000701 0b00c601 10039 100 750719 2096181416 128711950 10075621
0b000b01 0b00c901 10031 100 1110200 2078121383 146773209 10105762
0b000501 0b00c501 10017 100 1257054 2046478234 178426505 10118075
0b000101 0b00ce01 10031 100 796997 2095211932 129712282 10079500
0b000301 0b00cb01 10039 100 899510 2073187524 151915457 10088096
0b000e01 0b00c001 10011 100 1262424 2021869827 203243207 10118523
0b000301 0b00c201 10027 100 944202 2070993151 154133912 10091844
0b000101 0b00c701 10013 100 1297611 2057595327 167556382 10121473
0b000f01 0b00c501 10021 100 933593 2078770102 146693434 10090954
0b000901 0b00c301 10032 100 1297156 2095290609 130562795 10121436
0b000901 0b00ca01 10026 100 1260398 2067474075 158402998 10118354
0b000701 0b00c701 10013 100 1785487 2035363691 190537336 10162377
0b000701 0b00c501 10022 100 1144466 2077505361 148510683 10108634
0b000901 0b00c401 10020 100 1424431 2065503270 160712199 10132106
0b000601 0b00cf01 10007 100 1374760 2020323987 206074916 10127940
0b000301 0b00cb01 10044 100 874037 2082832031 143636203 10085962
0b000e01 0b00cd01 10034 100 596391 2093846742 132667152 10062683
0b000101 0b00c901 10002 100 1914548 2010280949 216237010 10173197
0b000001 0b00cd01 10029 100 803184 2062745771 163802282 10080022
0b000701 0b00c601 10006 100 1957410 2016170642 210429089 10176791
0b000a01 0b00c301 10027 100 773428 2090783904 135851185 10077526
0b000b01 0b00cf01 10007 100 1690856 2023522793 203414602 10154441
0b000701 0b00cb01 10034 100 1234887 2071437545 155516810 10116213
0b000401 0b00c801 10035 100 716263 2088875884 138176364 10072734
0b000201 0b00ca01 10010 100 1364364 2027032634 200111849 10127070
0b000a01 0b00c501 10017 100 1095063 2050064063 177084638 10104493
0b000401 0b00c501 10016 100 946359 2055660548 171953578 10092025
0b000501 0b00c001 10037 100 957600 2092207365 135408592 10092966
0b000901 0b00c401 10009 100 2058260 2022587715 205092108 10185247
0b000a01 0b00ca01 10017 100 1074110 2051482910 176402406 10102736
0b000b01 0b00c301 10016 100 1421791 2063078818 164814997 10131883
0b000e01 0b00ca01 10026 100 1094492 2038433284 189593707 10104444
0b000001 0b00c901 10043 100 635538 2081192065 146923710 10065965
0b000101 0b00c401 10005 100 1821327 2015777871 212447995 10165382
0b000901 0b00cc01 10008 100 1969601 2025312176 203039562 10177812
0b000c01 0b00ca01 10010 100 1152387 2041408000 187101563 10109298
0b000901 0b00cf01 10013 100 1677861 2034758030 193815470 10153352
0b000701 0b00ce01 10025 100 932128 2068137300 160446628 10090832
0b000201 0b00cc01 10015 100 1350736 2038655714 190055172 10125926
0b000d01 0b00cb01 10015 100 1628685 2030057738 198684943 10149230
0b000301 0b00c101 10010 100 1833573 2015799733 213276746 10166408
0b000d01 0b00c401 10012 100 1369193 2042126822 186962811 10127476
0b000201 0b00c001 10022 100 915083 2085003895 144173315 10089404
0b000101 0b00cd01 10032 100 981853 2084256831 144978310 10094999
0b000f01 0b00cf01 10004 100 1868001 2023776879 205547387 10169297
0b000f01 0b00cb01 10022 100 1316943 2048212909 181150423 10123092
0b000101 0b00cd01 10015 100 1400805 2040931046 188526843 10130124
0b000401 0b00c801 10020 100 1021885 2065530045 163939168 10098355
0b000a01 0b00cf01 10036 100 1173120 2075912692 153633677 10111037
0b000101 0b00c001 10011 100 1330710 2034617600 195035116 10124247
0b000901 0b00c501 10030 100 1177124 2080846198 149320761 10111373
0b000601 0b00c701 10020 100 1028331 2050546434 179676862 10098897
0b000201 0b00c501 10030 100 824790 2093000981 137282327 10081831
0b000001 0b00ce01 10042 100 653658 2084127435 146288503 10067484
0b000201 0b00c601 10015 100 1551997 2026450543 204238966 10142799
0b000d01 0b00c901 10000 100 2932429 2004461442 226244182 10258537
0b000801 0b00c101 10009 100 1860515 2015992633 215253724 10168667
0b000901 0b00cf01 10033 100 946398 2088751971 142630857 10092028
0b000901 0b00c301 10028 100 1110375 2082400348 149151359 10105776
0b000001 0b00c601 10046 100 585450 2095388368 136265894 10061766
0b000101 0b00c601 10009 100 1599732 2019901690 211758722 10146802
0b000301 0b00c701 10025 100 1034248 2075501100 156613600 10099394
0b000101 0b00c701 10008 100 1422146 2043041781 189206560 10131916
0b000301 0b00c501 10012 100 1481596 2028620039 203731630 10136898
0b000001 0b00ca01 10026 100 653898 2082718403 149689587 10067503
0b000e01 0b00c301 10039 100 554681 2092259517 140156541 10059185
0b000e01 0b00cf01 10028 100 628525 2096828761 135661154 10065377
0b000801 0b00c201 10009 100 1574895 2028901172 203644029 10144719
0b000201 0b00c901 10023 100 944934 2057552365 175180949 10091903
0b000d01 0b00cf01 10022 100 1390983 2044908165 187907234 10129300
0b000801 0b00cf01 10020 100 850169 2072923163 160195063 10083961
0b000501 0b00c401 10027 100 996292 2089894461 143447112 10096211
0b000201 0b00c201 10030 100 954125 2078096727 155333025 10092677
0b000201 0b00c801 10020 100 1119176 2069896298 163655569 10106514
0b000801 0b00c001 10019 100 1076994 2080167214 153710618 10102975
0b000b01 0b00cc01 10024 100 1138915 2056251473 177642261 10108166
0b000401 0b00cd01 10029 100 748805 2096630703 137307771 10075460
0b000501 0b00c201 10025 100 786469 2095465268 138836912 10078619
0b000a01 0b00c501 10029 100 893715 2068135397 166185634 10087610
0b000501 0b00ce01 10010 100 1501161 2030196897 204275841 10138540
0b000b01 0b00cc01 10035 100 904774 2091118252 143473107 10088537
0b000301 0b00ca01 10039 100 745869 2096481466 138158286 10075214
0b000a01 0b00c701 10041 100 756344 2080761426 153921156 10076094
0b000e01 0b00cb01 10027 100 704606 2087849902 147019279 10071755
0b000401 0b00c301 10023 100 1321651 2040309973 194725296 10123488
0b000d01 0b00c801 10030 100 739308 2082854923 152280569 10074666
0b000401 0b00c801 10005 100 1671804 2017124170 218128252 10152844
0b000301 0b00c401 10028 100 930409 2082408871 152845576 10090687
0b000501 0b00c801 10026 100 785429 2096522339 138770459 10078532
0b000701 0b00ca01 10017 100 1521788 2047594178 187710613 10140267
0b000c01 0b00c901 10013 100 1300648 2042361292 193027797 10121727
0b000501 0b00cc01 10015 100 1554094 2025885796 209519956 10142978
0b000d01 0b00c201 10025 100 1194165 2068118376 167327489 10112802
0b000101 0b00c901 10011 100 1783091 2031811714 203694252 10162177
0b000501 0b00c401 10021 100 1241571 2079621184 156072021 10116774
0b000801 0b00cf01 10024 100 903119 2087424664 148278135 10088400
0b000e01 0b00c401 10014 100 1132896 2041695054 194284063 10107662
0b000b01 0b00c701 10037 100 996268 2088507192 147613571 10096209
0b000c01 0b00ca01 10011 100 1337116 2043091162 193119856 10124787
0b000301 0b00c601 10018 100 1112136 2057970903 178302533 10105924
0b000301 0b00cb01 10019 100 1556911 2029339778 207014821 10143211
0b000701 0b00c801 10011 100 1644182 2039548610 196826118 10150531
0b000001 0b00c801 10026 100 887955 2052210016 184202206 10087126
0b000e01 0b00c301 10026 100 986987 2067859136 168581531 10095429
0b000201 0b00cc01 10032 100 823622 2088105833 148344918 10081733
0b000b01 0b00c201 10036 100 929254 2091427425 145570065 10090591
0b000801 0b00c501 10031 100 1071693 2083673655 153444344 10102531
0b000901 0b00cd01 10023 100 1657886 2059999524 177493124 10151677
0b000701 0b00cd01 10027 100 1449788 2076919719 160668490 10134231
0b000801 0b00c801 10010 100 1919735 2015957385 221665032 10173631
0b000b01 0b00c301 10008 100 1704528 2040463366 197302868 10155589
0b000701 0b00c901 10027 100 765770 2090363579 147527001 10076883
0b000801 0b00c201 10032 100 1053500 2094856519 143159148 10101007
0b000401 0b00c701 10019 100 1213414 2060253872 178023065 10114414
0b000d01 0b00c601 10021 100 955184 2066288999 172087771 10092765
0b000101 0b00cb01 10008 100 1956274 2015787093 222595980 10176696
0b000001 0b00c801 10051 100 662237 2099178111 139378975 10068204
0b000d01 0b00c601 10029 100 845792 2077550863 161230206 10083592
0b000701 0b00c301 10008 100 2544020 2030918650 208079231 10225974
0b000501 0b00cc01 10041 100 855006 2098410284 140621076 10084367
0b000b01 0b00c501 10006 100 1923175 2020912344 218224407 10173922
0b000501 0b00c201 10017 100 1381090 2056653729 182539350 10128474
0b000d01 0b00cc01 10027 100 648168 2095795991 143836044 10067025
0b000b01 0b00c701 10032 100 1237419 2079874372 160125480 10116427
0b000b01 0b00cf01 10021 100 1311689 2076200925 164167940 10122653
0b000201 0b00c801 10014 100 1339625 2052432882 187969044 10124995
0b000a01 0b00c401 10007 100 1676708 2025848133 214579423 10153256
0b000901 0b00ca01 10005 100 2267997 2012640891 227878591 10202828
0b000f01 0b00ce01 10024 100 1475530 2067049026 173901225 10136390
0b000301 0b00c601 10030 100 1155175 2081848759 159252264 10109533
0b000001 0b00ce01 10045 100 601652 2089101449 152224544 10063123
0b000201 0b00c001 10007 100 1431513 2031833428 209582040 10132699
0b000e01 0b00c401 10001 100 1773500 2005140351 236293330 10161372
0b000701 0b00c201 10035 100 1111850 2088522556 152992454 10105898
0b000301 0b00c401 10007 100 1665818 2025685221 215837599 10152342
0b000a01 0b00cb01 10010 100 1838821 2026309959 215286121 10166847
0b000e01 0b00c201 10034 100 816511 2069544125 172102571 10081138
0b000901 0b00c901 10005 100 2887376 2008513771 233272910 10254760
0b000201 0b00c701 10016 100 1394794 2039365078 202465161 10129620
0b000301 0b00c401 10030 100 840611 2093079180 148761313 10083158
0b000901 0b00c701 10017 100 1638126 2037262498 204635274 10150023
0b000101 0b00cd01 10033 100 1063096 2086564638 155457665 10101813
0b000901 0b00c901 10004 100 3081688 2007481381 234634044 10271049
0b000a01 0b00c401 10027 100 812107 2082588719 159640521 10080770
0b000001 0b00cf01 10035 100 730073 2081979116 160278277 10073892
0b000e01 0b00cc01 10027 100 817655 2069723752 172562734 10081233
0b000b01 0b00c301 10006 100 1979495 2036396429 206255918 10178642
0b000201 0b00c601 10029 100 1246295 2053349429 189310849 10117172
0b000801 0b00cd01 10020 100 1278405 2053802500 188960639 10119863
0b000901 0b00cc01 10024 100 1001182 2082864724 160250242 10096622
0b000401 0b00c601 10015 100 1520747 2036548615 206587281 10140180
0b000f01 0b00c201 10033 100 1621948 2053889363 189280158 10148664
0b000c01 0b00c801 10008 100 1690619 2022049148 221258973 10154422
0b000b01 0b00ca01 10025 100 1331631 2072302698 171063329 10124325
0b000b01 0b00c301 10020 100 1402936 2081537893 162020300 10130302
0b000d01 0b00ca01 10011 100 1840077 2044706670 198973154 10166955
0b000c01 0b00cd01 10037 100 953266 2094503624 149435762 10092604
0b000e01 0b00c101 10042 100 594684 2099037374 144925952 10062539
0b000b01 0b00c901 10028 100 1419782 2074969784 169044019 10131715
0b000101 0b00c501 10009 100 1821449 2018501765 225841835 10165392
0b000101 0b00c801 10021 100 1246741 2058192607 186197633 10117207
0b000501 0b00c001 10020 100 1730936 2031660625 212888477 10157801
0b000b01 0b00cc01 10036 100 959914 2097862549 146689525 10093159
0b000301 0b00c301 10036 100 1042429 2089677530 154891420 10100079
0b000501 0b00c701 10018 100 1478182 2037310457 207328007 10136613
0b000601 0b00c701 10015 100 1241657 2037922325 206776066 10116781
0b000801 0b00c001 10023 100 1181982 2085810996 158958787 10111777
0b000501 0b00c901 10010 100 1827889 2020992335 223784601 10165930
0b000c01 0b00c001 10028 100 927532 2093294404 151587383 10090446
0b000401 0b00c001 10014 100 1148895 2065321756 179575882 10109003
0b000101 0b00cb01 10026 100 1349044 2074843765 170254735 10125787
0b000a01 0b00c901 10013 100 1596678 2031593233 213560022 10146546
0b000e01 0b00c201 10033 100 972118 2068078283 177190289 10094185
0b000b01 0b00c501 10021 100 1482443 2063553762 181866873 10136970
0b000d01 0b00c101 10027 100 1143545 2090695858 154742163 10108556
0b000f01 0b00c601 10026 100 1451163 2079016955 166464380 10134348
0b000601 0b00c801 10003 100 1900478 2009064170 236574334 10172018
0b000401 0b00c101 10028 100 1104078 2069677758 176259414 10105249
0b000b01 0b00c501 10007 100 1796554 2026352498 219622008 10163304
0b000a01 0b00c701 10024 100 1846638 2053042696 193323770 10167503
0b000401 0b00c001 10011 100 1407782 2047916444 198543493 10130709
0b000201 0b00ce01 10012 100 1667239 2025102399 221630379 10152464
0b000f01 0b00ce01 10027 100 1342401 2085182216 161575004 10125229
0b000001 0b00ce01 10013 100 1305264 2032995908 213987675 10122116
0b000101 0b00cb01 10033 100 1373538 2086546315 160469751 10127839
0b000e01 0b00c301 10043 100 747780 2098004432 149083044 10075374
0b000601 0b00c101 10000 100 2168594 2004845420 242410783 10194496
0b000001 0b00c701 10011 100 1450903 2020748500 226538424 10134324
0b000201 0b00c201 10022 100 1379526 2057541759 190057281 10128341
0b000b01 0b00c001 10018 100 1495332 2044897665 203151168 10138051
0b000c01 0b00c801 10027 100 1090619 2067183272 181392724 10104118
0b000b01 0b00c601 10036 100 1077423 2098096450 150605031 10103013
0b000401 0b00c401 10007 100 1453982 2032341018 216407343 10134581
0b000201 0b00cb01 10016 100 1209623 2061471193 187383936 10114096
0b000b01 0b00c301 10023 100 1184509 2093794759 155109379 10111991
0b000501 0b00c701 10009 100 2013105 2022183791 226828301 10181462
0b000c01 0b00cb01 10026 100 1000646 2069430253 179604159 10096575
0b000c01 0b00cf01 10028 100 1078643 2070537444 178563784 10103114
0b000101 0b00c901 10013 100 1424151 2036762304 212457724 10132084
0b000101 0b00c601 10008 100 1917097 2019552333 229693551 10173412
0b000801 0b00cf01 10012 100 1708662 2041519338 207792667 10155935
0b000901 0b00c801 10027 100 1297256 2087271535 162347532 10121444
0b000901 0b00c701 10024 100 1866734 2052360709 197281709 10169188
0b000901 0b00c901 10032 100 1568042 2076941632 172939647 10144148
0b000b01 0b00cc01 10030 100 1091775 2073225766 176699550 10104215
0b000601 0b00c501 10011 100 1380676 2030150196 219814705 10128437
0b000e01 0b00c801 10004 100 1779029 2006537300 243430128 10161837
0b000901 0b00c501 10031 100 1335474 2084337053 165829050 10124648
0b000e01 0b00c001 10014 100 1492373 2033142996 217108406 10137802
0b000001 0b00c401 10018 100 1076499 2055967718 194285915 10102935
0b000601 0b00c901 10000 100 3146797 2001245481 249082169 10276508
0b000501 0b00c901 10035 100 1400944 2097959014 152434546 10130135
0b000601 0b00c101 10024 100 955173 2079485549 170955243 10092764
0b000101 0b00cc01 10023 100 1483395 2037898658 212544310 10137050
0b000101 0b00c001 10008 100 1770631 2024199818 226251499 10161131
0b000e01 0b00c101 10019 100 1309880 2050156363 200362645 10122500
0b000801 0b00c001 10015 100 1314664 2063635282 186951094 10122902
0b000a01 0b00c101 10014 100 1373823 2065448587 185331616 10127862
0b000f01 0b00cc01 10038 100 1165735 2095173418 155639598 10110416
0b000401 0b00cb01 10038 100 923412 2086750127 164201432 10090101
0b000301 0b00c501 10030 100 1258486 2072878724 178096691 10118193
0b000e01 0b00ca01 10031 100 1181195 2051620065 199500443 10111714
0b000b01 0b00cf01 10006 100 2050816 2022999142 228345982 10184621
0b000701 0b00c901 10000 100 8753772 2000193412 251425692 10746597
0b000901 0b00c001 10034 100 1288612 2097369554 154307257 10120718
0b000401 0b00c401 10011 100 1282712 2052900415 198967432 10120223
0b000801 0b00c701 10028 100 1537492 2056382576 195556476 10141585
0b000e01 0b00ce01 10002 100 2015729 2004800055 247240807 10181679
0b000101 0b00c001 10028 100 1209737 2098262803 153831859 10114105
0b000401 0b00cb01 10007 100 1632397 2025189144 226923684 10149542
0b000f01 0b00ca01 10039 100 1387799 2090868507 161373968 10129033
0b000e01 0b00c201 10013 100 1581333 2025704452 226578772 10145261
0b000901 0b00c301 10026 100 1506450 2081898530 170453698 10138982
0b000a01 0b00c001 10016 100 1418726 2047216988 205356194 10131627
0b000101 0b00c101 10009 100 2177440 2018246190 234355475 10195238
0b000f01 0b00c501 10023 100 1419711 2090536270 162140793 10131709
0b000d01 0b00c701 10027 100 1304062 2069644189 183357775 10122016
0b000701 0b00c101 10022 100 1611520 2069264655 183741708 10147791
0b000101 0b00c401 10022 100 1271640 2070981106 182307242 10119295
0b000901 0b00c901 10010 100 2432993 2015862233 237505682 10216662
0b000201 0b00c801 10017 100 1269928 2060169892 193526056 10119151
0b000801 0b00c201 10034 100 1204631 2096324317 157413115 10113677
0b000f01 0b00c401 10029 100 1281833 2094187074 159652319 10120149
0b000c01 0b00cb01 10003 100 2223095 2012138565 241738913 10199067
0b000c01 0b00c701 10033 100 907022 2097111575 156819418 10088728
0b000601 0b00c001 10004 100 1679102 2019573523 234504345 10153459
0b000b01 0b00cb01 10021 100 1416630 2067256616 186825534 10131451
0b000d01 0b00cc01 10009 100 1530169 2042780295 211423316 10140972
0b000501 0b00c501 10013 100 1658744 2042327853 211887745 10151750
0b000101 0b00cd01 10019 100 1462776 2044550114 209802146 10135320
0b000f01 0b00c901 10025 100 1629092 2064120905 190262372 10149266
0b000201 0b00cb01 10010 100 1622931 2028010384 226384343 10148746
0b000601 0b00c601 10038 100 967978 2087395247 167008173 10093835
0b000001 0b00c701 10039 100 769050 2079117160 175348972 10077160
0b000f01 0b00ca01 10040 100 1240648 2094638237 159937849 10116697
0b000201 0b00c201 10003 100 1949280 2012149200 242437816 10176110
0b000a01 0b00c201 10012 100 2054201 2023331322 231269883 10184907
0b000701 0b00cf01 10034 100 1259022 2096328873 158274506 10118240
0b000501 0b00c701 10016 100 1891502 2035073607 219619513 10171265
0b000b01 0b00c601 10034 100 1339512 2094362465 160372487 10124986
0b000b01 0b00ce01 10018 100 1548090 2084190282 170713281 10142475
0b000701 0b00ca01 10012 100 1804143 2036077574 218855892 10163942
0b000e01 0b00cf01 10024 100 1008900 2087451762 167680338 10097266
0b000601 0b00c601 10029 100 1072857 2070145307 185032416 10102628
0b000a01 0b00cd01 10014 100 1614157 2052369568 203340327 10148014
0b000101 0b00c701 10029 100 1377134 2089245211 166511712 10128142
0b000b01 0b00c901 10027 100 1347183 2069583220 186217611 10125630
0b000f01 0b00c101 10021 100 1754380 2054115059 201827571 10159769
0b000401 0b00c101 10012 100 1615959 2030664681 225815780 10148162
0b000d01 0b00cf01 10012 100 1854954 2029720495 226967105 10168199
0b000c01 0b00c301 10030 100 989159 2087360322 169369138 10095614
0b000d01 0b00cd01 10029 100 1218318 2074048540 182871782 10114826
0b000c01 0b00c701 10013 100 1427865 2043388064 213540252 10132392
0b000d01 0b00ce01 10016 100 1370974 2053074963 203913713 10127622
0b000201 0b00c301 10033 100 990375 2083308558 173731251 10095715
0b000901 0b00ce01 10007 100 2020279 2029312505 227790328 10182062
0b000601 0b00c301 10017 100 1191159 2034949060 222221239 10112550
0b000501 0b00c901 10018 100 1745430 2045844617 211439882 10159019
0b000001 0b00cd01 10014 100 1563027 2023152665 234323543 10143727
0b000c01 0b00ca01 10017 100 1392588 2068270837 189298098 10129436
0b000d01 0b00cf01 10006 100 2314367 2021440868 236180626 10206718
0b000601 0b00c801 10015 100 1314535 2045907568 211767240 10122892
0b000c01 0b00c701 10010 100 1697126 2035922663 221769502 10154970
0b000901 0b00cd01 10015 100 1806117 2039621182 218122631 10164108
0b000401 0b00ce01 10017 100 1429480 2041605838 216183354 10132529
0b000801 0b00c601 10026 100 1001752 2081836154 176190345 10096667
0b000801 0b00c201 10026 100 1211991 2074705380 183355030 10114293
0b000401 0b00c601 10006 100 1851096 2019627997 238568026 10167879
0b000801 0b00c801 10017 100 1750319 2036111581 222112541 10159429
0b000201 0b00cd01 10028 100 1349429 2068647426 189645740 10125818
0b000101 0b00c101 10021 100 1707937 2055286319 203039020 10155873
0b000f01 0b00cf01 10014 100 1837422 2043062139 215410481 10166731
0b000801 0b00c501 10014 100 1728461 2037437758 221273057 10157596
0b000601 0b00c001 10027 100 999489 2081249045 177490700 10096479
0b000401 0b00c101 10004 100 1987590 2013635639 245110561 10179321
0b000701 0b00c801 10021 100 1688721 2066477633 192286762 10154263
0b000501 0b00c301 10012 100 1839669 2034592895 224178357 10166919
0b000601 0b00cd01 10035 100 1017463 2076046256 182785942 10097986
0b000501 0b00ca01 10030 100 1660589 2096438608 162579976 10151905
0b000401 0b00c101 10006 100 1568572 2022754330 236311795 10144190
0b000b01 0b00c401 10004 100 3009299 2010514574 248848061 10264982
0b000a01 0b00cb01 10022 100 1815872 2062668593 196823866 10164923
0b000c01 0b00c401 10032 100 1207543 2066239107 193274833 10113922
0b000201 0b00c401 10034 100 1069918 2086453230 173240675 10102382
0b000701 0b00c101 10015 100 1663297 2054764097 204970533 10152133
0b000e01 0b00cc01 10024 100 1146925 2062687970 197091581 10108838
0b000601 0b00ce01 10018 100 1217986 2055697616 204154883 10114796
0b000a01 0b00c401 10006 100 2263064 2023779466 236119202 10202418
0b000501 0b00cd01 10017 100 1600784 2049700611 210296813 10146890
0b000201 0b00c001 10018 100 1238502 2068832802 191383551 10116517
0b000901 0b00c501 10004 100 3375293 2009265601 251031534 10295667
0b000001 0b00c001 10028 100 1277649 2052943040 207586642 10119799
0b000801 0b00ce01 10011 100 1967314 2031668455 228997996 10177622
0b000401 0b00c501 10033 100 1090410 2083347371 177546455 10104102
0b000b01 0b00c001 10029 100 1318678 2075923681 184991937 10123239
0b000a01 0b00cc01 10022 100 1351777 2060963774 200031909 10126013
0b000d01 0b00c701 10029 100 963616 2085119735 175943521 10093471
0b000601 0b00c901 10016 100 1126322 2051716546 209377629 10107113
0b000f01 0b00c301 10011 100 2351138 2021254853 239900958 10209802
0b000c01 0b00c801 10033 100 799217 2098289589 163156731 10079689
0b000f01 0b00c801 10018 100 1828483 2052860556 208625758 10165982
0b000601 0b00cd01 10017 100 1237562 2040259194 221250323 10116438
0b000e01 0b00c001 10015 100 1434486 2033566090 228540246 10132949
0b000401 0b00cb01 10033 100 1161911 2082159807 179974584 10110094
0b000b01 0b00cc01 10017 100 1981537 2035121746 227112517 10178813
0b000b01 0b00c201 10011 100 1724778 2042477669 219757000 10157286
0b000b01 0b00cd01 10026 100 1539587 2096101475 166413064 10141760
0b000e01 0b00ca01 10040 100 973590 2084181021 178356290 10094307
0b000b01 0b00c401 10022 100 1683231 2043319866 219259325 10153805
0b000501 0b00ce01 10026 100 1618708 2063014840 199644142 10148393
0b000701 0b00c101 10009 100 1943121 2035056888 227898399 10175594
0b000601 0b00c901 10021 100 1026245 2065389700 197639798 10098723
0b000c01 0b00c401 10035 100 1385526 2072933359 190126132 10128844
0b000801 0b00c501 10017 100 1583558 2046699718 216391737 10145447
0b000601 0b00c301 10021 100 1419839 2040251915 222879399 10131719
0b000a01 0b00c301 10022 100 1516590 2070602314 192556265 10139832
0b000501 0b00c501 10006 100 1828775 2023903856 239324814 10166005
0b000c01 0b00c001 10011 100 1403149 2052071686 211305977 10130323
0b000c01 0b00ce01 10019 100 1436275 2050703615 212677517 10133100
0b000401 0b00c101 10013 100 1695342 2034816837 228649121 10154820
0b000301 0b00c101 10043 100 877196 2096260748 167263149 10086227
0b000801 0b00cb01 10025 100 1520418 2068604367 194947212 10140154
0b000f01 0b00c101 10017 100 1865625 2048561571 215081217 10169095
0b000901 0b00c701 10042 100 1721272 2088962967 174876853 10156994
0b000501 0b00c601 10029 100 1221831 2088069516 175775603 10115118
0b000101 0b00c201 10014 100 1741292 2043036224 220839484 10158672
0b000f01 0b00c901 10029 100 1246079 2080361032 183537001 10117154
0b000e01 0b00cf01 10014 100 1523029 2043475605 220468514 10140374
0b000c01 0b00c201 10031 100 1177532 2089592071 174388418 10111406
0b000901 0b00c601 10030 100 1959580 2091831993 172529474 10176972
0b000801 0b00c201 10014 100 1758509 2042046256 222471081 10160115
0b000301 0b00c001 10025 100 1800644 2073668422 190886276 10163647
0b000c01 0b00c901 10030 100 1108419 2081182988 183471749 10105612
0b000301 0b00c201 10021 100 1464021 2050742506 214183323 10135427
0b000901 0b00c501 10037 100 1534279 2092873285 172085611 10141316
0b000101 0b00cd01 10014 100 1857345 2040654088 224427203 10168402
0b000501 0b00c001 10022 100 1686571 2039793481 225877436 10154083
0b000c01 0b00cd01 10035 100 1038168 2090460022 175339065 10099723
0b000f01 0b00cf01 10017 100 1938496 2053337348 212704225 10175205
0b000101 0b00c501 10014 100 1956237 2033981041 232127418 10176693
0b000301 0b00cd01 10022 100 1418816 2062945404 203232240 10131634
0b000c01 0b00c601 10006 100 1987099 2024536867 241769563 10179281
0b000e01 0b00c601 10012 100 1628155 2033324257 233228790 10149187
0b000c01 0b00ce01 10025 100 1398851 2078527887 188207411 10129960
0b000f01 0b00ce01 10005 100 2945777 2019216472 247734094 10259654
0b000801 0b00c801 10019 100 1941912 2040298441 227037182 10175490
0b000a01 0b00c401 10023 100 1299777 2072476732 194926575 10121654
0b000401 0b00c701 10012 100 1441423 2051310668 216173307 10133531
0b000001 0b00c701 10038 100 998421 2076459891 191081945 10096389
0b000c01 0b00c701 10009 100 1844168 2032550747 235103502 10167298
0b000501 0b00cb01 10031 100 2138741 2075922759 192174212 10191993
0b000d01 0b00cf01 10037 100 1327518 2081681184 186448737 10123980
0b000801 0b00ce01 10037 100 1344387 2086342886 182159273 10125395
0b000c01 0b00c201 10000 100 3300312 2003440415 265090049 10289380
0b000a01 0b00ce01 10019 100 1475334 2062269686 206360194 10136374
0b000201 0b00c901 10033 100 999702 2095346077 173458068 10096496
0b000a01 0b00c601 10005 100 2393725 2013787285 255186203 10213370
0b000001 0b00c801 10042 100 1046775 2082366036 186666039 10100442
0b000101 0b00c801 10037 100 1625764 2098985131 170258042 10148984
0b000201 0b00ca01 10022 100 1310367 2082446286 187192113 10122543
0b000301 0b00c901 10015 100 1635488 2051771028 217968717 10149801
0b000801 0b00c601 10003 100 2214760 2013350097 256523880 10198366
0b000601 0b00cc01 10041 100 1000948 2088697813 181348734 10096599
0b000901 0b00c101 10018 100 2044569 2067264549 202896955 10184098
0b000301 0b00c301 10023 100 1775623 2057668006 212495175 10161549
0b000701 0b00ce01 10023 100 1862066 2056166178 214017893 10168799
0b000401 0b00c201 10019 100 1493768 2052185699 218013193 10137918
0b000d01 0b00c201 10033 100 1537144 2078956896 191300258 10141557
0b000f01 0b00c101 10035 100 1782801 2097990160 172369105 10162150
0b000d01 0b00c201 10024 100 1327919 2067423693 202999921 10124013
0b000201 0b00cc01 10019 100 1611844 2049274882 221181307 10147817
0b000b01 0b00c901 10014 100 1938929 2043993674 226581404 10175240
0b000101 0b00c301 10001 100 3158767 2005170162 265463992 10277511
0b000001 0b00c701 10026 100 1293989 2050809398 220899882 10121168
0b000a01 0b00c401 10010 100 1970722 2037812689 233973744 10177906
0b000701 0b00c601 10018 100 1993460 2041387126 230454097 10179813
0b000101 0b00c001 10019 100 1534095 2055308908 216561347 10141302
0b000401 0b00c401 10030 100 1197501 2091052943 180980133 10113080
0b000e01 0b00cb01 10008 100 1697547 2019521496 252536335 10155004
0b000701 0b00c301 10031 100 1593812 2070239808 201834408 10146305
0b000d01 0b00c901 10027 100 1769305 2056742972 215360956 10161021
0b000901 0b00c501 10023 100 1917098 2051896430 220536120 10173412
0b000701 0b00c301 10010 100 2184829 2033986189 238726689 10195856
0b000d01 0b00c401 10028 100 1532012 2084081899 188655656 10141127
0b000701 0b00c401 10021 100 1866543 2060665231 212151737 10169172
0b000d01 0b00c001 10028 100 1263152 2080500009 192737238 10118585
0b000e01 0b00ce01 10005 100 1969206 2013368525 260047973 10177781
0b000801 0b00c501 10027 100 1386333 2069904178 203717165 10128912
0b000601 0b00c601 10020 100 1474886 2038255717 235409374 10136334
0b000e01 0b00ca01 10041 100 1065133 2084559800 189261002 10101984
0b000801 0b00c401 10030 100 1427850 2084048640 189875450 10132391
0b000001 0b00c301 10018 100 1299402 2061285693 212663071 10121624
0b000f01 0b00c801 10022 100 1977289 2069006499 204962952 10178458
0b000701 0b00ca01 10031 100 1148290 2089124608 185148306 10108955
0b000101 0b00c401 10030 100 1365433 2085393432 189004353 10127160
0b000801 0b00c801 10018 100 2179940 2038033807 236413061 10195446
0b000e01 0b00c801 10041 100 997669 2094490078 179997569 10096325
0b000b01 0b00c201 10021 100 1518594 2066289594 208326816 10140000
0b000501 0b00c801 10009 100 1905338 2028386323 246237475 10172426
0b000501 0b00cb01 10008 100 1929303 2023643123 251162135 10174435
0b000001 0b00c601 10049 100 1000018 2097403357 177538225 10096525
0b000d01 0b00ca01 10034 100 1339612 2094736392 180236690 10124994
0b000201 0b00cd01 10009 100 2082588 2012299925 262687381 10187285
0b000601 0b00ca01 10010 100 1570400 2031603962 243394363 10144344
0b000101 0b00c801 10030 100 1438874 2083618598 191503694 10133315
0b000301 0b00cd01 10014 100 1802663 2054007166 221456193 10163816
0b000901 0b00c401 10026 100 1577791 2092071826 183510648 10144962
0b000301 0b00c701 10019 100 1863079 2061589077 214032331 10168884
0b000b01 0b00ca01 10030 100 1785317 2075772623 200170422 10162363
0b000801 0b00cf01 10017 100 1433904 2065333907 210710575 10132898
0b000d01 0b00cc01 10023 100 1506459 2087605846 188569237 10138983
0b000c01 0b00c501 10011 100 1767867 2024318207 251916306 10160898
0b000301 0b00c501 10023 100 1793500 2064994121 211388891 10163048
0b000901 0b00c901 10020 100 2494603 2044442604 232060894 10221829
0b000501 0b00cf01 10007 100 2038308 2022319801 254264189 10183574
0b000a01 0b00c001 10020 100 1818030 2055977067 220690176 10165107
0b000201 0b00ca01 10024 100 1240256 2096897154 179917405 10116665
0b000a01 0b00cc01 10032 100 1412062 2096858043 180136099 10131070
0b000a01 0b00cf01 10025 100 1721996 2063698431 213307482 10157052
0b000001 0b00c901 10021 100 1442053 2042760823 234446015 10133585
0b000201 0b00cf01 10029 100 1444507 2077450021 199895479 10133789
0b000e01 0b00cb01 10007 100 1737178 2018671991 258717687 10158328
0b000301 0b00ca01 10032 100 1973656 2083385580 194161194 10178152
0b000b01 0b00c601 10032 100 1540459 2069124138 208443649 10141834
0b000001 0b00ca01 10015 100 1224980 2050582989 227186440 10115382
0b000701 0b00c601 10022 100 2415253 2049386275 228393002 10215177
0b000201 0b00ce01 10041 100 1107520 2093615311 184202534 10105536
0b000a01 0b00ca01 10012 100 2334296 2038008293 239873119 10208390
0b000301 0b00c701 10027 100 1257023 2085213568 192722738 10118072
0b000e01 0b00cf01 10009 100 1422921 2029988336 248025042 10131978
0b000201 0b00cf01 10036 100 1212259 2088047288 189967983 10114318
0b000101 0b00cb01 10025 100 1508035 2070819863 207288208 10139117
0b000401 0b00c501 10026 100 1304349 2076299564 201939389 10122039
0b000f01 0b00cc01 10032 100 1717028 2081800449 196780672 10156639
0b000701 0b00c601 10013 100 2769347 2033378230 245287834 10244864
0b000101 0b00c101 10030 100 1936951 2075165312 203510906 10175074
0b000e01 0b00c501 10026 100 1351609 2074351443 204420468 10126000
0b000a01 0b00c501 10038 100 1277955 2093693551 185150064 10119823
0b000401 0b00c601 10039 100 1605939 2093749134 185126003 10147322
0b000001 0b00c301 10031 100 854477 2089361536 189614214 10084321
0b000101 0b00ca01 10011 100 1938082 2022237941 256744969 10175172
0b000d01 0b00cf01 10041 100 1427648 2092332838 186672791 10132375
0b000d01 0b00c401 10021 100 1465662 2066010976 213007414 10135562
0b000f01 0b00cf01 10028 100 2009821 2073473343 205772624 10181184
0b000b01 0b00cf01 10014 100 2313310 2041347684 237904770 10206630
0b000b01 0b00cf01 10017 100 1915806 2052987420 226768847 10173301
0b000201 0b00c101 10020 100 1759538 2050251568 229651987 10160201
0b000701 0b00c501 10020 100 1766935 2073712839 206328859 10160820
0b000d01 0b00c701 10032 100 1382063 2096748347 183316579 10128555
0b000101 0b00c301 10018 100 2287594 2047151099 232939649 10204473
0b000001 0b00cf01 10002 100 2487503 2005786901 274304830 10221234
0b000701 0b00cf01 10022 100 1901513 2069370812 210842274 10172104
0b000b01 0b00c501 10018 100 1835133 2055893698 224395420 10166540
0b000801 0b00c101 10035 100 1338606 2080252718 200052648 10124910
0b000201 0b00cf01 10033 100 1239351 2081450896 198901038 10116589
0b000901 0b00c401 10029 100 1750415 2096157198 184633859 10159437
0b000701 0b00cf01 10031 100 1535000 2090411163 190422848 10141374
0b000301 0b00c301 10017 100 1913439 2043801810 237042115 10173104
0b000f01 0b00ce01 10032 100 1355963 2097452464 183459928 10126364
0b000e01 0b00c601 10036 100 879660 2096060823 184898465 10086432
0b000d01 0b00c201 10026 100 1487981 2068396281 212858196 10137432
0b000101 0b00c701 10031 100 1681006 2090589490 190783330 10153619
0b000101 0b00cf01 10039 100 1274584 2098364625 183086287 10119542
0b000601 0b00c101 10003 100 1900799 2012063593 269467331 10172043
0b000601 0b00c001 10013 100 1563086 2036921430 244827563 10143732
0b000301 0b00ce01 10020 100 2287257 2047518216 234238141 10204446
0b000501 0b00c701 10038 100 1390658 2093535516 188340539 10129274
0b000f01 0b00c601 10006 100 3248444 2026919084 255235073 10285031
0b000f01 0b00cf01 10001 100 2820541 2014380115 267805515 10249155
0b000b01 0b00c801 10024 100 1578732 2071062318 211224104 10145041
0b000901 0b00ce01 10010 100 2699998 2045675537 236619900 10239047
0b000a01 0b00cb01 10036 100 1311198 2097085349 185293858 10122613
0b000601 0b00c301 10024 100 1334110 2046668369 235736815 10124535
0b000e01 0b00cf01 10027 100 911395 2093025557 189439843 10089093
0b000301 0b00cb01 10032 100 1897799 2059010205 223589102 10171792
0b000d01 0b00ca01 10031 100 1615489 2085970801 196729931 10148124
0b000101 0b00c101 10025 100 1678304 2062854494 219939530 10153391
0b000b01 0b00cb01 10012 100 2470497 2042537132 240276325 10219808
0b000201 0b00c801 10029 100 1151188 2097950339 184895332 10109198
0b000e01 0b00ca01 10012 100 1784492 2012790156 270113066 10162293
0b000a01 0b00c601 10022 100 2025022 2061901903 221093228 10182461
0b000d01 0b00cb01 10018 100 2335494 2041294929 241770327 10208489
0b000501 0b00cf01 10026 100 1618816 2076509666 206652699 10148402
0b000e01 0b00c901 10006 100 1748216 2021779643 261443888 10159253
0b000f01 0b00c401 10028 100 1773476 2087086758 196316318 10161370
0b000301 0b00c501 10025 100 1600254 2066393678 217063625 10146848
0b000101 0b00c601 10004 100 2438998 2009900978 273652889 10217165
0b000e01 0b00c601 10016 100 1527217 2043254689 240392019 10140724
0b000b01 0b00c701 10022 100 1951425 2056173406 227521275 10176289
0b000f01 0b00c101 10012 100 3207056 2026290402 257652676 10281563
0b000201 0b00cd01 10034 100 1437006 2083027926 200950134 10133162
0b000c01 0b00cc01 10010 100 2112971 2020186625 263860422 10189831
0b000f01 0b00c401 10019 100 1964922 2059231523 224821826 10177419
0b000a01 0b00c001 10017 100 2325431 2052024972 232069553 10207646
0b000201 0b00c201 10021 100 1943537 2056356479 227810269 10175627
0b000c01 0b00cc01 10008 100 2237828 2016291294 268255134 10200300
0b000e01 0b00c501 10008 100 1717302 2024235502 260567267 10156661
0b000e01 0b00c001 10016 100 1604944 2034927951 250069394 10147238
0b000901 0b00ca01 10025 100 1892595 2064846374 220173580 10171356
0b000e01 0b00c201 10028 100 1395545 2058176580 227013900 10129684
0b000501 0b00cd01 10018 100 1899156 2050279492 235025252 10171908
0b000201 0b00c901 10003 100 2492341 2009285955 276200561 10221640
0b000701 0b00c201 10020 100 1933463 2057711530 228223070 10174783
0b000b01 0b00c801 10032 100 1998839 2080260790 205796546 10180263
0b000d01 0b00cf01 10030 100 1567603 2072707997 213672130 10144109
0b000001 0b00c601 10022 100 1498545 2043256814 243149974 10138319
0b000d01 0b00c301 10029 100 1329520 2086021757 200569549 10124148
0b000301 0b00cb01 10033 100 1947872 2061783441 224892342 10175990
0b000901 0b00c701 10030 100 2017224 2063245886 223438482 10181807
0b000301 0b00c001 10020 100 1730321 2065909631 220818776 10157752
0b000a01 0b00c701 10037 100 1657361 2071657355 215136166 10151635
0b000001 0b00c901 10019 100 1388912 2039390925 248078656 10129126
0b000401 0b00c801 10013 100 1660936 2051483853 235990113 10151933
0b000601 0b00c001 10008 100 1754641 2031140919 256367478 10159790
0b000f01 0b00c201 10044 100 1570596 2081842314 205699874 10144360
0b000901 0b00c801 10014 100 2750857 2047653024 239891977 10243312
0b000e01 0b00c501 10037 100 1089062 2096215379 191351992 10103990
0b000f01 0b00ce01 10009 100 2519087 2027781942 259815695 10223883
0b000501 0b00cd01 10025 100 1809752 2074264791 213350596 10164410
0b000f01 0b00c001 10034 100 1916770 2088781186 198857373 10173382
0b000601 0b00c201 10000 100 8905163 2000461328 287742723 10759292
0b000001 0b00cf01 10041 100 1194372 2091234265 197011531 10112818
0b000701 0b00c201 10025 100 1768979 2070538065 218028374 10160991
0b000d01 0b00ca01 10006 100 2161292 2033972907 254718053 10193885
0b000e01 0b00cd01 10018 100 1406061 2060072694 228659264 10130567
0b000f01 0b00c701 10018 100 2425134 2053010629 235939315 10216006
0b000e01 0b00c701 10018 100 1434128 2058243118 230767691 10132920
0b000801 0b00c901 10014 100 2383047 2044898610 244118997 10212478
0b000801 0b00c801 10037 100 1547292 2094277079 194795205 10142407
0b000101 0b00cd01 10013 100 2681436 2039652369 249629509 10237493
0b000f01 0b00c801 10004 100 3556308 2004641508 284886202 10310843
0b000e01 0b00cc01 10007 100 1971598 2019559791 270232675 10177980
0b000701 0b00c301 10027 100 2364134 2067964030 221829426 10210892
0b000a01 0b00ce01 10017 100 2323665 2061011506 228815695 10207497
0b000d01 0b00c401 10019 100 2109462 2061527090 228447238 10189539
0b000101 0b00c601 10037 100 1664511 2097414501 192580911 10152234
0b000c01 0b00cd01 10013 100 2355111 2020348143 269740638 10210135
0b000601 0b00c901 10032 100 1210603 2083558459 206604411 10114178
0b000301 0b00cc01 10031 100 1554280 2084082573 206099381 10142993
0b000801 0b00c101 10043 100 1486363 2099602176 190828533 10137299
0b000001 0b00c101 10019 100 1033037 2076331049 214136955 10099293
0b000901 0b00c901 10012 100 2565188 2021561423 269024349 10227748
0b000601 0b00c601 10026 100 1659730 2049265048 241760435 10151832
0b000e01 0b00c501 10009 100 1716133 2025834747 265272297 10156563
0b000601 0b00ca01 10011 100 1862110 2033051427 258120608 10168802
0b000001 0b00c401 10010 100 1837265 2032036633 259442714 10166719
0b000301 0b00cb01 10021 100 1918973 2029682168 261966409 10173566
0b000101 0b00cf01 10021 100 2678587 2043331117 248377498 10237254
0b000d01 0b00c701 10001 100 3236768 2006004270 285985166 10284051
0b000701 0b00c101 10028 100 1638756 2084953950 207059292 10150074
0b000c01 0b00c101 10012 100 1453525 2069007469 223153867 10134545
0b000601 0b00c801 10028 100 1148864 2094218495 198063559 10109001
0b000e01 0b00cd01 10019 100 1226854 2060475862 231891559 10115540
0b000e01 0b00c601 10013 100 1683266 2034535852 257887156 10153807
0b000d01 0b00c501 10018 100 1919085 2070279043 222248017 10173579
0b000501 0b00ca01 10005 100 2404990 2018537381 274095491 10214314
0b000a01 0b00ca01 10025 100 1927874 2076273051 216482916 10174313
0b000a01 0b00c401 10017 100 2677399 2051677522 241203507 10237155
0b000801 0b00c301 10030 100 1412664 2083293529 209593291 10131119
0b000b01 0b00c101 10023 100 1912968 2081693149 212332252 10173063
0b000101 0b00c301 10006 100 2866559 2010421507 283630417 10253014
0b000c01 0b00ca01 10021 100 1597829 2074681774 219499275 10146642
0b000c01 0b00c201 10016 100 1606309 2045728892 248472059 10147355
0b000f01 0b00ca01 10030 100 1773969 2081708674 213202186 10161409
0b000501 0b00cb01 10009 100 2226790 2024552005 270393601 10199374
0b000601 0b00ca01 10012 100 1498456 2034477662 260616488 10138312
0b000e01 0b00c101 10039 100 1168009 2094205201 201124833 10110609
0b000601 0b00cc01 10023 100 1622465 2047672546 247827526 10148709
0b000c01 0b00c901 10029 100 1382504 2080021670 215548169 10128591
0b000c01 0b00c801 10010 100 2114799 2023501530 272309346 10189985
0b000101 0b00ce01 10029 100 1612200 2091635087 204228937 10147849
0b000501 0b00c801 10010 100 1921691 2031877791 264155424 10173795
0b000001 0b00c701 10045 100 918678 2097832975 198561523 10089703
0b000201 0b00cf01 10007 100 2629254 2016448127 279953593 10233119
0b000001 0b00c901 10044 100 1199055 2084422957 212262181 10113212
0b000401 0b00c901 10006 100 2157259 2015255235 281481764 10193547
0b000101 0b00cf01 10006 100 2481443 2014589651 282242871 10220726
0b000101 0b00cd01 10003 100 3071771 2011533265 285371468 10270218
0b000801 0b00cf01 10023 100 1519736 2083689616 213337839 10140095
0b000901 0b00cb01 10031 100 1879435 2087022790 210071553 10170254
0b000701 0b00c601 10033 100 1808307 2086166120 211233767 10164291
0b000601 0b00c901 10015 100 1558904 2051001472 246408067 10143378
0b000401 0b00c501 10027 100 1462212 2076986638 220450880 10135274
0b000d01 0b00c101 10028 100 1572855 2096215309 201358987 10144548
0b000201 0b00c101 10030 100 1289485 2092423756 205172051 10120792
0b000201 0b00c801 10028 100 1313870 2096424226 201245383 10122835
0b000c01 0b00c701 10015 100 1631831 2048753775 248942663 10149493
0b000101 0b00c301 10035 100 1732331 2084368401 213366849 10157921
0b000701 0b00c501 10016 100 2881179 2064269168 233588527 10254241
0b000101 0b00cc01 10003 100 4608241 2003925482 294153456 10399037
0b000e01 0b00ce01 10039 100 1161919 2099018430 199108899 10110095
0b000d01 0b00c101 10003 100 2382376 2024295957 273850691 10212420
0b000a01 0b00ca01 10030 100 2138200 2088375729 209875679 10191949
0b000701 0b00c501 10006 100 2671982 2033101117 265346594 10236699
0b000c01 0b00cf01 10002 100 2853945 2009126951 289486945 10251954
0b000001 0b00c101 10003 100 2107026 2019425131 279345008 10189336
0b000d01 0b00c901 10033 100 2020475 2075898539 223334494 10182078
0b000c01 0b00cd01 10039 100 1334081 2099608857 199677488 10124532
0b000701 0b00c001 10031 100 2219256 2088623505 210754773 10198745
0b000101 0b00c301 10026 100 1910990 2070266091 229188576 10172897
0b000801 0b00cd01 10025 100 1986789 2069333143 230245363 10179253
0b000101 0b00c901 10006 100 2587858 2022626905 277047036 10229646
0b000801 0b00cb01 10037 100 1850381 2094381337 205318655 10167818
0b000301 0b00c501 10015 100 1692949 2050719475 249069962 10154617
0b000201 0b00cd01 10027 100 1826668 2062155807 237685407 10165829
0b000301 0b00cd01 10023 100 1800512 2063583609 236434663 10163636
0b000701 0b00c401 10027 100 2709523 2072602553 227430483 10239848
0b000d01 0b00cc01 10012 100 1963038 2047907366 252206304 10177264
0b000a01 0b00c701 10022 100 2929753 2052321037 247976141 10258311
0b000801 0b00c401 10025 100 1993114 2068349578 232047605 10179786
0b000b01 0b00cc01 10005 100 3529108 2008099921 292420046 10308563
0b000a01 0b00c801 10038 100 1818084 2085074387 215615276 10165111
0b000501 0b00c401 10018 100 1732038 2076643076 224539451 10157897
0b000601 0b00c101 10008 100 2178422 2023085773 278129582 10195321
0b000b01 0b00c501 10009 100 2337716 2030940565 270305348 10208675
0b000201 0b00cd01 10036 100 1408498 2088973250 212324947 10130770
0b000b01 0b00c501 10028 100 1740746 2086009884 215311845 10158625
0b000801 0b00c101 10001 100 3509766 2004477075 297103003 10306939
0b000b01 0b00c301 10014 100 2725541 2054348543 247362398 10241191
0b000a01 0b00c301 10016 100 2941621 2054375697 247358795 10259306
0b000401 0b00c801 10030 100 1430390 2084674558 217234798 10132606
0b000301 0b00c201 10030 100 1847408 2075759101 226242700 10167568
0b000501 0b00cb01 10042 100 1968540 2095655657 206369500 10177724
0b000e01 0b00cc01 10003 100 2256001 2013516287 288828304 10201826
0b000b01 0b00cd01 10008 100 2230935 2035027770 267407761 10199721
0b000201 0b00cd01 10016 100 2087787 2027450538 275050656 10187720
0b000401 0b00c201 10013 100 2065026 2034181699 268579519 10185815
0b000201 0b00c201 10019 100 1793787 2051209521 251585077 10163071
0b000a01 0b00c801 10025 100 2021231 2052670909 250354662 10182142
0b000101 0b00c601 10035 100 1841249 2093662691 209387294 10167053
0b000001 0b00cf01 10018 100 1423560 2049565733 253503586 10132032
0b000001 0b00c001 10019 100 1742827 2034354226 268735305 10158799
0b000c01 0b00c301 10007 100 1939192 2035640708 267596458 10175264
0b000001 0b00c501 10033 100 1475648 2070943359 232329331 10136399
0b000201 0b00c001 10015 100 1612547 2060357155 243066253 10147877
0b000601 0b00c801 10026 100 1307163 2091464933 212033754 10122275
0b000701 0b00c401 10020 100 2496156 2060652028 242865488 10221960
0b000e01 0b00cd01 10031 100 1068555 2089492384 214070298 10102269
0b000501 0b00cf01 10009 100 2230827 2029926047 273749305 10199713
0b000001 0b00ce01 10034 100 1295432 2074595715 229556844 10121291
0b000201 0b00cb01 10026 100 1630971 2084408498 219790982 10149420
0b000401 0b00ca01 10021 100 1783713 2063013164 241271456 10162227
0b000b01 0b00c401 10009 100 3048386 2019316244 285027795 10268259
0b000201 0b00c901 10032 100 1534706 2092093773 212315731 10141350
0b000801 0b00cb01 10032 100 1783700 2080692082 223742640 10162226
0b000a01 0b00cf01 10029 100 2645633 2067779922 236663237 10234491
0b000701 0b00c001 10000 100 4054767 2003876242 301343928 10352632
0b000f01 0b00c301 10019 100 2802547 2056751530 248483610 10247647
0b000d01 0b00c201 10036 100 1928503 2086180972 219140950 10174367
0b000201 0b00c701 10019 100 1669754 2052335629 252988464 10152673
0b000101 0b00c401 10033 100 1707997 2094350909 210982184 10155878
0b000a01 0b00c701 10046 100 1635355 2090956300 214876966 10149790
0b000601 0b00cc01 10019 100 1852791 2042813444 263019852 10168018
0b000001 0b00c801 10046 100 1050818 2087211845 218728864 10100781
0b000501 0b00c801 10006 100 2287034 2023289586 282847568 10204428
0b000401 0b00ca01 10024 100 1544802 2068216622 237957392 10142196
0b000001 0b00c001 10018 100 2005903 2033208872 273047288 10180855
0b000301 0b00c801 10016 100 1886361 2039266200 267415252 10170834
0b000801 0b00c501 10030 100 1953179 2077481081 229441808 10176437
0b000201 0b00ce01 10040 100 1441535 2090857858 216346978 10133540
0b000a01 0b00c301 10030 100 1636451 2098153270 209089043 10149882
0b000d01 0b00c401 10005 100 2657627 2027010730 280271064 10235496
0b000d01 0b00cf01 10001 100 4544240 2001994240 305457271 10393672
0b000501 0b00c701 10024 100 2586267 2054803364 252742717 10229515
0b000201 0b00cf01 10006 100 2440684 2015243184 292352859 10217308
0b000a01 0b00c701 10038 100 2337803 2077838196 229865986 10208682
0b000401 0b00cc01 10011 100 1591197 2058441304 249271926 10146089
0b000401 0b00c001 10010 100 1924849 2046547118 261385425 10174059
0b000e01 0b00c501 10020 100 1665580 2059519077 248440521 10152323
0b000601 0b00cd01 10006 100 2112266 2018639558 289488590 10189775
0b000a01 0b00c701 10048 100 1609906 2092896432 215322076 10147654
0b000801 0b00ce01 10013 100 2240131 2035083712 273158109 10200495
0b000001 0b00ce01 10021 100 1440434 2046740395 261579560 10133448
0b000001 0b00c701 10004 100 2728742 2003894063 304464334 10241458
0b000201 0b00c101 10016 100 1824015 2036248881 272170776 10165609
0b000001 0b00c601 10032 100 1407371 2067094168 241462162 10130676
0b000701 0b00ca01 10028 100 1878196 2081370333 227540918 10170151
0b000e01 0b00c001 10026 100 1559889 2062050460 247371057 10143461
0b000001 0b00cd01 10021 100 1695731 2042073424 267723593 10154851
0b000001 0b00c701 10025 100 1937611 2042813109 267675719 10175130
0b000401 0b00c201 10026 100 1629646 2061666842 248897935 10149310
0b000b01 0b00c701 10036 100 1895283 2088473211 222224660 10171583
0b000001 0b00ce01 10022 100 1612550 2050317579 260568465 10147877
0b000e01 0b00c201 10027 100 1971741 2057769656 253421325 10177991
0b000c01 0b00ca01 10019 100 1810597 2071541625 239732370 10164482
0b000301 0b00cd01 10015 100 1837055 2055992278 255310166 10166702
0b000301 0b00cb01 10045 100 1725149 2087575090 224052403 10157319
0b000101 0b00c401 10028 100 1939529 2079942298 231715492 10175291
0b000701 0b00cd01 10030 100 1906610 2093327995 218381469 10172531
0b000401 0b00c901 10013 100 2063028 2029061141 282718476 10185648
0b000201 0b00c501 10031 100 1609990 2094339988 217453168 10147661
0b000201 0b00ce01 10038 100 1666342 2088161863 223948296 10152388
0b000e01 0b00c001 10022 100 1707988 2049953980 262338144 10155877
0b000301 0b00c701 10009 100 2430542 2033172012 279229309 10216458
0b000f01 0b00c901 10031 100 1801635 2090683327 221897845 10163730
0b000901 0b00cd01 10020 100 3185214 2059384028 253729638 10279731
0b000e01 0b00cb01 10000 100 2501980 2003286502 310078704 10222446
0b000f01 0b00ca01 10034 100 1907423 2087171729 226374458 10172600
0b000201 0b00c301 10021 100 1996029 2051709527 261897613 10180030
0b000b01 0b00ce01 10001 100 3582688 2007762114 305862134 10313053
0b000401 0b00cc01 10018 100 1572552 2070434462 243324462 10144524
0b000b01 0b00c301 10028 100 1837001 2096499252 217543576 10166698
0b000701 0b00cd01 10033 100 2679951 2097528830 216565343 10237367
0b000601 0b00c301 10027 100 1678500 2053265797 261107734 10153407
0b000c01 0b00c501 10029 100 1854856 2057641849 256749414 10168191
0b000101 0b00c101 10034 100 1948652 2082095171 232484182 10176056
0b000d01 0b00ce01 10000 100 4345731 2003990330 310683255 10377027
0b000301 0b00c101 10036 100 1804646 2085301405 229439105 10163982
0b000801 0b00cc01 10022 100 1899636 2053794166 261307304 10171946
0b000501 0b00cc01 10021 100 2284691 2039575632 275607099 10204229
0b000e01 0b00c101 10001 100 2438701 2004605111 310725222 10217141
0b000b01 0b00ce01 10023 100 1974130 2091529364 224435319 10178194
0b000601 0b00c201 10024 100 1957082 2071274537 244757661 10176765
0b000c01 0b00c601 10016 100 1973738 2041222913 274966823 10178159
0b000e01 0b00c101 10029 100 1936096 2065901305 250521831 10175005
0b000b01 0b00c001 10006 100 4318077 2007436898 309176080 10374711
0b000501 0b00c201 10009 100 2187825 2030133147 286503846 10196107
0b000701 0b00c501 10024 100 2986370 2080357285 236484743 10263059
0b000801 0b00c001 10013 100 2354473 2037472236 279426998 10210081
0b000c01 0b00cc01 10049 100 1913029 2097905782 219038750 10173072
0b000f01 0b00c301 10024 100 2367116 2076445710 240500229 10211142
0b000901 0b00ce01 10004 100 3182113 2021095288 295959346 10279471
0b000c01 0b00c301 10016 100 1999019 2055129765 262142904 10180281
0b000c01 0b00cc01 10036 100 1621504 2067666302 249673979 10148628
0b000e01 0b00c901 10018 100 2970391 2052765416 265066014 10261719
0b000d01 0b00c301 10000 100 3483501 2007232962 310627282 10304738
0b000901 0b00cf01 10029 100 2537925 2080324661 237788545 10225459
0b000501 0b00cb01 10028 100 1879527 2073223197 245273271 10170261
0b000601 0b00ce01 10025 100 1959688 2075563118 242952430 10176981
0b000701 0b00c701 10011 100 3691105 2029581122 289096765 10322145
0b000d01 0b00ce01 10032 100 1935774 2097761756 221148455 10174976
0b000701 0b00c401 10004 100 2941633 2021547351 297794782 10259307
0b000801 0b00ce01 10001 100 4046797 2003299966 316098161 10351964
0b000001 0b00c901 10045 100 1278937 2093624530 226291194 10119906
0b000f01 0b00ca01 10011 100 3223724 2024620641 295530489 10282958
0b000701 0b00c001 10006 100 3475605 2013458147 306733203 10304076
0b000201 0b00c001 10016 100 2112791 2060478225 260032499 10189817
0b000001 0b00c101 10012 100 1913927 2050048503 270849420 10173143
0b000001 0b00c901 10031 100 1615336 2058170180 262773697 10148112
0b000101 0b00ce01 10021 100 2279402 2050243283 270781113 10203787
0b000e01 0b00c801 10025 100 3723258 2061526454 259504888 10324840
0b000c01 0b00c301 10031 100 1689549 2096299376 224846816 10154333
0b000d01 0b00cc01 10015 100 1988050 2062475070 258696949 10179361
0b000001 0b00c501 10036 100 1470542 2071852074 249750789 10135972
0b000301 0b00c401 10011 100 2398515 2044384502 277227582 10213773
0b000801 0b00c101 10031 100 1816121 2065721963 256035703 10164946
0b000901 0b00c201 10023 100 3102157 2066960965 254834112 10272768
0b000201 0b00cc01 10018 100 1959208 2045185621 276676344 10176943
0b000a01 0b00c501 10032 100 1988639 2077534748 244513614 10179408
0b000901 0b00c201 10033 100 2320874 2090434134 231702194 10207262
0b000001 0b00cb01 10002 100 2950468 2005488322 316850105 10260049
0b000901 0b00c901 10015 100 3496655 2023797533 298581359 10305840
0b000401 0b00c401 10013 100 1926823 2055238242 267369052 10174225
0b000701 0b00c801 10004 100 4016456 2015240046 307578650 10349421
0b000b01 0b00c901 10036 100 2505259 2089173585 233645342 10222723
0b000101 0b00c001 10005 100 3099841 2012209026 310673319 10272571
0b000f01 0b00c601 10017 100 2741500 2056059979 266844885 10242529
0b000901 0b00c801 10006 100 3909668 2016621580 306416017 10340467
0b000801 0b00c701 10043 100 1910641 2096772359 226290750 10172869
0b000501 0b00c601 10021 100 2395945 2066710507 256431815 10213556
0b000701 0b00c601 10002 100 4179227 2007354616 315907624 10363069
0b000101 0b00c901 10021 100 2134977 2058137144 265126942 10191676
0b000101 0b00cc01 10016 100 2655847 2028337014 294993381 10235346
0b000d01 0b00cf01 10036 100 2677451 2080986744 242427280 10237159
0b000701 0b00c001 10008 100 4347728 2015357809 308100542 10377194
0b000a01 0b00cd01 10011 100 3149027 2038139098 285362225 10276698
0b000201 0b00c601 10042 100 2155228 2097354533 226255064 10193377
0b000001 0b00cd01 10045 100 1284911 2098345236 225290103 10120407
0b000501 0b00c701 10019 100 2539344 2037439020 286514824 10225581
0b000001 0b00ca01 10019 100 1642914 2062225457 262587750 10150422
0b000e01 0b00c801 10018 100 1903345 2040922511 284269366 10172258
0b000a01 0b00cf01 10008 100 3323933 2017477072 307840180 10291358
0b000401 0b00c401 10014 100 2083905 2058308127 267096782 10187394
0b000e01 0b00ca01 10029 100 1847342 2044683726 280794191 10167563
0b000701 0b00c001 10003 100 3309980 2010388787 315125933 10290188
0b000801 0b00c901 10013 100 2424301 2044644883 280877805 10215936
0b000101 0b00cf01 10022 100 2122032 2052777068 273232366 10190594
0b000d01 0b00c001 10010 100 3113466 2021698707 304433427 10273715
0b000f01 0b00c901 10000 100 5087152 2002963722 323215344 10439190
0b000c01 0b00cd01 10034 100 1584373 2088614053 237905398 10145516
0b000b01 0b00c501 10023 100 2101393 2066513194 260193364 10188863
0b000c01 0b00c301 10022 100 1788588 2065673821 261904133 10162636
0b000901 0b00c401 10023 100 2970428 2078613101 249004940 10261722
0b000201 0b00c601 10031 100 1969626 2054974603 272728496 10177814
0b000301 0b00cc01 10019 100 2100053 2062044793 265814470 10188752
0b000f01 0b00cb01 10039 100 2456018 2094594724 233929800 10218596
0b000f01 0b00c201 10049 100 2550739 2087321804 241457869 10226534
0b000201 0b00ce01 10030 100 2060703 2063066690 265789761 10185450
0b000401 0b00c201 10033 100 1745290 2075257581 253709877 10159007
0b000e01 0b00c301 10018 100 1871810 2048646411 280437712 10169613
0b000e01 0b00cf01 10017 100 1797105 2053872852 275422349 10163352
0b000201 0b00c401 10030 100 1736275 2081129674 248338557 10158252
0b000c01 0b00c501 10033 100 1823449 2065791728 263733167 10165560
0b000901 0b00c101 10001 100 4344248 2008518588 321027983 10376904
0b000a01 0b00c601 10018 100 2745099 2056532438 273110230 10242832
0b000601 0b00c401 10040 100 1496131 2087840377 242057993 10138118
0b000801 0b00cd01 10011 100 3135564 2019945996 310392774 10275567
0b000601 0b00cf01 10026 100 1643793 2071104168 259487266 10150496
0b000e01 0b00ce01 10037 100 1221790 2097162473 233535462 10115115
0b000401 0b00cd01 10013 100 2425984 2032207692 298640504 10216074
0b000601 0b00c501 10038 100 1651874 2087387370 243731069 10151173
0b000201 0b00c301 10012 100 2989360 2040304159 291116564 10263310
0b000601 0b00ce01 10032 100 1811435 2086440950 245115312 10164552
0b000a01 0b00cd01 10005 100 2702785 2027054269 304572871 10239282
0b000a01 0b00c701 10027 100 2890951 2054902643 276846594 10255057
0b000101 0b00c201 10011 100 3081571 2030518054 301587024 10271040
0b000901 0b00c101 10002 100 2941104 2020444477 311699778 10259265
0b000c01 0b00c001 10023 100 1753123 2074398990 257769804 10159665
0b000c01 0b00cc01 10042 100 1655565 2082972971 249365217 10151484
0b000801 0b00c801 10005 100 4214263 2004709504 327693576 10366006
0b000e01 0b00cc01 10021 100 1790379 2059609764 273052939 10162787
0b000101 0b00c401 10034 100 2401339 2096593426 236216224 10214010
0b000001 0b00c801 10036 100 1401309 2073747980 259254896 10130168
0b000a01 0b00c001 10012 100 3461232 2037160395 296074547 10302872
0b000501 0b00cb01 10019 100 2151540 2043300061 290124272 10193066
0b000901 0b00cb01 10019 100 2765674 2054086332 279449384 10244555
0b000b01 0b00ce01 10022 100 2919634 2090316250 243247397 10257463
0b000101 0b00ca01 10005 100 3375194 2017507319 316176557 10295659
0b000401 0b00c001 10007 100 2243183 2037105520 296694636 10200751
0b000e01 0b00cd01 10023 100 6777319 2066940221 266955856 10580893
0b000c01 0b00c501 10032 100 1966797 2064901759 269664144 10177577
0b000801 0b00cc01 10018 100 2717250 2045262166 289349113 10240497
0b000701 0b00ca01 10020 100 2597984 2051341369 283634531 10230495
0b000001 0b00ca01 10007 100 2202164 2025911937 309070786 10197312
0b000f01 0b00c201 10008 100 3904197 2021162417 313872892 10340010
0b000a01 0b00ca01 10031 100 2885642 2088432941 246603982 10254613
0b000901 0b00c001 10033 100 2822630 2097235210 237915636 10249330
0b000b01 0b00c201 10009 100 2707923 2033479057 301685286 10239712
0b000801 0b00cf01 10022 100 1955660 2082290272 252884253 10176643
0b000e01 0b00c301 10038 100 1534354 2088418730 247030046 10141322
0b000201 0b00c601 10032 100 2823462 2057440403 278066813 10249401
0b000801 0b00c101 10025 100 2598764 2052319542 283263903 10230561
0b000c01 0b00c801 10026 100 1972285 2066995808 268750910 10178039
0b000101 0b00c301 10022 100 2120087 2063153186 272689890 10190431
0b000001 0b00cc01 10009 100 2523888 2020236795 315615107 10224283
0b000001 0b00c501 10015 100 2037604 2033377938 302857086 10183514
0b000a01 0b00cc01 10003 100 4077477 2011035156 325863112 10354537
0b000201 0b00cd01 10026 100 2490171 2048404983 288580185 10221459
0b000501 0b00c001 10016 100 2848742 2019214239 317877884 10251519
0b000601 0b00c801 10014 100 1910032 2045804914 291320962 10172820
0b000301 0b00cd01 10019 100 2253957 2056905736 280302494 10201651
0b000e01 0b00cc01 10031 100 3081890 2086558581 250656115 10271066
0b000e01 0b00c101 10035 100 1659984 2078329270 259036733 10151853
0b000801 0b00c001 10012 100 3099012 2036679293 300766668 10272504
0b000601 0b00c901 10009 100 2108244 2033778035 303734012 10189438
0b000c01 0b00c901 10025 100 1944218 2075849546 262002903 10175686
0b000f01 0b00cc01 10019 100 3099764 2047048715 290985897 10272565
0b000d01 0b00ca01 10021 100 2216398 2065260429 272788731 10198505
0b000e01 0b00c001 10001 100 3066568 2001363979 336686550 10269782
0b000401 0b00c801 10024 100 1834162 2078852772 259632808 10166459
0b000e01 0b00c401 10029 100 1563686 2091469587 247667062 10143780
0b000b01 0b00cb01 10005 100 4242916 2022306686 316837187 10368406
0b000001 0b00cd01 10003 100 2754938 2005290824 333951453 10243654
0b000c01 0b00ce01 10032 100 1909792 2087187225 252119585 10172797
0b000901 0b00cd01 10004 100 4040770 2011016758 328717061 10351459
0b000501 0b00c801 10019 100 3310678 2079907454 260636736 10290248
0b000201 0b00c801 10008 100 3368066 2030814939 309783914 10295062
0b000301 0b00c701 10006 100 3309217 2026041112 314776703 10290127
0b000d01 0b00ca01 10009 100 2559245 2041543031 299588732 10227250
0b000d01 0b00cf01 10017 100 3469044 2033884276 307341486 10303528
0b000501 0b00c001 10023 100 2458045 2041038069 300487061 10218766
0b000601 0b00c401 10023 100 1928253 2049026964 292631303 10174347
0b000a01 0b00c301 10012 100 4100985 2027894610 313791864 10356506
0b000201 0b00ce01 10032 100 2812607 2070228600 271556110 10248490
0b000c01 0b00cf01 10025 100 2338062 2066199371 275739937 10208706
0b000101 0b00c601 10033 100 3157830 2085079990 256883272 10277433
0b000901 0b00c501 10003 100 4905494 2008939727 333067037 10423958
0b000901 0b00cd01 10033 100 3482930 2081944943 260465949 10304689
0b000b01 0b00c601 10023 100 2922859 2053856917 288858842 10257733
0b000001 0b00c501 10049 100 1676624 2096944671 245798942 10153249
0b000f01 0b00ce01 10029 100 3651203 2089490575 253556415 10318799
0b000501 0b00c701 10017 100 3430075 2037191781 306200904 10300261
0b000501 0b00cf01 10028 100 3441631 2081967661 261458020 10301227
0b000e01 0b00cc01 10036 100 1859314 2095456722 248204464 10168567
0b000501 0b00cc01 10023 100 2384747 2046502068 297554097 10212618
0b000201 0b00cc01 10021 100 3290133 2051298684 292995356 10288528
0b000a01 0b00ca01 10011 100 3241102 2036264709 308344518 10284417
0b000401 0b00c501 10029 100 1776017 2078320911 266464004 10161585
0b000f01 0b00c201 10023 100 2780265 2039346322 305491045 10245780
0b000201 0b00c601 10043 100 1703172 2098113817 246870056 10155477
0b000f01 0b00c101 10027 100 2578768 2076700338 268552365 10228884
0b000a01 0b00cc01 10010 100 3261868 2032023151 313231647 10286155
0b000e01 0b00ca01 10045 100 1410670 2098943682 246357515 10130951
0b000d01 0b00c501 10017 100 2948570 2058044907 287450671 10259889
0b000701 0b00ce01 10013 100 3427538 2043309795 302301665 10300046
0b000101 0b00c801 10008 100 3434794 2021981625 324164869 10300653
0b000401 0b00c701 10034 100 1718551 2099329777 246921965 10156765
0b000b01 0b00c101 10009 100 2658619 2043156997 303271021 10235580
0b000c01 0b00c501 10018 100 3130771 2043458837 303015579 10275164
0b000401 0b00c301 10034 100 2331224 2071123908 275538595 10208132
0b000301 0b00c501 10011 100 3782996 2022414745 324313948 10329846
0b000801 0b00c201 10019 100 2876446 2055465955 291490641 10253843
0b000201 0b00c001 10008 100 3513503 2035228952 311854559 10307254
0b000901 0b00c101 10013 100 3279876 2053653712 293450606 10287665
0b000801 0b00cf01 10006 100 3914913 2016108287 331542703 10340906
0b000601 0b00ca01 10026 100 1806242 2085025099 262688716 10164118
0b000901 0b00cd01 10014 100 3840480 2034700300 313027879 10334667
0b000e01 0b00c301 10002 100 3087686 2002911413 344872430 10271552
0b000901 0b00c501 10039 100 3453461 2095023460 252805398 10302220
0b000301 0b00cb01 10038 100 2788481 2072225116 276302105 10246468
0b000f01 0b00ca01 10021 100 3496806 2047182926 301439779 10305852
0b000801 0b00c601 10018 100 2626500 2063738954 284911700 10232887
0b000201 0b00cb01 10028 100 2709944 2091856724 257637285 10239881
0b000e01 0b00ca01 10011 100 2406114 2011247774 338632931 10214412
0b000101 0b00ce01 10022 100 2693936 2059700002 290251560 10238539
0b000901 0b00c201 10012 100 2928516 2028779087 321192572 10258208
0b000a01 0b00c101 10008 100 3380074 2034484728 315809814 10296068
0b000101 0b00c601 10022 100 2852643 2062276326 288180782 10251846
0b000401 0b00ca01 10001 100 3822101 2001148021 349329631 10333128
0b000c01 0b00c101 10017 100 1833913 2079709047 270822567 10166435
0b000d01 0b00cc01 10010 100 3446348 2043289954 307291921 10301624
0b000301 0b00cc01 10003 100 4094018 2014097006 336564686 10355926
0b000a01 0b00c901 10017 100 3309605 2037376513 313311107 10290158
0b000d01 0b00cd01 10009 100 4143841 2019461245 331505425 10360100
0b000b01 0b00c701 10039 100 3322209 2095690697 255566080 10291217
0b000601 0b00cf01 10001 100 3185266 2004312205 347018512 10279735
0b000e01 0b00cc01 10009 100 2284596 2024116767 327217600 10204222
0b000501 0b00cd01 10039 100 4367423 2099902220 251504632 10378846
0b000a01 0b00c701 10034 100 2378461 2065863325 285745621 10212092
0b000a01 0b00ce01 10008 100 3884122 2025277228 326603177 10338328
0b000401 0b00cc01 10022 100 1863379 2080283912 271613687 10168908
0b000101 0b00c101 10037 100 2873461 2088303575 263820049 10253593
0b000e01 0b00c301 10042 100 2090764 2096769974 255515916 10187970
0b000901 0b00c001 10008 100 4696377 2025441798 327567681 10406426
0b000b01 0b00c301 10012 100 3185996 2050940848 302169995 10279793
0b000701 0b00ca01 10004 100 4241835 2008640252 344489772 10368316
0b000f01 0b00c501 10002 100 4497431 2022614561 330824580 10389746
0b000301 0b00ce01 10012 100 3827355 2029093529 324441193 10333567
0b000901 0b00c001 10012 100 4048543 2037177878 316418803 10352111
0b000801 0b00c301 10027 100 2288923 2074798919 278803398 10204583
0b000e01 0b00c701 10006 100 2364691 2014611143 339001084 10210936
0b000d01 0b00ca01 10014 100 3131349 2053789416 299872824 10275214
0b000e01 0b00c501 10039 100 1632941 2099427119 254271558 10149586
0b000f01 0b00c801 10013 100 4613554 2029639438 324389346 10399482
0b000801 0b00c701 10023 100 3309451 2047230608 306891552 10290146
0b000d01 0b00c401 10008 100 3577497 2032269460 322206715 10312619
0b000201 0b00c801 10021 100 3349376 2072810792 282106349 10293494
0b000401 0b00c101 10031 100 1942236 2075226456 279725603 10175520
0b000a01 0b00ca01 10015 100 3877306 2047907094 307050276 10337756
0b000f01 0b00c701 10027 100 2631446 2095313917 259715946 10233302
0b000c01 0b00cc01 10009 100 2952707 2018791656 336454767 10260236
0b000a01 0b00c801 10016 100 3818115 2031309863 324122594 10332794
0b000a01 0b00c001 10024 100 3212230 2064453614 290993394 10281996
0b000101 0b00cb01 10019 100 3252989 2054621201 300903837 10285410
0b000b01 0b00cc01 10027 100 3184459 2066314268 289650831 10279667
0b000e01 0b00c201 10011 100 3243630 2020579918 335866671 10284627
0b000401 0b00cb01 10027 100 2117075 2075583543 280906497 10190179
0b000b01 0b00c201 10024 100 2806450 2073488917 283403038 10247974
0b000d01 0b00ce01 10022 100 3217713 2069271583 287671819 10282454
0b000501 0b00cb01 10036 100 2865989 2080851072 276167819 10252964
0b000b01 0b00c601 10030 100 3267796 2065503565 291538490 10286652
0b000301 0b00c701 10015 100 3075954 2055767788 301351540 10270568
0b000101 0b00c601 10016 100 3765431 2041015960 316159746 10328375
0b000901 0b00c501 10036 100 4061825 2090378438 267043224 10353224
0b000701 0b00c001 10022 100 3398200 2054652465 303025146 10297588
0b000e01 0b00c501 10013 100 2400103 2035466689 322430271 10213908
0b000101 0b00cf01 10034 100 3284257 2089267587 268786285 10288034
0b000d01 0b00c601 10013 100 2639668 2047808561 310309693 10233991
0b000201 0b00ca01 10018 100 3330853 2073258784 284981484 10291939
0b000101 0b00cc01 10021 100 3809605 2035277890 322998717 10332078
0b000601 0b00c401 10041 100 1870445 2088446063 270194864 10169500
0b000701 0b00c201 10011 100 3888089 2033306307 325632091 10338660
0b000d01 0b00c901 10013 100 3939092 2028620898 330321908 10342936
0b000a01 0b00c901 10019 100 3706849 2046028365 312950234 10323462
0b000501 0b00cf01 10020 100 4818528 2056424526 302790241 10416667
0b000901 0b00c901 10028 100 3566568 2061756710 297459892 10311702
0b000a01 0b00c001 10025 100 3284974 2065599146 293699963 10288092
0b000b01 0b00cc01 10029 100 3149599 2070632296 288717227 10276743
0b000701 0b00c601 10037 100 2682656 2094867962 264598620 10237595
0b000001 0b00c701 10037 100 1757775 2074511885 285038493 10160052
0b000101 0b00ca01 10028 100 3495050 2094247476 265431354 10305708
0b000701 0b00c501 10011 100 3135166 2057887308 302193380 10275535
0b000401 0b00c201 10009 100 2575806 2020732596 339417449 10228636
0b000901 0b00cf01 10027 100 3521329 2076746298 283452418 10307910
0b000001 0b00cc01 10013 100 2581855 2030004386 330297231 10229143
0b000201 0b00c701 10034 100 2089260 2094062361 266495506 10187846
0b000a01 0b00cd01 10012 100 3662225 2045210158 315462126 10319723
0b000901 0b00c201 10014 100 4549216 2035779193 324963840 10394089
0b000701 0b00c601 10010 100 4019747 2025025734 336118398 10349696
0b000901 0b00c401 10013 100 4779831 2034896294 326460963 10413421
0b000f01 0b00c201 10027 100 4483653 2045272417 316195889 10388590
0b000501 0b00c101 10011 100 3748764 2037036830 324507821 10326977
0b000e01 0b00c201 10040 100 3760797 2093726272 268172332 10327986
0b000e01 0b00c801 10012 100 3982229 2025513545 336399082 10346553
0b000501 0b00c701 10030 100 3189117 2068240861 293678809 10280058
0b000101 0b00c201 10036 100 3654290 2097604656 264630153 10319058
0b000501 0b00c201 10019 100 4214419 2081435491 280929511 10366019
0b000e01 0b00c501 10019 100 2109767 2051371989 311205461 10189563
0b000f01 0b00cd01 10015 100 4386803 2052736433 309951744 10380470
0b000201 0b00ce01 10034 100 3346164 2075801064 286943748 10293225
0b000501 0b00c201 10021 100 2965658 2091349076 271732144 10261322
0b000001 0b00cd01 10010 100 2587933 2017417850 345693721 10229652
0b000f01 0b00c201 10046 100 2918297 2083224398 280054676 10257352
0b000a01 0b00c701 10014 100 3919657 2040893191 322559469 10341305
0b000b01 0b00cc01 10021 100 2859299 2041471051 322302925 10252406
0b000901 0b00c101 10014 100 3505427 2058451938 305511197 10306577
0b000c01 0b00c401 10028 100 3223393 2058599749 305364178 10282931
0b000801 0b00c901 10010 100 3529465 2039141300 324909122 10308592
0b000601 0b00c201 10037 100 1999976 2096779033 267336476 10180358
0b000201 0b00c901 10027 100 3671085 2069575815 294627577 10320467
0b000d01 0b00c201 10030 100 3353488 2073687404 290770512 10293838
0b000b01 0b00c401 10014 100 4390324 2030876705 333621815 10380767
0b000001 0b00cd01 10012 100 2460913 2022175090 342492149 10219003
0b000b01 0b00c001 10014 100 4281240 2036672999 328038447 10371622
0b000001 0b00ce01 10033 100 1813782 2073772014 291138005 10164748
0b000a01 0b00c201 10031 100 2360573 2081925968 283129097 10210592
0b000201 0b00cd01 10029 100 3092366 2071443762 294051474 10271946
0b000701 0b00cb01 10036 100 2792113 2086028149 280068571 10246774
0b000e01 0b00c901 10025 100 2016339 2072105360 294153843 10181732
0b000301 0b00c801 10040 100 2251183 2088516182 277842385 10201422
0b000b01 0b00c001 10022 100 3319673 2059676576 306798745 10291002
0b000b01 0b00c801 10016 100 3806131 2049014645 317551449 10331789
0b000701 0b00c801 10025 100 3265760 2080737066 285914153 10286482
0b000501 0b00c801 10016 100 3007600 2054071378 312925272 10264838
0b000501 0b00c601 10018 100 5756706 2055370139 312047057 10495323
0b000601 0b00c601 10004 100 3016115 2006039991 361381820 10265554
0b000501 0b00cc01 10007 100 2753485 2017864407 349849998 10243534
0b000c01 0b00c701 10023 100 2300448 2076845271 290901966 10205551
0b000d01 0b00c101 10007 100 3869672 2037445120 330742144 10337114
0b000401 0b00c001 10019 100 2213733 2084855955 283608939 10198280
0b000601 0b00c201 10025 100 1920050 2074401094 294118772 10173660
0b000a01 0b00cf01 10039 100 3014724 2080652285 288080730 10265435
0b000f01 0b00c301 10017 100 3864344 2055372842 313484981 10336669
0b000801 0b00c601 10020 100 2770180 2067028043 301915642 10244935
0b000b01 0b00c501 10015 100 4260532 2045729913 323625123 10369884
0b000a01 0b00c001 10026 100 3695989 2067629108 302135974 10322551
0b000b01 0b00c801 10019 100 3532574 2060353580 309435422 10308852
0b000c01 0b00c301 10033 100 2789330 2099796302 270070305 10246540
0b000c01 0b00c501 10045 100 1874914 2097169741 272804752 10169873
0b000f01 0b00c901 10017 100 4812542 2040682336 329542197 10416165
0b000e01 0b00cb01 10030 100 1789809 2096137290 274196783 10162738
0b000901 0b00c201 10021 100 4785035 2055486908 314945915 10413861
0b000401 0b00c201 10037 100 2325924 2082911745 287630401 10207685
0b000201 0b00c301 10030 100 2350712 2076987615 293557352 10209764
0b000701 0b00c001 10013 100 4527117 2030045458 340785871 10392236
0b000501 0b00c501 10002 100 4649560 2007012693 363860562 10402500
0b000a01 0b00c401 10012 100 4555791 2041308844 329599869 10394638
0b000d01 0b00cd01 10005 100 4272224 2008470042 362836145 10370866
0b000801 0b00c701 10027 100 3216251 2056060583 315660054 10282333
0b000b01 0b00cd01 10016 100 4094674 2062335460 309651749 10355978
0b000601 0b00c201 10003 100 3488423 2006505406 365615090 10305151
0b000801 0b00ce01 10029 100 3394981 2064381506 307881741 10297315
0b000b01 0b00ca01 10032 100 3292888 2080579280 292006738 10288756
0b000d01 0b00c801 10021 100 3304937 2063740222 309009102 10289766
0b000201 0b00ca01 10004 100 2863624 2016948222 355921819 10252767
0b000b01 0b00c101 10017 100 3389042 2070850869 302057128 10296820
0b000c01 0b00c501 10044 100 2549573 2096115155 277102237 10226437
0b000301 0b00cc01 10024 100 3554834 2069354060 303926909 10310717
0b000a01 0b00cc01 10021 100 4240411 2060212602 313412757 10368198
0b000701 0b00c601 10038 100 3364550 2095675958 278044185 10294765
0b000e01 0b00cc01 10017 100 2909064 2047636735 326148083 10256579
0b000401 0b00c101 10038 100 2324519 2087727432 286109778 10207569
0b000501 0b00c801 10000 100 3848674 2006667165 367228211 10335354
0b000b01 0b00c601 10022 100 4277468 2053803700 320272581 10371304
0b000301 0b00c201 10006 100 4002489 2006476285 367876781 10348250
0b000901 0b00c001 10014 100 5170722 2044081664 330452914 10446194
0b000501 0b00cf01 10032 100 2294290 2090677261 283965082 10205036
0b000001 0b00c601 10037 100 1605700 2077486958 297319247 10147303
0b000501 0b00c701 10008 100 3654347 2019014907 356008851 10319062
0b000001 0b00c401 10028 100 2168822 2084165018 290920195 10194514
0b000a01 0b00c101 10016 100 4043509 2068472170 307575075 10351689
0b000201 0b00c601 10023 100 2924477 2043850491 332427688 10257870
0b000201 0b00c501 10032 100 2570442 2094470176 281849634 10228188
0b000601 0b00cf01 10023 100 3394612 2061328973 315085734 10297285
0b000e01 0b00c001 10031 100 1948860 2081256874 295420523 10176072
0b000d01 0b00cd01 10022 100 3737241 2055862976 320939434 10326013
0b000b01 0b00c801 10029 100 3793824 2074844451 302428723 10330754
0b000101 0b00c701 10022 100 3989874 2070914697 306435042 10347191
0b000e01 0b00c701 10007 100 2613228 2017433206 359973097 10231776
0b000d01 0b00cb01 10030 100 3061272 2081833071 295702107 10269339
0b000d01 0b00c201 10028 100 3302112 2070957941 306710146 10289532
0b000d01 0b00cd01 10031 100 2987904 2085900646 291871475 10263186
0b000a01 0b00c901 10025 100 3863912 2072961969 305193540 10336630
0b000201 0b00c101 10027 100 4256720 2084120404 294560957 10369564
0b000d01 0b00cd01 10014 100 2993064 2038314256 340836089 10263622
0b000601 0b00c301 10037 100 1951627 2081825389 297875507 10176305
0b000001 0b00c501 10019 100 2316429 2039307041 340569503 10206891
0b000201 0b00cd01 10012 100 3323070 2014583968 365500277 10291289
0b000901 0b00cb01 10026 100 4418086 2069453869 310634606 10383095
0b000601 0b00cb01 10014 100 2223574 2059992827 320481858 10199106
0b000501 0b00ca01 10007 100 3766565 2019113737 361515730 10328470
0b000601 0b00c501 10002 100 3929104 2006129943 374525207 10342099
0b000c01 0b00c801 10000 100 7123086 2001491160 379241442 10609883
0b000e01 0b00c401 10028 100 1905076 2091161349 289623904 10172405
0b000301 0b00c101 10029 100 3686082 2066586345 314280012 10321724
0b000701 0b00c201 10028 100 3729924 2080616334 300263030 10325397
0b000e01 0b00c201 10041 100 1873885 2096110082 284827778 10169786
0b000801 0b00c001 10004 100 3545392 2011880000 369102071 10309928
0b000901 0b00c201 10027 100 3523138 2071796448 309587679 10308063
0b000101 0b00c301 10024 100 4683511 2066091307 315310025 10405347
0b000101 0b00ca01 10021 100 3828414 2063868981 317759744 10333656
0b000c01 0b00c701 10011 100 3435262 2037761312 344727220 10300695
0b000101 0b00cf01 10009 100 3545579 2017617979 364881403 10309942
0b000a01 0b00ce01 10015 100 5404873 2046364608 336192622 10465825
0b000301 0b00c801 10029 100 3982445 2062933398 319751005 10346570
0b000c01 0b00c401 10010 100 4425000 2019110167 363731051 10383672
0b000e01 0b00c401 10010 100 4251874 2033383349 349679556 10369157
0b000301 0b00c301 10034 100 3853594 2084015123 299205402 10335766
0b000301 0b00c001 10026 100 3013075 2077222896 306048461 10265299
0b000c01 0b00cd01 10012 100 3268400 2019179634 364180998 10286704
0b000b01 0b00c101 10016 100 4251417 2070630307 312799141 10369121
0b000201 0b00c501 10007 100 3636478 2021356668 362144050 10317564
0b000d01 0b00c201 10002 100 4061163 2013560879 370228159 10353171
0b000701 0b00ce01 10035 100 3702906 2089562941 294323528 10323132
0b000501 0b00cc01 10003 100 3459305 2016161045 367770197 10302710
0b000401 0b00c401 10027 100 2180815 2086643151 297492104 10195520
0b000e01 0b00c001 10027 100 2144789 2066078447 318219774 10192499
0b000401 0b00c901 10029 100 3136272 2085925328 298516436 10275627
0b000c01 0b00cc01 10011 100 4240682 2023430128 361063973 10368220
0b000301 0b00ce01 10027 100 2532664 2072144569 312422862 10225019
0b000d01 0b00c201 10016 100 4304158 2050522146 334059196 10373543
0b000101 0b00cc01 10009 100 3381729 2015695835 369182539 10296205
0b000401 0b00cf01 10030 100 2784377 2097460553 287465500 10246124
0b000101 0b00c501 10032 100 3588784 2081635100 303346000 10313564
0b000d01 0b00c401 10013 100 2989041 2043852360 341189717 10263284
0b000801 0b00c701 10038 100 3210207 2077482027 307787116 10281826
0b000901 0b00c001 10017 100 5752860 2047887502 337450504 10495000
0b000b01 0b00c701 10028 100 3752606 2076367781 309046171 10327300
0b000801 0b00c301 10003 100 3938482 2007822280 378174303 10342884
0b000001 0b00c801 10035 100 1730252 2071718022 314501985 10157747
0b000f01 0b00c001 10021 100 4024467 2064123249 322165913 10350093
0b000001 0b00c101 10029 100 1591013 2097434883 288973473 10146074
0b000401 0b00cc01 10008 100 2736243 2033324686 353114847 10242089
0b000501 0b00c601 10017 100 4290808 2055071953 331416236 10372422
0b000101 0b00ca01 10022 100 3863435 2066736845 319789921 10336592
0b000901 0b00c401 10015 100 5619696 2052067636 334476917 10483836
0b000601 0b00c501 10007 100 3368875 2021425322 365164539 10295126
0b000d01 0b00cf01 10046 100 3021371 2096861037 289805992 10265994
0b000001 0b00c801 10031 100 4012079 2064343923 322538836 10349056
0b000301 0b00ca01 10003 100 4687225 2005789903 381361026 10405659
0b000801 0b00c201 10029 100 2950468 2085698419 301508075 10260049
0b000f01 0b00c601 10019 100 4081836 2064002553 323228922 10354901
0b000001 0b00cd01 10023 100 2364801 2046129730 341405171 10210945
0b000a01 0b00cf01 10004 100 4600388 2009155481 378457046 10398378
0b000901 0b00cb01 10028 100 3742391 2074272735 313406835 10326444
0b000c01 0b00cd01 10023 100 3327025 2054866754 332885690 10291621
0b000e01 0b00c201 10021 100 4031188 2043568356 344637915 10350657
0b000b01 0b00cb01 10028 100 3578414 2081363431 306894789 10312696
0b000a01 0b00c101 10018 100 5035901 2073901377 314682181 10434890
0b000501 0b00c301 10003 100 4880364 2012086919 376503070 10421852
0b000401 0b00c701 10032 100 2306594 2099005326 289646788 10206066
0b000701 0b00c401 10035 100 3822562 2082627743 306171554 10333165
0b000d01 0b00c501 10007 100 3880105 2024449510 364578300 10337991
0b000201 0b00c901 10031 100 3474108 2087130681 302203656 10303952
0b000d01 0b00ce01 10005 100 4917838 2009412772 380049267 10424992
0b000901 0b00c401 10027 100 4547162 2092532489 297038292 10393917
0b000901 0b00c801 10019 100 4939908 2065810152 323883187 10426842
0b000401 0b00c501 10038 100 2640014 2095716012 294281916 10234022
0b000101 0b00c601 10020 100 5699306 2059888964 330316776 10490512
0b000b01 0b00c601 10029 100 5249567 2064488835 325748212 10452805
0b000201 0b00c101 10029 100 4090756 2091763358 299975452 10355649
0b000f01 0b00cd01 10025 100 5076131 2079739699 312026967 10438266
0b000501 0b00ce01 10011 100 3091756 2031598280 360538636 10271893
0b000801 0b00c301 10035 100 3024516 2096455826 295692109 10266257
0b000201 0b00c201 10013 100 3440501 2038023603 354159648 10301133
0b000801 0b00c101 10002 100 4134764 2005235831 387535112 10359339
0b000501 0b00cc01 10016 100 3280004 2026208147 366563449 10287679
0b000d01 0b00c901 10006 100 4225187 2020135012 372868576 10366922
0b000501 0b00c601 10025 100 4684620 2072692690 320517837 10405440
0b000001 0b00c301 10005 100 3092820 2023181134 370090963 10271982
0b000e01 0b00c201 10001 100 3099740 2004422442 389102051 10272563
0b000501 0b00c601 10031 100 3784178 2094418797 299363968 10329948
0b000401 0b00c301 10027 100 3448880 2047044423 347117899 10301834
0b000801 0b00ce01 10034 100 4042103 2078229215 316218405 10351573
0b000c01 0b00cb01 10042 100 4201789 2092862489 301740429 10364958
0b000f01 0b00cf01 10024 100 4099665 2064691642 329959494 10356397
0b000601 0b00c901 10003 100 4084292 2024506038 370555490 10355109
0b000501 0b00c401 10005 100 3401266 2031783064 363534787 10297844
0b000201 0b00cb01 10029 100 3793794 2096317668 299042349 10330752
0b000201 0b00cd01 10023 100 2750758 2036641447 358796440 10243304
0b000d01 0b00c301 10024 100 4306173 2075497894 320290548 10373712
0b000001 0b00cc01 10031 100 1959297 2085575525 310620326 10176950
0b000e01 0b00c701 10013 100 5469760 2040461898 355770846 10471265
0b000701 0b00c501 10029 100 2898774 2087765506 308533465 10255714
0b000e01 0b00c401 10031 100 1991691 2097597465 298854748 10179664
0b000e01 0b00ce01 10013 100 6053846 2030928777 365619651 10520235
0b000401 0b00c901 10011 100 2981798 2021615821 375197906 10262674
0b000701 0b00c901 10024 100 2890530 2087995735 308846053 10255023
0b000401 0b00cd01 10002 100 4895736 2002250484 394752850 10423139
0b000901 0b00c801 10005 100 4889717 2012912948 384752536 10422634
0b000b01 0b00ca01 10010 100 4650296 2020305603 377452030 10402563
0b000f01 0b00cc01 10039 100 4433874 2096057288 301706919 10384416
0b000a01 0b00c701 10032 100 2886672 2063395851 334567690 10254699
0b000201 0b00ca01 10025 100 2411203 2099108865 298887081 10214838
0b000f01 0b00c601 10023 100 3784211 2072574649 325605063 10329951
0b000301 0b00c801 10003 100 4610668 2004926471 393328996 10399239
0b000601 0b00c901 10006 100 2647670 2025522089 372751132 10234661
0b000601 0b00ca01 10024 100 3723902 2068737808 329625010 10324892
0b000701 0b00c701 10029 100 4274673 2083965399 314488619 10371069
0b000c01 0b00cc01 10030 100 4264800 2055267789 343337275 10370241
0b000b01 0b00ce01 10025 100 4826873 2095138219 303683667 10417365
0b000b01 0b00cf01 10032 100 3925041 2096236273 303014056 10341759
0b000f01 0b00c901 10026 100 4195453 2068401769 330886662 10364428
0b000a01 0b00c501 10002 100 6300168 2003301215 396122570 10540889
0b000201 0b00cd01 10008 100 3328153 2011081814 388384075 10291715
0b000001 0b00c401 10003 100 3006334 2012031782 387574607 10264733
0b000001 0b00c601 10044 100 2027509 2089641373 309992623 10182668
0b000c01 0b00ca01 10005 100 5923910 2012556077 387294755 10509340
0b000d01 0b00cd01 10008 100 4777875 2019390499 380698783 10413257
0b000601 0b00c701 10014 100 2767448 2037450334 363174966 10244704
0b000801 0b00cf01 10025 100 3514981 2088392767 312453344 10307376
0b000c01 0b00c501 10035 100 2348212 2069163663 331810753 10209557
0b000301 0b00c901 10000 100 3976852 2004976118 396202167 10346099
0b000401 0b00ce01 10025 100 2525367 2064228767 337350303 10224409
0b000601 0b00c001 10026 100 3216531 2080335131 321397771 10282355
0b000901 0b00ce01 10002 100 4565791 2018340100 383502693 10395476
0b000501 0b00ce01 10036 100 3947874 2085460941 316503741 10343670
0b000b01 0b00cb01 10020 100 5930526 2066739598 335382647 10509897
0b000a01 0b00c301 10007 100 3510735 2022230780 379904337 10307021
0b000d01 0b00c301 10033 100 3829210 2096967306 305289108 10333724
0b000c01 0b00c701 10008 100 3866218 2030251406 372103008 10336826
0b000301 0b00c801 10005 100 4802264 2009277582 393156965 10415304
0b000101 0b00ca01 10010 100 3860570 2021641831 380990285 10336351
0b000d01 0b00c501 10024 100 4654217 2084436876 318296672 10402892
0b000601 0b00cc01 10024 100 2407761 2050887230 351934300 10214547
0b000d01 0b00cc01 10026 100 4193282 2091700659 311213852 10364247
0b000f01 0b00cc01 10007 100 4648515 2014230461 389042957 10402413
0b000201 0b00cd01 10021 100 2727147 2034651932 368684893 10241327
0b000f01 0b00c801 10030 100 3849308 2091029836 312728408 10335408
0b000f01 0b00cd01 10004 100 5442389 2011194659 392645305 10468972
0b000501 0b00ca01 10008 100 3396771 2022374667 381820201 10297466
0b000101 0b00cc01 10012 100 3465852 2018792692 385590272 10303257
0b000801 0b00c701 10013 100 4039871 2026691365 378071773 10351383
0b000e01 0b00cc01 10020 100 4862683 2059232327 345582526 10420368
0b000a01 0b00c101 10005 100 4602284 2020127419 384875437 10398538
0b000301 0b00cf01 10001 100 4643637 2009779679 395376793 10402003
0b000201 0b00c201 10023 100 3814348 2060938269 344603090 10332477
0b000f01 0b00c801 10027 100 3909948 2079084313 326583217 10340490
0b000201 0b00c101 10006 100 4711972 2017348174 388331086 10407731
0b000701 0b00ce01 10026 100 4149693 2077949744 328043927 10360591
0b000e01 0b00cb01 10026 100 2158593 2085210818 320809121 10193658
0b000d01 0b00c701 10030 100 4721131 2089698574 316511881 10408502
0b000301 0b00cd01 10006 100 4136673 2030702532 375632419 10359499
0b000601 0b00c401 10010 100 4998056 2017578560 388946399 10431720
0b000001 0b00c201 10019 100 9827581 2065884926 340781026 10836626
0b000101 0b00ce01 10004 100 4793521 2016986805 389695230 10414570
0b000101 0b00cb01 10028 100 4357003 2076302956 330507524 10377974
0b000201 0b00c901 10010 100 4281160 2024155973 382708839 10371615
0b000a01 0b00cc01 10008 100 5465770 2014560642 392475614 10470931
0b000801 0b00c901 10031 100 3393695 2099189501 308487359 10297208
0b000f01 0b00cc01 10000 100 11582733 2002092103 405589715 10983777
0b000e01 0b00c601 10024 100 2765817 2062765355 345378642 10244566
0b000801 0b00c601 10029 100 4385608 2088989282 319987698 10380370
0b000b01 0b00cd01 10025 100 5548526 2095705945 313304743 10477870
0b000f01 0b00cb01 10028 100 4703791 2064788833 344231199 10407046
0b000501 0b00ca01 10012 100 3603613 2033146171 375883128 10314808
0b000301 0b00c301 10004 100 5278045 2008587807 400450074 10455194
0b000e01 0b00cf01 10023 100 1819669 2086672198 322401483 10165242
0b000c01 0b00cc01 10027 100 3381141 2052003108 357072712 10296158
0b000701 0b00cf01 10029 100 4466432 2087679795 321615623 10387147
0b000e01 0b00c101 10034 100 7880030 2076486783 332830128 10673345
0b000301 0b00cd01 10008 100 4164903 2035100600 374363916 10361865
0b000601 0b00ce01 10014 100 2528476 2042583553 367375609 10224669
0b000301 0b00c301 10039 100 2637228 2098962976 311635307 10233788
0b000801 0b00ce01 10042 100 3399907 2097322420 313297030 10297728
0b000201 0b00c901 10009 100 2990262 2023904223 386862267 10263386
0b000201 0b00cb01 10025 100 3561978 2081570582 329237100 10311316
0b000e01 0b00ce01 10020 100 6941256 2043041491 367908031 10594637
0b000601 0b00c201 10028 100 4013245 2081608275 329505292 10349153
0b000301 0b00cc01 10029 100 4336117 2081865339 329430873 10376223
0b000401 0b00c901 10018 100 2769502 2045724451 365577694 10244876
0b000d01 0b00c101 10004 100 4308431 2030553332 380818359 10373901
0b000a01 0b00c301 10002 100 6492673 2009268114 402303780 10557026
0b000101 0b00c101 10007 100 3664945 2015629456 396162686 10319949
0b000c01 0b00ca01 10009 100 3156423 2040459702 371401696 10277316
0b000c01 0b00cd01 10017 100 4258922 2040277869 371683039 10369748
0b000a01 0b00c801 10012 100 5233260 2020070651 391943554 10451439
0b000701 0b00cb01 10007 100 5862685 2009755611 402272736 10504208
0b000d01 0b00c401 10001 100 5582233 2011977048 400379864 10480697
0b000f01 0b00c501 10006 100 4507781 2027541193 384863042 10390613
0b000501 0b00ca01 10033 100 4778400 2098361579 314059375 10413303
0b000201 0b00c401 10014 100 5339107 2037025134 375854549 10460314
0b000b01 0b00c901 10029 100 5473789 2077381658 335592789 10471603
0b000201 0b00ca01 10016 100 4166141 2063616271 349373780 10361972
0b000f01 0b00c701 10004 100 5931219 2009023067 404127133 10509956
0b000201 0b00c901 10029 100 3914378 2081703454 331686120 10340863
0b000301 0b00cc01 10034 100 3911420 2091024752 322381372 10340615
0b000501 0b00c701 10012 100 3879461 2030303550 383398947 10337936
0b000e01 0b00c101 10012 100 8299416 2035517845 378257164 10708505
0b000a01 0b00ca01 10032 100 4902137 2090307273 323581745 10423678
0b000701 0b00ca01 10015 100 4479072 2041855791 372198353 10388208
0b000d01 0b00cf01 10044 100 4999599 2095379590 318727023 10431847
0b000301 0b00c701 10017 100 3624275 2057925609 356208683 10316542
0b000701 0b00cd01 10019 100 5962842 2051426912 362748711 10512605
0b000001 0b00c701 10042 100 2557525 2087910126 326524698 10227104
0b000001 0b00c501 10045 100 1825531 2083369497 331232705 10165734
0b000c01 0b00c301 10011 100 3969964 2044770440 370149727 10345521
0b000c01 0b00c701 10030 100 2277442 2091736050 323226156 10203622
0b000101 0b00cd01 10007 100 4745447 2023202318 392328020 10410540
0b000801 0b00c101 10008 100 5490529 2015865583 399992574 10473007
0b000801 0b00c201 10035 100 4122250 2096940982 319195837 10358292
0b000501 0b00cf01 10030 100 4548532 2086227924 330055591 10394030
0b000201 0b00c401 10020 100 5103074 2055596097 360858989 10440525
0b000c01 0b00c001 10015 100 2957572 2062886638 353569003 10260644
0b000701 0b00c901 10012 100 3381831 2038006510 378689827 10296213
0b000201 0b00ce01 10016 100 3051012 2027229447 389625502 10268480
0b000c01 0b00cd01 10019 100 4879037 2042024261 374961074 10421742
0b000201 0b00c701 10025 100 4284555 2066609550 350582805 10371898
0b000801 0b00ce01 10010 100 4798020 2029511743 387767124 10414949
0b000e01 0b00cd01 10010 100 2779932 2028927697 388496964 10245749
0b000a01 0b00c601 10003 100 7323720 2009753143 407797549 10626701
0b000a01 0b00c901 10012 100 4952783 2028212703 389349478 10427922
0b000501 0b00c901 10030 100 4793903 2087729041 329944639 10414601
0b000e01 0b00ca01 10001 100 4263786 2002990839 414965986 10370156
0b000b01 0b00c201 10006 100 5337620 2028289208 389679415 10460187
0b000701 0b00cd01 10013 100 4740532 2031797608 386485749 10410128
0b000c01 0b00cb01 10018 100 4289882 2038956207 379466158 10372344
0b000101 0b00cc01 10008 100 6369451 2010407889 408355823 10546696
0b000901 0b00cd01 10035 100 5546601 2085084519 334108328 10477708
0b000c01 0b00ca01 10018 100 2505442 2070516615 349112883 10222738
0b000c01 0b00c901 10022 100 4122081 2066704727 353493285 10358278
0b000501 0b00c801 10015 100 4801149 2046144062 374167863 10415211
0b000c01 0b00cc01 10018 100 5418977 2035830323 384489791 10467007
0b000301 0b00c001 10004 100 4961347 2023576884 397150924 10428641
0b000c01 0b00cb01 10023 100 4192327 2051983132 368771377 10364167
0b000301 0b00cd01 10007 100 4825110 2034498559 386290896 10417220
0b000c01 0b00cd01 10021 100 2772789 2047361496 373470413 10245151
0b000301 0b00c601 10000 100 5967271 2005140029 415864905 10512978
0b000001 0b00cf01 10015 100 3137270 2035142235 385889708 10275711
0b000701 0b00c201 10038 100 3622723 2092533797 328529641 10316410
0b000a01 0b00cb01 10012 100 5596592 2034411750 386981209 10481899
0b000101 0b00c601 10014 100 4871082 2038023937 383448244 10421075
0b000401 0b00cf01 10022 100 2669926 2076216490 345341611 10236526
0b000501 0b00cf01 10002 100 3904851 2011551884 410192353 10340063
0b000101 0b00c101 10014 100 4916171 2036747215 385228871 10424854
0b000501 0b00c001 10011 100 4037033 2010450064 411787925 10351148
0b000e01 0b00c901 10024 100 7673300 2066317760 355966127 10656012
0b000a01 0b00c901 10003 100 6857717 2012539021 409754608 10587632
0b000d01 0b00c501 10026 100 5700272 2098886477 323744051 10490593
0b000d01 0b00c701 10012 100 5428890 2029119435 393570651 10467838
0b000301 0b00c601 10008 100 3474152 2031807499 391397849 10303956
0b000e01 0b00c201 10003 100 3292039 2005152535 418179288 10288688
0b000c01 0b00ce01 10022 100 3772864 2060244416 363215955 10328997
0b000001 0b00c801 10043 100 1947167 2083088846 340443274 10175933
0b000801 0b00c201 10015 100 4367855 2045459064 378193482 10378881
0b000d01 0b00c901 10024 100 4190267 2052587294 371181655 10363994
0b000201 0b00c901 10002 100 3794073 2008529559 415250272 10330778
0b000301 0b00c801 10025 100 3838871 2053904354 369901603 10334531
0b000301 0b00cd01 10024 100 3767379 2067837057 356059890 10328539
0b000301 0b00cb01 10022 100 4273793 2036070860 387887930 10370995
0b000d01 0b00c101 10014 100 4044432 2056754231 367487826 10351767
0b000701 0b00cf01 10005 100 4819934 2016224318 408067847 10416783
0b000201 0b00c101 10025 100 4779538 2077077526 347264524 10413398
0b000e01 0b00c101 10040 100 2227081 2097596235 326831128 10199402
0b000e01 0b00c601 10011 100 3274974 2027680016 397178977 10287253
0b000601 0b00c801 10025 100 3837853 2086909159 338398183 10334446
0b000e01 0b00c301 10025 100 11090454 2066856680 358963118 10942505
0b000201 0b00c501 10013 100 5818088 2035969692 389910885 10500472
0b000601 0b00c001 10006 100 3164191 2021030505 404998411 10277968
0b000f01 0b00c101 10033 100 5110295 2092163144 334015588 10441129
0b000d01 0b00cc01 10029 100 6544648 2098847020 327393945 10561384
0b000b01 0b00ca01 10000 100 5471624 2001241407 425081614 10471422
0b000801 0b00c101 10026 100 4049928 2053647182 372694142 10352226
0b000e01 0b00ca01 10000 100 3548711 2002519265 423850011 10310205
0b000801 0b00cf01 10009 100 4928033 2027152727 399503893 10425850
0b000301 0b00c001 10009 100 3262401 2048545577 378226772 10286202
0b000101 0b00cd01 10016 100 4235711 2041220845 385640755 10367803
0b000501 0b00ce01 10019 100 6086251 2049521276 377468630 10522954
0b000101 0b00c301 10034 100 5110041 2083582439 343509213 10441109
0b000c01 0b00c601 10005 100 8124718 2019919778 407316726 10693857
0b000201 0b00c501 10021 100 5811106 2063700563 363641220 10499886
0b000501 0b00cd01 10038 100 4574224 2098227292 329215481 10396185
0b000701 0b00c601 10023 100 4913497 2050416840 377541341 10424629
0b000601 0b00cc01 10015 100 2732657 2036810770 391552362 10241787
0b000901 0b00cd01 10003 100 7542131 2007494879 420920781 10645015
0b000001 0b00c201 10023 100 2739199 2084277342 344155289 10242337
0b000301 0b00c201 10011 100 6164645 2019656287 409412578 10529525
0b000c01 0b00c801 10023 100 3951323 2061277393 368042403 10343961
0b000a01 0b00c501 10016 100 5015866 2048714631 381005231 10433210
0b000a01 0b00c201 10025 100 4341218 2063847072 365903612 10376650
0b000001 0b00c901 10033 100 2499891 2060605068 369228895 10222271
0b000101 0b00c201 10033 100 5014353 2091968261 338044653 10433085
0b000f01 0b00cd01 10005 100 6803297 2017863637 412858103 10583071
0b000901 0b00cf01 10006 100 6707522 2014702805 416199122 10575040
0b000a01 0b00cb01 10038 100 6180784 2098562362 332477159 10530877
0b000e01 0b00c801 10026 100 2953290 2065569403 365804527 10260286
0b000101 0b00c901 10028 100 5212662 2091567606 340429140 10449710
0b000d01 0b00c201 10014 100 5592800 2045148471 387045194 10481581
0b000401 0b00cd01 10007 100 4039206 2006857618 426095042 10351330
0b000c01 0b00cc01 10026 100 3253836 2051576974 381545741 10285482
0b000301 0b00c801 10017 100 5292644 2039930431 393196008 10456416
0b000f01 0b00c001 10009 100 5682694 2025225539 408090844 10489118
0b000a01 0b00c601 10011 100 6307818 2035992423 397385367 10541528
0b000b01 0b00c201 10020 100 4466064 2065587419 367889094 10387118
0b000b01 0b00c601 10013 100 5601337 2036123470 397496713 10482298
0b000801 0b00c501 10024 100 3883882 2059635850 374077253 10338305
0b000c01 0b00cc01 10028 100 5756468 2054159845 379561650 10495304
0b000301 0b00cc01 10022 100 4336895 2066637404 367233773 10376285
0b000b01 0b00cf01 10029 100 6135265 2086114526 347864011 10527063
0b000901 0b00cd01 10008 100 6114973 2026109562 407894553 10525359
0b000201 0b00c201 10027 100 4802032 2069124975 365217674 10415286
0b000a01 0b00c101 10006 100 7696457 2022034362 412516645 10657953
0b000101 0b00c801 10010 100 5961434 2028409445 406321080 10512488
0b000d01 0b00cf01 10027 100 4353330 2060711879 374436063 10377665
0b000c01 0b00cc01 10041 100 3275306 2078713341 356769210 10287284
0b000f01 0b00c901 10015 100 5872696 2039810731 396541852 10505048
0b000201 0b00ce01 10022 100 7925950 2038843176 397549074 10677191
0b000101 0b00c801 10024 100 3328668 2063606253 372852150 10291756
0b000b01 0b00cc01 10025 100 4580731 2063038247 374097249 10396729
0b000701 0b00c801 10032 100 4144110 2095622831 341577927 10360125
0b000d01 0b00c501 10005 100 8818812 2017373060 420027222 10752049
0b000901 0b00ce01 10020 100 6424409 2086595039 350811175 10551304
0b000401 0b00c901 10000 100 3940012 2006064577 432019992 10343014
0b000401 0b00c201 10018 100 3316169 2048928366 389362994 10290710
0b000801 0b00c601 10012 100 3478733 2043652946 394818910 10304338
0b000601 0b00c601 10028 100 4387105 2070084835 368438491 10380498
0b000301 0b00c301 10028 100 4101001 2068647313 369880441 10356511
0b000a01 0b00ca01 10008 100 7561677 2029492440 409207144 10646652
0b000e01 0b00ca01 10034 100 2651091 2061210356 377645194 10234950
0b000301 0b00c101 10030 100 4462456 2076837145 362447340 10386814
0b000501 0b00c701 10013 100 4662912 2032433771 406855097 10403618
0b000601 0b00c901 10024 100 4574916 2070436552 369036697 10396241
0b000e01 0b00c301 10023 100 2638102 2064019597 376425944 10233861
0b000f01 0b00cf01 10003 100 7809991 2017973864 422841126 10667469
0b000101 0b00c201 10035 100 7606485 2097252768 343590647 10650409
0b000701 0b00cd01 10021 100 3956958 2058828559 382299717 10344431
0b000901 0b00cf01 10007 100 7674402 2016597740 424792738 10656104
0b000601 0b00ce01 10004 100 3455816 2014412343 427120388 10302416
0b000701 0b00c901 10018 100 4049805 2057688281 383859242 10352216
0b000501 0b00c001 10039 100 9928739 2095995271 345623831 10845106
0b000e01 0b00ca01 10042 100 2430195 2089470337 352157672 10216430
0b000d01 0b00c001 10001 100 6354662 2002352339 439337420 10545456
0b000f01 0b00cd01 10001 100 8382316 2006650472 435052811 10715456
0b000101 0b00cc01 10020 100 5646565 2035145233 406687368 10486089
0b000101 0b00c501 10020 100 5210434 2042896037 398960137 10449524
0b000b01 0b00cf01 10010 100 6576134 2029632831 412518698 10564026
0b000f01 0b00c701 10015 100 5820003 2040265348 401917161 10500632
0b000601 0b00c501 10008 100 3003462 2025307286 416923164 10264492
0b000d01 0b00c601 10011 100 3660417 2035720951 406521236 10319571
0b000701 0b00ce01 10012 100 5772819 2040409130 402006587 10496673
0b000d01 0b00c401 10011 100 8438185 2036835780 405916161 10720140
0b000801 0b00c601 10016 100 3416599 2055468099 387950288 10299129
0b000a01 0b00c401 10021 100 4414713 2071973872 371591719 10382810
0b000201 0b00c101 10009 100 3369599 2023766607 420010277 10295188
0b000701 0b00c101 10020 100 3310492 2065316197 378500986 10290233
0b000701 0b00c601 10025 100 4973959 2057279927 386613319 10429696
0b000801 0b00c801 10024 100 4397373 2053876090 390061712 10381358
0b000401 0b00c501 10007 100 4574199 2028380204 415703661 10396183
0b000301 0b00cc01 10010 100 4778179 2049619417 394536410 10413285
0b000401 0b00ca01 10014 100 4024756 2042009221 402387650 10350116
0b000801 0b00c801 10027 100 4349242 2060133001 384424340 10377323
0b000001 0b00c601 10024 100 2418411 2048344440 396420831 10215441
0b000701 0b00c301 10019 100 5800193 2043198391 401807078 10498971
0b000901 0b00c001 10022 100 7513788 2063737739 381738275 10642636
0b000b01 0b00c101 10006 100 6864574 2027393250 418083636 10588207
0b000601 0b00c701 10031 100 4363773 2092156854 353913877 10378539
0b000301 0b00ce01 10014 100 6314571 2033911906 412476985 10542095
0b000101 0b00c301 10021 100 5382131 2055645955 390834620 10463921
0b000101 0b00c901 10018 100 5475924 2048854876 397835443 10471781
0b000901 0b00c501 10026 100 5589969 2064549153 382235011 10481343
0b000001 0b00c801 10016 100 2590818 2036172297 410983662 10229894
0b000c01 0b00c601 10028 100 4550087 2077680067 369572447 10394162
0b000601 0b00ca01 10031 100 4400740 2093755348 353630268 10381639
0b000601 0b00c401 10006 100 3760642 2009509339 438021449 10327973
0b000501 0b00c101 10028 100 2969214 2088552888 359391088 10261621
0b000701 0b00cf01 10027 100 4166336 2079847380 368295010 10361988
0b000701 0b00cd01 10035 100 4966816 2099602082 348738118 10429098
0b000601 0b00cf01 10030 100 4628809 2092759460 355814724 10400760
0b000e01 0b00c301 10015 100 3052744 2027906795 420808680 10268623
0b000c01 0b00c301 10024 100 3977242 2079595235 369128862 10346134
0b000401 0b00cd01 10016 100 3591567 2052741230 396466175 10313798
0b000101 0b00cc01 10027 100 7589112 2043974651 405314248 10648954
0b000d01 0b00cf01 10015 100 8383323 2031616854 417689107 10715540
0b000901 0b00c901 10016 100 8186904 2023862599 425490190 10699070
0b000401 0b00cb01 10037 100 3424908 2086025382 363654439 10299824
0b000c01 0b00c401 10039 100 3050426 2087795342 361931272 10268429
0b000701 0b00cd01 10034 100 5125664 2098006765 351752702 10442416
0b000101 0b00c101 10015 100 6753850 2037464796 412496618 10578923
0b000601 0b00c201 10026 100 4703763 2078365444 371799188 10407044
0b000d01 0b00cb01 10023 100 5554797 2053270981 396919225 10478394
0b000a01 0b00cd01 10025 100 8366306 2098201626 352020665 10714113
0b000501 0b00c201 10007 100 3539992 2026200312 424036010 10309472
0b000101 0b00c401 10008 100 7157530 2032653134 417904535 10612769
0b000701 0b00cc01 10009 100 6179825 2030288597 420347193 10530797
0b000c01 0b00c501 10014 100 3730263 2030125911 420736298 10325428
0b000f01 0b00cf01 10007 100 8267435 2033696877 417302389 10705823
0b000601 0b00c001 10017 100 2835814 2044473152 407144088 10250435
0b000d01 0b00ce01 10023 100 5533772 2069375851 382445543 10476632
0b000001 0b00cf01 10013 100 3008844 2032084773 419940920 10264942
0b000701 0b00cc01 10016 100 7008240 2051867177 400203995 10600253
0b000c01 0b00cc01 10013 100 3782589 2026651465 425476366 10329813
0b000401 0b00c601 10018 100 4101732 2043517775 408650872 10356570
0b000701 0b00c801 10008 100 7382728 2037505615 414948875 10631648
0b000d01 0b00c901 10029 100 6805826 2057575599 395029669 10583281
0b000601 0b00cb01 10018 100 4592228 2083902601 368896426 10397695
0b000f01 0b00ce01 10002 100 4790880 2009130762 443735000 10414347
0b000501 0b00c601 10033 100 13133356 2094882050 358147762 11113783
0b000301 0b00cc01 10027 100 5544576 2075446428 377650487 10477538
0b000501 0b00c201 10000 100 4918962 2001623651 451610974 10425085
0b000701 0b00c501 10026 100 6845615 2082454504 370866913 10586617
0b000801 0b00ce01 10022 100 5479631 2052455414 401177888 10472093
0b000d01 0b00c801 10027 100 3266227 2078198816 375632426 10286523
0b000801 0b00cc01 10031 100 4830239 2077740332 376145121 10417650
0b000301 0b00c101 10024 100 5360233 2059184398 394837724 10462084
0b000c01 0b00cb01 10016 100 7886954 2037343905 416785024 10673922
0b000e01 0b00c801 10039 100 3941509 2090915429 363379614 10343138
0b000c01 0b00cc01 10001 100 4319011 2004723482 449760893 10374789
0b000e01 0b00c601 10026 100 3226526 2067936015 386790502 10283193
0b000801 0b00c401 10029 100 4087344 2077973441 376951565 10355365
0b000201 0b00c901 10028 100 5171741 2081155879 373900706 10446279
0b000b01 0b00ca01 10021 100 6732453 2053142757 402392341 10577130
0b000f01 0b00ce01 10017 100 7273841 2048766903 406897399 10622519
0b000401 0b00c101 10002 100 3802463 2008233434 447523740 10331480
0b000a01 0b00cd01 10018 100 5899386 2073762257 382867774 10507286
0b000301 0b00c901 10002 100 4476180 2005692031 451792078 10387966
0b000601 0b00c401 10009 100 3624338 2015149699 442336878 10316547
0b000f01 0b00c601 10007 100 9524009 2028007201 429582943 10811176
0b000501 0b00c801 10022 100 6448500 2091324753 366298847 10553324
0b000101 0b00c501 10033 100 8100570 2084435705 373211638 10691833
0b000e01 0b00c901 10003 100 3215705 2021501076 436280454 10282285
0b000c01 0b00c101 10008 100 7702842 2046060537 411838730 10658486
0b000701 0b00c801 10017 100 7065678 2061643774 396380471 10605067
0b000b01 0b00c201 10027 100 5443593 2076100929 382422131 10469072
0b000a01 0b00cf01 10014 100 8765889 2038658118 420043561 10747612
0b000601 0b00c301 10008 100 6561967 2015538886 443183378 10562835
0b000501 0b00c501 10024 100 5445519 2058187445 401013231 10469234
0b000e01 0b00ce01 10012 100 3188104 2024331219 434955000 10279974
0b000701 0b00c901 10016 100 7605538 2056173627 403404528 10650330
0b000801 0b00cd01 10018 100 5700223 2049180859 410419311 10490589
0b000401 0b00c301 10002 100 5531661 2003088600 456803848 10476455
0b000501 0b00c401 10017 100 7057360 2075922295 384355396 10604371
0b000a01 0b00ca01 10023 100 7427514 2064485563 395977253 10635404
0b000c01 0b00cb01 10037 100 4983740 2086335586 374390728 10430517
0b000201 0b00c501 10023 100 7430385 2064718433 396116722 10635645
0b000701 0b00c301 10032 100 7774394 2071985923 389344981 10664487
0b000a01 0b00cc01 10017 100 9672441 2046626310 415772788 10823619
0b000a01 0b00cd01 10017 100 7918490 2072761749 389645865 10676568
0b000201 0b00c701 10021 100 9429222 2052853176 409770486 10803228
0b000301 0b00c101 10021 100 6205045 2044005016 418625563 10532914
0b000101 0b00c701 10006 100 8937977 2041937824 420944540 10762040
0b000501 0b00ce01 10034 100 9789357 2082151749 380959316 10833422
0b000201 0b00cb01 10005 100 3678508 2017538143 445723383 10321088
0b000101 0b00c201 10026 100 8504392 2065519398 397804030 10725690
0b000101 0b00c101 10024 100 6888033 2061430634 402070840 10590176
0b000f01 0b00c501 10008 100 9562413 2033918218 429665670 10814394
0b000901 0b00c401 10019 100 7010608 2065303724 398425757 10600450
0b000a01 0b00c801 10018 100 9719697 2035285084 428584687 10827580
0b000701 0b00c301 10036 100 5810774 2080633530 383297057 10499856
0b000901 0b00c801 10024 100 7789827 2074848256 389672857 10665779
0b000301 0b00c201 10029 100 5433651 2075717609 389017115 10468238
0b000001 0b00c501 10012 100 2734264 2030441993 434949225 10241923
0b000101 0b00c501 10027 100 7828883 2058310006 407254954 10669054
0b000001 0b00c501 10037 100 2663541 2073517337 392112313 10235993
0b000101 0b00c901 10015 100 7928373 2042749549 423412096 10677397
0b000001 0b00cc01 10035 100 2487632 2097341208 368825234 10221244
0b000401 0b00c601 10025 100 3005376 2059939568 406537582 10264653
0b000201 0b00c601 10008 100 4283265 2012581536 453925743 10371791
0b000f01 0b00c701 10020 100 7268121 2060941215 406150035 10622042
0b000201 0b00c401 10031 100 6222973 2081463460 385714069 10534414
0b000e01 0b00c601 10035 100 2630600 2091172298 376036497 10233231
0b000a01 0b00c701 10023 100 9077852 2052350098 415195258 10773767
0b000f01 0b00c101 10002 100 5041686 2007970240 460627595 10435376
0b000701 0b00cd01 10029 100 4831382 2090578352 378295707 10417745
0b000001 0b00c401 10026 100 2255732 2076055396 393180826 10201801
0b000501 0b00c801 10004 100 4685329 2016391182 452901914 10405500
0b000a01 0b00ca01 10009 100 4006856 2030644494 438698216 10348615
0b000401 0b00cf01 10009 100 4971701 2038455685 431261946 10429508
0b000701 0b00ca01 10027 100 5083778 2080437358 390012319 10438904
0b000401 0b00cb01 10005 100 5245199 2017173168 453804473 10452440
0b000d01 0b00c201 10040 100 4523115 2094698785 376580897 10391901
0b000101 0b00c401 10031 100 6408440 2090151344 381252448 10549965
0b000501 0b00c401 10009 100 3462387 2059273332 412235293 10302968
0b000301 0b00c201 10033 100 6866609 2079414111 392261038 10588378
0b000a01 0b00c901 10027 100 6621761 2081864060 390113875 10567849
0b000201 0b00c401 10013 100 3297960 2035484734 436914866 10289181
0b000c01 0b00cf01 10029 100 6318739 2074122688 398378949 10542444
0b000501 0b00cf01 10014 100 3596607 2047450992 425541586 10314221
0b000701 0b00c701 10015 100 9348844 2039689059 433392319 10796487
0b000d01 0b00c601 10027 100 7330317 2076227885 396957776 10627256
0b000201 0b00c501 10028 100 6976924 2090531229 382710962 10597625
0b000901 0b00cf01 10016 100 8595789 2050046726 423602206 10733351
0b000c01 0b00c301 10006 100 6701829 2029454477 444433778 10574562
0b000701 0b00c001 10002 100 7109340 2008804041 465755295 10608729
0b000d01 0b00c701 10031 100 4891581 2093125373 381437501 10422791
0b000d01 0b00c601 10001 100 8994145 2002926888 472112768 10766752
0b000b01 0b00cc01 10023 100 8995048 2055977745 419306850 10766828
0b000f01 0b00c401 10025 100 7149441 2080527619 395312022 10612091
0b000901 0b00c601 10020 100 8552238 2065632570 410417005 10729702
0b000501 0b00c301 10014 100 7160328 2036177337 440617788 10613004
0b000201 0b00ce01 10033 100 9288544 2072863581 403959224 10791433
0b000801 0b00ce01 10031 100 5898458 2064919993 412516568 10507208
0b000201 0b00c101 10024 100 9426211 2073544363 404326656 10802976
0b000f01 0b00cc01 10023 100 9329962 2056107114 422146897 10794904
0b000b01 0b00c301 10019 100 7839182 2078943278 399567682 10669920
0b000b01 0b00cf01 10023 100 6438828 2079456230 399973881 10552512
0b000201 0b00cb01 10023 100 8636809 2079504363 400212164 10736790
0b000d01 0b00c101 10016 100 7500991 2063083100 416789285 10641563
0b000101 0b00cb01 10006 100 7395611 2013437553 466683501 10632729
0b000001 0b00c901 10014 100 3851474 2030185658 449981353 10335589
0b000d01 0b00c701 10025 100 8528336 2065001434 415571274 10727698
0b000d01 0b00c701 10026 100 7606565 2065710796 415027681 10650416
0b000d01 0b00cb01 10006 100 8449338 2014093699 466687935 10721075
0b000e01 0b00c101 10000 100 23824008 2004418494 476399234 12010088
0b000201 0b00ca01 10003 100 6903058 2012297009 468697786 10591436
0b000d01 0b00c001 10005 100 9062911 2005637357 475728294 10772514
0b000701 0b00c201 10022 100 8754532 2067330956 414159929 10746661
0b000201 0b00c901 10030 100 9540672 2086765498 394755633 10812571
0b000f01 0b00c201 10051 100 8219510 2092703532 388988931 10701805
0b000f01 0b00cf01 10036 100 8357897 2097564023 384207266 10713406
0b000601 0b00c401 10014 100 3348976 2031155436 450844810 10293458
0b000201 0b00cb01 10021 100 8763938 2075692237 406517936 10747448
0b000901 0b00c901 10002 100 9176451 2006737526 475493717 10782035
0b000301 0b00cd01 10025 100 7188851 2073369036 408995464 10615393
0b000501 0b00c301 10005 100 7879947 2015081733 467433930 10673334
0b000f01 0b00c701 10026 100 8378024 2092762829 389913439 10715097
0b000701 0b00cc01 10025 100 5558914 2080358522 403296915 10478739
0b000f01 0b00c201 10048 100 7721899 2084196513 399828883 10660084
0b000301 0b00c501 10024 100 3607561 2065039306 419437716 10315139
0b000901 0b00cb01 10035 100 7919706 2092040533 392620867 10676669
0b000201 0b00c101 10001 100 9468004 2003002498 482064327 10806481
0b000901 0b00cd01 10034 100 11464905 2084221627 401009320 10973898
0b000a01 0b00ca01 10028 100 9899227 2086825788 398571414 10842634
0b000201 0b00c901 10000 100 4659259 2006298904 479176621 10403315
0b000801 0b00c101 10042 100 3392846 2099003660 386728007 10297136
0b000201 0b00cc01 10000 100 6294141 2001766292 484011097 10540384
0b000701 0b00c101 10026 100 5458813 2082050461 403731828 10470347
0b000d01 0b00c601 10019 100 8450681 2064980852 421450655 10721186
0b000901 0b00c801 10021 100 9915759 2067819142 418668521 10844018
0b000601 0b00c301 10002 100 11365879 2001314978 485282816 10965595
0b000401 0b00cc01 10010 100 6270809 2039873452 446769572 10538425
0b000d01 0b00c001 10031 100 5917151 2092175102 394639829 10508777
0b000101 0b00c801 10034 100 9229339 2096605670 390251890 10786470
0b000c01 0b00ca01 10024 100 7073134 2089356371 397667718 10605694
0b000801 0b00c601 10022 100 5750221 2070692268 416778993 10494781
0b000701 0b00c901 10005 100 8843330 2006540708 481090715 10754107
0b000101 0b00cf01 10001 100 9354298 2003374426 484261976 10796947
0b000501 0b00cf01 10031 100 3391495 2086475371 401820303 10297024
0b000201 0b00c301 10003 100 8139188 2015795121 472669551 10695072
0b000c01 0b00c401 10041 100 9877913 2092602567 395938569 10840844
0b000701 0b00c301 10023 100 7886221 2056082395 432689559 10673863
0b000c01 0b00cd01 10038 100 7632214 2096398385 392950166 10652567
0b000401 0b00c101 10018 100 4692249 2044897197 445300214 10406081
0b000f01 0b00c901 10028 100 7262940 2075915735 414336087 10621605
0b000601 0b00c701 10018 100 8564577 2046976476 443728762 10730735
0b000001 0b00c901 10038 100 2956721 2069201523 421609160 10260572
0b000d01 0b00c801 10031 100 9298488 2086042055 404893787 10792267
0b000f01 0b00c401 10022 100 7900581 2068673099 422285131 10675066
0b000a01 0b00c801 10032 100 13935374 2071396338 419594399 11181024
0b000c01 0b00c001 10014 100 9799652 2062458867 428779595 10834284
0b000c01 0b00cd01 10032 100 8257784 2085336438 407393136 10705013
0b000a01 0b00c501 10006 100 9503574 2018865275 473883608 10809461
0b000501 0b00cc01 10032 100 8474125 2065553570 427629644 10723154
0b000501 0b00c101 10022 100 7488343 2069462768 423898019 10640505
0b000f01 0b00cb01 10033 100 6664893 2084825520 408669161 10571465
0b000d01 0b00cc01 10022 100 7511301 2084366097 409429579 10642430
0b000801 0b00c801 10000 100 19858794 2000253659 493710525 11677642
0b000201 0b00c601 10030 100 8290790 2053913818 440060522 10707780
0b000c01 0b00c601 10034 100 8114653 2093008014 401369126 10693013
0b000301 0b00c701 10030 100 6090397 2097508126 397097636 10523301
0b000e01 0b00cc01 10008 100 4090844 2021667685 473092593 10355656
0b000901 0b00c001 10029 100 9752244 2087345378 407747032 10830311
0b000601 0b00c101 10018 100 8924598 2061922129 433204170 10760919
0b000901 0b00c301 10023 100 8776331 2053113574 442019922 10748490
0b000901 0b00c601 10017 100 9959478 2055856050 439673350 10847684
0b000601 0b00cc01 10017 100 9922174 2039902323 455790207 10844558
0b000901 0b00cd01 10027 100 10381578 2071792530 424020841 10883073
0b000e01 0b00c601 10006 100 3616268 2015904644 480227581 10315870
0b000501 0b00ce01 10024 100 3699848 2057379790 438768910 10322875
0b000f01 0b00c101 10007 100 4796255 2019670919 476673098 10414800
0b000601 0b00cc01 10030 100 7935766 2066632521 429814276 10678015
0b000001 0b00c501 10021 100 3265099 2041257043 455583187 10286429
0b000701 0b00c601 10000 100 7848214 2001745220 495634862 10670677
0b000401 0b00ca01 10018 100 4347222 2046457119 451035855 10377154
0b000401 0b00c801 10021 100 3708726 2070699427 427070025 10323620
0b000d01 0b00c801 10034 100 11234954 2090838766 407366894 10954618
0b000501 0b00cd01 10031 100 7829668 2077089635 421205031 10669120
0b000401 0b00cc01 10015 100 3825244 2064380604 434039547 10333391
0b000601 0b00cf01 10010 100 12214139 2026467921 472140038 11036716
0b000c01 0b00c501 10008 100 9454662 2020774932 478014464 10805360
0b000501 0b00c001 10033 100 8085947 2068710557 430361173 10690606
0b000f01 0b00cd01 10024 100 9474001 2078396448 420689458 10806984
0b000d01 0b00cb01 10031 100 8355329 2085152454 414248990 10713193
0b000e01 0b00cd01 10008 100 3572677 2022105622 477382522 10312214
0b000401 0b00cb01 10001 100 4990295 2006929323 493078102 10431069
0b000c01 0b00c101 10004 100 8883659 2022953322 477367517 10757487
0b000e01 0b00cc01 10035 100 3436145 2095451693 404904653 10300769
0b000701 0b00c701 10019 100 4076385 2049388438 451246976 10354446
0b000501 0b00cc01 10033 100 8364651 2069018910 431981174 10713973
0b000301 0b00cd01 10033 100 6381847 2098444714 402876867 10547734
0b000b01 0b00c801 10001 100 10473403 2002551706 499006725 10890772
0b000d01 0b00c701 10018 100 8635602 2047338191 454303799 10736690
0b000601 0b00c501 10001 100 4360025 2004622424 497242092 10378228
0b000f01 0b00c701 10025 100 8489099 2091808753 410209972 10724409
0b000901 0b00c101 10000 100 10037182 2005883083 496307489 10854200
0b000401 0b00cf01 10024 100 3180312 2086066513 416444584 10279320
0b000a01 0b00cc01 10009 100 14968805 2014921152 487709491 11267665
0b000401 0b00c701 10003 100 5148003 2004014097 498617470 10444292
0b000501 0b00cb01 10034 100 3551183 2078849135 424233876 10310414
0b000901 0b00cc01 10004 100 4805932 2017049300 486123144 10415609
0b000b01 0b00cc01 10003 100 9128233 2004491488 498687772 10777994
0b000701 0b00c401 10040 100 6933591 2097800523 405566870 10593993
0b000701 0b00c601 10036 100 6499536 2087488001 416075642 10557602
0b000a01 0b00c501 10036 100 14314834 2091690644 411940754 11212836
0b000001 0b00cf01 10009 100 3544296 2027030274 476738062 10309836
0b000501 0b00cc01 10020 100 6503171 2035061992 468969808 10557909
0b000101 0b00c601 10028 100 11036253 2075799255 428253515 10937962
0b000101 0b00c001 10006 100 7480650 2018878369 485193510 10639859
0b000501 0b00c401 10029 100 7441038 2092077778 412086386 10636540
0b000801 0b00ce01 10004 100 8854572 2012407347 491794414 10755048
0b000801 0b00c901 10026 100 8248396 2087809628 417113725 10704227
0b000f01 0b00c101 10034 100 8575722 2093241531 411759953 10731669
0b000f01 0b00cc01 10034 100 8044282 2086584805 418464325 10687115
0b000101 0b00c501 10006 100 9662651 2009904488 495260574 10822798
0b000b01 0b00cf01 10033 100 8000453 2098918271 406251131 10683440
0b000401 0b00c301 10009 100 6964802 2020297001 484889591 10596609
0b000a01 0b00cb01 10037 100 10685452 2098365846 407352043 10908550
0b000301 0b00ce01 10006 100 8506019 2017817969 488605502 10725828
0b000b01 0b00ca01 10011 100 8991431 2021246930 485473984 10766523
0b000e01 0b00c901 10026 100 3111049 2076387317 430761327 10273514
0b000601 0b00c301 10025 100 7556624 2051553033 456279087 10646228
0b000201 0b00c301 10034 100 9195679 2085761880 422182408 10783646
0b000f01 0b00cc01 10033 100 8749542 2082673065 425432112 10746243
0b000501 0b00ce01 10014 100 6704530 2039500604 468605900 10574789
0b000301 0b00c801 10014 100 7530429 2034658212 473572015 10644033
0b000101 0b00ce01 10028 100 9621766 2085802639 422635693 10819369
0b000b01 0b00cd01 10027 100 8474189 2096184035 412338965 10723159
0b000001 0b00cb01 10004 100 4732058 2008505031 500357885 10409419
0b000301 0b00c901 10018 100 6824393 2054749321 454307298 10584839
0b000301 0b00c201 10014 100 7201488 2035506148 473659858 10616454
0b000f01 0b00c101 10030 100 9152882 2081489742 427766364 10780058
0b000f01 0b00cf01 10031 100 9433810 2082670797 426616368 10803611
0b000c01 0b00c201 10023 100 18703457 2059915213 450531643 11580779
0b000701 0b00c401 10003 100 8561824 2021319211 489214992 10730504
0b000701 0b00c001 10009 100 8399331 2021994197 488609022 10716882
0b000801 0b00c201 10003 100 8415976 2009039103 501661275 10718275
0b000501 0b00c001 10029 100 3741483 2061604484 449272489 10326367
0b000301 0b00cf01 10013 100 8203844 2035080713 476401793 10700490
0b000301 0b00ca01 10014 100 7347316 2021485107 490117914 10628681
0b000301 0b00c001 10014 100 7143474 2057915670 453786128 10611590
0b000c01 0b00cb01 10020 100 13683718 2047566881 464486045 11159924
0b000b01 0b00c301 10029 100 9462335 2098304725 414023876 10806004
0b000701 0b00ce01 10039 100 6234392 2095318863 417155333 10535373
0b000f01 0b00ca01 10013 100 4642347 2029641690 483043193 10401896
0b000201 0b00ce01 10013 100 11031163 2026066189 486884013 10937535
0b000a01 0b00c701 10005 100 20537702 2012097294 501270933 11734562
0b000b01 0b00c001 10008 100 8831667 2018547848 494900685 10753128
0b000301 0b00c301 10003 100 9234003 2007584898 506481743 10786862
0b000201 0b00c001 10006 100 9918138 2029532278 484927763 10844220
0b000801 0b00c301 10008 100 8744732 2016925001 498663556 10745839
0b000801 0b00c201 10030 100 8510883 2087898598 427691417 10726232
0b000d01 0b00c501 10000 100 19915299 2000786296 515208354 11682381
0b000301 0b00ca01 10015 100 8849742 2035840262 480995480 10754643
0b000401 0b00c601 10037 100 3328397 2083964762 433039337 10291735
0b000801 0b00c501 10010 100 6888248 2030657473 487051321 10590193
0b000001 0b00cc01 10021 100 3399083 2048883599 469015098 10297662
0b000f01 0b00c901 10005 100 9347833 2008436327 509927011 10796402
0b000e01 0b00c101 10009 100 4316738 2024548578 494091585 10374596
0b000801 0b00c401 10032 100 9381526 2088972931 430392636 10799228
0b000b01 0b00cd01 10006 100 4717533 2026133091 493321387 10408199
0b000301 0b00ca01 10013 100 9011938 2017815010 502002286 10768241
0b000301 0b00c901 10027 100 7767450 2066732118 453230310 10663905
0b000d01 0b00c901 10009 100 4691676 2024046128 495988900 10406031
0b000801 0b00c901 10018 100 6120223 2055660243 464663668 10525802
0b000a01 0b00cf01 10023 100 4212114 2055694121 465038125 10365827
0b000d01 0b00cf01 10016 100 18531178 2033240371 487576487 11566337
0b000701 0b00c601 10032 100 9379673 2084629349 436920018 10799073
0b000001 0b00c501 10016 100 3033787 2037131335 484538856 10267033
0b000801 0b00c101 10016 100 6671142 2035834080 485880378 10571991
0b000c01 0b00c401 10033 100 8342343 2069415895 452471663 10712104
0b000001 0b00cc01 10025 100 3242054 2064750848 457651859 10284497
0b000601 0b00cd01 10040 100 3252138 2098844149 423580796 10285342
0b000501 0b00c201 10023 100 18332163 2092823979 429961300 11549651
0b000801 0b00cc01 10013 100 7848500 2034420616 488753017 10670700
0b000f01 0b00c201 10013 100 4767546 2029349695 493960141 10412392
0b000d01 0b00ce01 10014 100 19010882 2042133725 481292308 11606552
0b000801 0b00cb01 10017 100 4196544 2053670404 470016215 10364520
0b000f01 0b00c001 10032 100 12696652 2086427452 437343503 11077168
0b000a01 0b00c701 10011 100 13595096 2031907765 492121922 11152496
0b000601 0b00c301 10030 100 3521583 2067259254 457050736 10307931
0b000301 0b00ca01 10030 100 7902328 2071144446 453773802 10675213
0b000001 0b00cc01 10022 100 3375035 2056946766 468591889 10295646
0b000701 0b00cd01 10015 100 9995953 2036145304 489605557 10850740
0b000801 0b00cb01 10018 100 6366799 2057172448 468612154 10546473
0b000001 0b00cb01 10025 100 2549847 2090864911 435809232 10226459
0b000301 0b00c001 10008 100 7421225 2039860357 486837759 10634878
0b000801 0b00ca01 10019 100 7430160 2044177347 482690283 10635627
0b000d01 0b00c101 10008 100 10440842 2045321831 481745111 10888040
0b000f01 0b00ce01 10011 100 9270638 2029179086 497911174 10789931
0b000f01 0b00cc01 10011 100 9985282 2024210365 502961606 10849848
0b000801 0b00cb01 10021 100 6122192 2060294926 466953973 10525967
0b000501 0b00c101 10008 100 7891410 2015162929 512127010 10674298
0b000101 0b00cf01 10012 100 4621840 2021579780 506021058 10400175
0b000901 0b00c301 10008 100 12886133 2016414879 511614260 11093056
0b000501 0b00c401 10004 100 7413005 2019144060 509513999 10634190
0b000301 0b00c101 10008 100 12195646 2008742191 520037670 11035164
0b000401 0b00c301 10019 100 6158699 2035796589 493700769 10529026
0b000001 0b00c701 10030 100 3368244 2062189613 467578772 10295076
0b000601 0b00cf01 10005 100 4153401 2016644438 513722801 10360903
0b000b01 0b00cb01 10013 100 9280346 2042823464 487546505 10790746
0b000e01 0b00cb01 10017 100 4174379 2048315263 482275468 10362662
0b000601 0b00c601 10025 100 16880745 2046273489 484660794 11427962
0b000a01 0b00cb01 10031 100 4011849 2084649420 446667002 10349034
0b000e01 0b00c201 10017 100 4389685 2036243026 495187183 10380712
0b000201 0b00c401 10039 100 3690621 2098659071 432878635 10322103
0b000501 0b00cf01 10004 100 8516330 2019324870 512245309 10726691
0b000c01 0b00cf01 10006 100 4998751 2011997211 520075154 10431776
0b000701 0b00ca01 10016 100 9976859 2047353232 484754083 10849140
0b000801 0b00cc01 10004 100 5272121 2007196403 524993708 10454698
0b000201 0b00ce01 10021 100 18968631 2031835892 500431704 11603011
0b000101 0b00cc01 10007 100 14018495 2009529741 523134238 11187992
0b000401 0b00cf01 10014 100 6018092 2045991061 487126312 10517240
0b000401 0b00c101 10037 100 5321547 2085122313 448028509 10458840
0b000001 0b00c401 10007 100 3940506 2021352562 511885442 10343053
0b000901 0b00ca01 10017 100 9114368 2031145695 502272925 10776831
0b000601 0b00c801 10010 100 3646653 2036418362 497173763 10318416
0b000d01 0b00c001 10019 100 14674640 2065613495 468163144 11243003
0b000e01 0b00c701 10030 100 3167351 2093676121 440160662 10278233
0b000501 0b00c201 10011 100 7848024 2031128869 502857633 10670662
0b000c01 0b00c701 10019 100 26107340 2061690522 472478699 12201521
0b000c01 0b00ce01 10020 100 28220752 2054048873 480229329 12378708
0b000801 0b00ca01 10018 100 8786140 2042552343 492448509 10749313
0b000301 0b00ca01 10035 100 3927783 2088588091 446808876 10341986
0b000401 0b00cd01 10026 100 5885280 2080184271 455776682 10506104
0b000c01 0b00c901 10014 100 25847288 2046994135 489422522 12179719
0b000301 0b00c501 10006 100 14250055 2009790630 526932983 11207408
0b000f01 0b00cf01 10034 100 19430291 2090618083 446203958 11641718
0b000401 0b00c901 10005 100 7859791 2013380370 523554716 10671645
0b000401 0b00ce01 10002 100 6932843 2010012107 526954750 10593930
0b000d01 0b00ca01 10024 100 9667898 2070215156 467067846 10823236
0b000601 0b00cd01 10036 100 3328832 2078960343 459397846 10291769
0b000f01 0b00c401 10014 100 11688749 2041947512 496969483 10992665
0b000901 0b00c901 10018 100 10652692 2034549866 504682890 10905802
0b000b01 0b00c401 10025 100 10749260 2051008218 488927519 10913900
0b000201 0b00c101 10023 100 20498679 2054507071 485891247 11731290
0b000f01 0b00c001 10022 100 9433881 2066287022 474307202 10803617
0b000001 0b00c701 10014 100 3407558 2023411530 517532308 10298371
0b000401 0b00c101 10026 100 6292037 2063162907 478072241 10540208
0b000301 0b00ce01 10007 100 4803716 2019034403 522309051 10415424
0b000b01 0b00c401 10000 100 18365396 2001065454 540548955 11552437
0b000b01 0b00cb01 10031 100 11648168 2095676280 446011341 10989265
0b000e01 0b00c001 10000 100 25444548 2000162834 542201365 12145952
0b000a01 0b00c201 10019 100 23400405 2044402752 498115213 11974572
0b000801 0b00cf01 10018 100 6173498 2067172804 476094451 10530268
0b000801 0b00c801 10030 100 6631746 2064195365 479213252 10568686
0b000a01 0b00ca01 10029 100 4109063 2087590221 455876404 10357187
0b000301 0b00c401 10026 100 12068194 2072791452 471261776 11024480
0b000401 0b00ca01 10015 100 7689113 2042994041 501079580 10657338
0b000d01 0b00c801 10022 100 9394989 2067035619 477131833 10800355
0b000201 0b00cd01 10033 100 15946316 2078518685 465692756 11349621
0b000401 0b00cd01 10022 100 3692718 2073896010 470841556 10322278
0b000001 0b00c501 10042 100 3950556 2080327404 465122513 10343896
0b000901 0b00c601 10011 100 12806655 2037088391 508560647 11086391
0b000701 0b00cc01 10032 100 10436115 2097153447 448735348 10887647
0b000401 0b00c701 10002 100 9308587 2002674836 543401876 10793113
0b000001 0b00ce01 10002 100 4558295 2006867095 539368477 10394850
0b000801 0b00cd01 10021 100 8311006 2058614239 487726617 10709478
0b000f01 0b00cb01 10029 100 12590698 2065606299 481037289 11068285
0b000c01 0b00c201 10030 100 8620609 2074505627 472348790 10735433
0b000201 0b00ce01 10023 100 3965240 2039119456 507747825 10345128
0b000e01 0b00cc01 10033 100 3342024 2090071369 456985763 10292879
0b000201 0b00cf01 10015 100 4478433 2037848799 509237763 10388154
0b000201 0b00c901 10015 100 26110669 2038145598 508981694 12201799
0b000401 0b00c501 10032 100 8281513 2083294979 464098674 10707003
0b000b01 0b00c901 10023 100 15424033 2056130244 491565306 11305834
0b000801 0b00c301 10025 100 6961154 2065239876 482469827 10596306
0b000b01 0b00c501 10011 100 18374678 2034609353 513332169 11553214
0b000b01 0b00c501 10017 100 15900582 2053685570 494272159 11345786
0b000201 0b00c901 10018 100 17942924 2041749300 506377746 11517015
0b000401 0b00cc01 10013 100 9573787 2061037864 487406386 10815347
0b000f01 0b00cd01 10014 100 18829186 2051331230 497422339 11591322
0b000a01 0b00c001 10014 100 4654861 2042134875 506849499 10402944
0b000801 0b00c101 10032 100 7714449 2068023302 481333528 10659461
0b000101 0b00c201 10032 100 14050542 2090652340 459048623 11190679
0b000701 0b00c701 10032 100 13054621 2098605089 451130237 11107180
0b000201 0b00c801 10009 100 4004447 2037405043 512471270 10348414
0b000f01 0b00c801 10014 100 24456045 2032688692 518538229 12063078
0b000001 0b00cf01 10000 100 8964960 2000535768 550906499 10764302
0b000a01 0b00cf01 10027 100 18920545 2065625493 486046443 11598980
0b000301 0b00c901 10023 100 9922742 2063377695 488321376 10844603
0b000e01 0b00c401 10000 100 4435312 2003591678 548150344 10384539
0b000e01 0b00ca01 10008 100 4948482 2009777131 542898334 10427562
0b000b01 0b00cf01 10019 100 4607970 2060597937 492084020 10399012
0b000401 0b00c501 10012 100 7579348 2038977016 514050143 10648135
0b000801 0b00cf01 10021 100 8461772 2075764320 477669873 10722115
0b000601 0b00c101 10016 100 24877358 2054749682 498795902 12098400
0b000101 0b00ca01 10017 100 16042467 2040255623 513735824 11357682
0b000201 0b00cb01 10020 100 4173271 2074920609 479122280 10362569
0b000301 0b00cc01 10028 100 13475377 2076882760 477615318 11142458
0b000401 0b00c101 10029 100 8043503 2072690328 482121309 10687049
0b000201 0b00c901 10017 100 4498882 2040377857 514645925 10389866
0b000801 0b00c901 10021 100 8659914 2064374310 490981954 10738727
0b000701 0b00ce01 10017 100 11044390 2049072032 507025867 10938644
0b000201 0b00c501 10015 100 4037119 2039593384 516950076 10351155
0b000101 0b00ce01 10017 100 18190994 2043992892 513085640 11537812
0b000301 0b00cb01 10004 100 12066489 2002951032 554306003 11024336
0b000101 0b00c301 10031 100 11865837 2078739548 478580743 11007512
0b000801 0b00cc01 10026 100 9824498 2067237984 490283556 10836367
0b000501 0b00c301 10023 100 28732040 2066756083 490810992 12421577
0b000801 0b00c401 10018 100 9989372 2055307549 502372093 10850191
0b000101 0b00c601 10018 100 21002712 2045519168 512355592 11773548
0b000301 0b00c001 10030 100 4158936 2087889013 471225293 10361365
0b000101 0b00cb01 10036 100 20365105 2095894554 463275416 11720093
0b000f01 0b00cb01 10009 100 24810584 2015479099 543746059 12092800
0b000801 0b00c101 10027 100 11120056 2054475952 505604663 10944989
0b000701 0b00c301 10015 100 19947789 2036917367 523690040 11685103
0b000d01 0b00c301 10025 100 16342333 2076686989 483949122 11382823
0b000c01 0b00c501 10009 100 21582504 2022012023 539058486 11822159
0b000401 0b00c301 10032 100 3906714 2069123258 492114228 10340220
0b000301 0b00cd01 10013 100 17323671 2051624782 509670904 11465097
0b000901 0b00c901 10007 100 17064185 2013534427 547775787 11443344
0b000b01 0b00cf01 10013 100 17501771 2040552647 520958674 11480029
0b000701 0b00c701 10018 100 19832018 2048014886 513918016 11675400
0b000701 0b00c401 10017 100 20061474 2052360731 510143786 11694636
0b000b01 0b00cb01 10018 100 16096091 2061647538 500889843 11362179
0b000c01 0b00c201 10010 100 22160917 2026521828 536165283 11870651
0b000c01 0b00c601 10027 100 21761776 2072412495 490421795 11837188
0b000d01 0b00c001 10018 100 4528209 2063107468 499735321 10392328
0b000801 0b00c601 10027 100 4245694 2084358046 478494072 10368640
0b000d01 0b00c801 10008 100 17978421 2011332219 551523362 11519993
0b000101 0b00ce01 10016 100 19357576 2039045141 524544574 11635620
0b000901 0b00c701 10043 100 17157293 2095758222 467845208 11451150
0b000801 0b00ce01 10008 100 14163486 2027269507 536551885 11200148
0b000801 0b00c801 10021 100 12087384 2047575340 516712905 11026088
0b000d01 0b00c401 10027 100 20200607 2082049887 482292208 11706300
0b000a01 0b00c701 10031 100 29840467 2062974275 501919636 12514506
0b000701 0b00c001 10023 100 4452086 2065817974 499292620 10385946
0b000b01 0b00c801 10021 100 13703058 2069132393 496562961 11161548
0b000e01 0b00ca01 10030 100 3846158 2048437472 517317639 10335145
0b000901 0b00c501 10012 100 16964183 2022534418 543401433 11434960
0b000f01 0b00cf01 10022 100 25441836 2061774377 504902270 12145724
0b000d01 0b00c801 10025 100 23935017 2077535761 489700581 12019395
0b000501 0b00c701 10002 100 8813954 2004338392 563044546 10751642
0b000b01 0b00cd01 10028 100 29961509 2098253490 469348369 12524654
0b000701 0b00c601 10005 100 17372686 2015810828 552074246 11469207
0b000401 0b00ca01 10012 100 7354141 2034426448 533599275 10629254
0b000a01 0b00c601 10028 100 4408490 2081917790 486314742 10382289
0b000001 0b00ce01 10015 100 4756720 2036095282 533265802 10411484
0b000001 0b00c801 10039 100 4218919 2077869921 491675041 10366394
0b000001 0b00cf01 10028 100 4370619 2068595114 500976222 10379114
0b000701 0b00c301 10022 100 25900811 2049917616 519920813 12184204
0b000601 0b00c701 10033 100 3503645 2096394875 473479013 10306426
0b000b01 0b00ca01 10027 100 16591385 2075596603 494339180 11403704
0b000a01 0b00ce01 10025 100 29999669 2081317620 488661279 12527853
0b000b01 0b00ca01 10024 100 22986821 2062826160 507654458 11939895
0b000a01 0b00cd01 10016 100 22159009 2072244439 498680833 11870495
0b000d01 0b00cf01 10013 100 5098159 2029816582 541485604 10440112
0b000d01 0b00c801 10005 100 29661424 2007865674 563840772 12499496
0b000c01 0b00cc01 10012 100 4417238 2024363345 547651515 10383024
0b000701 0b00ca01 10005 100 22205586 2009373051 562777033 11874397
0b000001 0b00c501 10022 100 3832181 2049186209 523773541 10333973
0b000d01 0b00ce01 10030 100 20419324 2092721173 480366689 11724638
0b000901 0b00ca01 10019 100 17738694 2044569316 528573214 11499893
0b000e01 0b00ca01 10038 100 3608259 2080903022 492495929 10315199
0b000401 0b00c301 10041 100 9611362 2092204150 481246925 10818499
0b000c01 0b00c001 10024 100 26530582 2076020177 497675211 12237005
0b000c01 0b00cc01 10038 100 19161101 2077668591 496141128 11619150
0b000301 0b00c701 10000 100 7075103 2001627542 572492466 10605860
0b000301 0b00c801 10023 100 16624733 2050975804 523197280 11406498
0b000801 0b00c201 10025 100 9404176 2073719454 500661600 10801129
0b000701 0b00ca01 10029 100 9439356 2084270802 490160555 10804078
0b000801 0b00c301 10032 100 4357804 2092200768 482917262 10378039
0b000401 0b00c301 10038 100 7565537 2076634652 498501070 10646976
0b000501 0b00cb01 10023 100 20170119 2062072827 513124750 11703746
0b000f01 0b00cc01 10031 100 20424058 2078825382 497361633 11725036
0b000701 0b00c801 10029 100 23094972 2090911691 485727935 11948962
0b000401 0b00c201 10040 100 7313675 2099196635 477774778 10625859
0b000801 0b00cd01 10034 100 4319887 2099056490 478197064 10374859
0b000201 0b00c901 10014 100 4835655 2032685890 544748014 10418102
0b000c01 0b00ca01 10026 100 17298159 2095321831 482269059 11462960
0b000701 0b00c201 10036 100 24759775 2090210748 487440682 12088540
0b000501 0b00cf01 10008 100 9846104 2027805577 550006852 10838180
0b000101 0b00cb01 10002 100 26619355 2007243444 570919152 12244449
0b000b01 0b00c701 10023 100 28390903 2057547115 521155395 12392973
0b000501 0b00c501 10015 100 4652497 2044573193 534146326 10402747
0b000801 0b00cb01 10035 100 9296868 2086008226 493158838 10792129
0b000101 0b00c601 10031 100 15548222 2079761947 499857715 11316245
0b000401 0b00ca01 10002 100 8981565 2009910042 569725336 10765696
0b000301 0b00c101 10037 100 4413098 2088280339 491393480 10382677
0b000101 0b00c201 10030 100 15853290 2079824714 500085510 11341822
0b000c01 0b00c901 10037 100 3667589 2094303303 485788309 10320172
0b000e01 0b00c601 10004 100 3961084 2005532929 574658366 10344780
0b000401 0b00c001 10016 100 6505405 2067792585 512586550 10558095
0b000801 0b00c501 10037 100 4446109 2090924530 490628540 10385445
0b000101 0b00cb01 10035 100 22800354 2089257361 492390036 11924264
0b000501 0b00c801 10020 100 4320024 2081476110 500616413 10374874
0b000901 0b00c401 10021 100 27743666 2065612980 516774863 12338710
0b000201 0b00c501 10005 100 4649560 2015966655 566598855 10402500
0b000801 0b00ca01 10030 100 12878197 2075158846 507417741 11092391
0b000201 0b00c901 10034 100 4264873 2095824287 486940419 10370247
0b000301 0b00c001 10001 100 19417254 2004900634 578114887 11640625
0b000e01 0b00c101 10013 100 4940784 2035585154 547597262 10426916
0b000601 0b00c101 10007 100 4602970 2023028549 560361229 10398593
0b000401 0b00c501 10019 100 4206247 2065299974 518159951 10365334
0b000601 0b00c301 10040 100 27691087 2090465473 493432799 12334304
0b000801 0b00c301 10028 100 13653927 2080814795 503292793 11157425
0b000901 0b00cc01 10023 100 18759921 2082438273 502020616 11585512
0b000201 0b00c301 10000 100 20090129 2005409242 579192183 11697039
0b000201 0b00c401 10028 100 4544012 2073060406 513024284 10393653
0b000001 0b00cd01 10039 100 3610104 2089335671 496806572 10315354
0b000f01 0b00cd01 10028 100 27650863 2082752605 503726897 12330928
0b000501 0b00c801 10025 100 18635463 2095145704 491615393 11575079
0b000301 0b00c401 10024 100 25180580 2072635652 514393250 12123821
0b000b01 0b00c001 10000 100 7293646 2001017609 586078502 10624180
0b000b01 0b00c501 10001 100 28842478 2004539965 582808551 12430835
0b000f01 0b00ca01 10037 100 23039172 2088469610 498921947 11944287
0b000b01 0b00ce01 10000 100 28379679 2003143236 584313282 12392033
0b000901 0b00c801 10016 100 18580140 2057346966 530268964 11570442
0b000401 0b00ce01 10034 100 14761133 2096581474 491415878 11250256
0b000201 0b00c201 10002 100 4967583 2010478368 578018920 10429163
0b000001 0b00ce01 10040 100 4456174 2082293658 506265809 10386288
0b000201 0b00c601 10000 100 28293353 2003403089 585281474 12384797
0b000401 0b00c901 10024 100 7054976 2072107271 517582422 10604169
0b000301 0b00c501 10007 100 28175808 2010410290 579290071 12374940
0b000301 0b00ca01 10040 100 28200628 2096877791 492927594 12377022
0b000f01 0b00cc01 10005 100 23797972 2007931769 582141068 12007902
0b000801 0b00cd01 10033 100 20434472 2091270992 498905483 11725908
0b000801 0b00c101 10004 100 20474558 2008715490 581577723 11729268
0b000501 0b00c401 10006 100 4805304 2048654764 542011244 10415559
0b000501 0b00c101 10025 100 25085337 2074517359 516182583 12115837
0b000801 0b00c501 10035 100 21516826 2090320050 500579755 11816651
0b000b01 0b00c901 10005 100 25819300 2010896150 580108651 12177372
0b000201 0b00ca01 10023 100 3853488 2090290051 501088864 10335758
0b000901 0b00cc01 10020 100 19979283 2059765022 531644839 11687745
0b000701 0b00cf01 10032 100 13286669 2092372220 499177214 11126635
0b000901 0b00c701 10020 100 21833515 2044409107 547803029 11843203
0b000401 0b00cf01 10013 100 9633042 2044833742 547387674 10820317
0b000801 0b00c001 10028 100 25557344 2091923391 500613287 12155410
0b000401 0b00cf01 10012 100 9710517 2044159494 548941855 10826811
0b000901 0b00c001 10013 100 26103796 2040920938 552333345 12201223
0b000701 0b00c401 10000 100 22162744 2003501271 589973108 11870805
0b000d01 0b00c601 10036 100 27160810 2094953391 498799347 12289843
0b000401 0b00c101 10034 100 13323945 2076526942 517448016 11129759
0b000e01 0b00c401 10030 100 4433604 2096148487 497932961 10384394
0b000301 0b00c601 10015 100 20659644 2041207448 554061663 11744785
0b000e01 0b00c301 10021 100 4002407 2062194925 533142739 10348244
0b000101 0b00cc01 10015 100 23120984 2022783303 572857862 11951143
0b000701 0b00cc01 10027 100 13079428 2086474007 509393559 11109261
0b000e01 0b00cf01 10013 100 4223161 2039616779 557339178 10366753
0b000301 0b00cf01 10020 100 25656865 2064958206 532153562 12163752
0b000001 0b00c501 10006 100 3999614 2016351192 581112654 10348009
0b000601 0b00ca01 10018 100 3967850 2056996284 540550517 10345345
0b000001 0b00c301 10034 100 3603899 2098529634 499437042 10314831
0b000b01 0b00ce01 10024 100 23277738 2091631630 506766632 11964286
0b000901 0b00cb01 10033 100 23085052 2091195576 507287192 11948134
0b000401 0b00c901 10027 100 13687033 2082826111 515787594 11160204
0b000001 0b00c301 10009 100 4949394 2045148367 554217157 10427639
0b000601 0b00c701 10027 100 3867284 2081001982 518390619 10336915
0b000701 0b00c601 10034 100 14605142 2086608110 512911989 11237178
0b000701 0b00c001 10004 100 25576741 2010695807 588922321 12157034
0b000301 0b00c101 10034 100 29416808 2081572192 518166315 12478985
0b000201 0b00ce01 10008 100 4862657 2014202683 585784153 10420366
0b000801 0b00c101 10034 100 24706315 2079690457 521466219 12084060
0b000101 0b00c501 10036 100 29753861 2089710455 511791556 12507244
0b000501 0b00ce01 10037 100 21254627 2089858981 512094719 11794669
0b000801 0b00c901 10005 100 5576242 2018095567 584235271 10480195
0b000801 0b00c201 10011 100 23357760 2034200232 568328556 11970995
0b000401 0b00c501 10036 100 23357446 2093731765 508882752 11970970
0b000401 0b00ca01 10010 100 24697600 2029385421 574036158 12083328
0b000101 0b00c301 10023 100 4996784 2063287343 540231726 10431611
0b000101 0b00c101 10006 100 19342709 2014014117 589610884 11634373
0b000c01 0b00c301 10014 100 4292398 2051086418 552575488 10372556
0b000e01 0b00c801 10040 100 3787869 2093654541 510356022 10330255
0b000901 0b00ca01 10008 100 23508140 2016420376 587871697 11983605
0b000601 0b00cd01 10001 100 4774862 2010135599 595091092 10413004
0b000601 0b00c001 10010 100 4207704 2034693258 570967843 10365455
0b000401 0b00cc01 10021 100 4328975 2077560501 528731505 10375621
0b000901 0b00c001 10027 100 22213588 2085987901 520754445 11875068
0b000701 0b00c201 10003 100 21465174 2013816251 595304834 11812323
0b000801 0b00ca01 10005 100 5775785 2013046156 596096431 10496922
0b000601 0b00c201 10009 100 4270523 2033359867 576188517 10370722
0b000901 0b00ca01 10011 100 17203458 2020024312 589837137 11455020
0b000f01 0b00cd01 10009 100 5595151 2035150178 574720114 10481780
0b000e01 0b00cf01 10004 100 3967652 2013245336 596685709 10345329
0b000401 0b00c801 10016 100 28605327 2062372755 547955866 12410953
0b000001 0b00c901 10016 100 4372614 2034415564 576126798 10379281
0b000401 0b00ce01 10010 100 17739985 2026532513 584449317 11500000
0b000901 0b00cb01 10006 100 20642140 2025155060 586155566 11743320
0b000701 0b00cd01 10008 100 15847854 2020880780 590829456 11341364
0b000301 0b00c201 10008 100 27788525 2011822855 600242554 12342471
0b000401 0b00c701 10014 100 25742391 2052284556 560175654 12170924
0b000601 0b00cc01 10038 100 3980519 2081834966 531275506 10346408
0b000501 0b00c601 10026 100 4805561 2074674735 538672145 10415579
0b000601 0b00ce01 10009 100 4757678 2035104560 578643479 10411564
0b000201 0b00c401 10003 100 4948488 2015966118 598519379 10427563
0b000401 0b00c401 10005 100 25641730 2027644041 587785798 12162483
0b000801 0b00c201 10002 100 6126126 2007816680 607675420 10526297
0b000301 0b00ce01 10024 100 24714464 2056137851 560831086 12084742
0b000601 0b00c901 10010 100 4793811 2035597184 582439035 10414593
0b000601 0b00c201 10038 100 3811090 2097195262 521722869 10332205
0b000301 0b00c801 10042 100 4784758 2091797511 527938786 10413835
0b000501 0b00c001 10019 100 20103259 2028549428 592591853 11698140
0b000e01 0b00cd01 10032 100 3292367 2090858054 530699965 10288714
0b000601 0b00c101 10028 100 3888358 2087407124 534438377 10338682
0b000901 0b00c801 10004 100 26265640 2012317900 609573573 12214792
0b000801 0b00ca01 10025 100 27461196 2053354731 568769570 12315029
0b000501 0b00cb01 10040 100 5860412 2092243342 529908880 10504019
0b000501 0b00c401 10024 100 6876294 2084371953 538104298 10589191
0b000501 0b00cc01 10039 100 7298418 2088134355 534567383 10624581
0b000101 0b00ca01 10014 100 23945127 2028430803 594959526 12020242
0b000501 0b00c801 10005 100 28411215 2017730507 606846561 12394679
0b000401 0b00cb01 10032 100 4528006 2080135969 545136582 10392311
0b000b01 0b00c701 10018 100 5515917 2049671002 575687646 10475134
0b000c01 0b00c901 10038 100 4973429 2094711419 530792917 10429654
0b000001 0b00c301 10023 100 4954971 2068820951 556703613 10428104
0b000001 0b00c601 10036 100 4882070 2077171424 548566441 10421996
0b000101 0b00c401 10007 100 22667176 2024506096 601332386 11913099
0b000001 0b00c001 10014 100 5613714 2026046395 599808367 10483334
0b000e01 0b00cb01 10020 100 5534085 2054128986 572029862 10476661
0b000f01 0b00cf01 10002 100 6770586 2014506139 611744116 10580327
0b000e01 0b00c101 10038 100 4915301 2088782710 537475590 10424781
0b000d01 0b00c101 10025 100 5364352 2087043608 539307491 10462429
0b000001 0b00c401 10019 100 4252505 2057789994 568768249 10369211
0b000f01 0b00c201 10018 100 6966257 2033785872 593165577 10596733
0b000f01 0b00c001 10006 100 6418896 2018377452 608609817 10550840
0b000201 0b00cf01 10028 100 5280436 2074281411 552783527 10455393
0b000601 0b00ce01 10029 100 4617732 2083379796 544114575 10399831
0b000701 0b00c701 10014 100 5958233 2037474712 590075921 10512221
0b000601 0b00c701 10007 100 4736342 2018670354 609036184 10409777
0b000e01 0b00ce01 10036 100 3988373 2097078929 530771269 10347067
0b000601 0b00c201 10033 100 3936969 2094006499 534308868 10342755
0b000601 0b00cd01 10029 100 4196609 2063839820 564543049 10364525
0b000601 0b00ca01 10033 100 3953568 2098639525 529781764 10344148
0b000b01 0b00c001 10017 100 5809010 2044616860 583839549 10499711
0b000001 0b00ca01 10033 100 4924264 2095360058 533159346 10425533
0b000101 0b00c101 10028 100 5425843 2070382080 558276298 10467583
0b000b01 0b00cc01 10014 100 6617182 2027478931 601187947 10567467
0b000e01 0b00c101 10017 100 5686083 2046165321 582640825 10489404
0b000301 0b00c401 10021 100 21642843 2067492343 561618590 11827216
0b000601 0b00cd01 10004 100 5603466 2015471622 614152252 10482476
0b000701 0b00c001 10025 100 6003619 2071578259 558046330 10516024
0b000601 0b00c501 10037 100 5464765 2084547955 545138480 10470846
0b000601 0b00cc01 10040 100 4908058 2082069288 547629141 10424175
0b000601 0b00cc01 10026 100 4871393 2058583479 571136211 10421099
0b000d01 0b00c001 10006 100 7577744 2006600097 623355598 10647999
0b000201 0b00c701 10033 100 5802906 2091974334 538140509 10499196
0b000901 0b00cb01 10014 100 27948098 2044838304 585293103 12355852
0b000b01 0b00cc01 10019 100 6794335 2036083222 594244409 10582319
0b000b01 0b00c301 10007 100 7938102 2040319901 590139830 10678213
0b000901 0b00ca01 10012 100 8034350 2022491365 607988598 10686282
0b000f01 0b00c601 10002 100 8498120 2008529695 621999885 10725165
0b000c01 0b00ca01 10016 100 4348803 2066745196 564394664 10377284
0b000601 0b00c701 10026 100 4925125 2080433342 550727330 10425605
0b000901 0b00cc01 10012 100 7920722 2036494140 594725983 10676754
0b000801 0b00c701 10021 100 25532695 2040790213 590447644 12153342
0b000701 0b00cd01 10010 100 7085578 2026815735 604449242 10606736
0b000801 0b00c101 10036 100 5446481 2080427470 551001428 10469314
0b000301 0b00c601 10035 100 5797125 2091382939 540642860 10498714
0b000c01 0b00cb01 10002 100 7492818 2004783524 627894458 10640878
0b000d01 0b00c201 10013 100 6929436 2044282280 588626810 10593646
0b000b01 0b00c401 10028 100 8202376 2057894608 575116541 10700369
0b000201 0b00c501 10033 100 6188322 2094959798 538377947 10531511
0b000d01 0b00c401 10020 100 6728193 2061533321 571988090 10576774
0b000701 0b00cb01 10011 100 7800171 2020715474 612967285 10666649
0b000301 0b00cd01 10030 100 29169917 2083475761 551286804 12458286
0b000101 0b00cd01 10012 100 6303724 2038079419 596876361 10541185
0b000801 0b00ce01 10027 100 6215686 2061829493 573509372 10533804
0b000701 0b00c401 10030 100 8306264 2074351167 561201580 10709080
0b000401 0b00c001 10022 100 5020885 2088950553 546713855 10433631
0b000e01 0b00c901 10007 100 6662035 2022787339 612960863 10571228
0b000401 0b00c101 10011 100 5622013 2029245087 606555266 10484033
0b000d01 0b00cb01 10012 100 7861118 2023375162 612504628 10671759
0b000801 0b00c701 10040 100 6213690 2086189044 549818296 10533636
0b000d01 0b00c901 10037 100 7468535 2099492011 536651851 10638843
0b000101 0b00c401 10013 100 6902485 2046983086 589469714 10591386
0b000e01 0b00c201 10036 100 6465234 2074277400 562397293 10554728
0b000001 0b00cf01 10032 100 5308441 2076654234 560096015 10457741
0b000501 0b00c201 10008 100 5905830 2027313345 609503180 10507825
0b000501 0b00c401 10023 100 14459971 2081392011 555726956 11225004
0b000b01 0b00c201 10012 100 15480655 2043963939 593714830 11310579
0b000501 0b00c801 10017 100 8544820 2062056330 576112042 10729078
0b000a01 0b00cb01 10004 100 8500698 2006068668 632258530 10725379
0b000001 0b00c501 10030 100 5676913 2063399797 575133180 10488632
0b000801 0b00cc01 10037 100 6897803 2094087762 544714925 10590992
0b000501 0b00cd01 10022 100 8764073 2060827860 578149979 10747463
0b000501 0b00cb01 10001 100 7687694 2003369264 635656638 10657217
0b000a01 0b00c601 10008 100 7863509 2030071915 609556184 10671958
0b000b01 0b00c401 10020 100 19385575 2040592043 599220940 11637968
0b000301 0b00cf01 10021 100 6858625 2068577314 571408254 10587708
0b000301 0b00c801 10019 100 7257140 2043301640 597026043 10621121
0b000501 0b00cc01 10026 100 9781300 2051189150 589203944 10832746
0b000501 0b00cd01 10003 100 7669470 2002469709 638782478 10655690
0b000a01 0b00c501 10001 100 9351491 2002557615 639369371 10796710
0b000201 0b00cb01 10014 100 7874020 2053003171 589077582 10672841
0b000701 0b00cb01 10035 100 11713323 2073518631 569052961 10994727
0b000c01 0b00cf01 10031 100 6956664 2081945559 560791034 10595928
0b000c01 0b00ce01 10007 100 7657681 2019413483 623462215 10654701
0b000601 0b00ce01 10028 100 4198769 2081140507 561983259 10364705
0b000801 0b00c301 10020 100 8888887 2050391333 592969140 10757924
0b000a01 0b00cd01 10001 100 9815145 2004941271 638523393 10835585
0b000801 0b00c701 10036 100 8230645 2073246538 570393358 10702738
0b000501 0b00c901 10008 100 6796767 2018843718 625325567 10582521
0b000201 0b00ca01 10002 100 5536406 2010098866 634145844 10476854
0b000801 0b00cc01 10009 100 9620006 2022024442 622377737 10819225
0b000a01 0b00c301 10005 100 9614274 2019303009 625403627 10818743
0b000201 0b00c201 10004 100 5617256 2013219542 631812756 10483633
0b000a01 0b00c301 10010 100 9645032 2025946299 619120071 10821323
0b000801 0b00cc01 10036 100 8839860 2092953937 552261757 10753814
0b000a01 0b00cd01 10006 100 9572669 2028133184 617538262 10815253
0b000a01 0b00c801 10019 100 9751586 2040326791 605667293 10830254
0b000401 0b00c001 10004 100 6455520 2018068932 628040318 10553912
0b000501 0b00c001 10012 100 8641411 2010900511 635371358 10737178
0b000301 0b00c901 10017 100 8271803 2052903671 593960036 10706188
0b000101 0b00cc01 10026 100 9019081 2043775852 603223372 10768843
0b000a01 0b00c101 10009 100 10797680 2043056566 604097369 10917958
0b000e01 0b00c001 10010 100 5160307 2021827166 625368533 10445322
0b000e01 0b00c301 10036 100 4481897 2081145642 566086975 10388442
0b000801 0b00c901 10029 100 9747108 2094102930 553292752 10829880
0b000301 0b00c701 10013 100 8838104 2048403439 599325930 10753670
0b000401 0b00c401 10020 100 5813706 2068480480 579268775 10500102
0b000201 0b00c801 10019 100 8148529 2069364764 578830931 10695854
0b000e01 0b00c501 10012 100 5089372 2035122481 613131667 10439375
0b000301 0b00c501 10008 100 9702951 2013008430 635340571 10826175
0b000201 0b00c401 10015 100 5231230 2041591690 606788933 10451269
0b000501 0b00cc01 10018 100 9560879 2032348586 617633028 10814264
0b000301 0b00cc01 10009 100 9691397 2041761603 608240932 10825209
0b000101 0b00c101 10010 100 9623929 2024455485 625607210 10819550
0b000e01 0b00c701 10015 100 5111218 2045181190 605100703 10441207
0b000601 0b00ce01 10006 100 6425617 2022712068 628235705 10551405
0b000501 0b00c601 10009 100 9957606 2038746381 612742071 10847527
0b000201 0b00cd01 10018 100 5732882 2031152951 620535717 10493325
0b000601 0b00c201 10036 100 5665540 2096751809 555256296 10487680
0b000001 0b00cd01 10025 100 4657302 2053453748 598703114 10403150
0b000001 0b00ca01 10001 100 5772366 2005271223 647313950 10496637
0b000a01 0b00c501 10014 100 15790827 2045491923 607230100 11336583
0b000401 0b00c401 10016 100 4678992 2059853111 593093942 10404966
0b000001 0b00c801 10052 100 5497595 2099803018 553194504 10473599
0b000001 0b00c301 10010 100 6100205 2046853283 606256754 10524124
0b000a01 0b00c001 10004 100 17763086 2005980909 647234032 11501940
0b000601 0b00c401 10042 100 5763433 2092517318 561046399 10495888
0b000401 0b00cf01 10017 100 6335726 2053139058 600646977 10543868
0b000801 0b00c701 10025 100 14077633 2050553390 603289014 11192950
0b000301 0b00c901 10039 100 10510941 2094990710 559009505 10893917
0b000a01 0b00cf01 10028 100 15064518 2066172878 588207014 11275691
0b000e01 0b00c501 10018 100 5309433 2049822384 604712994 10457825
0b000d01 0b00c301 10020 100 14883772 2057130874 597469213 11260536
0b000601 0b00c101 10017 100 4672018 2057381762 597852005 10404385
0b000201 0b00c001 10009 100 5493858 2036550190 620124005 10473285
0b000301 0b00c901 10009 100 11333153 2031399765 625342902 10962854
0b000801 0b00c201 10007 100 16690257 2022170056 634948148 11411994
0b000001 0b00c301 10019 100 4576158 2061297956 596025393 10396348
0b000601 0b00c301 10028 100 5819480 2061718721 595743621 10500587
0b000d01 0b00cb01 10020 100 19299575 2044806845 612781094 11630758
0b000401 0b00ca01 10032 100 6224104 2081877057 576059850 10534512
0b000c01 0b00c201 10007 100 8659778 2023778549 634256818 10738716
0b000e01 0b00c901 10015 100 5194918 2042307414 615949331 10448222
0b000301 0b00c301 10001 100 15776818 2002761089 655847694 11335409
0b000201 0b00c201 10010 100 5884943 2029531351 629763074 10506073
0b000401 0b00cd01 10000 100 9263228 2000834331 658890323 10789312
0b000e01 0b00c801 10019 100 8022946 2040926202 618994087 10685324
0b000201 0b00cd01 10031 100 9898041 2075375857 584545293 10842535
0b000a01 0b00c701 10040 100 28344849 2080001132 580041094 12389112
0b000601 0b00c701 10034 100 6098665 2099047618 561084366 10523993
0b000701 0b00c801 10026 100 28399472 2082303282 577881043 12393693
0b000d01 0b00c301 10027 100 23186333 2081163136 579430646 11956624
0b000e01 0b00c201 10032 100 7882491 2065775276 594879318 10673550
0b000201 0b00ce01 10014 100 6741845 2026151345 634616425 10577916
0b000d01 0b00c101 10015 100 24448229 2060319419 600528922 12062422
0b000601 0b00c401 10013 100 6876586 2029175651 632089034 10589214
0b000c01 0b00c201 10015 100 8544156 2044942717 616333913 10729025
0b000a01 0b00ce01 10003 100 26985595 2007052682 654424641 12275153
0b000401 0b00c401 10018 100 4993515 2066684737 594926570 10431338
0b000d01 0b00ca01 10013 100 20350482 2051440146 610231131 11718866
0b000401 0b00c301 10022 100 6992524 2040253165 621893105 10598935
0b000001 0b00cb01 10026 100 4358856 2095206914 566976613 10378127
0b000801 0b00c401 10004 100 27127823 2014133103 648295106 12287077
0b000e01 0b00c901 10012 100 5586456 2034194260 629118437 10481050
0b000c01 0b00c401 10004 100 7181288 2006352308 657451250 10614761
0b000c01 0b00ce01 10028 100 5509226 2081039651 583860617 10474576
0b000001 0b00c501 10009 100 5340718 2026003409 639609469 10460446
0b000201 0b00c101 10005 100 7446356 2014608146 651021787 10636984
0b000c01 0b00c801 10021 100 6102730 2051948765 614654110 10524333
0b000601 0b00c301 10031 100 6673807 2067987790 601604423 10572212
0b000c01 0b00c401 10014 100 6654336 2032026055 638581931 10570582
0b000801 0b00cb01 10024 100 26810121 2064804781 606096741 12260443
0b000c01 0b00ce01 10001 100 8273459 2002259564 669637106 10706328
0b000401 0b00cd01 10006 100 7047392 2005971061 665936316 10603535
0b000201 0b00c901 10036 100 7426534 2097101345 576172905 10635322
0b000e01 0b00cf01 10026 100 6424958 2092450100 582227881 10551348
0b000201 0b00cd01 10004 100 9382125 2006500502 668641704 10799280
0b000201 0b00ce01 10020 100 11755272 2030823381 644520714 10998244
0b000c01 0b00c701 10031 100 6595520 2093407548 582084524 10565650
0b000201 0b00cd01 10037 100 9000868 2090750043 585326911 10767313
0b000e01 0b00ca01 10037 100 6336890 2080600813 595724353 10543965
0b000001 0b00cf01 10042 100 6354597 2092576851 583906385 10545450
0b000e01 0b00c401 10023 100 6375786 2080910970 595572322 10547226
0b000e01 0b00c001 10005 100 7126425 2011790244 664700244 10610161
0b000c01 0b00c001 10022 100 6887895 2074133645 602978044 10590161
0b000c01 0b00c601 10014 100 7731948 2038966042 638659436 10660926
0b000001 0b00c701 10029 100 4124327 2061543601 616509071 10358466
0b000e01 0b00ce01 10014 100 7398267 2032205804 645863636 10632953
0b000c01 0b00c301 10026 100 8341799 2081633110 597012444 10712057
0b000401 0b00c101 10040 100 26016372 2089633972 589531372 12193895
0b000c01 0b00c501 10042 100 8908797 2092135514 587067751 10759594
0b000e01 0b00c101 10006 100 7364675 2019791397 659516232 10630135
0b000001 0b00c101 10022 100 5296593 2083177962 596534375 10456747
0b000601 0b00c901 10011 100 8533349 2037798870 642434578 10728118
0b000c01 0b00c301 10004 100 9003119 2021642524 658679207 10767504
0b000001 0b00cf01 10003 100 6585589 2006449933 673922415 10564817
0b000601 0b00c301 10034 100 26300505 2072712392 607705980 12217716
0b000401 0b00c501 10031 100 7727627 2081166937 599267059 10660565
0b000c01 0b00c501 10017 100 8820634 2037524341 643035623 10752203
0b000001 0b00c701 10020 100 5895714 2036960808 643773571 10506977
0b000c01 0b00c301 10003 100 9282925 2019899074 660939275 10790960
0b000201 0b00c201 10009 100 18478162 2026194738 654838524 11561892
0b000601 0b00c801 10022 100 7874610 2077307305 603959353 10672888
0b000001 0b00c201 10025 100 4022049 2088484343 592941203 10349892
0b000601 0b00c301 10038 100 8123261 2083758349 597741306 10693737
0b000601 0b00c901 10005 100 8900603 2025054262 656612758 10758908
0b000601 0b00c901 10004 100 7492353 2024591672 657124974 10640841
0b000601 0b00c101 10021 100 9338067 2067443195 614547139 10795587
0b000e01 0b00c501 10034 100 7578948 2091598512 591327135 10648099
0b000001 0b00c501 10017 100 4592849 2038120033 645241843 10397745
0b000601 0b00c601 10031 100 8486355 2076957624 607167191 10724178
0b000601 0b00c501 10010 100 9052383 2027917513 656265465 10771634
0b000e01 0b00c901 10034 100 7568414 2097519711 586667798 10647218
0b000e01 0b00c601 10019 100 8080716 2051563230 632775817 10690168
0b000e01 0b00cb01 10029 100 7816965 2091527854 592937271 10668054
0b000e01 0b00cb01 10025 100 7953692 2082770684 601760758 10679518
0b000e01 0b00cb01 10011 100 8769876 2036744748 647882710 10747946
0b000401 0b00c501 10028 100 14334696 2078007560 607035052 11214502
0b000e01 0b00c401 10021 100 8682643 2074619832 610667404 10740634
0b000e01 0b00c301 10027 100 9338949 2068281433 617840550 10795657
0b000e01 0b00ca01 10021 100 9895666 2031126356 655299822 10842333
0b000001 0b00c801 10027 100 6433609 2054026180 632430018 10552075
0b000001 0b00c801 10049 100 6221429 2092420848 594313835 10534286
0b000601 0b00cd01 10038 100 12640685 2092556447 594232493 11072476
0b000001 0b00c701 10019 100 8566074 2034898128 652548041 10730863
0b000001 0b00c901 10008 100 7071257 2016000122 672400733 10605537
0b000c01 0b00c201 10017 100 22156837 2047125477 642382952 11870309
0b000601 0b00ce01 10036 100 16239711 2091967321 597610857 11374218
0b000001 0b00ca01 10020 100 6669415 2062502802 627213947 10571846
0b000c01 0b00c001 10027 100 22384937 2089382141 601219741 11889433
0b000001 0b00c701 10006 100 5992264 2007717808 683235242 10515074
0b000e01 0b00ce01 10033 100 7013104 2079889741 614323385 10600662
0b000001 0b00c201 10026 100 5295918 2092232463 602579336 10456690
0b000001 0b00c801 10045 100 5094988 2086391659 608520466 10439843
0b000e01 0b00c501 10035 100 8157918 2093675076 603075699 10696640
0b000401 0b00c801 10019 100 7420304 2064744382 632182287 10634800
0b000e01 0b00ca01 10003 100 9491359 2006680008 690403798 10808438
0b000e01 0b00c001 10037 100 7975292 2097567414 599581542 10681331
0b000001 0b00c801 10014 100 7536760 2025903813 671457899 10644562
0b000001 0b00c701 10007 100 7980698 2009321536 688068551 10681782
0b000e01 0b00c501 10031 100 12183274 2087808899 609780641 11034128
0b000001 0b00ca01 10023 100 6476290 2071259395 626343300 10555654
0b000601 0b00ce01 10003 100 7631965 2013019132 684670399 10652544
0b000301 0b00c601 10007 100 18224695 2029084586 668710583 11540639
0b000601 0b00c601 10011 100 7561018 2020865145 676980538 10646599
0b000e01 0b00cc01 10005 100 9976397 2015843858 682308797 10849103
0b000001 0b00c001 10008 100 7341333 2007528735 690630417 10628179
0b000401 0b00cb01 10039 100 8593801 2087378397 610812326 10733185
0b000601 0b00cc01 10006 100 9066957 2016001053 682973414 10772853
0b000001 0b00c901 10028 100 8752964 2053121608 645945190 10746528
0b000001 0b00c201 10020 100 6392469 2070121289 629021861 10548626
0b000101 0b00ce01 10023 100 21842461 2060206723 638939463 11843954
0b000601 0b00cd01 10027 100 9390281 2057149229 642085147 10799963
0b000601 0b00c301 10013 100 9293529 2025934964 673339191 10791851
0b000c01 0b00c401 10017 100 9196109 2035856267 663498220 10783685
0b000c01 0b00c601 10013 100 9246065 2036006008 663382151 10787873
0b000401 0b00cd01 10027 100 8639908 2092563392 606895953 10737050
0b000301 0b00c001 10027 100 19581274 2083790131 615693198 11654376
0b000601 0b00c901 10007 100 7480468 2028499200 671012824 10639844
0b000601 0b00cc01 10009 100 8120416 2022389669 677429989 10693497
0b000401 0b00c301 10037 100 7219770 2072638174 627226595 10617986
0b000601 0b00c001 10022 100 7847832 2057553713 642552674 10670642
0b000601 0b00c501 10022 100 7988574 2056889545 643344882 10682443
0b000601 0b00c301 10044 100 7722550 2098074528 602449603 10660140
0b000401 0b00c701 10017 100 7887211 2056629528 644013892 10673946
0b000401 0b00ca01 10003 100 7766865 2014330112 686328645 10663854
0b000001 0b00c901 10041 100 6956491 2079658187 621030618 10595914
0b000001 0b00c401 10024 100 7288141 2071222149 629572626 10623721
0b000e01 0b00c501 10014 100 13658094 2036715561 664090093 11157778
0b000001 0b00c001 10044 100 7530860 2096607628 604287791 10644067
0b000601 0b00c201 10032 100 9268267 2093285427 607709398 10789734
0b000001 0b00c501 10008 100 8808239 2021149646 679968518 10751165
0b000001 0b00ca01 10006 100 9123160 2023939996 677225161 10777568
0b000001 0b00c601 10026 100 8928761 2055015424 646275387 10761268
0b000f01 0b00c901 10002 100 29564743 2003885235 697444441 12491389
0b000001 0b00c101 10008 100 9719322 2036962740 664504828 10827550
0b000401 0b00ce01 10004 100 11291283 2014868938 686758706 10959343
0b000401 0b00c601 10024 100 8062418 2057646892 644038637 10688635
0b000001 0b00c501 10026 100 7530808 2055977409 645771452 10644063
0b000001 0b00cc01 10017 100 8432193 2038750858 663035444 10719638
0b000601 0b00c801 10020 100 9570092 2061808237 640546004 10815040
0b000001 0b00c801 10007 100 8886398 2012885177 689735754 10757717
0b000401 0b00c201 10036 100 8217559 2079750948 622942538 10701641
0b000001 0b00c501 10005 100 9106889 2015705441 687059021 10776202
0b000601 0b00cd01 10000 100 9514844 2008836630 694002041 10810405
0b000c01 0b00c001 10007 100 13791987 2028511786 674451919 11169000
0b000001 0b00ca01 10013 100 15134509 2044767407 658789982 11281559
0b000401 0b00c001 10015 100 12594841 2067379281 636255452 11068632
0b000e01 0b00c801 10009 100 13228555 2013670858 690275743 11121763
0b000401 0b00c101 10041 100 8044896 2090750477 613419627 10687164
0b000401 0b00c701 10009 100 16024976 2022441253 681878872 11356214
0b000101 0b00cf01 10032 100 14197758 2079575536 625220505 11203020
0b000401 0b00c501 10025 100 16545273 2074586339 630355471 11399838
0b000401 0b00c101 10019 100 16161283 2049415740 655655801 11367644
0b000c01 0b00c401 10016 100 19423691 2033372981 671864186 11641163
0b000301 0b00c301 10037 100 23467862 2090175582 615073658 11980226
0b000001 0b00cc01 10034 100 6287445 2091666240 613978390 10539821
0b000001 0b00c801 10034 100 6858994 2071528466 634155090 10587738
0b000001 0b00c901 10034 100 6680817 2060937239 645135412 10572800
0b000401 0b00c401 10017 100 14153300 2060040415 646355605 11199295
0b000201 0b00c701 10010 100 17145429 2031272035 676901704 11450154
0b000001 0b00c901 10009 100 8447117 2017296093 690951818 10720889
0b000601 0b00c201 10010 100 23057102 2034940321 673433127 11945790
0b000001 0b00c001 10004 100 9719924 2002467900 706706292 10827598
0b000601 0b00ce01 10027 100 17603650 2079698726 629663309 11488571
0b000c01 0b00cb01 10019 100 21793869 2043453996 665915861 11839878
0b000001 0b00c101 10009 100 8499054 2037530385 671963780 10725244
0b000401 0b00c101 10032 100 20566116 2075358138 634289084 11736946
0b000601 0b00c201 10001 100 24366777 2004162635 705700862 12055591
0b000001 0b00c101 10014 100 16331658 2062787311 647323038 11381927
0b000601 0b00c101 10013 100 23904605 2040444458 669810038 12016843
0b000001 0b00c001 10011 100 9769435 2011437282 698828544 10831751
0b000001 0b00c701 10033 100 8936449 2069657326 640631271 10761914
0b000001 0b00c601 10035 100 9431660 2077112194 633586023 10803431
0b000001 0b00c701 10032 100 9669747 2068361926 642393573 10823392
0b000201 0b00ca01 10020 100 29081975 2077564886 633895515 12450912
0b000001 0b00ca01 10002 100 25247084 2008620066 703955723 12129399
0b000001 0b00c201 10012 100 27141832 2036267476 676832048 12288251
0b000001 0b00ca01 10005 100 27595487 2022318228 690808389 12326287
0b000101 0b00c801 10001 100 29779079 2002864553 710405263 12509361
0b000101 0b00cd01 10023 100 23503587 2053143212 660140039 11983222
0b000001 0b00c701 10010 100 23478879 2016282251 697352001 11981149
0b000101 0b00c701 10012 100 28924401 2055915979 657765286 12437704
0b000e01 0b00c501 10016 100 8541662 2044336933 681963206 10728814
0b000e01 0b00cf01 10011 100 9951691 2032442286 694588318 10847030
0b000401 0b00cb01 10041 100 8576305 2090514924 638527578 10731720
0b000601 0b00ce01 10020 100 7616963 2057182770 672010927 10651286
0b000001 0b00ca01 10017 100 8769770 2057765438 671442607 10747938
0b000401 0b00c901 10025 100 9080539 2075564836 654109728 10773994
0b000001 0b00c701 10041 100 9583538 2086467991 643702374 10816165
0b000e01 0b00ca01 10017 100 9402102 2022134542 708279419 10800955
0b000e01 0b00c201 10026 100 9879567 2056922487 674364853 10840984
0b000e01 0b00c001 10028 100 9881225 2073696949 657649265 10841124
0b000601 0b00cf01 10027 100 8358911 2084479512 646867182 10713491
0b000601 0b00c301 10006 100 8953669 2010835318 720914924 10763356
0b000c01 0b00cd01 10030 100 21944222 2077363544 654746156 11852486
0b000601 0b00c401 10005 100 9327836 2007323636 724820075 10794726
0b000601 0b00cd01 10016 100 9907649 2040140848 692657381 10843338
0b000001 0b00c401 10015 100 8671180 2044419865 688646522 10739674
0b000001 0b00cb01 10005 100 8470270 2009007468 724272923 10722830
0b000601 0b00cd01 10008 100 11438399 2023536329 710704644 10971677
0b000001 0b00c101 10027 100 11417913 2094646365 640037249 10969958
0b000c01 0b00c701 10024 100 12178437 2083687405 651004585 11033722
0b000101 0b00c601 10029 100 26350623 2076183218 659128152 12221917
0b000e01 0b00cd01 10025 100 17562427 2073860026 661477471 11485116
0b000201 0b00cc01 10013 100 26305111 2030255255 705647090 12218103
0b000201 0b00ce01 10009 100 27240855 2022355085 713843513 12296553
0b000001 0b00ce01 10018 100 7730418 2041854557 694504673 10660800
0b000201 0b00c701 10014 100 23127764 2036947088 699627742 11951712
0b000201 0b00c801 10003 100 26983870 2016796462 719791310 12275008
0b000001 0b00c901 10027 100 22550763 2051307137 685531759 11903336
0b000601 0b00cc01 10020 100 25515753 2044421284 693333625 12151921
0b000c01 0b00cd01 10004 100 29608396 2008441397 729415311 12495050
0b000401 0b00c901 10019 100 16215681 2053586273 684349724 11372203
0b000001 0b00cb01 10020 100 8280672 2079920173 658083342 10706932
0b000001 0b00ce01 10023 100 8669047 2050858649 687274743 10739496
0b000601 0b00ce01 10012 100 21090135 2042173070 696656706 11780880
0b000c01 0b00c201 10032 100 29631145 2090095438 648768169 12496958
0b000e01 0b00c101 10037 100 18686969 2087470049 651670968 11579395
0b000401 0b00cf01 10027 100 24119884 2091593324 647914384 12034891
0b000601 0b00c201 10030 100 24412008 2089536518 650001017 12059386
0b000601 0b00cb01 10004 100 28532019 2025472602 714340206 12404808
0b000601 0b00c401 10029 100 28190729 2058855766 680967512 12376191
0b000001 0b00ca01 10010 100 26328963 2042630358 697308993 12220100
0b000e01 0b00c901 10000 100 24092103 2001284458 738770517 12032565
0b000401 0b00ca01 10028 100 27777783 2079307973 661056594 12341570
0b000601 0b00c401 10032 100 27269632 2069112419 671390580 12298967
0b000e01 0b00c901 10022 100 24436537 2060947784 679605322 12061441
0b000001 0b00c901 10029 100 10125966 2055886285 684952628 10861641
0b000e01 0b00c101 10025 100 27285391 2056978915 683875371 12300289
0b000001 0b00cd01 10002 100 24971531 2003638651 739047473 12106294
0b000001 0b00c301 10003 100 29717148 2014316163 729301153 12504168
0b000001 0b00c201 10000 100 18337818 2002542118 743392446 11550123
0b000001 0b00cf01 10029 100 19279574 2070735221 675242398 11629081
0b000001 0b00c501 10031 100 29257720 2064734871 683378778 12465648
0b000001 0b00c101 10020 100 14899570 2079805159 669218465 11261861
0b000001 0b00cc01 10012 100 16654854 2028811659 720681356 11409023
0b000001 0b00cb01 10013 100 16947721 2036613728 719374442 11433578
0b000001 0b00c701 10031 100 16626989 2062209939 694077863 11406686
0b000001 0b00c701 10016 100 17238253 2026935728 730205519 11457938
0b000001 0b00c701 10003 100 29427371 2003743022 754357165 12479873
