0b000b01 0b00c901 10000 100 55518 2000020837 10024446 10017336
0b000201 0b00c101 10000 100 47541 2000184770 10030335 10016667
0b000201 0b00cf01 10000 100 64729 2000175050 10062510 10018107
0b000c01 0b00c501 10000 100 1448590 2000173004 10359625 10134131
0b000701 0b00c501 10000 100 28844 2000267689 10582255 10015098
0b000601 0b00c801 10000 100 18402 2000432421 10577945 10014225
0b000401 0b00c701 10000 100 3520422 2000325736 11326944 10307834
0b000001 0b00c001 10001 100 8483 2000608227 11133115 10013393
0b000301 0b00c201 10001 100 1400638 2000209926 11653183 10130110
0b000c01 0b00cd01 10000 100 5287 2000415862 11506064 10013126
0b000501 0b00c001 10000 100 35740 2000628888 12265965 10015677
0b000001 0b00cc01 10000 100 1939800 2000513434 12412591 10175313
0b000d01 0b00cb01 10001 100 137335 2000629176 12333875 10024196
0b000401 0b00c601 10000 100 46948 2000727228 12609396 10016616
0b000201 0b00cc01 10001 100 63922 2001960088 11937203 10018039
0b000e01 0b00c801 10001 100 39061 2000739578 13667407 10015958
0b000101 0b00ce01 10000 100 568 2001039746 13973226 10012729
0b000e01 0b00cc01 10000 100 24363 2001178349 13900664 10014725
0b000001 0b00c301 10000 100 16683 2001336548 14107082 10014079
0b000001 0b00c901 10001 100 989346 2000930840 14637246 10095629
0b000c01 0b00c901 10001 100 25079 2001573494 14059306 10014786
0b000601 0b00c701 10001 100 26527 2001552618 14211156 10014905
0b000301 0b00ce01 10001 100 4336 2001741044 14234175 10013046
0b000d01 0b00c101 10000 100 6841 2001754732 14269903 10013254
0b000101 0b00c501 10002 100 1074404 2001331432 14740748 10102760
0b000c01 0b00c501 10001 100 1456275 2001424180 14870240 10134776
0b000c01 0b00c501 10002 100 683 2003778204 12686970 10012738
0b000a01 0b00cf01 10000 100 72291 2001721748 14749140 10018743
0b000901 0b00c901 10001 100 116949 2002779242 13830488 10022485
0b000a01 0b00c001 10002 100 28888 2003601591 13446801 10015102
0b000701 0b00cc01 10000 100 177190 2001881039 15206953 10027538
0b000b01 0b00cc01 10001 100 36187 2001479536 15616591 10015717
0b000e01 0b00c601 10001 100 54844 2002459132 15009652 10017278
0b000f01 0b00c301 10000 100 2001 2000002444 18013333 10012851
0b000d01 0b00c901 10001 100 642 2005949388 12160532 10012735
0b000c01 0b00c801 10002 100 75719 2005000282 13112510 10019029
0b000401 0b00cd01 10003 100 47374 2003260926 15291425 10016654
0b000801 0b00cc01 10001 100 516430 2002727052 15837623 10055979
0b000901 0b00cd01 10001 100 112 2005265996 13478497 10012692
0b000101 0b00c501 10001 100 167452 2001070276 17716078 10026721
0b000901 0b00c701 10000 100 865619 2001433368 17413983 10085254
0b000801 0b00cb01 10000 100 16796 2000282491 18654625 10014088
0b000401 0b00c301 10005 100 37015 2006977022 12042606 10015787
0b000801 0b00c201 10000 100 69101 2001621639 17458564 10018476
0b000901 0b00ce01 10000 100 33973 2001757474 17357431 10015528
0b000b01 0b00c601 10000 100 3668 2000474414 18713328 10012988
0b000501 0b00c001 10004 100 68230 2003278971 15991131 10018403
0b000501 0b00c001 10007 100 25521 2004029902 15339574 10014821
0b000301 0b00c101 10004 100 68387 2004074759 15311334 10018415
0b000501 0b00ca01 10001 100 4631 2001291783 18118968 10013069
0b000101 0b00cc01 10002 100 5860 2003569736 15908107 10013171
0b000501 0b00c001 10003 100 20749 2003036658 16461561 10014420
0b000401 0b00c501 10001 100 4863 2000633495 19063841 10013088
0b000c01 0b00c401 10001 100 3273 2002495559 17246075 10012957
0b000001 0b00c901 10003 100 2465 2006953894 13083321 10012888
0b000101 0b00c801 10002 100 6797 2005574315 14476610 10013250
0b000001 0b00c001 10000 100 4667522 2000190642 20191854 10404006
0b000901 0b00c301 10000 100 52860 2000514009 19874912 10017112
0b000901 0b00c201 10001 100 34455 2007314304 13353784 10015570
0b000901 0b00c801 10002 100 28562 2003568307 17149780 10015076
0b000001 0b00c701 10005 100 12359 2007324282 13463219 10013718
0b000b01 0b00cc01 10002 100 159462 2001859130 18999161 10026051
0b000801 0b00c901 10000 100 3280 2003022037 18003742 10012957
0b000301 0b00c101 10001 100 6916 2001151487 19929886 10013260
0b000b01 0b00c101 10000 100 805349 2001478126 19604420 10080202
0b000e01 0b00c801 10000 100 30282 2000695223 20411592 10015221
0b000901 0b00c001 10001 100 4166 2001021236 20160469 10013032
0b000f01 0b00c801 10005 100 356 2005153114 16080200 10012712
0b000901 0b00c701 10001 100 29325 2002173761 19094033 10015141
0b000901 0b00c301 10001 100 48521 2002421024 18889542 10016749
0b000f01 0b00c801 10003 100 62331 2004588683 16726824 10017908
0b000d01 0b00cf01 10002 100 184829 2003788682 17528891 10028176
0b000301 0b00c301 10000 100 6814 2001628222 19784143 10013252
0b000201 0b00c401 10000 100 21948 2004351520 17114687 10014520
0b000f01 0b00c001 10000 100 22521 2001707274 19777959 10014570
0b000401 0b00cd01 10005 100 6678 2005862742 15642194 10013241
0b000401 0b00ce01 10000 100 2256 2005982942 15614423 10012872
0b000001 0b00c801 10003 100 33353 2007465449 14180833 10015478
0b000c01 0b00cd01 10002 100 50369 2004651528 17037939 10016905
0b000901 0b00c401 10001 100 1461 2004562061 17231379 10012804
0b000301 0b00c201 10000 100 21818 2000001661 22014409 10014509
0b000f01 0b00c301 10001 100 40763 2000161696 22017516 10016098
0b000c01 0b00ca01 10002 100 30423 2008764494 13457409 10015232
0b000201 0b00cd01 10000 100 7878598 2000560682 21783275 10673223
0b000101 0b00ca01 10001 100 34370 2003564364 18880764 10015564
0b000701 0b00c601 10001 100 44019 2002745700 19717388 10016374
0b000b01 0b00c701 10002 100 76532 2007593486 14917830 10019098
0b000101 0b00c501 10000 100 29598 2000853140 21789180 10015163
0b000801 0b00c801 10003 100 553687 2002749061 19924726 10059102
0b000701 0b00c801 10002 100 4343 2007109590 15586764 10013046
0b000901 0b00c801 10000 100 69044 2000348505 22398778 10018472
0b000901 0b00c401 10002 100 23721 2005637603 17127836 10014669
0b000601 0b00ca01 10000 100 26561 2000635255 22132370 10014908
0b000901 0b00cf01 10003 100 54752 2008820297 13958300 10017271
0b000101 0b00cc01 10006 100 7193 2008937657 13867275 10013286
0b000b01 0b00c001 10005 100 44988 2004585238 18311961 10016451
0b000501 0b00cb01 10002 100 7759 2005868728 17086173 10013331
0b000001 0b00c901 10002 100 29 2006042606 16913420 10012686
0b000a01 0b00c701 10000 100 57390 2001822812 21163132 10017493
0b000f01 0b00c701 10000 100 28889 2000457788 22637469 10015102
0b000c01 0b00c301 10000 100 1198 2000461882 22642195 10012783
0b000f01 0b00c301 10002 100 79615 2000469712 22685440 10019356
0b000201 0b00c501 10001 100 57676 2005926548 17250217 10017516
0b000101 0b00c001 10001 100 23538 2006234662 16983322 10014655
0b000101 0b00cc01 10001 100 60616 2002845925 20384693 10017763
0b000801 0b00c301 10004 100 9921 2009680417 13553078 10013512
0b000501 0b00c401 10000 100 7514 2002557106 20724139 10013311
0b000e01 0b00c701 10000 100 182639 2001125867 22164265 10027993
0b000501 0b00c001 10005 100 9029 2003447245 19849805 10013440
0b000601 0b00c301 10000 100 1239175 2000330101 23032256 10116575
0b000d01 0b00cd01 10004 100 15924 2007800589 15567083 10014015
0b000a01 0b00c401 10001 100 9523 2006175786 17200231 10013480
0b000c01 0b00c201 10001 100 43405 2007447475 15953270 10016321
0b000d01 0b00c801 10000 100 1740 2000597109 22976118 10012826
0b000801 0b00c601 10001 100 28635 2006377833 17252547 10015082
0b000501 0b00c201 10004 100 84040 2007449687 16183567 10019729
0b000801 0b00c701 10000 100 15378 2001630993 22084277 10013971
0b000901 0b00c901 10006 100 64324 2009613493 14110730 10018075
0b000501 0b00ca01 10000 100 69064 2000645560 23101103 10018473
0b000101 0b00cd01 10000 100 3289767 2002430893 21324950 10288494
0b000501 0b00c801 10001 100 29176 2007593106 16211917 10015129
0b000201 0b00c801 10001 100 48826 2006609441 17275316 10016774
0b000c01 0b00c901 10000 100 8308 2001500559 22418980 10013379
0b000001 0b00c001 10007 100 34172 2005081689 18844514 10015548
0b000a01 0b00c501 10003 100 7343 2005923475 18042293 10013298
0b000501 0b00c301 10001 100 75814 2001660999 22324243 10019036
0b000501 0b00ce01 10001 100 78224 2001726241 22262450 10019241
0b000a01 0b00c201 10000 100 8910541 2000160167 23843196 10759741
0b000601 0b00c501 10003 100 61836 2010215182 13789299 10017864
0b000f01 0b00c301 10004 100 40255 2007573049 16526083 10016057
0b000d01 0b00cb01 10000 100 8507 2000460957 23653911 10013395
0b000f01 0b00cb01 10001 100 21422 2001555116 22574033 10014478
0b000501 0b00c901 10000 100 713425 2001245685 22929297 10072495
0b000201 0b00ce01 10000 100 4478 2001561691 22648514 10013057
0b000201 0b00c201 10000 100 4960 2000751745 23476403 10013096
0b000f01 0b00c501 10000 100 5329 2008409072 15889555 10013129
0b000201 0b00ce01 10001 100 11400 2006054037 18289791 10013638
0b000201 0b00cd01 10001 100 8365 2000778589 23580659 10013383
0b000901 0b00c201 10000 100 9582 2002756091 21628305 10013484
0b000f01 0b00c101 10004 100 52690 2011123613 13326910 10017098
0b000a01 0b00c201 10005 100 57782 2009745883 14718618 10017525
0b000c01 0b00c801 10001 100 16093 2003808931 20682888 10014032
0b000b01 0b00c301 10000 100 3279 2007419162 17110625 10012957
0b000601 0b00c201 10002 100 30387 2004904994 19710597 10015230
0b000a01 0b00c401 10002 100 17350 2010967659 13732357 10014137
0b000001 0b00cd01 10001 100 68802 2001958629 22745971 10018449
0b000901 0b00c001 10000 100 3201 2000816225 23915190 10012951
0b000801 0b00c501 10002 100 3521 2006881640 17856675 10012977
0b000e01 0b00c501 10005 100 21765 2008836409 15992715 10014505
0b000801 0b00c301 10002 100 66786 2006396996 18455976 10018280
0b000101 0b00c801 10000 100 35266 2002260319 22754764 10015639
0b000101 0b00cb01 10000 100 77318 2001047059 24031574 10019164
0b000201 0b00cb01 10004 100 41794 2010527934 14599022 10016184
0b000d01 0b00c601 10004 100 5381 2009572035 15610778 10013133
0b000e01 0b00c801 10006 100 9284 2009467734 15727980 10013461
0b000c01 0b00cb01 10001 100 21940 2004438212 20760164 10014519
0b000701 0b00cb01 10005 100 33713 2009162528 16107268 10015507
0b000501 0b00cd01 10000 100 520333 2000976560 24311494 10056307
0b000601 0b00c301 10001 100 12698 2000684731 24621436 10013745
0b000901 0b00c501 10000 100 824835 2004729960 20579875 10081834
0b000201 0b00c601 10004 100 82053 2004105942 21274841 10019562
0b000801 0b00c001 10001 100 1790339 2000421595 24960943 10162784
0b000801 0b00ce01 10002 100 9364 2007314607 18140995 10013467
0b000601 0b00c701 10003 100 68422 2004341563 21123993 10018418
0b000401 0b00c001 10000 100 30233 2002330634 23140506 10015217
0b000101 0b00ca01 10000 100 874245 2000758702 24716540 10085979
0b000f01 0b00cb01 10005 100 69807 2009250390 16224963 10018533
0b000f01 0b00c401 10001 100 8668 2002822008 22714796 10013408
0b000b01 0b00cd01 10001 100 23863 2007929004 17633806 10014681
0b000601 0b00c001 10000 100 14081 2002651261 22999648 10013864
0b000401 0b00cd01 10004 100 40324 2005578271 20158315 10016063
0b000401 0b00c701 10001 100 3034167 2000662466 25087664 10267067
0b000601 0b00c601 10008 100 10262 2013588325 12236816 10013543
0b000001 0b00c701 10000 100 41181 2001620743 24213306 10016135
0b000001 0b00c001 10002 100 220689 2001491490 24391730 10031183
0b000901 0b00c601 10000 100 24344 2001283626 24602284 10014723
0b000801 0b00c801 10004 100 3865 2003602345 22324029 10013004
0b000b01 0b00c801 10000 100 1806 2000834735 25164239 10012832
0b000201 0b00cd01 10006 100 41660 2007961459 18089295 10016174
0b000401 0b00c501 10002 100 47827 2001687882 24376933 10016690
0b000601 0b00cb01 10001 100 48674 2005830366 20280843 10016762
0b000a01 0b00c701 10001 100 23524 2002014164 24183400 10014654
0b000101 0b00cf01 10000 100 5992 2003210940 23039068 10013182
0b000701 0b00cb01 10004 100 43825 2006080607 20229752 10016354
0b000601 0b00c401 10007 100 35211 2009557768 16759017 10015635
0b000901 0b00c001 10004 100 8494 2012653139 13708072 10013394
0b000101 0b00cd01 10001 100 2759 2003454198 22930306 10012912
0b000601 0b00c901 10002 100 62934 2009353125 17041972 10017956
0b000801 0b00cd01 10003 100 158807 2003658331 22952073 10025995
0b000001 0b00cb01 10000 100 35991 2001068334 25570640 10015697
0b000d01 0b00c401 10000 100 117086 2002101484 24602600 10022500
0b000901 0b00cf01 10000 100 43247 2000949168 25775724 10016308
0b000601 0b00c801 10001 100 20560 2002767808 23970070 10014405
0b000301 0b00c701 10001 100 190571 2002575503 24212226 10028659
0b000001 0b00c801 10005 100 75495 2011614768 15175370 10019011
0b000401 0b00c801 10000 100 60487 2000882877 25916647 10017753
0b000201 0b00cd01 10010 100 8631 2012898009 14043573 10013405
0b000101 0b00c401 10000 100 135350 2000390197 26578858 10024030
0b000c01 0b00c101 10002 100 112963 2009314609 17702577 10022150
0b000601 0b00c401 10002 100 3363 2003410338 23689742 10012964
0b000b01 0b00c501 10002 100 61955 2004553043 22585706 10017874
0b000f01 0b00cb01 10000 100 13270 2001257395 25884047 10013795
0b000201 0b00cb01 10000 100 52779 2001150081 25997975 10017105
0b000701 0b00c101 10001 100 21376 2003766273 23384511 10014474
0b000701 0b00cd01 10000 100 2565083 2000367430 26802405 10227740
0b000401 0b00c701 10006 100 2220 2014883440 12312612 10012869
0b000201 0b00cd01 10011 100 2140 2013173133 14082380 10012862
0b000301 0b00c801 10002 100 48247 2003805970 23495338 10016727
0b000101 0b00c301 10002 100 29929 2006009709 21373595 10015189
0b000701 0b00cf01 10001 100 3445 2007424771 19962082 10012970
0b000201 0b00cc01 10007 100 10125 2013125554 14274274 10013532
0b000301 0b00cc01 10000 100 73224 2002273720 25127833 10018822
0b000e01 0b00c001 10002 100 13272 2003966569 23481720 10013795
0b000101 0b00c301 10003 100 6372 2009146166 18313146 10013216
0b000601 0b00c701 10000 100 6736 2001006384 26480461 10013245
0b000101 0b00c401 10002 100 607424 2001025360 26505579 10063608
0b000701 0b00c101 10000 100 16534 2003588310 24023092 10014068
0b000701 0b00ca01 10006 100 9043 2011999315 15661831 10013441
0b000901 0b00c701 10004 100 485 2006530248 21194496 10012722
0b000801 0b00cf01 10000 100 1703 2001678402 26051091 10012823
0b000101 0b00cf01 10002 100 10577 2005109823 22632376 10013568
0b000601 0b00c601 10001 100 23741 2004279851 23497872 10014671
0b000b01 0b00ca01 10007 100 14487 2009825172 17960926 10013896
0b000d01 0b00cf01 10003 100 46097 2011860432 15969461 10016548
0b000501 0b00c701 10005 100 19137 2007656798 20176560 10014287
0b000f01 0b00c701 10001 100 1280 2004117871 23724815 10012790
0b000e01 0b00c301 10004 100 23954 2007372580 20527029 10014688
0b000001 0b00cc01 10003 100 23301 2005287012 22707509 10014636
0b000b01 0b00c701 10000 100 7296 2002210091 25863284 10013294
0b000f01 0b00c701 10003 100 194626 2006232975 21882346 10028998
0b000501 0b00c501 10001 100 47891 2001333895 26880553 10016695
0b000e01 0b00c801 10002 100 48660 2001490409 26740393 10016760
0b000601 0b00c001 10003 100 4668 2012623195 15626058 10013072
0b000c01 0b00c101 10000 100 11473 2004698789 23611200 10013643
0b000601 0b00ce01 10002 100 32896 2012342351 16008285 10015438
0b000701 0b00c901 10002 100 627795 2000593585 27844156 10065315
0b000801 0b00cd01 10000 100 16496 2002070768 26401160 10014064
0b000501 0b00cf01 10000 100 52529 2004121565 24399711 10017085
0b000001 0b00c401 10000 100 350633 2002864638 25687770 10042078
0b000601 0b00c301 10007 100 74751 2011989199 16637096 10018948
0b000e01 0b00cb01 10001 100 52423 2007446448 21242658 10017077
0b000601 0b00c701 10005 100 87241 2009973398 18718631 10019997
0b000101 0b00ce01 10001 100 34209 2001862914 26910606 10015551
0b000101 0b00c001 10004 100 19948 2010207603 18599020 10014352
0b000101 0b00cc01 10005 100 76202 2005789856 23018471 10019071
0b000101 0b00cc01 10000 100 4720 2001790123 27109303 10013076
0b000301 0b00c101 10002 100 1412362 2001587930 27372932 10131094
0b000f01 0b00c201 10003 100 15582 2008550454 20438263 10013988
0b000501 0b00c701 10001 100 489449 2003274170 25725267 10053717
0b000301 0b00c501 10003 100 66844 2005260146 23744262 10018284
0b000801 0b00c501 10000 100 2245 2003172748 26021147 10012871
0b000a01 0b00c801 10001 100 464 2003042859 26246795 10012720
0b000401 0b00ca01 10005 100 20306 2017137920 12164854 10014385
0b000201 0b00c401 10001 100 272324 2005722832 23591518 10035514
0b000001 0b00c801 10002 100 61341 2006707940 22647627 10017825
0b000a01 0b00c801 10000 100 42503 2002849401 26510760 10016245
0b000401 0b00c801 10001 100 3539 2001529850 27872052 10012978
0b000d01 0b00c501 10001 100 489525 2002405077 27060381 10053723
0b000301 0b00cb01 10003 100 30272 2002867612 26698088 10015220
0b000901 0b00c001 10005 100 77982 2014543583 15049294 10019218
0b000a01 0b00ca01 10000 100 16167 2003835326 25783465 10014038
0b000401 0b00c401 10000 100 21870 2008975711 20644505 10014514
0b000101 0b00c601 10005 100 36234 2011029262 18607497 10015720
0b000301 0b00cb01 10006 100 4667 2004714678 24934304 10013072
0b000101 0b00c101 10000 100 5044 2002418089 27236006 10013106
0b000201 0b00cc01 10004 100 8115 2004696932 24960769 10013363
0b000101 0b00c501 10003 100 59813 2004601833 25062981 10017695
0b000c01 0b00c901 10005 100 65204 2012568319 17099531 10018149
0b000a01 0b00c701 10002 100 7322 2004249959 25423404 10013296
0b000301 0b00c401 10000 100 78677 2001955424 27735359 10019277
0b000f01 0b00c401 10002 100 121855 2005381932 24352453 10022896
0b000001 0b00c001 10003 100 125525 2002142876 27640716 10023205
0b000901 0b00cc01 10000 100 24239 2004439091 25420158 10014715
0b000401 0b00c301 10001 100 4286 2002012428 27870564 10013042
0b000801 0b00cf01 10002 100 98748 2003188773 26700208 10020960
0b000d01 0b00c801 10007 100 4164 2009651078 20287372 10013032
0b000801 0b00c501 10001 100 935 2004647289 25322366 10012758
0b000d01 0b00c801 10003 100 6971 2005565536 24438473 10013264
0b000301 0b00cc01 10002 100 2513 2011913818 18143018 10012892
0b000701 0b00ca01 10000 100 328 2002492716 27567747 10012710
0b000201 0b00cb01 10001 100 64081 2003029785 27177630 10018056
0b000201 0b00c101 10003 100 39313 2008173164 22061532 10015978
0b000e01 0b00cc01 10001 100 2830 2010182105 20070768 10012917
0b000901 0b00cb01 10003 100 4401 2011848609 18411986 10013051
0b000001 0b00c001 10005 100 156740 2002545517 27731036 10025822
0b000001 0b00c701 10002 100 21247 2003290076 27001946 10014464
0b000701 0b00cc01 10006 100 23207 2017625540 12735209 10014628
0b000501 0b00cd01 10008 100 71475 2011977740 18388294 10018674
0b000c01 0b00ca01 10003 100 75536 2009049599 21316559 10019014
0b000d01 0b00c501 10003 100 129199 2005573356 24809877 10023515
0b000201 0b00c801 10000 100 65074 2000247707 30162541 10018139
0b000301 0b00ce01 10000 100 23869 2000278799 30222184 10014681
0b000201 0b00ce01 10005 100 32441 2011244528 19337022 10015402
0b000d01 0b00c801 10002 100 11909 2003663259 26929721 10013678
0b000801 0b00cf01 10001 100 414685 2003005216 27607632 10047448
0b000a01 0b00c601 10000 100 5666 2005129932 25550006 10013156
0b000901 0b00cc01 10002 100 64579 2011681165 19020359 10018095
0b000401 0b00c201 10001 100 7784 2006529263 24174068 10013333
0b000401 0b00cc01 10001 100 19536 2006441263 24292112 10014319
0b000c01 0b00c801 10003 100 36894 2005458518 25284628 10015773
0b000301 0b00c901 10005 100 183759 2012273551 18475137 10028087
0b000b01 0b00c901 10002 100 6024 2005558988 25219322 10013188
0b000b01 0b00c701 10001 100 11778 2005408693 25426009 10013668
0b000301 0b00c101 10009 100 35119 2011332378 19539871 10015627
0b000501 0b00cb01 10004 100 14363 2010052076 20849749 10013886
0b000801 0b00cb01 10008 100 1308 2017425466 13519540 10012792
0b000301 0b00c201 10002 100 13258 2001975439 28977472 10013794
0b000f01 0b00c001 10001 100 27622 2006876700 24096902 10014997
0b000101 0b00c601 10001 100 24759 2004092846 26885071 10014756
0b000a01 0b00c001 10003 100 27783 2005639925 25357144 10015010
0b000a01 0b00c801 10002 100 7809 2005903653 25166325 10013335
0b000b01 0b00ce01 10003 100 6471 2012331972 18841772 10013224
0b000101 0b00cf01 10004 100 3977 2012117115 19062147 10013013
0b000f01 0b00c801 10006 100 75290 2006633996 24594473 10018995
0b000d01 0b00c201 10004 100 34364 2018472693 12762547 10015563
0b000001 0b00c701 10001 100 54353 2003110355 28181754 10017239
0b000901 0b00c701 10008 100 15027 2012609201 18714093 10013943
0b000f01 0b00c301 10006 100 56480 2010181263 21192053 10017417
0b000501 0b00c401 10001 100 19591 2002902943 28593879 10014324
0b000501 0b00c201 10001 100 27794 2002748077 28762088 10015011
0b000501 0b00c901 10003 100 6586 2011160315 20494592 10013233
0b000c01 0b00ce01 10005 100 7620 2011526987 20172651 10013320
0b000401 0b00cb01 10000 100 23280 2003713451 28017695 10014634
0b000201 0b00ca01 10001 100 7337 2009760543 21997127 10013297
0b000401 0b00c201 10002 100 5814 2007392798 24415110 10013168
0b000301 0b00c501 10004 100 9505 2006655274 25270295 10013478
0b000e01 0b00c301 10003 100 23719 2007368534 24582268 10014669
0b000001 0b00ce01 10000 100 4597 2005673486 26331482 10013066
0b000801 0b00cb01 10005 100 61840 2009613086 22427961 10017865
0b000301 0b00cd01 10002 100 4767 2010568065 21549293 10013080
0b000201 0b00cd01 10005 100 45573 2006792821 25337876 10016502
0b000801 0b00c001 10000 100 68260 2000131928 32027172 10018405
0b000901 0b00c501 10001 100 46246 2006899950 25278780 10016560
0b000b01 0b00cb01 10002 100 89947 2008830241 23351434 10020221
0b000d01 0b00c501 10004 100 36014 2010872791 21327314 10015703
0b000101 0b00c701 10001 100 62459 2005504923 26733880 10017918
0b000901 0b00c601 10001 100 29129 2006053759 26202797 10015125
0b000301 0b00cb01 10007 100 25497 2006652871 25617803 10014819
0b000601 0b00cf01 10003 100 41072 2007459523 24831836 10016127
0b000601 0b00c601 10005 100 474126 2006466867 25844809 10052434
0b000601 0b00c601 10002 100 8510 2004455988 27862039 10013395
0b000a01 0b00cb01 10007 100 10985 2013092682 19231293 10013601
0b000c01 0b00cf01 10001 100 50906 2007791656 24570659 10016948
0b000e01 0b00c601 10003 100 18881 2005040987 27383388 10014263
0b000801 0b00cd01 10006 100 27683 2006862041 25563156 10015002
0b000a01 0b00ce01 10002 100 58717 2005652149 26782660 10017603
0b000a01 0b00c601 10004 100 21961 2010189457 22248859 10014521
0b000f01 0b00c301 10003 100 47492 2004915304 27528279 10016663
0b000101 0b00c701 10002 100 12928 2005912583 26541921 10013764
0b000d01 0b00cd01 10000 100 31278 2003678803 28801273 10015305
0b000301 0b00cd01 10000 100 8387 2001804262 30707775 10013385
0b000b01 0b00c401 10003 100 45785 2006372589 26148691 10016519
0b000e01 0b00cd01 10001 100 30724 2004842565 27715470 10015256
0b000701 0b00c301 10003 100 78747 2010769831 21794676 10019283
0b000301 0b00c201 10005 100 13647 2006265997 26360421 10013825
0b000901 0b00ca01 10007 100 4367 2013798546 18848230 10013048
0b000c01 0b00c401 10002 100 59313 2004620967 28052755 10017655
0b000101 0b00c201 10003 100 5555 2006335942 26372884 10013147
0b000301 0b00cf01 10000 100 10574 2006056130 26656884 10013568
0b000601 0b00cc01 10000 100 31728 2005170101 27566008 10015341
0b000801 0b00cd01 10001 100 70812 2002612710 30157818 10018617
0b000001 0b00c901 10004 100 56973 2012900276 19899248 10017456
0b000f01 0b00cb01 10004 100 410710 2008766861 24051766 10047115
0b000f01 0b00ca01 10000 100 5146 2008741194 24081508 10013114
0b000801 0b00c701 10005 100 20417 2006641302 26213761 10014394
0b000a01 0b00ce01 10001 100 292302 2004059429 28814940 10037189
0b000801 0b00c801 10001 100 78413 2000265186 32621119 10019256
0b000701 0b00c701 10002 100 9703 2012884192 20035978 10013494
0b000301 0b00ce01 10003 100 59650 2006848984 26091764 10017682
0b000b01 0b00c401 10001 100 10727 2002833615 30108810 10013580
0b000701 0b00c101 10002 100 34939 2007982279 25014023 10015609
0b000701 0b00cf01 10002 100 108316 2007559398 25465060 10021763
0b000201 0b00cd01 10002 100 61206 2001015590 32052584 10017814
0b000d01 0b00c801 10004 100 189559 2006740522 26405474 10028574
0b000f01 0b00c401 10004 100 32704 2012619985 20542468 10015423
0b000601 0b00cc01 10004 100 3228 2009562519 23633069 10012953
0b000401 0b00ce01 10001 100 4528 2009132519 24091940 10013061
0b000001 0b00c601 10006 100 38403 2018554979 14690920 10015902
0b000901 0b00c901 10008 100 35974 2013723338 19545516 10015696
0b000e01 0b00c801 10005 100 24252 2009228213 24048494 10014716
0b000e01 0b00cd01 10006 100 8424 2015491050 17788588 10013388
0b000001 0b00ca01 10003 100 35224 2010664690 22634062 10015636
0b000601 0b00c001 10002 100 27026 2009149503 24184444 10014949
0b000b01 0b00c001 10007 100 56745 2018226316 15194919 10017438
0b000801 0b00cd01 10008 100 58736 2010897963 22546383 10017605
0b000a01 0b00c101 10004 100 133426 2016206366 17246060 10023868
0b000001 0b00c501 10007 100 73326 2017083632 16389014 10018830
0b000301 0b00c501 10000 100 28043 2002392142 31149612 10015034
0b000a01 0b00cb01 10005 100 1353 2007403263 26145403 10012795
0b000901 0b00c501 10002 100 21132 2007435736 26186182 10014455
0b000a01 0b00c801 10003 100 39488 2007028145 26597368 10015992
0b000501 0b00c001 10010 100 430788 2009905496 23731586 10048798
0b000b01 0b00c201 10004 100 2252 2019481695 14162892 10012871
0b000701 0b00c801 10000 100 223323 2003033303 30626620 10031406
0b000401 0b00c301 10006 100 56768 2009575686 24086715 10017440
0b000c01 0b00c201 10002 100 36952 2009058077 24612533 10015778
0b000d01 0b00c001 10002 100 814421 2003181677 30503576 10080963
0b000f01 0b00c901 10006 100 47933 2011922093 21888051 10016698
0b000001 0b00c001 10009 100 8615 2007909327 25943255 10013403
0b000d01 0b00c001 10004 100 216210 2005036307 28890839 10030810
0b000001 0b00c501 10002 100 25532 2007727877 26200764 10014822
0b000f01 0b00c801 10000 100 3872 2002093535 31842655 10013005
0b000101 0b00c201 10006 100 20093 2011690602 22298055 10014368
0b000101 0b00c101 10001 100 56759 2007825669 26164638 10017439
0b000d01 0b00c001 10000 100 982 2002137888 31909719 10012762
0b000901 0b00c001 10002 100 364379 2002689388 31421586 10043231
0b000101 0b00ca01 10006 100 6662 2020437841 13717243 10013239
0b000901 0b00c601 10003 100 8105 2008543420 25615130 10013362
0b000501 0b00cc01 10010 100 32230 2021803885 12397375 10015385
0b000701 0b00cc01 10002 100 14710 2006598804 27632104 10013914
0b000f01 0b00c301 10009 100 81491 2016997426 17245641 10019514
0b000301 0b00c801 10000 100 122901 2000728897 33552234 10022984
0b000c01 0b00cc01 10007 100 2307 2012808317 21484217 10012876
0b000301 0b00c801 10004 100 58995 2007512547 26810428 10017626
0b000601 0b00c601 10010 100 77685 2019213549 15131419 10019194
0b000701 0b00ca01 10008 100 2966 2018492692 15857059 10012928
0b000101 0b00c901 10001 100 21068 2003596146 30840524 10014449
0b000101 0b00ca01 10002 100 1629 2008766021 25780895 10012818
0b000b01 0b00c201 10002 100 58846 2014244543 20320322 10017614
0b000b01 0b00ca01 10005 100 21499 2008217573 26351596 10014484
0b000d01 0b00ce01 10004 100 569172 2009309889 25304098 10060402
0b000101 0b00c901 10003 100 13501 2012257967 22382100 10013813
0b000a01 0b00c101 10000 100 14272 2001788343 32855030 10013879
0b000c01 0b00c501 10005 100 28610 2010433626 24292567 10015080
0b000401 0b00c501 10000 100 3961 2000622365 34165032 10013012
0b000101 0b00c001 10003 100 34807 2008718481 26087847 10015598
0b000901 0b00c201 10005 100 8653 2015229789 19591796 10013406
0b000101 0b00ce01 10005 100 64731 2018725262 16100198 10018108
0b000a01 0b00c901 10005 100 75909 2013834255 21013813 10019044
0b000301 0b00c201 10007 100 28176 2008784957 26081692 10015045
0b000d01 0b00c801 10009 100 23004 2014121556 20822144 10014612
0b000601 0b00c201 10004 100 7286 2017061302 17897673 10013293
0b000601 0b00c601 10006 100 32491 2006689054 28282430 10015406
0b000001 0b00ce01 10006 100 24043 2015208761 19773213 10014699
0b000501 0b00c101 10005 100 22647 2010679796 24342421 10014580
0b000b01 0b00c501 10004 100 44917 2014713811 20323778 10016446
0b000d01 0b00ce01 10002 100 28790 2006785407 28264296 10015094
0b000001 0b00c201 10006 100 28623 2019913115 15178638 10015081
0b000401 0b00cf01 10000 100 21348 2017321084 17776046 10014472
0b000d01 0b00cb01 10010 100 58714 2021507943 13610731 10017603
0b000d01 0b00c201 10000 100 20678 2000467479 34659606 10014414
0b000601 0b00c801 10007 100 8447 2022553150 12592421 10013390
0b000301 0b00c101 10000 100 7524117 2000252215 34923048 10643505
0b000501 0b00ce01 10004 100 31768 2010384500 24837077 10015344
0b000f01 0b00c801 10007 100 2289 2007379181 27859183 10012874
0b000c01 0b00cd01 10005 100 16654 2010888351 24380754 10014077
0b000301 0b00c401 10005 100 22196 2020863277 14413675 10014544
0b000701 0b00cc01 10001 100 220829 2002287793 32989390 10031194
0b000301 0b00ca01 10000 100 6818 2001378399 33912603 10013252
0b000001 0b00c801 10009 100 43086 2020254666 15037611 10016295
0b000401 0b00c501 10005 100 6036 2014807876 20499142 10013189
0b000301 0b00c701 10003 100 9029 2021091638 14275188 10013440
0b000601 0b00cc01 10001 100 3502 2007396469 28018304 10012975
0b000201 0b00c101 10007 100 20134 2020775170 14678569 10014371
0b000c01 0b00cc01 10004 100 63056 2010776831 24677999 10017970
0b000301 0b00c901 10004 100 1753 2009537256 25935666 10012827
0b000101 0b00ce01 10003 100 101858 2013984488 21516516 10021220
0b000201 0b00c301 10001 100 54097 2015076555 20482373 10017218
0b000001 0b00c701 10008 100 67381 2012010072 23550048 10018331
0b000101 0b00cb01 10001 100 642 2001716690 33863220 10012735
0b000f01 0b00c601 10000 100 81943 2001727794 33880413 10019550
0b000d01 0b00cd01 10003 100 151287 2005972850 29649640 10025366
0b000701 0b00c301 10005 100 38263 2013665146 21959276 10015890
0b000e01 0b00ca01 10009 100 12849 2010269516 25361250 10013757
0b000301 0b00c501 10009 100 31215 2013237589 22400605 10015300
0b000c01 0b00c001 10002 100 87247 2012466266 23183128 10019997
0b000601 0b00c801 10002 100 200803 2007551576 28141330 10029516
0b000d01 0b00c701 10000 100 63346 2000864529 34847651 10017993
0b000801 0b00cb01 10004 100 22646 2009228032 26486833 10014580
0b000c01 0b00cc01 10003 100 200329 2008495731 27251198 10029478
0b000e01 0b00c001 10006 100 48512 2012969814 22779864 10016749
0b000901 0b00c401 10004 100 5647 2013884685 21895942 10013154
0b000101 0b00ca01 10004 100 26817 2013806116 21987402 10014929
0b000101 0b00c601 10006 100 33259 2013144768 22672051 10015471
0b000201 0b00c701 10006 100 13565 2015601800 20251252 10013818
0b000801 0b00c301 10001 100 71170 2006137911 29750902 10018650
0b000b01 0b00ca01 10001 100 6594 2001294518 34722344 10013234
0b000601 0b00cb01 10000 100 7760 2000769415 35264893 10013331
0b000201 0b00ca01 10000 100 14271 2001355999 34699473 10013879
0b000801 0b00cb01 10002 100 22599 2005775368 30322089 10014576
0b000201 0b00c201 10006 100 28560 2013981867 22204296 10015076
0b000501 0b00c101 10001 100 6578 2008508323 27751918 10013233
0b000601 0b00cd01 10005 100 52809 2016458351 19817895 10017108
0b000b01 0b00c801 10002 100 79215 2005436495 30885746 10019324
0b000701 0b00c901 10004 100 4657 2002320746 34044617 10013071
0b000a01 0b00c801 10005 100 3858 2010227351 26142717 10013004
0b000b01 0b00c301 10002 100 7322 2016756334 19616132 10013296
0b000101 0b00c801 10005 100 61157 2010395737 26129398 10017810
0b000e01 0b00ce01 10004 100 52510 2007027011 29537018 10017084
0b000901 0b00c301 10006 100 57608 2013884832 22752764 10017511
0b000201 0b00cc01 10009 100 64011 2020908420 15742605 10018050
0b000801 0b00c901 10003 100 39921 2015721067 20958957 10016027
0b000001 0b00cd01 10004 100 4408 2006818630 29968675 10013051
0b000f01 0b00ce01 10004 100 9452 2012779311 24044972 10013474
0b000901 0b00cf01 10005 100 3704 2011081147 25754751 10012991
0b000701 0b00cf01 10008 100 41459 2023617647 13218353 10016158
0b000e01 0b00c101 10005 100 9638 2012503328 24360942 10013489
0b000901 0b00c301 10004 100 8721 2011138118 25741808 10013412
0b000501 0b00c701 10000 100 26710 2000904685 35984322 10014920
0b000e01 0b00c501 10000 100 1995 2001047219 35862876 10012847
0b000901 0b00cf01 10004 100 48020 2010452572 26497443 10016709
0b000e01 0b00c601 10005 100 13408 2008698057 28294035 10013806
0b000701 0b00cd01 10004 100 79540 2011863556 25178617 10019350
0b000201 0b00cf01 10004 100 21654 2010986723 26086032 10014496
0b000b01 0b00c001 10002 100 19879 2001325468 35760568 10014347
0b000e01 0b00cc01 10004 100 1667 2013606141 23494891 10012821
0b000701 0b00c301 10002 100 78855 2008539101 28573193 10019291
0b000901 0b00cf01 10002 100 82995 2007473565 29713240 10019638
0b000401 0b00cb01 10002 100 26667 2012217927 25007703 10014917
0b000d01 0b00c301 10005 100 24199 2023831493 13426439 10014711
0b000001 0b00c301 10002 100 27956 2010589369 26687129 10015024
0b000f01 0b00c201 10000 100 25572 2002532546 34746203 10014825
0b000b01 0b00c001 10001 100 47702 2001212073 36086735 10016680
0b000001 0b00ce01 10001 100 69530 2006205861 31093715 10018511
0b000e01 0b00c601 10009 100 3777 2021243059 16077755 10012997
0b000e01 0b00c301 10006 100 72806 2011099712 26239291 10018784
0b000801 0b00cc01 10003 100 115328 2005990833 31354415 10022351
0b000a01 0b00c301 10000 100 70185 2002554588 34797025 10018567
0b000201 0b00cc01 10006 100 21309 2010719538 26645781 10014469
0b000901 0b00c401 10006 100 6241 2017487491 19891500 10013206
0b000901 0b00cd01 10006 100 49437 2021667073 15758890 10016826
0b000601 0b00ce01 10000 100 3999 2005274860 32153869 10013015
0b000601 0b00c601 10009 100 56177 2013927267 23520641 10017393
0b000601 0b00c401 10004 100 330084 2004959928 32490921 10040357
0b000601 0b00c301 10003 100 38593 2004795123 32669629 10015917
0b000101 0b00c201 10004 100 2 2011275906 26190158 10012684
0b000501 0b00c901 10001 100 9306 2005302550 32182288 10013462
0b000901 0b00c401 10000 100 42807 2002690433 34837996 10016269
0b000001 0b00c201 10003 100 44027 2015922553 21650218 10016374
0b000101 0b00c601 10007 100 43634 2015044474 22538759 10016339
0b000801 0b00c101 10006 100 67327 2013636537 23974455 10018327
0b000f01 0b00c401 10000 100 5892 2002738878 34876390 10013174
0b000601 0b00ca01 10001 100 8672 2003380576 34243828 10013408
0b000601 0b00c301 10009 100 46188 2017183551 20563765 10016555
0b000401 0b00c301 10012 100 4826 2021700093 16056005 10013085
0b000f01 0b00c801 10001 100 814963 2002398751 35404902 10081006
0b000801 0b00ca01 10001 100 1064929 2003595525 34209549 10101963
0b000901 0b00ca01 10002 100 586048 2009946262 27860438 10061817
0b000201 0b00c201 10007 100 23594 2022773187 15047270 10014659
0b000e01 0b00c201 10000 100 76834 2004171412 33773895 10019122
0b000201 0b00c601 10005 100 13387 2008029293 29918839 10013804
0b000d01 0b00c601 10000 100 815933 2001514001 36461649 10081088
0b000401 0b00c001 10002 100 50492 2008185306 29798044 10016915
0b000601 0b00cd01 10003 100 8869 2013385258 24600183 10013424
0b000c01 0b00cc01 10005 100 17580 2012105163 25883937 10014155
0b000b01 0b00c101 10005 100 5011 2018189812 19800231 10013103
0b000801 0b00c301 10005 100 8703 2012028499 25996309 10013410
0b000d01 0b00c901 10003 100 14454 2013339611 24692491 10013893
0b000c01 0b00cc01 10006 100 28653 2012390212 25668160 10015083
0b000901 0b00c001 10006 100 2331 2017684249 20391762 10012878
0b000301 0b00c101 10007 100 74967 2007196298 30901129 10018965
0b000b01 0b00c601 10006 100 26860 2011326616 26785225 10014932
0b000401 0b00cd01 10009 100 6050 2010289370 27845354 10013190
0b000f01 0b00cc01 10006 100 20734 2013489605 24653187 10014419
0b000a01 0b00c601 10001 100 245396 2005316337 32843647 10033256
0b000801 0b00c101 10000 100 1907484 2002070477 36104386 10172605
0b000401 0b00c101 10003 100 19868 2009906528 28326322 10014346
0b000f01 0b00c001 10003 100 62547 2012584476 25666247 10017925
0b000e01 0b00cb01 10003 100 605 2010188426 28062950 10012732
0b000201 0b00c101 10004 100 5618 2008484288 29819381 10013152
0b000301 0b00cc01 10001 100 143402 2002375466 35929903 10024705
0b000a01 0b00ce01 10004 100 8061 2008845974 29459984 10013359
0b000a01 0b00cf01 10002 100 404934 2007071573 31278644 10046629
0b000d01 0b00c301 10003 100 20627 2019476597 18908989 10014410
0b000001 0b00c401 10004 100 23528 2012144789 26269340 10014654
0b000b01 0b00c401 10005 100 79491 2010786576 27702236 10019346
0b000801 0b00c701 10003 100 1244 2004474940 34070047 10012787
0b000101 0b00cb01 10007 100 77151 2014617461 23948875 10019151
0b000501 0b00c601 10003 100 43150 2009197230 29392000 10016300
0b000d01 0b00c301 10001 100 145606 2014093458 24501360 10024889
0b000101 0b00c201 10008 100 70099 2021497273 17099993 10018560
0b000401 0b00c801 10003 100 32546 2002484819 36123406 10015410
0b000d01 0b00c801 10012 100 18144 2025593909 13029963 10014204
0b000e01 0b00c501 10003 100 126181 2002756967 35902287 10023262
0b000501 0b00cd01 10001 100 71544 2001464866 37208120 10018680
0b000501 0b00c001 10002 100 1108949 2002870461 35893450 10105654
0b000b01 0b00cf01 10001 100 35926 2001753578 37025381 10015692
0b000501 0b00c901 10004 100 38232 2012574905 26219070 10015888
0b000801 0b00c501 10006 100 73140 2014917861 23876179 10018815
0b000701 0b00cf01 10006 100 39622 2017637722 21219143 10016003
0b000801 0b00c801 10007 100 24028 2012470995 26471899 10014698
0b000a01 0b00c201 10002 100 1181202 2001983027 37027372 10111715
0b000301 0b00c301 10008 100 3998 2017492894 21542181 10013015
0b000801 0b00cd01 10009 100 6753 2012194110 26847744 10013247
0b000701 0b00c601 10003 100 773216 2007671193 31392080 10077509
0b000801 0b00c801 10002 100 4147 2002197869 36873265 10013030
0b000601 0b00c201 10005 100 120233 2018454192 20625423 10022763
0b000401 0b00c701 10007 100 8618 2020495883 18678414 10013404
0b000301 0b00c101 10011 100 18459 2016425503 22752916 10014229
0b000f01 0b00cc01 10010 100 8584 2020403432 18808154 10013401
0b000501 0b00c501 10003 100 1869 2014210954 25010423 10012837
0b000001 0b00c201 10007 100 58195 2023583771 15676143 10017562
0b000d01 0b00c501 10002 100 17535 2004455043 34839384 10014151
0b000c01 0b00c601 10003 100 67089 2017972926 21322680 10018308
0b000401 0b00c201 10004 100 2850 2011522289 27774625 10012919
0b000801 0b00c201 10005 100 9031 2018513142 20833114 10013440
0b000801 0b00c101 10010 100 69029 2017519451 21838756 10018471
0b000701 0b00c301 10000 100 40249 2003032083 36335590 10016057
0b000701 0b00c701 10001 100 99715 2009456306 29913673 10021041
0b000d01 0b00c901 10004 100 66272 2017452218 21958985 10018239
0b000501 0b00ce01 10005 100 64723 2011902731 27519702 10018107
0b000c01 0b00ca01 10004 100 1683 2011374235 28050285 10012822
0b000a01 0b00c001 10005 100 44367 2011985689 27445798 10016402
0b000c01 0b00c001 10000 100 2371 2004532715 34911765 10012881
0b000e01 0b00c901 10001 100 23645 2011259095 28240680 10014663
0b000f01 0b00c601 10001 100 749296 2002410160 37115186 10075503
0b000e01 0b00c701 10001 100 5217 2004793921 34761348 10013120
0b000401 0b00c101 10005 100 5806 2017449345 22120996 10013167
0b000801 0b00c701 10002 100 2237 2003141171 36429751 10012870
0b000801 0b00cd01 10004 100 688 2005734660 33913957 10012738
0b000301 0b00c801 10001 100 24570 2002308498 37367266 10014741
0b000c01 0b00c601 10001 100 16192 2004756234 34925742 10014040
0b000201 0b00c001 10000 100 304241 2001628414 38058753 10038190
0b000101 0b00cb01 10004 100 50081 2012369291 27320594 10016882
0b000b01 0b00cf01 10000 100 3215447 2000726865 38982575 10282265
0b000d01 0b00ca01 10001 100 44798 2002996251 36727964 10016436
0b000a01 0b00c901 10009 100 1004 2019866422 19859094 10012768
0b000d01 0b00cd01 10002 100 8150 2005278163 34448300 10013366
0b000d01 0b00c801 10010 100 67778 2018389110 21340112 10018363
0b000001 0b00cf01 10005 100 1542 2014192366 25623283 10012811
0b000001 0b00c901 10005 100 12661 2013988577 25854078 10013742
0b000e01 0b00ca01 10013 100 168127 2012899180 26974491 10026779
0b000d01 0b00cc01 10000 100 75257 2006363751 33534272 10018992
0b000b01 0b00ce01 10002 100 60249 2009007931 30900860 10017734
0b000101 0b00cd01 10005 100 191626 2018727362 21187495 10028747
0b000401 0b00ce01 10006 100 124545 2019479248 20463705 10023123
0b000001 0b00c501 10000 100 75522 2003597136 36355717 10019013
0b000101 0b00ca01 10013 100 5519 2026235778 13736715 10013144
0b000c01 0b00c101 10001 100 797675 2006166831 33811867 10079558
0b000301 0b00c601 10002 100 338374 2007528826 32451823 10041051
0b000d01 0b00c401 10002 100 14177 2015517044 24490991 10013871
0b000f01 0b00ca01 10007 100 25370 2017661824 22357266 10014809
0b000f01 0b00cc01 10004 100 27976 2007702619 32341185 10015025
0b000d01 0b00cb01 10009 100 43946 2019100712 20953387 10016364
0b000d01 0b00c001 10008 100 64344 2014849755 25209871 10018077
0b000001 0b00c901 10013 100 2304 2026465351 13596509 10012875
0b000701 0b00ce01 10004 100 26716 2015474576 24597434 10014920
0b000601 0b00ce01 10001 100 66069 2010758236 29327405 10018222
0b000801 0b00c701 10001 100 67733 2001978328 38144759 10018359
0b000701 0b00c701 10000 100 122 2002456598 37667541 10012693
0b000601 0b00ca01 10004 100 21162 2015132906 24995123 10014457
0b000701 0b00c201 10004 100 53890 2014605475 25527396 10017198
0b000401 0b00c301 10003 100 14717 2006027498 34108821 10013914
0b000101 0b00cd01 10006 100 7093 2019978582 20192412 10013278
0b000e01 0b00ce01 10003 100 8005 2004942785 35250860 10013354
0b000001 0b00c901 10010 100 177076 2020313247 19882798 10027529
0b000e01 0b00cb01 10005 100 25742 2015855070 24347457 10014839
0b000601 0b00c501 10006 100 1408 2018266199 21975878 10012800
0b000301 0b00ca01 10011 100 323351 2016340122 23924252 10039792
0b000301 0b00cb01 10009 100 22583 2007030850 33242714 10014574
0b000e01 0b00cb01 10006 100 4393 2015979130 24303833 10013050
0b000f01 0b00cc01 10002 100 1031629 2005218911 35131984 10099173
0b000a01 0b00cc01 10002 100 18570 2010386447 29973943 10014238
0b000c01 0b00c501 10004 100 4464 2005997085 34365259 10013056
0b000101 0b00c601 10003 100 403327 2008526112 31843706 10046497
0b000301 0b00c801 10006 100 9018 2014013540 26368571 10013439
0b000301 0b00cb01 10000 100 28316 2000259783 40219102 10015056
0b000301 0b00ca01 10008 100 29977 2014232590 26261084 10015193
0b000101 0b00c901 10000 100 45378 2003472073 37029258 10016486
0b000c01 0b00c601 10000 100 2803 2002436145 38066473 10012915
0b000701 0b00ca01 10009 100 30825 2019979644 20540676 10015265
0b000701 0b00c301 10004 100 57147 2012324786 28198590 10017474
0b000b01 0b00ca01 10004 100 9912 2004988910 35541741 10013511
0b000f01 0b00c901 10004 100 558430 2007113393 33481707 10059500
0b000301 0b00cf01 10005 100 24797 2019348144 21300577 10014759
0b000001 0b00c701 10015 100 21795 2025680749 14978645 10014508
0b000201 0b00c101 10002 100 64282 2005864587 34797816 10018072
0b000c01 0b00ca01 10000 100 3464 2006498297 34219628 10012972
0b000301 0b00cd01 10004 100 41934 2012581146 28158601 10016196
0b000901 0b00c201 10010 100 37028 2026218888 14523595 10015788
0b000f01 0b00c601 10005 100 64554 2026800011 13964489 10018093
0b000401 0b00c201 10000 100 259428 2001373361 39404904 10034432
0b000d01 0b00c601 10003 100 5242 2009136207 31643098 10013122
0b000c01 0b00cc01 10000 100 24367 2003757021 37026401 10014725
0b000801 0b00cf01 10003 100 73506 2009302984 31480794 10018844
0b000401 0b00c201 10007 100 29437 2015571185 25230254 10015150
0b000701 0b00cc01 10005 100 79662 2015560455 25242638 10019360
0b000101 0b00c301 10000 100 72398 2000362892 40454646 10018752
0b000c01 0b00c401 10000 100 635199 2001719118 39109351 10065938
0b000401 0b00c401 10002 100 34210 2016673373 24226081 10015551
0b000f01 0b00cb01 10002 100 1206297 2003483307 37419415 10113818
0b000001 0b00c801 10001 100 9229 2005787857 35149348 10013456
0b000c01 0b00cd01 10001 100 101756 2002308284 38669455 10021212
0b000401 0b00c301 10008 100 32610 2017085890 23922040 10015415
0b000901 0b00c201 10003 100 11252 2013909626 27099954 10013626
0b000901 0b00ca01 10010 100 42863 2019978570 21052403 10016274
0b000f01 0b00ce01 10003 100 122808 2010125799 30910246 10022976
0b000301 0b00c901 10001 100 63052 2005384149 35653183 10017969
0b000401 0b00c801 10002 100 688875 2001756526 39288524 10070435
0b000e01 0b00ce01 10001 100 8422 2003794759 37252240 10013388
0b000801 0b00c501 10003 100 1862 2007711383 33344670 10012836
0b000601 0b00c601 10007 100 351099 2012054280 29011013 10042119
0b000f01 0b00c101 10003 100 23805 2008915247 32155975 10014676
0b000b01 0b00cb01 10001 100 6589 2005607903 35480999 10013234
0b000101 0b00c501 10004 100 22062 2005785093 35305691 10014533
0b000701 0b00c701 10005 100 57646 2020032743 21086152 10017514
0b000301 0b00cb01 10002 100 1797 2002682663 38449297 10012831
0b000901 0b00c201 10008 100 23015 2019191066 21949818 10014613
0b000001 0b00cf01 10004 100 66727 2013330718 27864976 10018275
0b000701 0b00cc01 10003 100 2263 2009192474 32017448 10012872
0b000f01 0b00ce01 10000 100 40371 2003910440 37330143 10016067
0b000701 0b00ce01 10005 100 102446 2015724776 25520514 10021271
0b000501 0b00ce01 10002 100 49540 2003918112 37341501 10016835
0b000c01 0b00c001 10004 100 62858 2026618424 14649138 10017950
0b000101 0b00c201 10001 100 20575 2005892890 35385453 10014406
0b000101 0b00c701 10003 100 26007 2005926101 35410148 10014864
0b000d01 0b00ce01 10003 100 66528 2008788469 32578023 10018259
0b000101 0b00c501 10008 100 37672 2014870551 26501700 10015839
0b000301 0b00c301 10010 100 46417 2019243259 22162328 10016573
0b000701 0b00c101 10003 100 20329 2017541034 23901976 10014386
0b000e01 0b00c201 10010 100 64444 2019207403 22237122 10018085
0b000c01 0b00cb01 10008 100 162029 2023635705 17811103 10026268
0b000d01 0b00c701 10003 100 52111 2012341296 29115771 10017052
0b000e01 0b00c101 10002 100 8293 2006024367 35486650 10013378
0b000201 0b00cf01 10001 100 35210 2004640116 36882195 10015635
0b000701 0b00c701 10010 100 1066 2025775471 15759284 10012772
0b000c01 0b00cf01 10005 100 70879 2011663925 29875846 10018622
0b000f01 0b00c701 10005 100 12218 2017879445 23699757 10013707
0b000401 0b00ca01 10007 100 3037 2019262357 22323984 10012938
0b000301 0b00c001 10000 100 44744 2003672855 37949728 10016432
0b000401 0b00c001 10001 100 73026 2004046794 37613367 10018806
0b000901 0b00c901 10003 100 45444 2007400261 34285582 10016492
0b000801 0b00cc01 10005 100 73942 2017496543 24200514 10018879
0b000501 0b00cb01 10010 100 62648 2025448917 16269865 10017933
0b000c01 0b00cb01 10005 100 51109 2016256714 25462429 10016968
0b000901 0b00c501 10008 100 33725 2018880717 22847588 10015508
0b000d01 0b00c201 10003 100 411495 2014555248 27193832 10047181
0b000001 0b00c401 10001 100 26178 2004866278 36925263 10014877
0b000901 0b00cd01 10002 100 2446 2005906361 35939138 10012887
0b000901 0b00c801 10008 100 21896 2028118157 13753179 10014516
0b000a01 0b00c901 10000 100 1789826 2000400720 41516567 10162739
0b000801 0b00c501 10005 100 26753 2013953431 27964286 10014923
0b000801 0b00c801 10009 100 74192 2014124518 27823756 10018903
0b000f01 0b00c301 10005 100 34996 2009466310 32484685 10015614
0b000401 0b00c901 10001 100 22274 2006211339 35778969 10014550
0b000c01 0b00c101 10003 100 32632 2014185828 27812035 10015417
0b000d01 0b00ca01 10004 100 29347 2028636612 13367301 10015142
0b000f01 0b00c901 10009 100 4319 2019643321 22363806 10013044
0b000001 0b00ca01 10000 100 30536 2002625652 39411255 10015241
0b000301 0b00c401 10004 100 5005 2015713067 26361280 10013103
0b000001 0b00cb01 10007 100 15672 2019993819 22080933 10013995
0b000101 0b00c201 10000 100 26393 2002838208 39258838 10014895
0b000201 0b00c701 10001 100 874406 2003454865 38645524 10085992
0b000e01 0b00ca01 10015 100 73035 2015189347 26915711 10018806
0b000a01 0b00cc01 10001 100 582566 2009669848 32437552 10061524
0b000f01 0b00ca01 10008 100 5846 2018534634 23633565 10013170
0b000e01 0b00cc01 10006 100 54050 2017749311 24429947 10017215
0b000201 0b00cb01 10002 100 9602 2003827439 38370188 10013486
0b000801 0b00c901 10004 100 18923 2015894294 26312170 10014266
0b000c01 0b00c001 10003 100 22276 2017769313 24438111 10014550
0b000e01 0b00c201 10014 100 3879 2026840594 15378877 10013005
0b000f01 0b00c501 10003 100 64110 2025094131 17134254 10018058
0b000301 0b00ca01 10009 100 35837 2015814188 26430606 10015685
0b000b01 0b00ca01 10008 100 116347 2010320222 31944090 10022437
0b000b01 0b00c801 10003 100 65784 2015267590 27011706 10018196
0b000c01 0b00c901 10006 100 64437 2013623095 28688977 10018084
0b000901 0b00cc01 10001 100 35823 2006118342 36212050 10015684
0b000d01 0b00c701 10002 100 6743 2010267178 32116757 10013246
0b000701 0b00c401 10002 100 116349 2015985886 26408258 10022437
0b000501 0b00ca01 10002 100 183634 2007966587 34430957 10028077
0b000e01 0b00c801 10003 100 46852 2004575872 37854243 10016608
0b000501 0b00cd01 10010 100 12957 2018169743 24282168 10013766
0b000a01 0b00c701 10007 100 28833 2021417573 21074386 10015098
0b000f01 0b00cc01 10003 100 453710 2005409359 37106528 10050720
0b000401 0b00c901 10004 100 23878 2013287029 29243519 10014682
0b000b01 0b00c401 10002 100 920732 2004470593 38084686 10089875
0b000801 0b00c901 10008 100 23177 2028790335 13770377 10014626
0b000101 0b00c901 10004 100 22286 2016495857 26111694 10014551
0b000d01 0b00c001 10003 100 1044733 2004675923 37978022 10100271
0b000901 0b00c601 10002 100 45847 2007255768 35412582 10016524
0b000f01 0b00c901 10010 100 208991 2021849904 20820728 10030201
0b000901 0b00c801 10001 100 3949 2002579857 40128335 10013011
0b000901 0b00c701 10010 100 37958 2016043794 26678329 10015862
0b000e01 0b00ca01 10014 100 23091 2014017518 28752625 10014619
0b000501 0b00c301 10002 100 438164 2011286027 31489380 10049418
0b000401 0b00c701 10005 100 3736 2011101283 31676377 10012994
0b000e01 0b00c701 10002 100 44887 2004916726 37928615 10016443
0b000001 0b00c601 10007 100 15679 2020289716 22586364 10013995
0b000e01 0b00cd01 10004 100 31494 2013761155 29154735 10015322
0b000001 0b00c901 10000 100 9488 2000891891 42040965 10013477
0b000b01 0b00c001 10009 100 24257 2021031198 21908047 10014716
0b000101 0b00c401 10003 100 26461 2006779179 36205054 10014900
0b000701 0b00c801 10003 100 7505 2008850954 34151693 10013311
0b000901 0b00cf01 10008 100 15056 2017041582 25964285 10013945
0b000801 0b00cc01 10006 100 144219 2018213445 24826542 10024774
0b000001 0b00cb01 10001 100 1349205 2001632088 41411987 10125800
0b000c01 0b00c501 10007 100 7419 2018400343 24664463 10013304
0b000d01 0b00ca01 10002 100 1629 2015561201 27506560 10012818
0b000401 0b00ca01 10009 100 145242 2020830478 22247374 10024860
0b000d01 0b00c801 10006 100 43043 2008603742 34505714 10016292
0b000901 0b00c401 10005 100 175700 2013997919 29144328 10027411
0b000701 0b00c101 10004 100 76641 2017567855 25576049 10019106
0b000701 0b00c801 10001 100 168863 2006969456 36177920 10026838
0b000301 0b00c501 10010 100 1551 2022131936 21039978 10012811
0b000c01 0b00c401 10007 100 58570 2013746487 29433073 10017592
0b000301 0b00cb01 10016 100 52003 2027313338 15912988 10017043
0b000b01 0b00c301 10003 100 30884 2020400704 22843921 10015269
0b000701 0b00c701 10003 100 193352 2015371431 27881590 10028893
0b000101 0b00c301 10010 100 8620 2017633024 25631189 10013404
0b000401 0b00c101 10000 100 30987 2000997045 42269974 10015278
0b000e01 0b00ce01 10000 100 24871 2001325715 41954017 10014765
0b000b01 0b00c101 10003 100 38579 2009049507 34231557 10015916
0b000801 0b00c701 10007 100 160297 2013390945 29893102 10026122
0b000101 0b00cc01 10013 100 50721 2020506260 22798558 10016933
0b000a01 0b00cc01 10005 100 14359 2012454230 30854837 10013886
0b000301 0b00c701 10002 100 61841 2003860493 39496482 10017865
0b000401 0b00c901 10010 100 77469 2020809858 22553840 10019177
0b000a01 0b00cf01 10003 100 37883 2007660082 35708570 10015856
0b000001 0b00c501 10004 100 20248 2012482311 30887648 10014380
0b000e01 0b00c201 10004 100 375193 2006021758 37362531 10044139
0b000701 0b00c901 10003 100 4376 2001310938 42119688 10013049
0b000701 0b00c301 10006 100 30021 2015105827 28328013 10015200
0b000101 0b00c301 10004 100 63932 2009391857 34051840 10018040
0b000101 0b00c801 10003 100 26511 2007284736 36173049 10014904
0b000501 0b00c101 10007 100 32877 2013158445 30313627 10015436
0b000101 0b00c101 10002 100 48926 2008981465 34512495 10016782
0b000901 0b00c801 10007 100 47042 2016833178 26679971 10016627
0b000901 0b00c701 10006 100 576 2008231605 35282851 10012729
0b000301 0b00ce01 10005 100 156809 2017483367 26040171 10025827
0b000301 0b00ce01 10011 100 35323 2028951570 14577111 10015644
0b000b01 0b00c401 10010 100 25325 2022574349 20963035 10014805
0b000f01 0b00cb01 10008 100 29185 2013712684 29830068 10015130
0b000401 0b00cf01 10002 100 18045 2018638075 24914196 10014196
0b000e01 0b00c201 10006 100 16625 2010875190 32690585 10014075
0b000d01 0b00c801 10001 100 2156714 2000643844 42952916 10193500
0b000801 0b00c401 10007 100 5070 2023075979 20540782 10013108
0b000a01 0b00cc01 10006 100 11265 2012805077 30831315 10013627
0b000f01 0b00c201 10014 100 1331 2031040226 12596804 10012794
0b000901 0b00c901 10009 100 50329 2015106927 28544400 10016902
0b000c01 0b00c401 10008 100 64871 2016290455 27390594 10018119
0b000c01 0b00cd01 10006 100 7200 2011416055 32283283 10013286
0b000401 0b00ca01 10004 100 8239 2015684659 28021238 10013373
0b000c01 0b00cd01 10003 100 14953 2005782535 37942126 10013933
0b000a01 0b00cc01 10000 100 58524 2009315285 34415688 10017588
0b000401 0b00cf01 10001 100 14999 2018509909 25229203 10013937
0b000001 0b00cc01 10004 100 7444 2008103000 35640970 10013306
0b000201 0b00ca01 10005 100 23692 2017209182 26542634 10014667
0b000001 0b00ca01 10004 100 58600 2021189006 22627787 10017594
0b000a01 0b00ce01 10006 100 54137 2016848766 26976812 10017222
0b000201 0b00c001 10001 100 19137 2009939789 33886483 10014287
0b000501 0b00c201 10010 100 8966 2031042137 12793701 10013431
0b000901 0b00c901 10000 100 6838 2001198419 42638075 10013253
0b000301 0b00c201 10003 100 46946 2005044498 38803426 10016616
0b000001 0b00c401 10002 100 222106 2012007887 31868901 10031304
0b000201 0b00c901 10007 100 1139 2021586361 22292501 10012778
0b000201 0b00c701 10008 100 21778 2016145090 27740661 10014506
0b000801 0b00cf01 10007 100 146923 2017124029 26822355 10024998
0b000901 0b00ca01 10009 100 31812 2017805817 26247297 10015347
0b000901 0b00ca01 10000 100 107113 2000064077 44022301 10021663
0b000301 0b00c501 10001 100 331713 2002790231 41354414 10040491
0b000201 0b00c901 10008 100 8948 2022556773 21593713 10013430
0b000e01 0b00cf01 10001 100 163275 2004824025 39330701 10026371
0b000301 0b00ca01 10004 100 70181 2007357171 36815550 10018567
0b000301 0b00c401 10009 100 31226 2029847331 14329444 10015300
0b000201 0b00c401 10002 100 3597 2008438139 35750771 10012983
0b000d01 0b00cb01 10003 100 56886 2007840102 36381613 10017449
0b000201 0b00c701 10000 100 65969 2002115937 42138957 10018210
0b000801 0b00c401 10000 100 352124 2002764038 41528547 10042205
0b000e01 0b00c201 10002 100 222683 2004923965 39380977 10031350
0b000a01 0b00cf01 10007 100 76888 2016180519 28124696 10019126
0b000b01 0b00ca01 10006 100 3961 2008910866 35417390 10013012
0b000501 0b00c901 10009 100 20921 2019799644 24535567 10014434
0b000e01 0b00cf01 10000 100 1830242 2000042781 44309082 10166130
0b000401 0b00c301 10004 100 11990 2006783610 37595084 10013685
0b000301 0b00ca01 10007 100 2189 2014047042 30366641 10012866
0b000c01 0b00cb01 10009 100 37329 2023860827 20560156 10015812
0b000701 0b00c201 10005 100 7602 2016821628 27663982 10013318
0b000a01 0b00c301 10001 100 4272 2008376888 36110740 10013040
0b000501 0b00c501 10000 100 51976 2000288433 44286235 10017037
0b000701 0b00c901 10001 100 147278 2000270458 44314082 10025030
0b000c01 0b00cf01 10000 100 136864 2005642936 39024326 10024155
0b000b01 0b00ca01 10002 100 1180643 2001547593 43136536 10111666
0b000401 0b00c401 10003 100 43478 2018544466 26169587 10016327
0b000101 0b00cd01 10002 100 5325 2008935549 35857538 10013129
0b000801 0b00c801 10006 100 288881 2005737762 39073922 10036900
0b000c01 0b00c201 10003 100 24458 2011295828 33519787 10014732
0b000d01 0b00c301 10006 100 25385 2024218831 20597440 10014810
0b000401 0b00c301 10000 100 8898 2000368862 44448122 10013426
0b000901 0b00c501 10005 100 68328 2010554495 34279234 10018411
0b000a01 0b00c201 10006 100 22143 2010319367 34520546 10014539
0b000001 0b00ce01 10003 100 25038 2007107130 37761012 10014782
0b000301 0b00c301 10011 100 92218 2020951485 23927160 10020414
0b000701 0b00c501 10002 100 78776 2015149720 29729878 10019285
0b000501 0b00cd01 10005 100 11987 2010569658 34319595 10013685
0b000b01 0b00c901 10007 100 189610 2016076229 28825160 10028578
0b000a01 0b00c801 10008 100 108649 2015756323 29146222 10021790
0b000001 0b00c601 10004 100 9255 2014491447 30456253 10013458
0b000101 0b00c401 10004 100 66122 2012994461 32010205 10018227
0b000d01 0b00ce01 10012 100 57033 2028413748 16624249 10017465
0b000501 0b00c701 10004 100 28424 2005942866 39097901 10015065
0b000201 0b00cf01 10005 100 27031 2013825837 31224139 10014950
0b000a01 0b00c201 10010 100 38568 2022512685 22550039 10015915
0b000e01 0b00c801 10013 100 77617 2025712313 19352950 10019188
0b000801 0b00cd01 10014 100 11001 2030099528 14978788 10013606
0b000d01 0b00c201 10001 100 3168 2007390526 37719072 10012948
0b000d01 0b00cc01 10005 100 25091 2031672761 13457402 10014787
0b000d01 0b00c201 10006 100 36613 2020415266 24733582 10015751
0b000101 0b00c301 10013 100 27132 2022804369 22416422 10014958
0b000901 0b00cb01 10009 100 9971 2032009498 13242913 10013516
0b000a01 0b00c801 10010 100 50621 2018445416 26808126 10016925
0b000b01 0b00c601 10001 100 131379 2007658496 37624505 10023697
0b000001 0b00c201 10004 100 46300 2016292124 29010194 10016564
0b000c01 0b00c901 10008 100 13564 2020982661 24321694 10013818
0b000f01 0b00c201 10005 100 211 2017857746 27459416 10012700
0b000901 0b00c701 10015 100 26021 2029663316 15675335 10014865
0b000201 0b00cc01 10008 100 60765 2013396547 31948329 10017775
0b000b01 0b00c701 10007 100 211714 2019192664 26160940 10030431
0b000a01 0b00cd01 10000 100 4456 2002279977 43094272 10013055
0b000401 0b00c901 10002 100 39349 2007951595 37432806 10015981
0b000101 0b00ca01 10003 100 25545 2009265886 36142229 10014823
0b000801 0b00cc01 10010 100 23539 2023153076 22289543 10014655
0b000101 0b00c801 10006 100 20603 2011119830 34407175 10014408
0b000501 0b00c001 10008 100 73846 2005438605 40098763 10018871
0b000e01 0b00c301 10010 100 21982 2020258595 25278827 10014523
0b000c01 0b00c401 10006 100 37330 2011258282 34294044 10015812
0b000b01 0b00c101 10002 100 674467 2007079758 38481551 10069229
0b000501 0b00cc01 10008 100 42400 2019718326 25847360 10016237
0b000b01 0b00c601 10005 100 24511 2011226219 34346135 10014736
0b000701 0b00cd01 10001 100 68473 2003590947 42027296 10018422
0b000101 0b00c701 10000 100 2796256 2002940419 42723402 10247120
0b000001 0b00cc01 10008 100 2124 2020227758 25455128 10012861
0b000601 0b00cf01 10011 100 5492 2029950337 15737728 10013142
0b000701 0b00c301 10007 100 68629 2023899350 21815699 10018435
0b000e01 0b00cc01 10011 100 4151 2025685311 20044353 10013031
0b000f01 0b00c101 10008 100 12606 2021207348 24540670 10013738
0b000e01 0b00cb01 10009 100 76658 2021064771 24725526 10019108
0b000501 0b00cc01 10001 100 86050 2006498602 39312038 10019898
0b000d01 0b00ce01 10011 100 70587 2023408599 22435769 10018599
0b000601 0b00c401 10001 100 92436 2002906895 42949038 10020432
0b000601 0b00c101 10005 100 27115 2018505724 27387112 10014956
0b000201 0b00c201 10008 100 17467 2023238559 22655543 10014146
0b000201 0b00cc01 10005 100 22609 2007827767 38097856 10014577
0b000801 0b00c101 10003 100 15881 2005840759 40089519 10014011
0b000a01 0b00c701 10006 100 89118 2017963772 27971679 10020155
0b000201 0b00c901 10001 100 663249 2007899692 38062800 10068289
0b000901 0b00c701 10007 100 26420 2011864318 34101627 10014897
0b000501 0b00ce01 10007 100 61156 2020584251 25416124 10017810
0b000501 0b00c101 10009 100 11246 2018052792 27953444 10013625
0b000801 0b00c501 10004 100 93768 2008673474 37374202 10020542
0b000901 0b00ca01 10001 100 6773 2007016319 39059310 10013248
0b000f01 0b00cd01 10002 100 100197 2006955152 39152518 10021083
0b000401 0b00cb01 10010 100 5076 2030267010 15857579 10013109
0b000e01 0b00ca01 10006 100 153710 2008321962 37815815 10025568
0b000501 0b00c201 10005 100 1782 2013572525 32577074 10012830
0b000001 0b00cf01 10007 100 1272 2024431099 21741604 10012789
0b000601 0b00c101 10001 100 64087 2006902771 39272940 10018056
0b000f01 0b00c901 10003 100 1019144 2003996472 42181136 10098128
0b000a01 0b00cb01 10008 100 74911 2021516781 24664499 10018960
0b000501 0b00c401 10002 100 85430 2016875215 29403800 10019844
0b000201 0b00ce01 10011 100 531 2023968748 22347485 10012726
0b000c01 0b00cd01 10014 100 739 2023207412 23121957 10012742
0b000301 0b00cd01 10005 100 14099 2019973304 26404378 10013865
0b000c01 0b00ca01 10001 100 105628 2008181534 38235571 10021537
0b000e01 0b00cf01 10007 100 20044 2022623213 23814147 10014364
0b000f01 0b00c901 10001 100 2786 2003444820 42993309 10012914
0b000c01 0b00c001 10001 100 48063 2006307302 40138460 10016713
0b000801 0b00c601 10007 100 199524 2026519792 19952359 10029409
0b000a01 0b00c201 10001 100 9413 2000839526 45651608 10013471
0b000e01 0b00cd01 10002 100 7866 2008564521 37948300 10013340
0b000601 0b00c601 10013 100 31273 2021748849 24769576 10015304
0b000d01 0b00c101 10001 100 550356 2009479880 37096009 10058824
0b000c01 0b00c801 10004 100 192573 2009664594 36967487 10028826
0b000901 0b00c501 10009 100 61580 2019056255 27593145 10017844
0b000c01 0b00c901 10002 100 53155 2003578218 43080636 10017139
0b000d01 0b00c301 10007 100 61264 2024715571 21945241 10017819
0b000701 0b00c501 10004 100 6122 2022415266 24253112 10013196
0b000401 0b00cc01 10004 100 27145 2015834566 30845581 10014959
0b000001 0b00c801 10004 100 3945 2010685891 36028308 10013010
0b000501 0b00ce01 10003 100 34182 2009008006 37753072 10015548
0b000801 0b00ca01 10000 100 30617 2003278878 43485042 10015248
0b000b01 0b00cb01 10000 100 184847 2000858871 45915030 10028178
0b000801 0b00c701 10010 100 79027 2016185359 30590591 10019309
0b000001 0b00ce01 10004 100 67849 2009960995 36820609 10018369
0b000201 0b00c601 10012 100 59324 2018975692 27813781 10017656
0b000601 0b00cf01 10008 100 22690 2022796698 23995338 10014583
0b000f01 0b00c801 10011 100 55917 2018098685 28712206 10017368
0b000401 0b00c301 10013 100 4579 2023128515 23690345 10013065
0b000901 0b00ca01 10003 100 33241 2010701055 36176392 10015469
0b000601 0b00cf01 10009 100 25604 2025742511 21166598 10014828
0b000001 0b00cc01 10005 100 52175 2010396819 36556942 10017057
0b000601 0b00ca01 10003 100 68649 2007341572 39632195 10018436
0b000f01 0b00cb01 10003 100 1091433 2003842892 43141620 10104187
0b000801 0b00cd01 10012 100 27325 2020779355 26221030 10014973
0b000301 0b00c501 10005 100 304778 2009788727 37254982 10038233
0b000001 0b00c801 10008 100 9710 2018308817 28782547 10013495
0b000901 0b00c201 10002 100 17314 2008823382 38299472 10014134
0b000301 0b00c401 10002 100 2882 2011175220 35975647 10012922
0b000701 0b00c001 10001 100 913876 2004576872 42608641 10089299
0b000801 0b00c601 10000 100 4388 2002614837 44610765 10013050
0b000b01 0b00c001 10003 100 68896 2002219793 45023448 10018456
0b000301 0b00ca01 10005 100 27700 2010818317 36432388 10015003
0b000f01 0b00ca01 10010 100 40588 2023360843 23951769 10016084
0b000a01 0b00c701 10009 100 14637 2025798634 21541339 10013908
0b000001 0b00cb01 10003 100 141400 2007249649 40093374 10024537
0b000201 0b00cc01 10011 100 50266 2023377913 23993792 10016897
0b000901 0b00c401 10003 100 633720 2005986673 41394039 10065812
0b000601 0b00c001 10007 100 51149 2021986145 25418223 10016971
0b000f01 0b00c801 10002 100 8698 2004430285 43003163 10013410
0b000201 0b00c601 10014 100 13759 2025735735 21697975 10013834
0b000501 0b00cd01 10006 100 58506 2010608028 36829029 10017587
0b000f01 0b00cb01 10006 100 24300 2009755614 37694371 10014720
0b000701 0b00cb01 10001 100 42072 2001631629 45824047 10016210
0b000101 0b00c001 10000 100 13456 2001691221 45777977 10013810
0b000701 0b00cf01 10003 100 6190 2009917803 37603521 10013202
0b000401 0b00cd01 10011 100 17483 2019329246 28241216 10014147
0b000c01 0b00c801 10005 100 11530 2010067231 37534887 10013648
0b000b01 0b00c601 10009 100 21192 2025938414 21672399 10014459
0b000101 0b00c101 10003 100 72225 2011039499 36598557 10018738
0b000a01 0b00ce01 10005 100 52027 2012451094 35208823 10017045
0b000d01 0b00cc01 10002 100 20901 2019116166 28544311 10014432
0b000f01 0b00c101 10009 100 120866 2023919682 23748883 10022813
0b000b01 0b00c801 10008 100 26589 2025921879 21747415 10014910
0b000501 0b00c801 10003 100 9093 2012167180 35510038 10013445
0b000a01 0b00c301 10011 100 9055 2026447298 21316230 10013442
0b000b01 0b00cf01 10004 100 46975 2018982687 28785968 10016618
0b000501 0b00c301 10000 100 9308 2000758091 47068826 10013463
0b000701 0b00cb01 10000 100 11914 2000744581 47087028 10013679
0b000001 0b00cd01 10000 100 32168 2001717231 46120488 10015380
0b000001 0b00c501 10001 100 46329 2003999627 43843598 10016566
0b000301 0b00c301 10006 100 2712 2011941193 35906476 10012908
0b000801 0b00c801 10011 100 37706 2025718175 22147372 10015842
0b000e01 0b00c001 10009 100 52330 2021606741 26294588 10017069
0b000001 0b00c601 10009 100 9633 2021472692 26444173 10013489
0b000101 0b00c901 10007 100 45658 2024618800 23312282 10016509
0b000501 0b00c201 10002 100 194435 2005338681 42613815 10028983
0b000201 0b00c501 10003 100 20645 2011851882 36123727 10014412
0b000a01 0b00cc01 10007 100 45312 2013159871 34826844 10016481
0b000c01 0b00cb01 10004 100 19853 2014954433 33076418 10014345
0b000901 0b00cb01 10000 100 1668 2009940423 38095184 10012821
0b000e01 0b00c301 10009 100 3103 2019693560 28382487 10012943
0b000401 0b00c001 10003 100 256641 2015595892 32489217 10034198
0b000f01 0b00cb01 10007 100 6748 2010231237 37857030 10013246
0b000801 0b00c401 10006 100 15883 2021480928 26632442 10014012
0b000601 0b00cd01 10007 100 70290 2020947516 27199151 10018575
0b000701 0b00c201 10001 100 632626 2003222524 45006040 10065720
0b000b01 0b00cc01 10006 100 753554 2009119628 39119001 10075859
0b000401 0b00cc01 10003 100 28085 2014133637 34147682 10015038
0b000f01 0b00cd01 10000 100 42864 2005708982 42573822 10016274
0b000301 0b00ca01 10006 100 37745 2013193552 35142111 10015845
0b000f01 0b00cc01 10001 100 1925055 2002986087 45350029 10174080
0b000001 0b00cf01 10014 100 2965 2035004913 13333628 10012928
0b000a01 0b00c001 10000 100 1428959 2001322757 47016683 10132484
0b000a01 0b00cb01 10000 100 1348291 2001561225 46825271 10125723
0b000101 0b00cf01 10011 100 40812 2021428801 26970086 10016102
0b000e01 0b00c401 10008 100 8381 2033028102 15371794 10013385
0b000601 0b00c401 10000 100 6129 2002734744 45688592 10013197
0b000401 0b00c801 10008 100 21009 2024269186 24164893 10014445
0b000801 0b00ca01 10011 100 11651 2026926403 21514504 10013658
0b000a01 0b00ce01 10000 100 251352 2002868873 45578507 10033755
0b000301 0b00cb01 10013 100 47249 2017531002 30917724 10016644
0b000001 0b00cc01 10011 100 50959 2024347242 24109432 10016952
0b000701 0b00ce01 10006 100 66833 2020523120 27936102 10018283
0b000b01 0b00c901 10001 100 44787 2004362743 44110353 10016435
0b000501 0b00cd01 10012 100 7159 2027019687 21460882 10013283
0b000101 0b00c301 10011 100 28540 2021965735 26537570 10015074
0b000c01 0b00c901 10004 100 124039 2010057670 38476915 10023083
0b000501 0b00c101 10003 100 27525 2009757296 38778972 10014989
0b000901 0b00ce01 10008 100 51358 2033680992 14903439 10016988
0b000001 0b00c601 10001 100 28839 2011814102 36777516 10015098
0b000301 0b00c701 10007 100 25914 2026201753 22416964 10014852
0b000901 0b00ca01 10013 100 8204 2023197292 25430219 10013370
0b000c01 0b00ce01 10006 100 193470 2016423629 32219653 10028902
0b000901 0b00c601 10005 100 534024 2013973083 34673811 10057456
0b000401 0b00c801 10004 100 173646 2015489044 33170606 10027239
0b000e01 0b00c401 10003 100 1429 2016407341 32264690 10012802
0b000a01 0b00ca01 10010 100 20010 2033193053 15500354 10014361
0b000a01 0b00cb01 10002 100 166335 2003699813 45092601 10026628
0b000501 0b00ca01 10009 100 19529 2024678322 24118650 10014319
0b000601 0b00cc01 10008 100 10131 2020777863 28024491 10013532
0b000d01 0b00c001 10007 100 14126 2014092133 34773785 10013867
0b000801 0b00ca01 10010 100 32982 2026638799 22253379 10015445
0b000901 0b00c301 10007 100 237469 2014445032 34471265 10032591
0b000201 0b00c201 10011 100 30412 2033363470 15617698 10015232
0b000c01 0b00cf01 10007 100 6924 2012692393 36293244 10013260
0b000001 0b00c301 10001 100 16113 2003766832 45228546 10014034
0b000201 0b00c801 10007 100 1764 2027395444 21610239 10012828
0b000701 0b00c901 10011 100 35168 2035365131 13644053 10015631
0b000001 0b00c001 10010 100 70945 2009913415 39096177 10018628
0b000201 0b00c801 10002 100 6904 2012978706 36055972 10013259
0b000f01 0b00cf01 10008 100 9962 2036160360 12885251 10013515
0b000201 0b00c001 10002 100 3396 2010746930 38315001 10012967
0b000901 0b00c201 10004 100 7703 2015149303 33920523 10013326
0b000c01 0b00c501 10010 100 55963 2022446497 26665945 10017372
0b000501 0b00c801 10002 100 13338 2009865335 39250518 10013800
0b000901 0b00cd01 10000 100 71608 2004572634 44581206 10018685
0b000501 0b00c501 10005 100 44533 2023678181 25478428 10016415
0b000201 0b00ca01 10009 100 72824 2025360602 23908937 10018786
0b000901 0b00ce01 10005 100 54788 2026204440 23068375 10017274
0b000901 0b00c501 10013 100 968 2026817861 22461838 10012761
0b000501 0b00c301 10008 100 23746 2023458130 25850484 10014671
0b000b01 0b00c401 10011 100 118532 2023299876 26087434 10022619
0b000a01 0b00c601 10006 100 16442 2014991209 34398103 10014060
0b000f01 0b00ce01 10006 100 25110 2020717884 28680024 10014788
0b000201 0b00cb01 10009 100 14151 2027569865 21828233 10013869
0b000101 0b00c601 10010 100 5599 2027904527 21526980 10013150
0b000c01 0b00ce01 10009 100 16053 2025228396 24243472 10014029
0b000701 0b00ce01 10001 100 11092 2003289901 46189107 10013613
0b000801 0b00c901 10001 100 148630 2008943128 40549796 10025142
0b000b01 0b00cb01 10004 100 41077 2018574254 30939365 10016127
0b000a01 0b00c901 10008 100 76225 2019211278 30326772 10019073
0b000301 0b00c101 10005 100 102754 2004138509 45401347 10021295
0b000201 0b00c501 10004 100 20354 2013144543 36411868 10014388
0b000001 0b00c101 10000 100 47143 2012552104 37031823 10016635
0b000201 0b00cd01 10014 100 153849 2019148518 30452793 10025579
0b000601 0b00c401 10008 100 7160 2011890669 37722676 10013283
0b000601 0b00c201 10008 100 696 2029189852 20445877 10012739
0b000801 0b00c301 10010 100 28885 2020643878 29007669 10015102
0b000701 0b00cb01 10008 100 49333 2010866378 38794330 10016818
0b000f01 0b00c001 10002 100 442956 2007076875 42606574 10049817
0b000701 0b00c201 10009 100 58045 2027969328 21715964 10017550
0b000501 0b00c501 10004 100 3490 2018182209 31512042 10012974
0b000e01 0b00cf01 10008 100 11970 2026031612 23668061 10013683
0b000e01 0b00c301 10012 100 69647 2024228817 25479010 10018520
0b000501 0b00ca01 10006 100 72216 2019043987 30668147 10018737
0b000801 0b00c301 10011 100 51716 2021828586 27894414 10017016
0b000501 0b00c001 10014 100 2242 2011398078 38330717 10012870
0b000a01 0b00cf01 10001 100 34836 2005317923 44422849 10015601
0b000c01 0b00c501 10013 100 168463 2027952133 21842304 10026806
0b000901 0b00c901 10014 100 7703 2023346874 26449831 10013326
0b000b01 0b00c201 10005 100 57523 2023089419 26779488 10017504
0b000f01 0b00ca01 10002 100 770003 2011214213 38655662 10077240
0b000801 0b00c201 10004 100 4786 2014049775 35870394 10013082
0b000501 0b00c101 10000 100 9646 2007967231 41963060 10013490
0b000701 0b00c601 10004 100 186059 2015553452 34452133 10028282
0b000a01 0b00c901 10002 100 7558 2011789144 38282817 10013315
0b000e01 0b00c101 10007 100 67963 2022122959 28005151 10018378
0b000801 0b00c401 10008 100 5354 2027410499 22757607 10013131
0b000f01 0b00c201 10012 100 24889 2026241694 23927335 10014767
0b000e01 0b00ce01 10006 100 56832 2013489123 36710227 10017445
0b000e01 0b00c101 10010 100 27636 2025302402 24901639 10014998
0b000801 0b00cf01 10008 100 39995 2018867193 31374786 10016033
0b000701 0b00cf01 10000 100 772630 2000769188 49505429 10077458
0b000301 0b00c401 10006 100 20867 2023447809 26837201 10014430
0b000601 0b00cc01 10011 100 33411 2025027807 25291848 10015483
0b000f01 0b00cd01 10007 100 8927 2025615085 24705554 10013428
0b000b01 0b00ce01 10006 100 25907 2026617163 23710893 10014852
0b000201 0b00cb01 10007 100 181827 2021797982 28561966 10027925
0b000c01 0b00c201 10008 100 50387 2024683517 25679776 10016906
0b000301 0b00c301 10013 100 65811 2026766988 23609814 10018198
0b000a01 0b00c301 10008 100 55709 2022276494 28106023 10017351
0b000201 0b00c201 10005 100 41469 2013656944 36746439 10016158
0b000801 0b00c601 10004 100 44137 2022682821 27721703 10016383
0b000a01 0b00c201 10014 100 42483 2023797499 26613327 10016243
0b000301 0b00c401 10003 100 40503 2011837351 38597779 10016077
0b000701 0b00cc01 10004 100 27066 2014537214 35902846 10014952
0b000b01 0b00cf01 10002 100 44353 2006864825 43605029 10016401
0b000d01 0b00c901 10011 100 53059 2025436234 25056020 10017132
0b000301 0b00c001 10003 100 24090 2012245323 38249015 10014703
0b000e01 0b00ca01 10016 100 56514 2018333657 32167806 10017420
0b000701 0b00cd01 10002 100 50821 2007650020 42859438 10016941
0b000e01 0b00c701 10004 100 14585 2005056741 45460955 10013904
0b000501 0b00c601 10000 100 1106307 2002893173 47666812 10105435
0b000e01 0b00c201 10005 100 62368 2006460950 44105107 10017911
0b000601 0b00cf01 10004 100 7023 2008571073 42081398 10013272
0b000001 0b00cb01 10008 100 466 2022310878 28344985 10012721
0b000601 0b00c101 10011 100 26064 2026360920 24302743 10014868
0b000f01 0b00c301 10008 100 20191 2014482114 36204047 10014375
0b000d01 0b00ce01 10010 100 290846 2020159699 30535145 10037065
0b000201 0b00c701 10002 100 14742 2006371913 44327290 10013916
0b000401 0b00c201 10010 100 27328 2024716500 25991711 10014973
0b000c01 0b00c701 10000 100 93633 2010782324 39928380 10020531
0b000e01 0b00c301 10011 100 13275 2021984305 28759457 10013795
0b000701 0b00cc01 10008 100 52006 2021990460 28755796 10017044
0b000701 0b00c301 10001 100 68748 2003762118 46992929 10018444
0b000b01 0b00cd01 10003 100 4955 2017022637 33793076 10013095
0b000501 0b00c001 10021 100 156 2034861382 15971717 10012696
0b000d01 0b00c701 10005 100 63150 2015727168 35141080 10017977
0b000e01 0b00c701 10010 100 5850 2027304850 23569738 10013171
0b000701 0b00ca01 10003 100 43531 2008516220 42361055 10016331
0b000901 0b00c501 10007 100 65092 2017517407 33382108 10018140
0b000901 0b00cc01 10007 100 3527 2024489898 26415344 10012977
0b000501 0b00c001 10001 100 1357401 2001974376 48945215 10126486
0b000601 0b00cf01 10002 100 22279 2005310709 45631035 10014550
0b000601 0b00c801 10005 100 26591 2017514319 33448219 10014910
0b000901 0b00c501 10011 100 77802 2019699188 31268201 10019203
0b000c01 0b00cb01 10007 100 16142 2022208174 28770143 10014036
0b000401 0b00c401 10004 100 15277 2026191300 24790563 10013963
0b000f01 0b00cd01 10003 100 33900 2008503865 42545933 10015522
0b000201 0b00c001 10005 100 7665 2024715926 26338722 10013323
0b000401 0b00ce01 10009 100 17653 2025691428 25376571 10014161
0b000701 0b00c001 10007 100 68685 2013542009 37531389 10018439
0b000201 0b00c601 10009 100 73808 2014005679 37082498 10018868
0b000001 0b00c201 10008 100 57100 2026588630 24527483 10017470
0b000e01 0b00c501 10006 100 2844 2009122709 42019066 10012919
0b000801 0b00cd01 10002 100 9575 2003615878 47529702 10013484
0b000d01 0b00cf01 10008 100 8911 2023699131 27461258 10013427
0b000401 0b00c301 10007 100 72689 2012286730 38878896 10018775
0b000901 0b00cc01 10003 100 176517 2016639178 34581792 10027481
0b000a01 0b00c001 10001 100 12466 2002889865 48375811 10013727
0b000f01 0b00cb01 10016 100 31488 2037576823 13691453 10015321
0b000301 0b00cf01 10014 100 28213 2035879227 15390239 10015048
0b000401 0b00c901 10007 100 56917 2015790754 35484318 10017452
0b000801 0b00ca01 10014 100 22237 2029656473 21619640 10014547
0b000801 0b00cd01 10007 100 21255 2006946448 44365005 10014464
0b000201 0b00c501 10008 100 45166 2023495848 27830688 10016469
0b000401 0b00c801 10007 100 23186 2022229744 29113531 10014627
0b000001 0b00ce01 10005 100 551372 2010137337 41216151 10058909
0b000401 0b00c601 10004 100 61434 2015933358 35445349 10017832
0b000c01 0b00cd01 10008 100 20543 2013482343 37904858 10014404
0b000c01 0b00c201 10005 100 27174 2016637806 34845364 10014961
0b000401 0b00c501 10009 100 37504 2030972186 20521946 10015826
0b000f01 0b00c501 10004 100 32883 2026168521 25329226 10015437
0b000d01 0b00cb01 10002 100 5430 2005209933 46298630 10013137
0b000c01 0b00cb01 10012 100 533 2027617953 23895088 10012726
0b000101 0b00c001 10009 100 61463 2027392850 24123176 10017835
0b000f01 0b00c101 10006 100 5202 2017291814 34272214 10013119
0b000701 0b00ce01 10002 100 131807 2008386589 43194495 10023731
0b000001 0b00ce01 10008 100 5126 2017333788 34250355 10013113
0b000e01 0b00c801 10010 100 59661 2018465205 33133055 10017683
0b000801 0b00c101 10007 100 24771 2015294642 36306258 10014757
0b000801 0b00c501 10008 100 48793 2025007596 26618942 10016771
0b000801 0b00c701 10008 100 66104 2014012267 37618917 10018225
0b000f01 0b00cf01 10000 100 39614 2005991821 45648949 10016002
0b000201 0b00c601 10010 100 38912 2015290070 36381094 10015942
0b000301 0b00c801 10010 100 34809 2021391463 30333138 10015599
0b000501 0b00ca01 10004 100 1426 2017236977 34532040 10012801
0b000d01 0b00c801 10014 100 53743 2029682504 22089286 10017186
0b000401 0b00ca01 10006 100 75440 2018495971 33287310 10019007
0b000901 0b00c501 10015 100 9657 2028809800 22991413 10013490
0b000201 0b00ce01 10003 100 2980 2008259073 43555631 10012929
0b000f01 0b00c801 10010 100 24983 2017256562 34585729 10014774
0b000a01 0b00cf01 10005 100 669031 2010701325 41160945 10068775
0b000401 0b00c301 10014 100 26395 2023664752 28209792 10014895
0b000101 0b00c801 10007 100 42455 2014724939 37167824 10016241
0b000301 0b00c101 10014 100 17299 2022662246 29233169 10014133
0b000f01 0b00cc01 10013 100 5718 2027831030 24074413 10013160
0b000c01 0b00cf01 10012 100 39410 2023294921 28612918 10015986
0b000001 0b00c301 10004 100 12654 2017655303 34269315 10013742
0b000301 0b00ce01 10008 100 65508 2024013121 27917884 10018174
0b000501 0b00c301 10004 100 6766 2014002194 37943760 10013248
0b000901 0b00c601 10004 100 117034 2012461395 39487520 10022495
0b000001 0b00c201 10005 100 181483 2019525330 32427978 10027897
0b000f01 0b00c201 10011 100 29912 2023891906 28078783 10015188
0b000d01 0b00cd01 10010 100 199931 2022593639 29395285 10029442
0b000a01 0b00c201 10009 100 320110 2019672126 32362701 10039521
0b000201 0b00cd01 10013 100 1493 2018349868 33687451 10012807
0b000401 0b00c501 10004 100 4642 2006536466 45501903 10013070
0b000301 0b00c801 10007 100 56969 2014368333 37682574 10017456
0b000301 0b00c401 10008 100 74757 2028266509 23854463 10018948
0b000a01 0b00c401 10004 100 51645 2015245462 36951724 10017011
0b000201 0b00cf01 10014 100 25450 2037813648 14384644 10014815
0b000901 0b00c101 10005 100 13978 2028147408 24066167 10013852
0b000201 0b00c701 10009 100 19501 2029096926 23118220 10014316
0b000701 0b00c901 10007 100 71008 2014656728 37579490 10018637
0b000d01 0b00ce01 10001 100 65618 2005910211 46361351 10018182
0b000801 0b00c001 10010 100 22123 2029689121 22597765 10014538
0b000501 0b00c601 10006 100 75106 2025334780 26955915 10018980
0b000b01 0b00c201 10001 100 55058 2013575276 38731501 10017299
0b000e01 0b00cd01 10015 100 3432 2039335105 12983498 10012969
0b000a01 0b00c201 10016 100 1002 2037626688 14718382 10012767
0b000a01 0b00ca01 10002 100 72886 2013095979 39309959 10018791
0b000d01 0b00c601 10002 100 150446 2002935606 49509475 10025295
0b000701 0b00cb01 10002 100 1664244 2001675513 50812038 10152213
0b000101 0b00ca01 10012 100 998 2023877737 28612316 10012763
0b000001 0b00cd01 10006 100 214998 2011538681 40959153 10030705
0b000301 0b00c801 10008 100 18458 2018662058 33898524 10014229
0b000f01 0b00c001 10010 100 1273 2025307617 27257027 10012789
0b000b01 0b00cb01 10008 100 110902 2024546651 28024018 10021978
0b000901 0b00cd01 10009 100 25998 2026659358 25914420 10014859
0b000501 0b00c201 10006 100 20714 2024315540 28259915 10014417
0b000c01 0b00c601 10009 100 17753 2028032604 24578306 10014169
0b000901 0b00cb01 10007 100 78272 2025985144 26655672 10019245
0b000101 0b00c501 10007 100 186284 2013049360 39596100 10028300
0b000801 0b00c601 10008 100 90118 2028591860 24079335 10020238
0b000601 0b00ca01 10007 100 62 2021120257 31580669 10012688
0b000e01 0b00c001 10007 100 75421 2015167053 37559483 10019005
0b000b01 0b00ca01 10012 100 48784 2022884458 29844322 10016770
0b000401 0b00c901 10009 100 4796 2020637847 32099807 10013082
0b000b01 0b00cc01 10008 100 1345 2019293058 33465919 10012795
0b000201 0b00cb01 10003 100 76437 2005528706 47234456 10019090
0b000a01 0b00c101 10001 100 73930 2003985173 48808250 10018878
0b000401 0b00c601 10005 100 62046 2018515648 34301396 10017885
0b000a01 0b00c701 10010 100 1281 2027918034 24912592 10012790
0b000b01 0b00c001 10011 100 60321 2028292433 24552045 10017739
0b000101 0b00c101 10008 100 44129 2015676226 37190185 10016383
0b000a01 0b00ce01 10007 100 5984 2018673614 34233505 10013181
0b000901 0b00c801 10003 100 30537 2011848694 41062177 10015242
0b000501 0b00ce01 10009 100 36113 2028257637 24671453 10015711
0b000a01 0b00c501 10004 100 75768 2015374495 37557402 10019033
0b000101 0b00c601 10000 100 413249 2003631253 49315261 10047329
0b000e01 0b00c101 10004 100 403789 2010052076 42898771 10046534
0b000201 0b00c101 10011 100 41156 2026053086 26909944 10016133
0b000101 0b00ce01 10008 100 39425 2022499746 30463578 10015987
0b000501 0b00c601 10005 100 151757 2016821234 36166679 10025404
0b000a01 0b00c201 10008 100 23230 2016418627 36588565 10014630
0b000501 0b00c601 10002 100 47020 2008703066 44311804 10016625
0b000501 0b00c201 10003 100 21648 2005947969 47069217 10014496
0b000901 0b00c201 10011 100 77457 2027377903 25646990 10019176
0b000f01 0b00ce01 10013 100 43400 2031151020 21881944 10016320
0b000501 0b00cb01 10012 100 54427 2027728329 25370891 10017245
0b000601 0b00ce01 10007 100 26710 2023899573 29219249 10014920
0b000d01 0b00c701 10004 100 25172 2013091826 40036108 10014793
0b000501 0b00c001 10017 100 6103 2025502921 27631117 10013195
0b000201 0b00ce01 10004 100 168122 2008311659 44829584 10026778
0b000201 0b00c601 10007 100 54757 2011391020 41753198 10017271
0b000b01 0b00c401 10013 100 72519 2028688081 24458750 10018761
0b000901 0b00c001 10009 100 7833 2026299369 26865798 10013337
0b000201 0b00c401 10004 100 2165 2019105240 34097412 10012864
0b000e01 0b00c301 10007 100 56313 2016239655 37010085 10017403
0b000801 0b00c801 10008 100 180693 2012804484 40450679 10027830
0b000901 0b00c201 10006 100 34381 2016526825 36749312 10015564
0b000901 0b00c401 10011 100 3313 2023487289 29838780 10012960
0b000701 0b00c701 10006 100 82891 2020524785 32802923 10019630
0b000001 0b00ce01 10007 100 45859 2016422459 36906441 10016525
0b000801 0b00cb01 10001 100 44489 2005611185 47721609 10016411
0b000501 0b00ce01 10008 100 1217 2025908657 27443697 10012785
0b000c01 0b00c401 10005 100 790129 2008590080 44786165 10078927
0b000101 0b00c901 10009 100 35235 2025752036 27627746 10015637
0b000301 0b00c501 10002 100 64453 2003352527 50050248 10018085
0b000e01 0b00c001 10008 100 125 2019332278 34089663 10012693
0b000101 0b00c801 10004 100 65475 2008967060 44481465 10018171
0b000501 0b00c001 10006 100 5585 2003748477 49701585 10013149
0b000a01 0b00c401 10005 100 39098 2016590717 36897888 10015961
0b000201 0b00cc01 10003 100 418725 2004271704 49329422 10047786
0b000f01 0b00ca01 10012 100 55886 2028874619 24763018 10017365
0b000701 0b00c001 10010 100 5219 2025722709 27915122 10013120
0b000001 0b00cb01 10009 100 60430 2029577556 24065599 10017748
0b000e01 0b00ce01 10007 100 44101 2014427715 39233152 10016380
0b000b01 0b00c401 10006 100 438392 2011701984 41962125 10049437
0b000001 0b00c901 10007 100 91748 2015440566 38268188 10020373
0b000f01 0b00c301 10007 100 74570 2013111336 40608521 10018933
0b000b01 0b00cf01 10009 100 25299 2028031436 25688816 10014803
0b000701 0b00c401 10001 100 64852 2006949651 46795504 10018117
0b000001 0b00c501 10013 100 6171 2031268426 22486898 10013200
0b000301 0b00c201 10004 100 25137 2005100614 48657552 10014790
0b000301 0b00c801 10011 100 70274 2022144123 31648945 10018574
0b000201 0b00cd01 10017 100 72513 2028386661 25421200 10018761
0b000001 0b00cf01 10011 100 22714 2030654204 23199725 10014585
0b000701 0b00ca01 10002 100 26112 2007711947 46142572 10014872
0b000b01 0b00cc01 10004 100 25818 2005592915 48269538 10014845
0b000e01 0b00cb01 10010 100 8181 2022244922 31633557 10013369
0b000f01 0b00c901 10011 100 1418 2026772633 27139973 10012801
0b000201 0b00c301 10004 100 38463 2019332035 34588774 10015906
0b000801 0b00c401 10002 100 126611 2012934806 40988093 10023296
0b000f01 0b00cb01 10010 100 1598 2016463987 37487708 10012815
0b000201 0b00c801 10005 100 7714 2021437308 32517580 10013327
0b000701 0b00c601 10011 100 3628 2029769029 24189190 10012985
0b000b01 0b00ca01 10013 100 45331 2027679109 26313797 10016483
0b000901 0b00cc01 10005 100 8635 2017843948 36157249 10013405
0b000501 0b00c101 10006 100 16954 2011952160 42050274 10014101
0b000001 0b00cf01 10006 100 7157 2017869174 36136990 10013283
0b000501 0b00cc01 10009 100 39352 2021403411 32609833 10015981
0b000801 0b00c601 10005 100 25332 2022937832 31101235 10014806
0b000f01 0b00c201 10024 100 22196 2040619297 13434508 10014544
0b000c01 0b00c901 10003 100 4881 2007981378 46082252 10013089
0b000401 0b00ce01 10005 100 9625 2016225588 37874221 10013488
0b000001 0b00cc01 10016 100 29789 2038405308 15717704 10015178
0b000201 0b00c501 10006 100 13489 2018306185 35842449 10013812
0b000e01 0b00c001 10004 100 221113 2010661263 43492582 10031221
0b000801 0b00cd01 10013 100 33200 2020939977 33214766 10015466
0b000f01 0b00c601 10008 100 28897 2031466533 22766108 10015103
0b000501 0b00ca01 10014 100 4152 2040498060 13809411 10013031
0b000401 0b00c601 10010 100 5178 2026498897 27839140 10013117
0b000f01 0b00c201 10001 100 52335 2007951359 46408224 10017070
0b000301 0b00cc01 10007 100 8833 2031560001 22820695 10013421
0b000e01 0b00c201 10015 100 27760 2028679916 25715959 10015008
0b000101 0b00c901 10005 100 6843 2021306620 33090659 10013254
0b000a01 0b00c301 10003 100 24167 2010459743 43969495 10014709
0b000801 0b00cf01 10011 100 145914 2028212190 26235035 10024913
0b000701 0b00c201 10007 100 33004 2021445604 33004513 10015450
0b000101 0b00cf01 10007 100 167461 2014860339 39653580 10026722
0b000e01 0b00ca01 10023 100 29799 2032272820 22243786 10015179
0b000e01 0b00c801 10008 100 76535 2011670877 42865417 10019098
0b000301 0b00cb01 10017 100 52217 2027466556 27126040 10017060
0b000d01 0b00cd01 10006 100 499240 2009253118 45340793 10054539
0b000201 0b00cc01 10010 100 2474 2021192972 33436929 10012889
0b000b01 0b00c301 10004 100 352698 2022909203 31730138 10042251
0b000701 0b00c401 10008 100 65226 2029984672 24668417 10018151
0b000801 0b00ca01 10004 100 16484 2010830424 43827026 10014064
0b000301 0b00cf01 10004 100 19897 2018116848 36558820 10014348
0b000201 0b00cf01 10003 100 20361 2010761827 43933050 10014389
0b000301 0b00c101 10015 100 42611 2023890477 30809608 10016254
0b000901 0b00c801 10010 100 2787 2032246611 22479674 10012914
0b000601 0b00c101 10002 100 28807 2008819083 45921648 10015095
0b000401 0b00cc01 10005 100 59120 2017874372 36879044 10017640
0b000401 0b00c501 10010 100 46763 2032066244 22727406 10016601
0b000701 0b00cb01 10009 100 20729 2018502495 36311548 10014418
0b000b01 0b00cb01 10006 100 193047 2022884116 31930286 10028868
0b000301 0b00cb01 10012 100 78649 2017071350 37759735 10019275
0b000301 0b00ce01 10010 100 29381 2027801236 27034407 10015145
0b000301 0b00c601 10001 100 53398 2006830305 48007739 10017159
0b000e01 0b00c201 10008 100 73567 2016013406 38833885 10018849
0b000501 0b00ce01 10006 100 29623 2015160111 39694228 10015165
0b000401 0b00c601 10007 100 35761 2020395634 34482579 10015679
0b000f01 0b00cc01 10009 100 242281 2018668292 36216002 10032995
0b000f01 0b00c401 10005 100 75694 2014091055 40797941 10019027
0b000d01 0b00c401 10006 100 45622 2029181857 25725700 10016506
0b000b01 0b00cf01 10008 100 78830 2023861847 31068537 10019289
0b000501 0b00c901 10007 100 14990 2015426892 39505072 10013936
0b000901 0b00c701 10013 100 35446 2019959334 34991160 10015653
0b000901 0b00ca01 10014 100 20293 2025299094 29674402 10014384
0b000301 0b00c001 10006 100 9811 2032545671 22458273 10013503
0b000d01 0b00c901 10008 100 18267 2023502268 31507150 10014214
0b000f01 0b00c501 10005 100 1632 2026777666 28242341 10012818
0b000f01 0b00ca01 10003 100 26452 2011694342 43353059 10014899
0b000901 0b00c601 10008 100 35930 2027187243 27865186 10015692
0b000601 0b00c101 10006 100 40659 2020717616 34339900 10016090
0b000101 0b00c101 10011 100 24635 2031062367 24003701 10014746
0b000b01 0b00cc01 10000 100 7097449 2000404994 54679820 10607732
0b000c01 0b00c201 10006 100 33007 2020032650 35054373 10015451
0b000d01 0b00c601 10008 100 25625 2031235442 23860114 10014829
0b000901 0b00c501 10014 100 20991 2027798456 27303160 10014439
0b000a01 0b00c501 10005 100 27726 2018301616 36817514 10015005
0b000401 0b00c501 10008 100 27902 2029665692 25454777 10015019
0b000801 0b00c401 10010 100 1889 2032778568 22367259 10012838
0b000301 0b00c601 10006 100 38449 2024583537 30584818 10015905
0b000401 0b00c701 10004 100 67703 2007327488 47952904 10018357
0b000f01 0b00ce01 10010 100 218267 2028157659 27157175 10030982
0b000d01 0b00c301 10008 100 33714 2031179611 24142061 10015507
0b000e01 0b00ce01 10008 100 19347 2019242042 36110031 10014304
0b000901 0b00c801 10009 100 48205 2028637590 26724174 10016724
0b000901 0b00cd01 10005 100 25305 2017226667 38144143 10014804
0b000701 0b00c401 10011 100 1949 2031196673 24188748 10012843
0b000801 0b00c101 10012 100 35680 2020036360 35351467 10015672
0b000801 0b00c001 10002 100 58643 2010595592 44794565 10017598
0b000a01 0b00c801 10011 100 38101 2018827503 36563846 10015877
0b000601 0b00c501 10005 100 4900 2015920288 39500415 10013091
0b000201 0b00c801 10004 100 5564 2019246986 36229610 10013148
0b000d01 0b00cf01 10011 100 159554 2029625960 25853159 10026058
0b000501 0b00c101 10010 100 21326 2019467037 36015640 10014470
0b000301 0b00cc01 10004 100 666 2019469158 36014178 10012737
0b000b01 0b00c801 10010 100 20344 2032103827 23380618 10014388
0b000b01 0b00cc01 10009 100 22315 2019702528 35782066 10014553
0b000901 0b00c301 10002 100 64721 2007759017 47729528 10018107
0b000b01 0b00cd01 10004 100 8924 2022043655 33478401 10013428
0b000f01 0b00cf01 10005 100 6201 2028227307 27296901 10013202
0b000901 0b00c001 10003 100 25065 2011526289 44022196 10014785
0b000a01 0b00ca01 10007 100 26789 2027955034 27596116 10014926
0b000801 0b00c601 10002 100 68838 2010627039 44944013 10018452
0b000801 0b00c001 10005 100 6664 2017950288 37629235 10013240
0b000f01 0b00ca01 10009 100 245116 2020840495 34742241 10033233
0b000b01 0b00ca01 10009 100 225917 2014179971 41452174 10031621
0b000901 0b00c001 10010 100 26436 2033766906 21879317 10014898
0b000101 0b00cc01 10011 100 43061 2018474911 37180394 10016293
0b000801 0b00c301 10016 100 9727 2032757731 22913063 10013496
0b000c01 0b00c201 10004 100 13963 2012416568 43255428 10013850
0b000401 0b00c501 10003 100 536233 2004564232 51117866 10057640
0b000c01 0b00c801 10006 100 34504 2011425253 44265536 10015574
0b000f01 0b00c701 10007 100 2716 2028559856 27172452 10012908
0b000101 0b00cf01 10015 100 93349 2028442287 27301869 10020508
0b000701 0b00ca01 10011 100 51049 2030460351 25311748 10016963
0b000c01 0b00c701 10002 100 14684 2013491682 42318016 10013912
0b000a01 0b00cd01 10009 100 27684 2030730013 25114258 10015002
0b000101 0b00c201 10005 100 62128 2011276617 44591456 10017892
0b000801 0b00c801 10012 100 411990 2025723415 30148268 10047221
0b000001 0b00c601 10002 100 4601 2012220236 43685753 10013067
0b000f01 0b00c701 10002 100 183737 2005264787 50641733 10028085
0b000e01 0b00c801 10015 100 23699 2032456700 23472466 10014668
0b000901 0b00cd01 10007 100 2189 2025430248 30542943 10012866
0b000601 0b00c701 10006 100 56808 2015014819 40975282 10017443
0b000301 0b00c201 10009 100 34113 2013702063 42289206 10015543
0b000901 0b00c601 10009 100 60009 2029384192 26618622 10017714
0b000601 0b00c301 10004 100 15279 2006241557 49778239 10013963
0b000a01 0b00c601 10002 100 808723 2006127956 49921085 10080484
0b000f01 0b00c401 10009 100 5421 2031390175 24688023 10013136
0b000801 0b00c701 10006 100 20470 2007744454 48343367 10014398
0b000d01 0b00c801 10013 100 29664 2028240675 27929065 10015168
0b000201 0b00c901 10012 100 12801 2030453302 25716796 10013754
0b000501 0b00c901 10014 100 8519 2036114502 20072472 10013396
0b000701 0b00c401 10005 100 234879 2023303412 32887477 10032372
0b000a01 0b00c901 10015 100 6607 2035208683 21018112 10013235
0b000c01 0b00c301 10005 100 31610 2028203637 28029200 10015331
0b000c01 0b00c701 10003 100 54952 2013769702 42465738 10017287
0b000001 0b00c401 10008 100 50960 2029917750 26327976 10016952
0b000801 0b00c401 10001 100 8482 2012215331 44039494 10013393
0b000d01 0b00c301 10002 100 3682 2016553435 39714119 10012989
0b000901 0b00c801 10012 100 38873 2033872108 22407800 10015939
0b000601 0b00c301 10005 100 12850 2010640174 45689627 10013757
0b000401 0b00c301 10011 100 162481 2021475591 34859005 10026304
0b000401 0b00cf01 10004 100 107419 2028814804 27555294 10021688
0b000501 0b00ca01 10003 100 235549 2016880023 39530894 10032430
0b000001 0b00cf01 10012 100 26988 2031438967 24993098 10014942
0b000801 0b00c301 10006 100 4114 2012749046 43736161 10013028
0b000001 0b00c601 10018 100 22274 2033069562 23418139 10014550
0b000b01 0b00c901 10010 100 3841 2031540015 24972378 10013002
0b000a01 0b00c101 10003 100 161529 2011714962 44811061 10026224
0b000201 0b00c401 10009 100 75128 2030915526 25610909 10018982
0b000801 0b00ca01 10009 100 21177 2020429934 36102228 10014458
0b000a01 0b00c801 10009 100 186010 2017741249 38827312 10028278
0b000c01 0b00cc01 10016 100 8417 2033246237 23322459 10013387
0b000901 0b00c901 10017 100 17799 2029274711 27315259 10014173
0b000a01 0b00c201 10015 100 17183 2033213871 23377852 10014123
0b000501 0b00c201 10012 100 74719 2031255822 25387176 10018945
0b000101 0b00cd01 10004 100 62976 2012153408 44492238 10017960
0b000c01 0b00c301 10002 100 2044 2014568530 42083326 10012855
0b000e01 0b00cf01 10006 100 36263 2020163183 36520065 10015723
0b000601 0b00cd01 10010 100 172287 2026197520 30523003 10027127
0b000c01 0b00c401 10012 100 3659 2028284451 28436754 10012988
0b000301 0b00c601 10011 100 27015 2032715826 24029259 10014948
0b000001 0b00cc01 10014 100 7531 2030254520 26500569 10013313
0b000101 0b00ce01 10006 100 59583 2018901259 37855755 10017677
0b000301 0b00cb01 10023 100 42278 2040828857 15943326 10016227
0b000601 0b00c301 10011 100 68843 2022085716 34711367 10018452
0b000501 0b00c301 10009 100 21171 2024236201 32577401 10014458
0b000e01 0b00ce01 10010 100 29435 2021079099 35739172 10015150
0b000e01 0b00ca01 10020 100 2000 2029669210 27162241 10012847
0b000b01 0b00cd01 10002 100 9108 2015367052 41474569 10013447
0b000d01 0b00c901 10010 100 27190 2024405279 32440400 10014962
0b000501 0b00cd01 10013 100 64203 2031361350 25487297 10018065
0b000a01 0b00c601 10010 100 12592 2033794267 23083285 10013737
0b000d01 0b00cb01 10013 100 15924 2024658775 32231555 10014015
0b000f01 0b00c701 10010 100 22321 2033741603 23175252 10014554
0b000a01 0b00c201 10013 100 2872 2023565467 33354444 10012921
0b000001 0b00c201 10001 100 46122 2011923622 45038289 10016550
0b000f01 0b00c301 10012 100 60452 2023965941 33006436 10017750
0b000301 0b00c001 10007 100 8578 2034411927 22560811 10013400
0b000801 0b00ce01 10005 100 47355 2012511947 44479546 10016652
0b000d01 0b00cd01 10011 100 4334 2024443784 32558584 10013045
0b000501 0b00c101 10002 100 23640 2009150464 47904266 10014663
0b000601 0b00c401 10016 100 57662 2032688810 24380656 10017515
0b000e01 0b00c601 10000 100 48166 2001069552 56037779 10016721
0b000e01 0b00c601 10008 100 33317 2021106980 36018683 10015475
0b000501 0b00cd01 10007 100 629150 2011346625 45788526 10065431
0b000601 0b00c701 10010 100 4488 2028334012 28853621 10013058
0b000a01 0b00c001 10007 100 162276 2018555505 38638997 10026288
0b000501 0b00c101 10004 100 111545 2009930844 47280903 10022033
0b000a01 0b00c901 10014 100 20744 2031597117 25616050 10014420
0b000c01 0b00c901 10007 100 72799 2016132572 41136913 10018784
0b000b01 0b00c501 10000 100 1711662 2001445776 55838536 10156187
0b000c01 0b00cd01 10010 100 132580 2014175181 43130579 10023797
0b000601 0b00c601 10012 100 10227 2021082387 36229485 10013540
0b000701 0b00cd01 10006 100 20616 2019509739 37804508 10014409
0b000501 0b00ce01 10000 100 3703726 2000694327 56647219 10323201
0b000b01 0b00cd01 10000 100 1069966 2006980970 50377774 10102386
0b000701 0b00cd01 10007 100 6911 2019772854 37617481 10013259
0b000b01 0b00c701 10004 100 38009 2013036646 44384763 10015870
0b000c01 0b00c601 10012 100 29302 2033195404 24266960 10015139
0b000801 0b00c901 10009 100 84492 2029532040 27955947 10019765
0b000e01 0b00c901 10014 100 67438 2037940879 19548262 10018336
0b000201 0b00c101 10012 100 174249 2028843422 28665531 10027291
0b000001 0b00c201 10009 100 28554 2030929501 26599062 10015075
0b000601 0b00cc01 10007 100 66090 2017611786 39918450 10018224
0b000501 0b00c901 10002 100 71268 2006374694 51158920 10018657
0b000601 0b00ca01 10006 100 58303 2020888918 36648440 10017570
0b000d01 0b00c101 10002 100 192364 2016382804 41160617 10028810
0b000401 0b00cf01 10008 100 11940 2036602606 20961646 10013681
0b000001 0b00ce01 10009 100 347719 2018345727 39232186 10041833
0b000a01 0b00c201 10007 100 77946 2012043697 45557642 10019215
0b000e01 0b00c701 10008 100 721 2021202595 36402454 10012741
0b000901 0b00c601 10010 100 88141 2031475218 26130064 10020073
0b000601 0b00c701 10011 100 41801 2031905254 25701996 10016185
0b000701 0b00cc01 10012 100 76885 2042500963 15115394 10019126
0b000801 0b00c101 10011 100 61984 2019458860 38191384 10017876
0b000801 0b00ce01 10003 100 127158 2008368576 49287678 10023344
0b000301 0b00c401 10001 100 22465 2009619267 48051782 10014565
0b000301 0b00c601 10004 100 40079 2020875919 36802808 10016043
0b000b01 0b00c401 10015 100 60230 2034500713 23208876 10017732
0b000801 0b00cb01 10009 100 65483 2020334830 37431975 10018172
0b000001 0b00c701 10023 100 55692 2041441966 16355079 10017350
0b000e01 0b00ca01 10007 100 61883 2009708827 48098925 10017868
0b000b01 0b00c601 10002 100 23302 2009329817 48484406 10014636
0b000201 0b00c901 10004 100 79762 2012324981 45502749 10019368
0b000f01 0b00c201 10009 100 355745 2021257244 36577600 10042506
0b000c01 0b00c801 10011 100 44900 2031291350 26551814 10016444
0b000d01 0b00c401 10007 100 58768 2031154873 26689626 10017608
0b000001 0b00cd01 10015 100 23399 2034365901 23480005 10014644
0b000d01 0b00cb01 10014 100 64680 2024947426 32903767 10018104
0b000e01 0b00c401 10009 100 29502 2033370689 24502589 10015155
0b000701 0b00ca01 10007 100 18262 2018045872 39837997 10014213
0b000b01 0b00cf01 10005 100 59229 2022104815 35782775 10017648
0b000f01 0b00c701 10011 100 1609 2035064213 22824287 10012816
0b000701 0b00c201 10010 100 67449 2031831368 26083998 10018337
0b000f01 0b00c901 10014 100 23951 2032288698 25653035 10014688
0b000c01 0b00cd01 10011 100 6132 2015399119 42545938 10013197
0b000e01 0b00ca01 10010 100 48221 2010990245 46969413 10016725
0b000901 0b00c701 10002 100 2399458 2002965952 55004894 10213852
0b000d01 0b00cb01 10004 100 40246 2008160496 49863205 10016057
0b000d01 0b00cc01 10001 100 144977 2018209726 39852520 10024834
0b000d01 0b00c901 10005 100 18190 2018220026 39857234 10014208
0b000001 0b00c601 10019 100 9174 2034364692 23718398 10013452
0b000801 0b00c001 10007 100 33701 2022701086 35383851 10015506
0b000501 0b00cc01 10014 100 67883 2025066613 33023050 10018371
0b000101 0b00c501 10011 100 58517 2029042287 29062550 10017587
0b000001 0b00c001 10017 100 185 2031934951 26173626 10012698
0b000a01 0b00cb01 10009 100 174674 2022797345 35322710 10027325
0b000e01 0b00c601 10007 100 4404 2020560542 37571624 10013051
0b000001 0b00cc01 10001 100 472056 2003553562 54614402 10052260
0b000e01 0b00cd01 10000 100 1715560 2000506066 57695654 10156514
0b000e01 0b00c401 10012 100 19903 2036208435 22018630 10014349
0b000e01 0b00c701 10011 100 27716 2029626416 28611161 10015004
0b000c01 0b00c601 10004 100 44507 2018582985 39690153 10016413
0b000401 0b00cb01 10006 100 72168 2020920218 37354534 10018733
0b000101 0b00c401 10001 100 64072 2000927042 57410842 10018055
0b000c01 0b00cf01 10015 100 77651 2030206064 28191908 10019191
0b000001 0b00c701 10012 100 52042 2021162023 37261281 10017046
0b000401 0b00cd01 10014 100 1792 2034854260 23577613 10012831
0b000e01 0b00cd01 10011 100 62517 2029817121 28617254 10017923
0b000501 0b00c501 10007 100 4791 2032742760 25695459 10013082
0b000401 0b00c201 10008 100 29392 2020397330 38065302 10015146
0b000a01 0b00cb01 10011 100 33626 2027793938 30674671 10015500
0b000f01 0b00ca01 10004 100 21815 2011818587 46650792 10014509
0b000c01 0b00c001 10005 100 992 2027265690 31208273 10012763
0b000b01 0b00c201 10007 100 369917 2029118829 29366232 10043694
0b000b01 0b00cc01 10015 100 64776 2031369860 27117863 10018111
0b000901 0b00c301 10003 100 68422 2010259786 48236207 10018418
0b000901 0b00c301 10015 100 2241 2037696786 20802734 10012870
0b000801 0b00c301 10007 100 4781 2014310001 44204313 10013081
0b000201 0b00ca01 10006 100 26490 2022218200 36297278 10014902
0b000701 0b00c301 10012 100 171955 2036455501 22100132 10027096
0b000c01 0b00c401 10011 100 27081 2022673592 35894049 10014954
0b000c01 0b00cb01 10014 100 28534 2032346795 26256535 10015074
0b000401 0b00ca01 10000 100 2750651 2000754967 57851876 10243295
0b000101 0b00cb01 10013 100 39819 2026632406 31978877 10016019
0b000601 0b00c101 10009 100 65861 2023589127 35026941 10018202
0b000901 0b00cb01 10002 100 1746 2011101374 47528508 10012827
0b000b01 0b00c601 10004 100 5003 2011019692 47610344 10013103
0b000701 0b00c201 10008 100 94835 2027515601 31132131 10020631
0b000301 0b00c201 10013 100 45895 2033626860 25038521 10016528
0b000c01 0b00cf01 10009 100 4880 2021242232 37424319 10013089
0b000701 0b00c001 10005 100 1078293 2011756238 46915089 10103086
0b000f01 0b00c801 10009 100 9233 2012318651 46414938 10013457
0b000801 0b00ce01 10000 100 1433988 2002931266 55861539 10132905
0b000a01 0b00ce01 10011 100 1567 2035827108 23017142 10012813
0b000001 0b00c101 10005 100 57223 2020828407 38016388 10017480
0b000701 0b00c701 10009 100 59406 2025027345 33838551 10017662
0b000601 0b00c701 10012 100 43400 2033853698 25018951 10016320
0b000001 0b00c601 10008 100 102 2020760582 38147474 10012692
0b000501 0b00c301 10011 100 27622 2032760833 26157769 10014997
0b000701 0b00c401 10009 100 9858 2030175566 28756492 10013507
0b000401 0b00c601 10003 100 53324 2011855549 47078961 10017153
0b000101 0b00c101 10013 100 15340 2032132717 26854829 10013968
0b000c01 0b00c801 10007 100 249903 2015064708 43944261 10033632
0b000d01 0b00c701 10008 100 39817 2023573584 35453980 10016018
0b000301 0b00cb01 10011 100 37242 2015933222 43142092 10015805
0b000e01 0b00cf01 10002 100 24219 2008707819 50378084 10014713
0b000c01 0b00c001 10009 100 2669 2029731234 29359219 10012905
0b000a01 0b00cb01 10006 100 541788 2011275948 47828381 10058104
0b000c01 0b00ce01 10010 100 66000 2033414613 25700032 10018213
0b000701 0b00c601 10014 100 47498 2033941749 25192923 10016664
0b000e01 0b00ca01 10018 100 158479 2026403087 32738644 10025968
0b000401 0b00c201 10005 100 69897 2012393000 46749495 10018540
0b000201 0b00cd01 10007 100 572697 2010443820 48700481 10060696
0b000601 0b00c801 10008 100 21681 2026530632 32626412 10014498
0b000601 0b00ca01 10005 100 78614 2020107052 39056267 10019272
0b000701 0b00cd01 10009 100 27848 2021112190 38069170 10015015
0b000f01 0b00c901 10013 100 10672 2031976693 27245497 10013576
0b000101 0b00c301 10007 100 8582 2014950417 44301955 10013401
0b000401 0b00c801 10006 100 25576 2021714741 37556961 10014825
0b000601 0b00c201 10006 100 74016 2019968025 39316316 10018889
0b000401 0b00c101 10009 100 60500 2023384227 35918597 10017754
0b000801 0b00c501 10007 100 4979 2023976944 35333435 10013097
0b000a01 0b00cb01 10001 100 29735 2002156872 57174202 10015174
0b000a01 0b00c701 10008 100 33486 2023893678 35447923 10015489
0b000f01 0b00c401 10006 100 35686 2026645949 32704278 10015673
0b000f01 0b00c801 10008 100 909534 2007675540 51679373 10088937
0b000b01 0b00c401 10012 100 66258 2028485857 30885627 10018237
0b000c01 0b00cf01 10004 100 40289 2011382231 47995534 10016060
0b000201 0b00cf01 10008 100 190615 2017506066 41876924 10028662
0b000c01 0b00c501 10015 100 3279 2034092874 25306049 10012957
0b000901 0b00cc01 10006 100 54881 2020606166 38801113 10017281
0b000001 0b00ce01 10014 100 11441 2035427621 24004948 10013641
0b000201 0b00c601 10024 100 12408 2044735565 14720918 10013722
0b000501 0b00c801 10011 100 7881 2035525391 23943707 10013341
0b000201 0b00ca01 10008 100 19179 2023285340 36201777 10014291
0b000401 0b00cc01 10002 100 197251 2012531925 46955982 10029220
0b000f01 0b00cb01 10013 100 10311 2032372452 27144673 10013547
0b000f01 0b00c201 10010 100 24239 2022656279 36907783 10014715
0b000a01 0b00ca01 10003 100 8429 2015741323 43823331 10013388
0b000201 0b00c101 10015 100 59000 2034740170 24896041 10017626
0b000f01 0b00c601 10003 100 46196 2013114825 46575193 10016556
0b000c01 0b00cf01 10018 100 5373 2036552213 23149399 10013132
0b000001 0b00c601 10005 100 77032 2015062104 44649508 10019142
0b000501 0b00cd01 10014 100 44074 2037384442 22345918 10016378
0b000301 0b00c901 10011 100 169352 2038997998 20734133 10026880
0b000b01 0b00c601 10003 100 81341 2010435124 49323570 10019502
0b000a01 0b00c701 10012 100 2802 2033047706 26729963 10012915
0b000501 0b00cc01 10005 100 3178 2017462382 42320525 10012949
0b000a01 0b00c501 10007 100 7923 2023270586 36512416 10013344
0b000301 0b00ce01 10013 100 38209 2033809863 25997775 10015886
0b000d01 0b00c301 10004 100 42526 2021438395 38389370 10016247
0b000801 0b00c301 10017 100 28156 2033744362 26085320 10015043
0b000901 0b00c501 10017 100 71930 2034030994 25810377 10018710
0b000401 0b00c701 10008 100 56936 2021103325 38770055 10017453
0b000801 0b00c501 10009 100 112213 2025523487 34378140 10022090
0b000001 0b00cd01 10009 100 487107 2016544200 43361807 10053522
0b000001 0b00c901 10012 100 7011 2026300589 33623728 10013271
0b000201 0b00cd01 10003 100 39426 2001188807 58744180 10015987
0b000c01 0b00c901 10010 100 40101 2026049346 33889381 10016045
0b000b01 0b00c701 10003 100 187348 2012911625 47050892 10028389
0b000201 0b00cf01 10009 100 417940 2020506738 39456996 10047720
0b000c01 0b00c201 10009 100 4869 2025475162 34543363 10013088
0b000301 0b00c701 10005 100 72258 2024010904 36017090 10018740
0b000701 0b00c501 10001 100 61172 2000938366 59097683 10017811
0b000b01 0b00c501 10005 100 34387 2017054997 42995747 10015565
0b000b01 0b00c501 10008 100 4426 2029338006 30713985 10013053
0b000f01 0b00c801 10012 100 23038 2022062291 38001306 10014615
0b000a01 0b00cc01 10011 100 22130 2034447511 25617112 10014538
0b000d01 0b00c701 10007 100 27631 2022302811 37784769 10014998
0b000f01 0b00ca01 10017 100 11308 2035109176 25008648 10013630
0b000201 0b00c201 10012 100 12280 2034279759 25850071 10013712
0b000501 0b00cb01 10007 100 4375 2022504485 37641983 10013049
0b000201 0b00c701 10007 100 13015 2015721746 44426883 10013774
0b000701 0b00c901 10006 100 59196 2013174229 46982777 10017646
0b000501 0b00cb01 10006 100 46068 2013638350 46529080 10016545
0b000901 0b00c701 10005 100 1226891 2006898187 53271793 10115542
0b000b01 0b00c901 10011 100 172951 2032545085 27660916 10027180
0b000a01 0b00c701 10018 100 2287 2047320481 12889738 10012874
0b000001 0b00c701 10018 100 60712 2033874686 26372405 10017771
0b000a01 0b00cd01 10008 100 5129 2029533552 30762170 10013113
0b000401 0b00c601 10002 100 191075 2011184451 49120988 10028703
0b000a01 0b00cf01 10010 100 27386 2025049399 35282188 10014978
0b000701 0b00c401 10006 100 28570 2024052644 36280334 10015076
0b000201 0b00c301 10006 100 2441 2024028823 36333538 10012886
0b000f01 0b00c201 10002 100 179498 2008503682 51889242 10027731
0b000001 0b00cf01 10010 100 1759 2027055701 33338646 10012828
0b000f01 0b00cb01 10014 100 69700 2032991882 27409703 10018524
0b000c01 0b00ce01 10002 100 69413 2010153841 50270015 10018501
0b000001 0b00c801 10015 100 124384 2031064106 29373289 10023110
0b000701 0b00c701 10004 100 20547 2018110189 42373043 10014404
0b000201 0b00c401 10012 100 84219 2034362846 26172277 10019743
0b000c01 0b00c701 10004 100 95431 2018006132 42529989 10020683
0b000f01 0b00c701 10006 100 41069 2024253106 36322155 10016126
0b000f01 0b00cc01 10012 100 24888 2025320477 35256306 10014767
0b000001 0b00c801 10021 100 76685 2042596057 17987536 10019110
0b000f01 0b00cb01 10020 100 2188 2047974556 12612196 10012866
0b000a01 0b00c701 10004 100 73029 2011086974 49512038 10018806
0b000501 0b00c701 10010 100 4359 2028984454 31616300 10013047
0b000001 0b00cb01 10012 100 31861 2034272230 26356016 10015351
0b000001 0b00c801 10006 100 42921 2012012791 48625938 10016278
0b000d01 0b00cb01 10005 100 152878 2014084630 46612355 10025497
0b000001 0b00c001 10006 100 678812 2004658242 56041635 10069592
0b000b01 0b00c801 10006 100 524574 2021190042 39545920 10056661
0b000601 0b00c001 10009 100 7666 2032933701 27823044 10013324
0b000601 0b00c001 10005 100 57951 2020283721 40481209 10017538
0b000b01 0b00cb01 10007 100 2265 2024391078 36385145 10012872
0b000601 0b00cb01 10002 100 381398 2016172091 44626246 10044658
0b000b01 0b00c101 10001 100 97656 2001491258 59317104 10020868
0b000301 0b00c701 10004 100 28613 2023836789 37000823 10015080
0b000601 0b00c501 10004 100 71615 2015297262 45548328 10018685
0b000201 0b00c701 10003 100 631382 2009991139 50860787 10065617
0b000b01 0b00c701 10012 100 39978 2034541218 26352195 10016031
0b000201 0b00c901 10011 100 54971 2028637652 32281737 10017288
0b000101 0b00c201 10007 100 70744 2020894045 40026686 10018612
0b000401 0b00c901 10008 100 369544 2017846861 43078078 10043664
0b000d01 0b00c701 10009 100 3150 2023578357 37367997 10012947
0b000d01 0b00c401 10004 100 5407 2024366075 36586979 10013135
0b000e01 0b00cc01 10002 100 41791 2013118974 47869376 10016184
0b000d01 0b00c001 10012 100 47242 2027370632 33628902 10016643
0b000101 0b00cf01 10018 100 115159 2032465479 28560172 10022338
0b000f01 0b00c101 10001 100 954418 2007935487 53148249 10092700
0b000701 0b00c001 10016 100 68745 2038502103 22594987 10018444
0b000b01 0b00cc01 10011 100 1993 2023765618 37338065 10012847
0b000001 0b00cd01 10011 100 508743 2017607147 43499604 10055334
0b000a01 0b00ca01 10006 100 44278 2023317688 37809200 10016395
0b000601 0b00c701 10008 100 53815 2024677687 36463707 10017192
0b000501 0b00cd01 10009 100 558 2015670055 45472839 10012728
0b000b01 0b00c901 10008 100 3877 2019208319 41935215 10013005
0b000f01 0b00c101 10005 100 26991 2014696602 46464580 10014942
0b000b01 0b00c101 10008 100 8672 2036163168 25025251 10013408
0b000801 0b00c501 10011 100 47576 2032699167 28499877 10016670
0b000701 0b00cc01 10007 100 509678 2021594556 39651239 10055412
0b000301 0b00ca01 10012 100 66392 2017086132 44185534 10018248
0b000a01 0b00c501 10009 100 73856 2027007927 34280866 10018872
0b000101 0b00c901 10016 100 33723 2045438738 15864382 10015508
0b000c01 0b00ce01 10004 100 25683 2011148991 50172714 10014834
0b000e01 0b00c801 10014 100 9483 2029962843 31400337 10013477
0b000c01 0b00ca01 10013 100 38889 2046511596 14856945 10015940
0b000201 0b00c001 10004 100 11605 2017707291 43671072 10013654
0b000501 0b00c501 10014 100 52555 2042401146 18989366 10017087
0b000801 0b00c601 10010 100 27047 2035651275 25745976 10014951
0b000301 0b00c101 10018 100 73876 2036972340 24433340 10018874
0b000d01 0b00c801 10015 100 61477 2029940213 31506426 10017836
0b000501 0b00cc01 10013 100 37587 2023158777 38301343 10015832
0b000501 0b00c901 10005 100 132902 2012821704 48645775 10023822
0b000201 0b00ce01 10018 100 2000 2030105223 31386495 10012847
0b000901 0b00cd01 10011 100 111554 2032234875 29271564 10022034
0b000101 0b00c301 10012 100 67423 2022695559 38814651 10018334
0b000501 0b00cb01 10005 100 35569 2011602642 49916736 10015663
0b000c01 0b00ce01 10013 100 4039 2038013228 23510625 10013022
0b000e01 0b00ca01 10025 100 1265 2034471845 27059118 10012788
0b000701 0b00ce01 10008 100 9007 2032206648 29326187 10013438
0b000c01 0b00cf01 10011 100 25729 2023277393 38258265 10014838
0b000201 0b00ce01 10007 100 513 2013901172 47644375 10012724
0b000101 0b00c001 10012 100 5208 2036048414 25499189 10013119
0b000001 0b00c501 10010 100 29191 2029022841 32531765 10015130
0b000c01 0b00c401 10013 100 2125 2028682383 32912385 10012861
0b000201 0b00ce01 10002 100 912116 2007912108 53694437 10089155
0b000001 0b00cf01 10008 100 58527 2026046240 35597329 10017588
0b000701 0b00cb01 10018 100 8406 2041338384 20308934 10013387
0b000601 0b00cc01 10012 100 64841 2026207605 35462426 10018116
0b000101 0b00c101 10017 100 2741 2039496680 22185787 10012910
0b000901 0b00c601 10007 100 24116 2025809978 35873402 10014705
0b000b01 0b00c901 10006 100 37783 2013334748 48356450 10015848
0b000f01 0b00c301 10013 100 9741 2040666913 21038528 10013497
0b000801 0b00c701 10020 100 4820 2038722010 22993159 10013084
0b000301 0b00c701 10008 100 25413 2026558740 35159425 10014812
0b000101 0b00c601 10017 100 61020 2043620510 18105793 10017799
0b000401 0b00c101 10016 100 4498 2038054250 23697361 10013059
0b000801 0b00cd01 10010 100 27971 2017381694 44380847 10015025
0b000801 0b00ce01 10012 100 29523 2033900363 27865161 10015157
0b000201 0b00c101 10010 100 4464 2025632234 36148552 10013056
0b000401 0b00cb01 10015 100 27914 2048654749 13164767 10015020
0b000101 0b00c601 10012 100 20345 2030301664 31538560 10014388
0b000201 0b00c401 10008 100 3358 2028420875 33428517 10012964
0b000301 0b00c201 10010 100 497376 2019120492 42732393 10054382
0b000b01 0b00c901 10009 100 141944 2031227546 30641506 10024580
0b000701 0b00c301 10013 100 57434 2036582875 25296925 10017497
0b000201 0b00c401 10005 100 184499 2020250487 41661748 10028150
0b000d01 0b00cc01 10003 100 78396 2024463116 37473659 10019255
0b000501 0b00c001 10024 100 21203 2044904219 17063066 10014460
0b000701 0b00cc01 10011 100 5853 2038747547 23224390 10013171
0b000a01 0b00c801 10004 100 904799 2009583462 52430981 10088539
0b000c01 0b00c301 10012 100 1074 2046970190 15045974 10012773
0b000301 0b00c001 10005 100 51011 2024797835 37230186 10016960
0b000201 0b00ca01 10007 100 74759 2023272163 38765048 10018948
0b000401 0b00c101 10010 100 5274 2029195983 32846889 10013124
0b000901 0b00c301 10011 100 18 2023856583 38254960 10012685
0b000f01 0b00c901 10008 100 12745 2016494368 45618231 10013749
0b000201 0b00c501 10011 100 68271 2034053246 28065754 10018406
0b000101 0b00cb01 10005 100 27584 2013287877 48841596 10014994
0b000201 0b00cc01 10014 100 59918 2034167054 27970636 10017703
0b000b01 0b00c001 10004 100 45057 2003393356 58755210 10016461
0b000a01 0b00c001 10008 100 43623 2025839737 36329852 10016338
0b000b01 0b00cf01 10011 100 26 2030293814 31908307 10012685
0b000d01 0b00c301 10013 100 5032 2041315501 20905757 10013105
0b000201 0b00c601 10025 100 47790 2045725619 16508434 10016687
0b000201 0b00ce01 10010 100 27358 2023113643 39123330 10014976
0b000c01 0b00c001 10006 100 3147 2027699809 34554549 10012947
0b000801 0b00c601 10009 100 17702 2028735585 33526742 10014165
0b000801 0b00c101 10021 100 5135 2047232393 15048401 10013113
0b000801 0b00c901 10007 100 40464 2024517900 37787659 10016074
0b000201 0b00cc01 10002 100 19086 2003182761 59203362 10014283
0b000f01 0b00c201 10015 100 125357 2031696860 30708568 10023192
0b000101 0b00c501 10015 100 9333 2035732401 26718525 10013465
0b000101 0b00c401 10006 100 380667 2016070169 46392640 10044596
0b000d01 0b00c501 10009 100 23635 2034757400 27711128 10014662
0b000001 0b00cc01 10007 100 5817 2014315525 48180346 10013168
0b000301 0b00c301 10012 100 332376 2024971035 37534309 10040548
0b000901 0b00c301 10010 100 165609 2022204509 40344382 10026566
0b000001 0b00c601 10015 100 15692 2030246487 32304975 10013996
0b000e01 0b00c001 10017 100 4109 2036622363 25958279 10013027
0b000b01 0b00c701 10006 100 8611 2018465810 44125022 10013403
0b000001 0b00c501 10014 100 66200 2033195587 29416098 10018233
0b000b01 0b00ca01 10014 100 7159 2027899998 34733757 10013283
0b000601 0b00c401 10017 100 78125 2033891743 28762316 10019233
0b000d01 0b00c301 10010 100 111839 2033827218 28836908 10022057
0b000f01 0b00c601 10004 100 35140 2026734509 35945282 10015629
0b000601 0b00c301 10015 100 52699 2032595372 30089608 10017099
0b000a01 0b00c901 10007 100 38953 2018813092 43882813 10015946
0b000201 0b00c401 10007 100 27959 2026456505 36252893 10015024
0b000101 0b00cb01 10010 100 194793 2022816785 39927418 10029012
0b000001 0b00c601 10014 100 6527 2029193483 33593180 10013229
0b000201 0b00cb01 10008 100 1236 2025397089 37401485 10012786
0b000f01 0b00cf01 10015 100 4674 2047753570 15079998 10013073
0b000701 0b00c801 10013 100 7261 2049817372 13022564 10013291
0b000601 0b00c101 10004 100 22651 2017590425 45251932 10014580
0b000901 0b00c401 10010 100 100410 2023157572 39691253 10021100
0b000301 0b00c801 10012 100 38717 2025342175 37521221 10015927
0b000901 0b00ce01 10003 100 35971 2018645390 44223019 10015695
0b000701 0b00cc01 10010 100 54043 2033777664 29100080 10017214
0b000801 0b00c301 10019 100 334 2050054137 12844590 10012710
0b000601 0b00c201 10011 100 3721 2039830577 23086875 10012993
0b000501 0b00c301 10013 100 5803 2035078212 27847180 10013167
0b000e01 0b00c301 10016 100 69878 2031898076 31032790 10018539
0b000701 0b00ce01 10018 100 20018 2049728436 13209146 10014362
0b000e01 0b00ce01 10009 100 5888 2020368540 42603798 10013174
0b000901 0b00c201 10013 100 65681 2034549807 28436294 10018187
0b000501 0b00cc01 10012 100 27829 2023050350 39946150 10015013
0b000901 0b00c901 10011 100 6614 2018750042 44257963 10013236
0b000501 0b00c201 10013 100 66439 2034878717 28163162 10018252
0b000501 0b00cf01 10006 100 117725 2021700372 41354686 10022551
0b000201 0b00c601 10001 100 172772 2003456890 59617925 10027166
0b000a01 0b00c201 10003 100 32405 2005285880 57802224 10015399
0b000a01 0b00cd01 10013 100 50533 2047659733 15450498 10016918
0b000201 0b00c301 10007 100 41222 2026269596 36862275 10016139
0b000501 0b00ce01 10016 100 36820 2040779947 22362188 10015767
0b000b01 0b00cb01 10003 100 222259 2011403216 51741968 10031317
0b000801 0b00ca01 10013 100 32973 2029064266 34082187 10015444
0b000701 0b00c901 10008 100 1216 2017003090 46182422 10012784
0b000901 0b00cd01 10010 100 68808 2030255770 32958936 10018449
0b000901 0b00c401 10012 100 159089 2025026138 38212421 10026021
0b000b01 0b00c401 10018 100 9534 2038110613 25197289 10013481
0b000b01 0b00c001 10012 100 1162 2028336136 34981698 10012780
0b000001 0b00cc01 10006 100 469450 2011341889 51983211 10052040
0b000501 0b00ca01 10013 100 18527 2036773000 26571738 10014235
0b000501 0b00c601 10007 100 2524 2029342481 34009417 10012893
0b000501 0b00cf01 10001 100 50410 2005246749 58133776 10016908
0b000501 0b00cb01 10016 100 21731 2036943245 26441592 10014502
0b000e01 0b00ce01 10021 100 8133 2047774302 15617791 10013365
0b000e01 0b00c401 10004 100 7661 2016701042 46695918 10013323
0b000301 0b00c901 10007 100 24207 2024411726 38986830 10014712
0b000901 0b00ce01 10006 100 24359 2028746287 34656936 10014724
0b000501 0b00cb01 10011 100 270740 2026475925 36927381 10035379
0b000901 0b00cb01 10004 100 409 2015747053 47668509 10012716
0b000c01 0b00c701 10001 100 26393 2012970088 50449873 10014895
0b000501 0b00c801 10012 100 25550 2038542770 24893441 10014823
0b000801 0b00cf01 10005 100 21106 2015197183 48245003 10014452
0b000001 0b00c401 10014 100 47293 2039680267 23779452 10016647
0b000e01 0b00cc01 10013 100 3066 2033208183 30269385 10012940
0b000901 0b00c701 10003 100 285 2005428052 58066886 10012706
0b000c01 0b00cc01 10019 100 27097 2038502380 25014293 10014955
0b000801 0b00c401 10012 100 60289 2036589805 26970694 10017737
0b000d01 0b00c301 10011 100 26894 2035816567 27752211 10014935
0b000c01 0b00c501 10021 100 32183 2046625398 16946111 10015381
0b000501 0b00c001 10009 100 949945 2008290719 55282423 10092323
0b000501 0b00cd01 10004 100 62926 2002548699 61037220 10017956
0b000e01 0b00c101 10003 100 570631 2007941939 55681398 10060523
0b000b01 0b00ca01 10016 100 46099 2029871095 33772162 10016548
0b000901 0b00c101 10004 100 26331 2026120145 37531818 10014890
0b000a01 0b00cb01 10003 100 967347 2004465606 59190040 10093784
0b000701 0b00c501 10005 100 130496 2024313375 39412557 10023622
0b000801 0b00c301 10009 100 344497 2018050115 45705760 10041564
0b000c01 0b00c801 10015 100 5780 2042787532 21036791 10013165
0b000b01 0b00c101 10004 100 48166 2015129780 48706059 10016721
0b000901 0b00c801 10011 100 92313 2033292137 30548787 10020422
0b000201 0b00cd01 10015 100 48885 2025935002 37971129 10016778
0b000b01 0b00cb01 10009 100 61216 2025675713 38243116 10017815
0b000501 0b00cf01 10003 100 4933 2014174802 49746665 10013093
0b000201 0b00cf01 10018 100 4714 2039376686 24547583 10013076
0b000401 0b00c001 10005 100 46672 2034358466 29567601 10016594
0b000301 0b00c101 10006 100 934572 2004933864 58995183 10091036
0b000701 0b00c101 10007 100 409776 2021816349 42117416 10047036
0b000a01 0b00cc01 10015 100 39014 2041819884 22126501 10015954
0b000801 0b00ca01 10006 100 111492 2013390757 50576029 10022029
0b000001 0b00cd01 10020 100 154178 2041342558 22624776 10025609
0b000f01 0b00c101 10016 100 24179 2042399027 21573173 10014710
0b000d01 0b00c501 10010 100 45341 2038377926 25597749 10016483
0b000a01 0b00c401 10009 100 30901 2036764176 27219018 10015271
0b000501 0b00c901 10006 100 6838 2014431366 49589696 10013253
0b000301 0b00ce01 10017 100 4156 2037618081 26403913 10013031
0b000c01 0b00cc01 10022 100 11031 2048396574 15668381 10013608
0b000f01 0b00cc01 10015 100 16827 2038712297 25360020 10014091
0b000501 0b00cb01 10015 100 20942 2035803392 28284575 10014436
0b000701 0b00c001 10017 100 34633 2040154702 23948765 10015585
0b000e01 0b00c001 10012 100 53944 2023555623 40556020 10017202
0b000301 0b00cb01 10008 100 606227 2006916052 57251039 10063509
0b000c01 0b00c401 10009 100 74873 2017560462 46642950 10018957
0b000301 0b00c901 10008 100 133841 2025249317 38958009 10023901
0b000701 0b00c201 10002 100 871862 2009649641 54566190 10085777
0b000501 0b00cd01 10002 100 1449841 2002244204 61975350 10134235
0b000901 0b00c501 10010 100 278666 2019267418 44974436 10036044
0b000401 0b00ce01 10015 100 35667 2034533059 29711937 10015671
0b000d01 0b00cd01 10013 100 28545 2036407859 27879891 10015074
0b000401 0b00ce01 10016 100 1714 2036298701 28004224 10012824
0b000e01 0b00cb01 10013 100 1046 2041387806 22956593 10012771
0b000101 0b00c201 10012 100 24860 2037705268 26640849 10014764
0b000701 0b00c601 10007 100 9462 2017818120 46543048 10013475
0b000a01 0b00c701 10017 100 72743 2046061072 18314363 10018779
0b000601 0b00cf01 10015 100 23384 2037981981 26409234 10014642
0b000801 0b00cd01 10016 100 13632 2040996701 23395102 10013824
0b000e01 0b00cd01 10012 100 5271 2033813353 30588160 10013124
0b000f01 0b00c501 10009 100 8582 2039419380 25006181 10013401
0b000101 0b00cc01 10018 100 76947 2031421367 33038873 10019131
0b000201 0b00c401 10010 100 1805 2032480436 31985415 10012832
0b000801 0b00ce01 10016 100 6632 2039532598 24944637 10013237
0b000601 0b00cb01 10008 100 153443 2040097899 24388614 10025546
0b000b01 0b00c801 10009 100 47120 2028355359 36138781 10016633
0b000e01 0b00c301 10014 100 6776 2026924671 37570068 10013248
0b000b01 0b00c401 10007 100 444214 2012952716 51604369 10049925
0b000101 0b00ce01 10011 100 243925 2029104781 35472741 10033130
0b000e01 0b00c501 10007 100 55949 2012515275 52085029 10017370
0b000c01 0b00ce01 10012 100 13065 2037209298 27391912 10013778
0b000b01 0b00c601 10017 100 43944 2042027628 22626427 10016364
0b000601 0b00cf01 10012 100 21045 2030536864 34133256 10014448
0b000a01 0b00c301 10014 100 152769 2032430483 32280151 10025489
0b000601 0b00ca01 10014 100 133396 2035128835 29585669 10023866
0b000501 0b00cc01 10002 100 67121 2014566035 50153284 10018310
0b000101 0b00c901 10012 100 45210 2036557042 28166582 10016473
0b000701 0b00c401 10007 100 68350 2026689304 38051681 10018412
0b000601 0b00c501 10016 100 15268 2040037912 24742272 10013962
0b000601 0b00cf01 10019 100 38400 2046224426 18569047 10015901
0b000801 0b00cc01 10020 100 28929 2048908165 15890622 10015105
0b000a01 0b00c301 10006 100 37164 2019526024 45274830 10015799
0b000b01 0b00c001 10016 100 9171 2040605620 24228636 10013452
0b000601 0b00cd01 10019 100 50 2041414269 23447631 10012687
0b000801 0b00c301 10012 100 54768 2026605743 38293102 10017272
0b000201 0b00cb01 10006 100 69517 2019447469 45451785 10018510
0b000d01 0b00cf01 10018 100 68811 2035445649 29453950 10018449
0b000d01 0b00c201 10009 100 60747 2035776166 29180595 10017774
0b000101 0b00cf01 10008 100 67507 2015413999 49568128 10018341
0b000d01 0b00ca01 10000 100 1244672 2002697876 62285793 10117034
0b000401 0b00c201 10012 100 3124 2027513250 37496646 10012945
0b000d01 0b00c601 10006 100 88964 2016734937 48295535 10020138
0b000901 0b00c301 10009 100 40407 2020770372 44300442 10016070
0b000301 0b00c101 10016 100 31952 2028817828 36257807 10015359
0b000101 0b00cd01 10011 100 3076 2033948914 31155714 10012941
0b000a01 0b00ce01 10009 100 160807 2031828625 33282615 10026162
0b000b01 0b00c601 10014 100 42014 2036585164 28579250 10016206
0b000d01 0b00c701 10016 100 14905 2043858555 21308451 10013930
0b000f01 0b00c701 10009 100 31331 2031483229 33691399 10015309
0b000401 0b00ca01 10016 100 112551 2045824493 19370259 10022118
0b000e01 0b00cc01 10014 100 69025 2033697280 31527208 10018470
0b000e01 0b00cd01 10007 100 63019 2020739840 44484817 10017967
0b000601 0b00ce01 10008 100 41271 2030475304 34754053 10016142
0b000d01 0b00cf01 10004 100 70060 2014563184 50667089 10018557
0b000a01 0b00cb01 10014 100 26590 2040256853 24977334 10014910
0b000301 0b00cf01 10003 100 123134 2017928367 47323336 10023006
0b000901 0b00c901 10013 100 12209 2022532442 42720482 10013706
0b000401 0b00c001 10009 100 28904 2039652251 25607607 10015103
0b000301 0b00c001 10002 100 667293 2010409226 54853089 10068628
0b000d01 0b00c101 10006 100 62431 2036650575 28632471 10017916
0b000401 0b00cd01 10015 100 48488 2040147462 25160967 10016747
0b000d01 0b00c401 10015 100 39106 2051219806 14090873 10015962
0b000301 0b00cb01 10010 100 692774 2010390951 54922815 10070763
0b000801 0b00c701 10015 100 232411 2031873775 33457093 10032167
0b000801 0b00c501 10015 100 36421 2040885348 24446333 10015735
0b000801 0b00cb01 10003 100 893025 2006983277 58379327 10087554
0b000801 0b00ce01 10007 100 73977 2026262304 39116875 10018882
0b000c01 0b00c701 10007 100 25533 2029422449 35960677 10014822
0b000801 0b00c801 10013 100 14926 2030104550 35282121 10013931
0b000801 0b00c401 10005 100 96960 2018957540 46447770 10020809
0b000d01 0b00cf01 10005 100 9144 2015810780 49597113 10013449
0b000601 0b00cc01 10013 100 715 2032091615 33324335 10012741
0b000101 0b00cb01 10009 100 75084 2019525687 45908514 10018978
0b000301 0b00cd01 10003 100 604492 2011489002 53953663 10063362
0b000a01 0b00ce01 10010 100 79527 2035276286 30170514 10019349
0b000201 0b00c601 10017 100 26860 2031116518 34341304 10014932
0b000e01 0b00ce01 10018 100 7469 2040168146 25302470 10013308
0b000a01 0b00c501 10008 100 68942 2026431759 39057415 10018460
0b000e01 0b00c001 10013 100 76029 2028452317 37048480 10019058
0b000a01 0b00c001 10009 100 3733 2028802418 36771226 10012994
0b000201 0b00c301 10019 100 22410 2050587442 15013080 10014561
0b000e01 0b00c501 10010 100 42451 2026533829 39091667 10016241
0b000f01 0b00cf01 10006 100 1759 2030542029 35096835 10012828
0b000701 0b00c201 10014 100 16686 2041211093 24436614 10014080
0b000701 0b00cb01 10012 100 76580 2028146099 37518124 10019102
0b000c01 0b00c401 10021 100 11385 2040384868 25283087 10013636
0b000201 0b00cf01 10011 100 180748 2031410134 34276000 10027834
0b000001 0b00c001 10022 100 23782 2039873048 25823000 10014674
0b000401 0b00cc01 10009 100 24880 2036302002 29447906 10014766
0b000201 0b00c701 10011 100 7235 2031281743 34476012 10013289
0b000e01 0b00c201 10007 100 16175 2015704717 50064479 10014039
0b000201 0b00c101 10017 100 32227 2039389122 26381115 10015384
0b000601 0b00ca01 10009 100 27852 2026895480 38898243 10015015
0b000e01 0b00c401 10011 100 3639 2034986060 30814361 10012986
0b000001 0b00c701 10021 100 22516 2038597387 27208992 10014569
0b000301 0b00cb01 10024 100 25420 2043367708 22439235 10014813
0b000801 0b00c301 10015 100 335 2030931685 34901253 10012710
0b000301 0b00c901 10012 100 26354 2042572327 23275530 10014892
0b000101 0b00c501 10019 100 587 2040500409 25349067 10012730
0b000f01 0b00c601 10010 100 28322 2038068374 27797782 10015057
0b000101 0b00cb01 10015 100 57497 2036718395 29153300 10017502
0b000001 0b00c001 10021 100 20390 2039476382 26400685 10014391
0b000701 0b00c501 10003 100 5700 2021051201 44846379 10013159
0b000f01 0b00c301 10010 100 5219 2019607594 46293336 10013120
0b000b01 0b00cc01 10016 100 176626 2032691606 33257908 10027489
0b000501 0b00cb01 10013 100 14950 2030819086 35150249 10013933
0b000301 0b00c301 10022 100 19201 2051329787 14663164 10014292
0b000401 0b00c601 10011 100 32758 2027941144 38083591 10015427
0b000f01 0b00c501 10001 100 744953 2014530645 51498350 10075137
0b000001 0b00c401 10011 100 54661 2033072223 32978367 10017264
0b000d01 0b00c001 10013 100 45462 2040045860 26033596 10016493
0b000101 0b00c101 10016 100 54379 2038203608 27914625 10017241
0b000101 0b00c101 10012 100 10915 2031457447 34673930 10013595
0b000f01 0b00c201 10029 100 8849 2050635820 15502308 10013422
0b000001 0b00c801 10000 100 1372866 2002440500 63701256 10127781
0b000e01 0b00c201 10012 100 63362 2023264147 42893900 10017994
0b000701 0b00c301 10011 100 66591 2036202534 29960033 10018264
0b000f01 0b00cc01 10018 100 7258 2041253440 24915388 10013291
0b000e01 0b00c201 10009 100 28933 2019028505 47173448 10015106
0b000b01 0b00c301 10001 100 5159 2008684226 57530408 10013115
0b000b01 0b00c801 10007 100 59300 2021565515 44684281 10017654
0b000301 0b00c601 10012 100 28458 2032880236 33378811 10015068
0b000901 0b00c601 10006 100 21589 2022494306 43775538 10014491
0b000801 0b00c601 10011 100 125976 2038209950 28088834 10023241
0b000401 0b00cb01 10004 100 49533 2014174254 52143705 10016834
0b000601 0b00cf01 10013 100 16057 2031270724 35088835 10014029
0b000e01 0b00c401 10013 100 25791 2041644064 24719302 10014843
0b000801 0b00ca01 10008 100 2380 2018361945 48004020 10012881
0b000101 0b00c201 10010 100 5263 2030161725 36227884 10013124
0b000301 0b00c601 10013 100 12090 2034733382 31672102 10013697
0b000001 0b00c401 10005 100 137268 2018345394 48071883 10024191
0b000601 0b00ca01 10015 100 6260 2038670858 27768453 10013207
0b000301 0b00c301 10015 100 66671 2037315167 29134523 10018270
0b000301 0b00ce01 10015 100 74638 2036943984 29522857 10018939
0b000301 0b00c701 10011 100 33825 2038781195 27685903 10015516
0b000b01 0b00ca01 10015 100 119921 2029388045 37086728 10022734
0b000001 0b00ce01 10012 100 259703 2028873287 37626289 10034454
0b000e01 0b00cb01 10012 100 7711 2039593761 26937570 10013327
0b000601 0b00c301 10010 100 261265 2019371891 47160110 10034587
0b000e01 0b00c201 10020 100 6304 2039310009 27233692 10013211
0b000401 0b00c601 10001 100 5292 2010572527 56016339 10013126
0b000b01 0b00c601 10015 100 74361 2036739628 29883334 10018916
0b000001 0b00cf01 10016 100 29886 2040112537 26523273 10015186
0b000001 0b00c001 10024 100 33212 2043308909 23383152 10015467
0b000001 0b00c601 10010 100 27880 2021592012 45107673 10015017
0b000001 0b00c401 10006 100 23741 2018510449 48213747 10014671
0b000101 0b00c201 10009 100 9985 2029030768 37738121 10013517
0b000f01 0b00c001 10005 100 124906 2018201223 48580700 10023152
0b000401 0b00cf01 10003 100 9347 2028686350 38106455 10013466
0b000a01 0b00c201 10017 100 90596 2038912829 27887649 10020277
0b000c01 0b00c101 10005 100 37612 2030488282 36325322 10015834
0b000901 0b00c001 10019 100 1072 2052234265 14640778 10012773
0b000301 0b00c401 10010 100 5741 2034330639 32582921 10013162
0b000501 0b00cc01 10019 100 5948 2034506609 32418347 10013178
0b000001 0b00ce01 10010 100 22203 2022709733 44217345 10014544
0b000601 0b00cd01 10015 100 2746 2039217358 27710131 10012911
0b000001 0b00cd01 10013 100 17143 2022970609 44000333 10014120
0b000101 0b00ca01 10016 100 51505 2038559370 28425670 10017000
0b000001 0b00c801 10019 100 32944 2039594187 27411827 10015442
0b000701 0b00cd01 10012 100 57242 2031236688 35795912 10017482
0b000b01 0b00cd01 10014 100 50859 2050005383 17038856 10016944
0b000901 0b00c101 10003 100 180950 2025187298 41881186 10027851
0b000e01 0b00c401 10007 100 193740 2031082987 35986804 10028924
0b000f01 0b00c401 10008 100 5119 2030387955 36689004 10013112
0b000601 0b00ce01 10011 100 6031 2038870145 28239446 10013189
0b000701 0b00c101 10006 100 2435 2021640087 45489968 10012886
0b000601 0b00c201 10016 100 20755 2044840445 22339034 10014421
0b000b01 0b00c401 10021 100 68294 2041379988 25822721 10018408
0b000701 0b00c301 10016 100 114365 2038566727 28644767 10022270
0b000101 0b00cf01 10010 100 3303 2019700080 47532359 10012959
0b000001 0b00cd01 10019 100 28394 2040510840 26769380 10015062
0b000b01 0b00c501 10003 100 593558 2008845185 58461791 10062445
0b000801 0b00c101 10005 100 561143 2010273515 57043370 10059729
0b000301 0b00c301 10014 100 64398 2034580152 32739032 10018081
0b000601 0b00cf01 10000 100 1368919 2002021693 65316171 10127450
0b000101 0b00cd01 10009 100 6435 2030831232 36511900 10013221
0b000501 0b00c301 10006 100 9911 2019974668 47389976 10013511
0b000f01 0b00c701 10012 100 192461 2036254131 31153769 10028818
0b000201 0b00cf01 10010 100 110919 2028634235 38780753 10021979
0b000001 0b00c601 10016 100 7188 2030989845 36473513 10013285
0b000001 0b00c601 10000 100 782985 2008436248 59028064 10078325
0b000601 0b00cb01 10007 100 2035 2039635416 27836043 10012854
0b000c01 0b00ce01 10014 100 23161 2039980408 27495784 10014625
0b000e01 0b00cd01 10003 100 54021 2009286758 58198505 10017212
0b000e01 0b00c201 10016 100 12090 2032199214 35304178 10013697
0b000e01 0b00c901 10011 100 26635 2031305522 36214568 10014914
0b000601 0b00c801 10006 100 409559 2020325151 47230574 10047019
0b000301 0b00cc01 10008 100 3958 2034234333 33329585 10013012
0b000101 0b00cc01 10019 100 11004 2033949730 33668800 10013606
0b000701 0b00cb01 10014 100 29413 2033606596 34014179 10015148
0b000001 0b00c901 10011 100 185695 2024994105 42649183 10028249
0b000301 0b00cb01 10020 100 25454 2029516189 38164505 10014816
0b000801 0b00cd01 10015 100 29842 2031785696 35895913 10015182
0b000601 0b00c601 10015 100 44066 2031909397 35783962 10016378
0b000701 0b00c601 10024 100 9699 2051839633 15866731 10013494
0b000601 0b00c801 10012 100 14912 2042350474 25374958 10013930
0b000d01 0b00c701 10015 100 38755 2039402217 28340608 10015930
0b000001 0b00cb01 10015 100 10064 2041255905 26491764 10013527
0b000b01 0b00c601 10018 100 7949 2046715802 21058567 10013346
0b000b01 0b00c201 10010 100 55443 2041064557 26716320 10017330
0b000101 0b00c601 10015 100 49576 2039834841 27954059 10016838
0b000801 0b00c501 10012 100 25224 2036156012 31675975 10014797
0b000701 0b00c201 10012 100 11808 2035450781 32394359 10013670
0b000b01 0b00ca01 10003 100 868394 2002120088 65746777 10085488
0b000c01 0b00ce01 10011 100 203883 2033916942 33971170 10029774
0b000101 0b00c001 10010 100 3256 2032457647 35465875 10012955
0b000401 0b00ca01 10011 100 301843 2030428355 37504448 10037987
0b000601 0b00c701 10009 100 47132 2027661176 40284012 10016634
0b000901 0b00cd01 10013 100 26520 2033789056 34163518 10014905
0b000c01 0b00c601 10010 100 41679 2029309598 38645537 10016175
0b000801 0b00c001 10006 100 35877 2019611310 48350797 10015688
0b000901 0b00cb01 10011 100 55077 2041074082 26950066 10017301
0b000c01 0b00c101 10006 100 81018 2037530080 30522185 10019476
0b000e01 0b00c901 10002 100 22886 2020247230 47863355 10014599
0b000c01 0b00c601 10011 100 14237 2031126401 36989499 10013876
0b000201 0b00c901 10016 100 29359 2040343544 27776324 10015143
0b000601 0b00cc01 10014 100 1929 2036541122 31581264 10012842
0b000f01 0b00ca01 10015 100 24227 2032694798 35470550 10014714
0b000701 0b00c901 10009 100 31248 2025099777 43101656 10015302
0b000501 0b00ca01 10010 100 19941 2030208292 38033944 10014352
0b000001 0b00c601 10011 100 55392 2022500710 45759443 10017326
0b000b01 0b00c201 10003 100 847473 2016757686 51535389 10083734
0b000001 0b00cb01 10006 100 75622 2018443615 49893532 10019021
0b000301 0b00c801 10018 100 40306 2041515618 26855563 10016061
0b000001 0b00c601 10025 100 801 2054881836 13490750 10012747
0b000801 0b00cc01 10000 100 4750865 2001077992 67308689 10410993
0b000e01 0b00cd01 10009 100 128669 2023465284 44939733 10023468
0b000601 0b00cf01 10016 100 64598 2039914549 28490720 10018097
0b000701 0b00c401 10014 100 62137 2042544821 25884269 10017892
0b000b01 0b00c701 10010 100 69282 2029453440 38988832 10018491
0b000f01 0b00ca01 10001 100 527018 2009815870 58637558 10056868
0b000401 0b00c901 10003 100 28199 2010740955 57792812 10015047
0b000e01 0b00c401 10017 100 459 2047939355 20622036 10012720
0b000201 0b00c601 10021 100 43568 2040068302 28537976 10016334
0b000701 0b00c801 10009 100 48965 2039226898 29379944 10016785
0b000d01 0b00c201 10017 100 28034 2051939943 16675167 10015034
0b000d01 0b00c201 10010 100 5812 2041628167 26992643 10013168
0b000801 0b00c801 10015 100 35033 2032535864 36102928 10015620
0b000601 0b00c501 10013 100 5428 2034414690 34247145 10013137
0b000601 0b00c801 10004 100 87716 2016091809 52571257 10020035
0b000701 0b00c301 10018 100 20731 2040729043 27941025 10014419
0b000d01 0b00c901 10015 100 75416 2031152645 37526186 10019005
0b000201 0b00c801 10011 100 1865 2046989790 21716407 10012836
0b000801 0b00c701 10017 100 161 2037630127 31108095 10012696
0b000401 0b00cb01 10008 100 326685 2029128363 39619515 10040070
0b000401 0b00c801 10011 100 39682 2038291244 30465285 10016008
0b000301 0b00cd01 10011 100 6339 2046705617 22066890 10013214
0b000501 0b00ca01 10021 100 66967 2052669643 16111610 10018294
0b000401 0b00c601 10008 100 216713 2022002464 46789351 10030850
0b000301 0b00cb01 10014 100 9844 2024611200 44251635 10013505
0b000301 0b00c301 10020 100 153721 2047972735 20891372 10025569
0b000d01 0b00c401 10010 100 62373 2035315719 33556561 10017911
0b000101 0b00ce01 10012 100 70326 2030009768 38890666 10018578
0b000801 0b00c001 10011 100 110855 2030183974 38730902 10021974
0b000a01 0b00c101 10002 100 3121 2010944217 57971195 10012945
0b000801 0b00c401 10015 100 4974 2048069401 20852725 10013097
0b000401 0b00ce01 10014 100 45204 2034120274 34833183 10016472
0b000301 0b00c201 10012 100 277 2020822987 48135189 10012706
0b000b01 0b00c801 10014 100 66635 2045416260 23566925 10018268
0b000d01 0b00cc01 10013 100 43466 2051445449 17545034 10016326
0b000301 0b00c601 10010 100 28906 2032633284 36365204 10015103
0b000a01 0b00c601 10009 100 49177 2032504148 36534497 10016806
0b000901 0b00c401 10008 100 345913 2020594613 48447974 10041681
0b000b01 0b00ce01 10007 100 24641 2034799780 34247636 10014747
0b000e01 0b00c801 10011 100 108090 2018695797 50356360 10021745
0b000601 0b00c701 10013 100 10687 2036558519 32496740 10013577
0b000901 0b00c301 10016 100 31587 2043060994 26005820 10015329
0b000901 0b00c801 10013 100 810 2036362870 32731065 10012748
0b000701 0b00ca01 10010 100 45474 2021975405 47129211 10016494
0b000401 0b00c901 10014 100 78237 2040080220 29026478 10019242
0b000a01 0b00ca01 10004 100 337275 2015777921 53336409 10040959
0b000d01 0b00cb01 10017 100 85977 2040911574 28208389 10019888
0b000901 0b00c001 10011 100 20964 2034918482 34203192 10014437
0b000e01 0b00c501 10011 100 56403 2030649021 38483467 10017411
0b000401 0b00ce01 10011 100 29163 2031155947 37992633 10015128
0b000e01 0b00ca01 10022 100 8863 2031587028 37565812 10013423
0b000701 0b00c101 10010 100 2029 2037150239 32004340 10012853
0b000401 0b00c901 10015 100 33878 2042512635 26654156 10015520
0b000f01 0b00c001 10012 100 77701 2041754518 27415042 10019195
0b000201 0b00c401 10016 100 26772 2045732398 23441616 10014925
0b000701 0b00cf01 10007 100 36278 2022797801 46385061 10015724
0b000d01 0b00c301 10015 100 6839 2044339552 24851393 10013254
0b000d01 0b00c701 10013 100 59801 2032147935 37058584 10017694
0b000201 0b00c301 10017 100 20358 2046525018 22702446 10014389
0b000801 0b00c201 10013 100 20073 2041465769 27764275 10014366
0b000101 0b00c001 10007 100 154380 2020052102 49216721 10025625
0b000301 0b00c601 10009 100 32636 2031916304 37387291 10015417
0b000f01 0b00cd01 10006 100 328499 2021483614 47820617 10040223
0b000501 0b00c501 10008 100 5050 2034210036 35095503 10013107
0b000201 0b00c501 10009 100 50666 2031929458 37380496 10016929
0b000b01 0b00c001 10010 100 679906 2021392667 47925158 10069683
0b000201 0b00c201 10015 100 40154 2040978516 28363463 10016049
0b000d01 0b00c301 10016 100 22675 2045599248 23764648 10014582
0b000c01 0b00c401 10022 100 33156 2043064290 26310153 10015463
0b000b01 0b00ce01 10004 100 4079 2021964705 47415293 10013025
0b000701 0b00c001 10015 100 73042 2034970917 34426509 10018807
0b000001 0b00c001 10023 100 26906 2042481340 26928333 10014936
0b000201 0b00cf01 10012 100 44396 2033142848 36274988 10016404
0b000f01 0b00c901 10012 100 275808 2026918166 42519068 10035804
0b000e01 0b00c901 10009 100 95238 2026603562 42843969 10020667
0b000b01 0b00c601 10011 100 61889 2032490330 36969876 10017869
0b000301 0b00cd01 10010 100 48081 2041468733 28029423 10016714
0b000301 0b00cf01 10012 100 63425 2033848372 35650621 10017999
0b000d01 0b00c801 10016 100 26703 2033892658 35654800 10014919
0b000c01 0b00c601 10007 100 19892 2025805776 43771525 10014348
0b000701 0b00c801 10005 100 42979 2023434657 46157717 10016283
0b000801 0b00c801 10025 100 50083 2053896845 15697835 10016882
0b000601 0b00cb01 10003 100 79241 2017191135 52448482 10019326
0b000c01 0b00cb01 10021 100 2573 2049068603 20623017 10012897
0b000701 0b00ce01 10009 100 6448 2034003063 35692982 10013222
0b000801 0b00c901 10006 100 55830 2019701556 50013205 10017361
0b000401 0b00c601 10009 100 24924 2023302001 46424607 10014769
0b000d01 0b00c001 10011 100 25849 2026779086 42952696 10014847
0b000201 0b00cd01 10019 100 19538 2032924371 36852106 10014319
0b000601 0b00c401 10015 100 60541 2032531370 37253243 10017757
0b000c01 0b00c201 10013 100 8157 2042522780 27262292 10013367
0b000001 0b00c001 10012 100 596586 2016441136 53382424 10062699
0b000501 0b00c501 10010 100 145184 2039955230 29879168 10024855
0b000b01 0b00c901 10012 100 99421 2038794520 31047484 10021017
0b000301 0b00c301 10018 100 11068 2044017290 25838805 10013611
0b000d01 0b00c201 10011 100 2709 2042960637 26895972 10012908
0b000601 0b00c801 10017 100 14308 2056054620 13811791 10013882
0b000e01 0b00c801 10022 100 3146 2049206101 20692668 10012947
0b000f01 0b00ce01 10007 100 172444 2023165046 46751556 10027139
0b000401 0b00c901 10021 100 4626 2056819744 13104675 10013069
0b000c01 0b00cf01 10010 100 46894 2022660527 47298305 10016612
0b000401 0b00c901 10020 100 7570 2056699833 13261339 10013316
0b000701 0b00cf01 10010 100 28341 2035081637 34884213 10015058
0b000801 0b00cc01 10012 100 27018 2032230156 37742843 10014948
0b000001 0b00ce01 10011 100 65799 2028862870 41133205 10018197
0b000d01 0b00cf01 10007 100 74162 2022823487 47173116 10018900
0b000201 0b00c201 10014 100 69607 2040185192 29824323 10018517
0b000b01 0b00c201 10008 100 73344 2032585333 37443762 10018831
0b000d01 0b00c801 10017 100 47413 2036806723 33286717 10016657
0b000901 0b00ce01 10009 100 113299 2033989016 36119121 10022181
0b000601 0b00c301 10014 100 41287 2030198151 39913035 10016144
0b000d01 0b00cd01 10012 100 13853 2035067729 35047937 10013842
0b000001 0b00cc01 10020 100 57123 2044826415 25291358 10017472
0b000101 0b00c201 10015 100 1312 2044026310 26103278 10012792
0b000f01 0b00c601 10011 100 17672 2038224222 31968946 10014162
0b000001 0b00c801 10023 100 135270 2047190712 23010693 10024023
0b000301 0b00cf01 10009 100 267249 2029577838 40628590 10035089
0b000101 0b00cc01 10029 100 9588 2048107799 22112075 10013485
0b000d01 0b00c901 10025 100 29570 2053331843 16906008 10015160
0b000501 0b00ce01 10017 100 24507 2043401658 26839341 10014736
0b000c01 0b00cb01 10006 100 264495 2018398252 51880316 10034857
0b000501 0b00cf01 10016 100 46194 2049154716 21140385 10016556
0b000401 0b00ce01 10013 100 32100 2033106666 37198779 10015374
0b000801 0b00c701 10016 100 59342 2033340341 36970449 10017657
0b000f01 0b00cf01 10009 100 29000 2037971409 32347827 10015111
0b000301 0b00c101 10020 100 27898 2043647621 26725384 10015019
0b000f01 0b00c101 10010 100 99130 2025188143 45189859 10020994
0b000501 0b00ca01 10017 100 24250 2045411072 24991904 10014716
0b000a01 0b00c801 10021 100 11018 2045373693 25041228 10013607
0b000b01 0b00c301 10011 100 20977 2046743666 23673021 10014438
0b000e01 0b00ce01 10015 100 32840 2033517910 36935748 10015433
0b000c01 0b00cf01 10019 100 4997 2039474868 30995019 10013098
0b000d01 0b00c301 10012 100 166461 2038894001 31578566 10026638
0b000901 0b00cc01 10018 100 24778 2054963889 15591572 10014758
0b000701 0b00c801 10006 100 21452 2024431980 46125971 10014480
0b000b01 0b00c601 10016 100 54924 2037484924 33084540 10017285
0b000b01 0b00c501 10010 100 108738 2031829017 38771271 10021797
0b000e01 0b00c901 10005 100 66913 2021756950 48849742 10018290
0b000a01 0b00cc01 10013 100 77713 2040735592 29885450 10019196
0b000b01 0b00ce01 10010 100 735 2037923194 32728406 10012742
0b000d01 0b00cf01 10009 100 6290 2028038555 42621533 10013210
0b000201 0b00c601 10006 100 180607 2010153964 60535546 10027823
0b000b01 0b00c601 10007 100 447621 2023888003 46824723 10050210
0b000101 0b00c801 10017 100 98666 2051107384 19623271 10020953
0b000c01 0b00cc01 10017 100 49962 2035624299 35111102 10016868
0b000c01 0b00c701 10005 100 112866 2024377466 46362575 10022143
0b000701 0b00c601 10017 100 15 2039868958 30872880 10012685
0b000601 0b00c401 10020 100 50476 2036353725 34389804 10016913
0b000001 0b00cd01 10005 100 752325 2009964253 60780021 10075757
0b000301 0b00c701 10014 100 26943 2055755233 15000798 10014939
0b000a01 0b00c501 10012 100 3398 2037022611 33758996 10012967
0b000d01 0b00c401 10009 100 65857 2033680069 37113194 10018202
0b000501 0b00cc01 10011 100 12964 2022598507 48198505 10013767
0b000201 0b00c601 10018 100 1239 2034306130 36493939 10012786
0b000701 0b00ce01 10016 100 7291 2047056847 23752346 10013294
0b000201 0b00ce01 10017 100 120096 2027912205 42905206 10022752
0b000001 0b00cc01 10002 100 519954 2005109453 65715058 10056273
0b000601 0b00c201 10014 100 3592 2042637748 28193064 10012982
0b000d01 0b00cf01 10010 100 7222 2028318962 42525293 10013288
0b000c01 0b00c601 10017 100 28856 2042296890 28549479 10015099
0b000b01 0b00ca01 10020 100 64530 2053130953 17723393 10018092
0b000901 0b00c101 10011 100 16935 2045352203 25548775 10014100
0b000001 0b00c801 10011 100 10959 2023116428 47785598 10013598
0b000601 0b00c701 10004 100 796034 2008808054 62108962 10079423
0b000201 0b00cf01 10020 100 13133 2044571251 26512145 10013784
0b000501 0b00c001 10013 100 27859 2011245371 59848817 10015016
0b000d01 0b00c001 10016 100 50093 2045994412 25117291 10016883
0b000a01 0b00c401 10015 100 76838 2044856090 26259176 10019122
0b000201 0b00c901 10013 100 28686 2031736527 39384284 10015086
0b000001 0b00ce01 10017 100 19891 2040756855 30365270 10014348
0b000b01 0b00cc01 10020 100 148271 2037915630 33209132 10025113
0b000c01 0b00c801 10013 100 73470 2040568035 30559175 10018841
0b000101 0b00cd01 10017 100 41363 2042989572 28153115 10016150
0b000801 0b00c201 10006 100 70270 2020732943 50432736 10018574
0b000301 0b00cb01 10028 100 57411 2053843145 17358706 10017495
0b000901 0b00cb01 10010 100 20995 2035640660 35562877 10014440
0b000201 0b00cc01 10012 100 144059 2029654057 41565123 10024761
0b000801 0b00cc01 10008 100 82416 2021365487 49863939 10019592
0b000a01 0b00c301 10009 100 3987 2023894219 47345857 10013014
0b000901 0b00cf01 10012 100 34776 2033169098 38086945 10015596
0b000101 0b00c001 10013 100 117177 2038418485 32848455 10022507
0b000c01 0b00cd01 10015 100 62870 2031454861 39817410 10017951
0b000201 0b00c201 10016 100 73627 2041027491 30247490 10018854
0b000c01 0b00ca01 10007 100 53600 2027355662 43929707 10017175
0b000c01 0b00c101 10011 100 9800 2058514091 12782286 10013502
0b000501 0b00ce01 10015 100 50556 2040569268 30777022 10016920
0b000701 0b00c701 10008 100 10118 2024950805 46400058 10013531
0b000a01 0b00cf01 10019 100 141298 2049000023 22362973 10024529
0b000701 0b00cd01 10005 100 5368 2014966445 56406203 10013132
0b000101 0b00c401 10009 100 31452 2033367047 38017589 10015319
0b000c01 0b00cd01 10020 100 3167 2046643144 24761913 10012948
0b000f01 0b00cb01 10011 100 67122 2024161475 47245627 10018310
0b000101 0b00ca01 10018 100 846 2041390525 30052956 10012751
0b000301 0b00c001 10013 100 5110 2057641131 13812703 10013111
0b000001 0b00c001 10013 100 36916 2022170313 49301546 10015775
0b000a01 0b00c901 10010 100 1711 2024365874 47127373 10012824
0b000601 0b00c201 10015 100 42259 2044027845 27481523 10016225
0b000c01 0b00ca01 10012 100 62483 2044885069 26625004 10017920
0b000901 0b00c701 10011 100 718296 2016402534 55139976 10072904
0b000e01 0b00c401 10006 100 26679 2025275032 46343633 10014918
0b000801 0b00cc01 10021 100 34233 2049278727 22363853 10015553
0b000b01 0b00c301 10010 100 4543 2046266621 25383556 10013062
0b000c01 0b00c901 10012 100 72894 2040793690 30879146 10018791
0b000001 0b00ca01 10008 100 32688 2036912547 34762476 10015421
0b000701 0b00c601 10019 100 36706 2041851108 29827482 10015758
0b000301 0b00c901 10006 100 702384 2014459276 57223060 10071570
0b000801 0b00c101 10015 100 184141 2028300792 43421016 10028121
0b000201 0b00c001 10010 100 4143 2049391507 22362768 10013030
0b000c01 0b00c001 10008 100 3548 2029185700 42571356 10012979
0b000101 0b00cd01 10008 100 194149 2027155887 44614771 10028960
0b000e01 0b00c301 10019 100 57971 2054171671 17608943 10017540
0b000e01 0b00c001 10020 100 76299 2041041310 30803757 10019079
0b000e01 0b00ce01 10016 100 2611 2034821544 37029736 10012900
0b000c01 0b00c501 10012 100 16943 2025061508 46794404 10014100
0b000701 0b00c401 10010 100 118887 2030876389 40999825 10022647
0b000801 0b00cb01 10010 100 3946 2024603560 47290263 10013011
0b000601 0b00c501 10019 100 3998 2047263373 24661041 10013015
0b000201 0b00c601 10011 100 350844 2017231073 54709855 10042095
0b000201 0b00c101 10018 100 18271 2044976972 26974094 10014214
0b000c01 0b00c401 10023 100 23869 2043878193 28082200 10014681
0b000701 0b00c601 10008 100 79288 2023572397 48389081 10019330
0b000d01 0b00c201 10007 100 65981 2032849254 39115953 10018211
0b000f01 0b00c001 10007 100 61219 2023833322 48136808 10017815
0b000a01 0b00c901 10016 100 20751 2036312527 35657605 10014420
0b000201 0b00cf01 10021 100 12375 2044899401 27079132 10013719
0b000101 0b00c401 10011 100 71945 2045312146 26670031 10018712
0b000601 0b00c001 10012 100 112194 2036538791 35452434 10022089
0b000a01 0b00ca01 10014 100 35174 2047393088 24600079 10015632
0b000001 0b00c601 10020 100 3390 2038666259 33361624 10012966
0b000c01 0b00c901 10011 100 2800 2029443184 42615722 10012915
0b000f01 0b00cd01 10008 100 21108 2028899768 43167100 10014453
0b000d01 0b00c001 10017 100 23486 2055442478 16640071 10014651
0b000801 0b00ce01 10018 100 51259 2042406408 29699446 10016980
0b000401 0b00cf01 10007 100 22486 2036500553 35650266 10014567
0b000b01 0b00c601 10027 100 20773 2057697412 14485759 10014422
0b000d01 0b00c701 10020 100 25310 2050679693 21528517 10014804
0b000401 0b00c301 10020 100 11296 2036037733 36191872 10013629
0b000201 0b00c801 10010 100 11694 2038436567 33797532 10013661
0b000601 0b00c601 10024 100 5460 2043922895 28322500 10013139
0b000601 0b00c001 10011 100 46372 2034701791 37585488 10016570
0b000e01 0b00c501 10017 100 9505 2048482148 23830594 10013478
0b000601 0b00c201 10012 100 5430 2040889224 31428507 10013137
0b000a01 0b00c601 10017 100 42863 2056456128 15867059 10016274
0b000401 0b00cf01 10006 100 16577 2034349644 37996001 10014071
0b000c01 0b00c601 10008 100 471289 2027379289 44996729 10052195
0b000e01 0b00c701 10012 100 107948 2037167473 35209683 10021730
0b000801 0b00ca01 10012 100 228290 2027390082 44988121 10031822
0b000801 0b00cc01 10016 100 26936 2043779273 28599687 10014938
0b000b01 0b00c601 10012 100 21105 2034501568 37896715 10014452
0b000701 0b00ca01 10014 100 147592 2038942162 33522680 10025055
0b000401 0b00c501 10011 100 197388 2037088536 35378192 10029231
0b000801 0b00cf01 10010 100 512471 2027218291 45249177 10055647
0b000201 0b00c601 10013 100 18325 2023662893 48818380 10014218
0b000001 0b00cc01 10010 100 35595 2023895835 48593894 10015665
0b000d01 0b00c801 10018 100 22116 2042773443 29719746 10014537
0b000f01 0b00c201 10019 100 5507 2035514280 37011688 10013143
0b000e01 0b00cc01 10012 100 137596 2027016122 45558196 10024217
0b000b01 0b00c401 10017 100 615 2037397299 35183441 10012733
0b000201 0b00c201 10018 100 21355 2044874699 27711672 10014472
0b000301 0b00c101 10022 100 77101 2047291484 25304669 10019147
0b000401 0b00cb01 10009 100 19806 2029747830 42912541 10014341
0b000f01 0b00c201 10025 100 43617 2043705308 28963304 10016338
0b000001 0b00c301 10016 100 5901 2057955202 14719752 10013175
0b000d01 0b00c901 10007 100 23487 2022818802 49857064 10014651
0b000b01 0b00c601 10008 100 13277 2023983159 48739089 10013795
0b000301 0b00c801 10015 100 14007 2038506764 34220009 10013858
0b000901 0b00ca01 10018 100 36067 2043648001 29094029 10015707
0b000d01 0b00cf01 10023 100 45589 2047698072 25046016 10016503
0b000101 0b00cc01 10028 100 28591 2044979393 27783304 10015078
0b000101 0b00c301 10015 100 154627 2037460626 35304523 10025645
0b000101 0b00c501 10013 100 59018 2033044654 39735198 10017631
0b000601 0b00ca01 10013 100 7863 2034834266 37947628 10013339
0b000401 0b00cb01 10012 100 1441 2037173514 35631211 10012802
0b000e01 0b00cb01 10014 100 41508 2044463127 28344971 10016161
0b000601 0b00c901 10013 100 7337 2040550994 32268605 10013297
0b000801 0b00c601 10013 100 10790 2044934940 27915593 10013585
0b000401 0b00cb01 10013 100 553 2041587142 31263863 10012728
0b000701 0b00c601 10012 100 5354 2033362299 39503267 10013131
0b000601 0b00cd01 10013 100 3830 2036530490 36363806 10013001
0b000301 0b00ca01 10021 100 50696 2045093312 27809478 10016931
0b000501 0b00c701 10015 100 4034 2034095853 38816179 10013021
0b000301 0b00ce01 10016 100 19197 2036969790 35970257 10014292
0b000f01 0b00c601 10009 100 6066 2035976971 36963304 10013192
0b000c01 0b00cb01 10010 100 36126 2025931512 47016405 10015712
0b000b01 0b00cf01 10018 100 9236 2059118557 13858547 10013457
0b000401 0b00c201 10011 100 29527 2025901952 47084520 10015157
0b000e01 0b00cf01 10012 100 46132 2033196713 39794142 10016551
0b000901 0b00cb01 10015 100 58979 2045520153 27507481 10017624
0b000501 0b00c001 10026 100 22450 2050236808 22799301 10014564
0b000801 0b00ce01 10019 100 13579 2045096599 27977216 10013820
0b000a01 0b00c701 10013 100 30941 2036968632 36113078 10015274
0b000b01 0b00ce01 10011 100 61472 2045661598 27425137 10017835
0b000901 0b00cf01 10009 100 192952 2020372488 52723028 10028857
0b000901 0b00cb01 10018 100 29218 2050571784 22623243 10015132
0b000e01 0b00c201 10018 100 20872 2038990735 34226930 10014430
0b000c01 0b00c201 10021 100 63113 2056740807 16484470 10017974
0b000001 0b00c701 10013 100 66837 2023351336 49904200 10018284
0b000f01 0b00c201 10017 100 36394 2033227140 40029213 10015733
0b000801 0b00c701 10019 100 2814 2038503341 34767593 10012916
0b000c01 0b00c501 10019 100 53548 2045064921 28211224 10017171
0b000501 0b00c501 10018 100 4418 2047313545 25971923 10013052
0b000901 0b00c001 10018 100 74364 2048419458 24868892 10018917
0b000801 0b00ca01 10016 100 20363 2037762186 35554119 10014389
0b000801 0b00c701 10018 100 194275 2038229831 35100778 10028970
0b000c01 0b00c301 10010 100 39840 2044342149 28998478 10016020
0b000801 0b00c201 10012 100 97718 2035077268 38279623 10020873
0b000501 0b00cb01 10020 100 9443 2043401327 29964813 10013473
0b000801 0b00c401 10009 100 21440 2029750379 43636078 10014479
0b000501 0b00c601 10011 100 63167 2042269603 31157590 10017979
0b000701 0b00c901 10010 100 21497 2034553913 38907264 10014484
0b000801 0b00cc01 10011 100 53583 2023465206 50023489 10017174
0b000501 0b00cb01 10017 100 11847 2039255948 34233085 10013673
0b000e01 0b00c401 10005 100 42110 2024796832 48712000 10016213
0b000901 0b00cb01 10012 100 135442 2042296411 31220364 10024037
0b000901 0b00cb01 10023 100 9651 2059539104 13990872 10013490
0b000c01 0b00cc01 10021 100 43577 2044320821 29226663 10016335
0b000c01 0b00c801 10017 100 147131 2048424166 25125221 10025018
0b000501 0b00cb01 10021 100 21259 2049416885 24140133 10014465
0b000201 0b00c901 10006 100 159297 2020827167 52731606 10026038
0b000301 0b00c401 10012 100 29105 2050426614 23153452 10015123
0b000501 0b00c701 10020 100 38434 2037953117 35681660 10015904
0b000501 0b00ce01 10012 100 42560 2033054282 40586162 10016249
0b000301 0b00c201 10016 100 193621 2038819472 34823635 10028914
0b000a01 0b00c001 10006 100 538541 2013162730 60507024 10057833
0b000901 0b00c201 10016 100 22653 2047141829 26546152 10014580
0b000201 0b00ce01 10019 100 2888 2030326242 43370051 10012922
0b000a01 0b00cf01 10012 100 64823 2034286867 39416760 10018115
0b000401 0b00c901 10012 100 49541 2025284635 48452785 10016835
0b000901 0b00c301 10020 100 10226 2048519018 25239476 10013540
0b000901 0b00c901 10022 100 6562 2047980175 25780058 10013231
0b000d01 0b00cd01 10015 100 67834 2038442616 35342483 10018367
0b000101 0b00cc01 10022 100 23152 2037209869 36586809 10014624
0b000c01 0b00cf01 10016 100 26630 2030242590 43650864 10014914
0b000801 0b00c701 10012 100 56700 2023667845 50228946 10017434
0b000001 0b00c801 10010 100 491312 2021769421 52131190 10053874
0b000c01 0b00c701 10006 100 53035 2027321064 46616586 10017130
0b000d01 0b00c901 10023 100 27620 2047534644 26423347 10014997
0b000f01 0b00c401 10015 100 160359 2047710794 26265130 10026126
0b000701 0b00cb01 10017 100 59989 2039620767 34406731 10017709
0b000301 0b00c201 10015 100 66154 2038446630 35582613 10018229
0b000301 0b00c901 10010 100 2142 2037827002 36240932 10012862
0b000001 0b00c901 10022 100 57502 2044957373 29118311 10017502
0b000201 0b00c301 10010 100 2779 2037770705 36310144 10012913
0b000201 0b00c601 10026 100 48903 2049495825 24601218 10016780
0b000501 0b00c501 10021 100 47440 2051769476 22329184 10016659
0b000101 0b00ce01 10014 100 44478 2036453641 37694074 10016411
0b000601 0b00c201 10007 100 1411 2028428818 45725559 10012800
0b000301 0b00cc01 10006 100 9768 2025767735 48401975 10013499
0b000d01 0b00ca01 10007 100 59405 2036955094 37224290 10017662
0b000001 0b00c001 10026 100 62388 2044778920 29404980 10017912
0b000b01 0b00ca01 10018 100 50083 2037199452 36990281 10016882
0b000f01 0b00ca01 10014 100 26260 2030874405 43329460 10014884
0b000501 0b00c301 10016 100 16747 2041999574 32218258 10014085
0b000f01 0b00c701 10016 100 150669 2045660654 28570555 10025313
0b000e01 0b00c101 10008 100 273886 2022672424 51568830 10035643
0b000301 0b00ca01 10010 100 26359 2016089004 58156227 10014892
0b000f01 0b00c201 10007 100 582479 2020032281 54287830 10061517
0b000f01 0b00c001 10011 100 78095 2037033435 37286912 10019230
0b000001 0b00c101 10007 100 22807 2025520784 48805453 10014592
0b000e01 0b00ce01 10017 100 145319 2038968160 35391941 10024866
0b000201 0b00cb01 10013 100 8789 2051998967 22365245 10013417
0b000901 0b00c901 10021 100 55189 2044945213 29443677 10017310
0b000f01 0b00c401 10011 100 140490 2035304510 39131781 10024460
0b000d01 0b00cc01 10004 100 7756 2027778022 46684473 10013331
0b000501 0b00c401 10003 100 60548 2017753782 56741026 10017758
0b000501 0b00c201 10015 100 53601 2044318876 30189253 10017175
0b000a01 0b00c501 10011 100 43923 2035877834 38643463 10016362
0b000801 0b00c101 10020 100 2000 2046779796 27742056 10012847
0b000001 0b00cd01 10016 100 140927 2037490888 37039669 10024495
0b000101 0b00cb01 10018 100 21839 2047542395 27017125 10014511
0b000601 0b00cd01 10012 100 9708 2036477924 38087232 10013495
0b000801 0b00cf01 10016 100 26122 2059706870 14865699 10014873
0b000701 0b00cb01 10015 100 107914 2035485545 39101369 10021727
0b000401 0b00cf01 10016 100 4147 2050785091 23820812 10013030
0b000801 0b00c901 10016 100 121702 2048208338 26430762 10022884
0b000501 0b00c301 10010 100 51976 2027211386 47462872 10017037
0b000101 0b00c301 10017 100 34829 2045491873 29203098 10015600
0b000101 0b00cc01 10024 100 5502 2038204415 36517783 10013143
0b000801 0b00ce01 10017 100 27520 2040760870 33962119 10014989
0b000501 0b00cf01 10013 100 19300 2046464020 28275510 10014300
0b000901 0b00c101 10012 100 25004 2050680906 24064752 10014780
0b000201 0b00ce01 10015 100 3679 2026486481 48298375 10012989
0b000e01 0b00c501 10004 100 710059 2004991565 69798359 10072214
0b000701 0b00c701 10016 100 149230 2040389643 34485675 10025194
0b000701 0b00c101 10012 100 43681 2044435070 30455663 10016343
0b000701 0b00c201 10013 100 60613 2038555661 36335495 10017763
0b000401 0b00cc01 10006 100 5803 2028409241 46493426 10013167
0b000c01 0b00cb01 10015 100 6465 2036958815 37950778 10013224
0b000101 0b00c301 10014 100 44453 2036253652 38659091 10016409
0b000901 0b00c301 10018 100 25086 2044933192 29993309 10014786
0b000e01 0b00ce01 10019 100 65720 2041979674 32973745 10018191
0b000901 0b00c701 10018 100 22915 2039605175 35348680 10014601
0b000201 0b00c701 10017 100 9309 2048582522 26381578 10013463
0b000a01 0b00c101 10007 100 310281 2027970894 47017029 10038696
0b000101 0b00c801 10015 100 25537 2046258803 28730828 10014822
0b000e01 0b00c301 10017 100 72454 2033378476 41651251 10018756
0b000501 0b00c501 10016 100 2345 2046405435 28624869 10012879
0b000d01 0b00c901 10019 100 73120 2041277970 33822477 10018813
0b000201 0b00c601 10016 100 238464 2030267564 44850469 10032674
0b000401 0b00cb01 10018 100 4630 2051388003 23734619 10013069
0b000901 0b00cd01 10025 100 473 2060917673 14207135 10012721
0b000001 0b00c201 10013 100 63936 2036659424 38469972 10018040
0b000601 0b00c301 10019 100 53531 2036185575 38972615 10017169
0b000d01 0b00cc01 10008 100 24004 2039732480 35435906 10014696
0b000d01 0b00ca01 10008 100 54570 2038516217 36652268 10017256
0b000201 0b00c301 10008 100 72986 2033571263 41609265 10018799
0b000501 0b00ca01 10016 100 39318 2042785764 32426938 10015979
0b000f01 0b00c701 10014 100 9016 2038101708 37135165 10013439
0b000001 0b00c901 10023 100 70052 2045286142 29975994 10018556
0b000b01 0b00c701 10009 100 21054 2026175294 49093296 10014448
0b000501 0b00c301 10017 100 36669 2045056665 30234350 10015755
0b000a01 0b00c901 10018 100 183055 2044017376 31296644 10028030
0b000f01 0b00cd01 10013 100 68036 2048390590 26960708 10018387
0b000101 0b00c901 10008 100 55405 2024885743 50480923 10017327
0b000c01 0b00cf01 10023 100 49179 2051813774 23587015 10016806
0b000a01 0b00c901 10006 100 98667 2014977592 60433993 10020953
0b000c01 0b00c901 10018 100 15892 2054134857 21312265 10014012
0b000f01 0b00c401 10007 100 26946 2029683626 45770061 10014939
0b000301 0b00ce01 10009 100 58417 2025209155 50256614 10017579
0b000901 0b00c701 10028 100 47315 2058523602 16965305 10016649
0b000901 0b00cd01 10026 100 6673 2061059683 14471106 10013240
0b000701 0b00c101 10005 100 27512 2018421242 57118046 10014988
0b000a01 0b00c401 10011 100 68344 2037944913 37630957 10018412
0b000001 0b00c601 10012 100 190704 2022896284 52690334 10028669
0b000601 0b00c401 10019 100 109511 2035521244 40075114 10021863
0b000a01 0b00c001 10010 100 23452 2028925162 46689939 10014648
0b000001 0b00c301 10006 100 50930 2037676187 37945170 10016950
0b000b01 0b00c801 10013 100 4113 2042641833 32981572 10013028
0b000701 0b00c201 10015 100 8065 2041217810 34416686 10013359
0b000701 0b00c301 10009 100 457142 2030937865 44725736 10051010
0b000a01 0b00c001 10011 100 213372 2034016762 41647727 10030571
0b000a01 0b00c801 10014 100 56508 2025308531 50358542 10017419
0b000101 0b00c801 10009 100 47322 2026398701 49289283 10016650
0b000501 0b00c601 10004 100 934792 2011669765 64036998 10091053
0b000601 0b00cf01 10018 100 7490 2046173388 29550121 10013309
0b000401 0b00c501 10006 100 521986 2019207971 56541037 10056443
0b000101 0b00cd01 10020 100 54118 2046613989 29154443 10017220
0b000301 0b00c801 10028 100 24185 2059858896 15923873 10014710
0b000901 0b00cd01 10019 100 59420 2058158761 17639306 10017664
0b000f01 0b00ce01 10015 100 58490 2041023994 34780548 10017585
0b000b01 0b00c701 10016 100 44045 2047161757 28644003 10016376
0b000001 0b00ce01 10016 100 5118 2039523632 36282886 10013112
0b000501 0b00cc01 10025 100 47 2050483122 25336051 10012687
0b000a01 0b00cf01 10022 100 28031 2051672764 24171777 10015033
0b000401 0b00ce01 10018 100 68530 2043160079 32694849 10018427
0b000601 0b00c101 10012 100 171495 2038139724 37726145 10027060
0b000d01 0b00ca01 10012 100 58062 2049772379 26122797 10017551
0b000b01 0b00c901 10017 100 50767 2047590990 28308628 10016937
0b000201 0b00cf01 10023 100 1072 2049971107 25948709 10012773
0b000401 0b00c801 10010 100 35672 2036794304 39140501 10015672
0b000601 0b00c401 10012 100 1522 2026471920 49465369 10012809
0b000801 0b00c401 10013 100 27429 2042317539 33635329 10014981
0b000601 0b00c901 10017 100 95409 2054926837 21038232 10020681
0b000901 0b00cb01 10016 100 14324 2048637487 27334141 10013883
0b000001 0b00c101 10010 100 55798 2037876638 38135572 10017358
0b000c01 0b00c101 10009 100 25072 2046365583 29648077 10014785
0b000d01 0b00c201 10008 100 50948 2035388553 40629321 10016951
0b000c01 0b00c801 10016 100 2711 2047702040 28318675 10012908
0b000f01 0b00c501 10015 100 97623 2059735427 16338179 10020866
0b000101 0b00c801 10012 100 56945 2037380578 38700607 10017454
0b000201 0b00c801 10016 100 29123 2059961749 16151411 10015125
0b000201 0b00c701 10005 100 762691 2013948398 62167646 10076625
0b000201 0b00cc01 10017 100 25876 2040614563 35514039 10014849
0b000501 0b00cc01 10029 100 68424 2059413082 16718389 10018418
0b000801 0b00ca01 10007 100 18229 2017646195 58488080 10014211
0b000b01 0b00cc01 10012 100 29097 2026734524 49400302 10015122
0b000f01 0b00cb01 10017 100 52195 2037668072 38475997 10017059
0b000b01 0b00c201 10013 100 166344 2047078953 29073252 10026628
0b000001 0b00c901 10018 100 66637 2038684747 37497029 10018268
0b000c01 0b00c401 10020 100 228748 2037241292 38985247 10031859
0b000d01 0b00c701 10010 100 70977 2025187194 51056058 10018630
0b000f01 0b00c401 10012 100 3686 2039337688 36913780 10012990
0b000601 0b00cf01 10021 100 42157 2048444759 27810753 10016217
0b000c01 0b00cc01 10032 100 21741 2059467746 16805318 10014503
0b000101 0b00c401 10014 100 2797 2050340681 25947952 10012915
0b000b01 0b00c501 10013 100 23644 2038565449 37725172 10014663
0b000901 0b00cf01 10011 100 64535 2029137071 47159571 10018092
0b000a01 0b00c501 10013 100 28174 2040549618 35758183 10015045
0b000b01 0b00c301 10013 100 34897 2053276782 23035778 10015606
0b000701 0b00cb01 10013 100 184938 2030694619 45668765 10028185
0b000301 0b00c901 10013 100 56115 2044450292 31924407 10017388
0b000701 0b00cf01 10013 100 239 2052206595 24197378 10012702
0b000201 0b00ca01 10013 100 7653 2049005831 27398695 10013322
0b000601 0b00ce01 10005 100 72733 2015167679 61257059 10018778
0b000b01 0b00c401 10019 100 9279 2039330072 37116395 10013460
0b000801 0b00ce01 10020 100 18989 2049462773 27012110 10014272
0b000901 0b00c101 10009 100 7176 2039409347 37078231 10013284
0b000e01 0b00ce01 10022 100 49892 2049183881 27305805 10016863
0b000a01 0b00c001 10021 100 6865 2061914475 14576800 10013256
0b000001 0b00cd01 10018 100 195924 2039472493 37024736 10029106
0b000601 0b00ce01 10013 100 76289 2042367072 34186496 10019078
0b000d01 0b00c201 10015 100 2270 2047861811 28696470 10012873
0b000d01 0b00c701 10011 100 57928 2028542026 48022271 10017536
0b000701 0b00c001 10011 100 27438 2026671864 49949647 10014982
0b000801 0b00ca01 10017 100 38297 2038463827 38163507 10015893
0b000801 0b00c301 10021 100 17858 2051004497 25648348 10014177
0b000d01 0b00c901 10016 100 48459 2032393910 44267779 10016744
0b000f01 0b00cb01 10024 100 3744 2049450098 27213601 10012994
0b000d01 0b00c701 10023 100 51193 2058205642 18490040 10016975
0b000601 0b00c501 10015 100 19887 2039572480 37161292 10014347
0b000c01 0b00cb01 10011 100 487411 2026217828 50531116 10053546
0b000801 0b00c801 10023 100 47069 2049664205 27090175 10016629
0b000901 0b00cc01 10021 100 39395 2061222456 15535245 10015985
0b000601 0b00cd01 10014 100 88098 2037942954 38821819 10020069
0b000c01 0b00c801 10014 100 16687 2041146299 35622350 10014080
0b000201 0b00c701 10020 100 42996 2052810935 24015204 10016284
0b000801 0b00cc01 10019 100 42357 2046805534 30028903 10016233
0b000701 0b00cf01 10009 100 2808 2033302452 43554015 10012916
0b000801 0b00c301 10018 100 75022 2040905046 35965564 10018973
0b000501 0b00cb01 10024 100 35755 2063601570 13276453 10015678
0b000901 0b00c001 10015 100 152711 2046382836 30496436 10025484
0b000501 0b00c901 10020 100 30756 2053860600 23041275 10015259
0b000601 0b00c401 10026 100 13346 2050707387 26202059 10013801
0b000501 0b00c501 10011 100 23730 2040975029 35944004 10014670
0b000e01 0b00cd01 10016 100 4798 2049486889 27432402 10013083
0b000a01 0b00c501 10025 100 35454 2061084976 15835763 10015654
0b000501 0b00c601 10014 100 3186 2049323430 27605949 10012950
0b000b01 0b00c001 10021 100 272166 2048315561 28617995 10035501
0b000001 0b00c901 10006 100 165665 2014131418 62817879 10026570
0b000801 0b00ca01 10024 100 18778 2051167206 25832794 10014255
0b000201 0b00c501 10014 100 324016 2037110472 39896575 10039849
0b000901 0b00c901 10019 100 25723 2039144013 37901765 10014837
0b000701 0b00cf01 10012 100 36398 2050427455 26623201 10015733
0b000101 0b00ce01 10007 100 11193 2019194881 57858328 10013621
0b000401 0b00c301 10026 100 52403 2045857550 31208371 10017075
0b000401 0b00c901 10017 100 9289 2044754675 32311963 10013461
0b000701 0b00c401 10015 100 5572 2044745085 32329249 10013148
0b000901 0b00c701 10021 100 121981 2044709399 32368104 10022906
0b000901 0b00cb01 10013 100 6409 2044110487 32968761 10013219
0b000f01 0b00ca01 10005 100 330620 2012354658 64763876 10040400
0b000a01 0b00c601 10020 100 66553 2059432601 17690094 10018261
0b000f01 0b00c501 10010 100 43379 2042762584 34371909 10016319
0b000401 0b00c701 10011 100 24719 2040155946 36983078 10014753
0b000201 0b00c501 10012 100 151997 2034359035 42789650 10025423
0b000f01 0b00c701 10008 100 246 2030618242 46544626 10012703
0b000a01 0b00cf01 10015 100 31199 2038996442 38176280 10015298
0b000a01 0b00c401 10014 100 8404 2044167042 33016499 10013386
0b000d01 0b00c901 10022 100 37343 2043046427 34164961 10015813
0b000d01 0b00cc01 10007 100 21143 2039562526 37665798 10014455
0b000301 0b00ca01 10024 100 47424 2052779934 24489794 10016658
0b000101 0b00c701 10007 100 5167 2042818704 34451893 10013116
0b000e01 0b00c201 10019 100 20119 2039023413 38265418 10014370
0b000201 0b00c401 10019 100 15713 2050648970 26694237 10013998
0b000b01 0b00c101 10011 100 44900 2050306498 27037322 10016444
0b000101 0b00c201 10019 100 4518 2049449711 27925183 10013060
0b000101 0b00cc01 10010 100 56786 2018259816 59144814 10017441
0b000e01 0b00c201 10022 100 63873 2044014939 33392318 10018035
0b000001 0b00c301 10008 100 24530 2042034338 35379814 10014738
0b000901 0b00c501 10021 100 17946 2048254581 29163938 10014184
0b000201 0b00cd01 10024 100 24545 2039993518 37426975 10014739
0b000201 0b00c401 10011 100 11810 2033783404 43649738 10013670
0b000d01 0b00c301 10014 100 10761 2042201136 35290262 10013583
0b000c01 0b00cc01 10025 100 306 2051436373 26118307 10012708
0b000001 0b00ca01 10009 100 38629 2040280694 37278610 10015920
0b000f01 0b00cf01 10010 100 134347 2038260804 39314604 10023946
0b000401 0b00c301 10021 100 21494 2036507069 41075717 10014484
0b000701 0b00cf01 10011 100 23749 2042117199 35471514 10014672
0b000701 0b00c301 10021 100 47898 2049898037 27701764 10016696
0b000201 0b00c601 10020 100 73908 2037707071 39895490 10018876
0b000701 0b00cb01 10021 100 47921 2050149420 27469194 10016698
0b000501 0b00c901 10016 100 58405 2037521654 40125679 10017578
0b000f01 0b00c101 10022 100 2514 2057396806 20258911 10012892
0b000c01 0b00c301 10001 100 389427 2011388251 66283069 10045331
0b000001 0b00c001 10027 100 27860 2050100457 27580946 10015016
0b000701 0b00c601 10021 100 76331 2048803278 28879983 10019082
0b000b01 0b00c701 10008 100 606990 2022131299 55557933 10063570
0b000001 0b00c501 10029 100 20155 2061768221 15956838 10014373
0b000001 0b00c201 10010 100 20680 2032482144 45264121 10014415
0b000601 0b00c801 10016 100 2303 2054158423 23589630 10012875
0b000701 0b00ce01 10020 100 4951 2054178428 23571250 10013095
0b000201 0b00cb01 10011 100 36873 2039595589 38165161 10015771
0b000701 0b00c601 10015 100 2926 2035335809 42437309 10012925
0b000701 0b00c101 10011 100 9212 2039524639 38255932 10013455
0b000401 0b00cb01 10016 100 66388 2049602756 28179567 10018248
0b000001 0b00c401 10016 100 61799 2046476693 31326497 10017862
0b000801 0b00cc01 10015 100 38386 2039466979 38351402 10015900
0b000d01 0b00c001 10015 100 39744 2041467284 36381903 10016013
0b000201 0b00cf01 10017 100 157454 2039117800 38745747 10025883
0b000601 0b00c601 10022 100 23897 2041359824 36528501 10014683
0b000001 0b00c901 10020 100 46744 2041300233 36589496 10016600
0b000601 0b00ca01 10017 100 75169 2055892393 22033686 10018985
0b000301 0b00c801 10013 100 46551 2032898686 45029111 10016584
0b000401 0b00c601 10019 100 62514 2044771610 33190848 10017923
0b000b01 0b00c901 10020 100 35244 2051229866 26734793 10015637
0b000201 0b00ce01 10029 100 28568 2062691184 15276089 10015076
0b000e01 0b00c601 10002 100 824225 2003758082 74210212 10081786
0b000601 0b00c601 10003 100 1008794 2005396254 72590015 10097258
0b000301 0b00c101 10023 100 41867 2048478451 29550155 10016190
0b000101 0b00c901 10010 100 57690 2031007691 47096509 10017517
0b000601 0b00c301 10022 100 29712 2041528603 36580267 10015172
0b000401 0b00cf01 10011 100 6789 2043724963 34429538 10013250
0b000701 0b00cd01 10011 100 10870 2028243049 49914552 10013591
0b000301 0b00c501 10014 100 11598 2033430642 44736025 10013653
0b000601 0b00c001 10014 100 70063 2037378599 40790089 10018557
0b000901 0b00c501 10019 100 28545 2044134329 34040933 10015074
0b000901 0b00c601 10012 100 57801 2038992710 39231036 10017526
0b000801 0b00c001 10008 100 605213 2022888398 55340710 10063424
0b000501 0b00c301 10015 100 74844 2041385282 36854758 10018955
0b000d01 0b00c901 10026 100 6105 2054528911 23717345 10013195
0b000801 0b00c801 10014 100 473757 2032246508 46000196 10052400
0b000c01 0b00c901 10016 100 32471 2050089924 28158695 10015404
0b000301 0b00ca01 10022 100 72422 2049155132 29097974 10018754
0b000301 0b00c201 10024 100 5682 2063702231 14550925 10013157
0b000701 0b00c801 10007 100 430378 2033620058 44670598 10048765
0b000f01 0b00c701 10013 100 63637 2037497721 40802480 10018016
0b000901 0b00cc01 10013 100 9781 2041086221 37271841 10013500
0b000001 0b00c101 10004 100 21081 2020226110 58140582 10014450
0b000e01 0b00c801 10020 100 1436 2043421331 34948091 10012802
0b000601 0b00c601 10021 100 20688 2039753365 38635506 10014415
0b000a01 0b00c701 10003 100 687029 2007473285 70915751 10070284
0b000c01 0b00c501 10027 100 64627 2053952064 24448994 10018099
0b000101 0b00ca01 10015 100 297627 2034259581 44144271 10037634
0b000301 0b00ca01 10017 100 113374 2038232284 40178668 10022187
0b000101 0b00c201 10025 100 3069 2063939534 14474024 10012940
0b000a01 0b00c701 10016 100 2420 2045707340 32707855 10012885
0b000801 0b00ca01 10015 100 191239 2034230249 44221566 10028716
0b000f01 0b00c201 10006 100 5588 2018831433 59635736 10013150
0b000401 0b00c601 10012 100 6323 2031124601 47349566 10013212
0b000101 0b00cb01 10017 100 63302 2046755998 31721871 10017989
0b000001 0b00c701 10017 100 55078 2031588558 46898791 10017301
0b000e01 0b00c901 10016 100 7765 2043156644 35350465 10013331
0b000601 0b00c801 10009 100 74583 2035876685 42633482 10018934
0b000701 0b00c201 10019 100 7765 2054737537 23777673 10013331
0b000501 0b00cc01 10000 100 1847664 2001924042 76600342 10167589
0b000a01 0b00c501 10015 100 25073 2048705328 29831459 10014785
0b000801 0b00c301 10014 100 4009 2029693344 48860152 10013019
0b000601 0b00cb01 10006 100 182862 2039370341 39183954 10028011
0b000301 0b00c101 10026 100 2240 2064925286 13636403 10012870
0b000c01 0b00c801 10009 100 514676 2023472695 55090442 10055831
0b000d01 0b00cb01 10019 100 69836 2042870762 35693444 10018535
0b000f01 0b00cd01 10011 100 67641 2047702523 30864135 10018352
0b000001 0b00c701 10024 100 58678 2041456354 37118874 10017600
0b000c01 0b00ce01 10021 100 7874 2054701281 23900081 10013340
0b000101 0b00c001 10022 100 26954 2062454348 16151001 10014940
0b000101 0b00c601 10013 100 77088 2030392046 48218842 10019146
0b000301 0b00cf01 10011 100 24761 2031935062 46681229 10014756
0b000701 0b00ca01 10019 100 9253 2050858091 27759941 10013458
0b000d01 0b00ca01 10010 100 28194 2044681060 33973544 10015046
0b000701 0b00c101 10013 100 19899 2045814115 32890557 10014348
0b000401 0b00c101 10017 100 4891 2042380821 36330389 10013090
0b000701 0b00cb01 10019 100 77955 2047753322 30964962 10019215
0b000101 0b00ce01 10019 100 82880 2047637149 31081793 10019629
0b000e01 0b00c401 10018 100 2901 2049597595 29121714 10012923
0b000a01 0b00c501 10026 100 33080 2062889977 15844991 10015456
0b000901 0b00ca01 10022 100 2671 2053602893 25156577 10012905
0b000801 0b00cc01 10007 100 25972 2019884432 58910957 10014857
0b000e01 0b00cf01 10010 100 15683 2031020303 47779284 10013996
0b000301 0b00c101 10017 100 57480 2033417818 45385298 10017501
0b000c01 0b00cb01 10013 100 7581 2031819488 47001103 10013317
0b000001 0b00ce01 10019 100 9935 2044291510 34537873 10013513
0b000f01 0b00cf01 10011 100 31152 2039388151 39443045 10015295
0b000901 0b00c301 10017 100 15979 2043527383 35329932 10014019
0b000a01 0b00cc01 10014 100 68412 2041483152 37399249 10018417
0b000f01 0b00cb01 10015 100 32776 2035183484 43741071 10015428
0b000801 0b00ca01 10028 100 54054 2061343689 17591786 10017215
0b000201 0b00c301 10013 100 40902 2040544986 38473833 10016109
0b000301 0b00c601 10017 100 4860 2052979972 26063202 10013088
0b000d01 0b00c301 10017 100 14113 2045837199 33249173 10013866
0b000e01 0b00c201 10030 100 43699 2062023592 17084256 10016344
0b000101 0b00c701 10004 100 167806 2033344056 45768406 10026749
0b000501 0b00cf01 10018 100 12590 2051011804 28128011 10013737
0b000101 0b00c501 10022 100 57 2051273833 27869263 10012688
0b000f01 0b00c001 10019 100 40314 2053949991 25214482 10016062
0b000d01 0b00cd01 10007 100 891864 2017792678 61427178 10087454
0b000901 0b00c501 10018 100 17182 2041615784 37633177 10014123
0b000b01 0b00cd01 10010 100 112901 2037567452 41681783 10022146
0b000501 0b00c901 10023 100 14889 2064630310 14664010 10013928
0b000901 0b00c301 10019 100 4506 2048259676 31034792 10013059
0b000401 0b00cc01 10012 100 113437 2061034099 18261044 10022192
0b000401 0b00ca01 10017 100 53176 2045906932 33426376 10017141
0b000d01 0b00ca01 10005 100 59005 2032459583 46906737 10017630
0b000c01 0b00cd01 10007 100 323369 2011590736 67795932 10039793
0b000701 0b00cd01 10018 100 3970 2049735613 29655623 10013012
0b000401 0b00c301 10015 100 388079 2028316005 51089966 10045220
0b000a01 0b00c201 10021 100 98651 2047420927 31992943 10020952
0b000401 0b00c001 10012 100 35143 2048290117 31130739 10015629
0b000b01 0b00cd01 10007 100 183047 2026645816 52803152 10028030
0b000601 0b00c601 10016 100 31677 2032429968 47053054 10015337
0b000d01 0b00c901 10017 100 9019 2032508823 46974555 10013439
0b000401 0b00c101 10023 100 17190 2053925899 25559768 10014124
0b000c01 0b00cf01 10022 100 62923 2051084914 28406535 10017955
0b000001 0b00c801 10029 100 13960 2056433638 23095465 10013850
0b000201 0b00c901 10026 100 28329 2064385241 15169633 10015057
0b000001 0b00cb01 10014 100 60973 2040860797 38739713 10017792
0b000701 0b00cf01 10014 100 9031 2055285252 24326735 10013440
0b000d01 0b00cd01 10019 100 6079 2051007443 28608374 10013193
0b000e01 0b00c301 10008 100 23753 2019375757 60241264 10014672
0b000101 0b00c701 10017 100 4721 2065064835 14587642 10013076
0b000601 0b00c601 10023 100 28353 2041530126 38152989 10015059
0b000601 0b00cf01 10006 100 470595 2017653634 62077795 10052136
0b000d01 0b00cd01 10016 100 7124 2043004782 36727718 10013280
0b000c01 0b00cd01 10018 100 42679 2040710062 39027542 10016259
0b000701 0b00ce01 10014 100 32401 2044464285 35276485 10015398
0b000401 0b00c301 10024 100 79199 2041937227 37809760 10019323
0b000001 0b00c501 10011 100 68378 2029371961 50381557 10018415
0b000001 0b00c001 10020 100 7630 2036317388 43450983 10013321
0b000e01 0b00c601 10014 100 4751 2034626429 45144330 10013079
0b000401 0b00cf01 10019 100 27866 2055138916 24675274 10015016
0b000f01 0b00ce01 10025 100 2159 2067290303 12531888 10012864
0b000101 0b00cd01 10027 100 2208 2065531431 14308460 10012868
0b000501 0b00c101 10013 100 1881 2040608001 39233600 10012838
0b000501 0b00cb01 10018 100 46220 2042784827 37065430 10016558
0b000301 0b00c101 10019 100 27478 2042564991 37308726 10014985
0b000301 0b00c501 10013 100 21143 2031836281 48047691 10014455
0b000e01 0b00c101 10018 100 6384 2050145994 29745317 10013217
0b000401 0b00ce01 10019 100 2743 2052309187 27594353 10012910
0b000d01 0b00c601 10009 100 20012 2032623214 47282332 10014361
0b000201 0b00c601 10022 100 7119 2041630990 38280070 10013280
0b000a01 0b00ce01 10014 100 14498 2044664020 35258835 10013897
0b000801 0b00ca01 10022 100 108775 2048636350 31319741 10021800
0b000a01 0b00c501 10027 100 8832 2065999488 14001722 10013421
0b000101 0b00cb01 10020 100 1310 2058492751 21519887 10012792
0b000101 0b00c901 10014 100 73678 2039611035 40411243 10018858
0b000b01 0b00c601 10010 100 14318 2030921670 49116518 10013883
0b000301 0b00cb01 10025 100 6131 2043843106 36214843 10013197
0b000a01 0b00cf01 10006 100 744931 2015403763 64657878 10075135
0b000e01 0b00c601 10017 100 15341 2045741608 34327741 10013968
0b000601 0b00cc01 10010 100 242834 2024690795 55379713 10033039
0b000701 0b00ca01 10021 100 2582 2056527561 23544546 10012898
0b000101 0b00c201 10017 100 12730 2045047473 35026376 10013748
0b000f01 0b00c201 10016 100 18963 2032636606 47458333 10014270
0b000601 0b00cd01 10020 100 26549 2042147676 37954716 10014907
0b000a01 0b00cf01 10016 100 185230 2042823046 37310512 10028212
0b000801 0b00cb01 10015 100 29059 2049997026 30137648 10015119
0b000801 0b00c901 10012 100 9041 2044339214 35813021 10013441
0b000801 0b00cd01 10017 100 1552 2045292428 34885368 10012811
0b000b01 0b00c901 10018 100 69522 2050341023 29866381 10018510
0b000401 0b00c201 10017 100 61268 2044786820 35465881 10017819
0b000801 0b00c401 10011 100 34822 2036319121 43935857 10015600
0b000f01 0b00c801 10020 100 27745 2058980676 21276000 10015007
0b000801 0b00c701 10029 100 29874 2057536591 22747003 10015185
0b000401 0b00c301 10025 100 36769 2045656740 34681593 10015763
0b000f01 0b00c101 10014 100 40913 2036401789 43946839 10016110
0b000a01 0b00c801 10020 100 28145 2042446693 37919461 10015042
0b000c01 0b00c201 10012 100 82150 2039367928 41006669 10019570
0b000701 0b00c001 10020 100 21240 2049251620 31124616 10014463
0b000601 0b00cb01 10005 100 68336 2027197391 53220248 10018411
0b000501 0b00ca01 10020 100 70451 2052139802 28300276 10018588
0b000f01 0b00cf01 10013 100 146818 2042711340 37734146 10024989
0b000b01 0b00c601 10021 100 44737 2052936986 27533226 10016431
0b000d01 0b00cf01 10014 100 27088 2030702272 49774234 10014954
0b000201 0b00cd01 10020 100 4509 2033890575 46599891 10013059
0b000201 0b00c301 10014 100 30098 2043338431 37195687 10015206
0b000b01 0b00cd01 10017 100 31905 2064408380 16130233 10015355
0b000801 0b00c701 10024 100 101954 2047335818 33215682 10021228
0b000f01 0b00c901 10007 100 1028160 2016364994 64193181 10098884
0b000901 0b00c701 10026 100 46360 2055734783 24846507 10016569
0b000201 0b00c901 10019 100 239719 2044693629 35893458 10032779
0b000501 0b00c701 10022 100 46836 2043346413 37253017 10016607
0b000a01 0b00c401 10003 100 838000 2011733592 68921580 10082937
0b000801 0b00c701 10011 100 521777 2018253221 62404322 10056426
0b000c01 0b00cc01 10015 100 292609 2031360840 49309167 10037213
0b000701 0b00c501 10010 100 76353 2052929804 27761141 10019083
0b000201 0b00c301 10023 100 4924 2058250364 22449250 10013093
0b000101 0b00cd01 10010 100 29901 2032778663 47923524 10015187
0b000a01 0b00c601 10024 100 22588 2064771984 15964459 10014575
0b000d01 0b00c601 10010 100 310074 2033644647 47095857 10038680
0b000b01 0b00c001 10020 100 2541 2047979864 32770017 10012894
0b000a01 0b00cc01 10020 100 27057 2056729301 24034484 10014952
0b000e01 0b00c601 10021 100 3978 2056341718 24438780 10013013
0b000301 0b00c401 10014 100 11682 2054570969 26215900 10013660
0b000b01 0b00ce01 10012 100 1049 2059401268 21390078 10012771
0b000301 0b00c301 10005 100 826263 2009527000 71274669 10081956
0b000301 0b00cd01 10009 100 423805 2039470376 41335012 10048212
0b000801 0b00c201 10001 100 1331099 2005073184 75743124 10124282
0b000501 0b00cf01 10010 100 79756 2033484218 47364359 10019367
0b000501 0b00c501 10023 100 1792 2056853433 23996297 10012831
0b000601 0b00c601 10017 100 193592 2035754480 45098822 10028912
0b000d01 0b00c801 10020 100 54087 2048760822 32105625 10017218
0b000a01 0b00ce01 10016 100 91457 2049405494 31464985 10020349
0b000101 0b00ce01 10013 100 190392 2034109248 46782961 10028644
0b000d01 0b00c501 10006 100 539479 2021964731 58933346 10057911
0b000c01 0b00cd01 10016 100 6449 2037870781 43036174 10013222
0b000501 0b00c301 10019 100 27192 2050326958 30591784 10014962
0b000401 0b00cf01 10015 100 7972 2048860545 32071568 10013348
0b000801 0b00c601 10015 100 47708 2052263688 28702849 10016680
0b000301 0b00cb01 10027 100 8951 2046991182 33987006 10013430
0b000101 0b00c001 10014 100 6362 2046638773 34368558 10013215
0b000301 0b00c801 10024 100 1724 2051333440 29695036 10012825
0b000401 0b00c601 10017 100 23853 2043144177 37892448 10014680
0b000401 0b00c701 10010 100 154424 2036506770 44539791 10025629
0b000e01 0b00ce01 10026 100 66993 2061422673 19631365 10018296
0b000301 0b00cb01 10026 100 8011 2045991526 35075725 10013355
0b000801 0b00c501 10025 100 160 2059712828 21361904 10012696
0b000101 0b00c401 10010 100 1499 2043163113 37940134 10012807
0b000001 0b00c401 10017 100 2145 2054955139 26182643 10012863
0b000001 0b00ce01 10020 100 27465 2045855695 35297047 10014984
0b000f01 0b00c201 10026 100 9371 2044013292 37148485 10013468
0b000001 0b00cd01 10022 100 23138 2043842557 37327293 10014623
0b000f01 0b00cc01 10022 100 69431 2055095892 26081263 10018503
0b000e01 0b00ca01 10004 100 623064 2008097597 73107198 10064921
0b000f01 0b00c201 10031 100 28660 2053359824 27847346 10015084
0b000201 0b00c501 10010 100 69642 2033777976 47429225 10018520
0b000001 0b00c801 10022 100 27870 2045037220 36172048 10015017
0b000901 0b00c701 10025 100 23298 2053516586 27703342 10014636
0b000b01 0b00ca01 10019 100 22155 2045490287 35750392 10014540
0b000001 0b00c001 10025 100 8133 2044685932 36600487 10013365
0b000301 0b00cf01 10017 100 16312 2052270812 29038774 10014050
0b000801 0b00c201 10018 100 22991 2054968536 26354411 10014607
0b000c01 0b00cc01 10014 100 51303 2030508397 50815090 10016983
0b000501 0b00cc01 10022 100 58681 2045595674 35763605 10017601
0b000a01 0b00c601 10014 100 28954 2045438920 35921540 10015107
0b000101 0b00c001 10016 100 226 2047560840 33810729 10012701
0b000e01 0b00c001 10021 100 3204 2046582320 34828379 10012951
0b000001 0b00c401 10012 100 20566 2036290324 45134522 10014405
0b000101 0b00c301 10005 100 795916 2009832341 71619789 10079409
0b000901 0b00c601 10015 100 2545 2052327583 29143502 10012895
0b000b01 0b00c501 10016 100 23566 2052768018 28703629 10014657
0b000f01 0b00c601 10018 100 10458 2057559141 23917196 10013558
0b000501 0b00ce01 10018 100 12962 2044572989 36921639 10013766
0b000501 0b00c601 10010 100 272761 2041866100 39630744 10035549
0b000801 0b00c101 10022 100 85821 2050079380 31425466 10019875
0b000301 0b00c301 10016 100 165041 2038623685 42884258 10026520
0b000701 0b00c701 10021 100 27713 2059612383 21896133 10015004
0b000a01 0b00c201 10011 100 20331 2022545118 58966497 10014387
0b000c01 0b00cf01 10014 100 136627 2028633203 52889666 10024136
0b000a01 0b00c401 10008 100 134296 2033078394 48468641 10023942
0b000801 0b00ce01 10014 100 4041 2036600230 44967871 10013022
0b000201 0b00c301 10015 100 27236 2044161555 37437149 10014966
0b000901 0b00c401 10014 100 70164 2041870571 39732667 10018565
0b000301 0b00cf01 10018 100 40808 2056904901 24715099 10016102
0b000601 0b00cd01 10011 100 58574 2029151150 52490578 10017592
0b000301 0b00c901 10014 100 1278 2047640358 34013411 10012789
0b000701 0b00c801 10014 100 9140 2053331478 28355626 10013449
0b000f01 0b00cc01 10021 100 14332 2051390699 30302853 10013884
0b000801 0b00c801 10022 100 16869 2048229462 33481479 10014094
0b000901 0b00c601 10013 100 145838 2047723631 34000822 10024907
0b000d01 0b00cc01 10016 100 4043 2069146696 12605788 10013022
0b000e01 0b00c101 10014 100 69543 2039747787 42028187 10018512
0b000d01 0b00c701 10021 100 39086 2056097373 25682343 10015960
0b000901 0b00ca01 10016 100 343167 2030780215 51012538 10041454
0b000a01 0b00c201 10022 100 78251 2051055901 30743506 10019243
0b000b01 0b00c101 10010 100 79756 2048965096 32835379 10019367
0b000b01 0b00c701 10014 100 16999 2045469092 36357679 10014105
0b000701 0b00c001 10021 100 16770 2051368361 30476949 10014086
0b000f01 0b00c301 10021 100 9810 2069097693 12780879 10013503
0b000a01 0b00c601 10019 100 15535 2058703829 23186396 10013984
0b000801 0b00c901 10015 100 30635 2045780449 36198232 10015249
0b000501 0b00c601 10008 100 26740 2031410203 50586540 10014922
0b000e01 0b00c701 10014 100 21266 2043577640 38437930 10014465
0b000101 0b00cc01 10031 100 30669 2054108616 27948688 10015252
0b000e01 0b00c401 10015 100 52164 2042413654 39748815 10017056
0b000401 0b00c901 10016 100 13459 2043564873 38614154 10013810
0b000e01 0b00c601 10015 100 68154 2042372723 39824266 10018397
0b000c01 0b00cb01 10025 100 29561 2064692867 17505444 10015160
0b000901 0b00c301 10022 100 43595 2052137495 30063532 10016336
0b000e01 0b00c001 10018 100 68176 2040287746 41927960 10018399
0b000801 0b00c701 10022 100 62202 2044717342 37500578 10017898
0b000f01 0b00ce01 10018 100 402880 2049113398 33141091 10046457
0b000c01 0b00c601 10020 100 33983 2055875798 26381509 10015529
0b000f01 0b00cc01 10016 100 21270 2038796286 43470089 10014466
0b000401 0b00c101 10022 100 27954 2053781650 28492310 10015023
0b000f01 0b00c901 10021 100 4591 2049586209 32698855 10013066
0b000901 0b00c901 10023 100 147958 2048086563 34220405 10025084
0b000801 0b00c101 10023 100 46440 2050950357 31390241 10016575
0b000001 0b00c601 10023 100 167996 2045337818 37014428 10026764
0b000401 0b00c501 10017 100 156956 2059870432 22514449 10025839
0b000b01 0b00c401 10008 100 857914 2018282587 64104778 10084607
0b000501 0b00c001 10032 100 9893 2065985683 16422060 10013509
0b000901 0b00c201 10020 100 181540 2050934670 31479786 10027902
0b000701 0b00c101 10014 100 57525 2052190278 30288168 10017504
0b000201 0b00c001 10011 100 48022 2053657800 28833816 10016709
0b000701 0b00c301 10020 100 24365 2047570004 34925581 10014725
0b000401 0b00c201 10016 100 2637 2040398021 42107718 10012902
0b000601 0b00c301 10016 100 51341 2034656861 47858515 10016986
0b000d01 0b00c201 10019 100 20561 2054042941 28484887 10014405
0b000801 0b00c101 10019 100 7352 2045490191 37045080 10013298
0b000f01 0b00c301 10016 100 699 2050148662 32418137 10012739
0b000101 0b00c301 10019 100 27114 2055255890 27316590 10014956
0b000001 0b00c001 10016 100 164592 2031495148 51111915 10026480
0b000101 0b00cd01 10022 100 42479 2051393180 31214371 10016243
0b000801 0b00c501 10018 100 4693 2046711047 35914342 10013074
0b000601 0b00ce01 10022 100 3548 2058380893 24262954 10012979
0b000a01 0b00c801 10023 100 12928 2047294879 35357428 10013764
0b000401 0b00c401 10010 100 47593 2046869163 35787201 10016671
0b000201 0b00c301 10009 100 42486 2034097523 48608688 10016244
0b000701 0b00c701 10012 100 430113 2033262382 49473549 10048744
0b000101 0b00cd01 10028 100 44966 2066334961 16406778 10016450
0b000e01 0b00ce01 10011 100 44179 2023565649 59212426 10016387
0b000b01 0b00c801 10020 100 10266 2060805545 21984279 10013543
0b000801 0b00c501 10013 100 47178 2036304987 46496071 10016638
0b000801 0b00c401 10017 100 9878 2053095367 29761746 10013508
0b000101 0b00c201 10016 100 32183 2044795541 38065709 10015381
0b000401 0b00c101 10015 100 155934 2037315957 45550925 10025753
0b000901 0b00cc01 10016 100 9028 2054526737 28341531 10013440
0b000d01 0b00c901 10028 100 32213 2057565202 25324893 10015383
0b000101 0b00c501 10023 100 159615 2051475098 31435165 10026063
0b000a01 0b00c901 10011 100 544434 2026683156 56236487 10058327
0b000901 0b00c301 10021 100 56582 2050519271 32401755 10017425
0b000a01 0b00cf01 10013 100 16941 2037432600 45526002 10014100
0b000001 0b00c801 10018 100 15702 2038999919 43984161 10013997
0b000a01 0b00cf01 10024 100 22495 2056336119 26680602 10014567
0b000d01 0b00c701 10022 100 40495 2056442099 26578989 10016077
0b000401 0b00c501 10015 100 74499 2054578427 28444895 10018927
0b000c01 0b00c501 10003 100 1345738 2005406346 77648229 10125507
0b000001 0b00c301 10014 100 15058 2053698566 29398203 10013946
0b000701 0b00ca01 10013 100 9197 2036979560 46124162 10013454
0b000c01 0b00cd01 10025 100 17944 2061660872 21465864 10014184
0b000301 0b00ce01 10019 100 28797 2046387231 36739964 10015095
0b000e01 0b00cc01 10018 100 14231 2054796259 28342311 10013876
0b000601 0b00c501 10020 100 7369 2048524715 34622944 10013300
0b000b01 0b00cd01 10018 100 20292 2067586610 15563798 10014384
0b000701 0b00cc01 10013 100 73863 2042568205 40598469 10018873
0b000701 0b00cc01 10014 100 15071 2047241382 35951122 10013947
0b000e01 0b00c101 10020 100 7481 2050248482 32944797 10013309
0b000f01 0b00c401 10010 100 102428 2034792217 48446866 10021269
0b000c01 0b00c401 10027 100 24948 2051409240 31838401 10014771
0b000001 0b00c901 10026 100 7884 2048088611 35177187 10013341
0b000201 0b00c401 10021 100 63261 2056977755 26288993 10017986
0b000c01 0b00cf01 10017 100 55834 2035866497 47400267 10017361
0b000701 0b00c501 10008 100 40834 2045698182 37578416 10016104
0b000701 0b00c301 10014 100 25971 2036828823 46472054 10014857
0b000f01 0b00c201 10034 100 68523 2057276294 26041584 10018426
0b000801 0b00c101 10024 100 11879 2052251946 31073270 10013676
0b000b01 0b00cd01 10013 100 354 2046572514 36758648 10012712
0b000b01 0b00cd01 10009 100 34010 2037180692 46177851 10015535
0b000201 0b00c701 10012 100 21923 2034084367 49274975 10014518
0b000401 0b00c201 10029 100 9646 2070276535 13184883 10013490
0b000401 0b00c201 10015 100 6722 2037655668 45806973 10013244
0b000301 0b00cc01 10005 100 29364 2025111079 58378071 10015144
0b000a01 0b00cb01 10018 100 29003 2055356317 28157561 10015115
0b000f01 0b00c201 10020 100 8033 2036441597 47085615 10013357
0b000d01 0b00c701 10006 100 712690 2016290528 67266365 10072433
0b000101 0b00cf01 10019 100 1282 2036553158 47022311 10012790
0b000201 0b00c101 10022 100 9864 2053446978 30128629 10013507
0b000601 0b00c401 10022 100 42959 2043357561 40229922 10016281
0b000c01 0b00c001 10012 100 44712 2053412811 30175548 10016429
0b000f01 0b00cb01 10018 100 29082 2045716307 37884090 10015121
0b000f01 0b00c401 10016 100 69320 2053203062 30400009 10018494
0b000601 0b00c901 10012 100 26250 2040136167 43488899 10014883
0b000301 0b00c801 10026 100 8180 2054565382 29073776 10013368
0b000101 0b00cf01 10020 100 41186 2037032217 46620088 10016136
0b000801 0b00c501 10016 100 59263 2042090815 41568055 10017651
0b000d01 0b00ca01 10017 100 16994 2058473327 25219229 10014104
0b000401 0b00c301 10017 100 28471 2035585336 48145925 10015069
0b000501 0b00c901 10019 100 18091 2049079075 34654235 10014200
0b000801 0b00cf01 10013 100 28051 2045707755 38039489 10015035
0b000801 0b00c601 10014 100 78113 2045618520 38135522 10019232
0b000c01 0b00c501 10016 100 58261 2036175780 47629937 10017567
0b000c01 0b00c801 10018 100 19827 2048922294 34892241 10014342
0b000e01 0b00cb01 10016 100 43310 2046130261 37695214 10016313
0b000101 0b00c001 10002 100 1485692 2006347787 77480659 10137241
0b000901 0b00c201 10009 100 27777 2024533023 59302207 10015009
0b000201 0b00c801 10012 100 29408 2047470891 36368655 10015147
0b000201 0b00cd01 10022 100 2097 2036611494 47250459 10012859
0b000f01 0b00c201 10021 100 75535 2036639545 47226579 10019014
0b000501 0b00c101 10016 100 1406 2058612259 25267861 10012800
0b000f01 0b00cd01 10017 100 7687 2060168319 23715170 10013325
0b000a01 0b00c001 10015 100 75007 2044014552 39876002 10018972
0b000701 0b00c201 10017 100 20533 2047750581 36158529 10014403
0b000a01 0b00c601 10025 100 4975 2069285606 14627828 10013097
0b000001 0b00cd01 10030 100 29613 2067535948 16393407 10015164
0b000e01 0b00c101 10027 100 74998 2063007051 20936027 10018967
0b000401 0b00c001 10006 100 64835 2034717559 49243464 10018116
0b000201 0b00c501 10016 100 122333 2041181036 42792028 10022938
0b000801 0b00c501 10020 100 140593 2051866071 32134250 10024468
0b000901 0b00ce01 10011 100 158039 2046184815 37844708 10025933
0b000601 0b00cc01 10021 100 18770 2045416925 38639113 10014254
0b000401 0b00ca01 10008 100 541912 2020532226 63558217 10058114
0b000301 0b00cd01 10001 100 1121242 2005088065 79013838 10106687
0b000001 0b00c301 10011 100 18829 2047637153 36503109 10014259
0b000801 0b00cb01 10019 100 18832 2057799188 26346400 10014259
0b000001 0b00c001 10015 100 228993 2029089737 55067581 10031878
0b000701 0b00c601 10009 100 21627 2023926566 60263817 10014494
0b000501 0b00c401 10008 100 13281 2058674503 25529395 10013796
0b000401 0b00c201 10020 100 240 2052239731 31969411 10012703
0b000c01 0b00c401 10018 100 62930 2036417649 47808143 10017956
0b000001 0b00cb01 10011 100 66116 2032965610 51272965 10018226
0b000d01 0b00cb01 10022 100 23708 2052545578 31701886 10014668
0b000701 0b00c001 10019 100 29460 2043983734 40289729 10015152
0b000f01 0b00ca01 10019 100 25513 2040667346 43616660 10014820
0b000d01 0b00c901 10018 100 281709 2038275055 46010644 10036299
0b000901 0b00ca01 10024 100 25295 2061503194 22783262 10014803
0b000601 0b00c501 10021 100 3676 2056162109 28173274 10012989
0b000a01 0b00cf01 10017 100 46691 2047171768 37211608 10016595
0b000f01 0b00cc01 10020 100 2517 2049206662 35202221 10012892
0b000f01 0b00c201 10032 100 82372 2053581058 30828008 10019588
0b000901 0b00cc01 10011 100 80576 2032447166 51972178 10019437
0b000201 0b00cf01 10016 100 26496 2038895076 45571446 10014903
0b000501 0b00c401 10007 100 73430 2051018238 33469132 10018838
0b000101 0b00c001 10015 100 24032 2046935050 37558498 10014698
0b000701 0b00c801 10012 100 48904 2045130769 39388105 10016780
0b000e01 0b00c601 10010 100 14993 2023975246 60555149 10013937
0b000001 0b00cf01 10017 100 44238 2046246135 38315772 10016391
0b000a01 0b00c001 10022 100 7861 2061942730 22620751 10013339
0b000701 0b00c501 10009 100 52497 2046970277 37598056 10017083
0b000e01 0b00c801 10017 100 63719 2037232761 47364914 10018023
0b000e01 0b00c301 10005 100 594947 2008561610 76042189 10062560
0b000101 0b00c201 10018 100 4327 2048731657 35891697 10013045
0b000d01 0b00cf01 10020 100 9821 2037586639 47052405 10013504
0b000501 0b00c901 10021 100 14716 2054151264 30515372 10013914
0b000f01 0b00c801 10016 100 21510 2047511510 37166221 10014485
0b000101 0b00c401 10012 100 2617 2045906377 38786144 10012900
0b000b01 0b00cd01 10012 100 191040 2046439202 38264164 10028700
0b000501 0b00c301 10018 100 63178 2048965277 35764438 10017980
0b000b01 0b00c201 10014 100 49589 2049470039 35270705 10016839
0b000c01 0b00c901 10017 100 47863 2050998771 33745100 10016693
0b000d01 0b00c701 10019 100 589 2050317590 34469889 10012730
0b000101 0b00cd01 10018 100 53634 2043538686 41253164 10017178
0b000801 0b00c801 10026 100 9316 2058922803 25907116 10013463
0b000901 0b00c501 10020 100 115914 2044530024 40307085 10022398
0b000901 0b00cd01 10016 100 7379 2045132047 39721242 10013301
0b000f01 0b00cf01 10019 100 68812 2057761345 27092955 10018449
0b000501 0b00c801 10014 100 19423 2041954597 42908836 10014310
0b000101 0b00cf01 10025 100 14794 2061713581 23160732 10013921
0b000301 0b00ce01 10023 100 61636 2055853067 29028911 10017848
0b000b01 0b00c701 10017 100 57465 2049128803 35771869 10017499
0b000a01 0b00c801 10007 100 716444 2013454203 71462569 10072748
0b000201 0b00cb01 10015 100 89475 2057806978 27114383 10020183
0b000701 0b00c601 10016 100 27963 2038277659 46651102 10015024
0b000701 0b00cc01 10022 100 9404 2072193583 12780086 10013470
0b000901 0b00cc01 10019 100 4612 2059359474 25618114 10013068
0b000601 0b00c401 10021 100 191288 2040907064 44124780 10028720
0b000201 0b00c801 10006 100 21694 2026888349 58146619 10014500
0b000701 0b00cd01 10016 100 2928 2036482067 48560732 10012925
0b000b01 0b00c301 10005 100 26370 2036376579 48756976 10014893
0b000601 0b00cc01 10027 100 18987 2059710335 25451377 10014271
0b000a01 0b00ca01 10018 100 757 2055471025 29753192 10012744
0b000e01 0b00c801 10016 100 23383 2036885669 48383759 10014642
0b000301 0b00ce01 10021 100 22940 2054016116 31266701 10014603
0b000501 0b00cf01 10012 100 41854 2038481701 46806211 10016189
0b000d01 0b00c401 10022 100 23837 2068286413 17016244 10014679
0b000201 0b00c401 10022 100 40357 2057298932 28012802 10016066
0b000801 0b00ca01 10020 100 22286 2045567063 39797851 10014551
0b000701 0b00c401 10022 100 8256 2060697216 24687735 10013375
0b000b01 0b00c901 10016 100 27726 2047483263 37943239 10015005
0b000801 0b00c001 10003 100 825073 2011615127 73834135 10081857
0b000001 0b00c901 10017 100 68805 2037834624 47630933 10018449
0b000301 0b00c501 10021 100 47298 2060772798 24713048 10016648
0b000a01 0b00ca01 10020 100 24975 2058702680 26827719 10014774
0b000701 0b00c601 10020 100 71921 2044774583 40776980 10018710
0b000201 0b00c101 10021 100 4907 2051571988 33983712 10013091
0b000c01 0b00ce01 10016 100 13728 2047743833 37827650 10013832
0b000301 0b00c201 10018 100 9558 2049696894 35899235 10013483
0b000b01 0b00cc01 10018 100 42584 2035161855 50440567 10016251
0b000f01 0b00c601 10014 100 56130 2049350578 36276405 10017389
0b000901 0b00cf01 10020 100 24407 2062267287 23386101 10014728
0b000701 0b00cb01 10020 100 10859 2047826522 37856690 10013590
0b000501 0b00c601 10012 100 52024 2046432668 39261564 10017045
0b000001 0b00ca01 10014 100 269499 2044855034 40854168 10035276
0b000f01 0b00cb01 10027 100 13303 2057762021 27979094 10013798
0b000601 0b00c901 10014 100 179731 2049426007 36319150 10027749
0b000201 0b00c001 10012 100 26244 2054720879 31051483 10014883
0b000101 0b00c801 10013 100 5772 2039060157 46714527 10013164
0b000a01 0b00ca01 10016 100 16376 2050440252 35336426 10014055
0b000301 0b00ca01 10016 100 35983 2037060932 48731310 10015696
0b000301 0b00ca01 10028 100 48601 2067292027 18509993 10016756
0b000f01 0b00c601 10020 100 139759 2066296692 19533954 10024398
0b000801 0b00c701 10031 100 71448 2059411738 26426171 10018672
0b000d01 0b00cc01 10011 100 60485 2046282532 39571547 10017753
0b000d01 0b00c501 10013 100 60707 2046500754 39371167 10017770
0b000701 0b00c001 10014 100 196559 2033235728 52648825 10029161
0b000901 0b00cf01 10010 100 163318 2023288899 62618867 10026375
0b000801 0b00cb01 10022 100 146527 2062344534 23567138 10024966
0b000d01 0b00c601 10017 100 5815 2058252792 27675118 10013168
0b000f01 0b00c601 10013 100 106282 2043191964 42738636 10021593
0b000601 0b00c701 10019 100 62493 2049686748 36268954 10017921
0b000401 0b00cf01 10010 100 57111 2040409767 45550326 10017471
0b000a01 0b00c201 10023 100 16321 2059647694 26332803 10014050
0b000601 0b00ce01 10019 100 23202 2056582747 29401729 10014628
0b000501 0b00c901 10017 100 63028 2042811100 43180667 10017968
0b000301 0b00ca01 10018 100 59008 2039197210 46797703 10017631
0b000101 0b00c401 10015 100 23934 2050814652 35183712 10014686
0b000101 0b00c801 10020 100 49261 2057362976 28637738 10016812
0b000601 0b00c401 10018 100 43319 2034525638 51480049 10016314
0b000c01 0b00cc01 10024 100 59345 2051069382 34941671 10017658
0b000b01 0b00c801 10015 100 5589 2046124577 39896477 10013150
0b000001 0b00c401 10021 100 3999 2063541783 22491253 10013015
0b000b01 0b00c601 10025 100 4411 2055894326 30143525 10013052
0b000501 0b00cd01 10016 100 414 2048700359 37341935 10012716
0b000601 0b00c301 10018 100 27277 2035774283 50277124 10014969
0b000f01 0b00c101 10018 100 16141 2050276660 35775094 10014036
0b000401 0b00c401 10006 100 146036 2028549647 57506196 10024927
0b000601 0b00c501 10017 100 25277 2041609350 44447362 10014802
0b000e01 0b00ca01 10028 100 36043 2044353999 41722893 10015705
0b000401 0b00ce01 10007 100 484045 2021996730 64088916 10053266
0b000701 0b00c301 10017 100 28807 2039213594 46909659 10015095
0b000d01 0b00cd01 10021 100 8888 2054725727 31413402 10013425
0b000901 0b00c201 10018 100 188763 2049664862 36480483 10028506
0b000701 0b00c501 10007 100 45617 2038554654 47591708 10016506
0b000101 0b00c501 10018 100 41790 2039643159 46522864 10016184
0b000901 0b00ce01 10014 100 7837 2064484601 21691883 10013337
0b000401 0b00ca01 10019 100 20314 2046963508 39216839 10014385
0b000001 0b00c401 10013 100 45071 2036747325 49461502 10016462
0b000501 0b00ce01 10020 100 34761 2049529622 36679935 10015595
0b000401 0b00c001 10013 100 7863 2048373903 37837495 10013339
0b000701 0b00ce01 10011 100 25642 2039351400 46860839 10014831
0b000201 0b00c301 10011 100 36140 2040110048 46118290 10015713
0b000d01 0b00c001 10014 100 4140 2041206845 45025570 10013030
0b000201 0b00cc01 10020 100 28982 2050914157 35322211 10015109
0b000c01 0b00cc01 10020 100 50266 2040843258 45398570 10016897
0b000901 0b00c501 10024 100 71030 2060113152 26137154 10018638
0b000001 0b00c101 10011 100 40297 2048093006 38253967 10016061
0b000001 0b00c801 10012 100 533228 2023953808 62426626 10057388
0b000f01 0b00c301 10020 100 53905 2059786368 26628015 10017199
0b000801 0b00ca01 10026 100 1075 2056437079 30008705 10012773
0b000401 0b00ce01 10022 100 62018 2058612854 27844778 10017883
0b000701 0b00ca01 10023 100 37396 2056804834 29694647 10015817
0b000b01 0b00cc01 10026 100 9689 2064621519 21878173 10013493
0b000d01 0b00cb01 10008 100 1071637 2016986896 69513775 10102527
0b000901 0b00c401 10016 100 7892 2056139664 30382596 10013342
0b000f01 0b00c001 10016 100 42710 2047976536 38583408 10016261
0b000e01 0b00ca01 10024 100 130379 2032906617 53668830 10023613
0b000001 0b00c501 10018 100 20909 2038246852 48334274 10014433
0b000e01 0b00c201 10029 100 9331 2061264518 25322043 10013464
0b000e01 0b00cf01 10015 100 181814 2046373422 40232635 10027924
0b000a01 0b00cf01 10011 100 278235 2032432736 54194055 10036010
0b000601 0b00c701 10017 100 165059 2044848173 41779003 10026522
0b000401 0b00cb01 10017 100 137817 2050393237 36241184 10024235
0b000801 0b00ce01 10021 100 37343 2050018314 36627612 10015813
0b000d01 0b00cd01 10027 100 5776 2071048486 15631920 10013165
0b000601 0b00c001 10016 100 109667 2041544002 45136729 10021875
0b000101 0b00c401 10021 100 4442 2065003442 21694443 10013054
0b000701 0b00c401 10013 100 466684 2036033685 50706114 10051808
0b000b01 0b00c901 10019 100 171639 2051180226 35565830 10027071
0b000701 0b00c901 10014 100 73209 2046143482 40604239 10018820
0b000f01 0b00c901 10016 100 27020 2039982506 46774678 10014949
0b000401 0b00cb01 10019 100 79160 2055043128 31718313 10019320
0b000e01 0b00c601 10018 100 22590 2050650604 36137304 10014575
0b000401 0b00c001 10008 100 278920 2037832413 48977055 10036064
0b000b01 0b00ca01 10022 100 77517 2056075258 30756862 10019180
0b000901 0b00cf01 10001 100 5231540 2001936859 84904533 10451294
0b000a01 0b00c601 10021 100 75419 2059739329 27183200 10019005
0b000301 0b00c301 10019 100 9538 2047920367 39003399 10013481
0b000801 0b00c201 10016 100 61129 2047816218 39138705 10017808
0b000201 0b00c701 10013 100 64827 2035770802 51204069 10018115
0b000101 0b00c501 10026 100 33173 2055755073 31241195 10015464
0b000401 0b00c701 10015 100 12957 2053687871 33326815 10013766
0b000301 0b00c301 10021 100 54109 2050579449 36452524 10017219
0b000701 0b00c201 10016 100 24362 2044129665 42904273 10014724
0b000401 0b00c601 10014 100 160896 2034632951 52427116 10026169
0b000d01 0b00c301 10022 100 49758 2059590103 27487287 10016852
0b000f01 0b00c901 10019 100 63059 2045803935 41296443 10017970
0b000e01 0b00c601 10023 100 50284 2061192274 25914594 10016898
0b000a01 0b00cf01 10020 100 55229 2049312941 37814179 10017313
0b000d01 0b00c601 10015 100 26485 2054417884 32775014 10014902
0b000501 0b00cf01 10015 100 40721 2047602914 39597730 10016095
0b000701 0b00c201 10018 100 63202 2049102693 38102632 10017981
0b000401 0b00c601 10021 100 2255 2055771519 31434498 10012871
0b000801 0b00c801 10028 100 7448 2061190804 26057883 10013306
0b000001 0b00cf01 10019 100 14475 2050441798 36808586 10013895
0b000401 0b00c201 10014 100 118775 2034548556 52748184 10022638
0b000101 0b00c401 10016 100 66871 2053174599 34125469 10018286
0b000c01 0b00ce01 10003 100 990695 2010636152 76684442 10095741
0b000801 0b00c301 10024 100 18774 2060071875 27258716 10014254
0b000501 0b00ca01 10011 100 391689 2032104270 55238429 10045520
0b000901 0b00cd01 10022 100 38560 2059621304 27735767 10015914
0b000601 0b00ce01 10021 100 24679 2057584262 29781547 10014750
0b000701 0b00c801 10010 100 243843 2039390227 47982924 10033124
0b000c01 0b00ca01 10015 100 48930 2060891094 26499970 10016782
0b000501 0b00c501 10019 100 21061 2050734723 36658187 10014449
0b000d01 0b00ca01 10023 100 25515 2070184123 17258977 10014821
0b000c01 0b00cf01 10020 100 203140 2042966949 44514944 10029714
0b000e01 0b00c101 10023 100 6950 2054731603 32750304 10013262
0b000101 0b00cf01 10027 100 10875 2064518195 22979313 10013592
0b000901 0b00ce01 10015 100 105091 2066507167 21019791 10021494
0b000b01 0b00c401 10016 100 528097 2036290762 51241454 10056959
0b000601 0b00cd01 10030 100 59864 2065542959 21995745 10017699
0b000c01 0b00c101 10013 100 6312 2071814878 15740483 10013211
0b000501 0b00c301 10020 100 34397 2050622595 36940038 10015566
0b000201 0b00c701 10015 100 61987 2037848465 49717545 10017877
0b000601 0b00c801 10011 100 3954 2038517189 49063240 10013011
0b000001 0b00c501 10023 100 21422 2050373501 37212037 10014478
0b000c01 0b00c501 10026 100 69130 2051586417 36006225 10018479
0b000f01 0b00ce01 10014 100 5324 2038655799 48962638 10013128
0b000b01 0b00c901 10025 100 22457 2061012536 26686328 10014564
0b000001 0b00c501 10024 100 15647 2050871117 36837199 10013993
0b000501 0b00cf01 10017 100 40429 2050947486 36768532 10016071
0b000301 0b00c101 10012 100 793771 2019725800 68029667 10079230
0b000101 0b00c101 10005 100 820662 2012354424 75422571 10081485
0b000501 0b00c701 10014 100 421269 2032865918 54924274 10048002
0b000901 0b00c001 10025 100 3359 2065441336 22405886 10012964
0b000401 0b00c101 10020 100 3916 2049650973 38205843 10013008
0b000301 0b00cc01 10015 100 82692 2056293798 31590867 10019614
0b000201 0b00c601 10033 100 39883 2059898856 27989317 10016024
0b000c01 0b00c301 10017 100 18481 2059261434 28647697 10014231
0b000601 0b00c001 10019 100 39551 2046891871 41037896 10015997
0b000001 0b00cc01 10024 100 36337 2059629397 28309119 10015729
0b000101 0b00cf01 10024 100 2246 2057727830 30267322 10012871
0b000101 0b00c701 10005 100 95246 2038787317 49216019 10020668
0b000601 0b00c101 10014 100 10006 2049045221 38966690 10013522
0b000501 0b00c101 10019 100 29271 2066173060 21866560 10015136
0b000001 0b00c301 10020 100 8646 2062054964 25994533 10013406
0b000c01 0b00c101 10007 100 24109 2043991559 44076780 10014704
0b000c01 0b00ce01 10017 100 32660 2048873755 39196631 10015419
0b000e01 0b00c701 10024 100 33016 2068674929 19414969 10015451
0b000a01 0b00c801 10017 100 481789 2035095942 52994019 10053074
0b000d01 0b00c501 10012 100 20854 2044553496 43544511 10014428
0b000d01 0b00c901 10021 100 16621 2042715126 45425823 10014074
0b000201 0b00ce01 10024 100 51117 2041889247 46302369 10016969
0b000501 0b00c701 10006 100 935527 2012902125 75301960 10091116
0b000b01 0b00c201 10016 100 9492 2052714841 35504398 10013477
0b000e01 0b00c501 10023 100 8348 2066971219 21264265 10013382
0b000f01 0b00c501 10012 100 4945 2052866407 35397304 10013094
0b000e01 0b00ca01 10005 100 701535 2008269358 80005098 10071498
0b000301 0b00c801 10021 100 9212 2048632200 39645925 10013455
0b000d01 0b00c301 10018 100 24926 2049990917 38304524 10014770
0b000901 0b00ce01 10012 100 28884 2049927115 38375988 10015102
0b000601 0b00c001 10020 100 9189 2050381698 37934201 10013453
0b000501 0b00c201 10014 100 1186 2038066902 50272459 10012782
0b000901 0b00cc01 10015 100 492 2053263312 35079543 10012723
0b000301 0b00c501 10017 100 46706 2052478010 35882785 10016596
0b000601 0b00ce01 10023 100 41100 2063525363 24851735 10016129
0b000d01 0b00cd01 10017 100 42353 2049070402 39329099 10016233
0b000b01 0b00c201 10019 100 7411 2061853214 26549984 10013303
0b000f01 0b00cd01 10016 100 20475 2056076072 32363135 10014398
0b000a01 0b00c701 10015 100 11545 2041934032 46510341 10013649
0b000301 0b00ce01 10004 100 510271 2014044315 74402858 10055463
0b000e01 0b00c801 10023 100 8346 2056225849 32222969 10013382
0b000801 0b00c501 10019 100 77944 2050415801 38037543 10019215
0b000601 0b00cc01 10033 100 21322 2073454166 15014751 10014470
0b000a01 0b00c701 10021 100 30556 2052210715 36261886 10015243
0b000301 0b00c201 10019 100 59513 2049860686 38624794 10017671
0b000d01 0b00c401 10017 100 40325 2052356220 36169564 10016063
0b000701 0b00cb01 10022 100 14606 2051903035 36677861 10013906
0b000f01 0b00cf01 10018 100 15238 2055920403 32707048 10013960
0b000101 0b00c501 10012 100 192948 2029938630 58703370 10028856
0b000f01 0b00ce01 10022 100 4789 2060045291 28629657 10013082
0b000801 0b00c201 10017 100 74921 2050321879 38391802 10018961
0b000901 0b00cb01 10022 100 74413 2059191849 29564820 10018921
0b000d01 0b00c301 10021 100 62982 2057588904 31212190 10017960
0b000c01 0b00c501 10030 100 21620 2058837040 29964235 10014494
0b000001 0b00c401 10009 100 8412 2031172864 57642077 10013387
0b000001 0b00c301 10021 100 8508 2065698842 23126463 10013395
0b000b01 0b00c901 10024 100 51294 2056510236 32318197 10016983
0b000301 0b00cb01 10015 100 381813 2026206222 62659523 10044691
0b000901 0b00cf01 10015 100 21102 2043066725 45826982 10014452
0b000801 0b00c101 10017 100 118200 2038969396 49928121 10022592
0b000e01 0b00c501 10025 100 31998 2069698876 19218628 10015362
0b000b01 0b00cf01 10012 100 15743 2039484674 49477423 10014000
0b000101 0b00c001 10017 100 17110 2053812698 35189256 10014117
0b000f01 0b00c801 10017 100 65675 2049274028 39746667 10018187
0b000c01 0b00ce01 10015 100 74653 2045580986 43446042 10018940
0b000901 0b00c801 10020 100 126678 2066639171 22388816 10023301
0b000501 0b00c101 10015 100 190566 2056578111 32451582 10028658
0b000501 0b00c801 10013 100 30824 2040419018 48625222 10015264
0b000501 0b00c901 10012 100 68315 2030767360 58278012 10018410
0b000001 0b00cb01 10019 100 35152 2064092360 24987967 10015630
0b000801 0b00c501 10021 100 3184 2052423402 36693821 10012950
0b000901 0b00c301 10014 100 207264 2035644528 53484222 10030059
0b000a01 0b00c401 10013 100 327320 2042875426 46297590 10040125
0b000301 0b00c501 10018 100 62758 2055338438 33850218 10017942
0b000a01 0b00c701 10025 100 8437 2054260945 34957475 10013389
0b000001 0b00cd01 10017 100 64318 2037716184 51564948 10018075
0b000401 0b00c201 10006 100 695008 2013903626 75383525 10070953
0b000c01 0b00cf01 10013 100 503190 2027558897 61731199 10054870
0b000b01 0b00c401 10023 100 60921 2043919129 45400655 10017787
0b000901 0b00c801 10015 100 51640 2049617818 39725533 10017010
0b000601 0b00c601 10019 100 135548 2037591702 51766582 10024046
0b000201 0b00c601 10027 100 2645 2049684039 39679548 10012903
0b000101 0b00c101 10020 100 11980 2050944793 38469302 10013684
0b000f01 0b00ca01 10016 100 640788 2032840762 56581402 10066404
0b000f01 0b00c501 10013 100 25809 2054071539 35364574 10014844
0b000601 0b00cc01 10005 100 673424 2015404175 74037057 10069142
0b000801 0b00c201 10020 100 35758 2056930142 32512690 10015678
0b000301 0b00c301 10007 100 796378 2013937546 75549472 10079450
0b000901 0b00c301 10013 100 540605 2030228939 59266107 10058005
0b000301 0b00ca01 10023 100 54230 2049185802 40342089 10017229
0b000e01 0b00c201 10024 100 82470 2048601563 40933700 10019596
0b000301 0b00c001 10010 100 32899 2048599037 40971368 10015438
0b000d01 0b00c601 10025 100 30540 2074644349 14936139 10015242
0b000b01 0b00c101 10007 100 28592 2029949374 59640985 10015078
0b000401 0b00c601 10027 100 21261 2066957658 22660918 10014465
0b000e01 0b00c701 10017 100 20018 2049928341 39709863 10014362
0b000901 0b00cc01 10014 100 22137 2041984402 47677340 10014539
0b000a01 0b00c101 10012 100 15862 2055459282 34208920 10014010
0b000a01 0b00c101 10013 100 35437 2056785450 32909840 10015653
0b000601 0b00ca01 10022 100 6846 2065569170 24127733 10013254
0b000901 0b00c201 10019 100 76533 2050480884 39222193 10019098
0b000001 0b00c201 10014 100 23762 2052297258 37459120 10014673
0b000001 0b00c701 10022 100 4545 2041405457 48366798 10013062
0b000601 0b00c401 10025 100 21905 2050480578 39334094 10014516
0b000f01 0b00c501 10007 100 157820 2028566951 61286877 10025912
0b000101 0b00c701 10010 100 3901 2053671545 36203418 10013007
0b000f01 0b00cf01 10012 100 372786 2040200827 49676119 10043935
0b000e01 0b00cd01 10017 100 36771 2058658320 31228390 10015763
0b000201 0b00ca01 10014 100 56444 2060609256 29305212 10017414
0b000301 0b00ce01 10018 100 172839 2046319561 43612925 10027171
0b000a01 0b00c201 10018 100 325208 2039762061 50184989 10039948
0b000d01 0b00ce01 10017 100 72243 2056835581 33128841 10018739
0b000a01 0b00cb01 10016 100 302127 2046896537 43110930 10038013
0b000601 0b00c101 10015 100 40122 2052573633 37451824 10016047
0b000601 0b00cd01 10021 100 52601 2050002045 40086901 10017091
0b000801 0b00c101 10018 100 26232 2040135990 49961233 10014882
0b000601 0b00cf01 10014 100 36522 2037515769 52586914 10015743
0b000e01 0b00c801 10021 100 18770 2043785708 46327794 10014254
0b000101 0b00c701 10016 100 2016 2063734526 26418884 10012852
0b000801 0b00c601 10021 100 8728 2067380840 22777604 10013412
0b000801 0b00cf01 10014 100 48914 2051482057 38701384 10016781
0b000901 0b00ca01 10021 100 79715 2049450218 40734317 10019364
0b000301 0b00cf01 10008 100 469128 2024805596 65382251 10052015
0b000f01 0b00c401 10017 100 9828 2055609668 34602563 10013504
0b000901 0b00c001 10020 100 89125 2054506915 35711937 10020155
0b000101 0b00c101 10022 100 12333 2058623508 31595754 10013716
0b000901 0b00c201 10017 100 120837 2049415503 40847160 10022811
0b000101 0b00ce01 10018 100 3312 2046598067 43686877 10012960
0b000801 0b00ce01 10015 100 50118 2039373909 50925132 10016885
0b000b01 0b00c501 10022 100 62756 2065086930 25237665 10017942
0b000d01 0b00c401 10014 100 45021 2050853420 39499350 10016458
0b000c01 0b00c401 10031 100 10188 2065304076 25054269 10013537
0b000e01 0b00ce01 10024 100 68629 2058683272 31683995 10018435
0b000601 0b00c501 10018 100 139235 2043373518 47004226 10024356
0b000d01 0b00c301 10019 100 23704 2051955346 38435796 10014668
0b000301 0b00c301 10002 100 1402684 2002810381 87609118 10130282
0b000601 0b00c401 10035 100 7798 2074394723 16025925 10013334
0b000c01 0b00c601 10015 100 29920 2040329594 50185049 10015188
0b000701 0b00cb01 10023 100 7657 2054744782 35770532 10013323
0b000801 0b00c901 10017 100 60437 2054281585 36251852 10017749
0b000201 0b00c901 10021 100 39897 2052436989 38113228 10016025
0b000501 0b00cc01 10031 100 5 2061508342 29094334 10012684
0b000201 0b00cf01 10019 100 55150 2039523450 51122966 10017307
0b000f01 0b00cb01 10019 100 233055 2046292966 44357385 10032222
0b000401 0b00cb01 10014 100 19147 2047920857 42749167 10014288
0b000401 0b00c101 10027 100 24315 2065714412 24957631 10014721
0b000f01 0b00c401 10020 100 46 2063426928 27299706 10012687
0b000d01 0b00c101 10013 100 2637 2056594099 34186372 10012902
0b000601 0b00cd01 10024 100 15717 2053922291 36887816 10013998
0b000701 0b00c801 10016 100 177744 2061251755 29601754 10027583
0b000d01 0b00c601 10014 100 48339 2052268100 38585989 10016735
0b000501 0b00c501 10020 100 71875 2051609168 39253441 10018706
0b000d01 0b00ca01 10019 100 9346 2063089975 27831450 10013466
0b000901 0b00c801 10022 100 79395 2071352355 19573072 10019338
0b000301 0b00ce01 10022 100 5214 2055163560 35785948 10013120
0b000601 0b00c601 10014 100 278930 2030143390 60813283 10036065
0b000c01 0b00c501 10023 100 8042 2048014033 42978905 10013357
0b000501 0b00c701 10025 100 22226 2056254184 34754417 10014546
0b000b01 0b00cb01 10016 100 50779 2057183435 33870946 10016938
0b000101 0b00c101 10019 100 112478 2047179723 43879007 10022112
0b000c01 0b00c301 10013 100 65782 2049362539 41699905 10018196
0b000c01 0b00c201 10025 100 13666 2060994355 30103210 10013827
0b000b01 0b00ce01 10008 100 213532 2037121246 53999836 10030584
0b000301 0b00c701 10016 100 12438 2056979619 34144461 10013724
0b000b01 0b00c201 10023 100 25762 2068124977 23021167 10014840
0b000d01 0b00c701 10017 100 11965 2044078067 47071185 10013683
0b000601 0b00c201 10022 100 36308 2063163347 28015530 10015726
0b000801 0b00c401 10023 100 7770 2065376649 25809840 10013332
0b000b01 0b00c201 10017 100 77348 2053771924 37435334 10019167
0b000e01 0b00c301 10020 100 9817 2061735456 29490514 10013503
0b000b01 0b00c701 10005 100 898741 2017136513 74090694 10088031
0b000c01 0b00c701 10016 100 44207 2050198406 41046328 10016389
0b000501 0b00cd01 10011 100 734127 2019240047 72004998 10074232
0b000d01 0b00c201 10020 100 1359 2057016167 34245143 10012796
0b000e01 0b00cd01 10029 100 5916 2078198863 13084187 10013176
0b000501 0b00cc01 10024 100 153862 2047669163 43641014 10025580
0b000901 0b00cb01 10025 100 2005 2065979914 25381261 10012851
0b000401 0b00c201 10022 100 48087 2056459486 34906639 10016715
0b000b01 0b00c301 10009 100 61350 2043856349 47516603 10017826
0b000801 0b00ca01 10027 100 13113 2060268145 31114857 10013782
0b000101 0b00cf01 10013 100 164251 2026457737 64928905 10026453
0b000201 0b00ca01 10012 100 3276 2043811194 47595771 10012957
0b000201 0b00c601 10028 100 54821 2051492002 39919083 10017276
0b000a01 0b00c101 10011 100 62815 2052492616 38926193 10017947
0b000c01 0b00c601 10019 100 5202 2053740116 37702854 10013119
0b000501 0b00c601 10013 100 107821 2048637963 42810760 10021720
0b000901 0b00c401 10022 100 59820 2073194364 18300353 10017696
0b000301 0b00c901 10024 100 23837 2063547275 27954025 10014679
0b000301 0b00c401 10016 100 121616 2057282960 34277043 10022877
0b000801 0b00cb01 10016 100 45516 2053031790 38531843 10016497
0b000601 0b00cc01 10003 100 926430 2008681532 82888720 10090354
0b000f01 0b00cb01 10025 100 7624 2050057015 41516440 10013320
0b000501 0b00ce01 10027 100 49227 2067783995 23837142 10016810
0b000a01 0b00c801 10027 100 58279 2056790868 34832808 10017568
0b000501 0b00ca01 10015 100 279879 2040937630 50716596 10036145
0b000a01 0b00cb01 10017 100 63538 2051850963 39824408 10018008
0b000a01 0b00c001 10023 100 2767 2062101366 29598640 10012912
0b000a01 0b00cc01 10018 100 66047 2047517285 44184582 10018221
0b000101 0b00c501 10021 100 7577 2043786547 47924920 10013316
0b000001 0b00c801 10038 100 6349 2077588564 14143447 10013214
0b000d01 0b00c201 10012 100 47319 2043123905 48629342 10016649
0b000301 0b00cd01 10021 100 5066 2060993573 30788020 10013108
0b000201 0b00cc01 10022 100 28289 2052231075 39561371 10015054
0b000a01 0b00cc01 10016 100 28335 2044022645 47788589 10015058
0b000101 0b00c701 10021 100 28635 2068509643 23343214 10015082
0b000101 0b00c501 10010 100 616942 2019450095 72408851 10064404
0b000e01 0b00ca01 10027 100 56808 2042608074 49257068 10017443
0b000101 0b00c301 10020 100 33151 2055636527 36231507 10015462
0b000401 0b00cd01 10018 100 1523 2057351317 34536623 10012809
0b000701 0b00c801 10019 100 3891 2064039173 27849343 10013006
0b000101 0b00c001 10018 100 7513 2055074550 36871366 10013311
0b000301 0b00cc01 10012 100 167678 2051948823 40007822 10026739
0b000101 0b00c701 10014 100 5479 2061205855 30772843 10013141
0b000701 0b00ca01 10026 100 34805 2066295854 25710218 10015598
0b000001 0b00c801 10020 100 27763 2042510943 49509410 10015008
0b000d01 0b00c101 10012 100 9203 2056200893 35839573 10013454
0b000c01 0b00c501 10028 100 37480 2057235209 34811407 10015824
0b000a01 0b00c401 10016 100 3672 2045228869 46843542 10012989
0b000d01 0b00cf01 10021 100 71042 2040322967 51751210 10018639
0b000301 0b00c601 10016 100 65595 2052602354 39475313 10018181
0b000701 0b00c401 10012 100 37493 2031284400 60797118 10015825
0b000701 0b00c401 10018 100 9216 2054285365 37801787 10013455
0b000f01 0b00c501 10014 100 23789 2058717940 33379521 10014675
0b000901 0b00cf01 10023 100 64369 2065880050 26218846 10018079
0b000f01 0b00c901 10018 100 45689 2045622484 46509674 10016511
0b000601 0b00ca01 10016 100 68998 2047015989 45117680 10018464
0b000e01 0b00c001 10024 100 5576 2057511179 34634071 10013149
0b000001 0b00ce01 10031 100 43922 2072549887 19600064 10016362
0b000b01 0b00c601 10028 100 5543 2062433753 29718386 10013146
0b000a01 0b00c601 10012 100 9132 2043005744 49151148 10013448
0b000d01 0b00c101 10019 100 41575 2073593277 18569434 10016167
0b000701 0b00c501 10023 100 8874 2079152189 13052177 10013424
0b000701 0b00cc01 10015 100 384410 2051736361 40554869 10044911
0b000401 0b00c901 10022 100 7515 2057617555 34673764 10013311
0b000501 0b00cb01 10022 100 19649 2050191010 42121582 10014328
0b000d01 0b00c601 10016 100 48547 2054508821 37806956 10016751
0b000501 0b00c201 10018 100 65214 2064251141 28126538 10018150
0b000d01 0b00c501 10016 100 24891 2055727923 36681974 10014767
0b000501 0b00c001 10027 100 14579 2055357156 37056549 10013903
0b000101 0b00c601 10030 100 1833 2078946623 13483843 10012834
0b000701 0b00ca01 10022 100 38686 2056540281 35897362 10015924
0b000801 0b00c501 10023 100 5893 2055808627 36633531 10013174
0b000001 0b00c001 10030 100 70912 2054052816 38413602 10018625
0b000c01 0b00c701 10017 100 4636 2058021967 34448258 10013070
0b000501 0b00cc01 10030 100 16264 2060612939 31868021 10014046
0b000901 0b00c701 10027 100 14790 2057386869 35123052 10013920
0b000c01 0b00c901 10015 100 5801 2047264084 45247088 10013167
0b000801 0b00c001 10014 100 14916 2060349111 32191833 10013930
0b000201 0b00cc01 10023 100 2290 2054823308 37747167 10012874
0b000901 0b00c201 10015 100 118629 2042297503 50277589 10022627
0b000001 0b00c201 10011 100 25492 2033084666 59499616 10014819
0b000301 0b00c301 10033 100 11415 2077172529 15433673 10013639
0b000501 0b00cd01 10015 100 251054 2043953247 48662611 10033732
0b000c01 0b00c101 10015 100 32392 2074346551 18271337 10015398
0b000d01 0b00cf01 10019 100 4334 2035716161 56929567 10013045
0b000b01 0b00ca01 10029 100 30082 2075770154 16912019 10015205
0b000301 0b00c501 10022 100 3832 2061787521 30899979 10013001
0b000001 0b00c301 10007 100 240780 2041955055 50737530 10032867
0b000a01 0b00c701 10028 100 34153 2056270441 36434746 10015546
0b000601 0b00c301 10023 100 61101 2041734438 51008638 10017806
0b000c01 0b00c101 10010 100 25152 2055064928 37704311 10014792
0b000f01 0b00cc01 10029 100 3886 2077400864 15389047 10013006
0b000401 0b00c601 10026 100 57794 2064521712 28273957 10017526
0b000801 0b00c501 10022 100 8829 2055365633 37459744 10013420
0b000801 0b00c801 10032 100 30266 2075894957 16933686 10015220
0b000001 0b00c601 10017 100 66028 2031534038 61328625 10018219
0b000001 0b00c001 10035 100 2182 2071164873 21718789 10012866
0b000f01 0b00ca01 10022 100 59700 2058154910 34759421 10017686
0b000501 0b00c701 10021 100 2395 2043310809 49610346 10012883
0b000201 0b00c301 10025 100 81299 2061083271 31842427 10019498
0b000301 0b00c701 10012 100 42831 2047342996 45603926 10016271
0b000d01 0b00c401 10018 100 78578 2060593308 32415674 10019269
0b000901 0b00c101 10017 100 1705 2066768216 26245204 10012824
0b000e01 0b00c701 10020 100 50211 2060284851 32739830 10016892
0b000301 0b00cf01 10010 100 620704 2030606247 62452384 10064720
0b000e01 0b00cf01 10005 100 605403 2018904920 74222896 10063439
0b000b01 0b00c201 10015 100 67029 2052415111 40728172 10018303
0b000a01 0b00c701 10026 100 65987 2054870633 38296660 10018212
0b000c01 0b00c001 10013 100 9622 2053948910 39229160 10013488
0b000901 0b00c601 10019 100 20309 2061885291 31304045 10014385
0b000401 0b00ce01 10021 100 43288 2055955761 37254571 10016312
0b000b01 0b00c701 10026 100 15317 2069907680 23335908 10013966
0b000101 0b00c901 10020 100 22695 2055194465 38066017 10014583
0b000601 0b00cd01 10023 100 55368 2052632806 40645380 10017324
0b000b01 0b00c301 10015 100 28834 2060057791 33221625 10015098
0b000c01 0b00cb01 10024 100 29162 2055773239 37516101 10015128
0b000101 0b00c901 10019 100 5636 2055113486 38190424 10013153
0b000b01 0b00c601 10024 100 71421 2054094147 39322652 10018670
0b000b01 0b00c701 10015 100 18707 2045945274 47489320 10014249
0b000b01 0b00ce01 10015 100 2279 2070912902 22523504 10012873
0b000701 0b00cb01 10025 100 12777 2056865061 36586854 10013752
0b000f01 0b00c701 10019 100 41262 2054229181 39252330 10016142
0b000c01 0b00cf01 10024 100 36308 2052179960 41348634 10015726
0b000501 0b00c701 10026 100 28321 2057819894 35740975 10015057
0b000201 0b00cb01 10018 100 7279 2067847588 25724711 10013293
0b000401 0b00c601 10022 100 154392 2055928917 37645393 10025626
0b000701 0b00c801 10015 100 10889 2058858204 34738589 10013593
0b000801 0b00cb01 10011 100 383388 2039284308 54344238 10044825
0b000901 0b00cc01 10017 100 101728 2054736566 38926549 10021209
0b000201 0b00c101 10019 100 6217 2049724112 43950121 10013204
0b000001 0b00ca01 10016 100 27847 2056373960 37357661 10015015
0b000301 0b00c901 10020 100 2372 2061971452 31770351 10012881
0b000101 0b00c201 10020 100 2202 2050069897 43700937 10012867
0b000101 0b00cc01 10032 100 9223 2058879720 34901229 10013456
0b000d01 0b00c401 10016 100 3399 2051908522 41878899 10012967
0b000901 0b00c601 10018 100 24666 2056128184 37660106 10014749
0b000e01 0b00ce01 10023 100 72183 2050265372 43531885 10018734
0b000401 0b00cd01 10024 100 40081 2077209668 16588609 10016043
0b000401 0b00c701 10013 100 6189 2051481353 42317163 10013202
0b000401 0b00c301 10033 100 32652 2070501204 23319951 10015418
0b000b01 0b00c001 10013 100 87555 2031934908 61920259 10020022
0b000b01 0b00cd01 10005 100 603063 2023381340 70478733 10063244
0b000201 0b00c401 10018 100 24718 2048469488 45404512 10014753
0b000201 0b00c301 10022 100 93373 2056973231 36909069 10020510
0b000601 0b00c701 10022 100 31244 2063407660 30507778 10015302
0b000001 0b00c601 10028 100 35217 2060021694 33894597 10015635
0b000001 0b00cd01 10024 100 174555 2047740888 46180662 10027316
0b000801 0b00c701 10035 100 9843 2071030563 22893009 10013505
0b000201 0b00c201 10024 100 50545 2064168409 29794629 10016919
0b000d01 0b00cd01 10018 100 24721 2050329650 43659399 10014753
0b000201 0b00c301 10016 100 14369 2045806327 48283472 10013887
0b000301 0b00c501 10016 100 110420 2051965754 42154052 10021939
0b000401 0b00c101 10024 100 30668 2059893871 34238069 10015252
0b000401 0b00c001 10017 100 55326 2069871888 24279757 10017321
0b000901 0b00ca01 10027 100 127 2072954413 21197366 10012694
0b000a01 0b00c501 10020 100 16676 2057833177 36338525 10014079
0b000801 0b00c901 10022 100 52453 2069544669 24637881 10017079
0b000301 0b00c001 10012 100 35367 2054529442 39687617 10015647
0b000c01 0b00c401 10019 100 20592 2036534866 57685253 10014408
0b000201 0b00ce01 10026 100 30481 2048752745 45518273 10015237
0b000501 0b00c701 10027 100 9253 2059908200 34425682 10013458
0b000c01 0b00c701 10012 100 81730 2042837099 51505690 10019533
0b000101 0b00c801 10014 100 65359 2042519025 51865901 10018162
0b000201 0b00c001 10014 100 20764 2059701180 34696909 10014421
0b000601 0b00ca01 10019 100 66947 2060678025 33764373 10018293
0b000401 0b00c301 10016 100 41785 2032665874 61777102 10016184
0b000001 0b00c501 10035 100 7420 2071381049 23099766 10013304
0b000a01 0b00c501 10010 100 75666 2034511844 59973521 10019025
0b000501 0b00ce01 10023 100 3542 2056881709 37607050 10012978
0b000701 0b00cc01 10021 100 22054 2068999803 25492374 10014532
0b000a01 0b00c501 10022 100 4065 2060806230 33696625 10013024
0b000101 0b00cf01 10028 100 35943 2066578521 27935302 10015693
0b000201 0b00c901 10020 100 633 2050507261 44013808 10012734
0b000c01 0b00c801 10012 100 547490 2031510009 63038500 10058583
0b000301 0b00cd01 10016 100 14955 2056084825 38463804 10013934
0b000601 0b00c001 10023 100 69647 2060249101 34314989 10018520
0b000b01 0b00c901 10015 100 28071 2046509879 48054625 10015037
0b000401 0b00cf01 10018 100 43949 2054059948 40510087 10016364
0b000e01 0b00c901 10023 100 52832 2065130373 29475538 10017110
0b000f01 0b00c901 10022 100 3644 2057087216 37532548 10012986
0b000601 0b00cb01 10016 100 4343 2070528749 24104726 10013046
0b000b01 0b00c001 10026 100 615 2069294902 25340146 10012733
0b000901 0b00c401 10018 100 19182 2063475123 31176241 10014291
0b000e01 0b00c501 10002 100 1071786 2002389105 92319300 10102539
0b000901 0b00c601 10014 100 30748 2048531901 46226847 10015258
0b000801 0b00c501 10028 100 6716 2073066063 21694606 10013244
0b000701 0b00cb01 10028 100 9921 2062850081 31939087 10013512
0b000f01 0b00c801 10021 100 23336 2063724146 31067660 10014639
0b000301 0b00c801 10022 100 34677 2049502107 45294226 10015588
0b000801 0b00c801 10020 100 451 2047415836 47383904 10012719
0b000301 0b00c201 10022 100 3515 2058402383 36405963 10012976
0b000301 0b00c401 10020 100 28774 2066161654 28675468 10015093
0b000801 0b00c801 10029 100 26681 2061208650 33673177 10014918
0b000501 0b00c001 10030 100 68403 2062893843 31999226 10018417
0b000201 0b00c201 10017 100 377091 2041541180 53377227 10044298
0b000401 0b00c201 10023 100 77294 2058922599 36016448 10019163
0b000901 0b00c101 10015 100 5781 2064496167 30451973 10013165
0b000e01 0b00c701 10019 100 6611 2060093687 34858809 10013235
0b000d01 0b00c101 10009 100 20454 2048970949 45994906 10014396
0b000b01 0b00c401 10024 100 67268 2047356247 47662376 10018322
0b000d01 0b00c601 10028 100 67332 2076423414 18635125 10018327
0b000301 0b00ce01 10025 100 3580 2057433790 37632224 10012981
0b000401 0b00cd01 10001 100 1458709 2002049529 93037632 10134979
0b000901 0b00c301 10012 100 488563 2025861848 69259377 10053642
0b000b01 0b00c501 10012 100 40194 2036629408 58502041 10016052
0b000401 0b00c401 10008 100 55424 2032462706 62681360 10017328
0b000c01 0b00cc01 10031 100 68783 2056371815 38790471 10018447
0b000d01 0b00c301 10009 100 186633 2031664635 63581684 10028328
0b000301 0b00c001 10021 100 148806 2067391868 27859695 10025156
0b000101 0b00c001 10021 100 709 2059695168 35567497 10012740
0b000301 0b00c201 10025 100 31618 2063730914 31564566 10015332
0b000701 0b00c301 10026 100 4252 2060840499 34489521 10013039
0b000101 0b00ce01 10025 100 155949 2069401372 25934844 10025754
0b000501 0b00ce01 10013 100 20459 2037537550 57840629 10014397
0b000001 0b00c301 10024 100 2856 2068868407 26510499 10012920
0b000201 0b00c701 10018 100 193839 2048934248 46488084 10028932
0b000f01 0b00ce01 10019 100 69347 2053142418 42307389 10018496
0b000f01 0b00c001 10030 100 53277 2079439170 16027241 10017149
0b000b01 0b00cc01 10022 100 29381 2049360137 46126262 10015145
0b000201 0b00c701 10004 100 885693 2013156192 82350885 10086937
0b000101 0b00c501 10025 100 78489 2053264753 42246883 10019262
0b000f01 0b00c201 10040 100 28467 2070699327 24853799 10015068
0b000201 0b00c701 10023 100 12809 2062562108 32998472 10013754
0b000401 0b00cd01 10023 100 65204 2074615367 20954295 10018149
0b000301 0b00cd01 10020 100 52657 2059967812 35609989 10017096
0b000f01 0b00c301 10015 100 21889 2048320556 47274893 10014515
0b000901 0b00c001 10016 100 63292 2047657887 47974347 10017989
0b000e01 0b00cb01 10023 100 2658 2072148208 23492698 10012904
0b000d01 0b00cb01 10024 100 26186 2054957920 40720011 10014878
0b000e01 0b00c701 10023 100 27386 2065252602 30438638 10014978
0b000101 0b00c501 10017 100 183419 2036349631 59366527 10028060
0b000101 0b00c501 10016 100 42068 2036009297 59717085 10016210
0b000901 0b00c701 10036 100 29908 2072785189 22963518 10015187
0b000d01 0b00cd01 10028 100 17714 2073979542 21772285 10014166
0b000801 0b00c401 10014 100 23475 2048041507 47713474 10014650
0b000201 0b00c401 10017 100 20856 2046209920 49554174 10014429
0b000201 0b00c201 10025 100 45526 2067118332 28668346 10016498
0b000d01 0b00cc01 10019 100 51105 2075904111 19906729 10016968
0b000601 0b00c401 10028 100 27432 2055727072 40100654 10014982
0b000301 0b00cc01 10014 100 62878 2055879602 39960439 10017952
0b000101 0b00c801 10022 100 5566 2060154316 35690705 10013148
0b000401 0b00c401 10023 100 23572 2073474887 22458259 10014657
0b000301 0b00c801 10020 100 70162 2045318858 50624861 10018565
0b000b01 0b00c701 10013 100 133825 2045341141 50614754 10023900
0b000d01 0b00c601 10026 100 63837 2075106321 20865090 10018032
0b000001 0b00c101 10021 100 6572 2080679576 15300848 10013232
0b000601 0b00c801 10013 100 7079 2044800756 51183268 10013277
0b000001 0b00cf01 10025 100 42918 2065155674 30838706 10016278
0b000e01 0b00c801 10024 100 75386 2057678282 38382680 10019002
0b000101 0b00cb01 10021 100 3649 2062542566 33528008 10012987
0b000801 0b00ce01 10028 100 9312 2062026769 34083387 10013463
0b000b01 0b00cd01 10015 100 30562 2058197358 37961657 10015244
0b000701 0b00c501 10017 100 25211 2070046991 26140210 10014796
0b000801 0b00c101 10029 100 294198 2056782872 39419499 10037348
0b000401 0b00ce01 10023 100 54625 2058740933 37482278 10017261
0b000a01 0b00c901 10021 100 6525 2062361472 33877624 10013228
0b000701 0b00ce01 10024 100 10982 2059323845 36951954 10013600
0b000f01 0b00c601 10021 100 138646 2068328451 27964834 10024305
0b000901 0b00c501 10016 100 151868 2033382323 62911103 10025413
0b000501 0b00c601 10019 100 7382 2060652305 35653963 10013301
0b000601 0b00cc01 10028 100 6656 2059945898 36407435 10013239
0b000001 0b00c201 10015 100 164001 2058995676 37380525 10026433
0b000d01 0b00c701 10024 100 17978 2061718960 34657266 10014187
0b000e01 0b00c101 10021 100 183 2054062924 42330077 10012698
0b000201 0b00c201 10020 100 129083 2055684868 40711448 10023505
0b000501 0b00c501 10026 100 19735 2059478262 36941604 10014335
0b000f01 0b00ce01 10001 100 1568127 2008958466 87470147 10144155
0b000b01 0b00c401 10033 100 39408 2080454972 15974265 10015986
0b000f01 0b00c101 10020 100 195629 2054028730 42436674 10029082
0b000501 0b00ce01 10021 100 69387 2050946170 45653280 10018499
0b000901 0b00c101 10020 100 3891 2070196999 26429611 10013006
0b000b01 0b00c401 10030 100 21710 2060031340 36598602 10014501
0b000f01 0b00c001 10014 100 522032 2042939844 53705956 10056450
0b000c01 0b00cb01 10028 100 23252 2071317415 25350373 10014632
0b000201 0b00c301 10026 100 170 2064181297 32490258 10012697
0b000001 0b00c101 10016 100 36087 2067400548 29281864 10015709
0b000701 0b00cb01 10033 100 40958 2069607627 27077710 10016114
0b000301 0b00c501 10027 100 7697 2070696332 25999830 10013326
0b000c01 0b00ce01 10018 100 3418 2049091479 47611855 10012968
0b000301 0b00c901 10022 100 62617 2062855960 33882694 10017931
0b000e01 0b00c101 10016 100 88095 2044693826 52047651 10020069
0b000701 0b00c701 10023 100 28412 2068343567 28460483 10015064
0b000101 0b00c601 10023 100 22305 2062711676 34104936 10014552
0b000101 0b00c001 10020 100 38275 2056014570 40810693 10015891
0b000e01 0b00c001 10023 100 60318 2052069429 44757500 10017739
0b000901 0b00c901 10026 100 45654 2058034968 38798479 10016508
0b000a01 0b00c401 10022 100 40796 2072240139 24601265 10016101
0b000401 0b00ca01 10020 100 3851 2054625756 42217814 10013003
0b000001 0b00c301 10012 100 9589 2048248055 48601611 10013485
0b000601 0b00c501 10023 100 86467 2059893149 36976078 10019931
0b000801 0b00c201 10024 100 43059 2071372724 25522022 10016293
0b000901 0b00c901 10024 100 3007 2049927928 46982336 10012935
0b000401 0b00c401 10022 100 29878 2072180295 24760417 10015185
0b000001 0b00c701 10027 100 25615 2059548029 37400120 10014829
0b000a01 0b00cc01 10023 100 4898 2064211076 32758270 10013091
0b000e01 0b00ce01 10025 100 7639 2060758848 36223515 10013321
0b000601 0b00cd01 10022 100 6268 2050606217 46381676 10013208
0b000c01 0b00c301 10015 100 78837 2052228238 44765653 10019290
0b000301 0b00c101 10013 100 731600 2021211135 75835384 10074018
0b000a01 0b00cd01 10015 100 29996 2062507248 34540442 10015194
0b000301 0b00cf01 10022 100 67498 2069651545 27407199 10018340
0b000701 0b00ce01 10010 100 8234 2037364472 59736641 10013373
0b000c01 0b00c001 10010 100 195358 2048879213 48228402 10029061
0b000001 0b00c001 10029 100 4656 2052982500 44134607 10013071
0b000a01 0b00c701 10029 100 1590 2060897897 36224118 10012814
0b000701 0b00c701 10017 100 552480 2043368049 53763947 10059001
0b000001 0b00c701 10028 100 22895 2060023047 37119352 10014599
0b000901 0b00cd01 10017 100 64743 2050558434 46589305 10018109
0b000001 0b00c801 10028 100 21978 2054757975 42404941 10014522
0b000601 0b00c501 10032 100 35018 2078396779 18771104 10015619
0b000001 0b00cd01 10026 100 20493 2057132927 40095156 10014400
0b000901 0b00ca01 10023 100 39937 2058756118 38477159 10016028
0b000f01 0b00c601 10012 100 5219 2040322149 56934956 10013120
0b000701 0b00cc01 10017 100 29138 2058290019 38991171 10015126
0b000301 0b00c901 10016 100 38151 2051793332 45550691 10015881
0b000b01 0b00c301 10017 100 27845 2074267831 23085820 10015015
0b000801 0b00ce01 10024 100 58977 2058009057 39382144 10017624
0b000501 0b00ce01 10028 100 28901 2071384858 26006789 10015103
0b000901 0b00cf01 10025 100 62761 2068228158 29178233 10017942
0b000101 0b00c301 10032 100 46698 2079545484 17873407 10016596
0b000301 0b00ca01 10001 100 1375799 2003091764 94328654 10128027
0b000701 0b00cf01 10016 100 27295 2060331758 37127502 10014971
0b000b01 0b00cb01 10011 100 730585 2028085212 69388202 10073933
0b000a01 0b00cd01 10010 100 66090 2035904939 61615354 10018224
0b000301 0b00c001 10023 100 10375 2070280170 27243646 10013552
0b000601 0b00ce01 10016 100 42271 2054405630 43155576 10016226
0b000d01 0b00ca01 10018 100 13813 2059486220 38077933 10013838
0b000001 0b00c501 10025 100 145676 2055961863 41604735 10024894
0b000f01 0b00c201 10037 100 77761 2062027390 35543682 10019200
0b000001 0b00c801 10037 100 13814 2074526349 23062224 10013838
0b000601 0b00c701 10016 100 1717 2041446190 56153043 10012825
0b000401 0b00ca01 10027 100 26665 2074988312 22637120 10014916
0b000e01 0b00c501 10027 100 72335 2075173023 22511368 10018747
0b000c01 0b00c601 10024 100 73044 2063835556 33883078 10018807
0b000701 0b00cd01 10017 100 24854 2037377631 60341541 10014764
0b000f01 0b00c901 10020 100 59986 2049049677 48701887 10017709
0b000701 0b00ce01 10003 100 1277857 2009137368 88644984 10119816
0b000701 0b00c801 10020 100 108372 2064912650 32878765 10021768
0b000301 0b00c601 10025 100 21573 2074531008 23263693 10014490
0b000b01 0b00c001 10019 100 66720 2044962856 52842472 10018274
0b000401 0b00c701 10018 100 44340 2058980818 38830277 10016400
0b000601 0b00c201 10018 100 3816 2051477385 46336192 10013000
0b000a01 0b00cb01 10013 100 507145 2038766628 59048239 10055202
0b000401 0b00c401 10009 100 27249 2036989334 60847215 10014967
0b000f01 0b00c201 10036 100 9534 2060655214 37230222 10013481
0b000201 0b00ce01 10028 100 49024 2058440039 39452982 10016793
0b000801 0b00cd01 10022 100 26737 2059068159 38836922 10014922
0b000501 0b00cb01 10029 100 49120 2073347451 24559812 10016801
0b000801 0b00c501 10026 100 62298 2068523449 29418789 10017905
0b000901 0b00cb01 10021 100 21018 2058487034 39486706 10014445
0b000c01 0b00ce01 10027 100 16233 2080965932 17020488 10014043
0b000601 0b00c901 10025 100 27733 2070825221 27169124 10015006
0b000401 0b00cb01 10021 100 22647 2063301928 34710859 10014580
0b000901 0b00cf01 10021 100 36674 2063346831 34667062 10015756
0b000c01 0b00c201 10024 100 1481 2060603641 37435600 10012806
0b000201 0b00c901 10022 100 8586 2056000320 42043416 10013401
0b000001 0b00ce01 10035 100 1331 2075528808 22526293 10012794
0b000f01 0b00c601 10024 100 8043 2073118598 24944582 10013358
0b000d01 0b00ce01 10020 100 5969 2063471004 34646818 10013180
0b000901 0b00cd01 10024 100 39230 2060558019 37585213 10015972
0b000801 0b00c701 10004 100 1524385 2004826444 93346528 10140486
0b000e01 0b00cb01 10019 100 24151 2050867970 47310086 10014708
0b000601 0b00cc01 10022 100 77542 2045721300 52458532 10019182
0b000701 0b00c501 10019 100 35133 2072027417 26167857 10015628
0b000301 0b00cd01 10018 100 53180 2056764970 41430659 10017141
0b000101 0b00c901 10022 100 4591 2063674101 34544346 10013066
0b000801 0b00ce01 10030 100 2702 2064713180 33520701 10012907
0b000c01 0b00c901 10023 100 46638 2070770159 27500492 10016591
0b000301 0b00c601 10028 100 41 2076022097 22250876 10012687
0b000301 0b00c101 10025 100 17455 2064005439 34283581 10014145
0b000801 0b00c901 10019 100 71865 2058615978 39673685 10018705
0b000c01 0b00c501 10036 100 76532 2070701899 27588485 10019098
0b000601 0b00ce01 10010 100 3548 2038599183 59701711 10012979
0b000801 0b00c401 10027 100 54848 2071868933 26442023 10017279
0b000001 0b00cf01 10021 100 57527 2059384929 38926115 10017504
0b000d01 0b00c201 10018 100 157404 2053852605 44470671 10025879
0b000101 0b00c201 10023 100 34326 2057863187 40465060 10015560
0b000d01 0b00c301 10023 100 69772 2059883434 38460487 10018530
0b000301 0b00c301 10025 100 32085 2060745892 37618243 10015373
0b000501 0b00c501 10025 100 79287 2059093931 39271307 10019330
0b000501 0b00cd01 10021 100 39366 2058161032 40211227 10015982
0b000801 0b00c401 10028 100 59 2073197114 25175590 10012688
0b000d01 0b00ce01 10018 100 60137 2060475519 37900111 10017725
0b000f01 0b00cc01 10014 100 801577 2030449974 67957937 10079885
0b000901 0b00c901 10025 100 28213 2053785854 44670034 10015048
0b000c01 0b00cd01 10024 100 112475 2056705253 41753446 10022111
0b000c01 0b00c701 10014 100 168309 2044948516 53518940 10026793
0b000801 0b00c401 10016 100 8849 2049350748 49117681 10013422
0b000701 0b00cc01 10020 100 657 2064289303 34230117 10012736
0b000701 0b00c401 10023 100 62526 2067435495 31090092 10017924
0b000701 0b00cd01 10023 100 74780 2065931068 32621362 10018950
0b000401 0b00c601 10020 100 190887 2055543167 43018679 10028684
0b000001 0b00c301 10017 100 20172 2060674815 37898893 10014374
0b000701 0b00c401 10016 100 13880 2048348194 50242098 10013844
0b000501 0b00cf01 10019 100 193783 2051153214 47452627 10028927
0b000d01 0b00c901 10032 100 23928 2073671837 24950929 10014686
0b000501 0b00c901 10022 100 1498 2062942813 35732925 10012807
0b000201 0b00ce01 10025 100 66578 2047062014 51630413 10018263
0b000601 0b00c401 10024 100 18027 2049418117 49291350 10014195
0b000201 0b00cf01 10025 100 33742 2063425035 35289713 10015509
0b000301 0b00c701 10018 100 21235 2061152901 37587389 10014463
0b000a01 0b00c301 10013 100 733956 2028987708 69766576 10074215
0b000701 0b00c101 10008 100 678692 2033871439 64891700 10069582
0b000501 0b00cf01 10023 100 40607 2061554831 37223358 10016086
0b000f01 0b00c101 10015 100 460724 2039808956 58982788 10051308
0b000301 0b00cb01 10029 100 16990 2053899483 44906209 10014104
0b000001 0b00c601 10029 100 14512 2062117112 36690869 10013898
0b000901 0b00c001 10024 100 3182 2065218180 33601405 10012949
0b000801 0b00c201 10021 100 97622 2060551965 38272220 10020866
0b000501 0b00c101 10014 100 64237 2044621015 54249359 10018068
0b000b01 0b00cf01 10016 100 59167 2052691874 46181491 10017643
0b000301 0b00c501 10026 100 45149 2069484140 29433053 10016468
0b000c01 0b00c001 10016 100 53992 2067499337 31428790 10017206
0b000201 0b00c501 10018 100 440741 2045664797 53280027 10049632
0b000101 0b00cb01 10022 100 16133 2064255135 34711693 10014035
0b000c01 0b00cb01 10022 100 7599 2049468715 49509596 10013318
0b000e01 0b00c601 10027 100 32277 2070455705 28534452 10015388
0b000701 0b00cf01 10025 100 28069 2073751414 25270724 10015036
0b000f01 0b00c801 10025 100 28758 2076948456 22129089 10015092
0b000201 0b00c501 10019 100 5297 2062390323 36698345 10013126
0b000c01 0b00c501 10039 100 55666 2080377240 18727698 10017348
0b000b01 0b00ca01 10033 100 6632 2083745276 15363146 10013237
0b000501 0b00c701 10032 100 21983 2073111232 26033440 10014523
0b000e01 0b00ca01 10033 100 7920 2056245491 42910737 10013344
0b000e01 0b00c801 10028 100 24596 2071797325 27431480 10014743
0b000701 0b00c501 10027 100 5251 2084110582 15195256 10013123
0b000401 0b00cf01 10020 100 49868 2056514067 42805284 10016861
0b000801 0b00cd01 10019 100 31089 2049181906 50139315 10015290
0b000e01 0b00c701 10021 100 56887 2061863624 37463559 10017449
0b000401 0b00cf01 10021 100 79590 2059184714 40150404 10019354
0b000d01 0b00c401 10026 100 45380 2080235834 19139634 10016487
0b000d01 0b00c401 10003 100 1026729 2015799771 83578152 10098762
0b000c01 0b00c301 10019 100 82908 2062192340 37191393 10019631
0b000101 0b00cf01 10030 100 24007 2071351979 28044550 10014696
0b000501 0b00cd01 10033 100 42845 2080523057 18888921 10016272
0b000e01 0b00c001 10029 100 28071 2075292373 24122569 10015037
0b000601 0b00c601 10030 100 35848 2075113705 24303208 10015686
0b000601 0b00cc01 10029 100 4770 2061741651 37711243 10013080
0b000601 0b00cb01 10011 100 3878 2052866449 46602594 10013005
0b000401 0b00ce01 10020 100 72857 2052311206 47172427 10018788
0b000301 0b00cd01 10017 100 145338 2056562680 42932107 10024867
0b000301 0b00c401 10018 100 5811 2062964549 36554359 10013167
0b000001 0b00c901 10032 100 27337 2058313889 41227105 10014974
0b000701 0b00c201 10026 100 32527 2074305859 25241874 10015408
0b000701 0b00cb01 10032 100 56186 2068857544 30693973 10017393
0b000d01 0b00c101 10005 100 131830 2035537714 64023172 10023733
0b000201 0b00c401 10025 100 1023 2066270768 33350367 10012769
0b000401 0b00c101 10025 100 65011 2061529423 38116926 10018134
0b000801 0b00ce01 10006 100 1013966 2017068357 82593116 10097691
0b000401 0b00ce01 10012 100 522257 2032729209 66941215 10056468
0b000301 0b00cb01 10043 100 73808 2079365692 20309581 10018868
0b000a01 0b00c001 10019 100 46199 2055510581 44175213 10016556
0b000701 0b00c101 10018 100 34519 2060479498 39234429 10015575
0b000e01 0b00cb01 10021 100 66551 2055683773 44037073 10018261
0b000a01 0b00c101 10010 100 53605 2048358084 51364884 10017175
0b000901 0b00cd01 10018 100 154619 2055085114 44638410 10025644
0b000e01 0b00cf01 10018 100 2272 2065119258 34619865 10012873
0b000b01 0b00c101 10020 100 1375 2077095094 22657220 10012797
0b000201 0b00c501 10000 100 2120194 2003126678 96634080 10190440
0b000001 0b00ce01 10025 100 117269 2064504517 35275005 10022514
0b000101 0b00cd01 10026 100 1855 2063548282 36274362 10012836
0b000401 0b00c101 10035 100 9675 2077983119 21854087 10013492
0b000401 0b00cb01 10023 100 3070 2067523946 32318724 10012940
0b000f01 0b00cd01 10019 100 28315 2064312471 35536202 10015056
0b000301 0b00ca01 10020 100 351575 2044322263 55542672 10042157
0b000a01 0b00cf01 10026 100 9043 2064969563 34901875 10013441
0b000e01 0b00c601 10025 100 22216 2063127986 36751114 10014545
0b000401 0b00c201 10024 100 27696 2059658316 40233583 10015003
0b000b01 0b00c701 10019 100 26318 2049957204 49963635 10014889
0b000301 0b00c001 10011 100 72581 2052740577 47191485 10018766
0b000f01 0b00c201 10038 100 240 2065697629 34311148 10012703
0b000801 0b00c301 10023 100 35786 2055024552 44998880 10015681
0b000b01 0b00cc01 10028 100 8803 2067111335 32916946 10013418
0b000501 0b00ca01 10022 100 170935 2056735234 43340499 10027011
0b000301 0b00cc01 10016 100 125282 2056604902 43508784 10023186
0b000e01 0b00ce01 10029 100 46836 2069829652 30285835 10016607
0b000401 0b00c201 10021 100 129611 2055066291 45064824 10023548
0b000b01 0b00c701 10025 100 26055 2069083684 31050660 10014868
0b000501 0b00cd01 10029 100 39934 2075788095 24353299 10016028
0b000e01 0b00c901 10019 100 80301 2057175126 42978130 10019415
0b000101 0b00ce01 10009 100 659265 2023400937 76754314 10067955
0b000101 0b00cf01 10016 100 384714 2028501937 71674741 10044935
0b000b01 0b00c701 10021 100 42047 2055477869 44715734 10016208
0b000d01 0b00c001 10023 100 3689 2072782162 27435772 10012990
0b000201 0b00c801 10013 100 55124 2049335448 50900672 10017304
0b000b01 0b00c101 10026 100 879 2085407050 14830397 10012754
0b000001 0b00c001 10036 100 1929 2074646731 25672094 10012842
0b000a01 0b00c701 10036 100 33474 2070857360 29475591 10015488
0b000001 0b00c301 10013 100 68151 2051629246 48725234 10018397
0b000801 0b00cc01 10025 100 63009 2060209399 40156998 10017966
0b000901 0b00c701 10033 100 58340 2067377773 33003152 10017573
0b000801 0b00c301 10026 100 125344 2066830872 33569003 10023191
0b000a01 0b00c401 10024 100 9724 2074395938 26027752 10013496
0b000f01 0b00cf01 10023 100 46253 2063173857 37264093 10016560
0b000001 0b00cd01 10028 100 2500 2062083327 38355034 10012891
0b000a01 0b00ca01 10019 100 15033 2056309811 44148672 10013944
0b000501 0b00cd01 10028 100 4506 2075482747 24980722 10013059
0b000801 0b00cc01 10030 100 66771 2074753723 25712225 10018278
0b000201 0b00c901 10024 100 1156 2058825581 41640498 10012780
0b000001 0b00c401 10023 100 285 2064194452 36273679 10012706
0b000f01 0b00cc01 10025 100 80515 2065517010 34961008 10019432
0b000a01 0b00cc01 10024 100 32367 2064738678 35743920 10015396
0b000601 0b00c101 10019 100 7754 2062183935 38307135 10013331
0b000101 0b00c401 10026 100 41032 2076120823 24384076 10016123
0b000501 0b00c401 10016 100 2715 2075720296 24815272 10012908
0b000301 0b00cc01 10020 100 6640 2065707048 34834284 10013238
0b000e01 0b00cd01 10020 100 67244 2064368843 36203769 10018320
0b000e01 0b00cf01 10019 100 734 2066215032 34357600 10012742
0b000f01 0b00c101 10019 100 374702 2052550907 48044541 10044096
0b000401 0b00cf01 10023 100 3503 2079755240 20871543 10012975
0b000f01 0b00cb01 10021 100 167580 2048043321 52585548 10026731
0b000e01 0b00c101 10015 100 355058 2040270619 60371212 10042451
0b000e01 0b00c201 10025 100 64784 2049179307 51483341 10018112
0b000001 0b00c601 10027 100 62961 2057659607 43003195 10017958
0b000901 0b00c101 10007 100 604692 2032719608 67989600 10063378
0b000301 0b00c901 10025 100 115073 2064541922 36171147 10022331
0b000c01 0b00ca01 10014 100 2023 2055242074 45493497 10012853
0b000201 0b00cc01 10030 100 78798 2078579104 22212762 10019287
0b000d01 0b00c101 10020 100 1021 2076346405 24471641 10012769
0b000701 0b00c401 10019 100 2233 2059904255 40919660 10012870
0b000601 0b00c701 10021 100 96839 2056553405 44272867 10020799
0b000301 0b00c201 10023 100 71545 2060529868 40312309 10018680
0b000901 0b00c301 10024 100 23896 2062280714 38572870 10014683
0b000c01 0b00cc01 10023 100 69536 2050714585 50139559 10018511
0b000a01 0b00ce01 10020 100 116953 2064935386 35959275 10022485
0b000f01 0b00c501 10011 100 21559 2051857651 49037464 10014489
0b000001 0b00c601 10031 100 75806 2067035478 33862404 10019036
0b000a01 0b00c101 10015 100 73811 2068079512 32840100 10018869
0b000601 0b00c901 10027 100 131 2073604544 27339767 10012694
0b000a01 0b00c701 10020 100 12754 2051702172 49282862 10013750
0b000501 0b00c101 10021 100 55351 2068088803 32897067 10017323
0b000101 0b00c601 10021 100 78122 2061188453 39801352 10019233
0b000e01 0b00c901 10021 100 136 2060416150 40573739 10012694
0b000001 0b00ce01 10027 100 57315 2068285749 32753893 10017487
0b000101 0b00c101 10026 100 158488 2064179273 36876349 10025969
0b000601 0b00cb01 10013 100 111234 2054023862 47060859 10022008
0b000c01 0b00c401 10036 100 7317 2073156668 27964377 10013296
0b000301 0b00c001 10015 100 35058 2060132716 40992738 10015622
0b000201 0b00c401 10023 100 54844 2058862713 42268084 10017278
0b000001 0b00c501 10020 100 373273 2040490816 60646716 10043978
0b000901 0b00c001 10021 100 27512 2056389406 44770165 10014988
0b000e01 0b00c801 10030 100 48831 2074220733 26951547 10016774
0b000301 0b00c001 10016 100 55667 2062940060 38232703 10017348
0b000801 0b00c701 10034 100 24199 2070323800 30852464 10014711
0b000401 0b00c301 10028 100 15845 2053400517 47783048 10014009
0b000b01 0b00c201 10022 100 78744 2066723399 34465407 10019282
0b000001 0b00c101 10015 100 17080 2066590215 34650137 10014115
0b000b01 0b00cc01 10034 100 15694 2087114377 14129030 10013996
0b000e01 0b00cf01 10021 100 5842 2068898526 32392598 10013170
0b000201 0b00c301 10024 100 61614 2060864324 40462686 10017847
0b000801 0b00cb01 10026 100 44296 2069247278 32100774 10016396
0b000e01 0b00cb01 10004 100 735737 2014117129 87249906 10074365
0b000c01 0b00c501 10024 100 166491 2048364186 53015767 10026640
0b000b01 0b00c601 10020 100 169111 2048504717 52878670 10026861
0b000a01 0b00c701 10035 100 1237 2068602741 32824728 10012786
0b000701 0b00cd01 10026 100 1719 2074157083 27273165 10012825
0b000801 0b00cb01 10012 100 36789 2043218523 58221519 10015765
0b000c01 0b00cb01 10017 100 74337 2038886285 62556366 10018914
0b000801 0b00c701 10037 100 602 2074977619 26484459 10012732
0b000401 0b00c601 10023 100 75634 2056083375 45382195 10019022
0b000501 0b00c701 10028 100 2887 2060553843 40978774 10012922
0b000401 0b00c301 10030 100 43419 2064064102 37471703 10016322
0b000801 0b00cd01 10024 100 26185 2064493303 37109858 10014878
0b000d01 0b00c001 10021 100 31616 2067932604 33672880 10015332
0b000401 0b00ca01 10022 100 5684 2066533607 35105465 10013157
0b000d01 0b00c201 10021 100 77765 2061202828 40444957 10019200
0b000901 0b00c601 10025 100 36308 2078509175 23155471 10015726
0b000301 0b00cf01 10024 100 16537 2077841852 23831560 10014068
0b000c01 0b00c201 10011 100 514787 2028589031 73128215 10055840
0b000801 0b00cf01 10019 100 15760 2067530456 34197612 10014002
0b000c01 0b00cc01 10034 100 79100 2061334875 40402122 10019315
0b000301 0b00c301 10027 100 87503 2068481398 33303948 10020018
0b000001 0b00cf01 10020 100 35237 2055870139 45948313 10015637
0b000001 0b00c301 10015 100 69328 2056840871 44980940 10018495
0b000c01 0b00c201 10019 100 29149 2054482101 47364918 10015127
0b000801 0b00cc01 10027 100 8237 2068060339 33793556 10013373
0b000401 0b00ca01 10026 100 21922 2072354497 29527222 10014518
0b000101 0b00cc01 10033 100 34933 2063133330 38769873 10015609
0b000b01 0b00c001 10028 100 65343 2074319409 27610688 10018160
0b000801 0b00c301 10013 100 703048 2029177810 72760310 10071627
0b000601 0b00c201 10021 100 7 2060889755 41062257 10012684
0b000f01 0b00c901 10027 100 53289 2075565078 26388828 10017150
0b000901 0b00c601 10016 100 3913 2054718069 47254255 10013008
0b000601 0b00c501 10028 100 20793 2072339309 29693581 10014424
0b000d01 0b00c101 10010 100 29833 2051347708 50762778 10015181
0b000f01 0b00c901 10024 100 7229 2060954080 41157925 10013289
0b000f01 0b00c201 10035 100 49090 2059245513 42884078 10016799
0b000901 0b00cb01 10024 100 75741 2062006862 40150025 10019031
0b000701 0b00ca01 10025 100 4888 2064605384 37557450 10013090
0b000b01 0b00c801 10018 100 17980 2058302088 43919018 10014187
0b000101 0b00c601 10026 100 209 2072828109 29423561 10012700
0b000201 0b00ca01 10017 100 18827 2067684164 34580132 10014259
0b000401 0b00cc01 10014 100 21752 2062280089 40033777 10014504
0b000701 0b00c701 10022 100 5991 2060739192 41580370 10013182
0b000d01 0b00ca01 10020 100 5154 2063951939 38373666 10013115
0b000d01 0b00cb01 10026 100 30044 2067667726 34667745 10015202
0b000d01 0b00ca01 10016 100 31944 2056463443 45883115 10015358
0b000d01 0b00c501 10011 100 561558 2039813146 62534394 10059762
0b000e01 0b00cc01 10019 100 812 2056812990 45542231 10012748
0b000501 0b00c101 10020 100 21701 2067888921 34484257 10014500
0b000e01 0b00cf01 10016 100 259539 2047956371 54500298 10034441
0b000f01 0b00c301 10014 100 39230 2042187440 60295595 10015972
0b000f01 0b00cf01 10020 100 183634 2059613366 42889384 10028077
0b000d01 0b00cf01 10028 100 10308 2064447894 38056226 10013546
0b000e01 0b00c301 10035 100 9309 2080753759 21756802 10013463
0b000a01 0b00cb01 10026 100 7166 2068852557 33674568 10013284
0b000501 0b00cd01 10027 100 39004 2074668405 27881117 10015953
0b000001 0b00c901 10015 100 538725 2032688321 69924628 10057847
0b000b01 0b00c001 10032 100 2743 2081650251 20979865 10012910
0b000501 0b00cb01 10014 100 522848 2031739202 70899465 10056516
0b000501 0b00c401 10013 100 49015 2066425896 36217568 10016793
0b000a01 0b00c501 10021 100 1086 2059624712 43032051 10012774
0b000601 0b00cb01 10017 100 28943 2072360278 30309040 10015106
0b000501 0b00c501 10030 100 64532 2072529217 30245462 10018092
0b000f01 0b00c601 10022 100 27430 2070172169 32606846 10014981
0b000201 0b00ce01 10031 100 7816 2066055641 36757684 10013336
0b000601 0b00c401 10033 100 88490 2072252198 30561993 10020100
0b000001 0b00ce01 10024 100 56641 2050924152 51894458 10017430
0b000001 0b00c401 10022 100 49517 2063856973 39002146 10016833
0b000e01 0b00cb01 10018 100 242576 2050028998 52856360 10033019
0b000301 0b00c201 10026 100 13176 2067435251 35476084 10013787
0b000301 0b00c701 10020 100 36918 2066593437 36323469 10015775
0b000901 0b00c301 10030 100 25483 2086262499 16667033 10014818
0b000501 0b00ce01 10022 100 21313 2054583829 48366664 10014469
0b000401 0b00cb01 10022 100 16667 2066658411 36296257 10014078
0b000e01 0b00c301 10022 100 48651 2062491982 40463583 10016760
0b000301 0b00c901 10026 100 21953 2065779398 37187234 10014520
0b000601 0b00c501 10031 100 7936 2077351962 25624916 10013345
0b000601 0b00c001 10021 100 114147 2055012508 47996323 10022253
0b000501 0b00cd01 10026 100 47887 2074662346 28351529 10016695
0b000201 0b00cf01 10032 100 1553 2080582655 22478768 10012811
0b000701 0b00c101 10016 100 55921 2056076149 46990226 10017368
0b000001 0b00c401 10025 100 29381 2073286128 29783636 10015145
0b000301 0b00c801 10032 100 3890 2069731502 33338903 10013006
0b000a01 0b00c501 10028 100 25443 2066954974 36127262 10014815
0b000b01 0b00c401 10026 100 94504 2053602310 49491077 10020605
0b000901 0b00cc01 10009 100 739930 2025778577 77324332 10074716
0b000301 0b00c201 10038 100 9137 2088929149 14179310 10013449
0b000501 0b00c901 10026 100 78632 2070744840 32366997 10019273
0b000101 0b00c101 10023 100 138654 2059178338 43952879 10024306
0b000401 0b00cb01 10026 100 6331 2075380986 27853524 10013213
0b000001 0b00c801 10032 100 21438 2065743819 37491189 10014479
0b000401 0b00ce01 10029 100 1292 2080231200 23016546 10012791
0b000501 0b00c301 10022 100 168643 2059062278 44203953 10026820
0b000801 0b00c101 10030 100 68684 2062758768 40519523 10018439
0b000a01 0b00cb01 10023 100 6431 2063582976 39713691 10013221
0b000701 0b00c101 10024 100 24339 2074540727 28757851 10014723
0b000801 0b00c601 10024 100 46710 2077178119 26135266 10016597
0b000601 0b00c501 10025 100 23077 2064042968 39277280 10014618
0b000801 0b00ce01 10025 100 35984 2061022730 42314091 10015696
0b000501 0b00cd01 10023 100 10340 2065932088 37426576 10013549
0b000701 0b00c901 10017 100 21269 2056441582 46948163 10014466
0b000401 0b00c401 10026 100 1893 2082491442 20923487 10012839
0b000a01 0b00ce01 10013 100 288273 2044579601 58876532 10036851
0b000201 0b00c701 10024 100 46054 2066034521 37483892 10016544
0b000701 0b00c601 10030 100 21035 2069622429 33924192 10014447
0b000c01 0b00c101 10020 100 33783 2086678345 16871121 10015513
0b000d01 0b00cd01 10026 100 18817 2070889105 32689638 10014258
0b000f01 0b00c601 10025 100 78914 2074508640 29077779 10019296
0b000501 0b00c601 10015 100 98838 2052391109 51226915 10020967
0b000801 0b00cd01 10005 100 1407829 2006398482 97260266 10130713
0b000e01 0b00cb01 10022 100 9817 2061433889 42257008 10013503
0b000c01 0b00c801 10030 100 27775 2080212911 23531604 10015009
0b000901 0b00c701 10019 100 73400 2041624387 62138865 10018836
0b000701 0b00c201 10000 100 1994995 2002539914 101233517 10179940
0b000401 0b00cc01 10020 100 1364 2076711176 27069820 10012796
0b000601 0b00c501 10030 100 21119 2074946007 28883497 10014454
0b000301 0b00cb01 10034 100 29123 2062432647 41398932 10015125
0b000101 0b00c401 10018 100 9362 2055814128 48042937 10013467
0b000d01 0b00ce01 10026 100 27735 2081065462 22801095 10015006
0b000101 0b00c101 10031 100 11007 2077887971 25992737 10013606
0b000601 0b00ce01 10026 100 23527 2078436276 25466085 10014654
0b000d01 0b00ca01 10025 100 100232 2072151287 31752881 10021086
0b000601 0b00c801 10018 100 22860 2059879658 44051831 10014597
0b000201 0b00cd01 10025 100 379193 2044462767 59488376 10044474
0b000c01 0b00c201 10027 100 26011 2064756603 39217260 10014864
0b000f01 0b00c101 10024 100 42047 2069261608 34731811 10016208
0b000701 0b00c601 10028 100 587 2066582118 37417084 10012730
0b000601 0b00c501 10024 100 71059 2063996943 40018251 10018641
0b000e01 0b00c101 10024 100 141230 2056215557 47820807 10024523
0b000701 0b00c201 10021 100 75676 2065664062 38403799 10019025
0b000b01 0b00c701 10024 100 42572 2059192377 44880687 10016250
0b000d01 0b00c201 10029 100 68105 2071351873 32733331 10018393
0b000301 0b00ca01 10031 100 20510 2072735234 31357446 10014401
0b000401 0b00c201 10027 100 31712 2062988033 41119924 10015339
0b000401 0b00cb01 10029 100 37283 2076363881 27765110 10015808
0b000f01 0b00c101 10026 100 4528 2076609154 27533903 10013061
0b000e01 0b00ce01 10028 100 2352 2064696651 39449819 10012879
0b000b01 0b00ce01 10016 100 61134 2073058075 31115500 10017808
0b000001 0b00c201 10017 100 192802 2064990113 39188170 10028845
0b000201 0b00c301 10032 100 55274 2077759651 26423102 10017316
0b000001 0b00c501 10039 100 108312 2074311719 29878893 10021763
0b000501 0b00c701 10033 100 192 2075668982 28534872 10012699
0b000f01 0b00ce01 10020 100 7181 2054526242 49696538 10013285
0b000701 0b00c201 10037 100 8579 2090444820 13779550 10013400
0b000401 0b00c101 10036 100 6410 2080612991 23635354 10013219
0b000701 0b00cb01 10029 100 42454 2064068910 40197668 10016241
0b000601 0b00cf01 10017 100 20070 2043657749 60614623 10014366
0b000b01 0b00cd01 10021 100 28232 2079456136 24880238 10015049
0b000b01 0b00cd01 10019 100 25703 2069380407 34960839 10014836
0b000501 0b00c501 10027 100 28742 2064224423 40152793 10015090
0b000c01 0b00c501 10038 100 59189 2074279976 30109798 10017645
0b000d01 0b00cb01 10027 100 1842 2068798511 35601811 10012835
0b000101 0b00c901 10024 100 55939 2066929561 37480996 10017370
0b000401 0b00c601 10031 100 33733 2080085222 24333243 10015509
0b000701 0b00cf01 10020 100 21925 2067574739 36904040 10014518
0b000c01 0b00c601 10025 100 959 2068188904 36305881 10012760
0b000501 0b00c601 10022 100 23674 2067806290 36730273 10014666
0b000b01 0b00cf01 10003 100 1056065 2017398707 87139251 10101224
0b000f01 0b00c901 10023 100 7037 2059827489 44728608 10013273
0b000901 0b00c701 10034 100 23783 2069868989 34752377 10014674
0b000b01 0b00c601 10026 100 84519 2057009155 47630321 10019767
0b000001 0b00c601 10003 100 802811 2013935688 90749784 10079988
0b000a01 0b00c801 10030 100 578 2061322903 43393607 10012730
0b000b01 0b00c901 10026 100 42312 2064045652 40688539 10016230
0b000601 0b00c701 10030 100 15403 2089576493 15172471 10013973
0b000701 0b00c501 10021 100 5531 2077364532 27397868 10013145
0b000101 0b00c701 10009 100 67878 2053124123 51654774 10018371
0b000301 0b00cf01 10025 100 1388 2078269536 26524571 10012798
0b000501 0b00cf01 10022 100 76973 2060887516 43910429 10019133
0b000701 0b00cf01 10021 100 27568 2067723449 37076007 10014992
0b000301 0b00c401 10017 100 525 2060492949 44312300 10012725
0b000001 0b00cf01 10022 100 71957 2061697531 43136119 10018713
0b000a01 0b00c301 10018 100 51096 2066565885 38297414 10016967
0b000c01 0b00c901 10009 100 594578 2025384680 79485510 10062531
0b000c01 0b00c501 10020 100 6821 2045607436 59268161 10013252
0b000b01 0b00ca01 10023 100 10576 2060914361 43995703 10013568
0b000601 0b00c901 10022 100 8401 2066379700 38606280 10013386
0b000501 0b00c001 10034 100 10567 2069417987 35569891 10013567
0b000b01 0b00c901 10013 100 505882 2042515063 62479353 10055093
0b000601 0b00cc01 10039 100 1902 2081916569 23115333 10012839
0b000a01 0b00c801 10028 100 62246 2060323385 44721347 10017901
0b000001 0b00cf01 10024 100 38873 2064867984 40177693 10015939
0b000101 0b00c601 10032 100 3394 2083720571 21339288 10012966
0b000001 0b00c901 10030 100 23738 2055972114 49107884 10014671
0b000701 0b00c701 10025 100 150700 2070977318 34135890 10025315
0b000301 0b00cc01 10023 100 38275 2067932963 37200134 10015891
0b000401 0b00c701 10016 100 73689 2055082795 50052205 10018859
0b000401 0b00c901 10026 100 5705 2080158534 25003111 10013159
0b000701 0b00ce01 10007 100 867998 2030068409 75100834 10085452
0b000c01 0b00c901 10021 100 29556 2063746870 41425312 10015159
0b000101 0b00cd01 10024 100 17810 2059790862 45429235 10014173
0b000301 0b00c001 10028 100 37875 2086577059 18663906 10015855
0b000201 0b00c201 10026 100 34295 2068368026 36886655 10015558
0b000501 0b00ce01 10038 100 5556 2089967391 15320560 10013147
0b000001 0b00c101 10013 100 71538 2052317254 53044428 10018679
0b000f01 0b00cc01 10027 100 68186 2068903176 36463133 10018399
0b000101 0b00c401 10029 100 490 2080255163 25122137 10012723
0b000501 0b00cd01 10019 100 79504 2053619610 51767536 10019347
0b000901 0b00c201 10025 100 22597 2070278622 35121469 10014576
0b000001 0b00c001 10032 100 29389 2066927363 38473158 10015146
0b000401 0b00cc01 10007 100 585990 2028418913 76988012 10061809
0b000101 0b00c701 10028 100 3520 2084068217 21347561 10012976
0b000e01 0b00cc01 10026 100 7900 2068092056 37330597 10013342
0b000801 0b00c601 10019 100 117061 2064571012 40880642 10022498
0b000401 0b00c301 10031 100 28317 2066989828 38470575 10015056
0b000a01 0b00c001 10030 100 25057 2087744500 17729345 10014784
0b000701 0b00c201 10023 100 6265 2067538997 37949896 10013208
0b000d01 0b00cc01 10018 100 15934 2073101267 32393090 10014016
0b000401 0b00c301 10029 100 73484 2055712806 49783729 10018842
0b000601 0b00c101 10027 100 1012 2084486604 21015752 10012768
0b000b01 0b00c201 10018 100 2666 2057047255 48455103 10012904
0b000101 0b00c401 10024 100 26870 2074301603 31223462 10014933
0b000701 0b00ce01 10022 100 29302 2054663067 50875186 10015139
0b000601 0b00c401 10027 100 4163 2055416998 50124061 10013032
0b000a01 0b00cc01 10027 100 61102 2083792874 21768622 10017806
0b000a01 0b00c901 10022 100 42601 2067804731 37766781 10016253
0b000301 0b00ca01 10027 100 74405 2063426282 42149739 10018920
0b000701 0b00c201 10027 100 20815 2077051486 28533446 10014425
0b000d01 0b00cb01 10016 100 254004 2036408996 69175938 10033979
0b000a01 0b00c301 10017 100 22801 2064190362 41422181 10014592
0b000501 0b00c101 10012 100 377453 2037051352 68569974 10044327
0b000701 0b00c601 10027 100 21494 2065369000 40256872 10014484
0b000a01 0b00c301 10024 100 9472 2075851652 29777288 10013476
0b000c01 0b00c801 10025 100 72848 2066879816 38749302 10018788
0b000601 0b00c401 10037 100 2714 2078250419 27391962 10012908
0b000001 0b00c901 10024 100 143420 2045820947 59856494 10024706
0b000701 0b00c701 10026 100 29466 2071420319 34270965 10015152
0b000501 0b00c001 10015 100 901175 2015234673 90563841 10088237
0b000d01 0b00c101 10011 100 78769 2055821080 49987469 10019284
0b000601 0b00cb01 10010 100 82329 2052534345 53308209 10019585
0b000301 0b00cb01 10035 100 69395 2064805881 41051379 10018500
0b000101 0b00c101 10027 100 26120 2067648847 38263522 10014873
0b000a01 0b00c801 10022 100 885 2047028758 58897752 10012754
0b000001 0b00c701 10035 100 4418 2070263348 35667417 10013052
0b000c01 0b00c001 10018 100 25075 2068721232 37212576 10014785
0b000601 0b00c201 10023 100 24776 2070554720 35382373 10014758
0b000401 0b00c801 10015 100 161461 2057530929 48434322 10026218
0b000e01 0b00c001 10032 100 51026 2083567833 22401759 10016961
0b000e01 0b00c501 10001 100 1097813 2002371061 103598748 10104721
0b000101 0b00ce01 10020 100 348228 2048523954 57445935 10041878
0b000c01 0b00cc01 10040 100 40844 2078480928 27504564 10016104
0b000501 0b00c101 10017 100 27805 2060872471 45115390 10015011
0b000401 0b00c101 10030 100 1123 2073535023 32470837 10012777
0b000601 0b00c501 10009 100 412273 2027185306 78830199 10047247
0b000901 0b00ce01 10016 100 78942 2067824224 38193647 10019298
0b000101 0b00c601 10019 100 148134 2052816002 53255631 10025102
0b000601 0b00c301 10036 100 2472 2080979081 25101936 10012889
0b000601 0b00ca01 10021 100 28642 2065465656 40620250 10015082
0b000101 0b00cd01 10029 100 46678 2076201895 29889902 10016594
0b000b01 0b00ca01 10036 100 40747 2089705557 16411430 10016097
0b000901 0b00cb01 10020 100 73887 2058479203 47663089 10018875
0b000a01 0b00cb01 10034 100 19134 2089120548 17028563 10014287
0b000a01 0b00ca01 10013 100 203272 2047380362 58808346 10029725
0b000901 0b00c201 10024 100 24507 2068359724 37833771 10014736
0b000201 0b00c301 10018 100 25764 2046869925 59328897 10014840
0b000501 0b00cd01 10020 100 130062 2053988230 52216104 10023588
0b000e01 0b00c701 10022 100 58709 2064992233 41220128 10017603
0b000b01 0b00c401 10037 100 36267 2090066257 16151428 10015723
0b000a01 0b00c601 10027 100 22801 2079286887 26992573 10014592
0b000101 0b00ca01 10023 100 9928 2071376272 34916462 10013512
0b000301 0b00c201 10017 100 311722 2045863030 60435200 10038815
0b000b01 0b00cf01 10020 100 169043 2069449110 36855992 10026856
0b000601 0b00cd01 10028 100 23615 2061659625 44655479 10014661
0b000b01 0b00c901 10034 100 2270 2085311909 21009024 10012873
0b000a01 0b00ca01 10021 100 51077 2061876631 44498772 10016965
0b000e01 0b00c101 10022 100 126782 2054301655 52139677 10023310
0b000301 0b00cd01 10012 100 347391 2048710008 57736266 10041807
0b000901 0b00c101 10019 100 16204 2069187696 37341527 10014041
0b000501 0b00c301 10024 100 41977 2067462168 39160451 10016199
0b000501 0b00c401 10014 100 76079 2066836631 39795215 10019062
0b000e01 0b00c201 10031 100 71189 2062158554 44485003 10018651
0b000501 0b00c801 10018 100 28067 2070031092 36626318 10015036
0b000901 0b00c601 10029 100 18810 2090580758 16112220 10014257
0b000601 0b00c501 10000 100 1481444 2002788325 103909081 10136886
0b000901 0b00c001 10026 100 7852 2071940994 34791297 10013338
0b000401 0b00c201 10031 100 4637 2073299974 33436251 10013070
0b000201 0b00ce01 10027 100 46263 2052794372 53950592 10016561
0b000d01 0b00c801 10024 100 30316 2072012490 34735248 10015224
0b000a01 0b00cf01 10030 100 8406 2069818691 36929501 10013387
0b000c01 0b00cd01 10028 100 3570 2070480798 36281900 10012980
0b000501 0b00c001 10025 100 245337 2049708203 57087280 10033251
0b000c01 0b00c401 10029 100 51092 2063595383 43201322 10016967
0b000e01 0b00c601 10029 100 43898 2073769335 33035950 10016360
0b000101 0b00c801 10023 100 43953 2060429399 46377343 10016365
0b000401 0b00c201 10028 100 6600 2069304451 37522675 10013234
0b000901 0b00ca01 10020 100 73457 2044656821 62213223 10018840
0b000801 0b00ce01 10026 100 69149 2061555622 45350168 10018480
0b000a01 0b00c601 10023 100 4962 2063178957 43742289 10013096
0b000401 0b00c301 10036 100 4545 2072131136 34802903 10013062
0b000a01 0b00cf01 10021 100 267713 2050112785 56829767 10035126
0b000201 0b00c001 10023 100 34715 2088279167 18738429 10015591
0b000a01 0b00c401 10018 100 5672 2055015651 52007410 10013156
0b000001 0b00c001 10042 100 5773 2093191534 13852096 10013164
0b000a01 0b00cc01 10029 100 26775 2090926663 16170719 10014925
0b000801 0b00cb01 10028 100 2065 2072687354 34435386 10012856
0b000c01 0b00cf01 10027 100 58837 2068807576 38317435 10017613
0b000901 0b00ce01 10013 100 185828 2056778744 50351945 10028260
0b000801 0b00c401 10024 100 13858 2066049197 41082599 10013842
0b000601 0b00c001 10025 100 142872 2069654982 37499160 10024658
0b000e01 0b00cd01 10026 100 34876 2075309166 31865283 10015604
0b000801 0b00cc01 10014 100 305000 2037433484 69746261 10038251
0b000f01 0b00c601 10015 100 4960 2050625408 56555479 10013096
0b000801 0b00c101 10033 100 101414 2073071105 34164652 10021184
0b000c01 0b00c301 10008 100 168930 2041283425 65956815 10026843
0b000801 0b00c801 10031 100 38955 2066578811 40681170 10015946
0b000401 0b00c601 10029 100 70733 2069748168 37513338 10018611
0b000f01 0b00c001 10026 100 20140 2074914451 32387761 10014371
0b000201 0b00c001 10020 100 18517 2080324586 26983800 10014234
0b000801 0b00c001 10018 100 702 2076706508 30621535 10012740
0b000101 0b00c701 10024 100 673 2073120980 34245068 10012737
0b000801 0b00cd01 10028 100 72988 2076914919 30460690 10018799
0b000d01 0b00c001 10024 100 25764 2073049900 34358967 10014840
0b000101 0b00c301 10036 100 1154 2084853083 22575138 10012780
0b000701 0b00c601 10031 100 58072 2079085404 28381776 10017552
0b000001 0b00c101 10018 100 8320 2071123478 36356513 10013380
0b000901 0b00cf01 10024 100 56431 2066574060 40909320 10017413
0b000101 0b00cc01 10035 100 8546 2076476347 31021698 10013398
0b000801 0b00cc01 10032 100 47985 2082718285 24785391 10016703
0b000e01 0b00cd01 10024 100 7752 2071386380 36132620 10013330
0b000901 0b00cd01 10028 100 26388 2072825486 34722416 10014894
0b000001 0b00ce01 10026 100 43118 2067496853 40055950 10016298
0b000701 0b00cb01 10016 100 323087 2037722389 69832086 10039771
0b000d01 0b00c001 10009 100 950737 2018692364 88864284 10092390
0b000001 0b00c701 10040 100 8324 2081270878 26315132 10013380
0b000d01 0b00c601 10022 100 40564 2067335439 40260226 10016082
0b000301 0b00cb01 10041 100 53862 2077581947 30015149 10017196
0b000001 0b00c501 10034 100 1915 2071136420 36495809 10012840
0b000401 0b00c601 10033 100 13910 2081353634 26281501 10013846
0b000c01 0b00cb01 10027 100 7465 2069780966 37864541 10013307
0b000a01 0b00c201 10024 100 59167 2060299190 47418325 10017643
0b000101 0b00cc01 10037 100 5653 2080742580 27007516 10013155
0b000701 0b00cf01 10017 100 9138 2062020747 45812601 10013449
0b000501 0b00c001 10035 100 23286 2071645548 36239654 10014635
0b000101 0b00c101 10018 100 65753 2045583617 62335105 10018193
0b000101 0b00cd01 10021 100 36212 2047597440 60321316 10015719
0b000d01 0b00cb01 10025 100 141429 2056591885 51341058 10024539
0b000d01 0b00ce01 10025 100 3869 2071406787 36533816 10013004
0b000301 0b00c701 10023 100 2889 2073536138 34463962 10012922
0b000c01 0b00c601 10021 100 72938 2060694690 47319561 10018795
0b000f01 0b00c001 10018 100 49683 2052970488 55050390 10016846
0b000101 0b00cf01 10023 100 38480 2057410650 50610320 10015908
0b000201 0b00c401 10029 100 38595 2078958760 29064007 10015917
0b000601 0b00ca01 10025 100 6693 2082407068 25617648 10013242
0b000e01 0b00c301 10024 100 68571 2066187891 41860608 10018430
0b000001 0b00c901 10037 100 58865 2066348195 41720972 10017615
0b000c01 0b00c801 10028 100 27687 2069525714 38585120 10015002
0b000c01 0b00c501 10031 100 2313 2062601008 45520541 10012876
0b000a01 0b00c901 10024 100 32088 2070809683 37316233 10015373
0b000801 0b00cc01 10024 100 7011 2059562146 48580076 10013271
0b000701 0b00c701 10027 100 35966 2072407641 35756294 10015695
0b000601 0b00c601 10027 100 57079 2066934316 41251221 10017469
0b000801 0b00c201 10023 100 28454 2070801984 37385320 10015067
0b000501 0b00c001 10031 100 103562 2064914583 43277014 10021364
0b000701 0b00c301 10029 100 171106 2068917408 39284276 10027028
0b000a01 0b00c701 10042 100 21474 2081052965 27213068 10014482
0b000101 0b00c701 10020 100 50477 2068322546 39955669 10016914
0b000801 0b00cb01 10007 100 1052721 2013209654 95068625 10100941
0b000101 0b00ca01 10026 100 1382 2081754207 26528571 10012798
0b000e01 0b00c101 10030 100 45742 2067518855 40793104 10016516
0b000f01 0b00c401 10018 100 29258 2057818976 50493437 10015135
0b000801 0b00ce01 10023 100 150536 2057894548 50439922 10025302
0b000d01 0b00c601 10030 100 4414 2080867317 27493660 10013052
0b000801 0b00c401 10035 100 8379 2092802815 15573786 10013384
0b000101 0b00c401 10017 100 57100 2053659743 54752997 10017470
0b000601 0b00c101 10023 100 29667 2072586467 35840266 10015168
0b000501 0b00c301 10027 100 36294 2080022864 28407249 10015725
0b000601 0b00c101 10020 100 21226 2064225684 44231040 10014462
0b000901 0b00ce01 10018 100 40661 2079181871 29312161 10016090
0b000301 0b00c201 10020 100 347546 2050235112 58294823 10041820
0b000c01 0b00c601 10026 100 37246 2070771553 37805373 10015805
0b000001 0b00cf01 10031 100 33396 2071342800 37240351 10015482
0b000601 0b00c901 10029 100 24501 2080682207 27910227 10014736
0b000301 0b00cd01 10028 100 21772 2080012330 28596161 10014506
0b000f01 0b00cb01 10030 100 153452 2066958738 41668892 10025547
0b000a01 0b00ce01 10022 100 76319 2067742030 40887037 10019081
0b000e01 0b00c301 10032 100 29639 2080162227 28487419 10015166
0b000501 0b00cc01 10040 100 27538 2090858137 17806574 10014990
0b000b01 0b00c401 10035 100 40356 2084287692 24379028 10016065
0b000901 0b00ca01 10034 100 269 2085919569 22766871 10012705
0b000e01 0b00cf01 10020 100 60924 2067537633 41151049 10017788
0b000d01 0b00cd01 10001 100 1917701 2004866378 103844697 10173461
0b000701 0b00cd01 10022 100 70026 2059179873 49533479 10018554
0b000d01 0b00cf01 10040 100 29 2088173499 20542311 10012686
0b000901 0b00c201 10026 100 41391 2070978816 37767639 10016152
0b000401 0b00cb01 10024 100 78209 2068105436 40667849 10019240
0b000701 0b00cd01 10024 100 3452 2066112695 42676856 10012971
0b000001 0b00c301 10026 100 30335 2071809555 36984354 10015225
0b000701 0b00cf01 10024 100 88366 2070854563 37987705 10020091
0b000b01 0b00cb01 10017 100 19626 2060318688 48532543 10014326
0b000401 0b00c301 10018 100 367811 2035660394 73201774 10043518
0b000101 0b00c901 10017 100 308147 2048108892 60792148 10038518
0b000201 0b00cb01 10017 100 17703 2067183877 41720685 10014165
0b000a01 0b00c801 10034 100 1459 2079872960 29045859 10012804
0b000301 0b00c801 10030 100 6990 2064260890 44661695 10013266
0b000101 0b00c701 10023 100 25341 2071454850 37469326 10014807
0b000101 0b00c201 10031 100 3418 2085971025 22954730 10012968
0b000801 0b00cd01 10023 100 111559 2060246842 48711704 10022034
0b000a01 0b00c101 10021 100 72026 2080252541 28729684 10018722
0b000a01 0b00c301 10020 100 76 2068342873 40654828 10012689
0b000401 0b00cd01 10025 100 68987 2078930258 30127927 10018463
0b000301 0b00c301 10030 100 3916 2071428387 37635534 10013008
0b000801 0b00cc01 10029 100 17584 2072644554 36433771 10014155
0b000101 0b00c201 10028 100 16384 2071709150 37372866 10014056
0b000301 0b00c501 10019 100 24145 2059329042 49756914 10014707
0b000201 0b00c001 10017 100 55873 2063562879 45546672 10017364
0b000601 0b00c901 10018 100 82059 2062626852 46484165 10019563
0b000601 0b00cd01 10034 100 3079 2072588081 36573229 10012941
0b000501 0b00cc01 10028 100 518 2058842165 50349847 10012725
0b000b01 0b00cc01 10031 100 119445 2075257530 33987996 10022696
0b000a01 0b00c601 10029 100 1564 2082412688 26840790 10012812
0b000001 0b00c501 10038 100 66 2073835514 35436556 10012689
0b000b01 0b00c001 10023 100 65044 2061419175 47862336 10018136
0b000b01 0b00c501 10014 100 559805 2038888073 70396517 10059614
0b000d01 0b00c901 10014 100 739767 2030392346 78904470 10074702
0b000301 0b00c401 10027 100 95071 2077478424 31847280 10020654
0b000d01 0b00cb01 10036 100 3775 2096105533 13228698 10012997
0b000c01 0b00c701 10021 100 6476 2072188101 37155374 10013224
0b000b01 0b00cd01 10022 100 667 2082583923 26787706 10012737
0b000e01 0b00cc01 10022 100 74163 2061342055 48046758 10018901
0b000201 0b00c301 10028 100 1923 2074429940 34970767 10012841
0b000b01 0b00c801 10035 100 838 2096368796 13036165 10012750
0b000c01 0b00c901 10032 100 6803 2081658414 27790264 10013251
0b000e01 0b00c001 10033 100 4291 2084262932 25188689 10013042
0b000b01 0b00c901 10021 100 14276 2051953366 57536903 10013879
0b000401 0b00c601 10028 100 52098 2068427224 41065378 10017051
0b000b01 0b00c001 10033 100 73399 2088312893 21184686 10018836
0b000a01 0b00c501 10023 100 9270 2060824756 48674728 10013460
0b000f01 0b00c001 10025 100 37470 2073524991 36004320 10015823
0b000601 0b00c301 10029 100 56022 2066832418 42700952 10017380
0b000101 0b00c101 10035 100 29728 2084597222 24948880 10015173
0b000301 0b00c201 10028 100 77341 2071940090 37640590 10019166
0b000801 0b00cb01 10020 100 126732 2058545878 51047304 10023306
0b000a01 0b00cf01 10032 100 133380 2071908066 37696505 10023864
0b000601 0b00cf01 10022 100 166135 2057200964 52412754 10026612
0b000601 0b00c301 10033 100 76865 2069723173 39910520 10019124
0b000701 0b00cb01 10031 100 68868 2068483295 41179735 10018454
0b000c01 0b00c501 10022 100 177125 2047920995 61747783 10027533
0b000401 0b00ce01 10027 100 24975 2075629351 34054689 10014774
0b000e01 0b00c801 10031 100 58244 2077170289 32520690 10017566
0b000501 0b00ce01 10032 100 1765 2080943253 28759805 10012828
0b000801 0b00c701 10033 100 1895 2066233540 43477798 10012839
0b000301 0b00ce01 10026 100 70927 2068036241 41693770 10018626
0b000001 0b00ce01 10030 100 84 2072391533 37341085 10012690
0b000901 0b00cf01 10031 100 25608 2083182208 26551857 10014828
0b000001 0b00cf01 10038 100 6400 2086228638 23518721 10013218
0b000a01 0b00c601 10030 100 74752 2086107736 23681655 10018948
0b000101 0b00c801 10025 100 69397 2069986468 39803175 10018500
0b000101 0b00cd01 10036 100 5252 2096227614 13588490 10013123
0b000c01 0b00cc01 10037 100 22789 2072373155 37452277 10014591
0b000b01 0b00c001 10027 100 70576 2069991947 39845142 10018598
0b000c01 0b00ce01 10023 100 166860 2066299372 43537987 10026670
0b000301 0b00c401 10025 100 42788 2072702201 37175651 10016268
0b000701 0b00cd01 10025 100 4796 2072431642 37469918 10013082
0b000e01 0b00c901 10020 100 54430 2058834334 51090999 10017245
0b000701 0b00c301 10033 100 21324 2076108635 33844415 10014470
0b000401 0b00cb01 10025 100 24272 2069005769 40964153 10014717
0b000201 0b00c401 10024 100 59688 2061110622 48868543 10017685
0b000d01 0b00c601 10023 100 22710 2071063660 38924379 10014585
0b000b01 0b00cf01 10027 100 19683 2083600142 26465388 10014331
0b000501 0b00ca01 10026 100 20783 2077760462 32325572 10014423
0b000601 0b00c501 10027 100 48940 2067965245 42133453 10016783
0b000401 0b00c801 10029 100 1195 2083016757 27082583 10012783
0b000f01 0b00cc01 10037 100 13469 2094037672 16092553 10013811
0b000401 0b00c501 10020 100 101107 2065989973 44158897 10021160
0b000b01 0b00c501 10019 100 39575 2060430698 49720934 10015999
0b000501 0b00c101 10024 100 897 2073120283 37091247 10012755
0b000b01 0b00c201 10028 100 6586 2076740334 33513701 10013233
0b000d01 0b00cb01 10033 100 34609 2091020771 19241108 10015583
0b000101 0b00c801 10026 100 96191 2076488868 33812350 10020747
0b000d01 0b00ca01 10022 100 123689 2065871238 44440798 10023051
0b000501 0b00ca01 10029 100 13741 2094154153 16188324 10013833
0b000401 0b00c501 10024 100 19152 2071942699 38403235 10014288
0b000401 0b00c701 10026 100 9425 2088208047 22188835 10013472
0b000401 0b00c201 10030 100 25249 2072864211 37535031 10014799
0b000701 0b00ce01 10029 100 20016 2084130979 26285948 10014361
0b000101 0b00cc01 10025 100 142205 2043405239 67024591 10024605
0b000f01 0b00cf01 10027 100 802 2073168809 37273558 10012748
0b000601 0b00cf01 10024 100 72788 2063254473 47188404 10018783
0b000d01 0b00c001 10022 100 2000 2068034869 42411449 10012847
0b000501 0b00c301 10025 100 24573 2074525981 35935815 10014741
0b000301 0b00c801 10009 100 958846 2019915623 90548464 10093070
0b000501 0b00cc01 10034 100 50270 2069064181 41461299 10016897
0b000701 0b00cf01 10019 100 2510 2064997734 45529090 10012892
0b000401 0b00c501 10023 100 35352 2070696421 39830437 10015646
0b000a01 0b00c701 10030 100 66434 2061776580 48757316 10018252
0b000f01 0b00c001 10031 100 9233 2082749677 27785796 10013457
0b000901 0b00c101 10008 100 658119 2034246208 76326721 10067860
0b000501 0b00c401 10031 100 1495 2097391009 13193810 10012807
0b000a01 0b00cb01 10024 100 23415 2064617660 45969709 10014645
0b000901 0b00c901 10029 100 31121 2074138803 36472097 10015292
0b000501 0b00c501 10022 100 127595 2056724465 53917188 10023379
0b000001 0b00c401 10020 100 1281 2058063222 52599717 10012790
0b000101 0b00ca01 10020 100 162318 2055310643 55352927 10026291
0b000c01 0b00c001 10017 100 64210 2067922337 42743626 10018066
0b000a01 0b00cb01 10027 100 47716 2069392292 41284107 10016681
0b000a01 0b00c201 10029 100 60147 2070272087 40409590 10017726
0b000a01 0b00c201 10032 100 52843 2083885812 26798754 10017110
0b000d01 0b00c701 10028 100 20656 2081833182 28861231 10014413
0b000d01 0b00c901 10031 100 34556 2072892192 37803921 10015578
0b000d01 0b00c201 10022 100 163407 2062013186 48715579 10026382
0b000301 0b00c901 10035 100 8950 2084771614 25991380 10013430
0b000401 0b00c201 10035 100 7901 2076064793 34716862 10013342
0b000a01 0b00ce01 10023 100 189132 2075265277 35562200 10028540
0b000501 0b00ca01 10018 100 557121 2047375865 63485294 10059392
0b000c01 0b00c601 10029 100 53917 2080217736 30645626 10017200
0b000f01 0b00c001 10027 100 2665 2075507453 35401205 10012904
0b000b01 0b00c101 10021 100 75645 2080101135 30833023 10019023
0b000901 0b00c801 10017 100 57284 2060557148 50420271 10017485
0b000a01 0b00c201 10028 100 161454 2069012423 41979047 10026218
0b000201 0b00cc01 10025 100 105216 2068501495 42519139 10021504
0b000801 0b00c601 10006 100 985071 2024286254 86750024 10095271
0b000001 0b00cc01 10026 100 88497 2065115373 45923199 10020101
0b000f01 0b00ca01 10028 100 5301 2074254248 36798199 10013127
0b000d01 0b00cd01 10023 100 36846 2059359730 51706462 10015769
0b000f01 0b00cd01 10021 100 29813 2067372982 43695059 10015180
0b000e01 0b00c901 10017 100 51633 2050605560 60470770 10017010
0b000901 0b00c901 10031 100 4460 2075836166 35271443 10013056
0b000c01 0b00c601 10031 100 3372 2086297110 24822818 10012965
0b000501 0b00c601 10016 100 480794 2053607261 57535854 10052990
0b000101 0b00c601 10027 100 23008 2073155982 37990468 10014612
0b000901 0b00c101 10022 100 7747 2095884937 15270181 10013330
0b000701 0b00c501 10018 100 62097 2070168772 41001994 10017889
0b000101 0b00c501 10028 100 56437 2063680261 47493551 10017413
0b000801 0b00c701 10042 100 17682 2095948545 15225980 10014163
0b000d01 0b00c501 10025 100 876 2096164936 15016241 10012753
0b000801 0b00cb01 10027 100 72233 2069684732 41509900 10018738
0b000901 0b00c201 10031 100 38507 2083672561 27540129 10015910
0b000a01 0b00cf01 10033 100 74494 2075148977 36070197 10018927
0b000401 0b00c501 10018 100 58704 2063659567 47565899 10017602
0b000801 0b00c901 10020 100 29053 2061138990 50099877 10015119
0b000a01 0b00ce01 10018 100 341472 2061401840 49841779 10041311
0b000c01 0b00c301 10018 100 64967 2060588323 50671112 10018126
0b000c01 0b00cd01 10033 100 8156 2085892867 25379894 10013367
0b000f01 0b00c201 10043 100 50078 2077019372 34256712 10016882
0b000101 0b00cb01 10012 100 644176 2026385449 84892455 10066690
0b000001 0b00c801 10044 100 26842 2084826014 26484249 10014931
0b000b01 0b00c501 10024 100 23134 2075012377 36324169 10014622
0b000501 0b00c601 10024 100 21795 2068825265 42517552 10014508
0b000701 0b00c401 10029 100 376 2074170623 37186159 10012713
0b000b01 0b00c101 10018 100 47089 2071668621 39735941 10016631
0b000a01 0b00cc01 10025 100 74921 2067880939 43532684 10018961
0b000601 0b00cb01 10015 100 5927 2064634209 46793469 10013177
0b000d01 0b00cd01 10024 100 34110 2062849399 48593272 10015543
0b000501 0b00cf01 10025 100 21802 2069482470 41993704 10014508
0b000801 0b00c201 10022 100 63352 2070517318 41013833 10017993
0b000e01 0b00c701 10025 100 48910 2070835585 40704772 10016780
0b000101 0b00c201 10013 100 522670 2041071715 70484331 10056501
0b000801 0b00cb01 10023 100 7262 2062946542 48620193 10013291
0b000c01 0b00c901 10024 100 53203 2071476509 40141845 10017143
0b000d01 0b00c901 10034 100 19111 2085209904 26429756 10014285
0b000601 0b00cc01 10034 100 27320 2074465362 37178667 10014973
0b000301 0b00c601 10020 100 9860 2063607161 48062203 10013507
0b000201 0b00c401 10033 100 5573 2085988720 25710039 10013148
0b000201 0b00ca01 10019 100 31343 2074849126 36865650 10015310
0b000601 0b00cd01 10025 100 68545 2056197583 55518210 10018428
0b000e01 0b00c901 10004 100 631813 2021577538 90141413 10065651
0b000701 0b00cb01 10027 100 2686 2060893722 50909003 10012906
0b000901 0b00c801 10018 100 25310 2062442697 49388701 10014804
0b000801 0b00c001 10027 100 4407 2090617428 21230660 10013051
0b000001 0b00c901 10039 100 23025 2073769742 38079979 10014614
0b000d01 0b00c001 10020 100 59015 2067016444 44895635 10017631
0b000301 0b00cb01 10040 100 37540 2073499484 38540858 10015829
0b000a01 0b00c401 10025 100 31156 2074470701 37588975 10015295
0b000b01 0b00c801 10022 100 71357 2070625353 41438053 10018665
0b000a01 0b00c701 10044 100 3946 2086912977 25158527 10013011
0b000001 0b00ce01 10032 100 8070 2073599122 38504985 10013360
0b000c01 0b00c801 10024 100 22773 2066860876 45261480 10014590
0b000201 0b00c201 10036 100 4225 2090805523 21328510 10013037
0b000901 0b00ce01 10021 100 28427 2088898470 23252063 10015065
0b000801 0b00cd01 10027 100 42286 2072510465 39664993 10016228
0b000301 0b00ca01 10025 100 103472 2057131459 55050752 10021357
0b000501 0b00c401 10010 100 174559 2063485866 48802961 10027316
0b000b01 0b00c101 10019 100 3052 2077061845 35244549 10012939
0b000001 0b00cd01 10037 100 35823 2084194495 28131599 10015684
0b000d01 0b00c601 10018 100 53360 2062482479 49848016 10017156
0b000701 0b00c701 10031 100 24928 2096781576 15554432 10014770
0b000d01 0b00ce01 10021 100 16835 2065965376 46375002 10014092
0b000b01 0b00cb01 10027 100 74520 2079727472 32629840 10018929
0b000501 0b00cc01 10017 100 395120 2030756227 81611964 10045810
0b000301 0b00c901 10036 100 9951 2088746164 23628418 10013514
0b000b01 0b00ca01 10028 100 26336 2075707081 36668308 10014890
0b000601 0b00c401 10030 100 185932 2060415110 51964733 10028268
0b000201 0b00cc01 10028 100 51464 2071911828 40485291 10016996
0b000701 0b00c801 10024 100 693 2077804581 34658712 10012739
0b000801 0b00c701 10032 100 4540 2064929697 47543895 10013062
0b000601 0b00cd01 10032 100 63983 2068476715 44003597 10018044
0b000301 0b00c601 10027 100 16255 2075524986 36988482 10014045
0b000b01 0b00c201 10025 100 53506 2073637870 38885485 10017167
0b000101 0b00ca01 10027 100 53220 2085492466 27042841 10017144
0b000a01 0b00c801 10026 100 8164 2053606004 58957985 10013367
0b000b01 0b00c401 10031 100 28467 2066512700 46055817 10015068
0b000701 0b00cc01 10019 100 73116 2062197852 50372589 10018813
0b000701 0b00c001 10024 100 35676 2066971536 45608103 10015672
0b000001 0b00cf01 10023 100 57087 2064164161 48441921 10017469
0b000b01 0b00c801 10026 100 53640 2072153823 40480366 10017178
0b000a01 0b00ca01 10027 100 8271 2083027845 29612154 10013376
0b000401 0b00cc01 10019 100 25843 2073331817 39355557 10014847
0b000901 0b00cd01 10042 100 27466 2097124774 15583422 10014984
0b000a01 0b00c501 10018 100 12973 2053486350 59223106 10013767
0b000a01 0b00ca01 10022 100 8450 2063926015 48824973 10013390
0b000301 0b00c601 10019 100 26216 2063560373 49195007 10014880
0b000001 0b00c301 10032 100 2457 2091406035 21351737 10012888
0b000a01 0b00ce01 10021 100 32228 2066980284 45778492 10015384
0b000e01 0b00c501 10021 100 58802 2062722327 50092516 10017610
0b000901 0b00cf01 10017 100 155897 2052280180 60593856 10025750
0b000b01 0b00ca01 10035 100 12809 2089081295 23800490 10013754
0b000301 0b00cf01 10026 100 39751 2079888287 33017320 10016013
0b000301 0b00cb01 10031 100 29932 2058814675 54092394 10015189
0b000101 0b00c201 10021 100 62695 2051048787 61929560 10017937
0b000e01 0b00c201 10038 100 22612 2085310573 27671282 10014577
0b000201 0b00c801 10018 100 24821 2066959462 46026292 10014761
0b000e01 0b00c101 10028 100 118992 2063846480 49151452 10022656
0b000e01 0b00c501 10022 100 49396 2064921550 48099914 10016823
0b000601 0b00c901 10034 100 9481 2086726834 26303901 10013476
0b000701 0b00cb01 10006 100 1658942 2009477443 103560981 10151765
0b000f01 0b00c501 10022 100 37474 2089645609 23431615 10015823
0b000f01 0b00cc01 10030 100 105523 2078794248 34296824 10021528
0b000801 0b00ce01 10032 100 57298 2066148034 46947389 10017486
0b000201 0b00c001 10013 100 28306 2059075623 54039224 10015055
0b000101 0b00c201 10022 100 138401 2056255941 56861354 10024285
0b000901 0b00cf01 10022 100 177727 2065429877 47692344 10027581
0b000b01 0b00c701 10033 100 51992 2080242463 32880602 10017039
0b000301 0b00c101 10027 100 121480 2065981933 47149751 10022866
0b000f01 0b00cb01 10036 100 7406 2089531335 23604299 10013303
0b000c01 0b00c601 10022 100 61306 2063269878 49877892 10017822
0b000e01 0b00cd01 10027 100 152623 2076003936 37147312 10025477
0b000401 0b00c901 10031 100 59204 2091893792 21264463 10017646
0b000901 0b00c801 10028 100 10043 2087506620 25658422 10013525
0b000901 0b00c201 10030 100 28915 2082269473 30900017 10015104
0b000101 0b00c701 10026 100 825 2076814437 36355867 10012749
0b000c01 0b00c001 10029 100 1354 2097995591 15179050 10012796
0b000c01 0b00c301 10020 100 54990 2062900308 50299582 10017290
0b000401 0b00c401 10019 100 144730 2067073229 46135821 10024815
0b000201 0b00c401 10026 100 67737 2066570991 46638245 10018360
0b000801 0b00c401 10022 100 64199 2064869673 48340664 10018065
0b000701 0b00c401 10026 100 50265 2072425444 40805354 10016897
0b000a01 0b00c901 10020 100 6171 2060563010 52722621 10013200
0b000d01 0b00ca01 10029 100 35847 2082807996 30524988 10015686
0b000301 0b00cc01 10021 100 18913 2066144791 47221501 10014266
0b000801 0b00c001 10016 100 43795 2071862676 41534124 10016352
0b000601 0b00c801 10021 100 12391 2076671211 36748050 10013721
0b000801 0b00c801 10036 100 62580 2085078471 28346887 10017928
0b000f01 0b00cd01 10020 100 364001 2066902191 46548097 10043201
0b000901 0b00ce01 10019 100 46782 2083465820 29993968 10016603
0b000501 0b00ca01 10025 100 26888 2076028008 37464430 10014934
0b000501 0b00c501 10031 100 189118 2074420535 39098370 10028539
0b000701 0b00c101 10021 100 44592 2065509483 48029435 10016420
0b000201 0b00ca01 10015 100 49846 2061814243 51734767 10016859
0b000d01 0b00ca01 10026 100 20133 2077385544 36167207 10014371
0b000a01 0b00c601 10033 100 31090 2094877841 18675627 10015290
0b000001 0b00c501 10032 100 88538 2065485907 48079805 10020104
0b000601 0b00cc01 10031 100 61660 2069624106 43955177 10017850
0b000401 0b00cd01 10019 100 16242 2058425403 55181149 10014044
0b000301 0b00c101 10035 100 98951 2082109405 31516926 10020976
0b000801 0b00c601 10023 100 21550 2075109075 38525703 10014488
0b000f01 0b00c801 10026 100 38817 2078672029 34965483 10015935
0b000501 0b00c501 10029 100 251265 2065678035 47964448 10033748
0b000b01 0b00c701 10034 100 32723 2086040180 27604254 10015424
0b000101 0b00cb01 10029 100 149487 2080155932 33495233 10025214
0b000801 0b00cc01 10023 100 6502 2056108814 57569971 10013227
0b000501 0b00c601 10027 100 49523 2074872104 38839860 10016833
0b000401 0b00c401 10015 100 17591 2058818029 54934889 10014156
0b000401 0b00cc01 10016 100 66445 2067904364 45869807 10018252
0b000f01 0b00cc01 10026 100 180656 2068747161 45037318 10027827
0b000601 0b00ce01 10033 100 15235 2086842212 26998261 10013960
0b000e01 0b00c801 10032 100 25294 2077748214 36108796 10014803
0b000101 0b00cf01 10033 100 27809 2088769351 25088036 10015012
0b000e01 0b00ce01 10027 100 6197 2061917069 51953332 10013202
0b000001 0b00c701 10034 100 75403 2069757249 44114926 10019004
0b000501 0b00c701 10029 100 25680 2065295021 48586323 10014834
0b000901 0b00c501 10038 100 62707 2093954919 19930818 10017938
0b000e01 0b00c601 10031 100 9193 2077408858 36531660 10013453
0b000c01 0b00cb01 10030 100 71053 2072607005 41343762 10018640
0b000901 0b00c801 10033 100 3184 2099195495 14784945 10012950
0b000f01 0b00cf01 10025 100 20726 2072032871 41951740 10014418
0b000001 0b00cc01 10027 100 1730 2069430715 44580943 10012826
0b000301 0b00c801 10027 100 149065 2059747590 54269487 10025181
0b000a01 0b00cb01 10020 100 101874 2059064042 54985060 10021221
0b000401 0b00c201 10032 100 25002 2074732474 39317106 10014780
0b000501 0b00c601 10028 100 3258 2081094574 32972051 10012956
0b000f01 0b00c301 10022 100 46199 2069278103 44808252 10016556
0b000a01 0b00c001 10027 100 54448 2074132806 39957984 10017247
0b000901 0b00cd01 10036 100 52492 2085418740 28689613 10017082
0b000d01 0b00cf01 10031 100 58221 2074002546 40146285 10017564
0b000401 0b00ca01 10031 100 79768 2081779534 32385574 10019368
0b000901 0b00c201 10032 100 61927 2084833858 29334692 10017872
0b000e01 0b00c101 10032 100 25630 2073190031 41052941 10014830
0b000601 0b00cb01 10009 100 56201 2049817088 64434862 10017394
0b000001 0b00c001 10038 100 7141 2088097261 26197849 10013282
0b000101 0b00c801 10016 100 309853 2046628564 67676627 10038658
0b000701 0b00c901 10019 100 6964 2069934294 44381943 10013264
0b000601 0b00ce01 10034 100 29423 2089131607 25214909 10015149
0b000101 0b00c001 10024 100 78028 2072211966 42151975 10019225
0b000901 0b00ca01 10035 100 23979 2087641785 26765932 10014690
0b000701 0b00c301 10024 100 71052 2058946119 55476518 10018640
0b000401 0b00ce01 10037 100 15749 2099190189 15283345 10014001
0b000601 0b00c101 10032 100 5634 2099214046 15314123 10013153
0b000b01 0b00ce01 10027 100 17897 2098193675 16359314 10014180
0b000d01 0b00c401 10025 100 2707 2079150304 35413906 10012908
0b000801 0b00cd01 10030 100 38872 2084361455 30260328 10015939
0b000201 0b00c701 10029 100 30443 2081265612 33376985 10015234
0b000501 0b00c901 10027 100 22331 2087326902 27319995 10014554
0b000001 0b00c801 10030 100 112185 2060440734 54218974 10022088
0b000d01 0b00c001 10025 100 17051 2075304124 39390547 10014113
0b000401 0b00c601 10036 100 74069 2082948857 31780853 10018893
0b000601 0b00c901 10028 100 5055 2076814177 37917460 10013107
0b000901 0b00cc01 10010 100 819953 2030688027 84075580 10081425
0b000e01 0b00c601 10033 100 50345 2086605606 28158654 10016903
0b000001 0b00ce01 10036 100 851 2078227785 36552140 10012751
0b000a01 0b00cb01 10025 100 39056 2065709067 49081886 10015958
0b000701 0b00cf01 10023 100 1700 2070644725 44175935 10012823
0b000c01 0b00c101 10019 100 51686 2085164321 29699652 10017014
0b000001 0b00c801 10048 100 9273 2092285593 22583165 10013460
0b000201 0b00ce01 10036 100 24492 2076923589 37949721 10014735
0b000c01 0b00cc01 10029 100 157974 2055070028 59806916 10025924
0b000a01 0b00c901 10023 100 93752 2069897479 45018946 10020541
0b000601 0b00c301 10041 100 22641 2090679221 24255049 10014579
0b000b01 0b00cb01 10029 100 82251 2086844939 28095319 10019578
0b000701 0b00c101 10025 100 41444 2076716488 38255648 10016156
0b000301 0b00c901 10028 100 10737 2069822734 45174010 10013581
0b000901 0b00c301 10025 100 17166 2066672141 48344937 10014122
0b000b01 0b00c601 10031 100 3690 2067542203 47477528 10012990
0b000901 0b00c501 10025 100 14768 2061616421 53407635 10013919
0b000101 0b00cb01 10024 100 42009 2068712928 46328721 10016205
0b000001 0b00cd01 10033 100 26405 2076354176 38740101 10014896
0b000501 0b00c701 10034 100 3690 2076728898 38369085 10012990
0b000a01 0b00c401 10026 100 3870 2079980935 35118159 10013004
0b000001 0b00cd01 10038 100 29216 2085584222 29560737 10015132
0b000301 0b00cb01 10037 100 56802 2065930750 49229331 10017443
0b000e01 0b00cc01 10025 100 13872 2066584757 48608213 10013843
0b000401 0b00c401 10024 100 68261 2077231514 37985381 10018405
0b000401 0b00c801 10012 100 143360 2046808817 68427265 10024701
0b000d01 0b00c801 10033 100 16180 2088933679 26308105 10014039
0b000f01 0b00cf01 10029 100 9712 2079439668 35831186 10013495
0b000901 0b00c501 10033 100 56748 2088134382 27179809 10017438
0b000001 0b00ca01 10022 100 43446 2066397954 48952353 10016324
0b000101 0b00cc01 10038 100 8011 2088018416 27340773 10013355
0b000601 0b00c901 10026 100 1681 2072871601 42488047 10012822
0b000a01 0b00ce01 10024 100 3104 2077508719 37881207 10012943
0b000401 0b00c001 10020 100 48913 2088199797 27212950 10016781
0b000b01 0b00c101 10015 100 33464 2065892464 49534354 10015487
0b000601 0b00cf01 10025 100 21692 2067004482 48429201 10014499
0b000a01 0b00c701 10033 100 159251 2064556994 50888973 10026034
0b000e01 0b00c501 10033 100 5876 2091497974 23959044 10013173
0b000901 0b00c701 10031 100 49845 2065187767 50280414 10016859
0b000101 0b00c301 10016 100 522784 2042542679 72961039 10056511
0b000601 0b00c101 10010 100 599008 2025648192 89865780 10062904
0b000701 0b00cc01 10029 100 65725 2088669604 26848899 10018191
0b000f01 0b00cc01 10024 100 238264 2064942995 50588764 10032658
0b000001 0b00cf01 10030 100 13281 2070799619 44773326 10013796
0b000e01 0b00ce01 10031 100 37252 2072481675 43095293 10015806
0b000501 0b00cb01 10026 100 80820 2067475405 48138103 10019456
0b000101 0b00cb01 10030 100 7928 2082011060 33622741 10013344
0b000601 0b00cc01 10025 100 28047 2057446269 58198092 10015035
0b000201 0b00cb01 10019 100 4023 2072031541 43690123 10013021
0b000301 0b00c601 10005 100 942782 2023563892 92162634 10091723
0b000d01 0b00c201 10034 100 47190 2080417639 35311571 10016639
0b000901 0b00cf01 10019 100 40245 2056120182 59636726 10016057
0b000a01 0b00c301 10023 100 22061 2071506915 44264570 10014533
0b000a01 0b00c201 10030 100 6400 2080340144 35445248 10013218
0b000b01 0b00c601 10035 100 64746 2094595717 21193354 10018109
0b000001 0b00c301 10028 100 9025 2078087313 37703110 10013440
0b000b01 0b00c101 10022 100 7669 2080349963 35449105 10013324
0b000301 0b00c701 10021 100 115962 2067994527 47816833 10022402
0b000601 0b00c501 10026 100 3692 2065930659 49891683 10012990
0b000601 0b00c701 10024 100 31847 2075566396 40288612 10015350
0b000e01 0b00ca01 10002 100 995710 2003454356 112404440 10096161
0b000c01 0b00cb01 10039 100 2487 2088492811 27384661 10012890
0b000b01 0b00c901 10040 100 44268 2096701797 19195369 10016394
0b000801 0b00c501 10036 100 23845 2090894631 25009603 10014679
0b000701 0b00c901 10020 100 51678 2074442362 41485714 10017013
0b000601 0b00c401 10034 100 170105 2072308635 43631745 10026945
0b000301 0b00c401 10029 100 5861 2088743990 27219307 10013171
0b000301 0b00c601 10029 100 52900 2077847141 38125275 10017115
0b000601 0b00ce01 10030 100 42095 2085172193 30806251 10016212
0b000b01 0b00c301 10018 100 30062 2075900254 40090912 10015204
0b000301 0b00cb01 10046 100 15812 2091514778 24488020 10014006
0b000b01 0b00cb01 10023 100 29130 2070755006 45252473 10015125
0b000b01 0b00c401 10027 100 20830 2056552807 59455999 10014427
0b000f01 0b00cb01 10031 100 72921 2073447369 42575092 10018794
0b000601 0b00ce01 10024 100 5201 2069933522 46092443 10013119
0b000a01 0b00ca01 10026 100 50118 2076403763 39625592 10016885
0b000b01 0b00cb01 10014 100 229589 2050515136 65518731 10031930
0b000301 0b00c501 10028 100 79106 2071236897 44813255 10019315
0b000701 0b00cb01 10026 100 23839 2059204488 56857703 10014679
0b000801 0b00c501 10032 100 8640 2088559275 27523324 10013405
0b000f01 0b00c401 10021 100 343575 2064520654 51610123 10041486
0b000101 0b00c401 10025 100 42988 2075538156 40599259 10016284
0b000101 0b00c601 10024 100 63980 2063228892 52933314 10018044
0b000b01 0b00c001 10024 100 167100 2062669327 53515131 10026693
0b000a01 0b00cb01 10019 100 4712 2057602162 58587809 10013076
0b000301 0b00c901 10003 100 1246682 2008048232 108151547 10117203
0b000c01 0b00c501 10037 100 14371 2070732141 45469681 10013887
0b000801 0b00cb01 10029 100 59828 2073253262 43013319 10017696
0b000601 0b00c301 10026 100 403858 2052456394 63825332 10046540
0b000601 0b00ce01 10017 100 49799 2055605164 60688886 10016855
0b000e01 0b00cc01 10030 100 58971 2073390718 42931118 10017624
0b000401 0b00c801 10033 100 28165 2086094810 30269631 10015044
0b000a01 0b00c101 10022 100 28582 2086387980 30012623 10015077
0b000c01 0b00c201 10029 100 77437 2071823568 44581494 10019174
0b000101 0b00c701 10018 100 37714 2065595846 50811796 10015843
0b000c01 0b00c101 10018 100 10529 2084042119 32367561 10013564
0b000101 0b00cf01 10029 100 25203 2071100178 45309773 10014796
0b000c01 0b00cb01 10041 100 6788 2090958064 25485700 10013249
0b000b01 0b00c701 10027 100 138816 2073154477 43328121 10024319
0b000301 0b00c901 10021 100 136980 2062200005 54343550 10024164
0b000101 0b00c501 10024 100 430467 2053162910 63382718 10048772
0b000301 0b00c301 10029 100 22610 2071243770 45302355 10014577
0b000e01 0b00ce01 10032 100 12078 2077620276 38956407 10013696
0b000f01 0b00c001 10028 100 38923 2077765016 38850581 10015943
0b000e01 0b00cf01 10025 100 1853 2091768157 24868510 10012835
0b000601 0b00c601 10033 100 27286 2080402025 36241750 10014970
0b000401 0b00cb01 10028 100 27881 2076361906 40306593 10015018
0b000b01 0b00ce01 10021 100 45173 2089976009 26714029 10016470
0b000901 0b00c201 10029 100 17204 2080723780 36002192 10014125
0b000701 0b00c201 10030 100 230997 2081731711 35005099 10032046
0b000f01 0b00cd01 10023 100 79547 2077257914 39493414 10019350
0b000401 0b00cb01 10035 100 9920 2084831617 31940075 10013512
0b000501 0b00c401 10026 100 39776 2087580114 29194000 10016015
0b000101 0b00c601 10025 100 19252 2071019377 45760358 10014296
0b000701 0b00c901 10021 100 79110 2074734390 42046117 10019316
0b000901 0b00c901 10034 100 27201 2078354103 38427944 10014963
0b000e01 0b00cd01 10028 100 9660 2076411901 40416129 10013491
0b000e01 0b00c301 10030 100 70292 2071658644 45180763 10018576
0b000301 0b00c701 10022 100 45800 2068407160 48444895 10016520
0b000301 0b00c101 10038 100 29710 2088491272 28367674 10015172
0b000301 0b00c201 10031 100 69123 2076002670 40871317 10018478
0b000401 0b00cc01 10017 100 19661 2069912781 46975568 10014329
0b000d01 0b00c801 10029 100 228 2082413320 34486231 10012702
0b000701 0b00c901 10023 100 25509 2080269439 36631488 10014820
0b000d01 0b00cf01 10035 100 3780 2078097893 38803844 10012997
0b000001 0b00cc01 10028 100 20393 2079472089 37453698 10014392
0b000801 0b00c201 10033 100 6834 2095286415 21639777 10013253
0b000301 0b00c201 10034 100 6586 2085833035 31094234 10013233
0b000301 0b00cb01 10047 100 3474 2091776691 25159817 10012973
0b000701 0b00cc01 10023 100 8721 2074569438 42379384 10013412
0b000701 0b00c401 10028 100 72951 2073633214 43340184 10018796
0b000a01 0b00cd01 10019 100 25476 2077792118 39182281 10014817
0b000001 0b00c801 10041 100 6034 2080889384 36092679 10013189
0b000d01 0b00cf01 10034 100 45675 2077658892 39328457 10016510
0b000c01 0b00c001 10021 100 74270 2072580202 44412667 10018909
0b000901 0b00cf01 10028 100 31162 2080079347 36940561 10015295
0b000e01 0b00c901 10027 100 51639 2077499383 39538272 10017010
0b000501 0b00ca01 10024 100 26252 2065267932 51777051 10014883
0b000201 0b00c801 10022 100 4275 2080265628 36796106 10013041
0b000f01 0b00c501 10017 100 45272 2063082128 53981705 10016478
0b000d01 0b00c601 10033 100 68385 2083153409 33922025 10018415
0b000a01 0b00c401 10030 100 36312 2089881953 27209494 10015727
0b000001 0b00c401 10027 100 31870 2079570266 37551819 10015352
0b000001 0b00cb01 10017 100 65809 2054291824 62852188 10018198
0b000701 0b00cf01 10015 100 10282 2056766317 60401221 10013544
0b000b01 0b00c701 10030 100 22422 2078824078 38351546 10014562
0b000101 0b00ce01 10027 100 571 2079431483 37750374 10012729
0b000201 0b00c201 10031 100 29796 2079060542 38197068 10015178
0b000d01 0b00cf01 10032 100 59974 2076008498 41280333 10017708
0b000b01 0b00c801 10034 100 303 2082551935 34744201 10012708
0b000301 0b00c901 10029 100 27598 2071458761 45854737 10014995
0b000501 0b00c901 10013 100 539308 2035725048 81608933 10057898
0b000301 0b00cb01 10018 100 875810 2028798005 88545597 10086108
0b000b01 0b00c501 10032 100 62574 2097478850 19930089 10017927
0b000c01 0b00c201 10020 100 71796 2056348900 61062988 10018700
0b000001 0b00c401 10029 100 26536 2086647050 30825153 10014906
0b000f01 0b00c301 10030 100 24698 2094764178 22742466 10014751
0b000f01 0b00cd01 10026 100 19747 2081751424 35775841 10014336
0b000f01 0b00c801 10023 100 8078 2069333670 48204557 10013360
0b000501 0b00c901 10024 100 136240 2068624314 48927819 10024105
0b000501 0b00c701 10031 100 28736 2068401600 49172440 10015090
0b000401 0b00c801 10026 100 17346 2079181304 38412026 10014136
0b000901 0b00ca01 10028 100 18339 2073337895 44257655 10014220
0b000401 0b00c601 10035 100 65849 2082933619 34663003 10018201
0b000b01 0b00cf01 10024 100 35747 2080070624 37528454 10015678
0b000001 0b00cd01 10027 100 158074 2058716120 58895625 10025936
0b000b01 0b00ce01 10014 100 6888 2068966091 48647554 10013257
0b000d01 0b00c401 10024 100 74527 2075809029 41809074 10018930
0b000901 0b00c301 10027 100 6444 2082350343 35269380 10013222
0b000501 0b00cd01 10024 100 288264 2066750433 50873580 10036850
0b000801 0b00c301 10029 100 5143 2082587689 35047867 10013114
0b000d01 0b00cd01 10025 100 58392 2067895431 49742472 10017577
0b000301 0b00c101 10032 100 23285 2078643759 39010376 10014634
0b000801 0b00ce01 10041 100 5545 2096007707 21654513 10013146
0b000901 0b00c801 10031 100 39430 2093378198 24295013 10015988
0b000d01 0b00c601 10031 100 4112 2081386168 36324582 10013028
0b000801 0b00c501 10029 100 70888 2075612140 42099434 10018623
0b000e01 0b00cc01 10028 100 10847 2070139221 47604245 10013590
0b000201 0b00ce01 10035 100 49583 2076785200 40976888 10016838
0b000101 0b00c901 10029 100 33101 2091779107 25997933 10015458
0b000101 0b00c301 10025 100 181390 2067911931 49874954 10027890
0b000001 0b00c001 10041 100 74084 2092379937 25419105 10018894
0b000b01 0b00cd01 10020 100 22923 2077384900 40416498 10014602
0b000101 0b00c101 10032 100 38673 2078408955 39404325 10015923
0b000401 0b00ca01 10030 100 22365 2080367634 37469114 10014557
0b000301 0b00c301 10024 100 6908 2060115988 57726263 10013259
0b000101 0b00c401 10019 100 24084 2058774248 59070388 10014702
0b000e01 0b00cd01 10014 100 448778 2037761097 80100845 10050306
0b000301 0b00c001 10019 100 109904 2065455018 52441054 10021894
0b000001 0b00cb01 10018 100 10849 2063655273 54241928 10013590
0b000301 0b00c801 10033 100 52244 2070283187 47638611 10017063
0b000e01 0b00c401 10026 100 21925 2086341013 31680968 10014518
0b000a01 0b00cf01 10044 100 46570 2097683405 20392572 10016586
0b000901 0b00c701 10040 100 61891 2088283597 29801720 10017869
0b000401 0b00c701 10027 100 1131 2091156321 26933455 10012778
0b000f01 0b00c501 10019 100 9008 2069715549 48396545 10013439
0b000801 0b00c801 10035 100 8239 2084552009 33575100 10013373
0b000601 0b00c501 10029 100 11398 2074359738 43793180 10013637
0b000f01 0b00c101 10023 100 273166 2060351923 57818289 10035585
0b000601 0b00c301 10042 100 25045 2091869325 26310760 10014783
0b000301 0b00c601 10022 100 42315 2068375483 49808837 10016230
0b000401 0b00ca01 10023 100 51223 2068121987 50064401 10016977
0b000c01 0b00c201 10028 100 30843 2069336349 48874707 10015266
0b000a01 0b00cc01 10026 100 77670 2074127477 44086042 10019193
0b000601 0b00c201 10020 100 160458 2057551414 60681840 10026134
0b000d01 0b00c101 10017 100 123357 2064067467 54177881 10023024
0b000d01 0b00c501 10019 100 7735 2072534145 45733805 10013329
0b000301 0b00cc01 10025 100 31874 2071068583 47202890 10015352
0b000101 0b00ca01 10019 100 225462 2054540987 63733290 10031584
0b000c01 0b00c101 10014 100 31648 2072819629 45494718 10015334
0b000c01 0b00cc01 10044 100 60487 2087074750 31240573 10017753
0b000301 0b00cb01 10042 100 41998 2077987933 40337082 10016201
0b000601 0b00cb01 10021 100 31991 2087236552 31090197 10015362
0b000401 0b00cb01 10031 100 19818 2079862550 38475865 10014342
0b000801 0b00c401 10026 100 258494 2071060643 47279564 10034354
0b000f01 0b00c701 10024 100 33398 2091217943 27141337 10015482
0b000201 0b00cb01 10022 100 58747 2077677846 40685373 10017606
0b000e01 0b00cd01 10036 100 53329 2096501695 21868048 10017153
0b000401 0b00c701 10022 100 22528 2064331097 54050038 10014570
0b000201 0b00cc01 10029 100 51019 2077101358 41280281 10016961
0b000f01 0b00ca01 10036 100 21580 2088226446 30158225 10014490
0b000d01 0b00cf01 10000 100 2763347 2001740631 116676566 10244361
0b000901 0b00c701 10045 100 50208 2099719476 18716851 10016892
0b000d01 0b00cf01 10033 100 146086 2077298439 41199781 10024931
0b000001 0b00c301 10025 100 45398 2069367295 49139502 10016488
0b000201 0b00c801 10026 100 66255 2088961068 29557896 10018237
0b000201 0b00cd01 10030 100 128754 2071974739 46565606 10023475
0b000001 0b00c601 10039 100 7425 2079362559 39179118 10013304
0b000201 0b00c501 10029 100 7735 2092597314 25944491 10013329
0b000401 0b00c201 10025 100 44589 2060260439 58295491 10016419
0b000e01 0b00c501 10028 100 78446 2076615605 41953534 10019259
0b000c01 0b00cf01 10032 100 11152 2082233061 36383697 10013618
0b000201 0b00cf01 10037 100 8580 2092635630 25982745 10013400
0b000d01 0b00c001 10026 100 74897 2077325564 41306329 10018959
0b000701 0b00c301 10034 100 7049 2079187103 39453034 10013274
0b000c01 0b00cc01 10043 100 4720 2083731955 34912105 10013076
0b000301 0b00c001 10017 100 74047 2064258038 54391223 10018891
0b000b01 0b00c001 10030 100 55822 2079614478 39040758 10017360
0b000101 0b00c201 10027 100 43797 2071441960 47219841 10016352
0b000301 0b00c901 10032 100 51132 2079286317 39383049 10016970
0b000901 0b00c401 10024 100 14424 2081135052 37543546 10013891
0b000701 0b00c401 10024 100 24796 2068417999 50260648 10014759
0b000b01 0b00c401 10032 100 80502 2068864073 49865395 10019431
0b000701 0b00c301 10030 100 53454 2069049110 49682490 10017163
0b000801 0b00ce01 10035 100 1556 2080107336 38630226 10012812
0b000c01 0b00cb01 10029 100 78369 2072030203 46725561 10019252
0b000c01 0b00c301 10027 100 47382 2085582512 33174610 10016654
0b000701 0b00ca01 10030 100 11661 2085098959 33677750 10013658
0b000d01 0b00ca01 10027 100 20862 2077677092 41106778 10014429
0b000b01 0b00c701 10031 100 67412 2078950594 39845250 10018334
0b000901 0b00cc01 10025 100 8486 2093078714 25734139 10013393
0b000301 0b00c801 10036 100 72182 2081069072 37745016 10018734
0b000a01 0b00cb01 10030 100 3950 2081570881 37252249 10013011
0b000401 0b00ce01 10033 100 40334 2087038640 31793948 10016064
0b000301 0b00cc01 10018 100 185771 2060075987 58776410 10028255
0b000701 0b00c401 10033 100 7762 2081407087 37446671 10013331
0b000101 0b00cd01 10030 100 79762 2077729795 41140632 10019368
0b000101 0b00cb01 10031 100 31837 2083287997 35583426 10015349
0b000d01 0b00c001 10027 100 37286 2079263737 39610273 10015808
0b000e01 0b00cc01 10029 100 7415 2072948854 45982895 10013303
0b000f01 0b00c101 10025 100 31142 2074762423 44170263 10015294
0b000f01 0b00c201 10050 100 27001 2089838186 29105199 10014947
0b000201 0b00c601 10034 100 133492 2065784020 53192983 10023873
0b000101 0b00cb01 10027 100 75879 2076172944 42816862 10019042
0b000001 0b00cf01 10026 100 154053 2065388698 53623751 10025599
0b000d01 0b00c501 10020 100 24219 2082243742 36772318 10014713
0b000401 0b00c601 10030 100 23725 2077603251 41425747 10014670
0b000901 0b00c901 10035 100 53527 2091938406 27110321 10017169
0b000001 0b00cf01 10034 100 4869 2081911503 37155010 10013088
0b000301 0b00c901 10034 100 1979 2084525658 34589746 10012846
0b000401 0b00c901 10023 100 66072 2065923472 53267518 10018223
0b000f01 0b00cf01 10026 100 23373 2072893949 46309385 10014642
0b000c01 0b00c401 10037 100 26988 2079865814 39380446 10014942
0b000d01 0b00c301 10026 100 44011 2078896659 40385515 10016373
0b000a01 0b00cf01 10042 100 36659 2092010050 27290797 10015754
0b000401 0b00cd01 10021 100 25679 2072866460 46439843 10014834
0b000a01 0b00c701 10039 100 59425 2078342022 40965157 10017664
0b000401 0b00c501 10030 100 39774 2078349627 40995146 10016015
0b000601 0b00ca01 10028 100 6748 2089364279 30002496 10013246
0b000b01 0b00ca01 10039 100 15995 2095233739 24134225 10014021
0b000f01 0b00c201 10039 100 2274 2069941185 49450862 10012873
0b000701 0b00cc01 10024 100 116721 2075179740 44215995 10022466
0b000f01 0b00c101 10011 100 994227 2025463962 93936111 10096038
0b000b01 0b00cf01 10025 100 21187 2082857199 36572222 10014459
0b000701 0b00c801 10034 100 52417 2099442000 19990158 10017076
0b000c01 0b00cb01 10034 100 21098 2081835236 37615486 10014452
0b000001 0b00cd01 10034 100 28784 2077173391 42283567 10015094
0b000601 0b00c501 10033 100 31187 2079154842 40316880 10015297
0b000301 0b00c801 10031 100 62326 2066715003 52769373 10017908
0b000301 0b00cf01 10023 100 14001 2074118486 45367504 10013857
0b000a01 0b00cd01 10022 100 9275 2091651053 27836736 10013460
0b000101 0b00c101 10033 100 40789 2080029668 39468723 10016100
0b000501 0b00cb01 10032 100 18685 2078475243 41051395 10014247
0b000101 0b00c801 10029 100 9779 2081709314 37820148 10013500
0b000301 0b00ca01 10037 100 19594 2092127687 27440905 10014324
0b000a01 0b00cf01 10035 100 10800 2075590571 43986505 10013586
0b000201 0b00c801 10025 100 41278 2088062292 31529330 10016143
0b000d01 0b00cf01 10024 100 384051 2052049548 67565530 10044882
0b000d01 0b00c201 10032 100 39080 2076787121 42856466 10015960
0b000001 0b00c601 10041 100 21748 2081895856 37762739 10014504
0b000301 0b00c201 10032 100 52264 2076275555 43402779 10017064
0b000601 0b00cd01 10033 100 72226 2069152047 50534004 10018738
0b000801 0b00cc01 10035 100 57584 2092265083 27428373 10017509
0b000901 0b00cb01 10027 100 35174 2072970542 46740692 10015632
0b000001 0b00c901 10042 100 4614 2080588904 39151517 10013068
0b000e01 0b00c301 10034 100 21319 2080423371 39349462 10014470
0b000601 0b00cc01 10032 100 9770 2073119350 46677758 10013500
0b000301 0b00c401 10031 100 29573 2095329922 24498491 10015161
0b000401 0b00c601 10034 100 1957 2082738525 37102180 10012844
0b000101 0b00c801 10027 100 22867 2080862441 39012409 10014597
0b000901 0b00c501 10032 100 472 2085170222 34710376 10012721
0b000b01 0b00cc01 10033 100 46148 2077591261 42303422 10016552
0b000301 0b00cd01 10029 100 9455 2081789120 38110659 10013474
0b000501 0b00c101 10018 100 198546 2062078121 57854889 10029327
0b000101 0b00ce01 10002 100 1633208 2005974915 113964178 10149611
0b000101 0b00c401 10027 100 57369 2077071071 42870223 10017492
0b000c01 0b00cf01 10030 100 61980 2078623347 41334168 10017876
0b000301 0b00cd01 10031 100 37359 2089042508 30946366 10015814
0b000101 0b00cf01 10036 100 28225 2090370940 29630629 10015049
0b000801 0b00c601 10028 100 25155 2084922893 35107182 10014792
0b000101 0b00c701 10025 100 1634 2075687606 44358846 10012818
0b000801 0b00c101 10041 100 3065 2097010118 23043499 10012940
0b000701 0b00c401 10034 100 21032 2081808432 38248320 10014447
0b000f01 0b00ca01 10031 100 76898 2082001462 38069481 10019127
0b000301 0b00c001 10032 100 34904 2090823040 29304975 10015606
0b000501 0b00cb01 10035 100 9530 2080199063 39991870 10013480
0b000301 0b00ce01 10028 100 3930 2072629501 47619372 10013009
0b000901 0b00ce01 10022 100 33337 2094816891 25473081 10015477
0b000c01 0b00c801 10029 100 90161 2074195922 46106678 10020242
0b000501 0b00cc01 10036 100 21865 2075287433 45043736 10014513
0b000301 0b00c601 10023 100 178819 2070338308 50002305 10027672
0b000401 0b00ca01 10035 100 35359 2089094902 31255706 10015646
0b000f01 0b00c201 10042 100 25019 2076365953 43988150 10014781
0b000b01 0b00cb01 10022 100 25211 2070276023 50081437 10014796
0b000801 0b00cf01 10015 100 281608 2057748823 62609577 10036291
0b000001 0b00ca01 10030 100 32922 2090258566 30132517 10015440
0b000901 0b00cb01 10029 100 22157 2074468344 45928586 10014540
0b000101 0b00cc01 10030 100 333936 2053189265 67231223 10040677
0b000701 0b00c201 10040 100 520 2093805305 26627064 10012725
0b000f01 0b00cd01 10029 100 39983 2083141681 37300295 10016032
0b000501 0b00ca01 10028 100 3899 2085366345 35077004 10013007
0b000f01 0b00cc01 10028 100 160863 2077099570 43362450 10026167
0b000201 0b00c901 10035 100 79495 2096133666 24352512 10019346
0b000901 0b00c001 10023 100 175276 2063796666 56694822 10027377
0b000101 0b00ce01 10032 100 43599 2095272754 25256368 10016336
0b000a01 0b00c701 10043 100 20270 2083555639 36989539 10014382
0b000201 0b00c401 10035 100 75631 2088375629 32244691 10019022
0b000c01 0b00c101 10016 100 25104 2075636868 44991469 10014788
0b000001 0b00c101 10002 100 960767 2015738377 104905622 10093231
0b000601 0b00ce01 10035 100 59438 2090614378 30038151 10017665
0b000c01 0b00ce01 10026 100 8162 2080407511 40275267 10013367
0b000a01 0b00c101 10019 100 179403 2074831334 45914977 10027723
0b000c01 0b00c901 10026 100 50544 2078528663 42248430 10016919
0b000301 0b00cb01 10048 100 1907 2094011027 26774256 10012840
0b000c01 0b00ca01 10022 100 58831 2079613864 41192619 10017613
0b000001 0b00cf01 10040 100 9173 2090330245 30503706 10013452
0b000401 0b00c201 10034 100 1147 2075311827 45545012 10012779
0b000d01 0b00cb01 10029 100 7759 2073837934 47022107 10013331
0b000801 0b00cd01 10026 100 27944 2070522133 50338792 10015023
0b000d01 0b00c601 10020 100 325247 2064996778 55875614 10039951
0b000c01 0b00cf01 10026 100 181607 2068221051 52657880 10027907
0b000e01 0b00cd01 10022 100 54846 2065898315 55010921 10017278
0b000801 0b00c601 10017 100 73988 2062076831 58835860 10018883
0b000801 0b00c101 10039 100 15732 2094305604 26620560 10014000
0b000a01 0b00c301 10028 100 29714 2092161524 28766573 10015172
0b000101 0b00c701 10019 100 131530 2066891371 54064231 10023709
0b000301 0b00cf01 10031 100 6150 2097535269 23473133 10013198
0b000501 0b00c401 10011 100 23179 2064138293 56881908 10014626
0b000201 0b00c401 10036 100 27022 2096029654 24995874 10014949
0b000201 0b00c501 10027 100 12536 2089056135 31979144 10013732
0b000c01 0b00c401 10024 100 507477 2048519057 72524842 10055228
0b000f01 0b00c401 10026 100 35359 2081475680 39623645 10015646
0b000301 0b00c901 10037 100 30878 2092141578 28967088 10015269
0b000b01 0b00cf01 10030 100 65428 2093369156 27753582 10018167
0b000401 0b00c001 10023 100 54890 2091343918 29782323 10017282
0b000601 0b00c501 10012 100 477347 2032329459 88807781 10052703
0b000d01 0b00cc01 10021 100 52796 2083337825 37815121 10017107
0b000201 0b00c001 10019 100 31257 2079437693 41802639 10015303
0b000b01 0b00c101 10025 100 46943 2084425797 36816724 10016615
0b000b01 0b00c201 10026 100 23074 2074938051 46334725 10014618
0b000601 0b00cd01 10018 100 540602 2040573918 80705929 10058005
0b000e01 0b00c601 10022 100 185928 2059204461 62103770 10028268
0b000801 0b00cb01 10034 100 65234 2084651754 36686803 10018152
0b000901 0b00cd01 10030 100 42160 2074070053 47280270 10016217
0b000001 0b00c201 10022 100 22317 2082829648 38577843 10014553
0b000a01 0b00c201 10004 100 1613302 2005893122 115550955 10147941
0b000001 0b00cc01 10019 100 448722 2044451102 77012600 10050301
0b000e01 0b00c801 10027 100 125900 2067832888 53639317 10023235
0b000601 0b00c801 10023 100 48622 2080352081 41130260 10016757
0b000801 0b00ca01 10032 100 8342 2093873487 27638988 10013381
0b000e01 0b00cb01 10002 100 793402 2009967721 111555195 10079201
0b000001 0b00cd01 10031 100 146341 2073533940 47999485 10024951
0b000b01 0b00c101 10024 100 71835 2082659186 38891709 10018703
0b000801 0b00c401 10034 100 34609 2092780392 28771329 10015583
0b000c01 0b00c601 10033 100 117432 2091357443 30201163 10022527
0b000c01 0b00cb01 10032 100 3415 2075580691 45985055 10012968
0b000301 0b00c901 10031 100 8472 2076427095 45143006 10013392
0b000301 0b00c601 10026 100 119195 2075059734 46518768 10022676
0b000d01 0b00c801 10023 100 334183 2070771126 50807445 10040701
0b000f01 0b00c601 10027 100 64147 2082425632 39214819 10018061
0b000301 0b00c001 10024 100 24286 2072041930 49601835 10014718
0b000501 0b00cc01 10037 100 4451 2075835028 45808959 10013055
0b000b01 0b00c501 10030 100 27025 2092440407 29226776 10014949
0b000201 0b00c201 10029 100 23587 2076049518 45623793 10014659
0b000601 0b00c901 10019 100 25071 2063006210 58675633 10014785
0b000801 0b00c901 10028 100 10390 2093866799 27840442 10013553
0b000401 0b00ce01 10031 100 8701 2086028676 35703585 10013410
0b000b01 0b00ce01 10013 100 152645 2063733892 58009999 10025479
0b000701 0b00c401 10037 100 32011 2093651791 28094276 10015367
0b000701 0b00c401 10025 100 47547 2070263268 51512327 10016668
0b000001 0b00ca01 10021 100 50908 2062787120 59038595 10016948
0b000401 0b00c801 10027 100 79827 2079848541 41978220 10019373
0b000101 0b00cd01 10031 100 3213 2082613020 39217192 10012952
0b000a01 0b00cc01 10028 100 28959 2089491687 32389947 10015108
0b000501 0b00c201 10024 100 4351 2094741959 27165689 10013047
0b000001 0b00cc01 10036 100 64768 2098164388 23775692 10018111
0b000901 0b00ca01 10032 100 40152 2080400648 41551935 10016049
0b000c01 0b00c201 10018 100 137761 2053682665 68274629 10024230
0b000801 0b00c201 10027 100 5290 2076421251 45536759 10013126
0b000001 0b00c701 10044 100 1455 2095227357 26776738 10012804
0b000601 0b00cc01 10036 100 131760 2078078788 43943446 10023727
0b000d01 0b00cf01 10042 100 51907 2094305483 27722510 10017032
0b000401 0b00cb01 10042 100 72420 2091062356 30977334 10018753
0b000701 0b00c201 10045 100 21239 2098697766 23344512 10014463
0b000e01 0b00c601 10030 100 89674 2075163737 46882061 10020199
0b000d01 0b00c601 10024 100 31734 2073641820 48410823 10015341
0b000e01 0b00c701 10026 100 5552 2075570593 46506570 10013147
0b000b01 0b00c401 10038 100 44734 2092928687 29180998 10016431
0b000801 0b00cb01 10030 100 45873 2075911827 46228897 10016526
0b000f01 0b00cd01 10033 100 112324 2098999243 23149120 10022099
0b000501 0b00cf01 10027 100 9286 2081820395 40334263 10013461
0b000401 0b00ce01 10024 100 56893 2059146972 63009194 10017450
0b000301 0b00c001 10033 100 65530 2092739456 29429811 10018175
0b000d01 0b00cc01 10024 100 1864 2087634922 34534496 10012836
0b000601 0b00cc01 10037 100 207403 2079718347 42460460 10030070
0b000d01 0b00ca01 10030 100 22816 2082938711 39246604 10014593
0b000301 0b00c401 10023 100 22958 2071859954 50333665 10014604
0b000d01 0b00ce01 10031 100 5075 2096739286 25481794 10013109
0b000601 0b00c401 10038 100 31270 2081495707 40788081 10015304
0b000c01 0b00cb01 10035 100 5795 2081977354 40309101 10013166
0b000c01 0b00c501 10034 100 184169 2067511232 54782127 10028123
0b000e01 0b00c101 10026 100 29030 2059746644 62568017 10015117
0b000501 0b00cf01 10029 100 44368 2084857103 37470505 10016402
0b000b01 0b00c501 10027 100 20842 2085830912 36506970 10014428
0b000101 0b00c901 10025 100 116942 2068993695 53346540 10022484
0b000301 0b00c301 10031 100 43426 2074075092 48268267 10016323
0b000a01 0b00c201 10035 100 66604 2088835056 33525023 10018265
0b000001 0b00c501 10028 100 68946 2059269029 63150588 10018460
0b000f01 0b00c501 10024 100 64936 2092276674 30145111 10018124
0b000001 0b00c501 10044 100 9453 2081776726 40652534 10013474
0b000a01 0b00cf01 10041 100 29015 2086264082 36170015 10015116
0b000001 0b00c201 10018 100 174456 2065676257 56810097 10027308
0b000501 0b00c501 10033 100 61664 2088878014 33622476 10017851
0b000401 0b00c701 10020 100 42967 2063108730 59417363 10016282
0b000201 0b00c601 10037 100 16472 2077828790 44699316 10014063
0b000e01 0b00c401 10025 100 4000 2084907386 37623904 10013015
0b000501 0b00ca01 10023 100 29 2061593620 61009346 10012686
0b000401 0b00cb01 10044 100 20090 2094772653 27841267 10014367
0b000601 0b00c301 10032 100 127007 2069269730 53347374 10023332
0b000801 0b00c901 10030 100 5309 2095416353 27216655 10013127
0b000001 0b00cc01 10030 100 20773 2082272770 40387350 10014422
0b000b01 0b00c801 10028 100 454 2074450914 48209500 10012720
0b000601 0b00cd01 10031 100 129798 2065874911 56799086 10023563
0b000b01 0b00cf01 10031 100 25528 2093791851 28937936 10014822
0b000601 0b00c601 10035 100 25594 2082592532 40140340 10014827
0b000501 0b00c901 10025 100 186302 2070497045 52250027 10028302
0b000f01 0b00c401 10027 100 26094 2086383008 36368932 10014871
0b000a01 0b00c901 10004 100 1168624 2013223455 109558990 10110658
0b000401 0b00cf01 10032 100 11601 2098773067 24024063 10013654
0b000c01 0b00c401 10038 100 17689 2083657588 39140097 10014164
0b000401 0b00c401 10035 100 13608 2099775737 23055016 10013822
0b000701 0b00c801 10030 100 4821 2091813780 31017321 10013084
0b000501 0b00c701 10037 100 27378 2093036983 29829417 10014977
0b000201 0b00c001 10021 100 50961 2082744010 40140879 10016952
0b000f01 0b00c301 10025 100 41739 2085384962 37514812 10016180
0b000701 0b00c201 10033 100 5967 2085800229 37118260 10013180
0b000901 0b00c701 10037 100 16084 2084967783 37958892 10014032
0b000901 0b00cf01 10030 100 26200 2081606435 41349995 10014879
0b000801 0b00ce01 10036 100 41610 2081965644 40996913 10016170
0b000001 0b00c601 10030 100 179620 2064523117 58457211 10027740
0b000f01 0b00ce01 10023 100 22482 2065349020 57645937 10014566
0b000101 0b00cf01 10031 100 22551 2078091176 44905926 10014572
0b000501 0b00c801 10023 100 76533 2092168082 30835089 10019098
0b000401 0b00c501 10021 100 223508 2068434740 54583948 10031420
0b000101 0b00c001 10027 100 15052 2094880891 28140000 10013945
0b000d01 0b00c801 10026 100 26448 2078080340 44941119 10014899
0b000601 0b00c101 10029 100 78058 2090130793 32922151 10019228
0b000a01 0b00c801 10039 100 44043 2090778953 32279482 10016376
0b000a01 0b00cb01 10021 100 33899 2062561437 60501562 10015522
0b000901 0b00ca01 10033 100 22665 2081977607 41135673 10014581
0b000a01 0b00c501 10019 100 388492 2055067766 68072486 10045253
0b000701 0b00c001 10026 100 62220 2082037816 41135628 10017899
0b000a01 0b00c001 10029 100 27731 2085277565 37923783 10015006
0b000b01 0b00c901 10032 100 52192 2082135323 41077295 10017058
0b000901 0b00c401 10025 100 15249 2082638123 40625940 10013961
0b000601 0b00cf01 10020 100 437102 2047794357 75496356 10049330
0b000c01 0b00cb01 10045 100 77825 2098725023 24576437 10019205
0b000f01 0b00c001 10033 100 1110 2088687832 34615340 10012776
0b000301 0b00c901 10033 100 25436 2083572746 39740843 10014814
0b000701 0b00ce01 10042 100 25145 2098155310 25162216 10014791
0b000001 0b00cc01 10018 100 581732 2041297931 82023384 10061453
0b000201 0b00cd01 10035 100 25112 2086168033 37165673 10014788
0b000f01 0b00cf01 10016 100 764073 2048830190 74526482 10076743
0b000601 0b00c101 10022 100 92642 2067540913 55820889 10020448
0b000601 0b00c101 10025 100 38386 2081644600 41726168 10015900
0b000101 0b00c301 10029 100 29582 2075924742 47449145 10015161
0b000401 0b00c001 10018 100 51543 2082710516 40702110 10017003
0b000c01 0b00c601 10035 100 903 2098543391 24899841 10012756
0b000001 0b00cc01 10023 100 259962 2057522343 65944429 10034475
0b000401 0b00c301 10035 100 178035 2071671990 51829080 10027610
0b000d01 0b00cc01 10020 100 8565 2077525974 45979388 10013399
0b000101 0b00c301 10033 100 23470 2083525249 39981908 10014649
0b000701 0b00c501 10028 100 12438 2087601724 35924472 10013724
0b000b01 0b00cb01 10025 100 24868 2074766123 48783256 10014765
0b000c01 0b00c401 10030 100 3022 2064028592 59522499 10012937
0b000901 0b00c801 10025 100 6542 2076043085 47514689 10013230
0b000f01 0b00c501 10020 100 18715 2076088507 47480745 10014250
0b000901 0b00c701 10035 100 76696 2070295831 53308470 10019111
0b000b01 0b00cb01 10024 100 184376 2072633383 50981512 10028140
0b000301 0b00cd01 10027 100 51664 2079310779 44304954 10017012
0b000f01 0b00c601 10028 100 21785 2084977117 38652457 10014507
0b000401 0b00c801 10022 100 76835 2071384872 52244719 10019122
0b000201 0b00cc01 10024 100 242101 2064601484 59029014 10032981
0b000901 0b00ca01 10030 100 7796 2076353308 47282274 10013334
0b000601 0b00c901 10033 100 20387 2085899224 37757220 10014391
0b000e01 0b00c401 10022 100 16460 2078962070 44703661 10014062
0b000b01 0b00c601 10037 100 35683 2098645383 25086315 10015672
0b000001 0b00c901 10040 100 72883 2076623919 47112019 10018790
0b000501 0b00c701 10003 100 1577768 2005211119 118529405 10144960
0b000801 0b00c701 10026 100 190738 2054836095 68928482 10028672
0b000201 0b00cf01 10038 100 57052 2092804070 30961931 10017466
0b000e01 0b00c301 10028 100 5317 2069109391 54659642 10013128
0b000101 0b00cc01 10036 100 38448 2076843650 46927315 10015905
0b000601 0b00c901 10031 100 44439 2082800349 41038916 10016407
0b000d01 0b00c201 10031 100 42667 2074080225 49759303 10016258
0b000201 0b00c501 10020 100 72787 2063043051 60823984 10018783
0b000601 0b00c201 10035 100 46837 2095574619 28302835 10016607
0b000401 0b00cf01 10028 100 8560 2096113785 27766125 10013399
0b000b01 0b00ce01 10009 100 779635 2037274071 86608031 10078046
0b000301 0b00c601 10031 100 40456 2086459254 37425265 10016073
0b000b01 0b00c101 10027 100 2272 2085980007 38042028 10012873
0b000a01 0b00c401 10031 100 44740 2093104988 30917553 10016432
0b000b01 0b00cf01 10022 100 47473 2077639420 46390360 10016662
0b000c01 0b00c301 10028 100 41387 2086015629 38021998 10016152
0b000a01 0b00ce01 10026 100 6208 2085494066 38558350 10013203
0b000301 0b00c801 10041 100 19940 2088876546 35187689 10014352
0b000001 0b00c301 10022 100 101965 2067662911 56411712 10021228
0b000b01 0b00c801 10030 100 166582 2077744231 46340646 10026647
0b000901 0b00ca01 10029 100 71444 2075108753 48986791 10018672
0b000201 0b00c801 10024 100 28586 2087939303 36186792 10015078
0b000901 0b00cc01 10022 100 27941 2082338586 41795574 10015022
0b000801 0b00c001 10024 100 10902 2086519951 37654622 10013594
0b000f01 0b00ce01 10028 100 9594 2085970039 38222386 10013485
0b000301 0b00c801 10043 100 10300 2093849945 30345300 10013546
0b000501 0b00c501 10028 100 47162 2064467898 59734748 10016637
0b000601 0b00c301 10035 100 27155 2077414055 46803375 10014959
0b000f01 0b00ca01 10026 100 2021 2070052725 54182052 10012853
0b000c01 0b00c401 10003 100 1640141 2005787285 118465067 10150192
0b000001 0b00c501 10041 100 8452 2079756344 44499963 10013390
0b000601 0b00cc01 10035 100 29763 2077283925 47005721 10015176
0b000401 0b00c701 10021 100 250629 2064329620 59967916 10033694
0b000701 0b00c201 10024 100 248094 2070130491 54174489 10033483
0b000601 0b00c701 10025 100 1173 2079188428 45159851 10012781
0b000101 0b00ce01 10024 100 2745 2065951194 58406462 10012911
0b000101 0b00ca01 10024 100 73316 2071647753 52716562 10018829
0b000001 0b00c901 10036 100 41061 2063268829 61141453 10016126
0b000401 0b00c801 10031 100 36375 2084950250 39494851 10015732
0b000c01 0b00c701 10018 100 75858 2059913145 64540321 10019040
0b000601 0b00c601 10039 100 9227 2088358292 36106077 10013456
0b000c01 0b00c901 10028 100 166554 2079696881 44782204 10026645
0b000901 0b00c501 10027 100 8415 2065721653 58770803 10013387
0b000901 0b00c601 10026 100 36516 2079338019 45162106 10015743
0b000901 0b00c101 10006 100 815406 2030203198 94313159 10081045
0b000001 0b00c601 10021 100 502445 2040228182 84291508 10054807
0b000d01 0b00c301 10028 100 14218 2084121558 40401341 10013875
0b000301 0b00ce01 10030 100 24047 2086879868 37645073 10014699
0b000e01 0b00ce01 10035 100 94571 2094155825 30371909 10020610
0b000601 0b00ce01 10031 100 42153 2085547336 38996586 10016217
0b000401 0b00c101 10042 100 77148 2092809987 31734653 10019151
0b000001 0b00c501 10046 100 4713 2088999809 35588277 10013076
0b000901 0b00ca01 10031 100 26723 2080016481 44579410 10014921
0b000401 0b00cb01 10011 100 585520 2032696480 91902752 10061771
0b000c01 0b00cc01 10046 100 27484 2088286881 36319559 10014986
0b000801 0b00c701 10009 100 1072125 2014114875 110521570 10102570
0b000301 0b00ca01 10036 100 79995 2089748350 34936224 10019386
0b000601 0b00c301 10043 100 68994 2093391766 31336350 10018464
0b000b01 0b00c201 10030 100 57378 2082974184 41765345 10017492
0b000001 0b00cd01 10040 100 8646 2090440028 34309750 10013406
0b000901 0b00cf01 10032 100 14932 2086884473 37918036 10013932
0b000b01 0b00c901 10035 100 18415 2088538165 36323603 10014226
0b000901 0b00c601 10028 100 1463 2089906823 34971004 10012804
0b000b01 0b00c201 10039 100 41182 2099387990 25494447 10016135
0b000301 0b00cb01 10030 100 346985 2054203654 70680390 10041771
0b000301 0b00c501 10031 100 38241 2073008799 51889397 10015889
0b000901 0b00c801 10032 100 2409 2094153138 30800644 10012884
0b000401 0b00c301 10039 100 15102 2078446188 46508731 10013949
0b000a01 0b00cd01 10007 100 850239 2029142769 95828928 10083966
0b000f01 0b00c701 10021 100 147072 2067866743 57130738 10025014
0b000301 0b00c801 10035 100 144 2079187607 45827841 10012695
0b000201 0b00cc01 10036 100 25596 2094636957 30382789 10014827
0b000401 0b00c801 10017 100 60687 2064505030 60514997 10017769
0b000501 0b00cb01 10041 100 75498 2094242347 30799170 10019011
0b000b01 0b00c701 10035 100 25937 2088042559 37004308 10014854
0b000f01 0b00c501 10018 100 216678 2066897777 58177494 10030847
0b000501 0b00c601 10030 100 34059 2088267190 36812766 10015539
0b000a01 0b00c401 10029 100 9034 2085847865 39250444 10013441
0b000601 0b00c601 10032 100 7846 2079454949 45666447 10013338
0b000501 0b00c901 10011 100 911509 2024296405 100830238 10089102
0b000901 0b00cf01 10034 100 20252 2096652016 28486875 10014380
0b000d01 0b00c201 10042 100 39924 2095167170 29976170 10016027
0b000f01 0b00c001 10035 100 73776 2092089393 33078064 10018866
0b000f01 0b00c001 10029 100 152189 2079426883 45841597 10025442
0b000b01 0b00ce01 10019 100 41424 2084892691 40404895 10016155
0b000c01 0b00c201 10026 100 91304 2063964813 61361595 10020337
0b000601 0b00c401 10031 100 144855 2063202702 62126736 10024825
0b000701 0b00c201 10034 100 29741 2088053219 37298154 10015174
0b000401 0b00c701 10023 100 90615 2081241824 44115183 10020278
0b000d01 0b00ca01 10003 100 814839 2027584064 97776851 10080996
0b000901 0b00c101 10016 100 89228 2064716601 60662317 10020163
0b000a01 0b00c501 10031 100 78514 2073728682 51669685 10019264
0b000001 0b00c801 10033 100 1864 2067082484 58324237 10012836
0b000c01 0b00c701 10022 100 42115 2074920872 50505165 10016214
0b000101 0b00c501 10029 100 127085 2077240687 48205052 10023338
0b000201 0b00c701 10030 100 77452 2082721890 42773711 10019175
0b000001 0b00c101 10017 100 85019 2070515964 54988769 10019811
0b000901 0b00cf01 10035 100 3715 2098745092 26759945 10012992
0b000001 0b00ca01 10024 100 23375 2074399973 51128848 10014642
0b000701 0b00c101 10030 100 109 2098999672 26538205 10012692
0b000e01 0b00cb01 10024 100 56272 2081129343 44417407 10017400
0b000501 0b00c401 10019 100 26453 2077235894 48322466 10014899
0b000401 0b00c801 10018 100 23125 2064652350 60947304 10014622
0b000501 0b00c301 10026 100 16747 2077894103 47744140 10014085
0b000a01 0b00c801 10033 100 29005 2077942536 47733144 10015115
0b000c01 0b00cf01 10021 100 518181 2044042952 81637894 10056127
0b000f01 0b00ca01 10029 100 32884 2079576348 46138160 10015437
0b000001 0b00c601 10043 100 28162 2082941259 42805565 10015044
0b000101 0b00cb01 10034 100 9633 2086556289 39241909 10013489
0b000401 0b00cb01 10036 100 29997 2085300398 40503704 10015194
0b000201 0b00c801 10023 100 53799 2085078311 40731077 10017191
0b000301 0b00c101 10028 100 26615 2066205619 59684507 10014912
0b000301 0b00cc01 10026 100 34325 2073906973 52011533 10015560
0b000301 0b00c601 10032 100 11397 2088135401 37827084 10013637
0b000901 0b00c601 10024 100 70524 2074933461 51057208 10018594
0b000501 0b00cd01 10035 100 29091 2084767757 41230310 10015122
0b000401 0b00c701 10025 100 36890 2086448997 39551599 10015773
0b000a01 0b00c301 10019 100 208 2067739001 58263976 10012700
0b000801 0b00c801 10033 100 65284 2081764243 44254798 10018156
0b000e01 0b00ca01 10035 100 131568 2070389222 55639575 10023712
0b000f01 0b00c301 10027 100 22228 2089799274 36250765 10014546
0b000501 0b00ce01 10029 100 49187 2076763034 49292607 10016806
0b000c01 0b00c901 10027 100 6357 2079129861 46948467 10013215
0b000801 0b00c001 10017 100 64491 2072629905 53455037 10018088
0b000d01 0b00c401 10030 100 9119 2089997594 36090257 10013447
0b000e01 0b00c701 10029 100 27269 2087010439 39080814 10014969
0b000001 0b00c001 10039 100 48985 2091426639 34738592 10016786
0b000f01 0b00c801 10029 100 73831 2089533422 36643541 10018870
0b000301 0b00c701 10024 100 24856 2075474564 50710109 10014764
0b000901 0b00c501 10034 100 3325 2089039457 37152292 10012961
0b000f01 0b00c101 10029 100 34450 2078915744 47284290 10015570
0b000701 0b00c901 10013 100 597291 2040490629 85733532 10062759
0b000e01 0b00c201 10042 100 25801 2097245792 28986055 10014843
0b000801 0b00c001 10022 100 34905 2083020764 43214352 10015606
0b000f01 0b00ca01 10035 100 251247 2087725127 38613682 10033747
0b000e01 0b00c801 10037 100 19362 2088773004 37569574 10014305
0b000101 0b00ce01 10026 100 4180 2077101968 49259336 10013033
0b000401 0b00ce01 10036 100 35372 2098893846 27468434 10015648
0b000901 0b00cb01 10030 100 521 2083426036 42962800 10012725
0b000301 0b00cf01 10032 100 56225 2098247288 28184327 10017396
0b000b01 0b00c901 10033 100 80327 2084618634 41832835 10019417
0b000901 0b00c701 10038 100 55864 2085650985 40833068 10017364
0b000901 0b00c001 10031 100 4773 2093353937 33202491 10013081
0b000a01 0b00c501 10033 100 29234 2088180932 38383646 10015133
0b000a01 0b00c901 10026 100 78174 2078062352 48530621 10019237
0b000f01 0b00ca01 10033 100 6617 2085420409 41190069 10013236
0b000101 0b00c501 10030 100 118300 2077437449 49207728 10022600
0b000101 0b00cf01 10035 100 24723 2089686324 36970612 10014753
0b000b01 0b00c101 10028 100 626 2092081015 34602147 10012733
0b000001 0b00c501 10043 100 69543 2080829762 45853539 10018512
0b000601 0b00cb01 10020 100 40560 2086372094 40323094 10016082
0b000801 0b00c901 10025 100 122032 2079668242 47069207 10022914
0b000a01 0b00c201 10033 100 42410 2086835559 39910230 10016237
0b000601 0b00cb01 10024 100 9489 2090432444 36316925 10013477
0b000201 0b00cc01 10033 100 48839 2091184761 35564924 10016775
0b000901 0b00cf01 10014 100 606666 2037936154 88884962 10063544
0b000301 0b00cc01 10033 100 29111 2086933870 39907462 10015124
0b000001 0b00cd01 10042 100 9055 2092220236 34648420 10013442
0b000b01 0b00c001 10025 100 27196 2066818531 60051789 10014963
0b000801 0b00c601 10025 100 2960 2078131175 48767367 10012928
0b000601 0b00cb01 10012 100 346769 2053249462 73653064 10041754
0b000201 0b00cf01 10027 100 77149 2073992470 52922234 10019151
0b000701 0b00cb01 10024 100 374118 2056514899 70407910 10044049
0b000f01 0b00cb01 10041 100 46503 2099739549 27262040 10016580
0b000401 0b00cc01 10023 100 158248 2081257690 45744901 10025950
0b000301 0b00c001 10022 100 27853 2067995808 59007716 10015015
0b000001 0b00ce01 10041 100 2621 2083605078 43432938 10012901
0b000301 0b00cf01 10016 100 485473 2043042754 84007644 10053384
0b000c01 0b00c301 10025 100 47860 2080785488 46297501 10016693
0b000701 0b00c301 10028 100 61447 2068794389 58296800 10017833
0b000f01 0b00ce01 10026 100 28496 2078143573 48950733 10015071
0b000401 0b00c401 10031 100 107839 2091304377 35849190 10021721
0b000201 0b00cd01 10032 100 47219 2077609486 49565287 10016641
0b000701 0b00c301 10039 100 47743 2088012930 39163210 10016683
0b000501 0b00cb01 10030 100 51729 2075389998 51802165 10017018
0b000301 0b00c201 10036 100 43227 2087358157 39887539 10016307
0b000501 0b00c201 10022 100 9518 2091494375 35765178 10013479
0b000b01 0b00c201 10032 100 84796 2085335061 41937762 10019790
0b000901 0b00c101 10021 100 60007 2076910456 50381243 10017714
0b000a01 0b00c801 10036 100 20829 2080305142 47012574 10014426
0b000801 0b00c001 10021 100 68640 2082818425 44505153 10018436
0b000c01 0b00c401 10034 100 188910 2071878807 55454584 10028518
0b000001 0b00c201 10024 100 52405 2084412904 42949060 10017075
0b000e01 0b00c501 10036 100 35011 2094536316 32865574 10015619
0b000601 0b00c901 10030 100 53642 2081682508 45757081 10017178
0b000d01 0b00ce01 10027 100 53520 2084961476 42536608 10017168
0b000701 0b00c401 10032 100 15213 2080014090 47505288 10013958
0b000c01 0b00c501 10006 100 1199050 2013599994 113937476 10113212
0b000001 0b00c301 10027 100 66877 2072347113 55219548 10018287
0b000d01 0b00c601 10035 100 24048 2084391902 43198309 10014699
0b000701 0b00cb01 10030 100 15908 2067091301 60499183 10014014
0b000101 0b00c701 10030 100 4334 2090531715 37103814 10013045
0b000301 0b00ce01 10029 100 57902 2086061602 41576145 10017534
0b000f01 0b00cb01 10032 100 12700 2077684125 49958266 10013745
0b000701 0b00c501 10025 100 65519 2080505912 47174809 10018174
0b000101 0b00c901 10027 100 38917 2081656560 46044894 10015943
0b000001 0b00c201 10021 100 53112 2076947957 50774770 10017136
0b000501 0b00c901 10033 100 77022 2096880194 30864236 10019141
0b000b01 0b00cf01 10026 100 71359 2082905983 44845792 10018665
0b000101 0b00c301 10037 100 67914 2092118917 35643028 10018374
0b000501 0b00cf01 10005 100 960082 2021218343 106629234 10093176
0b000901 0b00cd01 10043 100 41136 2099019720 28869500 10016132
0b000501 0b00c301 10029 100 23929 2090239269 37665973 10014686
0b000d01 0b00cf01 10029 100 55408 2067434344 60492872 10017327
0b000c01 0b00c701 10029 100 35925 2088621326 39309445 10015692
0b000001 0b00cb01 10021 100 23398 2079971764 47963930 10014644
0b000e01 0b00c401 10024 100 15482 2081322703 46613517 10013980
0b000b01 0b00cc01 10032 100 49437 2075573157 52363099 10016826
0b000e01 0b00ca01 10036 100 9523 2077507972 50432970 10013480
0b000401 0b00cd01 10030 100 41235 2096810964 31130846 10016140
0b000701 0b00c901 10022 100 36512 2079090267 48940151 10015743
0b000e01 0b00c401 10019 100 41320 2065287837 62748075 10016146
0b000b01 0b00c801 10023 100 2700 2070977214 57062434 10012907
0b000301 0b00c201 10041 100 43103 2095623940 32420191 10016297
0b000b01 0b00c801 10027 100 75739 2073797007 54263701 10019030
0b000001 0b00cf01 10036 100 52727 2083175460 44898500 10017101
0b000b01 0b00c701 10029 100 34023 2077478907 50595476 10015536
0b000501 0b00c301 10030 100 61849 2090246442 37829079 10017866
0b000501 0b00c101 10027 100 3551 2082875789 45209939 10012979
0b000001 0b00ce01 10043 100 32411 2086199925 41891484 10015399
0b000d01 0b00ca01 10028 100 27248 2079074306 49024731 10014967
0b000101 0b00ca01 10025 100 5742 2080544734 47618887 10013162
0b000c01 0b00cb01 10040 100 2896 2090804722 37369480 10012923
0b000501 0b00ce01 10031 100 9453 2079149546 49099049 10013474
0b000301 0b00c101 10003 100 1644724 2003535851 124713666 10150574
0b000301 0b00c201 10037 100 607 2087699906 40552008 10012732
0b000601 0b00cc01 10002 100 1122459 2007440696 120851534 10106789
0b000001 0b00c601 10050 100 22691 2097499840 30802509 10014583
0b000001 0b00ce01 10028 100 27159 2069196919 59115410 10014960
0b000501 0b00cb01 10038 100 46181 2084623704 43701271 10016554
0b000201 0b00c601 10019 100 655637 2034330401 94005312 10067650
0b000901 0b00c001 10028 100 9982 2086947767 41392441 10013516
0b000e01 0b00ca01 10039 100 388 2081010762 47391813 10012714
0b000401 0b00cb01 10030 100 17379 2079816521 48597298 10014139
0b000d01 0b00c901 10036 100 702 2091884571 36546983 10012740
0b000701 0b00cd01 10031 100 948 2093780127 34652242 10012759
0b000f01 0b00cd01 10027 100 47358 2082440982 46000042 10016652
0b000301 0b00c801 10038 100 29429 2082335087 46169744 10015149
0b000901 0b00c801 10026 100 240199 2083771550 44734476 10032821
0b000701 0b00c201 10006 100 1100009 2020592055 107933506 10104908
0b000001 0b00c301 10029 100 77594 2081609951 46936857 10019187
0b000701 0b00c301 10035 100 4276 2079271975 49284558 10013041
0b000a01 0b00c401 10028 100 48027 2084188113 44378324 10016710
0b000401 0b00c801 10028 100 59902 2080755683 47815485 10017702
0b000901 0b00c701 10012 100 1223300 2016795360 111781180 10115244
0b000001 0b00cf01 10027 100 41251 2068003185 60576796 10016141
0b000701 0b00c201 10041 100 28231 2095435517 33146431 10015049
0b000d01 0b00c101 10022 100 5742 2083348533 45243638 10013162
0b000901 0b00cf01 10026 100 8885 2072050608 56547321 10013425
0b000d01 0b00cd01 10030 100 61042 2083827616 44818824 10017801
0b000101 0b00c001 10025 100 164767 2087707149 40947051 10026494
0b000e01 0b00c101 10033 100 24035 2076078546 52610250 10014698
0b000c01 0b00c001 10019 100 121092 2071502371 57199601 10022835
0b000f01 0b00cb01 10034 100 30958 2085322915 43411928 10015275
0b000601 0b00c601 10042 100 5692 2090926742 37822925 10013158
0b000201 0b00c301 10031 100 88032 2077096631 51752901 10020064
0b000201 0b00c601 10038 100 135635 2079606596 49264612 10024053
0b000901 0b00cd01 10029 100 119583 2072864027 56012952 10022707
0b000201 0b00ce01 10042 100 2863 2093820936 35074556 10012920
0b000e01 0b00c101 10031 100 231492 2070413438 58493057 10032090
0b000c01 0b00c001 10026 100 85723 2087982987 40926068 10019868
0b000601 0b00ce01 10037 100 71558 2097299279 31642881 10018681
0b000001 0b00c801 10040 100 78673 2078487341 50464824 10019277
0b000001 0b00c801 10047 100 653 2090256875 38723064 10012736
0b000b01 0b00c801 10004 100 1359093 2015398946 113584934 10126629
0b000f01 0b00c201 10022 100 830448 2039225360 89760266 10082306
0b000a01 0b00c201 10020 100 554629 2046742559 82269039 10059181
0b000601 0b00c101 10030 100 21118 2092749346 36263175 10014453
0b000701 0b00c801 10033 100 9859 2098971092 30051870 10013507
0b000301 0b00c501 10035 100 63077 2095835504 33216621 10017971
0b000701 0b00cf01 10030 100 39878 2088821262 40235779 10016023
0b000401 0b00c301 10010 100 703185 2021323924 107767348 10071638
0b000901 0b00ce01 10001 100 1898938 2007527945 121564248 10171887
0b000d01 0b00cf01 10038 100 2261 2083789600 45343828 10012872
0b000a01 0b00ca01 10024 100 54842 2075296116 53853948 10017278
0b000701 0b00ce01 10037 100 8504 2091711608 37462462 10013394
0b000f01 0b00cd01 10031 100 56052 2096851024 32332026 10017383
0b000001 0b00ca01 10027 100 20715 2085225380 43997655 10014417
0b000e01 0b00c701 10027 100 167825 2077319671 51947209 10026751
0b000d01 0b00c801 10028 100 7152 2079464388 49813648 10013282
0b000801 0b00c401 10019 100 368815 2057685322 71615688 10043602
0b000401 0b00c801 10009 100 722126 2034684143 94619559 10073226
0b000101 0b00c101 10036 100 175108 2085866897 43487975 10027364
0b000001 0b00c601 10034 100 149289 2074376004 54993532 10025199
0b000301 0b00c601 10037 100 23100 2099619704 29807601 10014620
0b000601 0b00c801 10024 100 2088 2084357541 45128376 10012858
0b000301 0b00cf01 10028 100 36688 2082643720 46847406 10015757
0b000301 0b00c501 10029 100 98701 2071941626 57629756 10020956
0b000f01 0b00c001 10036 100 28928 2092598202 36995137 10015105
0b000701 0b00c801 10031 100 22812 2092438700 37205992 10014593
0b000f01 0b00c601 10031 100 29891 2090412821 39237837 10015186
0b000501 0b00cc01 10035 100 161881 2069847976 59834491 10026252
0b000c01 0b00cc01 10047 100 6103 2089939112 39761087 10013195
0b000401 0b00cb01 10020 100 416156 2059029785 70672193 10047573
0b000401 0b00c701 10028 100 63613 2094246448 35485403 10018014
0b000d01 0b00c501 10022 100 4276 2084338820 45455946 10013041
0b000601 0b00cc01 10042 100 20213 2091697497 38105863 10014377
0b000901 0b00cd01 10032 100 34921 2080748079 49071777 10015608
0b000201 0b00c101 10028 100 21211 2088112315 41738838 10014461
0b000301 0b00ce01 10031 100 29891 2087327268 42530836 10015186
0b000601 0b00ca01 10030 100 4006 2092675315 37192136 10013019
0b000501 0b00c501 10036 100 66537 2099249179 30623896 10018260
0b000001 0b00cd01 10043 100 4084 2092724736 37213630 10013025
0b000101 0b00c601 10036 100 45047 2094799398 35183844 10016460
0b000001 0b00cf01 10033 100 60461 2081256517 48768358 10017751
0b000b01 0b00c901 10039 100 42077 2096334710 33714004 10016211
0b000001 0b00cb01 10022 100 79466 2081117300 48936726 10019344
0b000301 0b00ce01 10035 100 7451 2094557715 35500575 10013306
0b000e01 0b00ca01 10043 100 8904 2089670346 40431415 10013426
0b000901 0b00c601 10022 100 22310 2071522164 58608454 10014553
0b000701 0b00c601 10040 100 3700 2096788796 33370362 10012991
0b000f01 0b00c801 10031 100 37565 2092482540 37685967 10015831
0b000001 0b00c701 10036 100 70099 2073767854 56411845 10018560
0b000f01 0b00c201 10041 100 4988 2073697770 56504366 10013098
0b000201 0b00cf01 10039 100 5545 2094574719 35645403 10013146
0b000f01 0b00c701 10017 100 682014 2049386038 80885871 10069863
0b000c01 0b00cb01 10044 100 2443 2095378435 34915883 10012886
0b000201 0b00c701 10031 100 42803 2088535015 41762380 10016269
0b000501 0b00c601 10034 100 28813 2096163992 34174775 10015096
0b000901 0b00c501 10029 100 18668 2080376859 49983703 10014246
0b000301 0b00cc01 10030 100 24554 2083314603 47053245 10014740
0b000f01 0b00c801 10032 100 14794 2094282616 36096333 10013921
0b000c01 0b00c201 10033 100 74417 2096352733 34069632 10018921
0b000b01 0b00ca01 10038 100 8579 2093066768 37382149 10013400
0b000a01 0b00cb01 10028 100 23642 2070034324 60420616 10014663
0b000d01 0b00ce01 10024 100 1246 2071075490 59392473 10012787
0b000301 0b00cc01 10011 100 625227 2049972078 80517806 10065102
0b000201 0b00c901 10025 100 469479 2060600656 69889432 10052043
0b000f01 0b00c101 10031 100 5129 2083601824 46909970 10013113
0b000b01 0b00c401 10034 100 18279 2084167112 46368363 10014215
0b000001 0b00c501 10048 100 2003 2093155660 37387840 10012851
0b000b01 0b00c101 10029 100 142456 2094770363 35791074 10024625
0b000801 0b00c301 10034 100 3793 2095250990 35323405 10012998
0b000201 0b00cc01 10027 100 173238 2071645070 58936930 10027207
0b000101 0b00c401 10032 100 14283 2092101657 38481149 10013880
0b000c01 0b00c701 10028 100 48873 2086963224 43651568 10016778
0b000401 0b00c601 10032 100 13524 2080280802 50433863 10013815
0b000501 0b00c301 10028 100 195039 2082996463 47746612 10029035
0b000901 0b00cd01 10037 100 13049 2088391881 42352754 10013777
0b000601 0b00cb01 10023 100 21597 2088226214 42651425 10014492
0b000e01 0b00c401 10027 100 21880 2090703639 40241796 10014514
0b000601 0b00c001 10015 100 445709 2040457824 90543777 10050049
0b000701 0b00c301 10040 100 71023 2089470491 41566102 10018638
0b000d01 0b00c201 10027 100 368385 2069498542 61599151 10043567
0b000c01 0b00ce01 10031 100 45006 2083196297 47960441 10016457
0b000f01 0b00cf01 10030 100 35966 2080796353 50369974 10015695
0b000001 0b00ce01 10029 100 17005 2071775372 59431243 10014109
0b000301 0b00ce01 10033 100 53642 2089570598 41641535 10017178
0b000501 0b00c001 10036 100 28114 2090990348 40237821 10015040
0b000301 0b00c501 10034 100 6426 2095418534 35815336 10013220
0b000601 0b00c001 10028 100 40068 2082819471 48416736 10016042
0b000a01 0b00c601 10015 100 636796 2047730915 83517280 10066069
0b000d01 0b00c601 10032 100 6356 2082360152 48939380 10013215
0b000101 0b00c501 10035 100 6545 2087720243 43580099 10013230
0b000e01 0b00c801 10033 100 33513 2081561885 49771906 10015491
0b000001 0b00c701 10009 100 1100455 2014570930 116778247 10104944
0b000a01 0b00cb01 10029 100 3535 2073352118 58109770 10012978
0b000b01 0b00c401 10029 100 389052 2059975792 71527808 10045301
0b000a01 0b00c901 10029 100 43631 2091317484 40190079 10016339
0b000001 0b00ce01 10046 100 100231 2091675078 39884745 10021086
0b000e01 0b00cb01 10028 100 50218 2088873238 42750118 10016893
0b000001 0b00c101 10026 100 8360 2093481779 38215129 10013383
0b000001 0b00ca01 10011 100 489197 2043885707 87876141 10053697
0b000b01 0b00c001 10031 100 65850 2081585737 50186237 10018201
0b000a01 0b00c301 10026 100 70999 2088008870 43772675 10018632
0b000701 0b00ce01 10032 100 37567 2085943223 45856331 10015831
0b000401 0b00c401 10025 100 76827 2081065780 50737782 10019121
0b000701 0b00c701 10030 100 15656 2095369679 36444703 10013993
0b000e01 0b00c301 10037 100 9653 2085462499 46374040 10013490
0b000501 0b00ce01 10025 100 527205 2057579215 74278931 10056883
0b000c01 0b00ce01 10033 100 4279 2091970246 39902964 10013041
0b000a01 0b00c101 10025 100 75053 2097275556 34598889 10018976
0b000001 0b00cd01 10036 100 21368 2081585549 50321557 10014473
0b000201 0b00c801 10030 100 73214 2098651154 33345128 10018821
0b000801 0b00c301 10033 100 29425 2093767265 38269842 10015149
0b000b01 0b00ca01 10031 100 242775 2076717646 55332647 10033035
0b000b01 0b00ce01 10020 100 100002 2088408779 43722097 10021068
0b000f01 0b00c501 10025 100 35699 2092743952 39446323 10015674
0b000101 0b00c101 10038 100 6487 2094983166 37207853 10013225
0b000601 0b00ca01 10027 100 26260 2085420071 46773298 10014884
0b000c01 0b00c401 10046 100 54 2099340119 32871307 10012688
0b000d01 0b00c201 10043 100 30267 2095339854 36884169 10015220
0b000b01 0b00c301 10024 100 129577 2093838716 38393505 10023545
0b000b01 0b00c901 10041 100 3178 2097442758 34886542 10012949
0b000101 0b00c801 10032 100 540 2090911404 41423795 10012727
0b000f01 0b00c301 10031 100 164464 2096156574 36193039 10026470
0b000c01 0b00cc01 10045 100 20484 2087131507 45247424 10014399
0b000901 0b00c701 10022 100 753707 2046108772 86290172 10075871
0b000101 0b00c501 10034 100 74572 2086771038 45721287 10018933
0b000901 0b00c001 10032 100 7141 2096799412 35705263 10013282
0b000b01 0b00c301 10026 100 116292 2095240340 37292662 10022432
0b000c01 0b00c501 10041 100 54970 2088089897 44448028 10017288
0b000401 0b00cf01 10025 100 2307 2087482715 45075809 10012876
0b000d01 0b00c201 10038 100 9116 2089608655 42988495 10013447
0b000e01 0b00c301 10033 100 49799 2080245874 52360335 10016855
0b000f01 0b00c201 10028 100 750122 2050174247 82432667 10075573
0b000501 0b00cf01 10024 100 48008 2068686248 63926233 10016708
0b000b01 0b00c501 10029 100 192721 2092328976 40348947 10028838
0b000801 0b00c401 10003 100 1304980 2013442806 119264756 10122089
0b000801 0b00c301 10031 100 122702 2092045687 40675524 10022968
0b000701 0b00cc01 10026 100 23417 2084125809 48617247 10014645
0b000c01 0b00c701 10027 100 26930 2086789541 45958156 10014938
0b000601 0b00c601 10034 100 128361 2081503511 51255044 10023444
0b000a01 0b00cb01 10035 100 3998 2093639908 39130790 10013015
0b000901 0b00c501 10035 100 2583 2089773715 43009279 10012898
0b000001 0b00c101 10025 100 23997 2089128408 43671938 10014691
0b000601 0b00c401 10036 100 1302 2076308470 56498139 10012791
0b000e01 0b00c601 10032 100 68284 2083831850 48978318 10018407
0b000b01 0b00cd01 10023 100 44234 2088959192 43854412 10016391
0b000201 0b00c501 10034 100 59422 2099487165 33330886 10017664
0b000401 0b00c401 10028 100 43700 2087278024 45605498 10016344
0b000e01 0b00c601 10028 100 34353 2072103085 60786101 10015562
0b000301 0b00c701 10028 100 167025 2091169408 41724849 10026687
0b000c01 0b00c901 10033 100 7034 2083400085 49545212 10013273
0b000601 0b00cc01 10043 100 33250 2093366382 39579522 10015470
0b000b01 0b00c401 10036 100 61018 2084800936 48171025 10017799
0b000701 0b00cc01 10031 100 16293 2089760688 43212018 10014048
0b000601 0b00c201 10034 100 14064 2094259851 38735345 10013862
0b000f01 0b00c201 10045 100 156069 2081984687 51048327 10025768
0b000201 0b00c401 10038 100 25135 2098653726 34428662 10014790
0b000701 0b00c201 10031 100 14731 2084041349 49047094 10013916
0b000501 0b00cb01 10044 100 5395 2095945277 37152009 10013134
0b000901 0b00c601 10027 100 63484 2088148649 44959687 10018004
0b000b01 0b00c301 10022 100 25930 2090883180 42268950 10014854
0b000401 0b00c701 10031 100 9914 2096679815 36494273 10013511
0b000d01 0b00c101 10023 100 10949 2083769545 49412040 10013598
0b000d01 0b00c801 10032 100 19354 2086157730 47068974 10014305
0b000d01 0b00c301 10030 100 1958 2094132146 39107985 10012844
0b000501 0b00c101 10029 100 36110 2092553856 40859126 10015710
0b000501 0b00cb01 10037 100 51197 2083693017 49721900 10016975
0b000001 0b00c101 10028 100 17876 2095463913 37956513 10014179
0b000201 0b00c501 10026 100 63382 2088743657 44680038 10017996
0b000301 0b00cc01 10032 100 25912 2084306262 49124868 10014852
0b000c01 0b00c801 10022 100 429061 2053777242 79667399 10048656
0b000501 0b00c601 10032 100 133137 2094812167 38632847 10023845
0b000a01 0b00c801 10037 100 28933 2084195226 49261496 10015106
0b000701 0b00c301 10037 100 52697 2082994144 50561941 10017099
0b000a01 0b00cb01 10033 100 19223 2088310887 45251384 10014294
0b000701 0b00cf01 10026 100 183749 2078419545 55213564 10028086
0b000c01 0b00c001 10020 100 49330 2072560547 61093488 10016818
0b000201 0b00c101 10033 100 19552 2095610210 38062839 10014320
0b000f01 0b00c901 10033 100 78329 2099579955 34133672 10019249
0b000301 0b00c101 10039 100 33261 2089435425 44284970 10015471
0b000a01 0b00c101 10017 100 69165 2069028406 64719419 10018482
0b000101 0b00c601 10038 100 2094 2098611624 35165736 10012859
0b000a01 0b00c401 10033 100 5235 2098623170 35199596 10013121
0b000401 0b00c501 10013 100 701316 2043237954 90603665 10071480
0b000e01 0b00c901 10030 100 51540 2090757851 43101906 10017002
0b000c01 0b00cc01 10048 100 122775 2090894025 42971852 10022974
0b000a01 0b00c101 10024 100 26893 2097267470 36627654 10014935
0b000d01 0b00c001 10029 100 32599 2081927664 51972356 10015414
0b000501 0b00c401 10025 100 36577 2085393450 48510473 10015748
0b000101 0b00c801 10011 100 852962 2029663879 104260365 10084192
0b000d01 0b00ca01 10033 100 39471 2094033807 39890778 10015991
0b000301 0b00ca01 10034 100 78447 2085037740 48962681 10019259
0b000b01 0b00c501 10020 100 451553 2063234657 70790526 10050539
0b000201 0b00cf01 10034 100 36394 2083903845 50139854 10015733
0b000101 0b00c201 10029 100 53901 2071785606 62260286 10017199
0b000301 0b00ce01 10032 100 6422 2088757161 45298315 10013220
0b000301 0b00c101 10040 100 25973 2092264023 41792627 10014857
0b000401 0b00ce01 10028 100 25603 2075806737 58282529 10014828
0b000b01 0b00c201 10035 100 10637 2091340623 42830505 10013573
0b000701 0b00c901 10026 100 23418 2089152267 45070708 10014645
0b000201 0b00c101 10032 100 16463 2095246658 38988205 10014062
0b000e01 0b00c501 10030 100 32988 2081190304 53046280 10015445
0b000d01 0b00c101 10024 100 75419 2086736428 47518116 10019005
0b000801 0b00cc01 10028 100 297353 2070829586 63425505 10037612
0b000401 0b00c901 10028 100 751 2085349306 48922037 10012743
0b000f01 0b00cd01 10030 100 69039 2093344885 40952395 10018471
0b000001 0b00c601 10042 100 49762 2082164284 52150655 10016852
0b000601 0b00c601 10018 100 505028 2036483538 97869214 10055025
0b000201 0b00c601 10036 100 82981 2076535900 57818735 10019637
0b000a01 0b00c301 10025 100 5242 2084963038 49393405 10013122
0b000501 0b00c901 10015 100 760851 2036892737 97468479 10076470
0b000e01 0b00cc01 10034 100 35935 2093718667 40675785 10015693
0b000401 0b00ca01 10013 100 592144 2041869016 92557548 10062328
0b000501 0b00cb01 10046 100 1711 2097763617 36689250 10012824
0b000101 0b00c801 10033 100 4086 2092019635 42442377 10013026
0b000701 0b00cd01 10003 100 1588343 2009607706 124908816 10145849
0b000e01 0b00c901 10033 100 19506 2096306897 38222602 10014317
0b000901 0b00cb01 10008 100 880476 2028750404 105792830 10086501
0b000101 0b00cb01 10037 100 14379 2098212746 36366035 10013887
0b000401 0b00ca01 10034 100 31015 2086020426 48582812 10015284
0b000001 0b00c201 10016 100 157484 2064693521 69912620 10025885
0b000601 0b00cb01 10025 100 25632 2094330493 40345441 10014830
0b000501 0b00c901 10028 100 6944 2087441298 47264500 10013262
0b000b01 0b00c801 10033 100 69881 2082484264 52284645 10018539
0b000f01 0b00c101 10037 100 66116 2099808427 34995595 10018226
0b000e01 0b00cd01 10037 100 14194 2097446412 37369473 10013873
0b000901 0b00c801 10029 100 18270 2088620816 46196686 10014214
0b000d01 0b00c601 10007 100 1160594 2023101565 111718015 10109985
0b000401 0b00c401 10034 100 46330 2095048085 39779583 10016566
0b000801 0b00ce01 10033 100 143382 2074846916 60065475 10024703
0b000801 0b00c101 10037 100 67870 2082342201 52578192 10018370
0b000b01 0b00c701 10040 100 8453 2099617650 35305590 10013390
0b000001 0b00cc01 10029 100 56363 2079650573 55308322 10017407
0b000301 0b00c301 10035 100 56937 2087967191 47016818 10017453
0b000101 0b00cf01 10037 100 290 2094653622 40361374 10012707
0b000701 0b00cf01 10018 100 229272 2064976523 70078400 10031904
0b000801 0b00cb01 10033 100 26821 2084027327 51044436 10014929
0b000401 0b00c401 10029 100 8170 2089294198 45780914 10013368
0b000e01 0b00c901 10010 100 709959 2027014982 108072033 10072203
0b000a01 0b00c701 10045 100 7297 2087397569 47714562 10013294
0b000a01 0b00c401 10032 100 28289 2094834515 40293997 10015054
0b000101 0b00cd01 10025 100 505047 2062196874 72957554 10055026
0b000c01 0b00c501 10040 100 8145 2087543246 47620585 10013366
0b000c01 0b00c801 10032 100 42024 2084750909 50426783 10016207
0b000b01 0b00c901 10038 100 63274 2095381103 39820712 10017987
0b000301 0b00ca01 10033 100 87355 2083570377 51780920 10020006
0b000301 0b00cf01 10002 100 1271386 2011395465 123994996 10119275
0b000b01 0b00ca01 10034 100 76954 2086759929 48710044 10019132
0b000b01 0b00c401 10041 100 5288 2099751668 35767233 10013126
0b000501 0b00c401 10028 100 22466 2090037865 45515501 10014565
0b000501 0b00cb01 10043 100 36549 2095758254 39883010 10015746
0b000601 0b00c501 10039 100 7297 2087804966 47853597 10013294
0b000701 0b00c401 10039 100 24994 2096306472 39399213 10014775
0b000c01 0b00cc01 10050 100 6927 2099834372 35882648 10013261
0b000001 0b00c001 10040 100 54174 2091906591 43831298 10017225
0b000f01 0b00c801 10024 100 153203 2076503578 59250778 10025527
0b000801 0b00cd01 10031 100 41533 2090868567 44897486 10016163
0b000601 0b00c501 10035 100 66629 2082188976 53667637 10018267
0b000201 0b00c101 10014 100 719375 2034219471 101638054 10072994
0b000901 0b00ce01 10017 100 382728 2072051016 63811315 10044768
0b000b01 0b00ca01 10026 100 170181 2073845669 62049257 10026951
0b000b01 0b00cd01 10024 100 65022 2091177489 44774209 10018135
0b000f01 0b00c801 10033 100 80046 2099604294 36357874 10019394
0b000101 0b00cc01 10017 100 877005 2029545318 106444697 10086211
0b000801 0b00ca01 10033 100 58769 2093878644 42121864 10017608
0b000801 0b00c701 10041 100 75216 2093711380 42312971 10018989
0b000401 0b00ca01 10033 100 78443 2083406826 52637121 10019258
0b000a01 0b00cf01 10031 100 72181 2070835602 65213566 10018734
0b000301 0b00cf01 10027 100 19901 2082475307 53600705 10014348
0b000601 0b00c301 10045 100 721 2099489769 36649581 10012741
0b000801 0b00c001 10020 100 63632 2082079650 54070991 10018016
0b000301 0b00cc01 10013 100 485655 2054746955 81428701 10053398
0b000a01 0b00ca01 10001 100 1387985 2010215674 125983051 10129048
0b000601 0b00cf01 10028 100 6238 2086585007 49617072 10013205
0b000601 0b00c201 10019 100 200248 2056602933 79600789 10029471
0b000e01 0b00c001 10030 100 67037 2080164143 56060427 10018304
0b000101 0b00cb01 10003 100 1394817 2007508089 128766642 10129622
0b000901 0b00c301 10034 100 45116 2097147050 39136711 10016465
0b000c01 0b00cd01 10036 100 76052 2092156796 44143041 10019059
0b000001 0b00ca01 10035 100 70985 2099817196 36487754 10018631
0b000001 0b00c101 10024 100 6615 2088344951 48016952 10013236
0b000401 0b00c101 10007 100 914862 2023050242 113403042 10089382
0b000d01 0b00cb01 10035 100 129823 2094162897 42295603 10023565
0b000d01 0b00c501 10023 100 25375 2084398674 52086356 10014809
0b000501 0b00c801 10021 100 33724 2085979317 50557995 10015508
0b000f01 0b00ce01 10012 100 1089484 2029237354 107305797 10104024
0b000e01 0b00cf01 10022 100 54190 2085550548 50995220 10017226
0b000201 0b00c601 10040 100 51525 2094190267 42377969 10017001
0b000a01 0b00c801 10035 100 46617 2079897171 56686656 10016589
0b000a01 0b00c501 10034 100 36783 2089671994 46945164 10015764
0b000901 0b00c501 10022 100 725956 2050922256 85714644 10073544
0b000001 0b00c301 10030 100 32806 2086877358 49769811 10015431
0b000f01 0b00ca01 10038 100 54903 2089745224 46906340 10017283
0b000701 0b00c801 10027 100 25353 2087641323 49080789 10014808
0b000101 0b00c901 10023 100 164621 2066799222 69974047 10026483
0b000401 0b00c701 10030 100 45687 2095122597 41705611 10016511
0b000f01 0b00cf01 10032 100 45033 2087128327 49724547 10016459
0b000b01 0b00c901 10030 100 21205 2077628445 59225996 10014460
0b000d01 0b00cf01 10045 100 43962 2096041360 40844558 10016365
0b000801 0b00cb01 10036 100 8226 2093537829 43355195 10013372
0b000701 0b00c001 10029 100 22755 2086251483 50656978 10014588
0b000701 0b00c701 10028 100 69845 2075133902 61787953 10018536
0b000a01 0b00c101 10020 100 182974 2079111288 57829789 10028020
0b000201 0b00c601 10041 100 49380 2094863719 42084345 10016822
0b000101 0b00ca01 10031 100 17580 2098482284 38515071 10014155
0b000001 0b00c401 10031 100 58187 2094178313 42847482 10017561
0b000801 0b00c001 10030 100 4300 2097848969 39195487 10013043
0b000501 0b00c801 10024 100 23573 2093223982 43824904 10014658
0b000001 0b00c101 10023 100 62281 2086004110 51076159 10017904
0b000d01 0b00c301 10031 100 259 2094208896 42873401 10012704
0b000101 0b00c601 10002 100 1823668 2005170547 131927157 10165577
0b000b01 0b00c501 10026 100 40506 2084687907 52413338 10016077
0b000401 0b00c801 10036 100 6856 2099701238 37404438 10013255
0b000e01 0b00c701 10028 100 5139 2079970401 57142144 10013114
0b000001 0b00c401 10033 100 21484 2098735142 38411109 10014483
0b000201 0b00c601 10039 100 45851 2093802971 43376231 10016524
0b000501 0b00ca01 10027 100 283514 2079102723 58085480 10036451
0b000b01 0b00c801 10031 100 9607 2078833604 58391667 10013486
0b000101 0b00cc01 10039 100 794 2090039711 47224823 10012747
0b000201 0b00c101 10031 100 42951 2094070401 43230262 10016281
0b000b01 0b00c701 10041 100 8209 2099866249 37484454 10013371
0b000201 0b00cf01 10040 100 37286 2094918407 42434694 10015808
0b000d01 0b00ce01 10028 100 32773 2086993312 50363671 10015428
0b000001 0b00c501 10040 100 4539 2078396811 58960649 10013062
0b000401 0b00c101 10039 100 60663 2088605606 48754664 10017767
0b000101 0b00c501 10037 100 106334 2098490334 38888479 10021597
0b000d01 0b00ce01 10029 100 1231 2087295523 50095606 10012786
0b000c01 0b00c901 10034 100 57740 2083655851 53740768 10017521
0b000901 0b00c601 10023 100 119865 2072443814 65063355 10022730
0b000a01 0b00c301 10021 100 410618 2069585922 67962323 10047107
0b000401 0b00cb01 10045 100 49074 2097432861 40116572 10016797
0b000001 0b00cc01 10033 100 70076 2088916575 48696509 10018558
0b000c01 0b00cb01 10038 100 35515 2086537164 51087327 10015659
0b000701 0b00c201 10039 100 34031 2093387293 44238069 10015536
0b000c01 0b00c401 10040 100 155484 2092213141 45455940 10025717
0b000e01 0b00c401 10020 100 43536 2072768840 64915683 10016331
0b000001 0b00c801 10013 100 784728 2025461006 112227717 10078472
0b000201 0b00cb01 10027 100 24256 2087901438 49821074 10014716
0b000801 0b00c201 10031 100 12087 2089290952 48506570 10013696
0b000901 0b00c601 10031 100 142379 2096164813 41639772 10024619
0b000301 0b00ce01 10034 100 9243 2089653592 48153840 10013457
0b000e01 0b00c901 10031 100 722 2090873962 46970740 10012741
0b000c01 0b00c101 10022 100 31409 2098137536 39730438 10015315
0b000301 0b00c601 10036 100 29378 2099051779 38817033 10015145
0b000f01 0b00c401 10023 100 451605 2070706976 67231441 10050544
0b000c01 0b00cf01 10033 100 82932 2089216394 48752894 10019633
0b000801 0b00c101 10038 100 29886 2083254260 54737294 10015186
0b000501 0b00cd01 10034 100 280067 2080702909 57365284 10036164
0b000f01 0b00c301 10023 100 357822 2074795164 63332616 10042680
0b000f01 0b00c501 10026 100 58752 2097756173 40464528 10017606
0b000601 0b00c601 10040 100 381 2089039247 49182474 10012714
0b000e01 0b00c201 10039 100 70815 2091907904 46422302 10018617
0b000c01 0b00c701 10032 100 6965 2096485399 41853109 10013264
0b000f01 0b00c401 10003 100 1596872 2009179782 129175917 10146562
0b000101 0b00ce01 10030 100 72510 2094175003 44215441 10018761
0b000301 0b00c201 10039 100 197618 2090874293 47556309 10029249
0b000301 0b00cd01 10032 100 47259 2089997540 48454949 10016645
0b000401 0b00c501 10034 100 8331 2088312665 50184934 10013381
0b000b01 0b00c201 10034 100 8436 2090808126 47747746 10013389
0b000801 0b00cc01 10039 100 9100 2096119691 42440947 10013446
0b000701 0b00c801 10023 100 355769 2071120231 67476958 10042508
0b000101 0b00c001 10026 100 44516 2093312028 45326806 10016414
0b000701 0b00c301 10041 100 3862 2090914972 47833482 10013004
0b000c01 0b00cc01 10002 100 1809714 2005988342 132761366 10164407
0b000d01 0b00c201 10039 100 3989 2091866120 46903416 10013014
0b000301 0b00c401 10022 100 199629 2070923205 67968378 10029418
0b000301 0b00c301 10038 100 4753 2095505249 43452143 10013079
0b000201 0b00cc01 10031 100 79954 2087690953 51285859 10019383
0b000101 0b00c701 10033 100 1997 2097567215 41427596 10012847
0b000901 0b00ca01 10006 100 1509453 2012791745 126212995 10139234
0b000701 0b00cd01 10028 100 321315 2081100924 57924316 10039621
0b000e01 0b00c601 10038 100 15779 2099609902 39422357 10014003
0b000901 0b00c801 10030 100 7785 2091524058 47553443 10013333
0b000001 0b00cc01 10015 100 820214 2032844620 106235214 10081449
0b000001 0b00c601 10045 100 16486 2091869846 47234879 10014064
0b000901 0b00cd01 10041 100 40210 2094404753 44741983 10016054
0b000301 0b00cf01 10015 100 810175 2037108208 102128175 10080608
0b000501 0b00c401 10030 100 28387 2096990393 42287166 10015062
0b000601 0b00c901 10023 100 178811 2069089126 70212887 10027672
0b000c01 0b00c401 10042 100 57048 2093999587 45303531 10017466
0b000e01 0b00c401 10032 100 26180 2098115334 41204696 10014878
0b000001 0b00c601 10040 100 67435 2081838625 57483264 10018335
0b000301 0b00cf01 10029 100 37009 2087393376 51932442 10015786
0b000901 0b00cb01 10036 100 31218 2093676261 45692242 10015300
0b000601 0b00c001 10029 100 58040 2088014187 51384329 10017549
0b000a01 0b00ce01 10030 100 51851 2097466019 41940247 10017027
0b000a01 0b00c301 10015 100 818907 2036985370 102456005 10081337
0b000801 0b00c801 10034 100 9989 2081972388 57526934 10013517
0b000901 0b00cd01 10038 100 39100 2091601940 47898226 10015961
0b000f01 0b00c601 10032 100 162080 2090443534 49077396 10026272
0b000e01 0b00ca01 10044 100 49785 2096520536 43062965 10016854
0b000001 0b00c301 10033 100 106 2096593470 43047643 10012692
0b000001 0b00ce01 10038 100 56333 2080270276 59394751 10017405
0b000701 0b00c201 10029 100 342314 2081240676 58424588 10041382
0b000f01 0b00c201 10052 100 19239 2093139299 46587330 10014295
0b000501 0b00c801 10027 100 34389 2096628240 43109620 10015565
0b000501 0b00cd01 10037 100 49779 2096930841 42848726 10016854
0b000801 0b00c601 10030 100 24679 2090462014 49327440 10014750
0b000101 0b00cf01 10038 100 421 2095048251 44759529 10012717
0b000301 0b00ca01 10041 100 36716 2098315947 41552083 10015759
0b000101 0b00c801 10035 100 55349 2097294763 42588807 10017322
0b000d01 0b00cf01 10043 100 9210 2095365332 44563276 10013455
0b000901 0b00c201 10028 100 110707 2074408651 65522873 10021962
0b000301 0b00c701 10031 100 45293 2099240394 40773644 10016480
0b000f01 0b00c701 10028 100 31803 2095851280 44174471 10015347
0b000401 0b00cb01 10034 100 5642 2082729752 57330840 10013154
0b000901 0b00c501 10006 100 1411855 2015387386 124692742 10131050
0b000001 0b00c001 10043 100 23712 2094705706 45411656 10014669
0b000401 0b00c501 10035 100 35137 2088587983 51543464 10015629
0b000a01 0b00ce01 10028 100 27383 2092093525 48155132 10014978
0b000701 0b00c201 10042 100 1799 2097092037 43229184 10012831
0b000c01 0b00cd01 10029 100 68504 2074522088 65849861 10018425
0b000201 0b00c301 10020 100 544440 2050643801 89754455 10058328
0b000d01 0b00cd01 10020 100 566899 2054109062 86324318 10060209
0b000901 0b00c301 10033 100 4211 2096949320 43503142 10013036
0b000401 0b00c901 10033 100 36726 2098874592 41596992 10015760
0b000c01 0b00c301 10023 100 166760 2072322488 68243869 10026662
0b000f01 0b00c701 10029 100 59579 2096003370 44607615 10017676
0b000501 0b00cc01 10038 100 103021 2085822550 54852664 10021321
0b000c01 0b00c501 10043 100 24751 2093727519 46951211 10014756
0b000901 0b00c701 10016 100 858380 2036483317 104233604 10084648
0b000d01 0b00c401 10029 100 22658 2089413140 51356595 10014580
0b000101 0b00c201 10024 100 492641 2058167688 82647062 10053984
0b000401 0b00c701 10033 100 46640 2099244435 41596517 10016591
0b000601 0b00cb01 10022 100 70265 2087409720 53440232 10018573
0b000e01 0b00c901 10029 100 44547 2086640388 54216176 10016416
0b000e01 0b00cd01 10038 100 45984 2098479240 42459890 10016535
0b000601 0b00c101 10031 100 79061 2096101712 44839779 10019312
0b000401 0b00cf01 10031 100 8835 2098051625 42895498 10013421
0b000401 0b00c201 10038 100 28570 2086270879 54711381 10015076
0b000e01 0b00cc01 10015 100 549102 2035737174 105316346 10058720
0b000a01 0b00c501 10035 100 70068 2090264989 50790000 10018558
0b000401 0b00c301 10043 100 29446 2099771398 41326432 10015150
0b000701 0b00c001 10028 100 75645 2085219289 55882023 10019023
0b000e01 0b00c301 10040 100 72872 2094268635 46847486 10018790
0b000301 0b00c901 10030 100 59746 2076406335 64723721 10017690
0b000c01 0b00ce01 10034 100 50905 2092337254 48856959 10016948
0b000801 0b00ce01 10040 100 26216 2095029484 46260439 10014880
0b000401 0b00c401 10012 100 658313 2054284274 87026302 10067875
0b000601 0b00c001 10031 100 11107 2096502882 44898484 10013614
0b000901 0b00c501 10028 100 456413 2067279293 74131606 10050947
0b000a01 0b00c201 10037 100 176110 2096037748 45406999 10027448
0b000401 0b00cb01 10040 100 32716 2088752185 52801113 10015424
0b000401 0b00c101 10008 100 772122 2023272920 118299903 10077418
0b000301 0b00c201 10040 100 9062 2092202716 49391347 10013443
0b000f01 0b00c901 10032 100 195350 2097387954 44228323 10029060
0b000301 0b00cf01 10030 100 56919 2088218283 53399933 10017452
0b000001 0b00c401 10032 100 6479 2095906169 45715570 10013225
0b000501 0b00c301 10031 100 195674 2094683335 46988606 10029086
0b000901 0b00c301 10031 100 41984 2094630918 47076998 10016200
0b000701 0b00ce01 10030 100 5405 2084589740 57174134 10013135
0b000101 0b00c701 10032 100 4217 2096496729 45272115 10013036
0b000101 0b00c601 10034 100 51030 2087421480 54386646 10016962
0b000001 0b00c001 10033 100 177162 2067199833 74624800 10027536
0b000701 0b00c001 10027 100 9320 2084479836 57352073 10013464
0b000501 0b00c101 10031 100 1673 2099788735 42060524 10012821
0b000f01 0b00cd01 10018 100 701646 2060607271 81259979 10071507
0b000101 0b00c301 10039 100 5408 2093198915 48708366 10013135
0b000c01 0b00c701 10026 100 67610 2086105164 55808002 10018349
0b000601 0b00c501 10041 100 25219 2096207500 45813505 10014797
0b000a01 0b00cf01 10040 100 72733 2080854609 61167152 10018778
0b000b01 0b00c301 10021 100 7771 2090282361 51791840 10013332
0b000c01 0b00ca01 10025 100 22443 2089986969 52120039 10014563
0b000701 0b00c201 10044 100 50673 2098309249 43800910 10016929
0b000801 0b00cc01 10038 100 35312 2094551570 47573008 10015643
0b000a01 0b00c001 10028 100 7696 2080371345 61765429 10013326
0b000901 0b00c501 10040 100 47994 2095981667 46188943 10016703
0b000501 0b00ce01 10030 100 31538 2078159208 64014531 10015325
0b000601 0b00c601 10041 100 57057 2090621191 51568321 10017467
0b000801 0b00c001 10025 100 22013 2087114586 55106571 10014529
0b000b01 0b00cb01 10030 100 26164 2094980136 47249328 10014876
0b000001 0b00cd01 10032 100 189688 2075779201 66458176 10028584
0b000701 0b00c101 10027 100 88903 2083750154 58527609 10020134
0b000b01 0b00c401 10039 100 25955 2096104599 46195440 10014856
0b000a01 0b00ce01 10029 100 9731 2092361272 49939510 10013496
0b000301 0b00c901 10038 100 4105 2093124965 49203096 10013027
0b000a01 0b00cf01 10043 100 172 2094181988 48214675 10012697
0b000f01 0b00cb01 10023 100 803823 2048983660 93438092 10080073
0b000501 0b00c101 10030 100 37795 2095487290 46971018 10015849
0b000001 0b00c801 10050 100 27492 2093203538 49272810 10014986
0b000101 0b00c501 10005 100 1930088 2005977543 136578877 10174502
0b000201 0b00cf01 10035 100 18878 2087513318 55059004 10014263
0b000d01 0b00cc01 10006 100 937198 2037313719 105281409 10091257
0b000501 0b00c701 10039 100 68056 2097542923 45085613 10018389
0b000001 0b00ca01 10032 100 3609 2095079378 47566488 10012984
0b000401 0b00c601 10016 100 649545 2039302406 103371026 10067139
0b000401 0b00cc01 10024 100 49249 2092772408 49924442 10016811
0b000f01 0b00c101 10032 100 108198 2089104791 53604557 10021754
0b000701 0b00c701 10007 100 1238527 2023912585 118799172 10116519
0b000e01 0b00cd01 10030 100 77675 2086752349 55986986 10019193
0b000a01 0b00cc01 10030 100 8272 2091582540 51159756 10013376
0b000501 0b00ce01 10035 100 5046 2085331168 57412613 10013106
0b000101 0b00c801 10028 100 15449 2080991813 61757074 10013977
0b000301 0b00c001 10018 100 343559 2064855818 77946694 10041485
0b000a01 0b00c001 10018 100 654115 2054004010 88867413 10067524
0b000201 0b00c601 10002 100 2424304 2003707142 139167059 10215936
0b000401 0b00ce01 10030 100 42592 2086025885 56861948 10016252
0b000501 0b00cb01 10033 100 73523 2078820960 64115322 10018846
0b000601 0b00c601 10036 100 79891 2084612426 58363365 10019378
0b000501 0b00c901 10031 100 34661 2090411776 52565709 10015587
0b000001 0b00ce01 10037 100 69256 2079408459 63601400 10018489
0b000001 0b00cb01 10016 100 680936 2041566151 101455542 10069769
0b000301 0b00cc01 10017 100 471646 2059625437 83421384 10052224
0b000a01 0b00c301 10029 100 30665 2095975401 47107557 10015252
0b000301 0b00c501 10033 100 286150 2084153655 58970450 10036674
0b000801 0b00c301 10022 100 508718 2052156350 90989706 10055332
0b000601 0b00cb01 10019 100 10679 2084968418 58209271 10013576
0b000c01 0b00cf01 10034 100 10528 2093651840 49599099 10013564
0b000601 0b00c701 10032 100 7918 2093712908 49570414 10013344
0b000d01 0b00c401 10031 100 77845 2095817976 47470062 10019207
0b000e01 0b00cc01 10032 100 53497 2089842178 53485783 10017167
0b000601 0b00cf01 10029 100 30028 2088892643 54443835 10015201
0b000a01 0b00c401 10034 100 67411 2098702725 44644266 10018334
0b000301 0b00c201 10042 100 22988 2095853362 47525173 10014607
0b000501 0b00cd01 10036 100 28432 2095347355 48047016 10015065
0b000201 0b00c101 10034 100 27677 2096149880 47299400 10015001
0b000d01 0b00cf01 10049 100 173929 2098348661 45145121 10027262
0b000701 0b00cf01 10028 100 78767 2085440224 58063870 10019284
0b000001 0b00c901 10046 100 128265 2097436993 46098961 10023436
0b000d01 0b00c001 10030 100 106439 2084888637 58715084 10021606
0b000401 0b00c301 10040 100 67765 2090256398 53353591 10018362
0b000a01 0b00cb01 10032 100 333354 2087451195 56193323 10040630
0b000501 0b00cc01 10042 100 22557 2098427915 45264269 10014572
0b000701 0b00c501 10030 100 171769 2093481118 50245021 10027082
0b000201 0b00c001 10025 100 16837 2092934721 50794599 10014092
0b000201 0b00c701 10026 100 163595 2069006461 74729013 10026397
0b000901 0b00cd01 10031 100 59307 2080242742 63494606 10017654
0b000701 0b00c001 10033 100 21399 2093208810 50548897 10014476
0b000e01 0b00ca01 10032 100 413975 2053238057 90525459 10047387
0b000c01 0b00c901 10019 100 368362 2056009387 87789676 10043565
0b000c01 0b00cb01 10031 100 160757 2074385727 69426416 10026158
0b000501 0b00c501 10035 100 1894 2096647382 47171461 10012839
0b000201 0b00c001 10024 100 65087 2090983204 52885785 10018140
0b000b01 0b00c001 10035 100 31482 2096037126 47870666 10015321
0b000501 0b00c801 10007 100 1077401 2023822088 120179870 10103011
0b000f01 0b00c601 10030 100 7635 2086941613 57061876 10013321
0b000701 0b00c901 10028 100 5776 2099710041 44337210 10013165
0b000201 0b00cf01 10030 100 40795 2079038052 65017637 10016101
0b000601 0b00c601 10037 100 6009 2086306324 57779688 10013187
0b000201 0b00cc01 10034 100 37027 2092080415 52044253 10015788
0b000401 0b00c601 10038 100 17768 2093344769 50819948 10014170
0b000401 0b00c401 10032 100 203866 2092045918 52134376 10029772
0b000e01 0b00c901 10028 100 163575 2082020759 62207918 10026395
0b000701 0b00c001 10012 100 1121954 2029197085 115102068 10106744
0b000001 0b00c001 10031 100 396636 2054102796 90243914 10045935
0b000801 0b00c901 10011 100 795019 2043335980 101043190 10079338
0b000101 0b00c301 10030 100 190278 2078227571 66238450 10028635
0b000201 0b00c201 10038 100 203424 2095563003 48910059 10029737
0b000f01 0b00c901 10030 100 50006 2081879059 62704666 10016876
0b000701 0b00ce01 10040 100 4925 2095444955 49215251 10013093
0b000301 0b00c201 10035 100 90276 2086889665 57790012 10020251
0b000c01 0b00c901 10040 100 5887 2099579991 45114220 10013174
0b000b01 0b00c901 10037 100 69413 2089760136 54947209 10018501
0b000c01 0b00c901 10036 100 94586 2086721778 58000877 10020611
0b000801 0b00c001 10026 100 116563 2087775295 57012942 10022454
0b000501 0b00ce01 10039 100 8791 2099773674 45037852 10013417
0b000101 0b00c801 10031 100 55651 2090667241 54189403 10017347
0b000001 0b00cc01 10032 100 880 2086258008 58606450 10012754
0b000901 0b00c701 10009 100 1518013 2013469456 131444049 10139954
0b000301 0b00cb01 10049 100 19752 2095519481 49399733 10014336
0b000e01 0b00c401 10002 100 1016074 2011049477 133920013 10097871
0b000a01 0b00ce01 10027 100 75589 2090796706 54270575 10019018
0b000901 0b00c701 10041 100 30564 2088879711 56205040 10015244
0b000b01 0b00c201 10033 100 75189 2089813797 55442830 10018986
0b000c01 0b00c501 10047 100 30574 2097833404 47438315 10015244
0b000201 0b00ca01 10021 100 136796 2081323251 64079796 10024149
0b000301 0b00c801 10044 100 24641 2099527471 45926125 10014747
0b000501 0b00cc01 10004 100 1298005 2017152550 128313841 10121508
0b000901 0b00cd01 10012 100 993107 2032245216 113250117 10095945
0b000d01 0b00c401 10032 100 9478 2099267079 46241299 10013476
0b000101 0b00ca01 10008 100 916038 2021332047 124231729 10089484
0b000c01 0b00cc01 10035 100 390127 2061773420 83833863 10045391
0b000501 0b00c201 10020 100 42077 2090094301 55536766 10016211
0b000b01 0b00c301 10025 100 76460 2094524342 51315488 10019092
0b000601 0b00c301 10039 100 65617 2089119634 56729794 10018182
0b000501 0b00ca01 10031 100 31970 2097234976 48623414 10015360
0b000401 0b00c701 10029 100 107704 2094399864 51460623 10021711
0b000501 0b00c501 10009 100 720527 2038428441 107470754 10073090
0b000101 0b00c301 10038 100 70233 2092176613 53795502 10018571
0b000001 0b00c701 10043 100 75256 2090911317 55066771 10018992
0b000101 0b00c801 10036 100 39404 2098960463 47030251 10015985
0b000901 0b00ce01 10024 100 2516 2098686108 47309587 10012892
0b000b01 0b00ca01 10040 100 138277 2097982174 48082599 10024275
0b000f01 0b00cc01 10008 100 1598156 2016909641 129170550 10146672
0b000c01 0b00c601 10032 100 67965 2087835849 58251557 10018378
0b000b01 0b00c301 10027 100 1879 2095312283 50823877 10012838
0b000e01 0b00c901 10013 100 734304 2035357623 110781025 10074246
0b000601 0b00ca01 10032 100 77035 2098113897 48031711 10019142
0b000a01 0b00cf01 10034 100 181929 2075568915 70586645 10027933
0b000c01 0b00cd01 10009 100 1273276 2013951254 132219179 10119434
0b000c01 0b00c401 10043 100 35355 2096203430 49973792 10015646
0b000201 0b00cc01 10035 100 11178 2093825112 52356334 10013620
0b000301 0b00c701 10010 100 833568 2034058385 112146495 10082568
0b000301 0b00ca01 10038 100 18769 2093209505 53027580 10014254
0b000a01 0b00c001 10032 100 57682 2094670069 51662908 10017517
0b000301 0b00c801 10039 100 23195 2086910856 59459236 10014627
0b000901 0b00c001 10030 100 15815 2091258190 55252680 10014006
0b000801 0b00cc01 10041 100 37048 2099121240 47391886 10015789
0b000201 0b00cf01 10042 100 27219 2097758441 48789744 10014965
0b000501 0b00c401 10015 100 252658 2075038371 71577677 10033864
0b000501 0b00c901 10032 100 26484 2096024004 50650440 10014902
0b000e01 0b00c101 10036 100 9591 2083167259 63528582 10013485
0b000d01 0b00c301 10034 100 5410 2097135733 49564446 10013135
0b000301 0b00c101 10041 100 89864 2092427895 54272637 10020214
0b000d01 0b00cf01 10048 100 33100 2097292191 49439080 10015458
0b000e01 0b00c201 10035 100 199438 2072866288 73900809 10029403
0b000d01 0b00ce01 10009 100 1364221 2016974686 129805308 10127059
0b000e01 0b00c901 10032 100 47722 2091992682 54813180 10016682
0b000501 0b00c001 10038 100 33051 2095456951 51353209 10015454
0b000b01 0b00c201 10029 100 420744 2078586241 68298694 10047956
0b000701 0b00ce01 10034 100 5514 2087760328 59172772 10013144
0b000101 0b00ca01 10009 100 1108906 2021419541 125568805 10105651
0b000401 0b00ca01 10029 100 177575 2080016993 67032074 10027569
0b000c01 0b00ce01 10008 100 1105119 2019960719 127123214 10105336
0b000301 0b00c501 10020 100 606157 2060051139 87087784 10063503
0b000d01 0b00c401 10033 100 66924 2099350473 47794662 10018291
0b000401 0b00cc01 10025 100 132706 2094046767 53117705 10023807
0b000f01 0b00cb01 10035 100 16870 2086947272 60264365 10014094
0b000a01 0b00c301 10004 100 1298420 2016218120 131128268 10121541
0b000201 0b00c401 10027 100 160131 2072295351 75097278 10026108
0b000f01 0b00cf01 10035 100 60534 2094964522 52431796 10017756
0b000801 0b00c801 10038 100 69223 2095706059 51698021 10018486
0b000e01 0b00c001 10036 100 7310 2089745828 57698989 10013295
0b000801 0b00c901 10027 100 31873 2091553424 55909924 10015352
0b000701 0b00c001 10030 100 113061 2087717417 59790831 10022162
0b000901 0b00c201 10007 100 1399148 2017171336 130384474 10129987
0b000001 0b00ca01 10025 100 120643 2081278306 66314393 10022796
0b000101 0b00cb01 10038 100 55448 2099138958 48461438 10017330
0b000001 0b00c801 10017 100 727154 2036559066 111101827 10073647
0b000d01 0b00c801 10035 100 57588 2094965972 52723632 10017509
0b000e01 0b00c401 10033 100 21577 2099195540 48518503 10014490
0b000001 0b00c401 10030 100 158302 2092792612 54998991 10025954
0b000a01 0b00c901 10030 100 75494 2093582848 54272277 10019011
0b000201 0b00cc01 10037 100 46085 2098256287 49686876 10016547
0b000a01 0b00cd01 10024 100 44145 2097731507 50231407 10016384
0b000c01 0b00cb01 10046 100 27111 2098945705 49054109 10014956
0b000401 0b00cc01 10000 100 1660385 2003949212 144084253 10151889
0b000201 0b00c401 10032 100 39822 2083411506 64632247 10016019
0b000201 0b00c601 10003 100 2413704 2003871272 144183711 10215046
0b000e01 0b00cb01 10031 100 9805 2099759437 48315590 10013502
0b000e01 0b00c001 10034 100 256199 2086586303 61533405 10034162
0b000801 0b00cb01 10006 100 1488344 2012295277 135880507 10137465
0b000601 0b00c901 10008 100 810349 2031251644 116930000 10080622
0b000c01 0b00c901 10039 100 40969 2097264881 50977415 10016114
0b000901 0b00c901 10033 100 198037 2077544241 70711213 10029287
0b000a01 0b00c001 10033 100 20368 2096989543 51286021 10014390
0b000701 0b00ce01 10041 100 165061 2096599215 51725034 10026522
0b000401 0b00cf01 10005 100 893424 2031175827 117162456 10087586
0b000e01 0b00c801 10038 100 43051 2089241813 59170362 10016293
0b000701 0b00c301 10038 100 337061 2083900129 64577869 10040942
0b000801 0b00c501 10038 100 190859 2091028823 57456864 10028682
0b000801 0b00cd01 10032 100 29781 2091046593 57468255 10015177
0b000701 0b00c801 10028 100 9316 2089050002 59503397 10013463
0b000c01 0b00cb01 10043 100 60774 2094672606 53961291 10017776
0b000a01 0b00c601 10032 100 76826 2094252308 54413857 10019121
0b000601 0b00c201 10031 100 434 2091836901 56913458 10012718
0b000101 0b00c201 10034 100 103988 2096055930 52712023 10021398
0b000c01 0b00c801 10031 100 38065 2083905366 64921078 10015874
0b000501 0b00ce01 10033 100 262651 2081785674 67086732 10034702
0b000a01 0b00c601 10031 100 5679 2093797491 55114041 10013157
0b000101 0b00cc01 10041 100 49021 2098969241 50063968 10016793
0b000201 0b00ce01 10039 100 126313 2089105324 59931675 10023272
0b000f01 0b00c201 10053 100 20742 2095682609 53409165 10014420
0b000301 0b00ca01 10042 100 28294 2098433294 50715666 10015054
0b000a01 0b00c201 10038 100 52863 2099383609 49856303 10017112
0b000d01 0b00c201 10037 100 71678 2089138779 60150128 10018690
0b000e01 0b00c901 10008 100 760912 2023813395 125500402 10076475
0b000701 0b00cc01 10018 100 704245 2060649864 88727941 10071726
0b000201 0b00c501 10002 100 1432616 2010006822 139381775 10132792
0b000a01 0b00c801 10015 100 1110772 2029129741 120294528 10105808
0b000401 0b00cd01 10028 100 24465 2095810548 53630780 10014733
0b000601 0b00c401 10039 100 26553 2085193145 64269292 10014907
0b000e01 0b00c501 10032 100 57055 2088885225 60610061 10017467
0b000801 0b00c401 10021 100 527332 2062861129 86671664 10056894
0b000001 0b00c201 10002 100 1251604 2012058872 137493914 10117616
0b000e01 0b00c301 10029 100 155100 2069552494 80002710 10025687
0b000701 0b00cf01 10033 100 6796 2094412645 55157707 10013250
0b000701 0b00ce01 10031 100 41324 2085646903 63990042 10016147
0b000701 0b00ce01 10038 100 67222 2093310730 56340979 10018318
0b000f01 0b00cc01 10036 100 25300 2088954499 60999137 10014803
0b000601 0b00c801 10027 100 153979 2092574146 57463231 10025589
0b000d01 0b00c501 10014 100 666266 2046768188 103293038 10068542
0b000f01 0b00ca01 10041 100 74505 2096214337 53920105 10018928
0b000701 0b00c501 10031 100 79371 2098489245 51866402 10019336
0b000301 0b00c601 10034 100 80949 2088955777 61450295 10019466
0b000d01 0b00ce01 10019 100 531311 2060659783 89858979 10057227
0b000b01 0b00ce01 10028 100 55336 2099969440 50579822 10017321
0b000e01 0b00c501 10038 100 35985 2099275058 51289420 10015697
0b000d01 0b00c701 10033 100 15930 2098579983 52154691 10014015
0b000e01 0b00c801 10034 100 57765 2085519911 65244342 10017523
0b000001 0b00cd01 10041 100 9338 2090784610 60006848 10013465
0b000801 0b00cc01 10040 100 72481 2097016859 53831634 10018758
0b000801 0b00cc01 10034 100 77229 2086541008 64432396 10019157
0b000101 0b00c501 10031 100 108638 2079719385 71315532 10021789
0b000001 0b00c601 10047 100 13118 2095620794 55500419 10013783
0b000e01 0b00c701 10005 100 972730 2009125352 142039736 10094234
0b000701 0b00c501 10013 100 634056 2058894524 92346925 10065842
0b000401 0b00c401 10021 100 551941 2072018422 79226909 10058954
0b000401 0b00c901 10030 100 51261 2089802938 61498961 10016980
0b000201 0b00c201 10033 100 112189 2087663225 63643886 10022089
0b000101 0b00cc01 10040 100 61743 2092328616 59090996 10017857
0b000801 0b00c401 10020 100 668618 2058963100 92458046 10068738
0b000901 0b00c701 10044 100 67230 2098313554 53167362 10018319
0b000401 0b00c801 10032 100 26258 2085289839 66301200 10014884
0b000701 0b00c401 10036 100 76772 2092541168 59079285 10019117
0b000a01 0b00c001 10031 100 49829 2093548814 58118977 10016858
0b000601 0b00c201 10039 100 18549 2098638581 53039102 10014236
0b000601 0b00c801 10019 100 446369 2060717668 90961576 10050106
0b000a01 0b00c601 10026 100 296660 2071386584 80306730 10037553
0b000801 0b00c101 10040 100 47900 2094442250 57347732 10016696
0b000801 0b00ce01 10038 100 143532 2091171345 60656585 10024715
0b000501 0b00c501 10032 100 130650 2087629726 64235927 10023635
0b000601 0b00c101 10026 100 52672 2083423478 68478343 10017097
0b000701 0b00c001 10034 100 106686 2097716715 54277357 10021625
0b000b01 0b00c401 10040 100 27477 2098606976 53419714 10014985
0b000301 0b00c101 10031 100 327063 2077638034 74434606 10040104
0b000501 0b00c601 10023 100 535753 2067902248 84220189 10057598
0b000501 0b00c001 10018 100 937888 2026792089 125449341 10091312
0b000201 0b00c301 10036 100 60854 2099949948 52350265 10017782
0b000f01 0b00c701 10022 100 280613 2076760018 75770748 10036208
0b000401 0b00c001 10021 100 20781 2088677398 64040888 10014423
0b000001 0b00c001 10037 100 138388 2081373386 71349436 10024284
0b000801 0b00c201 10010 100 1068070 2031475630 121249857 10102230
0b000001 0b00cb01 10024 100 308285 2089884463 62847574 10038529
0b000801 0b00c601 10031 100 27245 2097438497 55300383 10014967
0b000e01 0b00c601 10034 100 11039 2089959320 62932507 10013609
0b000401 0b00cb01 10003 100 1187204 2013932559 138994990 10112218
0b000d01 0b00c601 10037 100 57586 2099314582 53672552 10017509
0b000e01 0b00c701 10031 100 55243 2098153496 54836347 10017314
0b000f01 0b00ce01 10030 100 36467 2097048178 55945666 10015739
0b000b01 0b00c601 10033 100 181303 2088219383 64837646 10027883
0b000b01 0b00c001 10034 100 67657 2091501637 61574172 10018353
0b000301 0b00c301 10032 100 420233 2075345964 77775665 10047915
0b000601 0b00cd01 10039 100 174708 2093019497 60255778 10027328
0b000f01 0b00ce01 10031 100 355683 2097118531 56198877 10042501
0b000401 0b00ce01 10035 100 57665 2097039097 56534224 10017515
0b000f01 0b00ca01 10006 100 1729058 2016014461 137577719 10157647
0b000d01 0b00cd01 10032 100 102839 2095659638 58044088 10021302
0b000c01 0b00ca01 10023 100 52486 2087527741 66179881 10017082
0b000601 0b00c901 10035 100 61943 2097507530 56281408 10017873
0b000501 0b00cb01 10045 100 8604 2097490082 56520717 10013402
0b000a01 0b00c301 10031 100 37157 2098358236 55678308 10015798
0b000601 0b00c201 10027 100 334310 2079776563 74482501 10040711
0b000201 0b00c701 10035 100 135796 2098122266 56146991 10024065
0b000401 0b00c101 10043 100 62554 2093329386 60940738 10017926
0b000901 0b00cb01 10017 100 705827 2048703564 105576884 10071857
0b000001 0b00ca01 10034 100 64933 2098485827 55837671 10018124
0b000a01 0b00c801 10024 100 782746 2051876900 102511820 10078306
0b000601 0b00c701 10028 100 144024 2086189780 68308151 10024758
0b000401 0b00cb01 10043 100 249287 2094375689 60124436 10033582
0b000b01 0b00c101 10012 100 822695 2051752130 102784250 10081655
0b000801 0b00c501 10034 100 75547 2089570852 64978500 10019015
0b000901 0b00c401 10007 100 1318635 2020045461 134544007 10123235
0b000601 0b00ca01 10023 100 568709 2066017666 88622668 10060361
0b000801 0b00cb01 10013 100 884171 2044464480 110250454 10086812
0b000e01 0b00c101 10041 100 240 2098032915 56703493 10012703
0b000c01 0b00cb01 10033 100 471912 2077262598 77530134 10052245
0b000201 0b00ce01 10043 100 53251 2098222169 56589964 10017147
0b000e01 0b00ce01 10038 100 1261 2099007127 56078525 10012788
0b000401 0b00cd01 10008 100 1464684 2007662154 147484510 10135480
0b000c01 0b00c401 10045 100 67998 2098145644 57004408 10018380
0b000b01 0b00c601 10019 100 891470 2047563439 107632128 10087422
0b000601 0b00cd01 10037 100 171919 2080011971 75342571 10027094
0b000501 0b00cb01 10003 100 1666692 2009314734 146165180 10152416
0b000701 0b00ce01 10021 100 828758 2054342248 101144522 10082164
0b000801 0b00cf01 10004 100 1402651 2010765059 144804308 10130279
0b000a01 0b00cf01 10037 100 192557 2076672955 78910069 10028825
0b000b01 0b00c201 10037 100 68546 2092058194 63594608 10018428
0b000501 0b00cf01 10021 100 501051 2057258025 98405255 10054691
0b000a01 0b00cc01 10012 100 772954 2038159151 117613784 10077484
0b000201 0b00c201 10035 100 151470 2090390762 65530131 10025381
0b000201 0b00cb01 10012 100 664326 2046354356 109605517 10068379
0b000701 0b00c601 10029 100 536266 2068799384 87229044 10057643
0b000901 0b00c301 10029 100 456083 2083553135 72492404 10050921
0b000f01 0b00c701 10031 100 37424 2098472183 57755906 10015819
0b000101 0b00cb01 10014 100 930961 2035688398 120597428 10090731
0b000801 0b00cc01 10033 100 178535 2084789536 71498303 10027650
0b000d01 0b00c501 10015 100 644716 2054153815 102191566 10066734
0b000d01 0b00c101 10029 100 26226 2098730924 57778048 10014881
0b000601 0b00ce01 10015 100 629949 2047431647 109092219 10065495
0b000401 0b00c801 10034 100 37462 2087665755 68875934 10015822
0b000501 0b00cf01 10033 100 9166 2098485526 58326006 10013451
0b000601 0b00c701 10029 100 241845 2087359263 69646217 10032956
0b000f01 0b00cb01 10040 100 25746 2097724262 59296293 10014839
0b000801 0b00ce01 10039 100 12572 2093236984 63795702 10013735
0b000701 0b00c201 10043 100 20439 2097925738 59281063 10014395
0b000401 0b00ce01 10032 100 105628 2086196080 71058090 10021537
0b000801 0b00ca01 10003 100 1582775 2010734096 146536674 10145380
0b000c01 0b00c201 10022 100 651807 2059660946 97721569 10067328
0b000201 0b00c401 10037 100 191946 2096450760 60979158 10028772
0b000901 0b00c901 10030 100 617545 2075792380 81725878 10064456
0b000401 0b00c101 10021 100 535392 2052473476 105061515 10057569
0b000a01 0b00c801 10029 100 578215 2060656015 96963914 10061160
0b000d01 0b00c101 10026 100 429588 2089288080 68339201 10048698
0b000d01 0b00cc01 10025 100 37371 2091085014 66654560 10015815
0b000f01 0b00c501 10016 100 727605 2061237322 96516771 10073683
0b000701 0b00cc01 10030 100 331755 2089303237 68576887 10040495
0b000901 0b00cd01 10021 100 688821 2059473354 98458677 10070431
0b000301 0b00c001 10031 100 267617 2088887845 69113672 10035118
0b000a01 0b00c101 10023 100 27608 2096420563 62073988 10014996
0b000d01 0b00c401 10034 100 222 2099585010 58942241 10012701
0b000b01 0b00c501 10031 100 173463 2095008550 63661899 10027225
0b000901 0b00c101 10010 100 1007291 2043117086 115602993 10097134
0b000001 0b00cb01 10023 100 278879 2081765548 76987440 10036061
0b000a01 0b00c201 10036 100 22144 2093183187 65719482 10014539
0b000c01 0b00c601 10002 100 1631626 2010294274 148610962 10149476
0b000301 0b00c601 10033 100 273837 2088678235 70233311 10035639
0b000001 0b00c601 10048 100 182 2095927566 62990432 10012698
0b000601 0b00cd01 10041 100 4628 2099843906 59078086 10013069
0b000201 0b00c301 10002 100 1308662 2015215951 143750156 10122399
0b000501 0b00c701 10011 100 953965 2029753562 129275621 10092660
0b000401 0b00cf01 10029 100 129493 2096992826 62042579 10023538
0b000c01 0b00c301 10032 100 234005 2099759306 59293086 10032302
0b000e01 0b00c501 10029 100 143792 2080566627 78554068 10024736
0b000701 0b00cd01 10032 100 31215 2097525783 61790684 10015300
0b000e01 0b00c201 10037 100 429192 2080828187 78495587 10048666
0b000f01 0b00c601 10033 100 40134 2096651146 62809191 10016048
0b000901 0b00c701 10014 100 1292498 2023839741 135704881 10121044
0b000b01 0b00cf01 10028 100 300533 2084577660 74994160 10037878
0b000801 0b00c401 10036 100 23216 2098175241 61404771 10014629
0b000e01 0b00ce01 10034 100 77928 2090212880 69478657 10019213
0b000c01 0b00c601 10018 100 667991 2044728049 114991229 10068684
0b000b01 0b00c201 10038 100 300158 2096150672 63640672 10037848
0b000a01 0b00c901 10031 100 229239 2097986682 61807485 10031902
0b000201 0b00c701 10032 100 229051 2090964550 68839274 10031887
0b000c01 0b00c401 10025 100 589003 2048705417 111126246 10062065
0b000701 0b00c401 10038 100 74697 2095341191 64584362 10018943
0b000101 0b00cf01 10017 100 843339 2032210271 127785814 10083388
0b000701 0b00c101 10029 100 79099 2089559396 70502547 10019315
0b000601 0b00c801 10029 100 55238 2098511981 61569305 10017314
0b000801 0b00c401 10033 100 101673 2090199034 69883555 10021205
0b000e01 0b00cd01 10035 100 73018 2096283167 63867610 10018805
0b000001 0b00c801 10025 100 611944 2049038585 111157341 10063985
0b000101 0b00ca01 10029 100 143263 2094848492 65411170 10024694
0b000d01 0b00c601 10012 100 944743 2044522612 115858673 10091888
0b000501 0b00c301 10021 100 779295 2054409575 106217472 10078018
0b000401 0b00c901 10032 100 126995 2098236083 62424051 10023327
0b000a01 0b00cd01 10003 100 1152801 2019621979 141093598 10109331
0b000a01 0b00cb01 10015 100 950767 2043519685 117219032 10092393
0b000c01 0b00c801 10020 100 690512 2050065773 110801281 10070574
0b000401 0b00c801 10014 100 852007 2054619329 106263827 10084116
0b000101 0b00c701 10027 100 491395 2077878255 83308006 10053880
0b000101 0b00cb01 10023 100 650318 2064571933 96781546 10067205
0b000901 0b00c601 10021 100 713033 2070920021 90436627 10072464
0b000b01 0b00c901 10004 100 1882012 2009319032 152206870 10170471
0b000701 0b00cc01 10028 100 545783 2087050540 74533957 10058439
0b000701 0b00c501 10014 100 718372 2061197711 100390295 10072910
0b000301 0b00cf01 10019 100 601263 2060994480 100600725 10063092
0b000e01 0b00c301 10000 100 4461278 2000497134 161163335 10386716
0b000801 0b00ca01 10023 100 916861 2049674282 112022195 10089550
0b000701 0b00c601 10026 100 816628 2061726224 99970611 10081147
0b000801 0b00c901 10002 100 1616589 2012336644 149389393 10148216
0b000101 0b00c301 10009 100 1265078 2017576746 144181840 10118747
0b000901 0b00cb01 10001 100 1877364 2010904877 150880313 10170080
0b000001 0b00c901 10035 100 382980 2062500385 99303085 10044789
0b000b01 0b00ca01 10017 100 1090238 2035933615 125982632 10104088
0b000901 0b00c601 10033 100 169409 2099639729 62397058 10026885
0b000d01 0b00cc01 10017 100 510353 2070884523 91260028 10055470
0b000201 0b00c301 10035 100 129956 2095826492 66414035 10023575
0b000501 0b00c501 10034 100 390164 2093251952 69049336 10045394
0b000201 0b00ca01 10011 100 664144 2043397978 118930027 10068365
0b000901 0b00c901 10027 100 735779 2060417947 101997455 10074368
0b000001 0b00cb01 10027 100 190 2098993928 63531775 10012699
0b000b01 0b00cc01 10007 100 1611445 2016944152 145621903 10147785
0b000301 0b00c901 10019 100 513060 2055589608 107060892 10055698
0b000001 0b00cf01 10037 100 184849 2084111006 78540942 10028178
0b000001 0b00c001 10045 100 112905 2097114197 65620018 10022146
0b000701 0b00cb01 10010 100 1592822 2020689710 142048505 10146222
0b000401 0b00c701 10024 100 421793 2083561734 79268325 10048043
0b000b01 0b00c101 10014 100 589745 2056068212 106788126 10062125
0b000101 0b00ce01 10015 100 953279 2038535362 124384498 10092605
0b000e01 0b00cd01 10033 100 29531 2092384623 70570974 10015157
0b000901 0b00cd01 10039 100 502401 2091760745 71316921 10054803
0b000f01 0b00c101 10036 100 77719 2099010063 64071244 10019197
0b000201 0b00c501 10017 100 916416 2043505828 119605363 10089514
0b000701 0b00c701 10020 100 622202 2056775240 106496362 10064848
0b000101 0b00cc01 10004 100 2439072 2004616690 158849660 10217175
0b000301 0b00cf01 10033 100 157622 2098931378 64536696 10025896
0b000801 0b00c901 10023 100 626820 2073544393 90009227 10065233
0b000801 0b00c701 10044 100 337121 2099563181 63999623 10040947
0b000601 0b00c601 10000 100 2301588 2001534911 162203545 10205646
0b000201 0b00c201 10037 100 39636 2093028651 71135127 10016004
0b000701 0b00c801 10022 100 497512 2070558716 93659278 10054393
0b000e01 0b00cc01 10016 100 666018 2045106452 119165814 10068522
0b000e01 0b00cd01 10021 100 434572 2065550877 98768281 10049116
0b000a01 0b00c701 10019 100 854456 2049724542 114681871 10084319
0b000501 0b00c401 10012 100 663232 2064647057 99827789 10068288
0b000e01 0b00c301 10001 100 1654931 2002172358 162375307 10151429
0b000b01 0b00c501 10025 100 599805 2075628641 89016673 10062968
0b000201 0b00c501 10025 100 148971 2082628783 82016980 10025169
0b000201 0b00cd01 10038 100 32282 2095873351 68787403 10015389
0b000601 0b00c301 10012 100 864468 2024299178 140436042 10085159
0b000f01 0b00cb01 10038 100 50043 2094428809 70375995 10016879
0b000201 0b00cf01 10031 100 341387 2079239348 85576214 10041304
0b000001 0b00c101 10001 100 1257822 2013330439 151498557 10118136
0b000801 0b00cb01 10031 100 300326 2077813901 87135538 10037861
0b000301 0b00ce01 10002 100 1872550 2004344051 160720302 10169676
0b000301 0b00ca01 10026 100 638605 2060012691 105115053 10066222
0b000c01 0b00ce01 10000 100 2561119 2001877991 163284666 10227407
0b000701 0b00cd01 10014 100 1124156 2036042503 129208087 10106932
0b000401 0b00c501 10022 100 682695 2068641661 96660780 10069918
0b000b01 0b00ca01 10037 100 159340 2091122062 74200693 10026041
0b000401 0b00cd01 10010 100 1315819 2014966182 150442722 10122998
0b000501 0b00c901 10029 100 391975 2087586958 77958850 10045543
0b000f01 0b00c601 10029 100 594685 2085940384 79641496 10062539
0b000101 0b00cf01 10014 100 1008836 2027765748 137859525 10097261
0b000c01 0b00cf01 10003 100 1516806 2009189091 156453239 10139849
0b000a01 0b00c001 10013 100 859928 2037717591 127936045 10084776
0b000901 0b00c701 10039 100 380954 2087429736 78529643 10044619
0b000301 0b00c601 10003 100 1535614 2012643509 153321670 10141427
0b000001 0b00ca01 10031 100 46005 2092207430 73857433 10016540
0b000801 0b00c901 10024 100 553571 2075903820 90360007 10059093
0b000101 0b00c801 10018 100 868377 2052707411 113684274 10085487
0b000401 0b00ce01 10026 100 557923 2069299011 97272878 10059456
0b000001 0b00cd01 10044 100 94939 2093996681 72677103 10020639
0b000601 0b00cc01 10016 100 813144 2038138819 128709785 10080857
0b000401 0b00ce01 10008 100 1090985 2024024282 142997891 10104148
0b000801 0b00ca01 10029 100 593186 2063823141 103218126 10062415
0b000401 0b00c401 10001 100 1040154 2014883814 152230844 10099889
0b000801 0b00c301 10036 100 23727 2098272628 69020155 10014670
0b000b01 0b00c101 10013 100 922021 2052649874 114646303 10089986
0b000f01 0b00ca01 10032 100 635557 2083476486 83885222 10065966
0b000001 0b00cd01 10035 100 359877 2081280034 86191909 10042852
0b000001 0b00ca01 10012 100 720355 2044454761 123125111 10073077
0b000901 0b00c601 10032 100 59612 2097606834 70018129 10017679
0b000d01 0b00c201 10041 100 62801 2094703357 72923441 10017946
0b000b01 0b00cc01 10010 100 1479474 2021854656 145810898 10136721
0b000201 0b00c901 10005 100 1389188 2014326108 153468225 10129152
0b000701 0b00cb01 10037 100 485190 2097817613 70206643 10053361
0b000801 0b00c701 10030 100 649697 2059143752 108924539 10067151
0b000301 0b00c601 10014 100 1096738 2036048241 132063412 10104631
0b000c01 0b00c901 10020 100 719275 2058734070 109558306 10072986
0b000601 0b00c501 10040 100 306371 2089234910 79124932 10038368
0b000a01 0b00c801 10006 100 1693033 2010805724 157778416 10154627
0b000201 0b00c201 10034 100 186696 2089710468 78884147 10028333
0b000001 0b00c501 10047 100 100661 2092874740 75870600 10021120
0b000201 0b00c801 10027 100 326280 2092615059 76219422 10040038
0b000c01 0b00c601 10023 100 601647 2063368188 105675414 10063123
0b000501 0b00cb01 10039 100 160513 2091235923 77841366 10026139
0b000201 0b00c901 10037 100 88716 2097790149 71469520 10020119
0b000a01 0b00c401 10019 100 686992 2059061064 110603201 10070277
0b000c01 0b00cc01 10039 100 490777 2077672839 92139492 10053827
0b000001 0b00cf01 10043 100 40170 2096123448 73715000 10016051
0b000801 0b00c101 10014 100 1285400 2027608696 142327658 10120450
0b000601 0b00cc01 10018 100 779560 2042736810 127230889 10078040
0b000201 0b00c401 10006 100 1226977 2025755846 144368458 10115549
0b000b01 0b00c701 10038 100 446256 2093074613 77152091 10050096
0b000f01 0b00c801 10028 100 556600 2080775843 89643188 10059346
0b000f01 0b00ce01 10008 100 1328583 2026458633 144034569 10124070
0b000d01 0b00cf01 10025 100 904484 2053616050 117132429 10088513
0b000901 0b00cf01 10018 100 1004147 2053057595 117815985 10096870
0b000501 0b00c601 10020 100 571834 2062085628 108811957 10060623
0b000701 0b00c101 10023 100 580722 2074084119 96818159 10061368
0b000d01 0b00c901 10020 100 872028 2041701633 129235315 10085794
0b000001 0b00c601 10051 100 155767 2098060826 72925351 10025740
0b000601 0b00c701 10002 100 1634868 2003669225 167371720 10149747
0b000601 0b00c501 10036 100 225215 2082687471 88474430 10031565
0b000a01 0b00cd01 10020 100 164279 2085273996 85975712 10026455
0b000f01 0b00c001 10004 100 1605961 2015801048 155545696 10147323
0b000601 0b00c701 10023 100 396312 2065297724 106067540 10045909
0b000e01 0b00c801 10029 100 266231 2073949048 97448096 10035003
0b000f01 0b00cb01 10026 100 933256 2051464865 120083466 10090927
0b000c01 0b00ce01 10030 100 233269 2083188892 88606421 10032240
0b000b01 0b00cb01 10019 100 805106 2064610199 107549456 10080183
0b000e01 0b00c001 10019 100 706854 2040843297 131324400 10071943
0b000101 0b00c201 10002 100 2121370 2006076476 166157546 10190538
0b000301 0b00c701 10026 100 657474 2077338017 94896752 10067804
0b000c01 0b00ca01 10006 100 1297271 2018746704 153551404 10121446
0b000001 0b00cd01 10008 100 1261362 2015794307 156547210 10118435
0b000b01 0b00cd01 10011 100 1174571 2039554952 132891624 10111157
0b000d01 0b00cb01 10011 100 1288959 2022084067 150389203 10120746
0b000e01 0b00c801 10036 100 386525 2087062330 85498466 10045088
0b000a01 0b00c501 10024 100 704947 2060881240 112051756 10071782
0b000501 0b00c301 10007 100 1125872 2022821877 150119747 10107073
0b000f01 0b00c201 10004 100 1841818 2008895984 164079695 10167098
0b000a01 0b00cc01 10004 100 1658726 2011441463 161656948 10151748
0b000801 0b00cc01 10002 100 1999005 2004222760 169018641 10180280
0b000a01 0b00cf01 10018 100 756647 2047258656 126065819 10076118
0b000201 0b00c301 10029 100 395314 2074553514 98854671 10045825
0b000001 0b00c001 10034 100 284427 2071060237 102534331 10036528
0b000d01 0b00cb01 10021 100 845549 2045383258 128219272 10083572
0b000301 0b00c001 10029 100 241660 2087161943 86570517 10032942
0b000401 0b00c301 10042 100 493364 2093051603 80726098 10054046
0b000b01 0b00cb01 10026 100 608827 2076432931 97378399 10063724
0b000601 0b00ca01 10029 100 174604 2090417898 83458793 10027320
0b000801 0b00ca01 10002 100 1807514 2008919480 164985201 10164223
0b000f01 0b00c001 10013 100 1326246 2041869224 132072161 10123875
0b000501 0b00c601 10001 100 1939436 2007323598 166619414 10175284
0b000801 0b00c201 10028 100 740686 2076718276 97589300 10074780
0b000d01 0b00ca01 10015 100 966871 2054382270 119926932 10093742
0b000701 0b00c601 10035 100 443737 2087257192 87118333 10049883
0b000401 0b00c401 10033 100 381365 2092144627 82264831 10044656
0b000f01 0b00c201 10030 100 1095415 2052616022 121855098 10104521
0b000f01 0b00ca01 10018 100 1362626 2037177606 137308867 10126924
0b000101 0b00c301 10008 100 1461427 2015732124 158815558 10135208
0b000301 0b00cb01 10036 100 697441 2065588277 108984404 10071155
0b000401 0b00cf01 10026 100 373460 2089220280 85654047 10043992
0b000e01 0b00c501 10024 100 387158 2068601432 106278232 10045142
0b000601 0b00c001 10024 100 581501 2062837605 112099056 10061434
0b000601 0b00c901 10001 100 2163271 2002068206 172871568 10194051
0b000e01 0b00c801 10035 100 129527 2086537018 88444521 10023541
0b000701 0b00cf01 10004 100 1746208 2011944634 163075955 10159085
0b000201 0b00c701 10036 100 184259 2098619783 76417094 10028131
0b000601 0b00c401 10011 100 984813 2024135513 150922881 10095247
0b000a01 0b00c901 10001 100 2515266 2002395603 172811938 10223562
0b000d01 0b00c501 10021 100 538330 2083607841 91666682 10057816
0b000d01 0b00ce01 10007 100 1721453 2014040667 161243754 10157008
0b000801 0b00c701 10014 100 1339477 2030375477 144957668 10124983
0b000e01 0b00ce01 10030 100 464843 2070899043 104602629 10051653
0b000701 0b00ce01 10027 100 702848 2078411173 97428498 10071607
0b000901 0b00c701 10029 100 986550 2059832371 116040051 10095394
0b000301 0b00c401 10019 100 763377 2063498795 112418222 10076683
0b000d01 0b00c601 10005 100 1680773 2011922783 164179609 10153596
0b000a01 0b00c201 10027 100 644356 2067479614 108744620 10066705
0b000201 0b00c001 10003 100 1527766 2014711826 161523112 10140768
0b000101 0b00c001 10023 100 771509 2070489085 105851441 10077365
0b000101 0b00c401 10020 100 780773 2062855443 113527427 10078140
0b000101 0b00c301 10028 100 670563 2075138266 101388271 10068901
0b000101 0b00cf01 10003 100 1725979 2010900306 165772686 10157386
0b000501 0b00c801 10008 100 1272231 2024024879 152657715 10119346
0b000d01 0b00ce01 10013 100 1189159 2037550947 139361619 10112382
0b000101 0b00cb01 10016 100 1089117 2040176112 136795202 10103994
0b000701 0b00ce01 10015 100 1156607 2046148987 130827688 10109651
0b000801 0b00c101 10028 100 781196 2055117220 122153155 10078178
0b000201 0b00cf01 10041 100 330368 2095722418 81644337 10040380
0b000701 0b00c701 10024 100 834569 2069348603 108107862 10082651
0b000201 0b00c201 10032 100 339682 2082150584 95816525 10041160
0b000d01 0b00c901 10012 100 1462256 2025788614 152248528 10135278
0b000001 0b00cb01 10010 100 865667 2030552313 147715757 10085258
0b000501 0b00c101 10026 100 600190 2077403460 101060662 10063003
0b000601 0b00c201 10013 100 840128 2042145572 136385506 10083119
0b000801 0b00ce01 10009 100 1195897 2027675789 151056700 10112944
0b000401 0b00c801 10023 100 566061 2075257029 103533474 10060142
0b000f01 0b00c001 10024 100 599867 2071260998 107681024 10062973
0b000d01 0b00c901 10002 100 1845469 2012886536 166076927 10167406
0b000d01 0b00c901 10035 100 144167 2091247785 87780583 10024770
0b000b01 0b00cc01 10013 100 1449418 2026817803 152302010 10134201
0b000d01 0b00cf01 10026 100 748747 2056407934 122771552 10075455
0b000701 0b00c301 10043 100 170766 2093684807 85665905 10026997
0b000e01 0b00c301 10041 100 98109 2096377292 83010250 10020908
0b000201 0b00cf01 10024 100 701063 2062604819 116790244 10071460
0b000d01 0b00cb01 10032 100 369723 2087262938 92253078 10043678
0b000201 0b00c201 10001 100 1705018 2010370315 169155715 10155632
0b000a01 0b00c901 10028 100 312615 2089396644 90552956 10038891
0b000c01 0b00cc01 10033 100 799182 2059874427 120194259 10079686
0b000c01 0b00c601 10030 100 347552 2083959768 96755344 10041820
0b000f01 0b00ca01 10020 100 1148471 2044510654 136221495 10108969
0b000501 0b00cd01 10030 100 473259 2075915279 105003911 10052360
0b000401 0b00c601 10013 100 945418 2032601194 148346988 10091946
0b000201 0b00c701 10027 100 387264 2076781667 104314531 10045151
0b000801 0b00c001 10029 100 548819 2092074231 89106911 10058693
0b000201 0b00cc01 10016 100 881800 2039106188 142139478 10086610
0b000301 0b00cf01 10007 100 1233625 2021363577 160181146 10116108
0b000401 0b00ca01 10025 100 668711 2068645870 112933801 10068745
0b000301 0b00ca01 10002 100 1943488 2005168738 176767007 10175624
0b000201 0b00cf01 10002 100 1864301 2009478096 172577197 10168985
0b000b01 0b00c801 10025 100 606898 2071151083 111279477 10063562
0b000f01 0b00cd01 10022 100 839405 2073061853 109382316 10083058
0b000a01 0b00cf01 10009 100 1305147 2019061343 163445770 10122106
0b000c01 0b00c401 10015 100 1126149 2033127871 149807841 10107099
0b000601 0b00c001 10018 100 942590 2046487978 136509625 10091708
0b000301 0b00cb01 10005 100 2072624 2004291113 178997738 10186450
0b000701 0b00c601 10006 100 1957410 2016170642 167225746 10176791
0b000601 0b00c201 10017 100 610894 2047366326 136053571 10063897
0b000601 0b00ca01 10008 100 1125749 2026861091 156613427 10107063
0b000f01 0b00c001 10023 100 915755 2068452267 115049390 10089457
0b000301 0b00cf01 10006 100 1491377 2020073598 163640021 10137719
0b000701 0b00c501 10012 100 815257 2058087741 125665962 10081034
0b000801 0b00c401 10031 100 610565 2087513551 96253489 10063871
0b000f01 0b00cb01 10037 100 371852 2092148744 91834500 10043856
0b000d01 0b00ce01 10008 100 1583244 2014780963 169375738 10145422
0b000a01 0b00c601 10016 100 1080010 2048681476 135707345 10103231
0b000d01 0b00c401 10023 100 483133 2075427890 109016503 10053189
0b000a01 0b00c201 10034 100 248713 2087267493 97344571 10033533
0b000f01 0b00c701 10030 100 566936 2097650804 87144887 10060212
0b000701 0b00ce01 10036 100 606076 2091302579 93800140 10063496
0b000901 0b00c701 10023 100 1168124 2049578788 135827961 10110618
0b000001 0b00c601 10033 100 605297 2068364648 117131134 10063430
0b000d01 0b00cc01 10028 100 432777 2098398648 87128193 10048964
0b000d01 0b00c501 10008 100 1086039 2032203013 153625375 10103737
0b000e01 0b00cc01 10023 100 689461 2061701880 124242075 10070486
0b000c01 0b00cb01 10036 100 559668 2084390899 101695541 10059603
0b000701 0b00ce01 10028 100 825226 2083573010 102641647 10081869
0b000401 0b00c101 10014 100 1055522 2037285647 149201541 10101176
0b000b01 0b00cb01 10015 100 1109446 2051798756 134784765 10105698
0b000d01 0b00c301 10032 100 255689 2096730948 89926611 10034118
0b000901 0b00c801 10023 100 1045463 2071803709 114862153 10100333
0b000f01 0b00c201 10054 100 586038 2097851379 89143787 10061817
0b000c01 0b00ca01 10008 100 1158812 2033312410 153783868 10109835
0b000c01 0b00c701 10025 100 426279 2084919907 102177586 10048422
0b000601 0b00cd01 10002 100 1179020 2012036259 175131838 10111532
0b000001 0b00c901 10025 100 803772 2047327407 140000391 10080069
0b000201 0b00c101 10008 100 1288275 2022408808 165130042 10120691
0b000e01 0b00cd01 10013 100 1000464 2036653155 150900820 10096560
0b000e01 0b00c601 10020 100 797552 2055470090 132130061 10079548
0b000601 0b00c201 10029 100 535856 2084146279 103471114 10057606
0b000401 0b00c801 10025 100 627107 2079072706 108592375 10065260
0b000a01 0b00cd01 10023 100 636511 2093475911 94196201 10066046
0b000701 0b00c001 10018 100 1053219 2041291187 146429397 10100984
0b000901 0b00ce01 10023 100 763655 2096439392 91297004 10076706
0b000001 0b00ce01 10039 100 488702 2081156507 106654627 10053653
0b000601 0b00ca01 10020 100 667036 2063623682 124337109 10068608
0b000f01 0b00cf01 10021 100 1097170 2060204140 127790851 10104669
0b000f01 0b00c001 10017 100 1064602 2050858258 137191635 10101937
0b000e01 0b00c701 10009 100 1150216 2025569599 162645273 10109117
0b000d01 0b00cb01 10028 100 848207 2071126162 117515272 10083796
0b000101 0b00c801 10019 100 1013656 2053824592 134952248 10097666
0b000701 0b00c801 10018 100 795732 2062728342 126048584 10079395
0b000901 0b00cc01 10026 100 622236 2099188336 89596055 10064851
0b000301 0b00c801 10034 100 519303 2077424419 111913762 10056221
0b000201 0b00c801 10015 100 788811 2054424623 134982140 10078814
0b000c01 0b00c401 10044 100 431939 2096863576 92645240 10048894
0b000201 0b00c301 10005 100 1479153 2020869457 168873815 10136695
0b000f01 0b00cb01 10022 100 1316943 2048212909 141727967 10123092
0b000f01 0b00c301 10029 100 634104 2093844740 96209267 10065846
0b000e01 0b00c101 10011 100 931355 2032055678 158131800 10090767
0b000101 0b00cf01 10005 100 1646261 2013528116 176676694 10150705
0b000001 0b00c501 10027 100 748331 2058197859 132027615 10075422
0b000501 0b00c701 10007 100 1424374 2015984872 174369553 10132101
0b000e01 0b00cb01 10015 100 856269 2044612247 145840387 10084472
0b000901 0b00cb01 10005 100 1710931 2024187823 166385299 10156124
0b000c01 0b00c501 10046 100 503927 2097170691 93619482 10054929
0b000a01 0b00c601 10013 100 941634 2044602563 146295844 10091628
0b000d01 0b00c201 10023 100 679162 2064435372 126530654 10069624
0b000901 0b00ca01 10015 100 1537261 2026469811 164639615 10141566
0b000601 0b00c001 10001 100 1393716 2008896349 182305812 10129530
0b000e01 0b00c801 10007 100 1383880 2011313026 179981565 10128704
0b000b01 0b00c001 10015 100 1359494 2038014985 153293271 10126661
0b000901 0b00c401 10017 100 977338 2057092840 134307482 10094622
0b000b01 0b00c801 10017 100 1090784 2053260278 138176474 10104132
0b000f01 0b00cb01 10012 100 1825696 2027871643 163587118 10165747
0b000d01 0b00ce01 10006 100 1642564 2013764002 177714459 10150394
0b000001 0b00ce01 10044 100 375804 2087886569 103868055 10044188
0b000001 0b00c801 10026 100 887955 2052210016 139646935 10087126
0b000401 0b00c201 10039 100 421773 2095538981 96412494 10048042
0b000c01 0b00ca01 10020 100 569465 2074030984 118146555 10060426
0b000c01 0b00c201 10014 100 813350 2044588465 147638094 10080873
0b000c01 0b00c901 10031 100 684521 2081558364 110671290 10070072
0b000301 0b00c101 10033 100 684385 2079033621 113238737 10070061
0b000a01 0b00c301 10027 100 773428 2090783904 101507113 10077526
0b000a01 0b00c701 10047 100 610139 2092562052 99826491 10063837
0b000a01 0b00c801 10031 100 883776 2071057485 121367292 10086776
0b000b01 0b00c801 10012 100 1375936 2037630741 154914662 10128038
0b000c01 0b00c901 10035 100 711448 2086066129 106494750 10072329
0b000a01 0b00cd01 10021 100 558376 2086570290 105999906 10059496
0b000c01 0b00c401 10026 100 936862 2049558762 143044713 10091227
0b000301 0b00c601 10021 100 649909 2065404344 127282454 10067168
0b000701 0b00c001 10035 100 537039 2098851250 93860413 10057709
0b000d01 0b00c201 10044 100 503021 2097089159 95663248 10054857
0b000401 0b00c501 10016 100 946359 2055660548 137137286 10092025
0b000201 0b00c101 10026 100 597806 2081549971 111352685 10062800
0b000b01 0b00cf01 10007 100 1690856 2023522793 169490936 10154441
0b000601 0b00c001 10030 100 352185 2091109308 101979673 10042210
0b000201 0b00ca01 10010 100 1364364 2027032634 166231472 10127070
0b000f01 0b00c501 10021 100 933593 2078770102 114562003 10090954
0b000f01 0b00c101 10013 100 1407439 2029448676 163981711 10130681
0b000201 0b00c701 10028 100 506823 2079508507 114088726 10055172
0b000c01 0b00c501 10048 100 439563 2098314505 95335667 10049534
0b000201 0b00cb01 10024 100 794781 2080548792 113217131 10079315
0b000b01 0b00c701 10020 100 856460 2051267753 142501819 10084487
0b000401 0b00ce01 10003 100 1537738 2014527837 179309880 10141604
0b000a01 0b00c501 10029 100 893715 2068135397 125717446 10087610
0b000501 0b00c001 10028 100 1010681 2055786343 138109516 10097416
0b000901 0b00ca01 10005 100 2267997 2012640891 181309382 10202828
0b000e01 0b00c701 10003 100 1564150 2005034129 188980297 10143821
0b000601 0b00c401 10003 100 1849415 2004573381 189688651 10167737
0b000601 0b00cd01 10009 100 1220115 2025153822 169144411 10114977
0b000a01 0b00ca01 10005 100 1659172 2020816402 174080653 10151788
0b000301 0b00cb01 10001 100 3670953 2001584725 193540679 10320452
0b000901 0b00c001 10007 100 1681353 2023707862 171710790 10153647
0b000401 0b00cd01 10012 100 1180587 2028643263 166926089 10111662
0b000201 0b00c101 10013 100 1282245 2029766079 165937021 10120186
0b000f01 0b00c701 10023 100 750634 2083391257 112577197 10075614
0b000a01 0b00cf01 10038 100 735272 2077621709 118458327 10074328
0b000101 0b00c901 10002 100 1914548 2010280949 185831954 10173197
0b000b01 0b00c701 10011 100 1554246 2029488064 166662486 10142990
0b000801 0b00ca01 10031 100 615097 2091520381 104695693 10064253
0b000301 0b00c701 10029 100 361667 2093585530 102641456 10043003
0b000e01 0b00c501 10015 100 728182 2043822762 152674655 10073733
0b000701 0b00c201 10032 100 852038 2084481477 112114173 10084118
0b000101 0b00cc01 10014 100 1480023 2020761654 175872075 10136768
0b000b01 0b00cc01 10024 100 1138915 2056251473 140478627 10108166
0b000001 0b00ca01 10029 100 318510 2088283334 108505938 10039385
0b000301 0b00c401 10015 100 873699 2054620726 142219688 10085932
0b000301 0b00ca01 10019 100 1172622 2042937545 153987584 10110994
0b000a01 0b00c501 10017 100 1095063 2050064063 146934839 10104493
0b000801 0b00c501 10033 100 577392 2088602164 108974122 10061090
0b000701 0b00ce01 10019 100 858226 2053965492 143696286 10084636
0b000101 0b00ca01 10030 100 720651 2097424936 100330635 10073100
0b000301 0b00c001 10034 100 655396 2092789849 104978222 10067630
0b000c01 0b00cd01 10031 100 708352 2080615357 117255358 10072070
0b000801 0b00cb01 10014 100 1203969 2046852153 151096242 10113620
0b000301 0b00ca01 10029 100 872180 2070359102 127662086 10085806
0b000801 0b00c801 10016 100 1210443 2033209607 164907074 10114165
0b000f01 0b00c301 10028 100 681845 2089926343 108220805 10069846
0b000501 0b00c701 10018 100 1478182 2037310457 160849998 10136613
0b000f01 0b00c201 10033 100 1621948 2053889363 144289938 10148664
0b000a01 0b00c601 10007 100 1301012 2023792649 174527226 10121760
0b000b01 0b00cb01 10010 100 1491569 2027831876 170571660 10137734
0b000801 0b00cf01 10020 100 850169 2072923163 125717471 10083961
0b000b01 0b00c201 10031 100 696181 2084139277 114772081 10071050
0b000901 0b00cc01 10024 100 1001182 2082864724 116092384 10096622
0b000401 0b00c501 10014 100 993544 2053333847 145780465 10095980
0b000201 0b00c501 10024 100 764116 2070216237 128914166 10076746
0b000d01 0b00c801 10011 100 1399560 2023126812 176044984 10130020
0b000701 0b00c301 10042 100 705566 2092060238 107113651 10071836
0b000b01 0b00ce01 10005 100 1654530 2024044246 175188141 10151397
0b000701 0b00ce01 10033 100 626110 2087398517 112145007 10065176
0b000d01 0b00c201 10035 100 512186 2082362042 117371289 10055624
0b000e01 0b00c201 10023 100 781457 2047492484 152243760 10078199
0b000901 0b00cd01 10040 100 763683 2092936916 106887529 10076708
0b000101 0b00c601 10011 100 1356711 2027936165 172003911 10126427
0b000801 0b00cc01 10017 100 995034 2044270238 155675339 10096107
0b000d01 0b00c601 10034 100 496641 2084159960 115818049 10054319
0b000e01 0b00cc01 10010 100 1166948 2024461974 175608232 10110517
0b000501 0b00c201 10025 100 786469 2095465268 104614730 10078619
0b000201 0b00c501 10022 100 922374 2064202096 135884686 10090014
0b000201 0b00cf01 10013 100 1194731 2034661112 165548744 10112847
0b000c01 0b00c701 10020 100 615208 2063008835 137228936 10064262
0b000a01 0b00cc01 10019 100 815588 2053411425 146984955 10081060
0b000c01 0b00cd01 10022 100 870546 2049388486 151457626 10085668
0b000b01 0b00c801 10011 100 1439752 2036350559 164573006 10133389
0b000101 0b00ce01 10010 100 1346783 2026411588 174536667 10125595
0b000701 0b00c701 10013 100 1785487 2035363691 165740157 10162377
0b000301 0b00cd01 10026 100 713345 2076243965 124906705 10072489
0b000201 0b00cc01 10026 100 882456 2070162193 131328777 10086667
0b000d01 0b00cf01 10022 100 1390983 2044908165 156696781 10129300
0b000801 0b00cd01 10029 100 624131 2081140596 120484497 10065010
0b000d01 0b00c901 10030 100 962028 2063833191 137827538 10093340
0b000f01 0b00cf01 10033 100 795384 2089539634 112272076 10079367
0b000a01 0b00c701 10041 100 756344 2080761426 121169708 10076094
0b000101 0b00ce01 10031 100 796997 2095211932 106914625 10079500
0b000f01 0b00cf01 10004 100 1868001 2023776879 178450488 10169297
0b000501 0b00cd01 10032 100 759096 2079879035 122504881 10076326
0b000d01 0b00cf01 10047 100 678463 2097017349 105520763 10069564
0b000901 0b00cb01 10034 100 762059 2091301350 111343870 10076574
0b000101 0b00ca01 10007 100 1262790 2021202640 181453894 10118553
0b000f01 0b00cc01 10017 100 1570379 2039087455 163582770 10144342
0b000101 0b00c401 10023 100 974332 2073198764 129557129 10094370
0b000101 0b00c101 10029 100 732963 2070618195 132196370 10074131
0b000c01 0b00cb01 10000 100 2769420 2003713718 199244208 10244870
0b000201 0b00c601 10035 100 890718 2068719295 134425135 10087358
0b000301 0b00c101 10042 100 588278 2092925821 110665958 10062004
0b000a01 0b00cd01 10004 100 1622656 2023849873 179890799 10148724
0b000c01 0b00ca01 10010 100 1152387 2041408000 162354961 10109298
0b000001 0b00cf01 10039 100 325875 2086395556 117367490 10040001
0b000701 0b00c301 10025 100 1185229 2059200695 144651092 10112052
0b000d01 0b00c201 10005 100 1839266 2020127023 183822482 10166886
0b000c01 0b00c301 10029 100 512312 2086635719 117457739 10055634
0b000701 0b00cd01 10020 100 1213190 2058542672 145578542 10114396
0b000f01 0b00ca01 10027 100 779157 2072122411 132041610 10078007
0b000001 0b00cd01 10007 100 1491984 2013163673 191068339 10137768
0b000801 0b00c301 10000 100 2438937 2005364372 198987625 10217160
0b000501 0b00cc01 10027 100 941196 2051691797 152835228 10091592
0b000a01 0b00c401 10027 100 812107 2082588719 122004337 10080770
0b000d01 0b00c801 10019 100 1011428 2047330660 157269344 10097480
0b000701 0b00c401 10031 100 716997 2079121282 125508115 10072793
0b000601 0b00c301 10017 100 1191159 2034949060 169771135 10112550
0b000e01 0b00c601 10037 100 423095 2098202606 106551766 10048155
0b000301 0b00c601 10018 100 1112136 2057970903 146933651 10105924
0b000801 0b00c201 10009 100 1574895 2028901172 176159783 10144719
0b000a01 0b00c901 10013 100 1596678 2031593233 173704903 10146546
0b000101 0b00c901 10026 100 939262 2076959219 128389644 10091430
0b000401 0b00cd01 10017 100 875733 2057079918 148357447 10086102
0b000501 0b00cc01 10041 100 855006 2098410284 107039906 10084367
0b000801 0b00c701 10039 100 616553 2080787155 124757279 10064373
0b000d01 0b00cc01 10027 100 648168 2095795991 109865518 10067025
0b000101 0b00cc01 10034 100 1019362 2069864912 135916954 10098145
0b000201 0b00cf01 10022 100 1105537 2046515997 159338689 10105370
0b000501 0b00cc01 10015 100 1554094 2025885796 180021834 10142978
0b000901 0b00cb01 10032 100 996031 2090059239 115966425 10096190
0b000d01 0b00c601 10021 100 955184 2066288999 139887195 10092765
0b000201 0b00c201 10028 100 875655 2069170136 137042706 10086096
0b000801 0b00ca01 10021 100 1298655 2046211838 160097045 10121560
0b000501 0b00cc01 10006 100 1832687 2017778428 188830830 10166333
0b000101 0b00c701 10015 100 758761 2061215052 145581903 10076295
0b000701 0b00c101 10009 100 1943121 2035056888 171830981 10175594
0b000001 0b00c701 10011 100 1450903 2020748500 186222716 10134324
0b000d01 0b00c801 10030 100 739308 2082854923 124119582 10074666
0b000f01 0b00cd01 10012 100 1455034 2047882404 159127774 10134673
0b000701 0b00ca01 10018 100 1376914 2049999506 157180054 10128120
0b000001 0b00c801 10024 100 777875 2048338693 158897086 10077897
0b000f01 0b00c001 10015 100 1273118 2047754480 159602591 10119421
0b000f01 0b00c301 10018 100 1315790 2056282846 151091353 10122996
0b000501 0b00c501 10012 100 1338430 2041982990 165579373 10124896
0b000001 0b00c601 10013 100 1078990 2027456282 180128683 10103142
0b000501 0b00ce01 10010 100 1501161 2030196897 177671074 10138540
0b000801 0b00c101 10009 100 1860515 2015992633 192152221 10168667
0b000a01 0b00c201 10026 100 691000 2065484934 142700527 10070613
0b000e01 0b00c401 10016 100 862707 2045764510 162460296 10085010
0b000101 0b00c301 10027 100 967100 2074689049 133629623 10093765
0b000401 0b00cd01 10020 100 849621 2069315587 139066154 10083913
0b000f01 0b00cd01 10010 100 1486788 2041663004 166880877 10137333
0b000e01 0b00c001 10003 100 1328291 2007010511 201549207 10124046
0b000f01 0b00c001 10020 100 1345567 2057161155 151431799 10125494
0b000301 0b00ca01 10039 100 745869 2096481466 112121830 10075214
0b000d01 0b00cb01 10034 100 663106 2093826863 114798075 10068278
0b000301 0b00c301 10009 100 1725044 2018730188 189928691 10157311
0b000301 0b00c401 10007 100 1665818 2025685221 183066448 10152342
0b000b01 0b00c901 10022 100 1267083 2055448086 153532289 10118915
0b000801 0b00c801 10039 100 697924 2097128274 111856424 10071194
0b000201 0b00cc01 10015 100 1350736 2038655714 170657645 10125926
0b000301 0b00c401 10028 100 930409 2082408871 126921143 10090687
0b000501 0b00c801 10026 100 785429 2096522339 112818287 10078532
0b000a01 0b00c801 10013 100 1850974 2021307333 188067478 10167865
0b000301 0b00c501 10012 100 1481596 2028620039 180797491 10136898
0b000c01 0b00c301 10009 100 1271379 2044216768 165251002 10119274
0b000b01 0b00cc01 10035 100 904774 2091118252 118478128 10088537
0b000e01 0b00c301 10031 100 527510 2073092380 136506246 10056908
0b000c01 0b00cd01 10026 100 717975 2064002702 145721417 10072875
0b000d01 0b00cb01 10007 100 2017741 2016930013 192820796 10181848
0b000f01 0b00cc01 10035 100 774052 2087210644 122612824 10077580
0b000e01 0b00cd01 10034 100 596391 2093846742 116466081 10062683
0b000d01 0b00ce01 10015 100 902562 2049437006 160881107 10088352
0b000d01 0b00c601 10029 100 845792 2077550863 132790613 10083592
0b000b01 0b00c201 10000 100 2294972 2010679459 199700964 10205090
0b000e01 0b00c201 10034 100 816511 2069544125 140923114 10081138
0b000601 0b00ca01 10002 100 1725173 2004609182 206174296 10157321
0b000c01 0b00c801 10019 100 1194484 2049961197 161159602 10112827
0b000501 0b00ca01 10032 100 533222 2097344553 113821751 10057388
0b000501 0b00c401 10022 100 929524 2081361777 129840199 10090613
0b000801 0b00c101 10013 100 1391347 2024112562 187102376 10129333
0b000d01 0b00c101 10021 100 821676 2080384099 130836667 10081570
0b000701 0b00cb01 10003 100 2388166 2002738670 209338661 10212907
0b000d01 0b00cc01 10014 100 1151095 2060235045 151849695 10109191
0b000a01 0b00c501 10030 100 794585 2072085042 140039932 10079299
0b000401 0b00c501 10037 100 736824 2095192482 116978835 10074456
0b000101 0b00cd01 10035 100 923897 2093164620 119116451 10090139
0b000101 0b00c301 10001 100 3158767 2005170162 207118591 10277511
0b000901 0b00c901 10036 100 975401 2098556604 113933126 10094459
0b000501 0b00c901 10034 100 818701 2097664035 114843433 10081321
0b000801 0b00cd01 10020 100 1278405 2053802500 158722004 10119863
0b000a01 0b00cc01 10031 100 824930 2095151796 117377503 10081842
0b000601 0b00c901 10016 100 1126322 2051716546 160846146 10107113
0b000f01 0b00ca01 10024 100 1083387 2064032287 148571245 10103513
0b000901 0b00cf01 10013 100 1677861 2034758030 177868417 10153352
0b000c01 0b00cd01 10027 100 795387 2065565729 147064123 10079367
0b000701 0b00ce01 10025 100 932128 2068137300 144670488 10090832
0b000d01 0b00ca01 10032 100 731613 2089352687 123488163 10074019
0b000401 0b00c601 10040 100 611041 2099324784 113602084 10063913
0b000f01 0b00c301 10026 100 903737 2087173715 125783655 10088450
0b000a01 0b00cd01 10002 100 2088708 2010021393 203088644 10187798
0b000801 0b00cf01 10024 100 903119 2087424664 126176191 10088400
0b000d01 0b00c401 10012 100 1369193 2042126822 171795080 10127476
0b000901 0b00c201 10022 100 1266298 2065809242 148142923 10118849
0b000601 0b00cd01 10017 100 1237562 2040259194 173937077 10116438
0b000301 0b00cb01 10019 100 1556911 2029339778 185013416 10143211
0b000101 0b00c901 10013 100 1424151 2036762304 177602331 10132084
0b000501 0b00c401 10020 100 686033 2078716288 135895049 10070200
0b000401 0b00c401 10011 100 1282712 2052900415 161765674 10120223
0b000001 0b00c101 10006 100 1119838 2024840763 190000584 10106567
0b000c01 0b00c301 10021 100 895449 2063538267 151395868 10087756
0b000901 0b00c701 10017 100 1638126 2037262498 177692065 10150023
0b000101 0b00cd01 10015 100 1400805 2040931046 174053079 10130124
0b000d01 0b00c701 10029 100 963616 2085119735 129963639 10093471
0b000701 0b00c601 10039 100 750719 2096181416 118910313 10075621
0b000501 0b00cf01 10011 100 1231137 2034196284 180914880 10115901
0b000f01 0b00c001 10008 100 1984926 2024727001 190421335 10179096
0b000c01 0b00ca01 10011 100 1337116 2043091162 172081877 10124787
0b000101 0b00cd01 10032 100 981853 2084256831 130979243 10094999
0b000a01 0b00c401 10020 100 770294 2068428062 146853355 10077264
0b000801 0b00c801 10010 100 1919735 2015957385 199445454 10173631
0b000a01 0b00ce01 10012 100 1175586 2037164701 178325027 10111242
0b000201 0b00c301 10027 100 732957 2067904894 147926943 10074131
0b000001 0b00ce01 10013 100 1305264 2032995908 182860214 10122116
0b000101 0b00cd01 10034 100 908132 2092994006 122966234 10088821
0b000f01 0b00c401 10024 100 1062914 2080227870 135769694 10101795
0b000501 0b00cb01 10027 100 953771 2068862009 147367154 10092645
0b000c01 0b00c501 10025 100 927373 2048448379 168157163 10090433
0b000101 0b00cc01 10023 100 1483395 2037898658 178741517 10137050
0b000101 0b00cf01 10022 100 2122032 2052777068 163990058 10190594
0b000e01 0b00c101 10042 100 594684 2099037374 117878350 10062539
0b000f01 0b00c401 10013 100 1357137 2041245031 175830212 10126465
0b000f01 0b00c101 10028 100 1068898 2076976197 140133173 10102296
0b000801 0b00c601 10026 100 1001752 2081836154 135301131 10096667
0b000201 0b00ce01 10012 100 1667239 2025102399 192067742 10152464
0b000d01 0b00c901 10000 100 2932429 2004461442 213015733 10258537
0b000e01 0b00c001 10035 100 671259 2087461369 130085259 10068961
0b000e01 0b00c001 10011 100 1262424 2021869827 195777861 10118523
0b000301 0b00c501 10032 100 662867 2078831790 138964914 10068255
0b000601 0b00cd01 10026 100 754199 2057042780 161465391 10075915
0b000d01 0b00cc01 10009 100 1530169 2042780295 175811518 10140972
0b000a01 0b00c501 10037 100 847833 2092102393 126559077 10083762
0b000101 0b00cb01 10032 100 689403 2083972418 134752942 10070481
0b000d01 0b00ce01 10016 100 1370974 2053074963 165661083 10127622
0b000e01 0b00cc01 10027 100 817655 2069723752 149015189 10081233
0b000501 0b00c701 10023 100 1094945 2048735193 170115851 10104480
0b000101 0b00c701 10008 100 1422146 2043041781 175862149 10131916
0b000e01 0b00ca01 10019 100 1097279 2026961220 192004195 10104678
0b000a01 0b00c401 10000 100 2607787 2004423125 214867843 10231317
0b000601 0b00c301 10020 100 1162344 2039861682 179807594 10110133
0b000001 0b00c401 10018 100 1076499 2055967718 163702323 10102935
0b000101 0b00cb01 10011 100 1425286 2023982431 195885421 10132178
0b000001 0b00c701 10039 100 769050 2079117160 140931568 10077160
0b000a01 0b00c401 10007 100 1676708 2025848133 194348361 10153256
0b000e01 0b00c401 10014 100 1132896 2041695054 178541673 10107662
0b000901 0b00c301 10028 100 1110375 2082400348 137847285 10105776
0b000701 0b00c801 10011 100 1644182 2039548610 180720848 10150531
0b000101 0b00c801 10021 100 1246741 2058192607 162098048 10117207
0b000701 0b00c901 10027 100 765770 2090363579 130176522 10076883
0b000d01 0b00c201 10025 100 1194165 2068118376 152697897 10112802
0b000901 0b00ca01 10026 100 1260398 2067474075 153516381 10118354
0b000501 0b00c001 10037 100 957600 2092207365 128875731 10092966
0b000001 0b00ca01 10026 100 653898 2082718403 138499067 10067503
0b000f01 0b00cd01 10032 100 718044 2096861887 124449640 10072884
0b000001 0b00ce01 10045 100 601652 2089101449 132261879 10063123
0b000601 0b00c901 10020 100 909679 2064885411 156839852 10088948
0b000301 0b00c301 10026 100 756952 2065086024 156672230 10076143
0b000001 0b00cf01 10035 100 730073 2081979116 139820309 10073892
0b000b01 0b00c201 10036 100 929254 2091427425 130449842 10090591
0b000c01 0b00c801 10033 100 799217 2098289589 123592378 10079689
0b000001 0b00c601 10046 100 585450 2095388368 126500760 10061766
0b000101 0b00c401 10005 100 1821327 2015777871 206143845 10165382
0b000e01 0b00c301 10039 100 554681 2092259517 129908039 10059185
0b000b01 0b00cc01 10030 100 1091775 2073225766 148997723 10104215
0b000e01 0b00cd01 10005 100 1327997 2013921627 208343205 10124019
0b000e01 0b00cf01 10028 100 628525 2096828761 125448141 10065377
0b000501 0b00ca01 10030 100 1660589 2096438608 125842398 10151905
0b000f01 0b00c801 10015 100 1800569 2039106778 183327539 10163641
0b000001 0b00ca01 10018 100 707684 2058467770 163974688 10072013
0b000101 0b00c501 10009 100 1821449 2018501765 203964543 10165392
0b000b01 0b00cc01 10036 100 959914 2097862549 124637131 10093159
0b000f01 0b00cf01 10014 100 1837422 2043062139 179512031 10166731
0b000f01 0b00c201 10047 100 844815 2083868228 138843717 10083510
0b000201 0b00c201 10003 100 1949280 2012149200 210661935 10176110
0b000b01 0b00ce01 10026 100 901452 2097323256 125508374 10088259
0b000c01 0b00c801 10027 100 1090619 2067183272 155718190 10104118
0b000701 0b00ca01 10024 100 1368576 2059686887 163362491 10127423
0b000c01 0b00cf01 10008 100 1532525 2014171280 208939726 10141168
0b000e01 0b00c201 10033 100 972118 2068078283 155241234 10094185
0b000601 0b00c501 10034 100 762859 2080368656 143029234 10076638
0b000a01 0b00ca01 10017 100 1074110 2051482910 172017358 10102736
0b000b01 0b00c701 10037 100 996268 2088507192 135063401 10096209
0b000101 0b00c101 10025 100 1678304 2062854494 160776033 10153391
0b000c01 0b00c701 10013 100 1427865 2043388064 180383246 10132392
0b000901 0b00cd01 10023 100 1657886 2059999524 164122586 10151677
0b000d01 0b00cf01 10012 100 1854954 2029720495 194440882 10168199
0b000001 0b00cd01 10014 100 1563027 2023152665 201062622 10143727
0b000301 0b00cb01 10039 100 899510 2073187524 151221533 10088096
0b000401 0b00c101 10028 100 1104078 2069677758 154980851 10105249
0b000e01 0b00c301 10013 100 1257753 2026684783 198140664 10118130
0b000401 0b00c501 10039 100 526330 2099483098 125359412 10056810
0b000501 0b00c501 10017 100 1257054 2046478234 178563042 10118075
0b000c01 0b00cb01 10026 100 1000646 2069430253 155780164 10096575
0b000801 0b00c001 10015 100 1314664 2063635282 161633514 10122902
0b000401 0b00c701 10019 100 1213414 2060253872 165034064 10114414
0b000101 0b00cd01 10033 100 1063096 2086564638 138838631 10101813
0b000901 0b00c401 10028 100 1087675 2094113459 131295733 10103871
0b000401 0b00c301 10023 100 1321651 2040309973 185205304 10123488
0b000501 0b00ca01 10019 100 1259125 2048918768 176818521 10118248
0b000401 0b00c001 10011 100 1407782 2047916444 177886039 10130709
0b000901 0b00c701 10032 100 947740 2067366862 158465803 10092139
0b000501 0b00cb01 10000 100 4501038 2001473482 224520756 10390050
0b000401 0b00c801 10035 100 716263 2088875884 137131835 10072734
0b000f01 0b00c101 10000 100 2806430 2006476294 219553843 10247973
0b000f01 0b00c601 10016 100 1548560 2053621774 172480117 10142512
0b000901 0b00c101 10023 100 1131250 2096166897 129993767 10107526
0b000f01 0b00ce01 10021 100 1453790 2059509332 166728757 10134566
0b000b01 0b00c901 10031 100 1110200 2078121383 148290825 10105762
0b000101 0b00cd01 10019 100 1462776 2044550114 182114720 10135320
0b000401 0b00c101 10001 100 1991048 2004292716 222444939 10179613
0b000b01 0b00cf01 10021 100 1311689 2076200925 150867457 10122653
0b000501 0b00c901 10010 100 1827889 2020992335 206167317 10165930
0b000201 0b00cd01 10009 100 2082588 2012299925 214884195 10187285
0b000701 0b00ca01 10001 100 3199313 2002902638 224298360 10280913
0b000301 0b00c401 10030 100 840611 2093079180 134326581 10083158
0b000e01 0b00ca01 10026 100 1094492 2038433284 189198495 10104444
0b000001 0b00c601 10038 100 656669 2077942213 149956895 10067736
0b000201 0b00c901 10023 100 944934 2057552365 170508236 10091903
0b000f01 0b00c201 10008 100 3904197 2021162417 207036933 10340010
0b000801 0b00c201 10026 100 1211991 2074705380 153538776 10114293
0b000501 0b00cf01 10032 100 2294290 2090677261 138036468 10205036
0b000e01 0b00c001 10025 100 721095 2058093340 170642818 10073140
0b000201 0b00c301 10033 100 990375 2083308558 145465542 10095715
0b000801 0b00c501 10017 100 1583558 2046699718 182279548 10145447
0b000e01 0b00c801 10004 100 1779029 2006537300 222500074 10161837
0b000701 0b00c901 10015 100 1659150 2046318832 182863109 10151786
0b000b01 0b00c901 10027 100 1347183 2069583220 159604801 10125630
0b000401 0b00c101 10006 100 1568572 2022754330 206473009 10144190
0b000b01 0b00c501 10007 100 1796554 2026352498 203092036 10163304
0b000001 0b00ce01 10042 100 653658 2084127435 145341880 10067484
0b000801 0b00c801 10017 100 1750319 2036111581 193563474 10159429
0b000801 0b00c501 10031 100 1071693 2083673655 146018394 10102531
0b000c01 0b00cc01 10008 100 2237828 2016291294 213517496 10200300
0b000701 0b00ca01 10032 100 917812 2092365948 137467349 10089630
0b000101 0b00c001 10008 100 1770631 2024199818 205898377 10161131
0b000401 0b00c101 10033 100 748760 2076205449 153923703 10075456
0b000b01 0b00c301 10008 100 1704528 2040463366 189674907 10155589
0b000401 0b00c001 10014 100 1148895 2065321756 164980021 10109003
0b000901 0b00c401 10009 100 2058260 2022587715 207729579 10185247
0b000101 0b00c101 10004 100 1720859 2011490608 218848500 10156957
0b000b01 0b00cf01 10006 100 2050816 2022999142 207514256 10184621
0b000c01 0b00c401 10032 100 1207543 2066239107 164410432 10113922
0b000a01 0b00cc01 10022 100 1351777 2060963774 169711360 10126013
0b000f01 0b00ca01 10025 100 1040665 2064872884 165968451 10099930
0b000701 0b00ca01 10031 100 1148290 2089124608 141755109 10108955
0b000001 0b00cf01 10001 100 2271487 2002282459 228763933 10203123
0b000b01 0b00c301 10023 100 1184509 2093794759 137297002 10111991
0b000c01 0b00c301 10030 100 989159 2087360322 143759407 10095614
0b000c01 0b00c001 10028 100 927532 2093294404 137925522 10090446
0b000a01 0b00c201 10012 100 2054201 2023331322 208210597 10184907
0b000701 0b00c501 10015 100 1072437 2062309332 169353965 10102595
0b000b01 0b00c501 10006 100 1923175 2020912344 210910543 10173922
0b000e01 0b00cf01 10024 100 1008900 2087451762 144424584 10097266
0b000c01 0b00c001 10011 100 1403149 2052071686 179902082 10130323
0b000301 0b00c101 10043 100 877196 2096260748 135787144 10086227
0b000701 0b00c101 10017 100 1436965 2060101581 172203705 10133155
0b000901 0b00c501 10023 100 1917098 2051896430 180708511 10173412
0b000b01 0b00c601 10036 100 1077423 2098096450 134644049 10103013
0b000c01 0b00c101 10021 100 755850 2094446592 138640201 10076051
0b000601 0b00c501 10011 100 1380676 2030150196 203042521 10128437
0b000d01 0b00c701 10014 100 1337478 2033328802 199917850 10124816
0b000501 0b00c501 10013 100 1658744 2042327853 190991708 10151750
0b000901 0b00c901 10010 100 2432993 2015862233 217861591 10216662
0b000601 0b00c901 10021 100 1026245 2065389700 168335968 10098723
0b000101 0b00cb01 10008 100 1956274 2015787093 217954830 10176696
0b000001 0b00ca01 10015 100 1224980 2050582989 183248574 10115382
0b000501 0b00c401 10027 100 996292 2089894461 144020695 10096211
0b000b01 0b00c401 10009 100 3048386 2019316244 214631584 10268259
0b000201 0b00cb01 10010 100 1622931 2028010384 206050287 10148746
0b000d01 0b00ca01 10014 100 3131349 2053789416 180671171 10275214
0b000601 0b00c501 10014 100 1090481 2036657141 198020120 10104107
0b000701 0b00c901 10025 100 793998 2089042575 145639720 10079248
0b000001 0b00ca01 10028 100 523970 2086392428 148321369 10056609
0b000501 0b00c001 10020 100 1730936 2031660625 203055992 10157801
0b000301 0b00c401 10013 100 1086362 2052095829 182739319 10103763
0b000901 0b00cf01 10033 100 946398 2088751971 146154489 10092028
0b000f01 0b00c901 10029 100 1246079 2080361032 154679066 10117154
0b000e01 0b00ca01 10041 100 1065133 2084559800 150555926 10101984
0b000601 0b00cc01 10041 100 1000948 2088697813 146578469 10096599
0b000701 0b00c201 10035 100 1111850 2088522556 146824421 10105898
0b000c01 0b00c801 10008 100 1690619 2022049148 213395375 10154422
0b000e01 0b00c701 10016 100 1051596 2049087076 186399181 10100847
0b000f01 0b00c801 10019 100 1204461 2058005855 177498883 10113664
0b000401 0b00cb01 10007 100 1632397 2025189144 210713201 10149542
0b000501 0b00c201 10017 100 1381090 2056653729 179276514 10128474
0b000201 0b00cc01 10032 100 823622 2088105833 147828006 10081733
0b000c01 0b00c501 10011 100 1767867 2024318207 211623848 10160898
0b000401 0b00cd01 10029 100 748805 2096630703 139369003 10075460
0b000601 0b00c001 10004 100 1679102 2019573523 216514557 10153459
0b000201 0b00c701 10022 100 1078755 2054313200 181870737 10103123
0b000101 0b00cb01 10033 100 1373538 2086546315 149733638 10127839
0b000701 0b00ca01 10012 100 1804143 2036077574 200510465 10163942
0b000b01 0b00c001 10029 100 1318678 2075923681 160701837 10123239
0b000b01 0b00cb01 10021 100 1416630 2067256616 169469180 10131451
0b000301 0b00c301 10023 100 1775623 2057668006 179192089 10161549
0b000901 0b00cd01 10015 100 1806117 2039621182 197366358 10164108
0b000e01 0b00c601 10036 100 879660 2096060823 141221557 10086432
0b000901 0b00c301 10032 100 1297156 2095290609 142041024 10121436
0b000501 0b00cf01 10031 100 3391495 2086475371 150920863 10297024
0b000a01 0b00c001 10016 100 1418726 2047216988 190246992 10131627
0b000101 0b00c701 10011 100 862156 2055766662 181851269 10084966
0b000201 0b00cf01 10026 100 885275 2069335318 168286156 10086904
0b000b01 0b00c401 10022 100 1683231 2043319866 194584513 10153805
0b000501 0b00c901 10018 100 1745430 2045844617 192686500 10159019
0b000201 0b00c801 10017 100 1269928 2060169892 178431210 10119151
0b000301 0b00c801 10037 100 763272 2081380300 157389482 10076675
0b000301 0b00c301 10036 100 1042429 2089677530 149188725 10100079
0b000501 0b00c101 10023 100 1274191 2070835080 168058846 10119511
0b000a01 0b00c101 10014 100 1373823 2065448587 173470612 10127862
0b000601 0b00ce01 10018 100 1217986 2055697616 183241222 10114796
0b000701 0b00c101 10019 100 872921 2064217157 174908920 10085866
0b000b01 0b00c301 10016 100 1421791 2063078818 176280829 10131883
0b000401 0b00cb01 10038 100 923412 2086750127 152897849 10090101
0b000901 0b00c801 10027 100 1297256 2087271535 152378398 10121444
0b000401 0b00c501 10033 100 1090410 2083347371 156398982 10104102
0b000f01 0b00ce01 10027 100 1342401 2085182216 154624677 10125229
0b000f01 0b00ce01 10024 100 1475530 2067049026 172782896 10136390
0b000001 0b00c501 10003 100 1609164 2008989252 231043952 10147595
0b000501 0b00cb01 10025 100 1358328 2064309127 175972111 10126564
0b000901 0b00c501 10037 100 1534279 2092873285 147669734 10141316
0b000901 0b00ce01 10007 100 2020279 2029312505 211480653 10182062
0b000e01 0b00cb01 10007 100 1737178 2018671991 222222149 10158328
0b000801 0b00c501 10014 100 1728461 2037437758 203718608 10157596
0b000801 0b00c001 10023 100 1181982 2085810996 155389127 10111777
0b000e01 0b00cd01 10019 100 1226854 2060475862 180859951 10115540
0b000a01 0b00cf01 10036 100 1173120 2075912692 165468680 10111037
0b000901 0b00c901 10004 100 3081688 2007481381 234284126 10271049
0b000a01 0b00c401 10017 100 2677399 2051677522 190103257 10237155
0b000101 0b00c001 10028 100 1209737 2098262803 143648135 10114105
0b000e01 0b00cf01 10003 100 1465493 2009071652 232912810 10135548
0b000d01 0b00cd01 10029 100 1218318 2074048540 168050793 10114826
0b000c01 0b00ce01 10019 100 1436275 2050703615 191604111 10133100
0b000a01 0b00c401 10023 100 1299777 2072476732 170094834 10121654
0b000101 0b00cf01 10006 100 2481443 2014589651 228109866 10220726
0b000101 0b00cf01 10026 100 991586 2062410340 180370425 10095816
0b000c01 0b00ce01 10029 100 730220 2082524037 160361825 10073904
0b000f01 0b00cc01 10032 100 1717028 2081800449 161118231 10156639
0b000a01 0b00cb01 10010 100 1838821 2026309959 216693358 10166847
0b000201 0b00c201 10022 100 1379526 2057541759 185477246 10128341
0b000601 0b00c601 10038 100 967978 2087395247 155685589 10093835
0b000801 0b00c201 10014 100 1758509 2042046256 201049380 10160115
0b000f01 0b00ce01 10016 100 1315889 2044664889 198487811 10123004
0b000f01 0b00ca01 10039 100 1387799 2090868507 152370432 10129033
0b000b01 0b00c201 10011 100 1724778 2042477669 200988818 10157286
0b000101 0b00c001 10019 100 1534095 2055308908 188316109 10141302
0b000101 0b00c601 10008 100 1917097 2019552333 224087593 10173412
0b000c01 0b00c501 10029 100 1854856 2057641849 186018274 10168191
0b000601 0b00ca01 10012 100 1498456 2034477662 209254056 10138312
0b000301 0b00c601 10024 100 921107 2072895324 170900729 10089909
0b000f01 0b00ca01 10030 100 1773969 2081708674 162313097 10161409
0b000d01 0b00c101 10027 100 1143545 2090695858 153369563 10108556
0b000c01 0b00cf01 10028 100 1078643 2070537444 173551089 10103114
0b000501 0b00cb01 10008 100 1929303 2023643123 220664455 10174435
0b000a01 0b00c501 10038 100 1277955 2093693551 150878815 10119823
0b000201 0b00c001 10022 100 915083 2085003895 159587674 10089404
0b000e01 0b00ca01 10012 100 1784492 2012790156 231804713 10162293
0b000b01 0b00cf01 10015 100 1056964 2050913325 193758020 10101296
0b000901 0b00c301 10005 100 2060352 2012065112 232626816 10185422
0b000701 0b00c101 10015 100 1663297 2054764097 189954742 10152133
0b000801 0b00c001 10009 100 1538204 2024001350 220769242 10141646
0b000d01 0b00c901 10027 100 1769305 2056742972 188115855 10161021
0b000601 0b00c701 10015 100 1241657 2037922325 207018328 10116781
0b000b01 0b00c501 10021 100 1482443 2063553762 181456307 10136970
0b000801 0b00c501 10027 100 1386333 2069904178 175139862 10128912
0b000c01 0b00cb01 10003 100 2223095 2012138565 233178467 10199067
0b000201 0b00cb01 10016 100 1209623 2061471193 184100185 10114096
0b000601 0b00cf01 10007 100 1374760 2020323987 225373049 10127940
0b000e01 0b00c201 10013 100 1581333 2025704452 220074506 10145261
0b000401 0b00c201 10003 100 1627678 2010773996 235276392 10149145
0b000c01 0b00ce01 10024 100 810000 2076942766 169120537 10080590
0b000601 0b00c101 10000 100 2168594 2004845420 241262953 10194496
0b000201 0b00c401 10034 100 1069918 2086453230 159765444 10102382
0b000f01 0b00c901 10025 100 1629092 2064120905 182106544 10149266
0b000601 0b00ca01 10010 100 1570400 2031603962 214772589 10144344
0b000201 0b00c501 10030 100 824790 2093000981 153388049 10081831
0b000b01 0b00c201 10021 100 1518594 2066289594 180106165 10140000
0b000601 0b00c301 10021 100 1419839 2040251915 206383243 10131719
0b000301 0b00c501 10015 100 1692949 2050719475 196086245 10154617
0b000e01 0b00c001 10014 100 1492373 2033142996 213668895 10137802
0b000501 0b00cd01 10017 100 1600784 2049700611 197156759 10146890
0b000301 0b00cd01 10022 100 1418816 2062945404 183954307 10131634
0b000801 0b00c701 10028 100 1537492 2056382576 190525890 10141585
0b000101 0b00cb01 10026 100 1349044 2074843765 172070065 10125787
0b000601 0b00c701 10020 100 1028331 2050546434 196439187 10098897
0b000001 0b00c701 10026 100 1293989 2050809398 196453348 10121168
0b000601 0b00c101 10003 100 1900799 2012063593 235456550 10172043
0b000001 0b00c901 10043 100 635538 2081192065 166368274 10065965
0b000b01 0b00c301 10020 100 1402936 2081537893 166181645 10130302
0b000901 0b00c601 10030 100 1959580 2091831993 155949948 10176972
0b000401 0b00c801 10020 100 1021885 2065530045 182259363 10098355
0b000901 0b00c401 10020 100 1424431 2065503270 182463954 10132106
0b000201 0b00c901 10003 100 2492341 2009285955 238727429 10221640
0b000501 0b00c701 10036 100 898124 2079164347 169043283 10087982
0b000001 0b00c801 10046 100 1050818 2087211845 161068459 10100781
0b000e01 0b00c501 10008 100 1717302 2024235502 224425617 10156661
0b000a01 0b00c701 10046 100 1635355 2090956300 157773973 10149790
0b000c01 0b00c201 10000 100 3300312 2003440415 245347378 10289380
0b000201 0b00c901 10033 100 999702 2095346077 153681320 10096496
0b000801 0b00c201 10034 100 1204631 2096324317 153012235 10113677
0b000f01 0b00c401 10028 100 1773476 2087086758 162369374 10161370
0b000601 0b00c601 10020 100 1474886 2038255717 211216738 10136334
0b000601 0b00c101 10024 100 955173 2079485549 170160074 10092764
0b000001 0b00c601 10022 100 1498545 2043256814 206389734 10138319
0b000e01 0b00c601 10016 100 1527217 2043254689 206520425 10140724
0b000f01 0b00c101 10021 100 1754380 2054115059 195719154 10159769
0b000f01 0b00ca01 10040 100 1240648 2094638237 155201256 10116697
0b000c01 0b00c701 10015 100 1631831 2048753775 201087543 10149493
0b000c01 0b00c701 10009 100 1844168 2032550747 217353591 10167298
0b000b01 0b00c901 10003 100 2701857 2007510773 242516376 10239204
0b000101 0b00cf01 10039 100 1274584 2098364625 151666875 10119542
0b000901 0b00c001 10034 100 1288612 2097369554 152663002 10120718
0b000101 0b00ca01 10011 100 1938082 2022237941 227800467 10175172
0b000c01 0b00c701 10033 100 907022 2097111575 153033632 10088728
0b000101 0b00c601 10009 100 1599732 2019901690 230245453 10146802
0b000c01 0b00ce01 10025 100 1398851 2078527887 171640505 10129960
0b000401 0b00c101 10004 100 1987590 2013635639 236547567 10179321
0b000701 0b00c001 10032 100 707175 2090170661 160036630 10071972
0b000c01 0b00ca01 10017 100 1392588 2068270837 182012530 10129436
0b000e01 0b00c301 10026 100 986987 2067859136 182507963 10095429
0b000e01 0b00c101 10019 100 1309880 2050156363 200248017 10122500
0b000701 0b00c401 10021 100 1866543 2060665231 189931922 10169172
0b000001 0b00c101 10019 100 1033037 2076331049 174272833 10099293
0b000c01 0b00c601 10006 100 1987099 2024536867 226274337 10179281
0b000401 0b00ce01 10017 100 1429480 2041605838 209219792 10132529
0b000501 0b00c501 10006 100 1828775 2023903856 227155707 10166005
0b000301 0b00cb01 10021 100 1918973 2029682168 221447794 10173566
0b000101 0b00c601 10004 100 2438998 2009900978 241240521 10217165
0b000b01 0b00c901 10028 100 1419782 2074969784 176236087 10131715
0b000101 0b00c401 10030 100 1365433 2085393432 166078895 10127160
0b000d01 0b00c401 10005 100 2657627 2027010730 225411252 10235496
0b000e01 0b00cb01 10027 100 704606 2087849902 164608799 10071755
0b000201 0b00ce01 10037 100 755788 2086119265 166595312 10076046
0b000d01 0b00c201 10026 100 1487981 2068396281 184362560 10137432
0b000701 0b00c301 10010 100 2184829 2033986189 218967925 10195856
0b000601 0b00c001 10013 100 1563086 2036921430 216122412 10143732
0b000b01 0b00cc01 10017 100 1981537 2035121746 218709170 10178813
0b000701 0b00cf01 10034 100 1259022 2096328873 157677120 10118240
0b000301 0b00c501 10030 100 1258486 2072878724 181162825 10118193
0b000501 0b00c601 10029 100 1221831 2088069516 166027125 10115118
0b000801 0b00ce01 10011 100 1967314 2031668455 222499448 10177622
0b000f01 0b00c401 10029 100 1281833 2094187074 160022509 10120149
0b000a01 0b00ce01 10019 100 1475334 2062269686 191983977 10136374
0b000101 0b00c201 10014 100 1741292 2043036224 211367263 10158672
0b000801 0b00cc01 10022 100 1899636 2053794166 200811017 10171946
0b000601 0b00c801 10028 100 1148864 2094218495 160541523 10109001
0b000f01 0b00ca01 10023 100 1279442 2060388031 194375224 10119950
0b000e01 0b00ca01 10031 100 1181195 2051620065 203399605 10111714
0b000f01 0b00c801 10018 100 1828483 2052860556 202225069 10165982
0b000701 0b00c301 10031 100 1593812 2070239808 185289098 10146305
0b000b01 0b00c301 10006 100 1979495 2036396429 219249599 10178642
0b000d01 0b00cf01 10006 100 2314367 2021440868 234264954 10206718
0b000201 0b00c701 10019 100 1669754 2052335629 203393842 10152673
0b000201 0b00c001 10007 100 1431513 2031833428 223909641 10132699
0b000301 0b00cb01 10044 100 874037 2082832031 173004926 10085962
0b000801 0b00c201 10008 100 1747822 2023171272 232757325 10159218
0b000c01 0b00c701 10010 100 1697126 2035922663 220249224 10154970
0b000301 0b00c201 10027 100 944202 2070993151 185180891 10091844
0b000001 0b00cd01 10029 100 803184 2062745771 193513385 10080022
0b000a01 0b00cb01 10036 100 1311198 2097085349 159450349 10122613
0b000e01 0b00cf01 10027 100 911395 2093025557 163610372 10089093
0b000201 0b00c001 10015 100 1612547 2060357155 196343254 10147877
0b000e01 0b00cd01 10018 100 1406061 2060072694 196634160 10130567
0b000a01 0b00c601 10005 100 2393725 2013787285 242931923 10213370
0b000801 0b00c401 10030 100 1427850 2084048640 172887335 10132391
0b000b01 0b00c701 10032 100 1237419 2079874372 177108015 10116427
0b000501 0b00cf01 10007 100 2038308 2022319801 234749501 10183574
0b000901 0b00c501 10030 100 1177124 2080846198 176229518 10111373
0b000a01 0b00cb01 10022 100 1815872 2062668593 194506453 10164923
0b000101 0b00cb01 10025 100 1508035 2070819863 186399334 10139117
0b000801 0b00c001 10019 100 1076994 2080167214 177255546 10102975
0b000c01 0b00cc01 10010 100 2112971 2020186625 237475025 10189831
0b000301 0b00c001 10025 100 1800644 2073668422 184079610 10163647
0b000501 0b00c701 10035 100 681732 2077833054 179943621 10069837
0b000101 0b00c401 10033 100 1707997 2094350909 163648777 10155878
0b000b01 0b00c801 10005 100 1808760 2019998889 238012840 10164327
0b000b01 0b00ce01 10017 100 803009 2084081754 173943442 10080008
0b000901 0b00c701 10024 100 1866734 2052360709 205773335 10169188
0b000501 0b00c801 10010 100 1921691 2031877791 226377222 10173795
0b000f01 0b00c601 10026 100 1451163 2079016955 179342695 10134348
0b000101 0b00ce01 10029 100 1612200 2091635087 167128925 10147849
0b000201 0b00ca01 10022 100 1310367 2082446286 176369676 10122543
0b000301 0b00c701 10027 100 1257023 2085213568 173612966 10118072
0b000c01 0b00c801 10010 100 2114799 2023501530 235335880 10189985
0b000501 0b00c301 10012 100 1839669 2034592895 224357021 10166919
0b000801 0b00ce01 10037 100 1344387 2086342886 172843435 10125395
0b000701 0b00c601 10018 100 1993460 2041387126 218045390 10179813
0b000b01 0b00c601 10032 100 1540459 2069124138 190667603 10141834
0b000d01 0b00c401 10021 100 1465662 2066010976 193989217 10135562
0b000801 0b00c801 10019 100 1941912 2040298441 220104604 10175490
0b000401 0b00c101 10013 100 1695342 2034816837 226068659 10154820
0b000a01 0b00c401 10006 100 2263064 2023779466 237207703 10202418
0b000201 0b00ce01 10006 100 1623074 2013505957 247502464 10148762
0b000501 0b00cb01 10028 100 1879527 2073223197 187919365 10170261
0b000e01 0b00cf01 10014 100 1523029 2043475605 217787447 10140374
0b000e01 0b00c501 10037 100 1089062 2096215379 165127017 10103990
0b000e01 0b00ce01 10039 100 1161919 2099018430 162335684 10110095
0b000101 0b00c001 10011 100 1330710 2034617600 226736643 10124247
0b000401 0b00c801 10005 100 1671804 2017124170 244333832 10152844
0b000701 0b00c301 10027 100 2364134 2067964030 193501221 10210892
0b000601 0b00c001 10008 100 1754641 2031140919 230619376 10159790
0b000201 0b00c601 10029 100 1246295 2053349429 208479643 10117172
0b000c01 0b00c301 10007 100 1939192 2035640708 226224072 10175264
0b000701 0b00c001 10003 100 3309980 2010388787 251523563 10290188
0b000601 0b00c901 10032 100 1210603 2083558459 178620074 10114178
0b000301 0b00c701 10009 100 2430542 2033172012 229080013 10216458
0b000001 0b00cf01 10002 100 2487503 2005786901 256656419 10221234
0b000801 0b00c501 10030 100 1953179 2077481081 185492840 10176437
0b000a01 0b00cd01 10011 100 3149027 2038139098 224839480 10276698
0b000201 0b00cd01 10036 100 1408498 2088973250 174047312 10130770
0b000001 0b00c701 10045 100 918678 2097832975 165188251 10089703
0b000201 0b00c601 10015 100 1551997 2026450543 236586884 10142799
0b000d01 0b00c301 10029 100 1329520 2086021757 177204048 10124148
0b000701 0b00c101 10022 100 1611520 2069264655 194052369 10147791
0b000a01 0b00c401 10010 100 1970722 2037812689 225538793 10177906
0b000d01 0b00cf01 10037 100 1327518 2081681184 181769336 10123980
0b000401 0b00c201 10019 100 1493768 2052185699 211322526 10137918
0b000201 0b00cf01 10033 100 1239351 2081450896 182101625 10116589
0b000b01 0b00c901 10014 100 1938929 2043993674 219649665 10175240
0b000f01 0b00ce01 10032 100 1355963 2097452464 166356609 10126364
0b000201 0b00cd01 10016 100 2087787 2027450538 236477069 10187720
0b000901 0b00c301 10026 100 1506450 2081898530 182115704 10138982
0b000e01 0b00c001 10016 100 1604944 2034927951 229164501 10147238
0b000101 0b00c701 10029 100 1377134 2089245211 174885133 10128142
0b000001 0b00c901 10019 100 1388912 2039390925 225006845 10129126
0b000f01 0b00c501 10023 100 1419711 2090536270 173997031 10131709
0b000101 0b00c101 10021 100 1707937 2055286319 209473207 10155873
0b000501 0b00c401 10021 100 1241571 2079621184 185333845 10116774
0b000801 0b00c201 10032 100 1053500 2094856519 170122572 10101007
0b000101 0b00cd01 10014 100 1857345 2040654088 225047678 10168402
0b000f01 0b00cc01 10038 100 1165735 2095173418 170563425 10110416
0b000e01 0b00c401 10001 100 1773500 2005140351 260611482 10161372
0b000e01 0b00c201 10028 100 1395545 2058176580 207665585 10129684
0b000401 0b00c201 10026 100 1629646 2061666842 204207776 10149310
0b000201 0b00cf01 10036 100 1212259 2088047288 178027057 10114318
0b000c01 0b00c401 10035 100 1385526 2072933359 193183840 10128844
0b000a01 0b00cc01 10032 100 1412062 2096858043 169390328 10131070
0b000f01 0b00c701 10018 100 2425134 2053010629 213279997 10216006
0b000001 0b00cf01 10018 100 1423560 2049565733 216993712 10132032
0b000301 0b00c801 10016 100 1886361 2039266200 227431768 10170834
0b000701 0b00ce01 10023 100 1862066 2056166178 210767268 10168799
0b000501 0b00ca01 10005 100 2404990 2018537381 248594878 10214314
0b000501 0b00c901 10035 100 1400944 2097959014 169428618 10130135
0b000801 0b00cb01 10025 100 1520418 2068604367 198870074 10140154
0b000501 0b00c701 10038 100 1390658 2093535516 174449846 10129274
0b000601 0b00cc01 10023 100 1622465 2047672546 220557397 10148709
0b000401 0b00c401 10007 100 1453982 2032341018 235909599 10134581
0b000b01 0b00c801 10024 100 1578732 2071062318 197328602 10145041
0b000c01 0b00cd01 10035 100 1038168 2090460022 177993884 10099723
0b000901 0b00c401 10026 100 1577791 2092071826 176456920 10144962
0b000001 0b00c901 10021 100 1442053 2042760823 226253690 10133585
0b000001 0b00ce01 10022 100 1612550 2050317579 218738706 10147877
0b000901 0b00c201 10033 100 2320874 2090434134 178808976 10207262
0b000101 0b00c101 10030 100 1936951 2075165312 194705604 10175074
0b000001 0b00c801 10036 100 1401309 2073747980 196275161 10130168
0b000101 0b00c701 10013 100 1297611 2057595327 212452935 10121473
0b000401 0b00c701 10012 100 1441423 2051310668 218890049 10133531
0b000c01 0b00cd01 10039 100 1334081 2099608857 170747452 10124532
0b000801 0b00cf01 10023 100 1519736 2083689616 186723728 10140095
0b000701 0b00cd01 10027 100 1449788 2076919719 193663722 10134231
0b000301 0b00cb01 10033 100 1947872 2061783441 209087619 10175990
0b000b01 0b00c001 10018 100 1495332 2044897665 225988767 10138051
0b000a01 0b00c301 10022 100 1516590 2070602314 200423134 10139832
0b000701 0b00c201 10011 100 3888089 2033306307 237820083 10338660
0b000d01 0b00ca01 10034 100 1339612 2094736392 176404770 10124994
0b000401 0b00ca01 10024 100 1544802 2068216622 202971234 10142196
0b000901 0b00c401 10023 100 2970428 2078613101 192668134 10261722
0b000201 0b00c101 10030 100 1289485 2092423756 179254683 10120792
0b000c01 0b00c401 10028 100 3223393 2058599749 213145916 10282931
0b000a01 0b00c501 10000 100 2877266 2002218415 269821818 10253912
0b000001 0b00ce01 10034 100 1295432 2074595715 197449089 10121291
0b000c01 0b00c901 10029 100 1382504 2080021670 192392921 10128591
0b000d01 0b00cf01 10041 100 1427648 2092332838 180096167 10132375
0b000201 0b00cd01 10028 100 1349429 2068647426 203825507 10125818
0b000c01 0b00c001 10025 100 626984 2084056557 188447511 10065246
0b000d01 0b00ca01 10006 100 2161292 2033972907 239024302 10193885
0b000901 0b00c501 10031 100 1335474 2084337053 188803142 10124648
0b000f01 0b00c201 10044 100 1570596 2081842314 191572236 10144360
0b000401 0b00c501 10026 100 1304349 2076299564 197157924 10122039
0b000701 0b00c201 10020 100 1933463 2057711530 215805727 10174783
0b000701 0b00c501 10022 100 1144466 2077505361 196381006 10108634
0b000901 0b00ca01 10004 100 2218655 2012369612 261743211 10198693
0b000d01 0b00c101 10018 100 890227 2065777819 208362618 10087319
0b000d01 0b00c701 10032 100 1382063 2096748347 177676080 10128555
0b000201 0b00cf01 10006 100 2440684 2015243184 259337818 10217308
0b000a01 0b00c701 10037 100 1657361 2071657355 203046389 10151635
0b000201 0b00c201 10019 100 1793787 2051209521 223585031 10163071
0b000d01 0b00cb01 10015 100 1628685 2030057738 245265980 10149230
0b000e01 0b00c001 10026 100 1559889 2062050460 213412420 10143461
0b000b01 0b00cf01 10017 100 1915806 2052987420 222494194 10173301
0b000c01 0b00c901 10013 100 1300648 2042361292 233272691 10121727
0b000401 0b00c401 10030 100 1197501 2091052943 184828554 10113080
0b000d01 0b00c401 10019 100 2109462 2061527090 214454397 10189539
0b000f01 0b00ce01 10009 100 2519087 2027781942 248427658 10223883
0b000501 0b00cb01 10009 100 2226790 2024552005 251741490 10199374
0b000201 0b00cd01 10034 100 1437006 2083027926 193333563 10133162
0b000101 0b00c301 10006 100 2866559 2010421507 266028781 10253014
0b000901 0b00ca01 10025 100 1892595 2064846374 211750748 10171356
0b000701 0b00c201 10025 100 1768979 2070538065 206173513 10160991
0b000f01 0b00c301 10011 100 2351138 2021254853 255467442 10209802
0b000501 0b00c801 10006 100 2287034 2023289586 253594545 10204428
0b000901 0b00c901 10020 100 2494603 2044442604 232470312 10221829
0b000201 0b00c101 10020 100 1759538 2050251568 227108631 10160201
0b000401 0b00c501 10027 100 1462212 2076986638 200452481 10135274
0b000d01 0b00cf01 10030 100 1567603 2072707997 204760684 10144109
0b000501 0b00ce01 10026 100 1618708 2063014840 214567623 10148393
0b000201 0b00c701 10016 100 1394794 2039365078 238266416 10129620
0b000b01 0b00ce01 10018 100 1548090 2084190282 193631736 10142475
0b000b01 0b00c901 10036 100 2505259 2089173585 188742278 10222723
0b000701 0b00c801 10021 100 1688721 2066477633 211533231 10154263
0b000801 0b00c101 10031 100 1816121 2065721963 212336775 10164946
0b000801 0b00ce01 10013 100 2240131 2035083712 243773673 10200495
0b000b01 0b00c701 10036 100 1895283 2088473211 190777333 10171583
0b000f01 0b00c501 10002 100 4497431 2022614561 256846631 10389746
0b000b01 0b00cd01 10008 100 2230935 2035027770 244615078 10199721
0b000301 0b00c101 10010 100 1833573 2015799733 263930292 10166408
0b000001 0b00c101 10003 100 2107026 2019425131 260443005 10189336
0b000601 0b00c201 10000 100 8905163 2000461328 279565203 10759292
0b000d01 0b00c701 10001 100 3236768 2006004270 274095199 10284051
0b000801 0b00c501 10024 100 3883882 2059635850 220542959 10338305
0b000c01 0b00c601 10016 100 1973738 2041222913 239112950 10178159
0b000f01 0b00c401 10019 100 1964922 2059231523 221181591 10177419
0b000501 0b00cd01 10018 100 1899156 2050279492 230235856 10171908
0b000001 0b00c601 10032 100 1407371 2067094168 213424801 10130676
0b000e01 0b00c901 10006 100 1748216 2021779643 259133018 10159253
0b000601 0b00c301 10024 100 1334110 2046668369 234245128 10124535
0b000701 0b00ce01 10013 100 3427538 2043309795 237637580 10300046
0b000301 0b00c201 10030 100 1847408 2075759101 205214159 10167568
0b000b01 0b00c401 10004 100 3009299 2010514574 270622594 10264982
0b000301 0b00c301 10034 100 3853594 2084015123 197197040 10335766
0b000d01 0b00c601 10013 100 2639668 2047808561 233554943 10233991
0b000901 0b00c001 10033 100 2822630 2097235210 184409221 10249330
0b000c01 0b00c501 10033 100 1823449 2065791728 216138731 10165560
0b000301 0b00cd01 10014 100 1802663 2054007166 228043354 10163816
0b000201 0b00ce01 10041 100 1107520 2093615311 188540206 10105536
0b000301 0b00cd01 10015 100 1837055 2055992278 226184286 10166702
0b000101 0b00c101 10034 100 1948652 2082095171 200157138 10176056
0b000201 0b00c801 10028 100 1313870 2096424226 185958756 10122835
0b000b01 0b00c201 10024 100 2806450 2073488917 209184367 10247974
0b000701 0b00cf01 10031 100 1535000 2090411163 192350259 10141374
0b000c01 0b00c001 10023 100 1753123 2074398990 208438725 10159665
0b000e01 0b00c001 10022 100 1707988 2049953980 233132881 10155877
0b000701 0b00ca01 10017 100 1521788 2047594178 235592264 10140267
0b000b01 0b00c701 10022 100 1951425 2056173406 227386132 10176289
0b000a01 0b00ca01 10031 100 2885642 2088432941 195265558 10254613
0b000501 0b00c201 10009 100 2187825 2030133147 253628439 10196107
0b000a01 0b00cf01 10025 100 1721996 2063698431 220155715 10157052
0b000701 0b00c401 10004 100 2941633 2021547351 262432115 10259307
0b000e01 0b00ca01 10045 100 1410670 2098943682 185319915 10130951
0b000d01 0b00cf01 10039 100 895073 2088050511 196473722 10087726
0b000401 0b00cc01 10018 100 1572552 2070434462 214111785 10144524
0b000101 0b00c601 10022 100 2852643 2062276326 222490627 10251846
0b000d01 0b00cc01 10023 100 1506459 2087605846 197197316 10138983
0b000f01 0b00c301 10024 100 2367116 2076445710 208561545 10211142
0b000a01 0b00ce01 10008 100 3884122 2025277228 259730260 10338328
0b000901 0b00cf01 10029 100 2537925 2080324661 204772894 10225459
0b000801 0b00c101 10043 100 1486363 2099602176 185516286 10137299
0b000e01 0b00cb01 10000 100 2501980 2003286502 281896522 10222446
0b000e01 0b00ca01 10029 100 1847342 2044683726 240527593 10167563
0b000401 0b00cc01 10011 100 1591197 2058441304 226839579 10146089
0b000e01 0b00c101 10039 100 1168009 2094205201 191189830 10110609
0b000b01 0b00c501 10009 100 2337716 2030940565 254594193 10208675
0b000101 0b00c401 10028 100 1939529 2079942298 206026182 10175291
0b000f01 0b00cc01 10039 100 4433874 2096057288 190012251 10384416
0b000001 0b00cf01 10041 100 1194372 2091234265 195053969 10112818
0b000f01 0b00c001 10034 100 1916770 2088781186 197720383 10173382
0b000e01 0b00c701 10018 100 1434128 2058243118 228312080 10132920
0b000201 0b00c801 10014 100 1339625 2052432882 234128563 10124995
0b000a01 0b00c801 10025 100 2021231 2052670909 234460448 10182142
0b000b01 0b00c201 10009 100 2707923 2033479057 254413067 10239712
0b000501 0b00c201 10016 100 1356305 2054462839 233480649 10126395
0b000701 0b00cf01 10022 100 1901513 2069370812 218631915 10172104
0b000301 0b00cb01 10045 100 1725149 2087575090 200663894 10157319
0b000701 0b00c501 10020 100 1766935 2073712839 214608306 10160820
0b000d01 0b00ce01 10032 100 1935774 2097761756 190721869 10174976
0b000501 0b00cf01 10009 100 2230827 2029926047 258784593 10199713
0b000a01 0b00c701 10048 100 1609906 2092896432 196103977 10147654
0b000c01 0b00c101 10017 100 1833913 2079709047 209403606 10166435
0b000f01 0b00c801 10022 100 1977289 2069006499 220298417 10178458
0b000201 0b00ce01 10040 100 1441535 2090857858 198563715 10133540
0b000101 0b00c401 10022 100 1271640 2070981106 218669908 10119295
0b000201 0b00c501 10021 100 5811106 2063700563 226168855 10499886
0b000b01 0b00c601 10030 100 3267796 2065503565 224547850 10286652
0b000101 0b00c401 10034 100 2401339 2096593426 193669000 10214010
0b000f01 0b00cb01 10039 100 2456018 2094594724 195687288 10218596
0b000701 0b00c101 10028 100 1638756 2084953950 205662558 10150074
0b000b01 0b00cf01 10014 100 2313310 2041347684 249323953 10206630
0b000f01 0b00cc01 10000 100 11582733 2002092103 288682715 10983777
0b000f01 0b00c701 10015 100 5820003 2040265348 250641639 10500632
0b000e01 0b00cc01 10003 100 2256001 2013516287 277392380 10201826
0b000701 0b00ca01 10015 100 4479072 2041855791 249149394 10388208
0b000e01 0b00c301 10043 100 747780 2098004432 193088057 10075374
0b000c01 0b00ca01 10019 100 1810597 2071541625 219676943 10164482
0b000501 0b00c701 10024 100 2586267 2054803364 236739066 10229515
0b000d01 0b00c101 10028 100 1572855 2096215309 195479988 10144548
0b000401 0b00ca01 10021 100 1783713 2063013164 228712441 10162227
0b000401 0b00c201 10013 100 2065026 2034181699 257860682 10185815
0b000801 0b00cb01 10037 100 1850381 2094381337 197816558 10167818
0b000e01 0b00ce01 10005 100 1969206 2013368525 278887485 10177781
0b000201 0b00cd01 10027 100 1826668 2062155807 230122060 10165829
0b000401 0b00c901 10013 100 2063028 2029061141 263260298 10185648
0b000b01 0b00ca01 10030 100 1785317 2075772623 216620479 10162363
0b000601 0b00c801 10003 100 1900478 2009064170 283397681 10172018
0b000e01 0b00c501 10020 100 1665580 2059519077 233008328 10152323
0b000f01 0b00c201 10046 100 2918297 2083224398 209576289 10257352
0b000301 0b00cb01 10032 100 1897799 2059010205 233834102 10171792
0b000d01 0b00ca01 10021 100 2216398 2065260429 227614125 10198505
0b000f01 0b00c801 10004 100 3556308 2004641508 288255011 10310843
0b000001 0b00c801 10051 100 662237 2099178111 193788376 10068204
0b000a01 0b00c301 10012 100 4100985 2027894610 265128354 10356506
0b000c01 0b00c101 10012 100 1453525 2069007469 224215901 10134545
0b000a01 0b00c701 10024 100 1846638 2053042696 240296707 10167503
0b000e01 0b00cc01 10007 100 1971598 2019559791 273887194 10177980
0b000a01 0b00c301 10030 100 1636451 2098153270 195716454 10149882
0b000601 0b00ca01 10011 100 1862110 2033051427 261011670 10168802
0b000b01 0b00ca01 10025 100 1331631 2072302698 221798434 10124325
0b000501 0b00cb01 10036 100 2865989 2080851072 213511821 10252964
0b000701 0b00c001 10013 100 4527117 2030045458 264319921 10392236
0b000b01 0b00ca01 10032 100 3292888 2080579280 214191944 10288756
0b000e01 0b00c701 10006 100 2364691 2014611143 280187311 10210936
0b000601 0b00c001 10027 100 999489 2081249045 213668569 10096479
0b000701 0b00cf01 10027 100 4166336 2079847380 215169232 10361988
0b000101 0b00c801 10037 100 1625764 2098985131 196047070 10148984
0b000201 0b00c601 10031 100 1969626 2054974603 240377813 10177814
0b000f01 0b00c101 10017 100 1865625 2048561571 246867259 10169095
0b000301 0b00c501 10025 100 1600254 2066393678 229041622 10146848
0b000801 0b00c001 10013 100 2354473 2037472236 258051458 10210081
0b000e01 0b00c001 10001 100 3066568 2001363979 294344982 10269782
0b000501 0b00c201 10021 100 2965658 2091349076 204458713 10261322
0b000a01 0b00c501 10032 100 1988639 2077534748 218439433 10179408
0b000b01 0b00ca01 10000 100 5471624 2001241407 294982881 10471422
0b000301 0b00c201 10021 100 1464021 2050742506 245647903 10135427
0b000901 0b00c401 10029 100 1750415 2096157198 200301327 10159437
0b000f01 0b00ce01 10005 100 2945777 2019216472 277533846 10259654
0b000a01 0b00c801 10038 100 1818084 2085074387 211808995 10165111
0b000b01 0b00c601 10034 100 1339512 2094362465 202564896 10124986
0b000e01 0b00c801 10041 100 997669 2094490078 202462474 10096325
0b000101 0b00c301 10035 100 1732331 2084368401 212619478 10157921
0b000901 0b00c501 10004 100 3375293 2009265601 288083094 10295667
0b000d01 0b00ca01 10031 100 1615489 2085970801 211460326 10148124
0b000b01 0b00cd01 10026 100 1539587 2096101475 201436848 10141760
0b000101 0b00c301 10026 100 1910990 2070266091 227350869 10172897
0b000701 0b00c301 10008 100 2544020 2030918650 266750449 10225974
0b000801 0b00c801 10037 100 1547292 2094277079 203479712 10142407
0b000001 0b00c901 10044 100 1199055 2084422957 213349396 10113212
0b000101 0b00c701 10031 100 1681006 2090589490 207211495 10153619
0b000001 0b00cd01 10045 100 1284911 2098345236 199742279 10120407
0b000501 0b00cd01 10025 100 1809752 2074264791 224173884 10164410
0b000601 0b00cd01 10035 100 1017463 2076046256 222432182 10097986
0b000d01 0b00c201 10002 100 4061163 2013560879 284928719 10353171
0b000d01 0b00c801 10021 100 3304937 2063740222 234792056 10289766
0b000b01 0b00cc01 10027 100 3184459 2066314268 232337543 10279667
0b000a01 0b00c901 10017 100 3309605 2037376513 261330483 10290158
0b000901 0b00c701 10042 100 1721272 2088962967 209773237 10156994
0b000101 0b00c601 10037 100 1664511 2097414501 201376636 10152234
0b000801 0b00c801 10005 100 4214263 2004709504 294151278 10366006
0b000301 0b00c401 10011 100 2398515 2044384502 255146547 10213773
0b000f01 0b00c201 10049 100 2550739 2087321804 212473238 10226534
0b000801 0b00ce01 10042 100 3399907 2097322420 202484512 10297728
0b000301 0b00c901 10015 100 1635488 2051771028 248135722 10149801
0b000201 0b00c801 10020 100 1119176 2069896298 230674594 10106514
0b000801 0b00c601 10003 100 2214760 2013350097 287312197 10198366
0b000901 0b00c101 10018 100 2044569 2067264549 233522144 10184098
0b000a01 0b00ca01 10012 100 2334296 2038008293 263082287 10208390
0b000701 0b00cb01 10034 100 1234887 2071437545 229704601 10116213
0b000b01 0b00cd01 10016 100 4094674 2062335460 238965052 10355978
0b000901 0b00c901 10028 100 3566568 2061756710 239569969 10311702
0b000201 0b00c301 10003 100 8139188 2015795121 285640587 10695072
0b000301 0b00c801 10019 100 7257140 2043301640 258382206 10621121
0b000801 0b00c401 10025 100 1993114 2068349578 233379704 10179786
0b000b01 0b00c501 10028 100 1740746 2086009884 215813727 10158625
0b000c01 0b00cb01 10023 100 4192327 2051983132 249909184 10364167
0b000201 0b00c001 10018 100 1238502 2068832802 233206673 10116517
0b000701 0b00c601 10033 100 1808307 2086166120 215968004 10164291
0b000301 0b00cd01 10019 100 2253957 2056905736 245393309 10201651
0b000201 0b00c401 10030 100 1736275 2081129674 221831120 10158252
0b000e01 0b00cc01 10021 100 1790379 2059609764 243572162 10162787
0b000d01 0b00cc01 10015 100 1988050 2062475070 240930124 10179361
0b000b01 0b00c601 10022 100 4277468 2053803700 250145490 10371304
0b000601 0b00cc01 10019 100 1852791 2042813444 261292472 10168018
0b000401 0b00c401 10013 100 1926823 2055238242 249088635 10174225
0b000401 0b00c101 10012 100 1615959 2030664681 273704345 10148162
0b000501 0b00ca01 10033 100 4778400 2098361579 206070827 10413303
0b000d01 0b00c101 10014 100 4044432 2056754231 248180886 10351767
0b000701 0b00ce01 10026 100 4149693 2077949744 227122969 10360591
0b000e01 0b00c101 10035 100 1659984 2078329270 226783527 10151853
0b000e01 0b00c401 10029 100 1563686 2091469587 213911930 10143780
0b000701 0b00c601 10002 100 4179227 2007354616 298206578 10363069
0b000101 0b00cf01 10034 100 3284257 2089267587 216440195 10288034
0b000d01 0b00c501 10018 100 1919085 2070279043 235505556 10173579
0b000301 0b00c701 10025 100 1034248 2075501100 230405792 10099394
0b000201 0b00cc01 10018 100 1959208 2045185621 260955965 10176943
0b000401 0b00c801 10030 100 1430390 2084674558 221660444 10132606
0b000901 0b00cc01 10008 100 1969601 2025312176 281034483 10177812
0b000701 0b00cb01 10007 100 5862685 2009755611 296784890 10504208
0b000a01 0b00ca01 10015 100 3877306 2047907094 258685819 10337756
0b000f01 0b00c101 10035 100 1782801 2097990160 208621755 10162150
0b000001 0b00c101 10012 100 1913927 2050048503 256944706 10173143
0b000e01 0b00ca01 10040 100 973590 2084181021 222930030 10094307
0b000b01 0b00c801 10032 100 1998839 2080260790 226851079 10180263
0b000a01 0b00c601 10022 100 2025022 2061901903 245373666 10182461
0b000301 0b00c801 10025 100 3838871 2053904354 253674398 10334531
0b000f01 0b00c101 10033 100 5110295 2092163144 215628352 10441129
0b000f01 0b00c901 10031 100 1801635 2090683327 217157900 10163730
0b000d01 0b00c301 10000 100 3483501 2007232962 300868134 10304738
0b000801 0b00cf01 10012 100 1708662 2041519338 266868358 10155935
0b000601 0b00c601 10029 100 1072857 2070145307 239084961 10102628
0b000d01 0b00cb01 10018 100 2335494 2041294929 267999099 10208489
0b000001 0b00cb01 10002 100 2950468 2005488322 304080996 10260049
0b000b01 0b00c301 10028 100 1837001 2096499252 213517797 10166698
0b000c01 0b00cc01 10036 100 1621504 2067666302 242518492 10148628
0b000201 0b00c001 10016 100 2112791 2060478225 249958992 10189817
0b000e01 0b00c101 10001 100 2438701 2004605111 305884858 10217141
0b000801 0b00cf01 10018 100 6173498 2067172804 243342092 10530268
0b000c01 0b00c901 10030 100 1108419 2081182988 229368732 10105612
0b000c01 0b00ce01 10032 100 1909792 2087187225 223400259 10172797
0b000e01 0b00c201 10027 100 1971741 2057769656 252863670 10177991
0b000601 0b00c601 10026 100 1659730 2049265048 261462968 10151832
0b000801 0b00cb01 10032 100 1783700 2080692082 230084001 10162226
0b000f01 0b00ca01 10034 100 1907423 2087171729 223670140 10172600
0b000401 0b00c201 10033 100 1745290 2075257581 235661617 10159007
0b000401 0b00cd01 10013 100 2425984 2032207692 278801060 10216074
0b000201 0b00c201 10030 100 954125 2078096727 233002669 10092677
0b000b01 0b00c501 10023 100 2101393 2066513194 244586386 10188863
0b000501 0b00cc01 10007 100 2753485 2017864407 294134945 10243534
0b000501 0b00c601 10025 100 4684620 2072692690 239441008 10405440
0b000501 0b00c701 10009 100 2013105 2022183791 290044740 10181462
0b000401 0b00c301 10034 100 2331224 2071123908 241142503 10208132
0b000101 0b00c901 10021 100 2134977 2058137144 254337395 10191676
0b000801 0b00c301 10035 100 3024516 2096455826 216072596 10266257
0b000401 0b00c901 10000 100 3940012 2006064577 307269874 10343014
0b000601 0b00c101 10008 100 2178422 2023085773 290395354 10195321
0b000601 0b00c801 10015 100 1314535 2045907568 267913174 10122892
0b000401 0b00c601 10015 100 1520747 2036548615 277464396 10140180
0b000f01 0b00c401 10022 100 7900581 2068673099 245470867 10675066
0b000f01 0b00c001 10021 100 4024467 2064123249 250140146 10350093
0b000c01 0b00c501 10045 100 1874914 2097169741 217166695 10169873
0b000a01 0b00cb01 10031 100 4011849 2084649420 229723930 10349034
0b000b01 0b00c501 10018 100 1835133 2055893698 258603535 10166540
0b000401 0b00c601 10006 100 1851096 2019627997 295045669 10167879
0b000401 0b00c601 10039 100 1605939 2093749134 221077614 10147322
0b000d01 0b00cc01 10012 100 1963038 2047907366 267025329 10177264
0b000801 0b00cb01 10017 100 4196544 2053670404 262169960 10364520
0b000f01 0b00cf01 10028 100 2009821 2073473343 242521025 10181184
0b000f01 0b00cc01 10033 100 8749542 2082673065 233459743 10746243
0b000e01 0b00c501 10039 100 1632941 2099427119 216913229 10149586
0b000c01 0b00c501 10032 100 1966797 2064901759 251724509 10177577
0b000301 0b00cd01 10008 100 4164903 2035100600 281543079 10361865
0b000701 0b00cd01 10033 100 2679951 2097528830 219178791 10237367
0b000101 0b00c601 10035 100 1841249 2093662691 223072831 10167053
0b000301 0b00c601 10030 100 1155175 2081848759 234894374 10109533
0b000101 0b00c601 10016 100 3765431 2041015960 275746046 10328375
0b000b01 0b00cb01 10012 100 2470497 2042537132 274390416 10219808
0b000701 0b00c501 10006 100 2671982 2033101117 284063133 10236699
0b000f01 0b00c601 10019 100 4081836 2064002553 253439007 10354901
0b000e01 0b00c701 10007 100 2613228 2017433206 300335878 10231776
0b000801 0b00c301 10030 100 1412664 2083293529 234497833 10131119
0b000701 0b00c501 10011 100 3135166 2057887308 259978921 10275535
0b000e01 0b00c001 10015 100 1434486 2033566090 284375283 10132949
0b000501 0b00c801 10009 100 1905338 2028386323 289558092 10172426
0b000f01 0b00c701 10025 100 8489099 2091808753 226232680 10724409
0b000801 0b00cf01 10017 100 1433904 2065333907 252719528 10132898
0b000601 0b00c301 10027 100 1678500 2053265797 264985042 10153407
0b000801 0b00cd01 10025 100 1986789 2069333143 248921373 10179253
0b000a01 0b00ca01 10025 100 1927874 2076273051 242074251 10174313
0b000101 0b00c901 10006 100 2587858 2022626905 295974729 10229646
0b000c01 0b00cc01 10042 100 1655565 2082972971 235991523 10151484
0b000801 0b00c901 10014 100 2383047 2044898610 274174285 10212478
0b000101 0b00ce01 10021 100 2279402 2050243283 268960347 10203787
0b000001 0b00c601 10037 100 1605700 2077486958 241842135 10147303
0b000d01 0b00ca01 10009 100 2559245 2041543031 278029648 10227250
0b000901 0b00c701 10030 100 2017224 2063245886 257037534 10181807
0b000901 0b00c501 10039 100 3453461 2095023460 225589590 10302220
0b000f01 0b00c801 10030 100 3849308 2091029836 229790384 10335408
0b000c01 0b00cc01 10009 100 2952707 2018791656 302163159 10260236
0b000201 0b00c801 10029 100 1151188 2097950339 223179108 10109198
0b000801 0b00c101 10001 100 3509766 2004477075 316765414 10306939
0b000a01 0b00c301 10016 100 2941621 2054375697 266951594 10259306
0b000401 0b00c001 10010 100 1924849 2046547118 275126795 10174059
0b000501 0b00c001 10022 100 1686571 2039793481 281892132 10154083
0b000a01 0b00c601 10018 100 2745099 2056532438 265238266 10242832
0b000801 0b00c901 10013 100 2424301 2044644883 277244991 10215936
0b000e01 0b00c901 10025 100 2016339 2072105360 249887302 10181732
0b000901 0b00c901 10032 100 1568042 2076941632 245088104 10144148
0b000b01 0b00ce01 10001 100 3582688 2007762114 314402223 10313053
0b000a01 0b00ca01 10008 100 7561677 2029492440 293217199 10646652
0b000201 0b00ca01 10016 100 4166141 2063616271 259653143 10361972
0b000f01 0b00cd01 10001 100 8382316 2006650472 316729356 10715456
0b000d01 0b00cf01 10001 100 4544240 2001994240 321488051 10393672
0b000e01 0b00c501 10013 100 2400103 2035466689 288025014 10213908
0b000401 0b00c501 10029 100 1776017 2078320911 245407826 10161585
0b000601 0b00c501 10038 100 1651874 2087387370 236593684 10151173
0b000901 0b00c201 10014 100 4549216 2035779193 288370950 10394089
0b000001 0b00c701 10038 100 998421 2076459891 247719501 10096389
0b000401 0b00c801 10024 100 1834162 2078852772 245468246 10166459
0b000101 0b00c301 10022 100 2120087 2063153186 261318449 10190431
0b000f01 0b00c201 10023 100 2780265 2039346322 285276292 10245780
0b000501 0b00cf01 10030 100 4548532 2086227924 238458458 10394030
0b000001 0b00c801 10042 100 1046775 2082366036 242366694 10100442
0b000e01 0b00ca01 10011 100 2406114 2011247774 313922011 10214412
0b000201 0b00c601 10030 100 8290790 2053913818 271334225 10707780
0b000801 0b00cd01 10011 100 3135564 2019945996 305475916 10275567
0b000c01 0b00c201 10016 100 1606309 2045728892 279795567 10147355
0b000e01 0b00c101 10029 100 1936096 2065901305 259781740 10175005
0b000e01 0b00cb01 10008 100 1697547 2019521496 306261599 10155004
0b000001 0b00c701 10037 100 1757775 2074511885 251378702 10160052
0b000601 0b00c401 10040 100 1496131 2087840377 238095230 10138118
0b000401 0b00c401 10014 100 2083905 2058308127 267812776 10187394
0b000601 0b00c401 10023 100 1928253 2049026964 277431264 10174347
0b000d01 0b00c001 10010 100 3113466 2021698707 304762642 10273715
0b000201 0b00c601 10023 100 2924477 2043850491 282727424 10257870
0b000e01 0b00cc01 10024 100 1146925 2062687970 263989223 10108838
0b000301 0b00cc01 10019 100 2100053 2062044793 265174789 10188752
0b000101 0b00cd01 10003 100 3071771 2011533265 315846682 10270218
0b000f01 0b00c501 10006 100 4507781 2027541193 299954717 10390613
0b000d01 0b00c301 10020 100 14883772 2057130874 270739922 11260536
0b000e01 0b00cd01 10031 100 1068555 2089492384 238629724 10102269
0b000b01 0b00c101 10023 100 1912968 2081693149 246638360 10173063
0b000001 0b00cd01 10012 100 2460913 2022175090 306163189 10219003
0b000a01 0b00c001 10017 100 2325431 2052024972 276323766 10207646
0b000401 0b00cb01 10033 100 1161911 2082159807 246613983 10110094
0b000501 0b00cb01 10019 100 2151540 2043300061 285570867 10193066
0b000701 0b00cf01 10005 100 4819934 2016224318 312718426 10416783
0b000c01 0b00cc01 10049 100 1913029 2097905782 231054251 10173072
0b000101 0b00c801 10030 100 1438874 2083618598 245368730 10133315
0b000101 0b00cd01 10007 100 4745447 2023202318 306163695 10410540
0b000401 0b00c801 10013 100 1660936 2051483853 277959107 10151933
0b000a01 0b00cd01 10005 100 2702785 2027054269 302435155 10239282
0b000d01 0b00c201 10024 100 1327919 2067423693 262594045 10124013
0b000701 0b00c001 10000 100 4054767 2003876242 326391354 10352632
0b000001 0b00ce01 10033 100 1813782 2073772014 256506644 10164748
0b000b01 0b00ce01 10023 100 1974130 2091529364 238751889 10178194
0b000801 0b00c701 10043 100 1910641 2096772359 233656526 10172869
0b000d01 0b00cf01 10027 100 4353330 2060711879 269744305 10377665
0b000001 0b00cd01 10010 100 2587933 2017417850 313062179 10229652
0b000301 0b00ca01 10032 100 1973656 2083385580 247168129 10178152
0b000e01 0b00c601 10012 100 1628155 2033324257 297323222 10149187
0b000801 0b00cf01 10022 100 1955660 2082290272 248468989 10176643
0b000201 0b00ca01 10004 100 2863624 2016948222 313940590 10252767
0b000401 0b00cc01 10022 100 1863379 2080283912 251610525 10168908
0b000601 0b00ce01 10032 100 1811435 2086440950 245524240 10164552
0b000a01 0b00ce01 10015 100 5404873 2046364608 285604217 10465825
0b000401 0b00c201 10009 100 2575806 2020732596 311259538 10228636
0b000a01 0b00ce01 10017 100 2323665 2061011506 271048506 10207497
0b000101 0b00c601 10014 100 4871082 2038023937 294140337 10421075
0b000d01 0b00c501 10005 100 8818812 2017373060 314929975 10752049
0b000201 0b00c901 10032 100 1534706 2092093773 240791853 10141350
0b000a01 0b00cd01 10014 100 1614157 2052369568 280780770 10148014
0b000601 0b00c201 10024 100 1957082 2071274537 261991596 10176765
0b000701 0b00c601 10013 100 2769347 2033378230 299963058 10244864
0b000201 0b00c501 10031 100 1609990 2094339988 239071094 10147661
0b000e01 0b00ce01 10002 100 2015729 2004800055 328788340 10181679
0b000b01 0b00c101 10009 100 2658619 2043156997 290978144 10235580
0b000501 0b00cc01 10023 100 2384747 2046502068 287644730 10212618
0b000201 0b00c601 10043 100 1703172 2098113817 236154921 10155477
0b000801 0b00c601 10022 100 5750221 2070692268 263596880 10494781
0b000f01 0b00c101 10012 100 3207056 2026290402 308061724 10281563
0b000201 0b00ce01 10038 100 1666342 2088161863 246262103 10152388
0b000001 0b00c601 10049 100 1000018 2097403357 237612376 10096525
0b000501 0b00cb01 10042 100 1968540 2095655657 239502341 10177724
0b000801 0b00cc01 10018 100 2717250 2045262166 290126783 10240497
0b000101 0b00c901 10011 100 1783091 2031811714 303646639 10162177
0b000501 0b00c001 10023 100 2458045 2041038069 294460199 10218766
0b000801 0b00c901 10010 100 3529465 2039141300 296566671 10308592
0b000c01 0b00c701 10023 100 2300448 2076845271 259481552 10205551
0b000f01 0b00c101 10034 100 8575722 2093241531 243095401 10731669
0b000f01 0b00ca01 10021 100 3496806 2047182926 289231976 10305852
0b000601 0b00c901 10000 100 3146797 2001245481 335473378 10276508
0b000e01 0b00c001 10027 100 2144789 2066078447 270660484 10192499
0b000701 0b00c601 10025 100 4973959 2057279927 279551029 10429696
0b000101 0b00ce01 10004 100 4793521 2016986805 319912995 10414570
0b000701 0b00c801 10032 100 4144110 2095622831 241349153 10360125
0b000e01 0b00cc01 10036 100 1859314 2095456722 241522831 10168567
0b000301 0b00c101 10036 100 1804646 2085301405 251689715 10163982
0b000601 0b00ce01 10025 100 1959688 2075563118 261860915 10176981
0b000d01 0b00c701 10027 100 1304062 2069644189 267975005 10122016
0b000d01 0b00c401 10020 100 6728193 2061533321 276164876 10576774
0b000401 0b00ca01 10001 100 3822101 2001148021 336794505 10333128
0b000001 0b00c501 10045 100 1825531 2083369497 254631464 10165734
0b000f01 0b00ca01 10011 100 3223724 2024620641 313672637 10282958
0b000601 0b00c801 10026 100 1307163 2091464933 247214687 10122275
0b000601 0b00cf01 10001 100 3185266 2004312205 335408740 10279735
0b000501 0b00c001 10016 100 2848742 2019214239 320617587 10251519
0b000901 0b00c201 10012 100 2928516 2028779087 311614636 10258208
0b000e01 0b00c401 10028 100 1905076 2091161349 249306584 10172405
0b000c01 0b00c801 10026 100 1972285 2066995808 273523135 10178039
0b000c01 0b00cd01 10037 100 953266 2094503624 246315529 10092604
0b000901 0b00c401 10027 100 4547162 2092532489 248695630 10393917
0b000e01 0b00c301 10002 100 3087686 2002911413 338338440 10271552
0b000801 0b00ce01 10001 100 4046797 2003299966 338437838 10351964
0b000e01 0b00c301 10038 100 1534354 2088418730 253434888 10141322
0b000101 0b00ca01 10022 100 3863435 2066736845 275471444 10336592
0b000e01 0b00cf01 10009 100 1422921 2029988336 312230650 10131978
0b000801 0b00c201 10019 100 2876446 2055465955 286896754 10253843
0b000001 0b00c501 10019 100 2316429 2039307041 303078658 10206891
0b000e01 0b00c301 10042 100 2090764 2096769974 245929545 10187970
0b000101 0b00c001 10005 100 3099841 2012209026 330702535 10272571
0b000701 0b00cd01 10030 100 1906610 2093327995 249610462 10172531
0b000901 0b00c901 10005 100 2887376 2008513771 334543105 10254760
0b000001 0b00c801 10035 100 1730252 2071718022 271626275 10157747
0b000601 0b00ca01 10026 100 1806242 2085025099 258584913 10164118
0b000c01 0b00cf01 10025 100 2338062 2066199371 277910971 10208706
0b000f01 0b00c801 10027 100 3909948 2079084313 265200991 10340490
0b000301 0b00c601 10035 100 5797125 2091382939 252982732 10498714
0b000801 0b00c101 10042 100 3392846 2099003660 245548207 10297136
0b000f01 0b00c601 10006 100 3248444 2026919084 317977967 10285031
0b000f01 0b00c901 10028 100 7262940 2075915735 269403231 10621605
0b000601 0b00c201 10025 100 1920050 2074401094 271239575 10173660
0b000001 0b00c001 10028 100 1277649 2052943040 292724404 10119799
0b000c01 0b00ca01 10018 100 2505442 2070516615 275357908 10222738
0b000001 0b00c801 10043 100 1947167 2083088846 262869693 10175933
0b000401 0b00c101 10031 100 1942236 2075226456 270759565 10175520
0b000001 0b00cc01 10031 100 1959297 2085575525 260888769 10176950
0b000701 0b00c401 10020 100 2496156 2060652028 286057164 10221960
0b000001 0b00c401 10003 100 3006334 2012031782 334953853 10264733
0b000201 0b00c701 10034 100 2089260 2094062361 253461405 10187846
0b000401 0b00cd01 10016 100 3591567 2052741230 295670029 10313798
0b000d01 0b00c201 10036 100 1928503 2086180972 262581250 10174367
0b000101 0b00cd01 10013 100 2681436 2039652369 309444274 10237493
0b000001 0b00c801 10016 100 2590818 2036172297 313110027 10229894
0b000101 0b00c301 10024 100 4683511 2066091307 283248654 10405347
0b000901 0b00cb01 10031 100 1879435 2087022790 262462402 10170254
0b000a01 0b00ca01 10030 100 2138200 2088375729 261692472 10191949
0b000f01 0b00c101 10002 100 5041686 2007970240 342579227 10435376
0b000d01 0b00cd01 10005 100 4272224 2008470042 342296463 10370866
0b000201 0b00cd01 10021 100 2727147 2034651932 316171694 10241327
0b000701 0b00cc01 10016 100 7008240 2051867177 299465909 10600253
0b000801 0b00c101 10025 100 2598764 2052319542 299043728 10230561
0b000601 0b00cb01 10014 100 2223574 2059992827 291603529 10199106
0b000201 0b00cd01 10008 100 3328153 2011081814 340626210 10291715
0b000001 0b00cd01 10023 100 2364801 2046129730 305598743 10210945
0b000c01 0b00c201 10031 100 1177532 2089592071 262230806 10111406
0b000001 0b00ce01 10021 100 1440434 2046740395 305167464 10133448
0b000001 0b00c301 10031 100 854477 2089361536 262953178 10084321
0b000e01 0b00cb01 10026 100 2158593 2085210818 267293129 10193658
0b000001 0b00c601 10024 100 2418411 2048344440 304285493 10215441
0b000801 0b00c101 10002 100 4134764 2005235831 347394276 10359339
0b000001 0b00c501 10036 100 1470542 2071852074 280921787 10135972
0b000101 0b00cc01 10003 100 4608241 2003925482 348918922 10399037
0b000e01 0b00cb01 10030 100 1789809 2096137290 256909703 10162738
0b000c01 0b00c501 10035 100 2348212 2069163663 284392269 10209557
0b000501 0b00cb01 10031 100 2138741 2075922759 278040470 10191993
0b000801 0b00c301 10027 100 2288923 2074798919 279189536 10204583
0b000201 0b00cd01 10023 100 2750758 2036641447 317594730 10243304
0b000a01 0b00c701 10034 100 2378461 2065863325 288395524 10212092
0b000201 0b00c601 10042 100 2155228 2097354533 256925186 10193377
0b000d01 0b00cd01 10014 100 2993064 2038314256 316199071 10263622
0b000901 0b00ce01 10004 100 3182113 2021095288 333526297 10279471
0b000101 0b00cf01 10021 100 2678587 2043331117 312124129 10237254
0b000001 0b00ca01 10019 100 1642914 2062225457 293539145 10150422
0b000601 0b00c301 10008 100 6561967 2015538886 340239501 10562835
0b000e01 0b00c601 10013 100 1683266 2034535852 321748601 10153807
0b000201 0b00cb01 10014 100 7874020 2053003171 303311751 10672841
0b000e01 0b00c201 10003 100 3292039 2005152535 351187981 10288688
0b000f01 0b00c301 10019 100 2802547 2056751530 299745012 10247647
0b000d01 0b00ca01 10011 100 1840077 2044706670 311810043 10166955
0b000801 0b00c101 10035 100 1338606 2080252718 276631429 10124910
0b000101 0b00ca01 10021 100 3828414 2063868981 293016271 10333656
0b000b01 0b00cc01 10021 100 2859299 2041471051 316027578 10252406
0b000801 0b00cc01 10036 100 8839860 2092953937 264596030 10753814
0b000b01 0b00c301 10014 100 2725541 2054348543 303291916 10241191
0b000e01 0b00c501 10009 100 1716133 2025834747 331840618 10156563
0b000501 0b00c801 10016 100 3007600 2054071378 303726897 10264838
0b000601 0b00cc01 10024 100 2407761 2050887230 307240601 10214547
0b000001 0b00c001 10019 100 1742827 2034354226 324458673 10158799
0b000701 0b00c801 10008 100 7382728 2037505615 321379974 10631648
0b000c01 0b00cd01 10021 100 2772789 2047361496 311746167 10245151
0b000a01 0b00cb01 10038 100 6180784 2098562362 261190071 10530877
0b000901 0b00cb01 10019 100 2765674 2054086332 305666259 10244555
0b000001 0b00cc01 10013 100 2581855 2030004386 330112823 10229143
0b000c01 0b00c901 10025 100 1944218 2075849546 284319706 10175686
0b000401 0b00c001 10019 100 2213733 2084855955 275642562 10198280
0b000f01 0b00c601 10017 100 2741500 2056059979 304501517 10242529
0b000f01 0b00c101 10027 100 2578768 2076700338 283895627 10228884
0b000601 0b00c301 10006 100 8953669 2010835318 349805610 10763356
0b000001 0b00c401 10028 100 2168822 2084165018 276829456 10194514
0b000001 0b00c901 10009 100 8447117 2017296093 343956859 10720889
0b000901 0b00c901 10012 100 2565188 2021561423 340490825 10227748
0b000401 0b00c101 10038 100 2324519 2087727432 274797922 10207569
0b000e01 0b00c001 10031 100 1948860 2081256874 281495870 10176072
0b000101 0b00c101 10009 100 2177440 2018246190 344642243 10195238
0b000901 0b00cb01 10026 100 4418086 2069453869 293859246 10383095
0b000501 0b00c701 10016 100 1891502 2035073607 328309876 10171265
0b000601 0b00c901 10006 100 2647670 2025522089 338071924 10234661
0b000801 0b00c601 10018 100 2626500 2063738954 300733833 10232887
0b000201 0b00c301 10030 100 2350712 2076987615 287521223 10209764
0b000701 0b00ce01 10000 100 3432191 2002099861 362548487 10300438
0b000d01 0b00c901 10006 100 4225187 2020135012 344792390 10366922
0b000601 0b00ce01 10014 100 2528476 2042583553 322375012 10224669
0b000901 0b00c101 10013 100 3279876 2053653712 311432489 10287665
0b000401 0b00c201 10037 100 2325924 2082911745 282591609 10207685
0b000d01 0b00c001 10028 100 1263152 2080500009 285706182 10118585
0b000501 0b00cc01 10033 100 8364651 2069018910 297220203 10713973
0b000d01 0b00c701 10026 100 7606565 2065710796 301545133 10650416
0b000401 0b00c501 10012 100 7579348 2038977016 328397771 10648135
0b000f01 0b00c701 10027 100 2631446 2095313917 272123620 10233302
0b000a01 0b00cf01 10008 100 3323933 2017477072 350281015 10291358
0b000101 0b00ca01 10005 100 3375194 2017507319 351016920 10295659
0b000f01 0b00cd01 10014 100 18829186 2051331230 317277077 11591322
0b000001 0b00c401 10026 100 2255732 2076055396 293388885 10201801
0b000401 0b00cc01 10008 100 2736243 2033324686 336339992 10242089
0b000801 0b00c701 10025 100 14077633 2050553390 319165647 11192950
0b000901 0b00c501 10036 100 4061825 2090378438 279367896 10353224
0b000f01 0b00ce01 10017 100 7273841 2048766903 321386579 10622519
0b000c01 0b00cd01 10012 100 3268400 2019179634 351273965 10286704
0b000501 0b00c501 10024 100 5445519 2058187445 312569140 10469234
0b000201 0b00cd01 10012 100 3323070 2014583968 356505398 10291289
0b000b01 0b00ca01 10021 100 6732453 2053142757 318047053 10577130
0b000601 0b00c201 10037 100 1999976 2096779033 274539784 10180358
0b000101 0b00ca01 10028 100 3495050 2094247476 277149318 10305708
0b000301 0b00c301 10039 100 2637228 2098962976 272646356 10233788
0b000001 0b00c301 10018 100 1299402 2061285693 310335745 10121624
0b000e01 0b00c301 10015 100 3052744 2027906795 344056367 10268623
0b000e01 0b00ca01 10042 100 2430195 2089470337 282639672 10216430
0b000201 0b00ce01 10016 100 3051012 2027229447 345304526 10268480
0b000901 0b00c401 10015 100 5619696 2052067636 320660980 10483836
0b000f01 0b00c901 10026 100 4195453 2068401769 304659916 10364428
0b000e01 0b00c201 10011 100 3243630 2020579918 352697872 10284627
0b000801 0b00c001 10004 100 3545392 2011880000 361552472 10309928
0b000f01 0b00c901 10000 100 5087152 2002963722 371105928 10439190
0b000b01 0b00c801 10029 100 3793824 2074844451 299951501 10330754
0b000501 0b00cc01 10021 100 2284691 2039575632 338398458 10204229
0b000901 0b00cd01 10033 100 3482930 2081944943 296180534 10304689
0b000401 0b00c401 10027 100 2180815 2086643151 291509000 10195520
0b000301 0b00c301 10017 100 1913439 2043801810 334422699 10173104
0b000701 0b00ca01 10028 100 1878196 2081370333 297012441 10170151
0b000a01 0b00c201 10031 100 2360573 2081925968 296551410 10210592
0b000501 0b00c001 10033 100 8085947 2068710557 309768213 10690606
0b000101 0b00c101 10007 100 3664945 2015629456 363040922 10319949
0b000d01 0b00c401 10013 100 2989041 2043852360 334859021 10263284
0b000201 0b00cc01 10019 100 1611844 2049274882 330177598 10147817
0b000501 0b00c601 10021 100 2395945 2066710507 313007093 10213556
0b000f01 0b00cf01 10017 100 1938496 2053337348 326411835 10175205
0b000401 0b00c901 10011 100 2981798 2021615821 358528076 10262674
0b000e01 0b00c301 10023 100 2638102 2064019597 316894042 10233861
0b000301 0b00c801 10040 100 2251183 2088516182 292448102 10201422
0b000101 0b00c301 10034 100 5110041 2083582439 297394584 10441109
0b000101 0b00ce01 10022 100 2693936 2059700002 321408771 10238539
0b000801 0b00ca01 10005 100 5775785 2013046156 368815136 10496922
0b000b01 0b00cc01 10003 100 9128233 2004491488 377816151 10777994
0b000f01 0b00c901 10005 100 9347833 2008436327 374610106 10796402
0b000701 0b00c001 10031 100 2219256 2088623505 294928761 10198745
0b000101 0b00ca01 10010 100 3860570 2021641831 361944741 10336351
0b000e01 0b00c101 10040 100 2227081 2097596235 286534276 10199402
0b000f01 0b00ce01 10002 100 4790880 2009130762 375435535 10414347
0b000001 0b00cd01 10021 100 1695731 2042073424 343544627 10154851
0b000501 0b00ce01 10036 100 3947874 2085460941 300317836 10343670
0b000501 0b00ce01 10011 100 3091756 2031598280 354328583 10271893
0b000701 0b00cd01 10035 100 4966816 2099602082 286471113 10429098
0b000601 0b00cc01 10015 100 2732657 2036810770 349357610 10241787
0b000101 0b00c201 10033 100 5014353 2091968261 294289851 10433085
0b000301 0b00c901 10018 100 6824393 2054749321 331753693 10584839
0b000d01 0b00c801 10008 100 17978421 2011332219 375230612 11519993
0b000301 0b00c701 10015 100 3075954 2055767788 331056857 10270568
0b000601 0b00c001 10006 100 3164191 2021030505 365832767 10277968
0b000601 0b00c401 10013 100 6876586 2029175651 357913647 10589214
0b000d01 0b00cc01 10022 100 7511301 2084366097 302961680 10642430
0b000001 0b00c101 10029 100 1591013 2097434883 290012234 10146074
0b000901 0b00cf01 10016 100 8595789 2050046726 337782767 10733351
0b000901 0b00c901 10015 100 3496655 2023797533 364526060 10305840
0b000101 0b00c801 10008 100 3434794 2021981625 366400131 10300653
0b000401 0b00c101 10002 100 3802463 2008233434 380211469 10331480
0b000901 0b00cd01 10020 100 3185214 2059384028 329279193 10279731
0b000d01 0b00c501 10017 100 2948570 2058044907 330641079 10259889
0b000901 0b00cf01 10027 100 3521329 2076746298 312189399 10307910
0b000a01 0b00c701 10027 100 2890951 2054902643 334350762 10255057
0b000201 0b00ca01 10024 100 1240256 2096897154 292785668 10116665
0b000e01 0b00c501 10026 100 1351609 2074351443 315367018 10126000
0b000101 0b00c601 10033 100 3157830 2085079990 304742834 10277433
0b000801 0b00c801 10018 100 2179940 2038033807 352119522 10195446
0b000301 0b00c001 10009 100 3262401 2048545577 342175895 10286202
0b000901 0b00c201 10023 100 3102157 2066960965 324129705 10272768
0b000801 0b00c301 10003 100 3938482 2007822280 383744073 10342884
0b000201 0b00c601 10032 100 2823462 2057440403 334127646 10249401
0b000f01 0b00c201 10013 100 4767546 2029349695 362437514 10412392
0b000a01 0b00c101 10008 100 3380074 2034484728 358144655 10296068
0b000201 0b00c101 10009 100 3369599 2023766607 369047673 10295188
0b000301 0b00cc01 10031 100 1554280 2084082573 308774011 10142993
0b000801 0b00c701 10023 100 3309451 2047230608 345737458 10290146
0b000901 0b00c001 10022 100 7513788 2063737739 329245509 10642636
0b000701 0b00c501 10016 100 2881179 2064269168 328871573 10254241
0b000001 0b00cf01 10013 100 3008844 2032084773 361503757 10264942
0b000201 0b00c101 10016 100 1824015 2036248881 357356411 10165609
0b000801 0b00c701 10027 100 3216251 2056060583 337709111 10282333
0b000e01 0b00c401 10031 100 1991691 2097597465 296452393 10179664
0b000701 0b00c401 10035 100 3822562 2082627743 311448943 10333165
0b000601 0b00c201 10003 100 3488423 2006505406 387634782 10305151
0b000301 0b00c901 10000 100 3976852 2004976118 389165657 10346099
0b000f01 0b00cc01 10031 100 20424058 2078825382 315562570 11725036
0b000c01 0b00cc01 10018 100 5418977 2035830323 358762685 10467007
0b000701 0b00c901 10012 100 3381831 2038006510 356878559 10296213
0b000201 0b00c201 10010 100 5884943 2029531351 365749921 10506073
0b000901 0b00cd01 10004 100 4040770 2011016758 384377506 10351459
0b000701 0b00ca01 10020 100 2597984 2051341369 344120235 10230495
0b000701 0b00cd01 10034 100 5125664 2098006765 297547149 10442416
0b000901 0b00c101 10001 100 4344248 2008518588 387251683 10376904
0b000701 0b00c501 10029 100 2898774 2087765506 308177391 10255714
0b000301 0b00c701 10006 100 3309217 2026041112 370473836 10290127
0b000301 0b00c501 10024 100 3607561 2065039306 331482682 10315139
0b000a01 0b00c701 10022 100 2929753 2052321037 344249378 10258311
0b000c01 0b00cc01 10001 100 4319011 2004723482 392103440 10374789
0b000b01 0b00c601 10023 100 2922859 2053856917 342978783 10257733
0b000001 0b00c901 10033 100 2499891 2060605068 336307468 10222271
0b000401 0b00c901 10018 100 2769502 2045724451 351295670 10244876
0b000d01 0b00c401 10008 100 3577497 2032269460 365074713 10312619
0b000b01 0b00c301 10012 100 3185996 2050940848 346525573 10279793
0b000301 0b00c201 10006 100 4002489 2006476285 391552696 10348250
0b000a01 0b00c701 10032 100 2886672 2063395851 334708382 10254699
0b000701 0b00ca01 10004 100 4241835 2008640252 389529022 10368316
0b000f01 0b00cc01 10011 100 9985282 2024210365 374050883 10849848
0b000201 0b00c201 10013 100 3440501 2038023603 360341386 10301133
0b000201 0b00c301 10012 100 2989360 2040304159 358077795 10263310
0b000e01 0b00c601 10024 100 2765817 2062765355 335833302 10244566
0b000701 0b00ce01 10039 100 6234392 2095318863 303292038 10535373
0b000801 0b00cf01 10006 100 3914913 2016108287 382514065 10340906
0b000501 0b00cf01 10002 100 3904851 2011551884 387165950 10340063
0b000901 0b00cb01 10028 100 3742391 2074272735 324823257 10326444
0b000c01 0b00cd01 10023 100 3327025 2054866754 344642994 10291621
0b000401 0b00ce01 10025 100 2525367 2064228767 335607333 10224409
0b000701 0b00c801 10004 100 4016456 2015240046 384864682 10349421
0b000401 0b00cf01 10022 100 2669926 2076216490 324447916 10236526
0b000801 0b00c601 10020 100 2770180 2067028043 334205697 10244935
0b000901 0b00cd01 10035 100 5546601 2085084519 316279998 10477708
0b000001 0b00cc01 10035 100 2487632 2097341208 304030125 10221244
0b000e01 0b00cd01 10008 100 3572677 2022105622 379340202 10312214
0b000a01 0b00c001 10020 100 1818030 2055977067 345637795 10165107
0b000701 0b00c501 10024 100 2986370 2080357285 321822698 10263059
0b000701 0b00c401 10027 100 2709523 2072602553 329671357 10239848
0b000501 0b00c901 10030 100 4793903 2087729041 314731794 10414601
0b000f01 0b00c301 10017 100 3864344 2055372842 347112720 10336669
0b000301 0b00ce01 10027 100 2532664 2072144569 330374899 10225019
0b000701 0b00c901 10024 100 2890530 2087995735 314535223 10255023
0b000701 0b00c601 10037 100 2682656 2094867962 307665902 10237595
0b000a01 0b00c001 10012 100 3461232 2037160395 365506020 10302872
0b000f01 0b00ce01 10029 100 3651203 2089490575 313306466 10318799
0b000d01 0b00c501 10007 100 3880105 2024449510 378624219 10337991
0b000201 0b00ca01 10025 100 2411203 2099108865 304099416 10214838
0b000f01 0b00cd01 10005 100 6803297 2017863637 385698140 10583071
0b000e01 0b00c901 10018 100 2970391 2052765416 350827742 10261719
0b000c01 0b00c501 10018 100 3130771 2043458837 360694954 10275164
0b000601 0b00c701 10014 100 2767448 2037450334 366920403 10244704
0b000d01 0b00c101 10007 100 3869672 2037445120 367133806 10337114
0b000b01 0b00c101 10017 100 3389042 2070850869 333796008 10296820
0b000601 0b00c901 10015 100 1558904 2051001472 353652159 10143378
0b000001 0b00c701 10014 100 3407558 2023411530 381587352 10298371
0b000a01 0b00cf01 10029 100 2645633 2067779922 337375530 10234491
0b000c01 0b00c501 10014 100 3730263 2030125911 375192268 10325428
0b000c01 0b00c701 10008 100 3866218 2030251406 375253071 10336826
0b000501 0b00c601 10031 100 3784178 2094418797 311273635 10329948
0b000001 0b00c501 10017 100 4592849 2038120033 367810804 10397745
0b000701 0b00c701 10011 100 3691105 2029581122 376696961 10322145
0b000101 0b00c101 10010 100 9623929 2024455485 381823277 10819550
0b000701 0b00c101 10020 100 3310492 2065316197 341813062 10290233
0b000401 0b00c701 10032 100 2306594 2099005326 308142194 10206066
0b000a01 0b00c801 10016 100 3818115 2031309863 375878100 10332794
0b000401 0b00c601 10025 100 3005376 2059939568 347361227 10264653
0b000f01 0b00ca01 10013 100 4642347 2029641690 377756485 10401896
0b000501 0b00c101 10028 100 2969214 2088552888 318924868 10261621
0b000301 0b00c601 10008 100 3474152 2031807499 376069443 10303956
0b000201 0b00c001 10008 100 3513503 2035228952 372745057 10307254
0b000901 0b00cd01 10014 100 3840480 2034700300 373303714 10334667
0b000a01 0b00c001 10026 100 3695989 2067629108 340467727 10322551
0b000f01 0b00cf01 10024 100 4099665 2064691642 343595691 10356397
0b000101 0b00cc01 10012 100 3465852 2018792692 389779618 10303257
0b000d01 0b00cd01 10031 100 2987904 2085900646 322710179 10263186
0b000f01 0b00cf01 10022 100 25441836 2061774377 346838931 12145724
0b000e01 0b00ce01 10012 100 3188104 2024331219 384307694 10279974
0b000001 0b00c001 10018 100 2005903 2033208872 375701785 10180855
0b000a01 0b00c301 10007 100 3510735 2022230780 386784252 10307021
0b000f01 0b00c601 10023 100 3784211 2072574649 336653938 10329951
0b000301 0b00c101 10029 100 3686082 2066586345 342965790 10321724
0b000901 0b00c101 10014 100 3505427 2058451938 351388648 10306577
0b000b01 0b00c801 10019 100 3532574 2060353580 349924806 10308852
0b000801 0b00c101 10016 100 6671142 2035834080 374620768 10571991
0b000001 0b00c201 10023 100 2739199 2084277342 326458856 10242337
0b000c01 0b00c001 10015 100 2957572 2062886638 347960651 10260644
0b000f01 0b00c201 10027 100 4483653 2045272417 365599559 10388590
0b000001 0b00c501 10016 100 3033787 2037131335 374159213 10267033
0b000901 0b00c201 10027 100 3523138 2071796448 339511394 10308063
0b000801 0b00c601 10016 100 3416599 2055468099 355874210 10299129
0b000901 0b00c001 10008 100 4696377 2025441798 386612976 10406426
0b000c01 0b00c401 10039 100 3050426 2087795342 324885775 10268429
0b000b01 0b00c501 10015 100 4260532 2045729913 367214094 10369884
0b000b01 0b00c601 10013 100 5601337 2036123470 377415638 10482298
0b000101 0b00cf01 10009 100 3545579 2017617979 395923357 10309942
0b000f01 0b00cf01 10001 100 2820541 2014380115 399348877 10249155
0b000b01 0b00c001 10006 100 4318077 2007436898 406367754 10374711
0b000a01 0b00ca01 10011 100 3241102 2036264709 377813967 10284417
0b000d01 0b00c201 10028 100 3302112 2070957941 343131502 10289532
0b000201 0b00cc01 10021 100 3290133 2051298684 362954525 10288528
0b000a01 0b00cb01 10012 100 5596592 2034411750 379986460 10481899
0b000e01 0b00c901 10026 100 3111049 2076387317 338029685 10273514
0b000c01 0b00c701 10011 100 3435262 2037761312 377340442 10300695
0b000d01 0b00c101 10025 100 5364352 2087043608 328162860 10462429
0b000501 0b00c801 10019 100 3310678 2079907454 335824970 10290248
0b000501 0b00ca01 10012 100 3603613 2033146171 382657126 10314808
0b000001 0b00cf01 10015 100 3137270 2035142235 380815786 10275711
0b000d01 0b00c201 10030 100 3353488 2073687404 342369216 10293838
0b000801 0b00cb01 10035 100 9296868 2086008226 330525828 10792129
0b000301 0b00c001 10026 100 3013075 2077222896 339615125 10265299
0b000d01 0b00c201 10033 100 1537144 2078956896 337935179 10141557
0b000701 0b00c001 10023 100 4452086 2065817974 351204503 10385946
0b000701 0b00cb01 10036 100 2792113 2086028149 331028126 10246774
0b000601 0b00c501 10008 100 3003462 2025307286 392178139 10264492
0b000201 0b00c501 10007 100 3636478 2021356668 396373165 10317564
0b000101 0b00c101 10037 100 2873461 2088303575 329802716 10253593
0b000201 0b00cb01 10005 100 3678508 2017538143 400762470 10321088
0b000001 0b00c401 10010 100 1837265 2032036633 387254807 10166719
0b000501 0b00c201 10007 100 3539992 2026200312 393140747 10309472
0b000801 0b00c901 10031 100 3393695 2099189501 320255016 10297208
0b000801 0b00ce01 10029 100 3394981 2064381506 355082735 10297315
0b000701 0b00c901 10016 100 7605538 2056173627 364066216 10650330
0b000301 0b00cb01 10038 100 2788481 2072225116 348038297 10246468
0b000601 0b00c001 10017 100 2835814 2044473152 375927962 10250435
0b000801 0b00c601 10012 100 3478733 2043652946 376884482 10304338
0b000b01 0b00c401 10028 100 8202376 2057894608 362755983 10700369
0b000101 0b00cb01 10019 100 3252989 2054621201 366355008 10285410
0b000f01 0b00c101 10007 100 4796255 2019670919 401326038 10414800
0b000f01 0b00cc01 10007 100 4648515 2014230461 406866003 10402413
0b000501 0b00c701 10008 100 3654347 2019014907 402252167 10319062
0b000f01 0b00c701 10026 100 8378024 2092762829 328570731 10715097
0b000001 0b00cb01 10025 100 2549847 2090864911 330951348 10226459
0b000501 0b00c401 10005 100 3401266 2031783064 390043035 10297844
0b000d01 0b00cc01 10010 100 3446348 2043289954 379160437 10301624
0b000b01 0b00ce01 10025 100 4826873 2095138219 327973869 10417365
0b000b01 0b00ce01 10022 100 2919634 2090316250 332814824 10257463
0b000501 0b00c201 10000 100 4918962 2001623651 421528270 10425085
0b000401 0b00cf01 10030 100 2784377 2097460553 325901631 10246124
0b000801 0b00c101 10008 100 5490529 2015865583 407567588 10473007
0b000c01 0b00cc01 10013 100 3782589 2026651465 396973048 10329813
0b000d01 0b00ce01 10022 100 3217713 2069271583 354625441 10282454
0b000201 0b00cf01 10029 100 1444507 2077450021 346450588 10133789
0b000701 0b00c601 10038 100 3364550 2095675958 328275105 10294765
0b000d01 0b00c601 10011 100 3660417 2035720951 388497740 10319571
0b000c01 0b00cc01 10027 100 3381141 2052003108 372441109 10296158
0b000101 0b00cc01 10021 100 3809605 2035277890 389230315 10332078
0b000201 0b00cd01 10029 100 3092366 2071443762 353283444 10271946
0b000f01 0b00c801 10013 100 4613554 2029639438 395162760 10399482
0b000701 0b00c601 10010 100 4019747 2025025734 399898724 10349696
0b000601 0b00c501 10007 100 3368875 2021425322 403920058 10295126
0b000001 0b00cf01 10009 100 3544296 2027030274 398417897 10309836
0b000901 0b00ca01 10017 100 9114368 2031145695 394493739 10776831
0b000501 0b00cc01 10016 100 3280004 2026208147 399448969 10287679
0b000d01 0b00cb01 10030 100 3061272 2081833071 344030060 10269339
0b000a01 0b00cf01 10039 100 3014724 2080652285 345373045 10265435
0b000401 0b00c501 10038 100 2640014 2095716012 330474258 10234022
0b000b01 0b00c701 10039 100 3322209 2095690697 330947739 10291217
0b000f01 0b00cd01 10015 100 4386803 2052736433 374082985 10380470
0b000d01 0b00c901 10013 100 3939092 2028620898 398223404 10342936
0b000f01 0b00cd01 10004 100 5442389 2011194659 415714492 10468972
0b000501 0b00cb01 10034 100 3551183 2078849135 348804721 10310414
0b000d01 0b00cf01 10046 100 3021371 2096861037 331132200 10265994
0b000301 0b00c501 10011 100 3782996 2022414745 406047383 10329846
0b000701 0b00c801 10025 100 3265760 2080737066 347981928 10286482
0b000501 0b00ca01 10007 100 3766565 2019113737 409622019 10328470
0b000501 0b00c701 10030 100 3189117 2068240861 360531812 10280058
0b000c01 0b00c301 10011 100 3969964 2044770440 384876041 10345521
0b000001 0b00c901 10038 100 2956721 2069201523 360519896 10260572
0b000501 0b00cf01 10014 100 3596607 2047450992 382273999 10314221
0b000b01 0b00cb01 10005 100 4242916 2022306686 407472692 10368406
0b000b01 0b00c401 10014 100 4390324 2030876705 399199154 10380767
0b000101 0b00c201 10036 100 3654290 2097604656 332685570 10319058
0b000901 0b00c501 10003 100 4905494 2008939727 421362612 10423958
0b000a01 0b00c001 10024 100 3212230 2064453614 366393101 10281996
0b000601 0b00ce01 10004 100 3455816 2014412343 416966779 10302416
0b000d01 0b00c801 10027 100 3266227 2078198816 353887158 10286523
0b000c01 0b00c201 10023 100 18703457 2059915213 372363010 11580779
0b000c01 0b00ca01 10009 100 3156423 2040459702 391966757 10277316
0b000c01 0b00cc01 10041 100 3275306 2078713341 354124360 10287284
0b000e01 0b00ce01 10037 100 1221790 2097162473 335796008 10115115
0b000001 0b00c901 10045 100 1278937 2093624530 339795391 10119906
0b000201 0b00c601 10008 100 4283265 2012581536 421178257 10371791
0b000501 0b00c701 10017 100 3430075 2037191781 396690989 10300261
0b000601 0b00c501 10002 100 3929104 2006129943 427895665 10342099
0b000801 0b00c701 10036 100 8230645 2073246538 360874682 10702738
0b000701 0b00c001 10022 100 3398200 2054652465 379857765 10297588
0b000701 0b00cd01 10021 100 3956958 2058828559 375997557 10344431
0b000801 0b00c401 10029 100 4087344 2077973441 357078319 10355365
0b000201 0b00c501 10032 100 2570442 2094470176 340861387 10228188
0b000401 0b00cd01 10002 100 4895736 2002250484 433162171 10423139
0b000d01 0b00cd01 10022 100 3737241 2055862976 379775824 10326013
0b000f01 0b00cb01 10033 100 6664893 2084825520 350835940 10571465
0b000301 0b00c901 10002 100 4476180 2005692031 429971185 10387966
0b000701 0b00c201 10038 100 3622723 2092533797 343593198 10316410
0b000201 0b00c401 10013 100 3297960 2035484734 400814636 10289181
0b000d01 0b00c101 10004 100 4308431 2030553332 405905334 10373901
0b000a01 0b00c701 10023 100 9077852 2052350098 384362558 10773767
0b000701 0b00c201 10028 100 3729924 2080616334 356271203 10325397
0b000101 0b00c501 10006 100 9662651 2009904488 427104904 10822798
0b000801 0b00c201 10029 100 2950468 2085698419 351435245 10260049
0b000301 0b00ca01 10015 100 8849742 2035840262 401603784 10754643
0b000801 0b00c101 10026 100 4049928 2053647182 384020692 10352226
0b000501 0b00c101 10022 100 7488343 2069462768 368212343 10640505
0b000d01 0b00ce01 10000 100 4345731 2003990330 433832074 10377027
0b000b01 0b00c101 10016 100 4251417 2070630307 367291116 10369121
0b000301 0b00cf01 10001 100 4643637 2009779679 428268113 10402003
0b000901 0b00c801 10019 100 4939908 2065810152 372444638 10426842
0b000601 0b00cd01 10006 100 2112266 2018639558 419849716 10189775
0b000c01 0b00ca01 10021 100 1597829 2074681774 363964868 10146642
0b000b01 0b00cc01 10025 100 4580731 2063038247 375859226 10396729
0b000501 0b00c401 10009 100 3462387 2059273332 379982937 10302968
0b000201 0b00c901 10010 100 4281160 2024155973 415110508 10371615
0b000d01 0b00c501 10024 100 4654217 2084436876 354848919 10402892
0b000501 0b00c401 10029 100 7441038 2092077778 347290022 10636540
0b000201 0b00ce01 10032 100 2812607 2070228600 369331045 10248490
0b000401 0b00c301 10027 100 3448880 2047044423 393257727 10301834
0b000c01 0b00c301 10033 100 2789330 2099796302 340535305 10246540
0b000c01 0b00cd01 10013 100 2355111 2020348143 420105768 10210135
0b000e01 0b00cf01 10004 100 3967652 2013245336 427381411 10345329
0b000d01 0b00c201 10016 100 4304158 2050522146 390137710 10373543
0b000201 0b00c901 10000 100 4659259 2006298904 435012746 10403315
0b000501 0b00cd01 10039 100 4367423 2099902220 342861500 10378846
0b000501 0b00c501 10002 100 4649560 2007012693 435764020 10402500
0b000201 0b00cc01 10000 100 6294141 2001766292 441170617 10540384
0b000101 0b00c501 10014 100 1956237 2033981041 410322686 10176693
0b000301 0b00ce01 10012 100 3827355 2029093529 415353209 10333567
0b000f01 0b00cd01 10009 100 5595151 2035150178 409405594 10481780
0b000301 0b00cc01 10003 100 4094018 2014097006 430466069 10355926
0b000401 0b00c901 10006 100 2157259 2015255235 429502015 10193547
0b000401 0b00c201 10018 100 3316169 2048928366 395949940 10290710
0b000501 0b00c801 10025 100 18635463 2095145704 349787277 11575079
0b000501 0b00c701 10012 100 3879461 2030303550 414945478 10337936
0b000301 0b00c501 10023 100 1793500 2064994121 380631699 10163048
0b000601 0b00c001 10026 100 3216531 2080335131 365660177 10282355
0b000201 0b00c901 10031 100 3474108 2087130681 358975366 10303952
0b000e01 0b00cc01 10017 100 2909064 2047636735 398824409 10256579
0b000701 0b00c401 10040 100 6933591 2097800523 348989660 10593993
0b000601 0b00cf01 10023 100 3394612 2061328973 385484598 10297285
0b000501 0b00cf01 10028 100 3441631 2081967661 364934093 10301227
0b000301 0b00cb01 10022 100 4273793 2036070860 410998608 10370995
0b000e01 0b00cc01 10031 100 3081890 2086558581 361215766 10271066
0b000e01 0b00ca01 10038 100 3608259 2080903022 367119110 10315199
0b000001 0b00c701 10042 100 2557525 2087910126 360446508 10227104
0b000701 0b00c701 10019 100 4076385 2049388438 399078247 10354446
0b000a01 0b00c901 10019 100 3706849 2046028365 402624199 10323462
0b000201 0b00c101 10023 100 20498679 2054507071 394192183 11731290
0b000e01 0b00c601 10026 100 3226526 2067936015 380821944 10283193
0b000101 0b00c801 10034 100 9229339 2096605670 352281056 10786470
0b000b01 0b00c701 10028 100 3752606 2076367781 372656397 10327300
0b000001 0b00cd01 10003 100 2754938 2005290824 443829939 10243654
0b000e01 0b00c801 10025 100 3723258 2061526454 387707770 10324840
0b000a01 0b00cc01 10021 100 4240411 2060212602 389164361 10368198
0b000001 0b00cc01 10021 100 3399083 2048883599 400613467 10297662
0b000001 0b00c901 10031 100 1615336 2058170180 391938516 10148112
0b000901 0b00c201 10021 100 4785035 2055486908 394809225 10413861
0b000301 0b00c701 10017 100 3624275 2057925609 392809274 10316542
0b000e01 0b00c401 10000 100 4435312 2003591678 447329128 10384539
0b000701 0b00c601 10032 100 9379673 2084629349 366339357 10799073
0b000f01 0b00ca01 10037 100 23039172 2088469610 362573568 11944287
0b000b01 0b00cc01 10005 100 3529108 2008099921 443850141 10308563
0b000801 0b00c401 10032 100 9381526 2088972931 363354478 10799228
0b000901 0b00c001 10017 100 5752860 2047887502 404820881 10495000
0b000f01 0b00cf01 10034 100 19430291 2090618083 362568969 11641718
0b000501 0b00cf01 10020 100 4818528 2056424526 397265372 10416667
0b000301 0b00c001 10020 100 1730321 2065909631 388015401 10157752
0b000c01 0b00cc01 10012 100 4417238 2024363345 429929357 10383024
0b000001 0b00c701 10004 100 2728742 2003894063 450430980 10241458
0b000201 0b00c301 10021 100 1996029 2051709527 402746951 10180030
0b000a01 0b00ca01 10028 100 9899227 2086825788 368604527 10842634
0b000401 0b00c801 10019 100 7420304 2064744382 390865407 10634800
0b000b01 0b00ca01 10010 100 4650296 2020305603 435337357 10402563
0b000501 0b00cb01 10040 100 5860412 2092243342 363460915 10504019
0b000301 0b00c901 10009 100 11333153 2031399765 424308846 10962854
0b000e01 0b00c801 10018 100 1903345 2040922511 414918064 10172258
0b000901 0b00cb01 10035 100 7919706 2092040533 363931281 10676669
0b000301 0b00c701 10019 100 1863079 2061589077 394385883 10168884
0b000501 0b00ce01 10024 100 3699848 2057379790 398653581 10322875
0b000b01 0b00cc01 10029 100 3149599 2070632296 385564667 10276743
0b000401 0b00c501 10019 100 4206247 2065299974 391035495 10365334
0b000101 0b00cd01 10016 100 4235711 2041220845 415139841 10367803
0b000a01 0b00cd01 10012 100 3662225 2045210158 411189532 10319723
0b000901 0b00ce01 10002 100 4565791 2018340100 438479184 10395476
0b000301 0b00c801 10003 100 4610668 2004926471 452037344 10399239
0b000801 0b00c701 10013 100 4039871 2026691365 430621595 10351383
0b000301 0b00cd01 10033 100 6381847 2098444714 359110043 10547734
0b000901 0b00c401 10013 100 4779831 2034896294 423195316 10413421
0b000801 0b00cc01 10004 100 5272121 2007196403 451138270 10454698
0b000f01 0b00c901 10017 100 4812542 2040682336 417745452 10416165
0b000001 0b00c401 10007 100 3940506 2021352562 437163792 10343053
0b000f01 0b00cf01 10031 100 9433810 2082670797 376057623 10803611
0b000b01 0b00cf01 10032 100 3925041 2096236273 362624936 10341759
0b000d01 0b00c301 10033 100 3829210 2096967306 362631189 10333724
0b000601 0b00c401 10006 100 3760642 2009509339 450137804 10327973
0b000201 0b00c201 10023 100 3814348 2060938269 398935376 10332477
0b000a01 0b00cf01 10023 100 4212114 2055694121 404392133 10365827
0b000601 0b00c401 10014 100 3348976 2031155436 429184638 10293458
0b000801 0b00c201 10015 100 4367855 2045459064 415252017 10378881
0b000001 0b00c501 10006 100 3999614 2016351192 444701104 10348009
0b000601 0b00c401 10009 100 3624338 2015149699 446065120 10316547
0b000e01 0b00c401 10010 100 4251874 2033383349 427971551 10369157
0b000a01 0b00ca01 10009 100 4006856 2030644494 430783871 10348615
0b000c01 0b00c301 10014 100 4292398 2051086418 410838584 10372556
0b000e01 0b00c801 10039 100 3941509 2090915429 371105270 10343138
0b000b01 0b00cd01 10006 100 4717533 2026133091 436694172 10408199
0b000f01 0b00c901 10015 100 5872696 2039810731 423781162 10505048
0b000901 0b00c001 10014 100 5170722 2044081664 419748496 10446194
0b000801 0b00c801 10021 100 12087384 2047575340 416262278 11026088
0b000701 0b00c701 10029 100 4274673 2083965399 380404053 10371069
0b000b01 0b00cb01 10031 100 11648168 2095676280 368747800 10989265
0b000401 0b00c601 10018 100 4101732 2043517775 421031913 10356570
0b000b01 0b00cb01 10020 100 5930526 2066739598 397843074 10509897
0b000801 0b00ce01 10034 100 4042103 2078229215 386840571 10351573
0b000a01 0b00cf01 10004 100 4600388 2009155481 455923659 10398378
0b000b01 0b00c001 10014 100 4281240 2036672999 428858488 10371622
0b000301 0b00c001 10004 100 4961347 2023576884 442470793 10428641
0b000701 0b00cf01 10029 100 4466432 2087679795 378653321 10387147
0b000c01 0b00cc01 10030 100 4264800 2055267789 411335335 10370241
0b000001 0b00c701 10025 100 1937611 2042813109 424008750 10175130
0b000801 0b00ce01 10010 100 4798020 2029511743 437455725 10414949
0b000001 0b00cf01 10000 100 8964960 2000535768 467134394 10764302
0b000701 0b00ce01 10035 100 3702906 2089562941 378858316 10323132
0b000a01 0b00ca01 10032 100 4902137 2090307273 378367908 10423678
0b000701 0b00c901 10018 100 4049805 2057688281 411468398 10352216
0b000501 0b00c101 10011 100 3748764 2037036830 432439151 10326977
0b000d01 0b00c001 10001 100 6354662 2002352339 467280670 10545456
0b000101 0b00c201 10035 100 7606485 2097252768 372709451 10650409
0b000d01 0b00c901 10024 100 4190267 2052587294 417495761 10363994
0b000e01 0b00c301 10021 100 4002407 2062194925 407948340 10348244
0b000f01 0b00c001 10009 100 5682694 2025225539 445157016 10489118
0b000f01 0b00cf01 10002 100 6770586 2014506139 456025545 10580327
0b000301 0b00cd01 10023 100 1800512 2063583609 407110180 10163636
0b000501 0b00c601 10026 100 4805561 2074674735 396670117 10415579
0b000b01 0b00c201 10006 100 5337620 2028289208 443299780 10460187
0b000b01 0b00cb01 10028 100 3578414 2081363431 390535389 10312696
0b000401 0b00cc01 10021 100 4328975 2077560501 394351304 10375621
0b000001 0b00ce01 10002 100 4558295 2006867095 465164099 10394850
0b000601 0b00cf01 10026 100 1643793 2071104168 400933269 10150496
0b000801 0b00c801 10027 100 4349242 2060133001 412217813 10377323
0b000001 0b00c501 10015 100 2037604 2033377938 439063064 10183514
0b000a01 0b00c701 10014 100 3919657 2040893191 431624225 10341305
0b000601 0b00cd01 10040 100 3252138 2098844149 373744574 10285342
0b000101 0b00c501 10032 100 3588784 2081635100 391250442 10313564
0b000901 0b00cc01 10004 100 4805932 2017049300 455854933 10415609
0b000501 0b00cf01 10026 100 1618816 2076509666 396439827 10148402
0b000c01 0b00cb01 10018 100 4289882 2038956207 434657057 10372344
0b000801 0b00c801 10024 100 4397373 2053876090 419905166 10381358
0b000101 0b00c101 10014 100 4916171 2036747215 437085026 10424854
0b000201 0b00c501 10015 100 4037119 2039593384 434404153 10351155
0b000201 0b00cb01 10026 100 1630971 2084408498 389724691 10149420
0b000a01 0b00c001 10014 100 4654861 2042134875 432146285 10402944
0b000e01 0b00c301 10018 100 1871810 2048646411 425680363 10169613
0b000c01 0b00c801 10000 100 7123086 2001491160 472986513 10609883
0b000e01 0b00cc01 10008 100 4090844 2021667685 452950849 10355656
0b000801 0b00cf01 10025 100 3514981 2088392767 386282039 10307376
0b000401 0b00cf01 10024 100 3180312 2086066513 388643172 10279320
0b000601 0b00c501 10001 100 4360025 2004622424 470302731 10378228
0b000d01 0b00c101 10003 100 2382376 2024295957 450943383 10212420
0b000001 0b00ca01 10007 100 2202164 2025911937 449482438 10197312
0b000801 0b00c201 10035 100 4122250 2096940982 378539757 10358292
0b000d01 0b00ca01 10013 100 20350482 2051440146 424331346 11718866
0b000301 0b00c801 10005 100 4802264 2009277582 467097079 10415304
0b000e01 0b00cd01 10032 100 3292367 2090858054 385854564 10288714
0b000a01 0b00c001 10025 100 3284974 2065599146 411162451 10288092
0b000601 0b00c801 10014 100 1910032 2045804914 431120898 10172820
0b000a01 0b00c901 10025 100 3863912 2072961969 404318396 10336630
0b000e01 0b00cf01 10017 100 1797105 2053872852 423794719 10163352
0b000201 0b00c501 10005 100 4649560 2015966655 461826191 10402500
0b000301 0b00cc01 10029 100 4336117 2081865339 396049286 10376223
0b000201 0b00ce01 10023 100 3965240 2039119456 438826729 10345128
0b000a01 0b00c101 10005 100 4602284 2020127419 458174244 10398538
0b000401 0b00c601 10037 100 3328397 2083964762 394865783 10291735
0b000c01 0b00c901 10022 100 4122081 2066704727 412256055 10358278
0b000701 0b00cd01 10013 100 4740532 2031797608 447358096 10410128
0b000e01 0b00cc01 10033 100 3342024 2090071369 389639409 10292879
0b000301 0b00cc01 10024 100 3554834 2069354060 410362629 10310717
0b000401 0b00cb01 10001 100 4990295 2006929323 472860531 10431069
0b000b01 0b00c201 10020 100 4466064 2065587419 414355093 10387118
0b000201 0b00c201 10002 100 4967583 2010478368 469543218 10429163
0b000901 0b00c601 10020 100 8552238 2065632570 414444039 10729702
0b000001 0b00cc01 10022 100 3375035 2056946766 423397121 10295646
0b000f01 0b00cb01 10028 100 4703791 2064788833 416584037 10407046
0b000201 0b00c201 10021 100 1943537 2056356479 425074558 10175627
0b000201 0b00c401 10039 100 3690621 2098659071 382809215 10322103
0b000201 0b00ce01 10008 100 4862657 2014202683 467640485 10420366
0b000401 0b00cb01 10037 100 3424908 2086025382 395899090 10299824
0b000a01 0b00c401 10012 100 4555791 2041308844 440673522 10394638
0b000701 0b00c601 10023 100 4913497 2050416840 431807407 10424629
0b000d01 0b00cc01 10026 100 4193282 2091700659 390559554 10364247
0b000e01 0b00c201 10021 100 4031188 2043568356 438874862 10350657
0b000201 0b00cb01 10029 100 3793794 2096317668 386263623 10330752
0b000601 0b00cd01 10036 100 3328832 2078960343 404132195 10291769
0b000501 0b00c401 10006 100 4805304 2048654764 434769175 10415559
0b000501 0b00cd01 10038 100 4574224 2098227292 385208412 10396185
0b000b01 0b00cf01 10019 100 4607970 2060597937 422901531 10399012
0b000401 0b00c301 10032 100 3906714 2069123258 414400014 10340220
0b000e01 0b00cc01 10035 100 3436145 2095451693 388161349 10300769
0b000201 0b00ca01 10018 100 3330853 2073258784 410536519 10291939
0b000101 0b00cf01 10012 100 4621840 2021579780 462676778 10400175
0b000b01 0b00c901 10029 100 5473789 2077381658 406915764 10471603
0b000401 0b00ca01 10014 100 4024756 2042009221 442321878 10350116
0b000401 0b00c801 10021 100 3708726 2070699427 413696598 10323620
0b000501 0b00c401 10018 100 1732038 2076643076 407936963 10157897
0b000f01 0b00c001 10006 100 6418896 2018377452 466267784 10550840
0b000201 0b00cf01 10007 100 2629254 2016448127 468356496 10233119
0b000e01 0b00cf01 10013 100 4223161 2039616779 446130847 10366753
0b000a01 0b00ca01 10029 100 4109063 2087590221 398491516 10357187
0b000901 0b00ce01 10010 100 2699998 2045675537 440452259 10239047
0b000401 0b00c701 10034 100 1718551 2099329777 386810571 10156765
0b000a01 0b00c201 10025 100 4341218 2063847072 422307842 10376650
0b000e01 0b00c201 10040 100 3760797 2093726272 392540606 10327986
0b000901 0b00cf01 10006 100 6707522 2014702805 471789562 10575040
0b000a01 0b00c101 10016 100 4043509 2068472170 418047629 10351689
0b000a01 0b00c101 10018 100 5035901 2073901377 412744809 10434890
0b000e01 0b00c101 10009 100 4316738 2024548578 462198341 10374596
0b000201 0b00ce01 10030 100 2060703 2063066690 423745097 10185450
0b000301 0b00c901 10039 100 10510941 2094990710 392100852 10893917
0b000001 0b00c701 10030 100 3368244 2062189613 424983555 10295076
0b000201 0b00c901 10014 100 4835655 2032685890 454501043 10418102
0b000501 0b00c801 10020 100 4320024 2081476110 405711858 10374874
0b000501 0b00c201 10019 100 4214419 2081435491 405939303 10366019
0b000a01 0b00c601 10028 100 4408490 2081917790 406139860 10382289
0b000201 0b00c901 10017 100 4498882 2040377857 447897415 10389866
0b000701 0b00c901 10000 100 8753772 2000193412 488100958 10746597
0b000601 0b00c901 10003 100 4084292 2024506038 463809747 10355109
0b000501 0b00c701 10013 100 4662912 2032433771 456353845 10403618
0b000701 0b00c701 10014 100 5958233 2037474712 451376947 10512221
0b000201 0b00c101 10027 100 4256720 2084120404 404914089 10369564
0b000c01 0b00c301 10022 100 1788588 2065673821 423377479 10162636
0b000101 0b00cb01 10028 100 4357003 2076302956 412982174 10377974
0b000d01 0b00c401 10028 100 1532012 2084081899 406077030 10141127
0b000d01 0b00c301 10024 100 4306173 2075497894 414669610 10373712
0b000d01 0b00cf01 10013 100 5098159 2029816582 460616965 10440112
0b000801 0b00cf01 10009 100 4928033 2027152727 463354630 10425850
0b000901 0b00cc01 10012 100 7920722 2036494140 454191808 10676754
0b000e01 0b00c601 10006 100 3616268 2015904644 475033099 10315870
0b000201 0b00ca01 10002 100 5536406 2010098866 481225121 10476854
0b000601 0b00c901 10009 100 2108244 2033778035 457591058 10189438
0b000d01 0b00c701 10030 100 4721131 2089698574 401681858 10408502
0b000f01 0b00cd01 10025 100 5076131 2079739699 411735356 10438266
0b000401 0b00cf01 10014 100 6018092 2045991061 445530732 10517240
0b000e01 0b00ce01 10036 100 3988373 2097078929 394528419 10347067
0b000101 0b00c301 10021 100 5382131 2055645955 436571786 10463921
0b000701 0b00c301 10036 100 5810774 2080633530 411585684 10499856
0b000301 0b00cc01 10034 100 3911420 2091024752 401339369 10340615
0b000701 0b00c001 10025 100 6003619 2071578259 421047914 10516024
0b000b01 0b00c801 10021 100 13703058 2069132393 423678243 11161548
0b000a01 0b00c401 10021 100 4414713 2071973872 420934977 10382810
0b000001 0b00c501 10022 100 3832181 2049186209 443812560 10333973
0b000d01 0b00c401 10001 100 5582233 2011977048 481178910 10480697
0b000901 0b00cd01 10003 100 7542131 2007494879 485848811 10645015
0b000501 0b00c401 10024 100 6876294 2084371953 408998377 10589191
0b000301 0b00c001 10014 100 7143474 2057915670 435555800 10611590
0b000001 0b00cb01 10004 100 4732058 2008505031 484972321 10409419
0b000b01 0b00c001 10000 100 7293646 2001017609 492460654 10624180
0b000e01 0b00c601 10004 100 3961084 2005532929 488006393 10344780
0b000501 0b00c301 10003 100 4880364 2012086919 481520604 10421852
0b000301 0b00c301 10004 100 5278045 2008587807 485197056 10455194
0b000401 0b00c501 10007 100 4574199 2028380204 465424925 10396183
0b000201 0b00cd01 10026 100 2490171 2048404983 445508292 10221459
0b000d01 0b00c001 10018 100 4528209 2063107468 430963477 10392328
0b000a01 0b00cc01 10008 100 5465770 2014560642 479522839 10470931
0b000b01 0b00c601 10029 100 5249567 2064488835 429718269 10452805
0b000601 0b00ca01 10024 100 3723902 2068737808 425530707 10324892
0b000601 0b00c801 10010 100 3646653 2036418362 457896000 10318416
0b000401 0b00c301 10022 100 6992524 2040253165 454061442 10598935
0b000901 0b00cd01 10008 100 6114973 2026109562 468296890 10525359
0b000501 0b00c501 10015 100 4652497 2044573193 449858409 10402747
0b000c01 0b00cd01 10019 100 4879037 2042024261 452487311 10421742
0b000801 0b00c601 10029 100 4385608 2088989282 405564998 10380370
0b000801 0b00c301 10032 100 4357804 2092200768 402353706 10378039
0b000401 0b00c301 10002 100 5531661 2003088600 491575672 10476455
0b000401 0b00c101 10018 100 4692249 2044897197 449773560 10406081
0b000601 0b00c601 10004 100 3016115 2006039991 489146635 10265554
0b000c01 0b00c301 10016 100 1999019 2055129765 440288791 10180281
0b000701 0b00c301 10019 100 5800193 2043198391 452626713 10498971
0b000401 0b00ca01 10018 100 4347222 2046457119 449468078 10377154
0b000a01 0b00c501 10036 100 14314834 2091690644 405226265 11212836
0b000b01 0b00c701 10018 100 5515917 2049671002 447344670 10475134
0b000b01 0b00cf01 10029 100 6135265 2086114526 411064238 10527063
0b000801 0b00ce01 10022 100 5479631 2052455414 445459276 10472093
0b000201 0b00c201 10004 100 5617256 2013219542 484701156 10483633
0b000301 0b00cc01 10010 100 4778179 2049619417 448461676 10413285
0b000601 0b00c301 10037 100 1951627 2081825389 416610574 10176305
0b000801 0b00c601 10027 100 4245694 2084358046 414100519 10368640
0b000d01 0b00c201 10040 100 4523115 2094698785 403814256 10391901
0b000601 0b00c101 10007 100 4602970 2023028549 475609981 10398593
0b000d01 0b00cf01 10044 100 4999599 2095379590 403596957 10431847
0b000701 0b00ca01 10027 100 5083778 2080437358 418557808 10438904
0b000301 0b00c101 10037 100 4413098 2088280339 411168642 10382677
0b000701 0b00c101 10026 100 5458813 2082050461 417577978 10470347
0b000e01 0b00c001 10010 100 5160307 2021827166 478178246 10445322
0b000201 0b00c401 10014 100 5339107 2037025134 463055237 10460314
0b000201 0b00c401 10015 100 5231230 2041591690 458641284 10451269
0b000f01 0b00cf01 10003 100 7809991 2017973864 482348764 10667469
0b000601 0b00c201 10009 100 4270523 2033359867 467000845 10370722
0b000b01 0b00c201 10027 100 5443593 2076100929 424459959 10469072
0b000e01 0b00c401 10030 100 4433604 2096148487 404631553 10384394
0b000c01 0b00ce01 10022 100 3772864 2060244416 440884969 10328997
0b000c01 0b00c401 10010 100 4425000 2019110167 482168347 10383672
0b000f01 0b00cc01 10019 100 3099764 2047048715 454557257 10272565
0b000601 0b00c001 10010 100 4207704 2034693258 467252795 10365455
0b000a01 0b00c501 10002 100 6300168 2003301215 498671707 10540889
0b000a01 0b00c501 10016 100 5015866 2048714631 453664127 10433210
0b000501 0b00c801 10022 100 6448500 2091324753 411063098 10553324
0b000601 0b00ca01 10018 100 3967850 2056996284 445605974 10345345
0b000c01 0b00c801 10023 100 3951323 2061277393 441389811 10343961
0b000501 0b00c601 10018 100 5756706 2055370139 447353945 10495323
0b000501 0b00c801 10015 100 4801149 2046144062 456608627 10415211
0b000501 0b00c801 10004 100 4685329 2016391182 486542231 10405500
0b000001 0b00cd01 10039 100 3610104 2089335671 413896566 10315354
0b000d01 0b00c201 10014 100 5592800 2045148471 458163735 10481581
0b000e01 0b00c901 10015 100 5194918 2042307414 461688222 10448222
0b000201 0b00c401 10028 100 4544012 2073060406 431368675 10393653
0b000601 0b00cd01 10001 100 4774862 2010135599 494318870 10413004
0b000a01 0b00c601 10011 100 6307818 2035992423 468754250 10541528
0b000b01 0b00cd01 10025 100 5548526 2095705945 409218392 10477870
0b000001 0b00c301 10034 100 3603899 2098529634 406821535 10314831
0b000a01 0b00c801 10032 100 13935374 2071396338 433990075 11181024
0b000201 0b00cf01 10015 100 4478433 2037848799 467880511 10388154
0b000501 0b00ce01 10019 100 6086251 2049521276 456236010 10522954
0b000e01 0b00c201 10017 100 4389685 2036243026 469617240 10380712
0b000201 0b00ca01 10023 100 3853488 2090290051 415926593 10335758
0b000e01 0b00ca01 10030 100 3846158 2048437472 457879556 10335145
0b000801 0b00c501 10037 100 4446109 2090924530 415680244 10385445
0b000701 0b00c301 10023 100 7886221 2056082395 450936285 10673863
0b000201 0b00c401 10020 100 5103074 2055596097 451505763 10440525
0b000701 0b00c201 10022 100 8754532 2067330956 440117607 10746661
0b000e01 0b00cc01 10009 100 2284596 2024116767 483360101 10204222
0b000401 0b00c401 10016 100 4678992 2059853111 447700720 10404966
0b000e01 0b00cb01 10017 100 4174379 2048315263 459476131 10362662
0b000701 0b00cc01 10025 100 5558914 2080358522 427785660 10478739
0b000401 0b00c701 10003 100 5148003 2004014097 504257575 10444292
0b000401 0b00cc01 10015 100 3825244 2064380604 443960338 10333391
0b000701 0b00c601 10036 100 6499536 2087488001 421189420 10557602
0b000901 0b00ce01 10020 100 6424409 2086595039 422214260 10551304
0b000b01 0b00cf01 10010 100 6576134 2029632831 479834180 10564026
0b000701 0b00c601 10022 100 2415253 2049386275 460201549 10215177
0b000c01 0b00c301 10031 100 1689549 2096299376 413457790 10154333
0b000701 0b00cd01 10019 100 5962842 2051426912 458751076 10512605
0b000501 0b00cc01 10039 100 7298418 2088134355 422526846 10624581
0b000701 0b00c501 10026 100 6845615 2082454504 428375326 10586617
0b000901 0b00c801 10014 100 2750857 2047653024 463799834 10243312
0b000701 0b00cd01 10029 100 4831382 2090578352 420933545 10417745
0b000f01 0b00c201 10051 100 8219510 2092703532 418833901 10701805
0b000b01 0b00cc01 10019 100 6794335 2036083222 475727280 10582319
0b000201 0b00c401 10003 100 4948488 2015966118 495848801 10427563
0b000f01 0b00c701 10020 100 7268121 2060941215 451447249 10622042
0b000301 0b00c301 10028 100 4101001 2068647313 443762845 10356511
0b000101 0b00c901 10028 100 5212662 2091567606 421265979 10449710
0b000101 0b00c101 10028 100 5425843 2070382080 442723114 10467583
0b000e01 0b00cf01 10023 100 1819669 2086672198 426744111 10165242
0b000201 0b00c001 10009 100 5493858 2036550190 477025031 10473285
0b000801 0b00cd01 10034 100 4319887 2099056490 414633979 10374859
0b000301 0b00c701 10000 100 7075103 2001627542 512357255 10605860
0b000601 0b00ce01 10009 100 4757678 2035104560 479244531 10411564
0b000001 0b00c801 10031 100 4012079 2064343923 450037879 10349056
0b000801 0b00cd01 10018 100 5700223 2049180859 465483402 10490589
0b000101 0b00ce01 10016 100 19357576 2039045141 476379872 11635620
0b000e01 0b00c701 10015 100 5111218 2045181190 470993841 10441207
0b000e01 0b00c901 10012 100 5586456 2034194260 482341913 10481050
0b000c01 0b00cb01 10042 100 4201789 2092862489 424047002 10364958
0b000201 0b00cb01 10028 100 2709944 2091856724 425069010 10239881
0b000d01 0b00c501 10026 100 5700272 2098886477 418328075 10490593
0b000301 0b00cc01 10022 100 4336895 2066637404 450768554 10376285
0b000301 0b00c001 10030 100 4158936 2087889013 429943027 10361365
0b000701 0b00cb01 10011 100 7800171 2020715474 497170141 10666649
0b000601 0b00ce01 10029 100 4617732 2083379796 434989225 10399831
0b000701 0b00cc01 10009 100 6179825 2030288597 488220147 10530797
0b000f01 0b00cf01 10036 100 8357897 2097564023 421026013 10713406
0b000301 0b00cc01 10027 100 5544576 2075446428 443371318 10477538
0b000101 0b00c301 10018 100 2287594 2047151099 471752288 10204473
0b000501 0b00c701 10019 100 2539344 2037439020 481704200 10225581
0b000a01 0b00ca01 10023 100 7427514 2064485563 454895868 10635404
0b000f01 0b00c601 10007 100 9524009 2028007201 491744468 10811176
0b000901 0b00c001 10029 100 9752244 2087345378 432640591 10830311
0b000001 0b00c501 10049 100 1676624 2096944671 423646118 10153249
0b000d01 0b00c601 10001 100 8994145 2002926888 517699656 10766752
0b000e01 0b00c101 10013 100 4940784 2035585154 485248654 10426916
0b000201 0b00c201 10027 100 4802032 2069124975 451879025 10415286
0b000d01 0b00c401 10011 100 8438185 2036835780 484338956 10720140
0b000501 0b00c101 10008 100 7891410 2015162929 506652325 10674298
0b000601 0b00c801 10025 100 3837853 2086909159 434932795 10334446
0b000e01 0b00c201 10036 100 6465234 2074277400 447986913 10554728
0b000d01 0b00cc01 10029 100 6544648 2098847020 423977410 10561384
0b000a01 0b00c601 10003 100 7323720 2009753143 513764499 10626701
0b000401 0b00cf01 10009 100 4971701 2038455685 485113876 10429508
0b000301 0b00ce01 10020 100 2287257 2047518216 477154075 10204446
0b000301 0b00c801 10042 100 4784758 2091797511 433413667 10413835
0b000b01 0b00c101 10006 100 6864574 2027393250 498011826 10588207
0b000001 0b00c801 10039 100 4218919 2077869921 447608533 10366394
0b000101 0b00c601 10020 100 5699306 2059888964 465595313 10490512
0b000d01 0b00cb01 10006 100 8449338 2014093699 511727089 10721075
0b000601 0b00ce01 10028 100 4198769 2081140507 444742042 10364705
0b000901 0b00c101 10000 100 10037182 2005883083 520274084 10854200
0b000c01 0b00cd01 10034 100 1584373 2088614053 438025110 10145516
0b000a01 0b00c701 10038 100 2337803 2077838196 448866112 10208682
0b000c01 0b00cc01 10028 100 5756468 2054159845 472931406 10495304
0b000501 0b00ce01 10034 100 9789357 2082151749 445205199 10833422
0b000901 0b00c501 10026 100 5589969 2064549153 462916890 10481343
0b000e01 0b00cc01 10020 100 4862683 2059232327 468768703 10420368
0b000c01 0b00cb01 10002 100 7492818 2004783524 523330289 10640878
0b000e01 0b00c101 10017 100 5686083 2046165321 482217642 10489404
0b000301 0b00c601 10000 100 5967271 2005140029 523415706 10512978
0b000e01 0b00ce01 10020 100 6941256 2043041491 485647224 10594637
0b000101 0b00c701 10022 100 3989874 2070914697 457783109 10347191
0b000201 0b00c501 10013 100 5818088 2035969692 493436822 10500472
0b000001 0b00cc01 10009 100 2523888 2020236795 509203144 10224283
0b000601 0b00c201 10033 100 3936969 2094006499 435947700 10342755
0b000301 0b00c201 10029 100 5433651 2075717609 454587619 10468238
0b000d01 0b00c701 10018 100 8635602 2047338191 483144928 10736690
0b000901 0b00c101 10002 100 2941104 2020444477 510331325 10259265
0b000101 0b00c501 10020 100 5210434 2042896037 488092827 10449524
0b000b01 0b00c001 10022 100 3319673 2059676576 471371109 10291002
0b000001 0b00ce01 10015 100 4756720 2036095282 495079545 10411484
0b000001 0b00c401 10019 100 4252505 2057789994 473645408 10369211
0b000e01 0b00ca01 10000 100 3548711 2002519265 528926077 10310205
0b000201 0b00c101 10025 100 4779538 2077077526 454399910 10413398
0b000001 0b00c901 10016 100 4372614 2034415564 497240200 10379281
0b000c01 0b00c701 10031 100 6595520 2093407548 438281786 10565650
0b000b01 0b00ca01 10027 100 16591385 2075596603 456311124 11403704
0b000f01 0b00c001 10022 100 9433881 2066287022 465791242 10803617
0b000601 0b00c201 10038 100 3811090 2097195262 435507664 10332205
0b000601 0b00cb01 10018 100 4592228 2083902601 448865715 10397695
0b000201 0b00cf01 10028 100 5280436 2074281411 458604934 10455393
0b000a01 0b00cc01 10010 100 3261868 2032023151 501164910 10286155
0b000201 0b00ca01 10003 100 6903058 2012297009 520908929 10591436
0b000201 0b00c701 10033 100 5802906 2091974334 441276025 10499196
0b000001 0b00c501 10009 100 5340718 2026003409 507680909 10460446
0b000e01 0b00c501 10019 100 2109767 2051371989 482490638 10189563
0b000101 0b00cc01 10016 100 2655847 2028337014 505737190 10235346
0b000501 0b00c201 10011 100 7848024 2031128869 503031701 10670662
0b000b01 0b00c201 10012 100 15480655 2043963939 490290179 11310579
0b000701 0b00c001 10006 100 3475605 2013458147 520884001 10304076
0b000401 0b00cd01 10007 100 4039206 2006857618 528259650 10351330
0b000d01 0b00ce01 10023 100 5533772 2069375851 465845607 10476632
0b000201 0b00cd01 10018 100 5732882 2031152951 504103956 10493325
0b000c01 0b00c301 10026 100 8341799 2081633110 453976964 10712057
0b000a01 0b00c801 10019 100 9751586 2040326791 495805852 10830254
0b000401 0b00c001 10007 100 2243183 2037105520 499035558 10200751
0b000601 0b00c101 10028 100 3888358 2087407124 448774592 10338682
0b000e01 0b00c701 10013 100 5469760 2040461898 496738662 10471265
0b000601 0b00c901 10010 100 4793811 2035597184 501699608 10414593
0b000601 0b00c401 10010 100 4998056 2017578560 519768466 10431720
0b000101 0b00cc01 10009 100 3381729 2015695835 521918478 10296205
0b000e01 0b00c301 10027 100 9338949 2068281433 469361715 10795657
0b000401 0b00c001 10004 100 6455520 2018068932 519941931 10553912
0b000401 0b00cb01 10032 100 4528006 2080135969 458156621 10392311
0b000101 0b00c301 10023 100 4996784 2063287343 475200746 10431611
0b000f01 0b00c601 10002 100 8498120 2008529695 530106254 10725165
0b000d01 0b00cb01 10031 100 8355329 2085152454 453854539 10713193
0b000b01 0b00cf01 10033 100 8000453 2098918271 440089120 10683440
0b000f01 0b00cc01 10023 100 9329962 2056107114 482994838 10794904
0b000d01 0b00c601 10019 100 8450681 2064980852 474156711 10721186
0b000101 0b00cc01 10020 100 5646565 2035145233 504001585 10486089
0b000001 0b00c501 10033 100 1475648 2070943359 469255397 10136399
0b000001 0b00c201 10025 100 4022049 2088484343 451757245 10349892
0b000001 0b00ca01 10001 100 5772366 2005271223 534998476 10496637
0b000201 0b00c501 10033 100 6188322 2094959798 445430842 10531511
0b000301 0b00ce01 10006 100 8506019 2017817969 522598145 10725828
0b000601 0b00ca01 10031 100 4400740 2093755348 447029330 10381639
0b000f01 0b00c201 10018 100 6966257 2033785872 507157257 10596733
0b000e01 0b00c501 10018 100 5309433 2049822384 491226333 10457825
0b000c01 0b00cf01 10029 100 6318739 2074122688 467053445 10542444
0b000101 0b00cc01 10008 100 6369451 2010407889 530966325 10546696
0b000601 0b00c701 10007 100 4736342 2018670354 523211621 10409777
0b000d01 0b00c601 10036 100 27160810 2094953391 447043422 12289843
0b000701 0b00ca01 10016 100 9976859 2047353232 494866693 10849140
0b000f01 0b00cb01 10029 100 12590698 2065606299 476659822 11068285
0b000a01 0b00c001 10004 100 17763086 2005980909 536291184 11501940
0b000001 0b00c501 10042 100 3950556 2080327404 462118376 10343896
0b000501 0b00c201 10008 100 5905830 2027313345 515295855 10507825
0b000001 0b00c301 10010 100 6100205 2046853283 496030814 10524124
0b000301 0b00ce01 10014 100 6314571 2033911906 509394506 10542095
0b000f01 0b00c401 10025 100 7149441 2080527619 462799310 10612091
0b000e01 0b00ce01 10013 100 6053846 2030928777 512566511 10520235
0b000401 0b00cb01 10005 100 5245199 2017173168 526896597 10452440
0b000101 0b00c701 10006 100 8937977 2041937824 502338927 10762040
0b000301 0b00c101 10021 100 6205045 2044005016 500363633 10532914
0b000901 0b00c801 10024 100 7789827 2074848256 469664795 10665779
0b000401 0b00c301 10019 100 6158699 2035796589 508723356 10529026
0b000601 0b00c601 10028 100 4387105 2070084835 474798829 10380498
0b000701 0b00c301 10032 100 7774394 2071985923 473049508 10664487
0b000901 0b00c601 10017 100 9959478 2055856050 489428613 10847684
0b000d01 0b00c101 10016 100 7500991 2063083100 482469169 10641563
0b000601 0b00cd01 10029 100 4196609 2063839820 481737083 10364525
0b000c01 0b00c101 10004 100 8883659 2022953322 523360115 10757487
0b000901 0b00c901 10018 100 10652692 2034549866 511854608 10905802
0b000c01 0b00c201 10015 100 8544156 2044942717 501469852 10729025
0b000d01 0b00c901 10037 100 7468535 2099492011 447099697 10638843
0b000501 0b00cb01 10001 100 7687694 2003369264 543234966 10657217
0b000201 0b00c901 10036 100 7426534 2097101345 449731608 10635322
0b000c01 0b00cf01 10002 100 2853945 2009126951 537941595 10251954
0b000a01 0b00cd01 10025 100 8366306 2098201626 448880915 10714113
0b000601 0b00c901 10024 100 4574916 2070436552 476832044 10396241
0b000801 0b00ca01 10019 100 7430160 2044177347 503612191 10635627
0b000f01 0b00cc01 10034 100 8044282 2086584805 462256144 10687115
0b000801 0b00c901 10018 100 6120223 2055660243 493730093 10525802
0b000001 0b00c101 10022 100 5296593 2083177962 466843094 10456747
0b000401 0b00c001 10022 100 5020885 2088950553 461228120 10433631
0b000601 0b00cf01 10030 100 4628809 2092759460 457445639 10400760
0b000e01 0b00c401 10023 100 6375786 2080910970 469411800 10547226
0b000801 0b00cb01 10021 100 6122192 2060294926 490063512 10525967
0b000001 0b00c701 10029 100 4124327 2061543601 489097780 10358466
0b000001 0b00c301 10019 100 4576158 2061297956 489519450 10396348
0b000101 0b00c101 10024 100 6888033 2061430634 489410783 10590176
0b000701 0b00c001 10008 100 4347728 2015357809 535610476 10377194
0b000e01 0b00c101 10034 100 7880030 2076486783 474839651 10673345
0b000601 0b00c701 10026 100 4925125 2080433342 471214944 10425605
0b000001 0b00c801 10045 100 5094988 2086391659 465551970 10439843
0b000701 0b00c801 10017 100 7065678 2061643774 490455225 10605067
0b000801 0b00ce01 10027 100 6215686 2061829493 490526227 10533804
0b000a01 0b00cc01 10017 100 9672441 2046626310 505753671 10823619
0b000d01 0b00c901 10033 100 2020475 2075898539 476993204 10182078
0b000801 0b00cb01 10018 100 6366799 2057172448 495729650 10546473
0b000101 0b00cf01 10001 100 9354298 2003374426 550519232 10796947
0b000b01 0b00c301 10019 100 7839182 2078943278 475172963 10669920
0b000401 0b00c101 10011 100 5622013 2029245087 525237777 10484033
0b000a01 0b00cb01 10004 100 8500698 2006068668 548515921 10725379
0b000e01 0b00c901 10007 100 6662035 2022787339 531830197 10571228
0b000601 0b00c101 10021 100 9338067 2067443195 487245706 10795587
0b000a01 0b00c301 10010 100 9645032 2025946299 528931105 10821323
0b000101 0b00c901 10018 100 5475924 2048854876 506216255 10471781
0b000c01 0b00c901 10038 100 4973429 2094711419 461727779 10429654
0b000501 0b00cd01 10031 100 7829668 2077089635 479516215 10669120
0b000e01 0b00c001 10005 100 7126425 2011790244 544868860 10610161
0b000901 0b00c801 10006 100 3909668 2016621580 540144072 10340467
0b000701 0b00c001 10009 100 8399331 2021994197 534857836 10716882
0b000a01 0b00c901 10027 100 6621761 2081864060 475021600 10567849
0b000c01 0b00c701 10030 100 2277442 2091736050 465269011 10203622
0b000e01 0b00ca01 10037 100 6336890 2080600813 476499617 10543965
0b000e01 0b00ce01 10033 100 7013104 2079889741 477222739 10600662
0b000001 0b00c601 10044 100 2027509 2089641373 467867257 10182668
0b000d01 0b00cf01 10036 100 2677451 2080986744 476570798 10237159
0b000f01 0b00cf01 10007 100 8267435 2033696877 523883487 10705823
0b000201 0b00c101 10005 100 7446356 2014608146 542975002 10636984
0b000701 0b00c401 10003 100 8561824 2021319211 536301446 10730504
0b000b01 0b00c301 10007 100 7938102 2040319901 517317333 10678213
0b000601 0b00cf01 10005 100 4153401 2016644438 541081894 10360903
0b000301 0b00c201 10014 100 7201488 2035506148 522367512 10616454
0b000001 0b00c501 10012 100 2734264 2030441993 527525580 10241923
0b000101 0b00c801 10010 100 5961434 2028409445 529658216 10512488
0b000c01 0b00c301 10006 100 6701829 2029454477 528908253 10574562
0b000201 0b00c901 10009 100 2990262 2023904223 535045700 10263386
0b000401 0b00cb01 10027 100 2117075 2075583543 483518653 10190179
0b000d01 0b00c601 10027 100 7330317 2076227885 483208427 10627256
0b000801 0b00cd01 10021 100 8311006 2058614239 500939996 10709478
0b000d01 0b00c801 10031 100 9298488 2086042055 473699441 10792267
0b000e01 0b00cd01 10023 100 6777319 2066940221 492912612 10580893
0b000101 0b00c801 10024 100 3328668 2063606253 496414190 10291756
0b000101 0b00c401 10031 100 6408440 2090151344 469891140 10549965
0b000c01 0b00c401 10014 100 6654336 2032026055 528028715 10570582
0b000401 0b00ca01 10012 100 7354141 2034426448 525815791 10629254
0b000b01 0b00cb01 10013 100 9280346 2042823464 517507378 10790746
0b000f01 0b00c201 10048 100 7721899 2084196513 476224753 10660084
0b000201 0b00c501 10023 100 7430385 2064718433 495806713 10635645
0b000301 0b00c701 10030 100 6090397 2097508126 463158981 10523301
0b000001 0b00c301 10005 100 3092820 2023181134 537501439 10271982
0b000b01 0b00c801 10016 100 3806131 2049014645 511889354 10331789
0b000f01 0b00c401 10014 100 11688749 2041947512 519148587 10992665
0b000a01 0b00cc01 10003 100 4077477 2011035156 550251472 10354537
0b000e01 0b00c201 10041 100 1873885 2096110082 465252726 10169786
0b000e01 0b00ce01 10014 100 7398267 2032205804 529304137 10632953
0b000101 0b00c001 10006 100 7480650 2018878369 543105785 10639859
0b000a01 0b00cd01 10017 100 7918490 2072761749 489699339 10676568
0b000a01 0b00c501 10001 100 9351491 2002557615 560301531 10796710
0b000b01 0b00ca01 10011 100 8991431 2021246930 541701968 10766523
0b000801 0b00cf01 10021 100 8461772 2075764320 487292361 10722115
0b000501 0b00cd01 10003 100 7669470 2002469709 560702412 10655690
0b000201 0b00c101 10001 100 9468004 2003002498 560277197 10806481
0b000e01 0b00c801 10026 100 2953290 2065569403 497892774 10260286
0b000c01 0b00c401 10004 100 7181288 2006352308 557643450 10614761
0b000701 0b00cd01 10015 100 9995953 2036145304 527900423 10850740
0b000201 0b00c901 10002 100 3794073 2008529559 555745317 10330778
0b000701 0b00ca01 10029 100 9439356 2084270802 480088463 10804078
0b000501 0b00c701 10002 100 8813954 2004338392 560035146 10751642
0b000101 0b00cc01 10027 100 7589112 2043974651 520526346 10648954
0b000001 0b00cd01 10025 100 4657302 2053453748 511364308 10403150
0b000201 0b00cb01 10021 100 8763938 2075692237 489250328 10747448
0b000601 0b00c201 10036 100 5665540 2096751809 468227793 10487680
0b000901 0b00c001 10012 100 4048543 2037177878 527828151 10352111
0b000b01 0b00c801 10001 100 10473403 2002551706 562537808 10890772
0b000d01 0b00c801 10034 100 11234954 2090838766 474260533 10954618
0b000a01 0b00cd01 10001 100 9815145 2004941271 560209043 10835585
0b000501 0b00c601 10033 100 13133356 2094882050 470318966 11113783
0b000801 0b00c701 10040 100 6213690 2086189044 479289340 10533636
0b000601 0b00c401 10042 100 5763433 2092517318 472993444 10495888
0b000101 0b00cd01 10012 100 6303724 2038079419 527545590 10541185
0b000301 0b00cd01 10006 100 4136673 2030702532 535291500 10359499
0b000201 0b00c801 10021 100 3349376 2072810792 493670419 10293494
0b000401 0b00c101 10037 100 5321547 2085122313 481480902 10458840
0b000901 0b00c801 10021 100 9915759 2067819142 498806727 10844018
0b000701 0b00c701 10015 100 9348844 2039689059 527003124 10796487
0b000801 0b00c501 10010 100 6888248 2030657473 536201543 10590193
0b000901 0b00c801 10005 100 4889717 2012912948 553952184 10422634
0b000f01 0b00c001 10032 100 12696652 2086427452 480486446 11077168
0b000c01 0b00ca01 10005 100 5923910 2012556077 554363354 10509340
0b000d01 0b00cf01 10017 100 3469044 2033884276 533223260 10303528
0b000301 0b00cf01 10021 100 6858625 2068577314 498731982 10587708
0b000101 0b00c501 10027 100 7828883 2058310006 509076592 10669054
0b000a01 0b00c301 10002 100 6492673 2009268114 558472045 10557026
0b000201 0b00c801 10009 100 4004447 2037405043 530353011 10348414
0b000601 0b00c401 10041 100 1870445 2088446063 479375187 10169500
0b000e01 0b00c801 10019 100 8022946 2040926202 526935813 10685324
0b000901 0b00c401 10019 100 7010608 2065303724 502682500 10600450
0b000d01 0b00c101 10008 100 10440842 2045321831 522693756 10888040
0b000501 0b00cc01 10020 100 6503171 2035061992 532969658 10557909
0b000801 0b00cc01 10013 100 7848500 2034420616 533621015 10670700
0b000101 0b00c201 10011 100 3081571 2030518054 537752989 10271040
0b000a01 0b00cf01 10014 100 8765889 2038658118 530138679 10747612
0b000201 0b00cd01 10004 100 9382125 2006500502 563248705 10799280
0b000201 0b00ce01 10034 100 3346164 2075801064 494736791 10293225
0b000e01 0b00c501 10035 100 8157918 2093675076 477011212 10696640
0b000b01 0b00cd01 10027 100 8474189 2096184035 474757917 10723159
0b000101 0b00c201 10032 100 14050542 2090652340 480328284 11190679
0b000001 0b00c501 10037 100 2663541 2073517337 497812647 10235993
0b000401 0b00c401 10018 100 4993515 2066684737 504712811 10431338
0b000501 0b00cc01 10032 100 8474125 2065553570 506317783 10723154
0b000201 0b00cd01 10031 100 9898041 2075375857 496699979 10842535
0b000501 0b00cd01 10022 100 8764073 2060827860 511750645 10747463
0b000e01 0b00cd01 10010 100 2779932 2028927697 544243704 10245749
0b000a01 0b00c801 10018 100 9719697 2035285084 537983140 10827580
0b000e01 0b00c201 10032 100 7882491 2065775276 507523642 10673550
0b000c01 0b00c001 10022 100 6887895 2074133645 499211648 10590161
0b000901 0b00cd01 10034 100 11464905 2084221627 489201691 10973898
0b000401 0b00cc01 10010 100 6270809 2039873452 533793963 10538425
0b000801 0b00ce01 10004 100 8854572 2012407347 561281758 10755048
0b000a01 0b00cb01 10037 100 10685452 2098365846 475479180 10908550
0b000f01 0b00cd01 10024 100 9474001 2078396448 495650731 10806984
0b000601 0b00c701 10031 100 4363773 2092156854 481893385 10378539
0b000701 0b00cc01 10032 100 10436115 2097153447 477439542 10887647
0b000b01 0b00c401 10025 100 10749260 2051008218 523618887 10913900
0b000201 0b00c801 10019 100 8148529 2069364764 505341371 10695854
0b000c01 0b00c101 10008 100 7702842 2046060537 528771004 10658486
0b000f01 0b00c101 10030 100 9152882 2081489742 493606170 10780058
0b000001 0b00c801 10014 100 7536760 2025903813 549216439 10644562
0b000801 0b00c901 10005 100 5576242 2018095567 557141990 10480195
0b000101 0b00c201 10026 100 8504392 2065519398 509731782 10725690
0b000101 0b00c401 10013 100 6902485 2046983086 528318565 10591386
0b000b01 0b00c301 10029 100 9462335 2098304725 477004396 10806004
0b000001 0b00cf01 10032 100 5308441 2076654234 498804125 10457741
0b000201 0b00c701 10021 100 9429222 2052853176 522845347 10803228
0b000501 0b00c801 10017 100 8544820 2062056330 513694048 10729078
0b000e01 0b00cb01 10029 100 7816965 2091527854 484639727 10668054
0b000201 0b00c801 10008 100 3368066 2030814939 545515868 10295062
0b000c01 0b00c001 10014 100 9799652 2062458867 514162052 10834284
0b000e01 0b00c901 10003 100 3215705 2021501076 555380806 10282285
0b000901 0b00c501 10012 100 16964183 2022534418 554406932 11434960
0b000401 0b00c001 10015 100 12594841 2067379281 509729021 11068632
0b000801 0b00c901 10021 100 8659914 2064374310 512826465 10738727
0b000301 0b00c801 10014 100 7530429 2034658212 543067048 10644033
0b000801 0b00cc01 10037 100 6897803 2094087762 484154847 10590992
0b000301 0b00c001 10008 100 7421225 2039860357 538484947 10634878
0b000201 0b00cb01 10023 100 8636809 2079504363 499368320 10736790
0b000801 0b00c001 10012 100 3099012 2036679293 542950101 10272504
0b000801 0b00c201 10003 100 8415976 2009039103 570660988 10718275
0b000501 0b00c001 10039 100 9928739 2095995271 484695038 10845106
0b000d01 0b00c501 10000 100 19915299 2000786296 580017366 11682381
0b000e01 0b00cf01 10026 100 6424958 2092450100 488542664 10551348
0b000c01 0b00cd01 10038 100 7632214 2096398385 484813551 10652567
0b000901 0b00c601 10011 100 12806655 2037088391 544185047 11086391
0b000801 0b00c201 10030 100 8510883 2087898598 493481865 10726232
0b000e01 0b00c601 10011 100 3274974 2027680016 554055010 10287253
0b000301 0b00c201 10033 100 6866609 2079414111 502371842 10588378
0b000e01 0b00c201 10001 100 3099740 2004422442 578188399 10272563
0b000d01 0b00cd01 10009 100 4143841 2019461245 563312663 10360100
0b000f01 0b00c701 10004 100 5931219 2009023067 574120664 10509956
0b000901 0b00c301 10008 100 12886133 2016414879 567041965 11093056
0b000501 0b00c401 10023 100 14459971 2081392011 502258861 11225004
0b000a01 0b00cd01 10006 100 9572669 2028133184 555537998 10815253
0b000001 0b00c301 10009 100 4949394 2045148367 538529420 10427639
0b000301 0b00cd01 10025 100 7188851 2073369036 510490605 10615393
0b000c01 0b00c501 10044 100 2549573 2096115155 488045833 10226437
0b000e01 0b00ca01 10003 100 9491359 2006680008 577621123 10808438
0b000401 0b00c901 10029 100 3136272 2085925328 499051527 10275627
0b000e01 0b00c101 10012 100 8299416 2035517845 549794257 10708505
0b000701 0b00ce01 10017 100 11044390 2049072032 536373791 10938644
0b000e01 0b00c601 10035 100 2630600 2091172298 494536865 10233231
0b000d01 0b00c001 10019 100 14674640 2065613495 521739726 11243003
0b000201 0b00ce01 10022 100 7925950 2038843176 548579192 10677191
0b000001 0b00c501 10005 100 9106889 2015705441 572347288 10776202
0b000d01 0b00c801 10022 100 9394989 2067035619 521374465 10800355
0b000801 0b00c101 10027 100 11120056 2054475952 533987576 10944989
0b000701 0b00c601 10000 100 7848214 2001745220 586744971 10670677
0b000501 0b00ce01 10014 100 6704530 2039500604 549255500 10574789
0b000701 0b00c701 10032 100 13054621 2098605089 490462369 11107180
0b000e01 0b00ca01 10017 100 9402102 2022134542 567048436 10800955
0b000e01 0b00ca01 10034 100 2651091 2061210356 528010068 10234950
0b000f01 0b00c801 10014 100 24456045 2032688692 557375150 12063078
0b000801 0b00c101 10032 100 7714449 2068023302 522379233 10659461
0b000301 0b00ca01 10013 100 9011938 2017815010 573171741 10768241
0b000801 0b00c701 10038 100 3210207 2077482027 513545688 10281826
0b000e01 0b00cf01 10011 100 9951691 2032442286 558840544 10847030
0b000901 0b00ca01 10019 100 17738694 2044569316 546900370 11499893
0b000a01 0b00c701 10011 100 13595096 2031907765 560007767 11152496
0b000801 0b00c901 10026 100 8248396 2087809628 504332666 10704227
0b000401 0b00ca01 10032 100 6224104 2081877057 510351905 10534512
0b000801 0b00c301 10020 100 8888887 2050391333 542945327 10757924
0b000001 0b00ca01 10033 100 4924264 2095360058 498408992 10425533
0b000801 0b00cc01 10009 100 9620006 2022024442 571979408 10819225
0b000e01 0b00c801 10009 100 13228555 2013670858 580406327 11121763
0b000601 0b00c301 10028 100 5819480 2061718721 532641368 10500587
0b000b01 0b00cf01 10013 100 17501771 2040552647 553808564 11480029
0b000a01 0b00c901 10012 100 4952783 2028212703 566607417 10427922
0b000501 0b00c401 10004 100 7413005 2019144060 576187103 10634190
0b000001 0b00c501 10021 100 3265099 2041257043 554964799 10286429
0b000301 0b00cf01 10013 100 8203844 2035080713 561344963 10700490
0b000801 0b00c301 10028 100 13653927 2080814795 515960573 11157425
0b000e01 0b00c301 10025 100 11090454 2066856680 530098436 10942505
0b000701 0b00c301 10015 100 19947789 2036917367 560245940 11685103
0b000a01 0b00c801 10012 100 5233260 2020070651 577273486 10451439
0b000d01 0b00ce01 10005 100 4917838 2009412772 587984206 10424992
0b000b01 0b00c701 10023 100 28390903 2057547115 540007236 12392973
0b000e01 0b00c501 10031 100 12183274 2087808899 510046569 11034128
0b000001 0b00c201 10026 100 5295918 2092232463 505879775 10456690
0b000701 0b00c601 10005 100 17372686 2015810828 583043560 11469207
0b000d01 0b00cd01 10008 100 4777875 2019390499 580118231 10413257
0b000601 0b00c901 10005 100 8900603 2025054262 574532206 10758908
0b000c01 0b00cb01 10016 100 7886954 2037343905 563161104 10673922
0b000401 0b00c401 10020 100 5813706 2068480480 532421482 10500102
0b000001 0b00c601 10026 100 8928761 2055015424 545947638 10761268
0b000001 0b00cf01 10003 100 6585589 2006449933 595303301 10564817
0b000201 0b00c901 10027 100 3671085 2069575815 532593633 10320467
0b000401 0b00cd01 10000 100 9263228 2000834331 601512629 10789312
0b000701 0b00c801 10029 100 23094972 2090911691 511747513 11948962
0b000001 0b00ca01 10023 100 6476290 2071259395 531620551 10555654
0b000401 0b00ce01 10002 100 6932843 2010012107 592868419 10593930
0b000001 0b00c801 10027 100 6433609 2054026180 549032387 10552075
0b000001 0b00cc01 10025 100 3242054 2064750848 538442546 10284497
0b000c01 0b00c601 10005 100 8124718 2019919778 583792059 10693857
0b000101 0b00c501 10033 100 8100570 2084435705 519375012 10691833
0b000c01 0b00c201 10007 100 8659778 2023778549 580172581 10738716
0b000c01 0b00c601 10013 100 9246065 2036006008 568080033 10787873
0b000b01 0b00c001 10017 100 5809010 2044616860 559870019 10499711
0b000601 0b00c701 10034 100 6098665 2099047618 505694952 10523993
0b000c01 0b00cc01 10026 100 3253836 2051576974 553306739 10285482
0b000001 0b00c801 10007 100 8886398 2012885177 592551753 10757717
0b000401 0b00c501 10032 100 8281513 2083294979 522466965 10707003
0b000601 0b00c801 10022 100 7874610 2077307305 528666316 10672888
0b000301 0b00ca01 10030 100 7902328 2071144446 535800741 10675213
0b000701 0b00c801 10026 100 28399472 2082303282 524654972 12393693
0b000401 0b00c301 10009 100 6964802 2020297001 586889071 10596609
0b000c01 0b00c501 10042 100 8908797 2092135514 515157056 10759594
0b000c01 0b00c401 10033 100 8342343 2069415895 538341540 10712104
0b000301 0b00c201 10011 100 6164645 2019656287 588121030 10529525
0b000001 0b00c901 10014 100 3851474 2030185658 577772887 10335589
0b000c01 0b00c601 10014 100 7731948 2038966042 569106797 10660926
0b000d01 0b00c901 10009 100 4691676 2024046128 584118129 10406031
0b000601 0b00c901 10007 100 7480468 2028499200 579761592 10639844
0b000901 0b00c901 10002 100 9176451 2006737526 601925457 10782035
0b000001 0b00c501 10026 100 7530808 2055977409 552731520 10644063
0b000e01 0b00c701 10030 100 3167351 2093676121 515076920 10278233
0b000001 0b00ce01 10023 100 8669047 2050858649 557955965 10739496
0b000c01 0b00c501 10017 100 8820634 2037524341 571496013 10752203
0b000301 0b00c301 10003 100 9234003 2007584898 601534529 10786862
0b000e01 0b00cc01 10005 100 9976397 2015843858 593432810 10849103
0b000801 0b00c201 10011 100 23357760 2034200232 575226764 11970995
0b000501 0b00c601 10017 100 4290808 2055071953 554614671 10372422
0b000e01 0b00c501 10014 100 13658094 2036715561 573118845 11157778
0b000801 0b00ca01 10018 100 8786140 2042552343 567359077 10749313
0b000301 0b00c701 10013 100 8838104 2048403439 561552936 10753670
0b000601 0b00ce01 10003 100 7631965 2013019132 597189306 10652544
0b000701 0b00c201 10036 100 24759775 2090210748 520230722 12088540
0b000501 0b00c201 10023 100 18332163 2092823979 517843425 11549651
0b000601 0b00ce01 10020 100 7616963 2057182770 553500060 10651286
0b000401 0b00c201 10036 100 8217559 2079750948 531525266 10701641
0b000701 0b00ce01 10012 100 5772819 2040409130 570897110 10496673
0b000301 0b00c801 10029 100 3982445 2062933398 548473007 10346570
0b000001 0b00c801 10052 100 5497595 2099803018 511606493 10473599
0b000801 0b00cc01 10026 100 9824498 2067237984 544192226 10836367
0b000301 0b00c501 10008 100 9702951 2013008430 598697347 10826175
0b000901 0b00cd01 10027 100 10381578 2071792530 539955765 10883073
0b000801 0b00cb01 10024 100 26810121 2064804781 547010634 12260443
0b000601 0b00c301 10002 100 11365879 2001314978 610577154 10965595
0b000d01 0b00c001 10005 100 9062911 2005637357 606668279 10772514
0b000601 0b00c501 10010 100 9052383 2027917513 584583286 10771634
0b000401 0b00c201 10040 100 7313675 2099196635 513433571 10625859
0b000201 0b00c101 10029 100 4090756 2091763358 521004145 10355649
0b000e01 0b00c001 10000 100 25444548 2000162834 612722366 12145952
0b000801 0b00c201 10025 100 9404176 2073719454 539203341 10801129
0b000501 0b00c601 10009 100 9957606 2038746381 574766802 10847527
0b000401 0b00c701 10002 100 9308587 2002674836 610972209 10793113
0b000d01 0b00c001 10006 100 7577744 2006600097 607096619 10647999
0b000401 0b00c901 10005 100 7859791 2013380370 600386645 10671645
0b000301 0b00ce01 10007 100 4803716 2019034403 595031205 10415424
0b000b01 0b00c901 10023 100 15424033 2056130244 557956223 11305834
0b000101 0b00cd01 10023 100 23503587 2053143212 561043365 11983222
0b000501 0b00c301 10005 100 7879947 2015081733 599235984 10673334
0b000101 0b00cc01 10015 100 23120984 2022783303 591638902 11951143
0b000801 0b00c901 10029 100 9747108 2094102930 520559544 10829880
0b000a01 0b00cc01 10009 100 14968805 2014921152 600164618 11267665
0b000001 0b00c101 10009 100 8499054 2037530385 577755246 10725244
0b000201 0b00c901 10034 100 4264873 2095824287 519586467 10370247
0b000e01 0b00c801 10012 100 3982229 2025513545 590126396 10346553
0b000601 0b00cd01 10008 100 11438399 2023536329 592125019 10971677
0b000601 0b00c301 10013 100 9293529 2025934964 589740423 10791851
0b000401 0b00ca01 10002 100 8981565 2009910042 605902435 10765696
0b000301 0b00cd01 10007 100 4825110 2034498559 581508360 10417220
0b000601 0b00cc01 10026 100 4871393 2058583479 557516402 10421099
0b000c01 0b00cc01 10011 100 4240682 2023430128 592733753 10368220
0b000601 0b00c201 10026 100 4703763 2078365444 537806436 10407044
0b000001 0b00cc01 10034 100 6287445 2091666240 524536949 10539821
0b000a01 0b00ce01 10025 100 29999669 2081317620 535067797 12527853
0b000001 0b00c701 10007 100 7980698 2009321536 607073723 10681782
0b000801 0b00cc01 10031 100 4830239 2077740332 538692837 10417650
0b000001 0b00c401 10024 100 7288141 2071222149 545406980 10623721
0b000201 0b00cb01 10020 100 4173271 2074920609 542036009 10362569
0b000601 0b00c301 10030 100 3521583 2067259254 549919295 10307931
0b000601 0b00cd01 10016 100 9907649 2040140848 577350940 10843338
0b000001 0b00c901 10034 100 6680817 2060937239 556993192 10572800
0b000601 0b00c001 10022 100 7847832 2057553713 560469658 10670642
0b000e01 0b00ca01 10001 100 4263786 2002990839 615233174 10370156
0b000401 0b00cd01 10027 100 8639908 2092563392 525772010 10737050
0b000801 0b00c401 10004 100 27127823 2014133103 604681666 12287077
0b000401 0b00cb01 10041 100 8576305 2090514924 528722083 10731720
0b000601 0b00cd01 10038 100 12640685 2092556447 526697902 11072476
0b000401 0b00c301 10038 100 7565537 2076634652 542654427 10646976
0b000501 0b00cc01 10018 100 9560879 2032348586 587098361 10814264
0b000301 0b00c301 10001 100 15776818 2002761089 616878123 11335409
0b000401 0b00cc01 10013 100 9573787 2061037864 558783912 10815347
0b000c01 0b00c301 10003 100 9282925 2019899074 600138274 10790960
0b000901 0b00cb01 10014 100 27948098 2044838304 575241898 12355852
0b000401 0b00c701 10017 100 7887211 2056629528 563920958 10673946
0b000001 0b00ca01 10017 100 8769770 2057765438 563263161 10747938
0b000301 0b00c901 10023 100 9922742 2063377695 558436532 10844603
0b000901 0b00c401 10021 100 27743666 2065612980 556487184 12338710
0b000401 0b00c501 10031 100 7727627 2081166937 541217806 10660565
0b000001 0b00c601 10036 100 4882070 2077171424 545574880 10421996
0b000601 0b00cc01 10006 100 9066957 2016001053 607169217 10772853
0b000001 0b00c701 10006 100 5992264 2007717808 615677211 10515074
0b000901 0b00c801 10016 100 18580140 2057346966 566267659 11570442
0b000101 0b00c601 10028 100 11036253 2075799255 547861227 10937962
0b000401 0b00cd01 10022 100 3692718 2073896010 549867839 10322278
0b000b01 0b00cf01 10023 100 6438828 2079456230 544535777 10552512
0b000601 0b00cf01 10010 100 12214139 2026467921 598374546 11036716
0b000e01 0b00c901 10000 100 24092103 2001284458 623659356 12032565
0b000601 0b00c301 10038 100 8123261 2083758349 541249150 10693737
0b000a01 0b00c701 10005 100 20537702 2012097294 613142721 11734562
0b000501 0b00cc01 10026 100 9781300 2051189150 574362423 10832746
0b000101 0b00c901 10015 100 7928373 2042749549 582896277 10677397
0b000f01 0b00cd01 10028 100 27650863 2082752605 543058906 12330928
0b000701 0b00c201 10003 100 21465174 2013816251 612003316 11812323
0b000701 0b00cc01 10027 100 13079428 2086474007 539546318 11109261
0b000201 0b00c601 10000 100 28293353 2003403089 622794120 12384797
0b000701 0b00cd01 10010 100 7085578 2026815735 599469361 10606736
0b000c01 0b00c901 10037 100 3667589 2094303303 532603454 10320172
0b000c01 0b00c301 10024 100 3977242 2079595235 547361063 10346134
0b000801 0b00c401 10018 100 9989372 2055307549 571784112 10850191
0b000e01 0b00c101 10000 100 23824008 2004418494 622951331 12010088
0b000b01 0b00cd01 10028 100 29961509 2098253490 529134122 12524654
0b000001 0b00c301 10023 100 4954971 2068820951 558821748 10428104
0b000901 0b00cc01 10020 100 19979283 2059765022 567914304 11687745
0b000201 0b00cd01 10033 100 15946316 2078518685 549266574 11349621
0b000001 0b00c001 10014 100 5613714 2026046395 601926002 10483334
0b000001 0b00c901 10041 100 6956491 2079658187 548373355 10595914
0b000701 0b00c601 10034 100 14605142 2086608110 541493528 11237178
0b000601 0b00cb01 10004 100 28532019 2025472602 602759807 12404808
0b000601 0b00cd01 10004 100 5603466 2015471622 613631953 10482476
0b000401 0b00c101 10029 100 8043503 2072690328 556784218 10687049
0b000c01 0b00c701 10024 100 12178437 2083687405 545910825 11033722
0b000c01 0b00c601 10034 100 8114653 2093008014 536652480 10693013
0b000c01 0b00c401 10017 100 9196109 2035856267 594537683 10783685
0b000901 0b00c701 10020 100 21833515 2044409107 586441890 11843203
0b000201 0b00c901 10018 100 17942924 2041749300 589102412 11517015
0b000401 0b00c901 10024 100 7054976 2072107271 558840054 10604169
0b000b01 0b00ce01 10000 100 28379679 2003143236 627822321 12392033
0b000001 0b00c001 10004 100 9719924 2002467900 628653318 10827598
0b000901 0b00cf01 10007 100 7674402 2016597740 615571497 10656104
0b000001 0b00c001 10011 100 9769435 2011437282 620899859 10831751
0b000201 0b00ce01 10033 100 9288544 2072863581 560263790 10791433
0b000201 0b00c101 10006 100 4711972 2017348174 616021138 10407731
0b000801 0b00ca01 10030 100 12878197 2075158846 558348437 11092391
0b000301 0b00cb01 10004 100 12066489 2002951032 630799894 11024336
0b000301 0b00c901 10027 100 7767450 2066732118 567180280 10663905
0b000401 0b00ce01 10004 100 11291283 2014868938 619065596 10959343
0b000001 0b00c001 10044 100 7530860 2096607628 537908727 10644067
0b000f01 0b00c901 10002 100 29564743 2003885235 630676302 12491389
0b000d01 0b00ce01 10014 100 19010882 2042133725 592498869 11606552
0b000f01 0b00cc01 10005 100 23797972 2007931769 626802000 12007902
0b000d01 0b00c001 10031 100 5917151 2092175102 542833521 10508777
0b000601 0b00c701 10018 100 8564577 2046976476 588107321 10730735
0b000501 0b00c801 10000 100 3848674 2006667165 628813687 10335354
0b000c01 0b00c201 10032 100 29631145 2090095438 545856565 12496958
0b000301 0b00ca01 10003 100 4687225 2005789903 630170609 10405659
0b000001 0b00c601 10035 100 9431660 2077112194 559089714 10803431
0b000b01 0b00c501 10001 100 28842478 2004539965 631739781 12430835
0b000d01 0b00c401 10027 100 20200607 2082049887 554326689 11706300
0b000201 0b00ce01 10013 100 11031163 2026066189 610455890 10937535
0b000701 0b00cb01 10035 100 11713323 2073518631 563170982 10994727
0b000501 0b00cc01 10003 100 3459305 2016161045 621536833 10302710
0b000b01 0b00ca01 10024 100 22986821 2062826160 574933069 11939895
0b000201 0b00c901 10028 100 5171741 2081155879 556657905 10446279
0b000601 0b00ce01 10036 100 16239711 2091967321 545964894 11374218
0b000501 0b00c001 10029 100 3741483 2061604484 576551175 10326367
0b000901 0b00c301 10023 100 8776331 2053113574 585217201 10748490
0b000101 0b00cb01 10035 100 22800354 2089257361 549365023 11924264
0b000d01 0b00c101 10015 100 24448229 2060319419 578482150 12062422
0b000b01 0b00c401 10000 100 18365396 2001065454 637940478 11552437
0b000701 0b00c001 10004 100 25576741 2010695807 628979319 12157034
0b000501 0b00c001 10011 100 4037033 2010450064 629234198 10351148
0b000501 0b00c101 10025 100 25085337 2074517359 565323739 12115837
0b000c01 0b00c001 10007 100 13791987 2028511786 611330135 11169000
0b000701 0b00c301 10022 100 25900811 2049917616 590143596 12184204
0b000101 0b00c401 10008 100 7157530 2032653134 607576419 10612769
0b000a01 0b00c201 10019 100 23400405 2044402752 596248051 11974572
0b000e01 0b00c901 10022 100 24436537 2060947784 580283511 12061441
0b000401 0b00c901 10025 100 9080539 2075564836 567590430 10773994
0b000501 0b00ce01 10037 100 21254627 2089858981 553517206 11794669
0b000901 0b00c701 10043 100 17157293 2095758222 548018945 11451150
0b000101 0b00cc01 10007 100 14018495 2009529741 634435540 11187992
0b000801 0b00c701 10021 100 25532695 2040790213 603467892 12153342
0b000d01 0b00ce01 10030 100 20419324 2092721173 551643289 11724638
0b000601 0b00c701 10033 100 3503645 2096394875 548041642 10306426
0b000101 0b00cb01 10036 100 20365105 2095894554 548804096 11720093
0b000b01 0b00c501 10011 100 18374678 2034609353 610266261 11553214
0b000701 0b00c001 10002 100 7109340 2008804041 636795326 10608729
0b000101 0b00ce01 10028 100 9621766 2085802639 561276253 10819369
0b000a01 0b00c701 10040 100 28344849 2080001132 567223038 12389112
0b000c01 0b00cc01 10038 100 19161101 2077668591 570431681 11619150
0b000701 0b00c701 10018 100 19832018 2048014886 600210955 11675400
0b000a01 0b00cf01 10028 100 15064518 2066172878 582618481 11275691
0b000d01 0b00c701 10012 100 5428890 2029119435 619712204 10467838
0b000b01 0b00c401 10020 100 19385575 2040592043 608405963 11637968
0b000c01 0b00ca01 10026 100 17298159 2095321831 553723376 11462960
0b000c01 0b00c901 10014 100 25847288 2046994135 602248388 12179719
0b000101 0b00c301 10031 100 11865837 2078739548 570602673 11007512
0b000901 0b00c001 10013 100 26103796 2040920938 608457782 12201223
0b000401 0b00ce01 10034 100 14761133 2096581474 553472916 11250256
0b000501 0b00c301 10023 100 28732040 2066756083 583556180 12421577
0b000001 0b00c101 10008 100 9719322 2036962740 613681563 10827550
0b000c01 0b00c501 10009 100 21582504 2022012023 628976314 11822159
0b000501 0b00c001 10019 100 20103259 2028549428 622780689 11698140
0b000301 0b00c801 10023 100 16624733 2050975804 600647786 11406498
0b000401 0b00c101 10034 100 13323945 2076526942 575559976 11129759
0b000901 0b00cb01 10006 100 20642140 2025155060 627551144 11743320
0b000401 0b00c101 10019 100 16161283 2049415740 604358774 11367644
0b000401 0b00c601 10024 100 8062418 2057646892 596582563 10688635
0b000a01 0b00cd01 10016 100 22159009 2072244439 582052411 11870495
0b000201 0b00c301 10000 100 20090129 2005409242 649071969 11697039
0b000c01 0b00c401 10016 100 19423691 2033372981 621728415 11641163
0b000b01 0b00c901 10005 100 25819300 2010896150 645563581 12177372
0b000401 0b00c001 10016 100 6505405 2067792585 588814716 10558095
0b000401 0b00cd01 10006 100 7047392 2005971061 651187404 10603535
0b000d01 0b00cb01 10023 100 5554797 2053270981 604292496 10478394
0b000a01 0b00cf01 10027 100 18920545 2065625493 593017243 11598980
0b000c01 0b00c201 10017 100 22156837 2047125477 611521942 11870309
0b000501 0b00c301 10014 100 7160328 2036177337 623113153 10613004
0b000c01 0b00cd01 10017 100 4258922 2040277869 619267409 10369748
0b000401 0b00ce01 10010 100 17739985 2026532513 633099691 11500000
0b000801 0b00c201 10007 100 16690257 2022170056 637624662 11411994
0b000201 0b00c801 10003 100 26983870 2016796462 643360296 12275008
0b000a01 0b00ce01 10003 100 26985595 2007052682 653587640 12275153
0b000901 0b00ca01 10008 100 23508140 2016420376 644267199 11983605
0b000601 0b00c301 10034 100 26300505 2072712392 588005667 12217716
0b000c01 0b00c001 10024 100 26530582 2076020177 584843183 12237005
0b000e01 0b00c501 10012 100 5089372 2035122481 625843410 10439375
0b000401 0b00cf01 10013 100 9633042 2044833742 616358675 10820317
0b000401 0b00cf01 10012 100 9710517 2044159494 617455820 10826811
0b000e01 0b00c101 10037 100 18686969 2087470049 574148190 11579395
0b000201 0b00ce01 10021 100 18968631 2031835892 629820171 11603011
0b000101 0b00cf01 10032 100 14197758 2079575536 582449101 11203020
0b000601 0b00ca01 10033 100 3953568 2098639525 563905937 10344148
0b000c01 0b00c001 10027 100 22384937 2089382141 573270375 11889433
0b000101 0b00c201 10030 100 15853290 2079824714 583398895 11341822
0b000901 0b00cb01 10033 100 23085052 2091195576 572417315 11948134
0b000c01 0b00c701 10019 100 26107340 2061690522 601975562 12201521
0b000301 0b00cc01 10028 100 13475377 2076882760 588010578 11142458
0b000101 0b00ca01 10017 100 16042467 2040255623 624869366 11357682
0b000001 0b00c701 10032 100 9669747 2068361926 596892446 10823392
0b000001 0b00c701 10041 100 9583538 2086467991 578880935 10816165
0b000201 0b00cb01 10025 100 3561978 2081570582 583902635 10311316
0b000d01 0b00c201 10013 100 6929436 2044282280 621890445 10593646
0b000401 0b00c901 10019 100 16215681 2053586273 612961652 11372203
0b000601 0b00c501 10022 100 7988574 2056889545 610000080 10682443
0b000301 0b00c401 10026 100 12068194 2072791452 594300511 11024480
0b000101 0b00ce01 10023 100 21842461 2060206723 606909417 11843954
0b000001 0b00c901 10029 100 10125966 2055886285 611259569 10861641
0b000c01 0b00cd01 10004 100 29608396 2008441397 658845105 12495050
0b000401 0b00c101 10041 100 8044896 2090750477 576563660 10687164
0b000201 0b00ca01 10020 100 29081975 2077564886 589847461 12450912
0b000801 0b00c201 10002 100 6126126 2007816680 659625054 10526297
0b000701 0b00ca01 10005 100 22205586 2009373051 658107388 11874397
0b000101 0b00c401 10007 100 22667176 2024506096 643240747 11913099
0b000101 0b00ce01 10017 100 18190994 2043992892 624199768 11537812
0b000201 0b00c901 10029 100 3914378 2081703454 586863371 10340863
0b000d01 0b00c901 10029 100 6805826 2057575599 611455622 10583281
0b000801 0b00c101 10034 100 24706315 2079690457 589738073 12084060
0b000301 0b00c501 10006 100 14250055 2009790630 659808501 11207408
0b000301 0b00c501 10007 100 28175808 2010410290 659974780 12374940
0b000501 0b00c901 10008 100 6796767 2018843718 651986196 10582521
0b000401 0b00c801 10016 100 28605327 2062372755 608457703 12410953
0b000001 0b00c201 10000 100 18337818 2002542118 668431657 11550123
0b000301 0b00cd01 10024 100 3767379 2067837057 603419609 10328539
0b000401 0b00c401 10005 100 25641730 2027644041 643640802 12162483
0b000601 0b00c201 10001 100 24366777 2004162635 667854551 12055591
0b000301 0b00c101 10034 100 29416808 2081572192 590707068 12478985
0b000501 0b00cf01 10004 100 8516330 2019324870 654097576 10726691
0b000801 0b00ce01 10031 100 5898458 2064919993 608569331 10507208
0b000001 0b00c101 10027 100 11417913 2094646365 578977538 10969958
0b000401 0b00c101 10032 100 20566116 2075358138 598610702 11736946
0b000001 0b00ca01 10013 100 15134509 2044767407 629630796 11281559
0b000901 0b00cc01 10023 100 18759921 2082438273 593906344 11585512
0b000601 0b00c401 10032 100 27269632 2069112419 609373089 12298967
0b000201 0b00ce01 10014 100 6741845 2026151345 652352478 10577916
0b000801 0b00c801 10030 100 6631746 2064195365 615015031 10568686
0b000401 0b00cf01 10017 100 6335726 2053139058 626429452 10543868
0b000e01 0b00c001 10037 100 7975292 2097567414 582289931 10681331
0b000401 0b00c101 10026 100 6292037 2063162907 616761828 10540208
0b000801 0b00ce01 10008 100 14163486 2027269507 652824313 11200148
0b000401 0b00cd01 10026 100 5885280 2080184271 600017944 10506104
0b000801 0b00c301 10008 100 8744732 2016925001 663366501 10745839
0b000201 0b00c401 10031 100 6222973 2081463460 599365553 10534414
0b000001 0b00c101 10020 100 14899570 2079805159 601300796 11261861
0b000501 0b00c001 10012 100 8641411 2010900511 670224752 10737178
0b000701 0b00cd01 10008 100 15847854 2020880780 660475738 11341364
0b000201 0b00cc01 10013 100 26305111 2030255255 651114811 12218103
0b000801 0b00ca01 10025 100 27461196 2053354731 628175847 12315029
0b000201 0b00c901 10030 100 9540672 2086765498 594894538 10812571
0b000e01 0b00c901 10024 100 7673300 2066317760 615437679 10656012
0b000a01 0b00c501 10006 100 9503574 2018865275 662907724 10809461
0b000401 0b00c101 10040 100 26016372 2089633972 592173740 12193895
0b000401 0b00c501 10028 100 14334696 2078007560 604046548 11214502
0b000501 0b00cb01 10023 100 20170119 2062072827 620047684 11703746
0b000b01 0b00cc01 10023 100 8995048 2055977745 626156497 10766828
0b000e01 0b00c601 10019 100 8080716 2051563230 630604538 10690168
0b000e01 0b00cb01 10025 100 7953692 2082770684 599511421 10679518
0b000c01 0b00cf01 10031 100 6956664 2081945559 600417197 10595928
0b000e01 0b00c501 10034 100 7578948 2091598512 590778224 10648099
0b000301 0b00ce01 10024 100 24714464 2056137851 626533267 12084742
0b000301 0b00ca01 10014 100 7347316 2021485107 661901840 10628681
0b000401 0b00c301 10037 100 7219770 2072638174 611286296 10617986
0b000601 0b00c101 10017 100 4672018 2057381762 627721572 10404385
0b000601 0b00c701 10027 100 3867284 2081001982 604803688 10336915
0b000001 0b00c001 10008 100 7341333 2007528735 678637301 10628179
0b000301 0b00cf01 10020 100 25656865 2064958206 621535722 12163752
0b000501 0b00ca01 10008 100 3396771 2022374667 664599754 10297466
0b000201 0b00c201 10009 100 18478162 2026194738 660917670 11561892
0b000e01 0b00c201 10026 100 9879567 2056922487 630362006 10840984
0b000c01 0b00c301 10004 100 9003119 2021642524 665735468 10767504
0b000501 0b00cf01 10008 100 9846104 2027805577 659617101 10838180
0b000701 0b00c901 10005 100 8843330 2006540708 681024519 10754107
0b000a01 0b00c901 10003 100 6857717 2012539021 675931492 10587632
0b000d01 0b00c701 10025 100 8528336 2065001434 623578139 10727698
0b000901 0b00ca01 10011 100 17203458 2020024312 668728186 11455020
0b000001 0b00c701 10020 100 5895714 2036960808 651857725 10506977
0b000601 0b00c301 10025 100 7556624 2051553033 637323412 10646228
0b000401 0b00ca01 10015 100 7689113 2042994041 646000024 10657338
0b000301 0b00ca01 10035 100 3927783 2088588091 600515722 10341986
0b000101 0b00c501 10036 100 29753861 2089710455 600791926 12507244
0b000c01 0b00cb01 10019 100 21793869 2043453996 647376883 11839878
0b000a01 0b00c101 10009 100 10797680 2043056566 648087107 10917958
0b000301 0b00c901 10017 100 8271803 2052903671 638875553 10706188
0b000b01 0b00cb01 10018 100 16096091 2061647538 630279043 11362179
0b000201 0b00c001 10006 100 9918138 2029532278 662463991 10844220
0b000301 0b00c601 10007 100 18224695 2029084586 663004972 11540639
0b000601 0b00c201 10028 100 4013245 2081608275 610621812 10349153
0b000701 0b00cf01 10032 100 13286669 2092372220 599859750 11126635
0b000801 0b00c501 10035 100 21516826 2090320050 602192794 11816651
0b000201 0b00c101 10024 100 9426211 2073544363 619057378 10802976
0b000401 0b00ca01 10028 100 27777783 2079307973 614528545 12341570
0b000401 0b00ca01 10003 100 7766865 2014330112 679658723 10663854
0b000501 0b00c401 10017 100 7057360 2075922295 618137106 10604371
0b000101 0b00c101 10006 100 19342709 2014014117 680051751 11634373
0b000301 0b00c101 10030 100 4462456 2076837145 617405919 10386814
0b000001 0b00c201 10020 100 6392469 2070121289 624125044 10548626
0b000601 0b00ce01 10006 100 6425617 2022712068 671628982 10551405
0b000301 0b00c001 10001 100 19417254 2004900634 689531821 11640625
0b000001 0b00cf01 10042 100 6354597 2092576851 601926858 10545450
0b000201 0b00c701 10025 100 4284555 2066609550 629358133 10371898
0b000c01 0b00c401 10041 100 9877913 2092602567 603885187 10840844
0b000601 0b00cc01 10017 100 9922174 2039902323 657108666 10844558
0b000601 0b00cc01 10040 100 4908058 2082069288 615844778 10424175
0b000601 0b00c101 10016 100 24877358 2054749682 643555413 12098400
0b000401 0b00cb01 10039 100 8593801 2087378397 611415873 10733185
0b000001 0b00cb01 10005 100 8470270 2009007468 690988654 10722830
0b000601 0b00cc01 10038 100 3980519 2081834966 618172539 10346408
0b000e01 0b00c501 10016 100 8541662 2044336933 655677880 10728814
0b000601 0b00c301 10031 100 6673807 2067987790 632112062 10572212
0b000101 0b00c601 10031 100 15548222 2079761947 620359922 11316245
0b000001 0b00c701 10031 100 16626989 2062209939 638205397 11406686
0b000e01 0b00ca01 10021 100 9895666 2031126356 669587058 10842333
0b000001 0b00c501 10008 100 8808239 2021149646 679965136 10751165
0b000201 0b00c901 10015 100 26110669 2038145598 663031782 12201799
0b000601 0b00c901 10011 100 8533349 2037798870 664965204 10728118
0b000c01 0b00cd01 10032 100 8257784 2085336438 617841613 10705013
0b000601 0b00cc01 10030 100 7935766 2066632521 636842053 10678015
0b000001 0b00ca01 10020 100 6669415 2062502802 641251287 10571846
0b000601 0b00c401 10005 100 9327836 2007323636 696497648 10794726
0b000c01 0b00c501 10008 100 9454662 2020774932 683105652 10805360
0b000601 0b00cf01 10027 100 8358911 2084479512 619568369 10713491
0b000001 0b00c701 10019 100 8566074 2034898128 669695362 10730863
0b000601 0b00c801 10020 100 9570092 2061808237 643116732 10815040
0b000201 0b00c701 10010 100 17145429 2031272035 673779795 11450154
0b000601 0b00c501 10037 100 5464765 2084547955 621229002 10470846
0b000301 0b00c101 10008 100 12195646 2008742191 697413815 11035164
0b000001 0b00c201 10019 100 9827581 2065884926 640652702 10836626
0b000401 0b00c901 10027 100 13687033 2082826111 624311353 11160204
0b000301 0b00c401 10024 100 25180580 2072635652 634792510 12123821
0b000501 0b00c801 10005 100 28411215 2017730507 689930538 12394679
0b000e01 0b00ca01 10008 100 4948482 2009777131 698025015 10427562
0b000301 0b00c601 10015 100 20659644 2041207448 667958316 11744785
0b000401 0b00c301 10041 100 9611362 2092204150 617000876 10818499
0b000401 0b00c501 10036 100 23357446 2093731765 615726126 11970970
0b000801 0b00c001 10028 100 25557344 2091923391 618002320 12155410
0b000001 0b00c201 10012 100 27141832 2036267476 675706438 12288251
0b000601 0b00c201 10032 100 9268267 2093285427 619681361 10789734
0b000301 0b00c401 10021 100 21642843 2067492343 645640330 11827216
0b000101 0b00cb01 10002 100 26619355 2007243444 707821944 12244449
0b000301 0b00c101 10024 100 5360233 2059184398 656120427 10462084
0b000b01 0b00ce01 10024 100 23277738 2091631630 623771989 11964286
0b000201 0b00c701 10014 100 23127764 2036947088 679972738 11951712
0b000601 0b00c901 10004 100 7492353 2024591672 692550408 10640841
0b000e01 0b00c801 10040 100 3787869 2093654541 623488210 10330255
0b000c01 0b00ce01 10007 100 7657681 2019413483 697963875 10654701
0b000301 0b00c801 10017 100 5292644 2039930431 677570157 10456416
0b000001 0b00cd01 10002 100 24971531 2003638651 713993110 12106294
0b000c01 0b00cf01 10006 100 4998751 2011997211 706449262 10431776
0b000401 0b00c501 10025 100 16545273 2074586339 644247507 11399838
0b000c01 0b00cb01 10020 100 13683718 2047566881 671318914 11159924
0b000c01 0b00c201 10010 100 22160917 2026521828 692393125 11870651
0b000001 0b00c901 10027 100 22550763 2051307137 668088082 11903336
0b000301 0b00c201 10008 100 27788525 2011822855 707685405 12342471
0b000d01 0b00c701 10031 100 4891581 2093125373 626750185 10422791
0b000001 0b00ca01 10002 100 25247084 2008620066 711461364 12129399
0b000201 0b00ce01 10009 100 27240855 2022355085 697750520 12296553
0b000001 0b00c701 10016 100 17238253 2026935728 693522766 11457938
0b000601 0b00c401 10029 100 28190729 2058855766 662897811 12376191
0b000301 0b00ca01 10040 100 28200628 2096877791 625070277 12377022
0b000b01 0b00cc01 10014 100 6617182 2027478931 695998026 10567467
0b000601 0b00c601 10011 100 7561018 2020865145 702856556 10646599
0b000b01 0b00c501 10017 100 15900582 2053685570 670982265 11345786
0b000601 0b00c101 10018 100 8924598 2061922129 663755547 10760919
0b000001 0b00cf01 10028 100 4370619 2068595114 657456212 10379114
0b000601 0b00c601 10025 100 16880745 2046273489 680142969 11427962
0b000601 0b00cd01 10000 100 9514844 2008836630 718388961 10810405
0b000e01 0b00c301 10036 100 4481897 2081145642 646412464 10388442
0b000001 0b00cf01 10029 100 19279574 2070735221 657999591 11629081
0b000601 0b00c201 10010 100 23057102 2034940321 694387349 11945790
0b000601 0b00c301 10044 100 7722550 2098074528 631412997 10660140
0b000801 0b00c301 10025 100 6961154 2065239876 665648957 10596306
0b000701 0b00c401 10030 100 8306264 2074351167 657442447 10709080
0b000a01 0b00cd01 10018 100 5899386 2073762257 658955431 10507286
0b000001 0b00cc01 10012 100 16654854 2028811659 704400460 11409023
0b000f01 0b00c501 10008 100 9562413 2033918218 699489268 10814394
0b000001 0b00ca01 10010 100 26328963 2042630358 690897277 12220100
0b000c01 0b00c601 10028 100 4550087 2077680067 655876919 10394162
0b000a01 0b00c601 10008 100 7863509 2030071915 704242152 10671958
0b000101 0b00c601 10018 100 21002712 2045519168 689528032 11773548
0b000101 0b00cc01 10026 100 9019081 2043775852 691296836 10768843
0b000001 0b00c701 10010 100 23478879 2016282251 719648336 11981149
0b000901 0b00c901 10016 100 8186904 2023862599 713018191 10699070
0b000601 0b00c601 10031 100 8486355 2076957624 661047079 10724178
0b000d01 0b00c801 10025 100 23935017 2077535761 660592886 12019395
0b000301 0b00c301 10037 100 23467862 2090175582 648084183 11980226
0b000601 0b00cc01 10020 100 25515753 2044421284 695578719 12151921
0b000f01 0b00cb01 10009 100 24810584 2015479099 726897264 12092800
0b000001 0b00cb01 10013 100 16947721 2036613728 706793213 11433578
0b000201 0b00ce01 10020 100 11755272 2030823381 712727237 10998244
0b000001 0b00c701 10003 100 29427371 2003743022 741220628 12479873
0b000701 0b00c401 10017 100 20061474 2052360731 693222372 11694636
0b000d01 0b00c801 10005 100 29661424 2007865674 739987340 12499496
0b000c01 0b00ca01 10016 100 4348803 2066745196 681980245 10377284
0b000101 0b00c801 10001 100 29779079 2002864553 745889307 12509361
0b000401 0b00c701 10009 100 16024976 2022441253 726696992 11356214
0b000001 0b00cb01 10026 100 4358856 2095206914 654058565 10378127
0b000e01 0b00c401 10021 100 8682643 2074619832 675523163 10740634
0b000c01 0b00cb01 10037 100 4983740 2086335586 664059989 10430517
0b000001 0b00ce01 10040 100 4456174 2082293658 671354819 10386288
0b000b01 0b00c001 10008 100 8831667 2018547848 735983095 10753128
0b000101 0b00c601 10029 100 26350623 2076183218 678590282 12221917
0b000201 0b00c301 10034 100 9195679 2085761880 669543775 10783646
0b000a01 0b00c101 10006 100 7696457 2022034362 733559952 10657953
0b000c01 0b00ce01 10020 100 28220752 2054048873 702443543 12378708
0b000201 0b00cd01 10037 100 9000868 2090750043 665987741 10767313
0b000801 0b00c101 10036 100 5446481 2080427470 676481167 10469314
0b000e01 0b00c101 10038 100 4915301 2088782710 668808052 10424781
0b000901 0b00ca01 10012 100 8034350 2022491365 735269174 10686282
0b000e01 0b00c101 10006 100 7364675 2019791397 738054421 10630135
0b000701 0b00c401 10000 100 22162744 2003501271 756527200 11870805
0b000f01 0b00ce01 10011 100 9270638 2029179086 730913891 10789931
0b000001 0b00c301 10003 100 29717148 2014316163 746818461 12504168
0b000a01 0b00c301 10005 100 9614274 2019303009 743284220 10818743
0b000101 0b00c101 10015 100 6753850 2037464796 726716216 10578923
0b000801 0b00c801 10000 100 19858794 2000253659 764840496 11677642
0b000101 0b00cb01 10006 100 7395611 2013437553 751769883 10632729
0b000301 0b00c001 10027 100 19581274 2083790131 682159963 11654376
0b000001 0b00c501 10030 100 5676913 2063399797 704719224 10488632
0b000e01 0b00cd01 10025 100 17562427 2073860026 695757983 11485116
0b000d01 0b00cb01 10020 100 19299575 2044806845 725817920 11630758
0b000c01 0b00ce01 10001 100 8273459 2002259564 768380559 10706328
0b000601 0b00ce01 10027 100 17603650 2079698726 692712768 11488571
0b000d01 0b00cf01 10015 100 8383323 2031616854 741150968 10715540
0b000401 0b00c401 10017 100 14153300 2060040415 713271464 11199295
0b000d01 0b00cb01 10012 100 7861118 2023375162 750736785 10671759
0b000001 0b00c701 10033 100 8936449 2069657326 706419160 10761914
0b000201 0b00c501 10028 100 6976924 2090531229 685726325 10597625
0b000a01 0b00c701 10031 100 29840467 2062974275 715733483 12514506
0b000001 0b00c901 10008 100 7071257 2016000122 763459984 10605537
0b000001 0b00c801 10034 100 6858994 2071528466 710454226 10587738
0b000d01 0b00c301 10025 100 16342333 2076686989 706782071 11382823
0b000c01 0b00c801 10021 100 6102730 2051948765 731646236 10524333
0b000801 0b00c101 10004 100 20474558 2008715490 778035420 11729268
0b000d01 0b00ca01 10024 100 9667898 2070215156 718532809 10823236
0b000e01 0b00cb01 10020 100 5534085 2054128986 734857003 10476661
0b000a01 0b00c501 10014 100 15790827 2045491923 743853543 11336583
0b000c01 0b00ce01 10028 100 5509226 2081039651 712218797 10474576
0b000301 0b00cc01 10009 100 9691397 2041761603 752030007 10825209
0b000e01 0b00c901 10034 100 7568414 2097519711 700671141 10647218
0b000801 0b00cd01 10033 100 20434472 2091270992 707397351 11725908
0b000001 0b00c801 10049 100 6221429 2092420848 707522309 10534286
0b000c01 0b00c201 10030 100 8620609 2074505627 725993805 10735433
0b000901 0b00c901 10007 100 17064185 2013534427 786966992 11443344
0b000001 0b00ca01 10006 100 9123160 2023939996 778376512 10777568
0b000e01 0b00c001 10028 100 9881225 2073696949 728713885 10841124
0b000601 0b00c301 10040 100 27691087 2090465473 712634859 12334304
0b000001 0b00cb01 10020 100 8280672 2079920173 725729171 10706932
0b000901 0b00c801 10004 100 26265640 2012317900 793631072 12214792
0b000c01 0b00ca01 10024 100 7073134 2089356371 717506510 10605694
0b000c01 0b00c601 10027 100 21761776 2072412495 738047303 11837188
0b000901 0b00c001 10027 100 22213588 2085987901 726319803 11875068
0b000e01 0b00cb01 10011 100 8769876 2036744748 777479293 10747946
0b000601 0b00c201 10030 100 24412008 2089536518 724942200 12059386
0b000001 0b00cc01 10017 100 8432193 2038750858 776770494 10719638
0b000001 0b00c401 10015 100 8671180 2044419865 771628415 10739674
0b000d01 0b00c301 10027 100 23186333 2081163136 737959413 11956624
0b000601 0b00cd01 10027 100 9390281 2057149229 762501425 10799963
0b000c01 0b00cd01 10030 100 21944222 2077363544 742608989 11852486
0b000001 0b00c901 10028 100 8752964 2053121608 769716323 10746528
0b000401 0b00c701 10014 100 25742391 2052284556 770575909 12170924
0b000401 0b00cf01 10027 100 24119884 2091593324 732415969 12034891
0b000001 0b00ce01 10018 100 7730418 2041854557 783271049 10660800
0b000601 0b00cc01 10009 100 8120416 2022389669 803974121 10693497
0b000301 0b00cd01 10013 100 17323671 2051624782 775720212 11465097
0b000601 0b00c101 10013 100 23904605 2040444458 789438107 12016843
0b000601 0b00ce01 10012 100 21090135 2042173070 788988526 11780880
0b000d01 0b00cf01 10016 100 18531178 2033240371 799310527 11566337
0b000e01 0b00c101 10025 100 27285391 2056978915 777176227 12300289
0b000001 0b00ca01 10005 100 27595487 2022318228 814411000 12326287
0b000001 0b00c101 10014 100 16331658 2062787311 780554877 11381927
0b000401 0b00ca01 10010 100 24697600 2029385421 819888754 12083328
0b000101 0b00ca01 10014 100 23945127 2028430803 822449160 12020242
0b000301 0b00cd01 10030 100 29169917 2083475761 772319892 12458286
0b000001 0b00c501 10031 100 29257720 2064734871 791849491 12465648
0b000101 0b00c701 10012 100 28924401 2055915979 806164313 12437704
