0b000e01 0b00cf01 10000 100 1830242 2000042781 10270405 10166130
0b000801 0b00cb01 10000 100 16796 2000282491 10220192 10014088
0b000d01 0b00c201 10000 100 20678 2000467479 10674652 10014414
0b000b01 0b00cb01 10000 100 184847 2000858871 11915204 10028178
0b000501 0b00c701 10000 100 26710 2000904685 11984517 10014920
0b000401 0b00c101 10000 100 30987 2000997045 12158383 10015278
0b000e01 0b00c701 10000 100 182639 2001125867 12042670 10027993
0b000601 0b00c701 10000 100 6736 2001006384 12274105 10013245
0b000701 0b00c901 10003 100 4376 2001310938 12019427 10013049
0b000d01 0b00c101 10000 100 6841 2001754732 11803404 10013254
0b000001 0b00c001 10002 100 220689 2001491490 12391731 10031183
0b000401 0b00c501 10002 100 47827 2001687882 12377016 10016690
0b000401 0b00c801 10003 100 32546 2002484819 12186057 10015410
0b000a01 0b00cb01 10001 100 29735 2002156872 12959001 10015174
0b000801 0b00c801 10002 100 4147 2002197869 12923585 10013030
0b000b01 0b00c001 10002 100 19879 2001325468 13813544 10014347
0b000001 0b00cb01 10000 100 35991 2001068334 14431908 10015697
0b000701 0b00ce01 10001 100 11092 2003289901 12281909 10013613
0b000f01 0b00c601 10001 100 749296 2002410160 13206652 10075503
0b000701 0b00c101 10001 100 21376 2003766273 12081623 10014474
0b000501 0b00ce01 10002 100 49540 2003918112 12045785 10016835
0b000501 0b00ce01 10001 100 78224 2001726241 14262557 10019241
0b000701 0b00cf01 10000 100 772630 2000769188 15505481 10077458
0b000601 0b00c601 10001 100 23741 2004279851 12176431 10014671
0b000501 0b00cf01 10000 100 52529 2004121565 12399828 10017085
0b000b01 0b00c701 10000 100 7296 2002210091 14472346 10013294
0b000201 0b00cb01 10002 100 9602 2003827439 12921957 10013486
0b000301 0b00cd01 10000 100 8387 2001804262 15140316 10013385
0b000d01 0b00c501 10002 100 17535 2004455043 12839452 10014151
0b000601 0b00c701 10003 100 68422 2004341563 13124075 10018418
0b000101 0b00c501 10003 100 59813 2004601833 13065775 10017695
0b000e01 0b00c201 10000 100 76834 2004171412 13774052 10019122
0b000701 0b00c701 10000 100 122 2002456598 15557206 10012693
0b000b01 0b00c001 10004 100 45057 2003393356 14647599 10016461
0b000d01 0b00c801 10003 100 6971 2005565536 12488988 10013264
0b000701 0b00c601 10001 100 44019 2002745700 15789613 10016374
0b000701 0b00c901 10001 100 147278 2000270458 18270030 10025030
0b000c01 0b00ca01 10000 100 3464 2006498297 12156340 10012972
0b000401 0b00c201 10000 100 259428 2001373361 17345031 10034432
0b000c01 0b00c801 10003 100 36894 2005458518 13284820 10015773
0b000201 0b00cb01 10003 100 76437 2005528706 13234804 10019090
0b000201 0b00c601 10001 100 172772 2003456890 15571693 10027166
0b000d01 0b00cb01 10000 100 8507 2000460957 18655447 10013395
0b000301 0b00cc01 10000 100 73224 2002273720 17127965 10018822
0b000201 0b00cc01 10003 100 418725 2004271704 15306026 10047786
0b000b01 0b00cc01 10004 100 25818 2005592915 14271932 10014845
0b000001 0b00cc01 10003 100 23301 2005287012 14712137 10014636
0b000c01 0b00c901 10003 100 4881 2007981378 12091878 10013089
0b000801 0b00c101 10003 100 15881 2005840759 14238564 10014011
0b000801 0b00cb01 10002 100 22599 2005775368 14339733 10014576
0b000d01 0b00cb01 10003 100 56886 2007840102 12374440 10017449
0b000901 0b00ca01 10001 100 6773 2007016319 13251812 10013248
0b000301 0b00cb01 10009 100 22583 2007030850 13238369 10014574
0b000c01 0b00c101 10000 100 11473 2004698789 15658415 10013643
0b000b01 0b00c801 10002 100 79215 2005436495 14933251 10019324
0b000e01 0b00c801 10003 100 46852 2004575872 15911264 10016608
0b000001 0b00ce01 10003 100 25038 2007107130 13805138 10014782
0b000301 0b00c601 10001 100 53398 2006830305 14083703 10017159
0b000301 0b00ce01 10003 100 59650 2006848984 14134207 10017682
0b000201 0b00cd01 10002 100 61206 2001015590 20052590 10017814
0b000701 0b00c801 10003 100 7505 2008850954 12221677 10013311
0b000301 0b00c501 10003 100 66844 2005260146 15814205 10018284
0b000801 0b00c501 10003 100 1862 2007711383 13382601 10012836
0b000f01 0b00cd01 10003 100 33900 2008503865 12615696 10015522
0b000b01 0b00c101 10000 100 805349 2001478126 19674676 10080202
0b000601 0b00ca01 10003 100 68649 2007341572 13827225 10018436
0b000801 0b00cc01 10003 100 115328 2005990833 15428999 10022351
0b000001 0b00c801 10002 100 61341 2006707940 14722101 10017825
0b000701 0b00cb01 10001 100 42072 2001631629 19825522 10016210
0b000301 0b00ce01 10001 100 4336 2001741044 19791690 10013046
0b000e01 0b00c101 10002 100 8293 2006024367 15524120 10013378
0b000701 0b00ce01 10002 100 131807 2008386589 13269777 10023731
0b000201 0b00ce01 10003 100 2980 2008259073 13625742 10012929
0b000201 0b00c601 10005 100 13387 2008029293 13925813 10013804
0b000f01 0b00c701 10002 100 183737 2005264787 16712385 10028085
0b000f01 0b00c301 10005 100 34996 2009466310 12556843 10015614
0b000b01 0b00c901 10000 100 55518 2000020837 22017399 10017336
0b000d01 0b00c001 10000 100 982 2002137888 19909845 10012762
0b000601 0b00c301 10004 100 15279 2006241557 15852749 10013963
0b000a01 0b00c601 10001 100 245396 2005316337 16808808 10033256
0b000801 0b00c001 10000 100 68260 2000131928 22018846 10018405
0b000201 0b00c101 10000 100 47541 2000184770 22030309 10016667
0b000201 0b00c101 10004 100 5618 2008484288 13775479 10013152
0b000201 0b00c401 10002 100 3597 2008438139 13828905 10012983
0b000201 0b00c101 10003 100 39313 2008173164 14144201 10015978
0b000e01 0b00cb01 10003 100 605 2010188426 12147510 10012732
0b000d01 0b00c701 10002 100 6743 2010267178 12132363 10013246
0b000301 0b00cb01 10000 100 28316 2000259783 22179193 10015056
0b000c01 0b00ca01 10003 100 75536 2009049599 13410803 10019014
0b000701 0b00c501 10000 100 28844 2000267689 22225188 10015098
0b000301 0b00ce01 10000 100 23869 2000278799 22255484 10014681
0b000401 0b00c001 10000 100 30233 2002330634 20231138 10015217
0b000501 0b00c501 10000 100 51976 2000288433 22277120 10017037
0b000401 0b00c301 10000 100 8898 2000368862 22455145 10013426
0b000501 0b00c101 10002 100 23640 2009150464 13876826 10014663
0b000a01 0b00c701 10001 100 23524 2002014164 21029133 10014654
0b000d01 0b00ce01 10002 100 28790 2006785407 16258985 10015094
0b000501 0b00ce01 10004 100 31768 2010384500 12673749 10015344
0b000c01 0b00c301 10000 100 1198 2000461882 22645300 10012783
0b000f01 0b00c301 10002 100 79615 2000469712 22685418 10019356
0b000b01 0b00c601 10000 100 3668 2000474414 22713153 10012988
0b000b01 0b00c101 10003 100 38579 2009049507 14187008 10015916
0b000001 0b00cb01 10003 100 141400 2007249649 16045551 10024537
0b000e01 0b00ca01 10009 100 12849 2010269516 13162799 10013757
0b000501 0b00c001 10014 100 2242 2011398078 12102832 10012870
0b000e01 0b00c201 10006 100 16625 2010875190 12652668 10014075
0b000d01 0b00c801 10000 100 1740 2000597109 22976151 10012826
0b000801 0b00ce01 10003 100 127158 2008368576 15236219 10023344
0b000e01 0b00c301 10004 100 23954 2007372580 16286971 10014688
0b000801 0b00cb01 10004 100 22646 2009228032 14447522 10014580
0b000501 0b00ca01 10000 100 69064 2000645560 23136131 10018473
0b000e01 0b00c801 10000 100 30282 2000695223 23141975 10015221
0b000f01 0b00c701 10003 100 194626 2006232975 17625338 10028998
0b000001 0b00c701 10001 100 54353 2003110355 20900988 10017239
0b000b01 0b00cb01 10002 100 89947 2008830241 15375812 10020221
0b000e01 0b00ce01 10004 100 52510 2007027011 17189845 10017084
0b000201 0b00cd01 10001 100 8365 2000778589 23581329 10013383
0b000001 0b00c001 10000 100 4667522 2000190642 24191838 10404006
0b000a01 0b00c201 10001 100 9413 2000839526 23577675 10013471
0b000501 0b00cd01 10001 100 71544 2001464866 23008048 10018680
0b000701 0b00ca01 10003 100 43531 2008516220 15961524 10016331
0b000401 0b00c901 10003 100 28199 2010740955 13832726 10015047
0b000e01 0b00c801 10001 100 39061 2000739578 23885207 10015958
0b000601 0b00c101 10002 100 28807 2008819083 15959847 10015095
0b000e01 0b00c801 10002 100 48660 2001490409 23288650 10016760
0b000201 0b00c001 10002 100 3396 2010746930 14054973 10012967
0b000601 0b00ca01 10000 100 26561 2000635255 24198665 10014908
0b000601 0b00c601 10002 100 8510 2004455988 20379862 10013395
0b000401 0b00c801 10000 100 60487 2000882877 23985555 10017753
0b000e01 0b00c501 10005 100 21765 2008836409 16033672 10014505
0b000001 0b00cc01 10000 100 1939800 2000513434 24412553 10175313
0b000e01 0b00c501 10000 100 1995 2001047219 23885638 10012847
0b000701 0b00c701 10002 100 9703 2012884192 12074843 10013494
0b000001 0b00c901 10000 100 9488 2000891891 24067411 10013477
0b000801 0b00cd01 10002 100 9575 2003615878 21364230 10013484
0b000e01 0b00c601 10000 100 48166 2001069552 23974077 10016721
0b000301 0b00c101 10000 100 7524117 2000252215 24807787 10643505
0b000101 0b00cb01 10000 100 77318 2001047059 24032496 10019164
0b000201 0b00cb01 10000 100 52779 2001150081 23944084 10017105
0b000e01 0b00cc01 10000 100 24363 2001178349 23923601 10014725
0b000201 0b00cb01 10004 100 41794 2010527934 14628405 10016184
0b000e01 0b00ce01 10000 100 24871 2001325715 23915526 10014765
0b000901 0b00c001 10001 100 4166 2001021236 24235969 10013032
0b000501 0b00ce01 10000 100 3703726 2000694327 24619093 10323201
0b000f01 0b00c801 10002 100 8698 2004430285 20897758 10013410
0b000001 0b00c301 10000 100 16683 2001336548 24003901 10014079
0b000c01 0b00c001 10000 100 2371 2004532715 20808225 10012881
0b000501 0b00cd01 10000 100 520333 2000976560 24399207 10056307
0b000c01 0b00c401 10006 100 37330 2011258282 14124470 10015812
0b000b01 0b00c601 10005 100 24511 2011226219 14169246 10014736
0b000601 0b00c701 10001 100 26527 2001552618 23949500 10014905
0b000801 0b00c001 10002 100 58643 2010595592 14909363 10017598
0b000d01 0b00cf01 10002 100 184829 2003788682 21809827 10028176
0b000d01 0b00c701 10000 100 63346 2000864529 24763750 10017993
0b000101 0b00c101 10003 100 72225 2011039499 14666420 10018738
0b000c01 0b00c201 10004 100 13963 2012416568 13315300 10013850
0b000901 0b00c701 10007 100 26420 2011864318 13873623 10014897
0b000301 0b00c401 10000 100 78677 2001955424 23789558 10019277
0b000001 0b00c501 10001 100 46329 2003999627 21749532 10016566
0b000601 0b00cd01 10003 100 8869 2013385258 12366986 10013424
0b000d01 0b00c901 10003 100 14454 2013339611 12453942 10013893
0b000001 0b00c701 10000 100 41181 2001620743 24221012 10016135
0b000001 0b00cd01 10000 100 32168 2001717231 24128005 10015380
0b000b01 0b00ca01 10001 100 6594 2001294518 24607626 10013234
0b000001 0b00cd01 10001 100 68802 2001958629 23970246 10018449
0b000201 0b00cc01 10001 100 63922 2001960088 23969996 10018039
0b000801 0b00c801 10004 100 3865 2003602345 22356741 10013004
0b000201 0b00c501 10003 100 20645 2011851882 14122857 10014412
0b000b01 0b00c801 10000 100 1806 2000834735 25200941 10012832
0b000301 0b00c101 10009 100 35119 2011332378 14710533 10015627
0b000201 0b00c701 10000 100 65969 2002115937 23977892 10018210
0b000e01 0b00cd01 10000 100 1715560 2000506066 25590917 10156514
0b000701 0b00cc01 10000 100 177190 2001881039 24373966 10027538
0b000c01 0b00c401 10007 100 58570 2013746487 12560367 10017592
0b000b01 0b00ce01 10003 100 6471 2012331972 13977927 10013224
0b000201 0b00cc01 10002 100 19086 2003182761 23147379 10014283
0b000601 0b00c301 10005 100 12850 2010640174 15723554 10013757
0b000d01 0b00c601 10002 100 150446 2002935606 23449143 10025295
0b000901 0b00c001 10004 100 8494 2012653139 13733280 10013394
0b000501 0b00c101 10007 100 32877 2013158445 13362213 10015436
0b000001 0b00c601 10001 100 28839 2011814102 14787569 10015098
0b000501 0b00c901 10003 100 6586 2011160315 15551279 10013233
0b000401 0b00c701 10005 100 3736 2011101283 15637431 10012994
0b000301 0b00c701 10001 100 190571 2002575503 24218088 10028659
0b000801 0b00c801 10003 100 553687 2002749061 24058150 10059102
0b000b01 0b00c901 10002 100 6024 2005558988 21390117 10013188
0b000201 0b00c801 10002 100 6904 2012978706 14033672 10013259
0b000a01 0b00c701 10000 100 57390 2001822812 25204879 10017493
0b000f01 0b00c201 10000 100 25572 2002532546 24528967 10014825
0b000001 0b00c901 10002 100 29 2006042606 21099763 10012686
0b000a01 0b00cd01 10000 100 4456 2002279977 24884574 10013055
0b000701 0b00cd01 10000 100 2565083 2000367430 26802463 10227740
0b000401 0b00c501 10005 100 6036 2014807876 12398797 10013189
0b000c01 0b00ca01 10004 100 1683 2011374235 15877377 10012822
0b000701 0b00cc01 10001 100 220829 2002287793 24989660 10031194
0b000201 0b00c501 10001 100 57676 2005926548 21417924 10017516
0b000501 0b00cf01 10001 100 50410 2005246749 22098188 10016908
0b000201 0b00ce01 10007 100 513 2013901172 13504749 10012724
0b000e01 0b00c001 10002 100 13272 2003966569 23481742 10013795
0b000a01 0b00c401 10001 100 9523 2006175786 21388418 10013480
0b000601 0b00c401 10001 100 92436 2002906895 24676763 10020432
0b000001 0b00c101 10000 100 47143 2012552104 15064893 10016635
0b000101 0b00c401 10002 100 607424 2001025360 26595006 10063608
0b000201 0b00cd01 10003 100 39426 2001188807 26474291 10015987
0b000801 0b00cd01 10004 100 688 2005734660 21942370 10012738
0b000701 0b00c101 10000 100 16534 2003588310 24093061 10014068
0b000401 0b00cb01 10000 100 23280 2003713451 24051751 10014634
0b000101 0b00cd01 10000 100 3289767 2002430893 25358197 10288494
0b000701 0b00c501 10001 100 61172 2000938366 26850907 10017811
0b000701 0b00cd01 10001 100 68473 2003590947 24211240 10018422
0b000801 0b00c201 10000 100 69101 2001621639 26186393 10018476
0b000001 0b00c401 10001 100 26178 2004866278 22964211 10014877
0b000201 0b00c901 10004 100 79762 2012324981 15551162 10019368
0b000c01 0b00c901 10000 100 8308 2001500559 26480435 10013379
0b000601 0b00ce01 10001 100 66069 2010758236 17320376 10018222
0b000101 0b00cb01 10005 100 27584 2013287877 14817486 10014994
0b000601 0b00ca01 10004 100 21162 2015132906 12999420 10014457
0b000501 0b00c001 10007 100 25521 2004029902 24153122 10014821
0b000701 0b00ce01 10004 100 26716 2015474576 12728805 10014920
0b000501 0b00c501 10001 100 47891 2001333895 26998207 10016695
0b000c01 0b00c501 10002 100 683 2003778204 24687079 10012738
0b000201 0b00cd01 10005 100 45573 2006792821 21694423 10016502
0b000601 0b00ce01 10002 100 32896 2012342351 16166616 10015438
0b000501 0b00ca01 10002 100 183634 2007966587 20660631 10028077
0b000301 0b00c201 10009 100 34113 2013702063 14987741 10015543
0b000f01 0b00c701 10001 100 1280 2004117871 24587593 10012790
0b000701 0b00c301 10001 100 68748 2003762118 24974162 10018444
0b000801 0b00ca01 10000 100 30617 2003278878 25469628 10015248
0b000201 0b00ce01 10001 100 11400 2006054037 22716075 10013638
0b000901 0b00c901 10001 100 116949 2002779242 26018913 10022485
0b000e01 0b00c201 10005 100 62368 2006460950 22369375 10017911
0b000e01 0b00ca01 10006 100 153710 2008321962 20510746 10025568
0b000701 0b00c501 10002 100 78776 2015149720 13714601 10019285
0b000101 0b00cc01 10000 100 4720 2001790123 27109876 10013076
0b000b01 0b00c401 10003 100 45785 2006372589 22568614 10016519
0b000a01 0b00ce01 10001 100 292302 2004059429 25062536 10037189
0b000a01 0b00c101 10003 100 161529 2011714962 17417886 10026224
0b000b01 0b00cb01 10003 100 222259 2011403216 17737550 10031317
0b000601 0b00cf01 10002 100 22279 2005310709 23906176 10014550
0b000b01 0b00c001 10003 100 68896 2002219793 27032076 10018456
0b000101 0b00c401 10003 100 26461 2006779179 22480545 10014900
0b000901 0b00c801 10001 100 3949 2002579857 26683027 10013011
0b000801 0b00c301 10002 100 66786 2006396996 22881544 10018280
0b000701 0b00c901 10008 100 1216 2017003090 12338893 10012784
0b000701 0b00cf01 10002 100 108316 2007559398 21860432 10021763
0b000701 0b00cc01 10003 100 2263 2009192474 20260646 10012872
0b000501 0b00c701 10001 100 489449 2003274170 26198660 10053717
0b000a01 0b00c001 10001 100 12466 2002889865 26588074 10013727
0b000801 0b00c901 10000 100 3280 2003022037 26478697 10012957
0b000a01 0b00c801 10001 100 464 2003042859 26462499 10012720
0b000601 0b00c201 10004 100 7286 2017061302 12469587 10013293
0b000901 0b00cb01 10004 100 409 2015747053 13816877 10012716
0b000301 0b00cb01 10003 100 30272 2002867612 26698173 10015220
0b000e01 0b00c401 10004 100 7661 2016701042 12882083 10013323
0b000801 0b00c701 10002 100 2237 2003141171 26469013 10012870
0b000201 0b00c401 10001 100 272324 2005722832 23890421 10035514
0b000001 0b00ce01 10001 100 69530 2006205861 23449273 10018511
0b000601 0b00ce01 10000 100 3999 2005274860 24382571 10013015
0b000201 0b00cc01 10004 100 8115 2004696932 24964751 10013363
0b000601 0b00c001 10002 100 27026 2009149503 20533936 10014949
0b000f01 0b00c801 10005 100 356 2005153114 24532042 10012712
0b000601 0b00c301 10003 100 38593 2004795123 24900416 10015917
0b000901 0b00c301 10001 100 48521 2002421024 27327137 10016749
0b000101 0b00c801 10003 100 26511 2007284736 22485656 10014904
0b000f01 0b00c401 10001 100 8668 2002822008 26950737 10013408
0b000301 0b00c501 10000 100 28043 2002392142 27385553 10015034
0b000d01 0b00cd01 10002 100 8150 2005278163 24513764 10013366
0b000101 0b00c101 10000 100 5044 2002418089 27390891 10013106
0b000401 0b00cd01 10005 100 6678 2005862742 23956374 10013241
0b000a01 0b00c801 10003 100 39488 2007028145 22899160 10015992
0b000001 0b00c801 10003 100 33353 2007465449 22490258 10015478
0b000101 0b00ce01 10003 100 101858 2013984488 15982705 10021220
0b000001 0b00c001 10003 100 125525 2002142876 27878614 10023205
0b000b01 0b00c101 10004 100 48166 2015129780 14906427 10016721
0b000701 0b00ca01 10000 100 328 2002492716 27567941 10012710
0b000901 0b00c901 10009 100 50329 2015106927 14988930 10016902
0b000801 0b00cf01 10002 100 98748 2003188773 26939492 10020960
0b000501 0b00c801 10003 100 9093 2012167180 18004782 10013445
0b000201 0b00cb01 10001 100 64081 2003029785 27177576 10018056
0b000801 0b00c401 10002 100 126611 2012934806 17292706 10023296
0b000d01 0b00ce01 10001 100 65618 2005910211 24361494 10018182
0b000001 0b00ca01 10000 100 30536 2002625652 27651711 10015241
0b000201 0b00c701 10001 100 874406 2003454865 26885858 10085992
0b000201 0b00c701 10007 100 13015 2015721746 14631882 10013774
0b000401 0b00c301 10003 100 14717 2006027498 24350047 10013914
0b000201 0b00cd01 10000 100 7878598 2000560682 29827715 10673223
0b000801 0b00c901 10004 100 18923 2015894294 14542811 10014266
0b000301 0b00c501 10001 100 331713 2002790231 27672040 10040491
0b000301 0b00cc01 10001 100 143402 2002375466 28183225 10024705
0b000001 0b00c701 10002 100 21247 2003290076 27280687 10014464
0b000601 0b00c401 10000 100 6129 2002734744 27860824 10013197
0b000b01 0b00ca01 10004 100 9912 2004988910 25727480 10013511
0b000f01 0b00cc01 10003 100 453710 2005409359 25364426 10050720
0b000801 0b00c701 10003 100 1244 2004474940 26340387 10012787
0b000801 0b00cd01 10003 100 158807 2003658331 27228143 10025995
0b000901 0b00c401 10002 100 23721 2005637603 25296776 10014669
0b000001 0b00c001 10006 100 678812 2004658242 26282085 10069592
0b000101 0b00c401 10000 100 135350 2000390197 30589703 10024030
0b000401 0b00c301 10005 100 37015 2006977022 24042861 10015787
0b000b01 0b00cb01 10001 100 6589 2005607903 25434880 10013234
0b000a01 0b00c101 10001 100 73930 2003985173 27096605 10018878
0b000501 0b00c801 10002 100 13338 2009865335 21393048 10013800
0b000601 0b00c601 10006 100 32491 2006689054 24576789 10015406
0b000d01 0b00ca01 10000 100 1244672 2002697876 28588635 10117034
0b000a01 0b00c201 10003 100 32405 2005285880 26059353 10015399
0b000501 0b00c601 10002 100 47020 2008703066 22672828 10016625
0b000301 0b00c101 10004 100 68387 2004074759 27311440 10018415
0b000601 0b00c401 10002 100 3363 2003410338 27994848 10012964
0b000a01 0b00c001 10003 100 27783 2005639925 25847040 10015010
0b000701 0b00cf01 10001 100 3445 2007424771 24114666 10012970
0b000101 0b00c701 10003 100 26007 2005926101 25682137 10014864
0b000901 0b00c401 10003 100 633720 2005986673 25659154 10065812
0b000001 0b00ce01 10007 100 45859 2016422459 15254872 10016525
0b000201 0b00c001 10004 100 11605 2017707291 13970454 10013654
0b000001 0b00c601 10005 100 77032 2015062104 16618834 10019142
0b000501 0b00c001 10000 100 35740 2000628888 31090254 10015677
0b000501 0b00c001 10006 100 5585 2003748477 28013825 10013149
0b000501 0b00c401 10000 100 7514 2002557106 29207173 10013311
0b000901 0b00c701 10003 100 285 2005428052 26345841 10012706
0b000801 0b00c601 10001 100 28635 2006377833 25396740 10015082
0b000601 0b00c801 10002 100 200803 2007551576 24234416 10029516
0b000201 0b00cf01 10001 100 35210 2004640116 27161476 10015635
0b000501 0b00c401 10001 100 19591 2002902943 28903793 10014324
0b000501 0b00c001 10003 100 20749 2003036658 28771104 10014420
0b000501 0b00cd01 10004 100 62926 2002548699 29311318 10017956
0b000301 0b00c401 10001 100 22465 2009619267 22304497 10014565
0b000501 0b00c101 10000 100 9646 2007967231 23963749 10013490
0b000a01 0b00cf01 10001 100 34836 2005317923 26705879 10015601
0b000701 0b00c401 10001 100 64852 2006949651 25079067 10018117
0b000001 0b00c001 10007 100 34172 2005081689 26991546 10015548
0b000e01 0b00c301 10009 100 3103 2019693560 12453582 10012943
0b000001 0b00c401 10002 100 222106 2012007887 20159968 10031304
0b000f01 0b00c301 10010 100 5219 2019607594 12598388 10013120
0b000501 0b00cc01 10001 100 86050 2006498602 25715795 10019898
0b000e01 0b00c001 10004 100 221113 2010661263 21562102 10031221
0b000e01 0b00c301 10003 100 23719 2007368534 24859160 10014669
0b000f01 0b00c301 10004 100 40255 2007573049 24723358 10016057
0b000001 0b00c901 10003 100 2465 2006953894 25353297 10012888
0b000301 0b00c501 10004 100 9505 2006655274 25672200 10013478
0b000401 0b00ce01 10005 100 9625 2016225588 16126874 10013488
0b000f01 0b00c901 10008 100 12745 2016494368 15878927 10013749
0b000601 0b00cf01 10003 100 41072 2007459523 25080058 10016127
0b000e01 0b00cb01 10001 100 52423 2007446448 25107589 10017077
0b000e01 0b00c701 10004 100 14585 2005056741 27682481 10013904
0b000101 0b00c801 10005 100 61157 2010395737 22387984 10017810
0b000f01 0b00ce01 10003 100 122808 2010125799 22685263 10022976
0b000201 0b00c101 10002 100 64282 2005864587 27012911 10018072
0b000c01 0b00c801 10004 100 192573 2009664594 23215553 10028826
0b000901 0b00c201 10001 100 34455 2007314304 25568998 10015570
0b000101 0b00c201 10003 100 5555 2006335942 26549862 10013147
0b000301 0b00cf01 10000 100 10574 2006056130 26833595 10013568
0b000b01 0b00c301 10000 100 3279 2007419162 25475995 10012957
0b000e01 0b00c101 10005 100 9638 2012503328 20396207 10013489
0b000201 0b00c701 10002 100 14742 2006371913 26539685 10013916
0b000401 0b00c701 10007 100 8618 2020495883 12420735 10013404
0b000e01 0b00c701 10002 100 44887 2004916726 28003735 10016443
0b000001 0b00c301 10002 100 27956 2010589369 22373361 10015024
0b000601 0b00c201 10002 100 30387 2004904994 28069009 10015230
0b000001 0b00c701 10005 100 12359 2007324282 25668184 10013718
0b000001 0b00c001 10010 100 70945 2009913415 23088338 10018628
0b000901 0b00ce01 10003 100 35971 2018645390 14373346 10015695
0b000801 0b00c701 10005 100 20417 2006641302 26384161 10014394
0b000f01 0b00ca01 10000 100 5146 2008741194 24308047 10013114
0b000a01 0b00ce01 10007 100 5984 2018673614 14413622 10013181
0b000f01 0b00cb01 10000 100 13270 2001257395 31834546 10013795
0b000601 0b00cc01 10000 100 31728 2005170101 27936842 10015341
0b000801 0b00c501 10002 100 3521 2006881640 26227050 10012977
0b000f01 0b00c701 10000 100 28889 2000457788 32651245 10015102
0b000301 0b00ca01 10012 100 66392 2017086132 16067406 10018248
0b000b01 0b00c501 10003 100 593558 2008845185 24358660 10062445
0b000101 0b00ce01 10007 100 11193 2019194881 14015806 10013621
0b000c01 0b00c201 10006 100 33007 2020032650 13191628 10015451
0b000401 0b00ce01 10001 100 4528 2009132519 24126514 10013061
0b000e01 0b00c501 10006 100 2844 2009122709 24217776 10012919
0b000701 0b00c801 10001 100 168863 2006969456 26376726 10026838
0b000c01 0b00c901 10001 100 25079 2001573494 31775964 10014786
0b000701 0b00c701 10005 100 57646 2020032743 13353627 10017514
0b000101 0b00cf01 10010 100 3303 2019700080 13693714 10012959
0b000f01 0b00c001 10000 100 22521 2001707274 31779333 10014570
0b000701 0b00ce01 10005 100 102446 2015724776 17787421 10021271
0b000a01 0b00cb01 10005 100 1353 2007403263 26180150 10012795
0b000b01 0b00cb01 10004 100 41077 2018574254 15034985 10016127
0b000301 0b00cc01 10004 100 666 2019469158 14185515 10012737
0b000801 0b00ce01 10002 100 9364 2007314607 26349033 10013467
0b000f01 0b00cb01 10005 100 69807 2009250390 24422877 10018533
0b000401 0b00c701 10000 100 3520422 2000325736 33353563 10307834
0b000701 0b00cf01 10003 100 6190 2009917803 23803077 10013202
0b000a01 0b00c101 10004 100 133426 2016206366 17520551 10023868
0b000701 0b00cb01 10000 100 11914 2000744581 33003185 10013679
0b000801 0b00c601 10002 100 68838 2010627039 23144488 10018452
0b000f01 0b00c701 10005 100 12218 2017879445 15920024 10013707
0b000b01 0b00c401 10005 100 79491 2010786576 23067416 10019346
0b000401 0b00cd01 10004 100 40324 2005578271 28322629 10016063
0b000601 0b00cb01 10000 100 7760 2000769415 33148013 10013331
0b000f01 0b00c401 10002 100 121855 2005381932 28540814 10022896
0b000d01 0b00c001 10004 100 216210 2005036307 28890039 10030810
0b000201 0b00ce01 10005 100 32441 2011244528 22702840 10015402
0b000c01 0b00cc01 10006 100 28653 2012390212 21575181 10015083
0b000601 0b00c601 10012 100 10227 2021082387 12924784 10013540
0b000f01 0b00c301 10000 100 2001 2000002444 34012945 10012851
0b000301 0b00c201 10000 100 21818 2000001661 34014626 10014509
0b000201 0b00cc01 10005 100 22609 2007827767 26210902 10014577
0b000001 0b00c501 10002 100 25532 2007727877 26313525 10014822
0b000101 0b00c201 10005 100 62128 2011276617 22772674 10017892
0b000001 0b00c601 10002 100 4601 2012220236 21850727 10013067
0b000701 0b00c901 10004 100 4657 2002320746 31852791 10013071
0b000501 0b00cc01 10009 100 39352 2021403411 12773510 10015981
0b000f01 0b00c301 10001 100 40763 2000161696 34017940 10016098
0b000201 0b00cf01 10000 100 64729 2000175050 34026719 10018107
0b000401 0b00c501 10004 100 4642 2006536466 27675202 10013070
0b000901 0b00c601 10003 100 8105 2008543420 25713007 10013362
0b000601 0b00c401 10007 100 35211 2009557768 24713175 10015635
0b000201 0b00c601 10007 100 54757 2011391020 22895898 10017271
0b000701 0b00cc01 10002 100 14710 2006598804 27727860 10013914
0b000401 0b00c101 10003 100 19868 2009906528 24499390 10014346
0b000301 0b00c401 10003 100 40503 2011837351 22579061 10016077
0b000601 0b00c901 10002 100 62934 2009353125 25077646 10017956
0b000201 0b00c801 10000 100 65074 2000247707 34187758 10018139
0b000e01 0b00c201 10002 100 222683 2004923965 29555288 10031350
0b000a01 0b00ce01 10004 100 8061 2008845974 25634744 10013359
0b000501 0b00ca01 10003 100 235549 2016880023 17685499 10032430
0b000a01 0b00c301 10001 100 4272 2008376888 26282842 10013040
0b000601 0b00c001 10000 100 14081 2002651261 32025026 10013864
0b000401 0b00c601 10001 100 5292 2010572527 24119105 10013126
0b000f01 0b00c201 10006 100 5588 2018831433 15879766 10013150
0b000c01 0b00c901 10004 100 124039 2010057670 24658534 10023083
0b000c01 0b00c501 10005 100 28610 2010433626 24327987 10015080
0b000101 0b00c001 10003 100 34807 2008718481 26079383 10015598
0b000101 0b00c301 10000 100 72398 2000362892 34493617 10018752
0b000a01 0b00cc01 10006 100 11265 2012805077 22076885 10013627
0b000c01 0b00c101 10002 100 112963 2009314609 25589431 10022150
0b000701 0b00c201 10007 100 33004 2021445604 13471055 10015450
0b000901 0b00cf01 10003 100 54752 2008820297 26112948 10017271
0b000301 0b00c201 10001 100 1400638 2000209926 34727517 10130110
0b000801 0b00c701 10001 100 67733 2001978328 32995686 10018359
0b000001 0b00cc01 10002 100 519954 2005109453 29894326 10056273
0b000b01 0b00c001 10009 100 24257 2021031198 13986449 10014716
0b000601 0b00c801 10000 100 18402 2000432421 34595741 10014225
0b000d01 0b00c801 10009 100 23004 2014121556 20984594 10014612
0b000501 0b00cb01 10002 100 7759 2005868728 29242617 10013331
0b000201 0b00c601 10012 100 59324 2018975692 16167609 10017656
0b000801 0b00ce01 10005 100 47355 2012511947 22652952 10016652
0b000501 0b00c201 10003 100 21648 2005947969 29223441 10014496
0b000301 0b00c201 10012 100 277 2020822987 14352392 10012706
0b000501 0b00c701 10004 100 28424 2005942866 29251049 10015065
0b000901 0b00cc01 10003 100 176517 2016639178 18660891 10027481
0b000f01 0b00c101 10005 100 26991 2014696602 20618517 10014942
0b000601 0b00cc01 10001 100 3502 2007396469 27936211 10012975
0b000601 0b00c301 10000 100 1239175 2000330101 35032291 10116575
0b000101 0b00c301 10003 100 6372 2009146166 26221765 10013216
0b000f01 0b00c801 10006 100 75290 2006633996 28739964 10018995
0b000801 0b00c301 10004 100 9921 2009680417 25697302 10013512
0b000601 0b00c201 10006 100 74016 2019968025 15410372 10018889
0b000e01 0b00c201 10004 100 375193 2006021758 29366993 10044139
0b000301 0b00c901 10004 100 1753 2009537256 25893970 10012827
0b000f01 0b00c201 10010 100 24239 2022656279 12796701 10014715
0b000501 0b00cd01 10006 100 58506 2010608028 24872070 10017587
0b000101 0b00cb01 10001 100 642 2001716690 33778770 10012735
0b000e01 0b00c901 10001 100 23645 2011259095 24243189 10014663
0b000f01 0b00c301 10006 100 56480 2010181263 25333761 10017417
0b000c01 0b00cd01 10007 100 323369 2011590736 23926252 10039793
0b000e01 0b00cd01 10003 100 54021 2009286758 26244214 10017212
0b000b01 0b00ca01 10002 100 1180643 2001547593 33998089 10111666
0b000101 0b00ca01 10003 100 25545 2009265886 26282955 10014823
0b000701 0b00c701 10003 100 193352 2015371431 20223962 10028893
0b000601 0b00ca01 10006 100 58303 2020888918 14732807 10017570
0b000e01 0b00ca01 10016 100 56514 2018333657 17312471 10017420
0b000501 0b00c901 10002 100 71268 2006374694 29298085 10018657
0b000a01 0b00c701 10007 100 28833 2021417573 14255793 10015098
0b000a01 0b00cc01 10000 100 58524 2009315285 26367152 10017588
0b000401 0b00c501 10001 100 4863 2000633495 35063726 10013088
0b000301 0b00cd01 10004 100 41934 2012581146 23120982 10016196
0b000001 0b00c001 10001 100 8483 2000608227 35133060 10013393
0b000c01 0b00ce01 10005 100 7620 2011526987 24230304 10013320
0b000601 0b00cb01 10003 100 79241 2017191135 18582029 10019326
0b000701 0b00cd01 10005 100 5368 2014966445 20828460 10013132
0b000201 0b00ca01 10001 100 7337 2009760543 26048401 10013297
0b000c01 0b00cd01 10006 100 7200 2011416055 24401678 10013286
0b000f01 0b00c401 10005 100 75694 2014091055 21746343 10019027
0b000501 0b00c901 10007 100 14990 2015426892 20443413 10013936
0b000501 0b00c201 10002 100 194435 2005338681 30625073 10028983
0b000b01 0b00ca01 10003 100 868394 2002120088 33865266 10085488
0b000501 0b00c101 10006 100 16954 2011952160 24163461 10014101
0b000601 0b00c501 10003 100 61836 2010215182 25902578 10017864
0b000f01 0b00cb01 10001 100 21422 2001555116 34574472 10014478
0b000001 0b00cc01 10001 100 472056 2003553562 32583225 10052260
0b000801 0b00c501 10004 100 93768 2008673474 27488355 10020542
0b000101 0b00cc01 10002 100 5860 2003569736 32613097 10013171
0b000301 0b00c801 10000 100 122901 2000728897 35475229 10022984
0b000f01 0b00cd01 10002 100 100197 2006955152 29267808 10021083
0b000601 0b00c101 10001 100 64087 2006902771 29324328 10018056
0b000201 0b00c201 10000 100 4960 2000751745 35476427 10013096
0b000701 0b00cd01 10002 100 50821 2007650020 28587929 10016941
0b000f01 0b00c901 10001 100 2786 2003444820 32801094 10012914
0b000701 0b00c901 10007 100 71008 2014656728 21642394 10018637
0b000801 0b00cf01 10003 100 73506 2009302984 27162382 10018844
0b000f01 0b00ca01 10004 100 21815 2011818587 24685097 10014509
0b000a01 0b00c601 10004 100 21961 2010189457 26323277 10014521
0b000a01 0b00c301 10003 100 24167 2010459743 26059130 10014709
0b000e01 0b00c601 10005 100 13408 2008698057 27936704 10013806
0b000701 0b00c301 10003 100 78747 2010769831 25896742 10019283
0b000a01 0b00c101 10000 100 14272 2001788343 34915365 10013879
0b000a01 0b00c201 10006 100 22143 2010319367 26390595 10014539
0b000c01 0b00c201 10003 100 24458 2011295828 25420637 10014732
0b000801 0b00ca01 10004 100 16484 2010830424 25898776 10014064
0b000b01 0b00c601 10004 100 5003 2011019692 25710362 10013103
0b000a01 0b00c401 10002 100 17350 2010967659 25799190 10014137
0b000101 0b00c501 10000 100 29598 2000853140 35919437 10015163
0b000901 0b00c301 10004 100 8721 2011138118 25638492 10013412
0b000201 0b00cf01 10003 100 20361 2010761827 26043957 10014389
0b000701 0b00cc01 10005 100 79662 2015560455 21353264 10019360
0b000d01 0b00c301 10005 100 24199 2023831493 13124361 10014711
0b000701 0b00cd01 10004 100 79540 2011863556 25133846 10019350
0b000b01 0b00c701 10007 100 211714 2019192664 17823664 10030431
0b000001 0b00cc01 10005 100 52175 2010396819 26667115 10017057
0b000301 0b00c101 10001 100 6916 2001151487 35979365 10013260
0b000e01 0b00c301 10006 100 72806 2011099712 26074583 10018784
0b000101 0b00ca01 10012 100 998 2023877737 13307309 10012763
0b000301 0b00c401 10002 100 2882 2011175220 26027977 10012922
0b000e01 0b00cc01 10004 100 1667 2013606141 23602692 10012821
0b000b01 0b00cc01 10002 100 159462 2001859130 35353851 10026051
0b000301 0b00ca01 10000 100 6818 2001378399 35877416 10013252
0b000601 0b00c401 10004 100 330084 2004959928 32310801 10040357
0b000c01 0b00cb01 10001 100 21940 2004438212 32839318 10014519
0b000e01 0b00c801 10006 100 9284 2009467734 27835443 10013461
0b000d01 0b00c801 10007 100 4164 2009651078 27698678 10013032
0b000001 0b00ca01 10003 100 35224 2010664690 26712970 10015636
0b000e01 0b00c801 10005 100 24252 2009228213 28152669 10014716
0b000401 0b00c701 10004 100 67703 2007327488 30056779 10018357
0b000001 0b00ce01 10006 100 24043 2015208761 22175939 10014699
0b000601 0b00c301 10001 100 12698 2000684731 36711948 10013745
0b000401 0b00cd01 10003 100 47374 2003260926 34148881 10016654
0b000b01 0b00ca01 10012 100 48784 2022884458 14539977 10016770
0b000401 0b00c801 10001 100 3539 2001529850 35959703 10012978
0b000301 0b00c301 10000 100 6814 2001628222 35871438 10013252
0b000b01 0b00c601 10003 100 81341 2010435124 27095109 10019502
0b000f01 0b00cb01 10006 100 24300 2009755614 27795430 10014720
0b000101 0b00c001 10000 100 13456 2001691221 35861118 10013810
0b000101 0b00ca01 10000 100 874245 2000758702 36798874 10085979
0b000901 0b00cb01 10003 100 4401 2011848609 25752169 10013051
0b000801 0b00cd01 10008 100 58736 2010897963 26707557 10017605
0b000c01 0b00cd01 10010 100 132580 2014175181 23441024 10023797
0b000901 0b00c701 10000 100 865619 2001433368 36233783 10085254
0b000101 0b00c601 10007 100 43634 2015044474 22640876 10016339
0b000201 0b00c401 10000 100 21948 2004351520 33350460 10014520
0b000301 0b00cb01 10006 100 4667 2004714678 32995813 10013072
0b000801 0b00c701 10000 100 15378 2001630993 36126334 10013971
0b000f01 0b00c001 10002 100 442956 2007076875 30701212 10049817
0b000f01 0b00c601 10003 100 46196 2013114825 24665634 10016556
0b000c01 0b00c801 10006 100 34504 2011425253 26355774 10015574
0b000c01 0b00c701 10002 100 14684 2013491682 24306846 10013912
0b000501 0b00ca01 10006 100 72216 2019043987 18760218 10018737
0b000501 0b00c301 10000 100 9308 2000758091 37103970 10013463
0b000401 0b00c301 10001 100 4286 2002012428 35903263 10013042
0b000901 0b00c401 10011 100 3313 2023487289 14452348 10012960
0b000f01 0b00c801 10000 100 3872 2002093535 35875767 10013005
0b000501 0b00c001 10004 100 68230 2003278971 34696176 10018403
0b000801 0b00c501 10001 100 935 2004647289 33358152 10012758
0b000801 0b00c601 10005 100 25332 2022937832 15096318 10014806
0b000301 0b00c401 10004 100 5005 2015713067 22413072 10013103
0b000901 0b00c301 10011 100 18 2023856583 14292433 10012685
0b000601 0b00cb01 10001 100 48674 2005830366 32330332 10016762
0b000c01 0b00c801 10002 100 75719 2005000282 33162136 10019029
0b000101 0b00c801 10000 100 35266 2002260319 35940183 10015639
0b000b01 0b00ca01 10008 100 116347 2010320222 27901873 10022437
0b000c01 0b00ce01 10002 100 69413 2010153841 28128205 10018501
0b000a01 0b00c401 10004 100 51645 2015245462 23067595 10017011
0b000c01 0b00c901 10006 100 64437 2013623095 24693380 10018084
0b000701 0b00c201 10001 100 632626 2003222524 35102672 10065720
0b000301 0b00ca01 10009 100 35837 2015814188 22512299 10015685
0b000b01 0b00c801 10003 100 65784 2015267590 23063840 10018196
0b000801 0b00c101 10000 100 1907484 2002070477 36309300 10172605
0b000001 0b00cd01 10006 100 214998 2011538681 26919001 10030705
0b000a01 0b00c701 10004 100 73029 2011086974 27382332 10018806
0b000801 0b00cd01 10000 100 16496 2002070768 36401341 10014064
0b000f01 0b00c201 10002 100 179498 2008503682 29982145 10027731
0b000b01 0b00c301 10002 100 7322 2016756334 21737436 10013296
0b000b01 0b00c601 10008 100 13277 2023983159 14515700 10013795
0b000001 0b00c801 10006 100 42921 2012012791 26515178 10016278
0b000201 0b00c601 10013 100 18325 2023662893 14916641 10014218
0b000d01 0b00c801 10002 100 11909 2003663259 34930592 10013678
0b000501 0b00c101 10003 100 27525 2009757296 28861098 10014989
0b000e01 0b00c801 10008 100 76535 2011670877 26948800 10019098
0b000101 0b00c901 10003 100 13501 2012257967 26379521 10013813
0b000501 0b00c001 10002 100 1108949 2002870461 35774742 10105654
0b000701 0b00c701 10001 100 99715 2009456306 29216094 10021041
0b000701 0b00cc01 10004 100 27066 2014537214 24149613 10014952
0b000d01 0b00c401 10000 100 117086 2002101484 36607348 10022500
0b000901 0b00c701 10010 100 37958 2016043794 22688029 10015862
0b000601 0b00c801 10001 100 20560 2002767808 35976346 10014405
0b000701 0b00c001 10007 100 68685 2013542009 25416711 10018439
0b000f01 0b00c501 10005 100 1632 2026777666 12181971 10012818
0b000101 0b00ce01 10000 100 568 2001039746 37973225 10012729
0b000b01 0b00c001 10001 100 47702 2001212073 37826729 10016680
0b000a01 0b00c001 10002 100 28888 2003601591 35446686 10015102
0b000901 0b00c801 10002 100 28562 2003568307 35494686 10015076
0b000401 0b00c401 10004 100 15277 2026191300 12919257 10013963
0b000501 0b00c001 10013 100 27859 2011245371 27902641 10015016
0b000d01 0b00c701 10009 100 3150 2023578357 15586866 10012947
0b000501 0b00cd01 10009 100 558 2015670055 23549215 10012728
0b000101 0b00c301 10010 100 8620 2017633024 21608293 10013404
0b000b01 0b00c701 10004 100 38009 2013036646 26287423 10015870
0b000d01 0b00c901 10008 100 18267 2023502268 15822542 10014214
0b000c01 0b00ce01 10004 100 25683 2011148991 28194648 10014834
0b000601 0b00ca01 10001 100 8672 2003380576 35985032 10013408
0b000701 0b00c301 10000 100 40249 2003032083 36335670 10016057
0b000201 0b00cc01 10007 100 10125 2013125554 26320032 10013532
0b000b01 0b00cf01 10000 100 3215447 2000726865 38721914 10282265
0b000e01 0b00c601 10001 100 54844 2002459132 37009674 10017278
0b000f01 0b00cc01 10009 100 242281 2018668292 20808208 10032995
0b000c01 0b00c601 10001 100 16192 2004756234 34748612 10014040
0b000f01 0b00c801 10003 100 62331 2004588683 34929434 10017908
0b000001 0b00c901 10001 100 989346 2000930840 38646138 10095629
0b000901 0b00c201 10009 100 27777 2024533023 15046107 10015009
0b000601 0b00c101 10005 100 27115 2018505724 21108579 10014956
0b000b01 0b00ca01 10009 100 225917 2014179971 25457619 10031621
0b000801 0b00c501 10008 100 48793 2025007596 14659855 10016771
0b000e01 0b00c001 10006 100 48512 2012969814 26710671 10016749
0b000001 0b00cf01 10005 100 1542 2014192366 25519039 10012811
0b000d01 0b00c601 10000 100 815933 2001514001 38202097 10081088
0b000701 0b00ca01 10006 100 9043 2011999315 27739562 10013441
0b000701 0b00cb01 10008 100 49333 2010866378 28886724 10016818
0b000401 0b00c601 10002 100 191075 2011184451 28626499 10028703
0b000001 0b00c901 10012 100 7011 2026300589 13535839 10013271
0b000201 0b00cf01 10005 100 27031 2013825837 26011090 10014950
0b000c01 0b00cd01 10011 100 6132 2015399119 24441231 10013197
0b000901 0b00cc01 10000 100 24239 2004439091 35420284 10014715
0b000801 0b00c201 10004 100 4786 2014049775 25812319 10013082
0b000d01 0b00c401 10002 100 14177 2015517044 24362689 10013871
0b000a01 0b00ce01 10006 100 54137 2016848766 23031775 10017222
0b000a01 0b00cc01 10007 100 45312 2013159871 26734246 10016481
0b000901 0b00cd01 10002 100 2446 2005906361 33990097 10012887
0b000c01 0b00cb01 10004 100 19853 2014954433 24949339 10014345
0b000d01 0b00c001 10008 100 64344 2014849755 25077957 10018077
0b000e01 0b00cd01 10006 100 8424 2015491050 24517929 10013388
0b000901 0b00ca01 10009 100 31812 2017805817 22226489 10015347
0b000e01 0b00cb01 10005 100 25742 2015855070 24271350 10014839
0b000901 0b00c001 10002 100 364379 2002689388 37444277 10043231
0b000201 0b00ca01 10000 100 14271 2001355999 38791390 10013879
0b000101 0b00c501 10002 100 1074404 2001331432 38834205 10102760
0b000e01 0b00cb01 10006 100 4393 2015979130 24203627 10013050
0b000701 0b00c201 10004 100 53890 2014605475 25578728 10017198
0b000e01 0b00ce01 10006 100 56832 2013489123 26696707 10017445
0b000a01 0b00cf01 10010 100 27386 2025049399 15141314 10014978
0b000601 0b00c001 10003 100 4668 2012623195 27643803 10013072
0b000701 0b00c601 10009 100 21627 2023926566 16344840 10014494
0b000501 0b00c901 10000 100 713425 2001245685 39040992 10072495
0b000401 0b00cc01 10004 100 27145 2015834566 24462338 10014959
0b000e01 0b00ce01 10003 100 8005 2004942785 35361232 10013354
0b000d01 0b00cb01 10005 100 152878 2014084630 26228848 10025497
0b000101 0b00c601 10003 100 403327 2008526112 31798998 10046497
0b000201 0b00ce01 10000 100 4478 2001561691 38765415 10013057
0b000101 0b00c701 10000 100 2796256 2002940419 37432603 10247120
0b000801 0b00c701 10010 100 79027 2016185359 24188474 10019309
0b000001 0b00cc01 10007 100 5817 2014315525 26086308 10013168
0b000f01 0b00c901 10006 100 47933 2011922093 28486071 10016698
0b000801 0b00c501 10005 100 26753 2013953431 26525598 10014923
0b000601 0b00c701 10006 100 56808 2015014819 25471009 10017443
0b000101 0b00ca01 10001 100 34370 2003564364 36943721 10015564
0b000301 0b00ca01 10008 100 29977 2014232590 26308456 10015193
0b000501 0b00c201 10006 100 20714 2024315540 16276874 10014417
0b000c01 0b00c901 10002 100 53155 2003578218 37055102 10017139
0b000e01 0b00c501 10003 100 126181 2002756967 37876504 10023262
0b000a01 0b00cf01 10000 100 72291 2001721748 38924539 10018743
0b000d01 0b00cd01 10000 100 31278 2003678803 36976645 10015305
0b000c01 0b00c001 10004 100 62858 2026618424 14041510 10017950
0b000c01 0b00c801 10001 100 16093 2003808931 36859154 10014032
0b000701 0b00c301 10004 100 57147 2012324786 28346643 10017474
0b000a01 0b00cb01 10002 100 166335 2003699813 37033162 10026628
0b000b01 0b00c901 10008 100 3877 2019208319 21530188 10013005
0b000401 0b00cc01 10005 100 59120 2017874372 22884283 10017640
0b000c01 0b00cc01 10007 100 2307 2012808317 27972198 10012876
0b000b01 0b00c101 10001 100 97656 2001491258 39303808 10020868
0b000001 0b00c401 10000 100 350633 2002864638 37948940 10042078
0b000f01 0b00cb01 10002 100 1206297 2003483307 37382410 10113818
0b000401 0b00c601 10007 100 35761 2020395634 20472001 10015679
0b000401 0b00c601 10004 100 61434 2015933358 24944228 10017832
0b000901 0b00c601 10002 100 45847 2007255768 33681370 10016524
0b000c01 0b00cf01 10007 100 6924 2012692393 28263504 10013260
0b000101 0b00c601 10001 100 24759 2004092846 36885177 10014756
0b000e01 0b00ce01 10001 100 8422 2003794759 37205334 10013388
0b000b01 0b00c201 10002 100 58846 2014244543 26757883 10017614
0b000901 0b00c201 10004 100 7703 2015149303 25863256 10013326
0b000901 0b00c001 10009 100 7833 2026299369 14713366 10013337
0b000d01 0b00c901 10010 100 27190 2024405279 16609486 10014962
0b000d01 0b00c701 10005 100 63150 2015727168 25317473 10017977
0b000301 0b00cb01 10002 100 1797 2002682663 38404442 10012831
0b000901 0b00cd01 10000 100 71608 2004572634 36536761 10018685
0b000a01 0b00c601 10006 100 16442 2014991209 26119798 10014060
0b000501 0b00cd01 10007 100 629150 2011346625 29766260 10065431
0b000401 0b00cc01 10002 100 197251 2012531925 28643392 10029220
0b000a01 0b00c801 10002 100 7809 2005903653 35346457 10013335
0b000401 0b00c801 10002 100 688875 2001756526 39532197 10070435
0b000801 0b00cd01 10001 100 70812 2002612710 38682105 10018617
0b000301 0b00c801 10002 100 48247 2003805970 37495505 10016727
0b000801 0b00cb01 10001 100 44489 2005611185 35721719 10016411
0b000f01 0b00c201 10005 100 211 2017857746 23480388 10012700
0b000b01 0b00c501 10004 100 44917 2014713811 26649267 10016446
0b000d01 0b00c801 10004 100 189559 2006740522 34641755 10028574
0b000c01 0b00cd01 10008 100 20543 2013482343 27917484 10014404
0b000201 0b00c801 10004 100 5564 2019246986 22189317 10013148
0b000801 0b00cf01 10005 100 21106 2015197183 26256226 10014452
0b000901 0b00c101 10004 100 26331 2026120145 15401787 10014890
0b000a01 0b00ca01 10003 100 8429 2015741323 25808404 10013388
0b000f01 0b00c101 10006 100 5202 2017291814 24282448 10013119
0b000101 0b00c501 10008 100 37672 2014870551 26706001 10015839
0b000201 0b00c601 10004 100 82053 2004105942 37498366 10019562
0b000801 0b00c701 10008 100 66104 2014012267 27615951 10018225
0b000701 0b00cb01 10005 100 33713 2009162528 32467260 10015507
0b000b01 0b00cb01 10009 100 61216 2025675713 15991249 10017815
0b000d01 0b00c501 10001 100 489525 2002405077 39291414 10053723
0b000301 0b00c801 10001 100 24570 2002308498 39421738 10014741
0b000d01 0b00cb01 10002 100 5430 2005209933 36532478 10013137
0b000201 0b00c001 10000 100 304241 2001628414 40115142 10038190
0b000e01 0b00c401 10006 100 26679 2025275032 16473774 10014918
0b000d01 0b00cb01 10001 100 137335 2000629176 41124295 10024196
0b000f01 0b00c801 10010 100 24983 2017256562 24511367 10014774
0b000f01 0b00cb01 10008 100 29185 2013712684 28084019 10015130
0b000c01 0b00c401 10008 100 64871 2016290455 25546111 10018119
0b000c01 0b00c901 10011 100 2800 2029443184 12394795 10012915
0b000301 0b00c001 10000 100 44744 2003672855 38187838 10016432
0b000b01 0b00c701 10003 100 187348 2012911625 28964417 10028389
0b000701 0b00c801 10000 100 223323 2003033303 38862797 10031406
0b000a01 0b00cb01 10003 100 967347 2004465606 37508263 10093784
0b000401 0b00c701 10001 100 3034167 2000662466 41322982 10267067
0b000901 0b00cf01 10010 100 163318 2023288899 18705932 10026375
0b000c01 0b00c101 10003 100 32632 2014185828 27813509 10015417
0b000501 0b00c901 10006 100 6838 2014431366 27592647 10013253
0b000f01 0b00c801 10001 100 814963 2002398751 39642270 10081006
0b000001 0b00c501 10000 100 75522 2003597136 38462686 10019013
0b000101 0b00c801 10002 100 6797 2005574315 36485796 10013250
0b000a01 0b00c701 10002 100 7322 2004249959 37812096 10013296
0b000c01 0b00cd01 10002 100 50369 2004651528 37420147 10016905
0b000a01 0b00c501 10003 100 7343 2005923475 36200290 10013298
0b000c01 0b00c001 10003 100 22276 2017769313 24394420 10014550
0b000701 0b00c301 10005 100 38263 2013665146 28501176 10015890
0b000501 0b00cb01 10006 100 46068 2013638350 28529980 10016545
0b000f01 0b00ca01 10008 100 5846 2018534634 23667648 10013170
0b000401 0b00c901 10001 100 22274 2006211339 36014074 10014550
0b000301 0b00ca01 10010 100 26359 2016089004 26141569 10014892
0b000e01 0b00c001 10012 100 53944 2023555623 18686902 10017202
0b000901 0b00c601 10001 100 29129 2006053759 36197226 10015125
0b000301 0b00cb01 10007 100 25497 2006652871 35613302 10014819
0b000e01 0b00c201 10012 100 63362 2023264147 19004368 10017994
0b000701 0b00c401 10009 100 9858 2030175566 12121692 10013507
0b000101 0b00c201 10000 100 26393 2002838208 39499865 10014895
0b000001 0b00cb01 10006 100 75622 2018443615 23934624 10019021
0b000701 0b00c001 10001 100 913876 2004576872 37814176 10089299
0b000701 0b00c701 10009 100 59406 2025027345 17377806 10017662
0b000f01 0b00c201 10012 100 24889 2026241694 16189466 10014767
0b000701 0b00ca01 10008 100 2966 2018492692 23950857 10012928
0b000e01 0b00cf01 10006 100 36263 2020163183 22283940 10015723
0b000301 0b00cd01 10005 100 14099 2019973304 22502370 10013865
0b000d01 0b00c001 10003 100 1044733 2004675923 37814967 10100271
0b000101 0b00cf01 10000 100 5992 2003210940 39287992 10013182
0b000c01 0b00c501 10004 100 4464 2005997085 36526852 10013056
0b000001 0b00c001 10005 100 156740 2002545517 39981913 10025822
0b000c01 0b00ca01 10002 100 30423 2008764494 33781346 10015232
0b000701 0b00cb01 10004 100 43825 2006080607 36483109 10016354
0b000501 0b00c601 10000 100 1106307 2002893173 39670972 10105435
0b000301 0b00c801 10004 100 58995 2007512547 35058798 10017626
0b000b01 0b00cd01 10003 100 4955 2017022637 25570502 10013095
0b000a01 0b00ce01 10000 100 251352 2002868873 39755305 10033755
0b000b01 0b00c901 10001 100 44787 2004362743 38289227 10016435
0b000b01 0b00c401 10002 100 920732 2004470593 38196511 10089875
0b000101 0b00c501 10007 100 186284 2013049360 29633956 10028300
0b000801 0b00c901 10003 100 39921 2015721067 26964288 10016027
0b000f01 0b00c301 10008 100 20191 2014482114 28206553 10014375
0b000601 0b00c801 10004 100 87716 2016091809 26607653 10020035
0b000501 0b00cc01 10002 100 67121 2014566035 28153292 10018310
0b000601 0b00c801 10005 100 26591 2017514319 25250315 10014910
0b000101 0b00c901 10000 100 45378 2003472073 39294110 10016486
0b000501 0b00c301 10002 100 438164 2011286027 31490562 10049418
0b000701 0b00c401 10002 100 116349 2015985886 26830471 10022437
0b000e01 0b00c201 10008 100 73567 2016013406 26804103 10018849
0b000101 0b00c101 10008 100 44129 2015676226 27152663 10016383
0b000b01 0b00ca01 10005 100 21499 2008217573 34614122 10014484
0b000301 0b00c501 10005 100 304778 2009788727 33043143 10038233
0b000801 0b00cc01 10001 100 516430 2002727052 40109706 10055979
0b000a01 0b00c901 10008 100 76225 2019211278 23640548 10019073
0b000501 0b00ce01 10006 100 29623 2015160111 27696891 10015165
0b000301 0b00c301 10010 100 46417 2019243259 23635228 10016573
0b000801 0b00cf01 10001 100 414685 2003005216 39883573 10047448
0b000a01 0b00c501 10004 100 75768 2015374495 27547852 10019033
0b000e01 0b00cd01 10004 100 31494 2013761155 29188751 10015322
0b000901 0b00c701 10013 100 35446 2019959334 22999570 10015653
0b000a01 0b00c601 10000 100 5666 2005129932 37831855 10013156
0b000a01 0b00c201 10008 100 23230 2016418627 26548079 10014630
0b000701 0b00c701 10004 100 20547 2018110189 24861482 10014404
0b000301 0b00c401 10005 100 22196 2020863277 22112622 10014544
0b000c01 0b00c501 10007 100 7419 2018400343 24581685 10013304
0b000401 0b00c201 10001 100 7784 2006529263 36456680 10013333
0b000001 0b00c601 10007 100 15679 2020289716 22722423 10013995
0b000401 0b00cc01 10001 100 19536 2006441263 36574958 10014319
0b000f01 0b00c901 10010 100 208991 2021849904 21184209 10030201
0b000701 0b00c101 10002 100 34939 2007982279 35054160 10015609
0b000301 0b00c301 10008 100 3998 2017492894 25547164 10013015
0b000101 0b00cd01 10002 100 5325 2008935549 34201682 10013129
0b000001 0b00c801 10001 100 9229 2005787857 37392896 10013456
0b000101 0b00c601 10000 100 413249 2003631253 39558820 10047329
0b000b01 0b00c101 10002 100 674467 2007079758 36132366 10069229
0b000001 0b00c301 10001 100 16113 2003766832 39477334 10014034
0b000f01 0b00c001 10001 100 27622 2006876700 36398618 10014997
0b000501 0b00c101 10005 100 22647 2010679796 32631331 10014580
0b000001 0b00cb01 10001 100 1349205 2001632088 41680816 10125800
0b000e01 0b00cc01 10006 100 54050 2017749311 25567277 10017215
0b000101 0b00c501 10004 100 22062 2005785093 37562660 10014533
0b000001 0b00c201 10003 100 44027 2015922553 27437925 10016374
0b000801 0b00c401 10005 100 96960 2018957540 24416301 10020809
0b000a01 0b00c901 10006 100 98667 2014977592 28401022 10020953
0b000b01 0b00c001 10005 100 44988 2004585238 38797120 10016451
0b000801 0b00c101 10012 100 35680 2020036360 23370694 10015672
0b000c01 0b00cd01 10005 100 16654 2010888351 32531220 10014077
0b000701 0b00c601 10004 100 186059 2015553452 27874658 10028282
0b000b01 0b00c501 10002 100 61955 2004553043 38892095 10017874
0b000c01 0b00c701 10007 100 25533 2029422449 14038353 10014822
0b000d01 0b00cc01 10002 100 20901 2019116166 24348568 10014432
0b000d01 0b00c201 10004 100 34364 2018472693 25023151 10015563
0b000d01 0b00c801 10010 100 67778 2018389110 25111102 10018363
0b000401 0b00cf01 10002 100 18045 2018638075 24863044 10014196
0b000b01 0b00cc01 10000 100 7097449 2000404994 43102005 10607732
0b000c01 0b00c901 10010 100 40101 2026049346 17486874 10016045
0b000101 0b00c901 10005 100 6843 2021306620 22250357 10013254
0b000b01 0b00cd01 10004 100 8924 2022043655 21523573 10013428
0b000301 0b00cb01 10020 100 25454 2029516189 14101699 10014816
0b000801 0b00cd01 10010 100 27971 2017381694 26250072 10015025
0b000301 0b00c701 10002 100 61841 2003860493 39807076 10017865
0b000301 0b00c501 10002 100 64453 2003352527 40326125 10018085
0b000801 0b00c701 10007 100 160297 2013390945 30302412 10026122
0b000b01 0b00c501 10005 100 34387 2017054997 26644771 10015565
0b000f01 0b00cf01 10000 100 39614 2005991821 37724483 10016002
0b000c01 0b00cc01 10004 100 63056 2010776831 32947441 10017970
0b000b01 0b00c401 10012 100 66258 2028485857 15243831 10018237
0b000501 0b00c001 10005 100 9029 2003447245 40336573 10013440
0b000601 0b00c301 10009 100 46188 2017183551 26609668 10016555
0b000c01 0b00cd01 10003 100 14953 2005782535 38013700 10013933
0b000001 0b00cc01 10004 100 7444 2008103000 35711422 10013306
0b000701 0b00c501 10005 100 130496 2024313375 19521221 10023622
0b000001 0b00c001 10009 100 8615 2007909327 35953906 10013403
0b000201 0b00cd01 10013 100 1493 2018349868 25525575 10012807
0b000b01 0b00c501 10008 100 4426 2029338006 14538436 10013053
0b000c01 0b00c201 10001 100 43405 2007447475 36430947 10016321
0b000501 0b00c201 10010 100 8966 2031042137 12853147 10013431
0b000d01 0b00cb01 10009 100 43946 2019100712 24796287 10016364
0b000901 0b00c501 10011 100 77802 2019699188 24203762 10019203
0b000f01 0b00cb01 10010 100 1598 2016463987 27510948 10012815
0b000901 0b00c001 10006 100 2331 2017684249 26294480 10012878
0b000d01 0b00c301 10003 100 20627 2019476597 24532461 10014410
0b000901 0b00c701 10004 100 485 2006530248 37483888 10012722
0b000101 0b00cf01 10002 100 10577 2005109823 38921630 10013568
0b000301 0b00c201 10004 100 25137 2005100614 38946203 10014790
0b000e01 0b00c201 10009 100 28933 2019028505 25020487 10015106
0b000b01 0b00c601 10002 100 23302 2009329817 34735845 10014636
0b000301 0b00c101 10007 100 74967 2007196298 36873295 10018965
0b000901 0b00ca01 10000 100 107113 2000064077 44022534 10021663
0b000401 0b00c201 10002 100 5814 2007392798 36701471 10013168
0b000001 0b00cf01 10006 100 7157 2017869174 26232525 10013283
0b000301 0b00c201 10003 100 46946 2005044498 39087552 10016616
0b000101 0b00c401 10001 100 64072 2000927042 43224160 10018055
0b000d01 0b00cc01 10000 100 75257 2006363751 37814086 10018992
0b000801 0b00c301 10014 100 4009 2029693344 14500608 10013019
0b000901 0b00c901 10013 100 12209 2022532442 21681840 10013706
0b000201 0b00c801 10001 100 48826 2006609441 37675230 10016774
0b000a01 0b00cf01 10007 100 76888 2016180519 28110959 10019126
0b000101 0b00cc01 10013 100 50721 2020506260 23802364 10016933
0b000f01 0b00cc01 10002 100 1031629 2005218911 39113926 10099173
0b000301 0b00cb01 10013 100 47249 2017531002 26843105 10016644
0b000c01 0b00c801 10011 100 44900 2031291350 13111831 10016444
0b000001 0b00ce01 10000 100 4597 2005673486 38734444 10013066
0b000301 0b00cd01 10002 100 4767 2010568065 33848367 10013080
0b000401 0b00c301 10004 100 11990 2006783610 37689634 10013685
0b000a01 0b00c801 10005 100 3858 2010227351 34249944 10013004
0b000101 0b00cf01 10007 100 167461 2014860339 29650039 10026722
0b000801 0b00c801 10001 100 78413 2000265186 44245351 10019256
0b000301 0b00c801 10008 100 18458 2018662058 25871250 10014229
0b000101 0b00c601 10012 100 20345 2030301664 14237002 10014388
0b000901 0b00c501 10007 100 65092 2017517407 27031470 10018140
0b000c01 0b00c501 10000 100 1448590 2000173004 44394443 10134131
0b000a01 0b00cc01 10002 100 18570 2010386447 34204349 10014238
0b000d01 0b00c001 10012 100 47242 2027370632 17231788 10016643
0b000001 0b00c401 10005 100 137268 2018345394 26273208 10024191
0b000a01 0b00ce01 10002 100 58717 2005652149 38977054 10017603
0b000301 0b00c101 10014 100 17299 2022662246 21967665 10014133
0b000001 0b00c401 10006 100 23741 2018510449 26127301 10014671
0b000101 0b00c701 10002 100 12928 2005912583 38733641 10013764
0b000b01 0b00cf01 10002 100 44353 2006864825 37831910 10016401
0b000501 0b00c301 10010 100 51976 2027211386 17488431 10017037
0b000301 0b00cf01 10004 100 19897 2018116848 26584509 10014348
0b000601 0b00c301 10011 100 68843 2022085716 22624146 10018452
0b000a01 0b00c201 10005 100 57782 2009745883 34983435 10017525
0b000301 0b00ce01 10005 100 156809 2017483367 27253148 10025827
0b000c01 0b00cf01 10000 100 136864 2005642936 39126548 10024155
0b000b01 0b00cc01 10008 100 1345 2019293058 25483698 10012795
0b000901 0b00c801 10000 100 69044 2000348505 44439870 10018472
0b000401 0b00c601 10005 100 62046 2018515648 26290293 10017885
0b000e01 0b00c601 10003 100 18881 2005040987 39766489 10014263
0b000101 0b00c201 10010 100 5263 2030161725 14659176 10013124
0b000f01 0b00c001 10005 100 124906 2018201223 26623689 10023152
0b000c01 0b00c501 10010 100 55963 2022446497 22401009 10017372
0b000301 0b00cb01 10012 100 78649 2017071350 27777546 10019275
0b000c01 0b00c401 10002 100 59313 2004620967 40228512 10017655
0b000401 0b00c401 10002 100 34210 2016673373 28182042 10015551
0b000a01 0b00c801 10008 100 108649 2015756323 29099226 10021790
0b000601 0b00cf01 10004 100 7023 2008571073 36297111 10013272
0b000e01 0b00cd01 10002 100 7866 2008564521 36315033 10013340
0b000f01 0b00cc01 10010 100 8584 2020403432 24517897 10013401
0b000c01 0b00cd01 10000 100 5287 2000415862 44555886 10013126
0b000901 0b00c901 10011 100 6614 2018750042 26232626 10013236
0b000e01 0b00cf01 10002 100 24219 2008707819 36366902 10014713
0b000801 0b00c601 10008 100 90118 2028591860 16545832 10020238
0b000f01 0b00ca01 10005 100 330620 2012354658 32790247 10040400
0b000001 0b00c901 10006 100 165665 2014131418 31032626 10026570
0b000f01 0b00c801 10007 100 2289 2007379181 37815352 10012874
0b000301 0b00c901 10001 100 63052 2005384149 39823137 10017969
0b000001 0b00c601 10015 100 15692 2030246487 14988851 10013996
0b000b01 0b00cf01 10004 100 46975 2018982687 26264221 10016618
0b000701 0b00cd01 10009 100 27848 2021112190 24140644 10015015
0b000001 0b00c601 10006 100 38403 2018554979 26698320 10015902
0b000b01 0b00c601 10001 100 131379 2007658496 37684379 10023697
0b000901 0b00c301 10000 100 52860 2000514009 44839042 10017112
0b000601 0b00cc01 10004 100 3228 2009562519 35806565 10012953
0b000101 0b00cc01 10010 100 56786 2018259816 27118109 10017441
0b000901 0b00cf01 10002 100 82995 2007473565 37909876 10019638
0b000c01 0b00c901 10008 100 13564 2020982661 24417982 10013818
0b000501 0b00c301 10006 100 9911 2019974668 25427555 10013511
0b000d01 0b00cb01 10013 100 15924 2024658775 20748859 10014015
0b000d01 0b00c601 10009 100 20012 2032623214 12812055 10014361
0b000a01 0b00c901 10009 100 1004 2019866422 25571285 10012768
0b000901 0b00c401 10012 100 159089 2025026138 20423118 10026021
0b000501 0b00cc01 10013 100 37587 2023158777 22313983 10015832
0b000401 0b00c001 10002 100 50492 2008185306 37310040 10016915
0b000001 0b00c501 10007 100 73326 2017083632 28414119 10018830
0b000501 0b00c101 10010 100 21326 2019467037 26031923 10014470
0b000801 0b00cd01 10007 100 21255 2006946448 38558357 10014464
0b000b01 0b00ca01 10007 100 14487 2009825172 35725858 10013896
0b000301 0b00cc01 10002 100 2513 2011913818 33639399 10012892
0b000b01 0b00c201 10004 100 2252 2019481695 26076111 10012871
0b000901 0b00cb01 10009 100 9971 2032009498 13561344 10013516
0b000d01 0b00cd01 10003 100 151287 2005972850 39608493 10025366
0b000701 0b00c101 10003 100 20329 2017541034 28052564 10014386
0b000501 0b00c701 10005 100 19137 2007656798 37940590 10014287
0b000501 0b00c001 10010 100 430788 2009905496 35723959 10048798
0b000101 0b00c501 10001 100 167452 2001070276 44560749 10026721
0b000c01 0b00c101 10001 100 797675 2006166831 39496597 10079558
0b000501 0b00c501 10004 100 3490 2018182209 27497446 10012974
0b000f01 0b00c101 10008 100 12606 2021207348 24477233 10013738
0b000501 0b00c201 10004 100 84040 2007449687 38236510 10019729
0b000801 0b00cc01 10005 100 73942 2017496543 28191417 10018879
0b000501 0b00ce01 10007 100 61156 2020584251 25132121 10017810
0b000b01 0b00ca01 10016 100 46099 2029871095 15862095 10016548
0b000601 0b00c501 10006 100 1408 2018266199 27475048 10012800
0b000b01 0b00cc01 10009 100 22315 2019702528 26062189 10014553
0b000901 0b00c501 10002 100 21132 2007435736 38330950 10014455
0b000401 0b00c001 10001 100 73026 2004046794 41756398 10018806
0b000901 0b00c901 10003 100 45444 2007400261 38427318 10016492
0b000d01 0b00c001 10002 100 814421 2003181677 42655718 10080963
0b000a01 0b00c901 10000 100 1789826 2000400720 45448493 10162739
0b000901 0b00c501 10008 100 33725 2018880717 26978882 10015508
0b000201 0b00c301 10004 100 38463 2019332035 26531590 10015906
0b000701 0b00c601 10003 100 773216 2007671193 38208834 10077509
0b000c01 0b00cc01 10005 100 17580 2012105163 33790393 10014155
0b000101 0b00cb01 10010 100 194793 2022816785 23120819 10029012
0b000a01 0b00c701 10006 100 89118 2017963772 27987001 10020155
0b000501 0b00cc01 10014 100 67883 2025066613 20893985 10018371
0b000e01 0b00c901 10002 100 22886 2020247230 25729215 10014599
0b000901 0b00cb01 10000 100 1668 2009940423 36040496 10012821
0b000401 0b00c601 10000 100 46948 2000727228 45257645 10016616
0b000001 0b00cb01 10007 100 15672 2019993819 26070805 10013995
0b000f01 0b00cc01 10006 100 20734 2013489605 32577867 10014419
0b000601 0b00c601 10015 100 44066 2031909397 14167988 10016378
0b000801 0b00cb01 10005 100 61840 2009613086 36485970 10017865
0b000d01 0b00c901 10005 100 18190 2018220026 27880432 10014208
0b000901 0b00cc01 10002 100 64579 2011681165 34421630 10018095
0b000901 0b00cf01 10011 100 64535 2029137071 16981659 10018092
0b000301 0b00cf01 10005 100 24797 2019348144 26795449 10014759
0b000501 0b00c101 10001 100 6578 2008508323 37646366 10013233
0b000501 0b00c101 10009 100 11246 2018052792 28106589 10013625
0b000801 0b00c001 10006 100 35877 2019611310 26564579 10015688
0b000301 0b00cb01 10008 100 606227 2006916052 39279231 10063509
0b000801 0b00cf01 10008 100 39995 2018867193 27353568 10016033
0b000501 0b00cd01 10002 100 1449841 2002244204 43978040 10134235
0b000901 0b00c801 10003 100 30537 2011848694 34373672 10015242
0b000701 0b00ca01 10007 100 18262 2018045872 28220603 10014213
0b000601 0b00c101 10004 100 22651 2017590425 28676308 10014580
0b000601 0b00c601 10010 100 77685 2019213549 27060558 10019194
0b000501 0b00c401 10002 100 85430 2016875215 29417113 10019844
0b000b01 0b00c401 10007 100 444214 2012952716 33353549 10049925
0b000601 0b00c301 10010 100 261265 2019371891 26935577 10034587
0b000e01 0b00cd01 10012 100 5271 2033813353 12513315 10013124
0b000301 0b00ca01 10004 100 70181 2007357171 38987309 10018567
0b000601 0b00c701 10005 100 87241 2009973398 36377717 10019997
0b000b01 0b00c301 10001 100 5159 2008684226 37703112 10013115
0b000801 0b00c401 10001 100 8482 2012215331 34184571 10013393
0b000101 0b00c001 10004 100 19948 2010207603 36192325 10014352
0b000c01 0b00c401 10009 100 74873 2017560462 28898741 10018957
0b000b01 0b00ca01 10006 100 3961 2008910866 37591312 10013012
0b000c01 0b00ca01 10001 100 105628 2008181534 38334803 10021537
0b000c01 0b00c001 10001 100 48063 2006307302 40238185 10016713
0b000e01 0b00ce01 10010 100 29435 2021079099 25504926 10015150
0b000901 0b00cb01 10002 100 1746 2011101374 35558565 10012827
0b000701 0b00c501 10004 100 6122 2022415266 24265144 10013196
0b000b01 0b00c701 10002 100 76532 2007593486 39089219 10019098
0b000401 0b00c501 10000 100 3961 2000622365 46101572 10013012
0b000801 0b00cf01 10011 100 145914 2028212190 18512793 10024913
0b000a01 0b00c301 10006 100 37164 2019526024 27208675 10015799
0b000e01 0b00c001 10008 100 125 2019332278 27427978 10012693
0b000401 0b00c601 10012 100 6323 2031124601 15665799 10013212
0b000d01 0b00c201 10003 100 411495 2014555248 32264152 10047181
0b000d01 0b00cb01 10010 100 58714 2021507943 25331887 10017603
0b000e01 0b00c401 10005 100 42110 2024796832 22044492 10016213
0b000601 0b00c201 10005 100 120233 2018454192 28391154 10022763
0b000101 0b00cd01 10004 100 62976 2012153408 34693686 10017960
0b000f01 0b00ce01 10004 100 9452 2012779311 34072731 10013474
0b000d01 0b00c701 10003 100 52111 2012341296 34561876 10017052
0b000801 0b00c801 10006 100 288881 2005737762 41236129 10036900
0b000f01 0b00c401 10009 100 5421 2031390175 15597090 10013136
0b000001 0b00c801 10005 100 75495 2011614768 35374769 10019011
0b000a01 0b00cb01 10006 100 541788 2011275948 35721009 10058104
0b000101 0b00c601 10005 100 36234 2011029262 36002480 10015720
0b000001 0b00c201 10006 100 28623 2019913115 27122252 10015081
0b000601 0b00c101 10006 100 40659 2020717616 26326560 10016090
0b000601 0b00c801 10008 100 21681 2026530632 20555589 10014498
0b000901 0b00c301 10009 100 40407 2020770372 26331359 10016070
0b000101 0b00ce01 10001 100 34209 2001862914 45282404 10015551
0b000b01 0b00c301 10003 100 30884 2020400704 26776952 10015269
0b000f01 0b00c401 10004 100 32704 2012619985 34581053 10015423
0b000d01 0b00cf01 10014 100 27088 2030702272 16545570 10014954
0b000b01 0b00c401 10001 100 10727 2002833615 44445001 10013580
0b000201 0b00ce01 10004 100 168122 2008311659 38976804 10026778
0b000301 0b00cf01 10003 100 123134 2017928367 29382849 10023006
0b000801 0b00cd01 10013 100 33200 2020939977 26417345 10015466
0b000b01 0b00ce01 10004 100 4079 2021964705 25404911 10013025
0b000801 0b00c001 10001 100 1790339 2000421595 47051622 10162784
0b000e01 0b00c001 10009 100 52330 2021606741 25883253 10017069
0b000501 0b00cb01 10005 100 35569 2011602642 35897095 10015663
0b000301 0b00c701 10003 100 9029 2021091638 26410706 10013440
0b000701 0b00cd01 10007 100 6911 2019772854 27782399 10013259
0b000901 0b00c701 10001 100 29325 2002173761 45388739 10015141
0b000501 0b00c901 10001 100 9306 2005302550 42263617 10013462
0b000201 0b00c401 10005 100 184499 2020250487 27317276 10028150
0b000d01 0b00c801 10001 100 2156714 2000643844 46944781 10193500
0b000101 0b00cc01 10019 100 11004 2033949730 13638956 10013606
0b000e01 0b00c301 10008 100 23753 2019375757 28215866 10014672
0b000f01 0b00c601 10000 100 81943 2001727794 45871967 10019550
0b000901 0b00c401 10000 100 42807 2002690433 44915703 10016269
0b000301 0b00c601 10004 100 40079 2020875919 26754414 10016043
0b000201 0b00c101 10007 100 20134 2020775170 26888282 10014371
0b000d01 0b00c101 10002 100 192364 2016382804 31288784 10028810
0b000f01 0b00c701 10009 100 31331 2031483229 16193154 10015309
0b000e01 0b00cd01 10007 100 63019 2020739840 26936994 10017967
0b000c01 0b00c601 10007 100 19892 2025805776 21885433 10014348
0b000001 0b00c201 10010 100 20680 2032482144 15271496 10014415
0b000901 0b00c901 10000 100 6838 2001198419 46584456 10013253
0b000701 0b00c601 10015 100 2926 2035335809 12449260 10012925
0b000901 0b00c601 10007 100 24116 2025809978 21975695 10014705
0b000701 0b00c901 10002 100 627795 2000593585 47202187 10065315
0b000801 0b00c301 10005 100 8703 2012028499 35791343 10013410
0b000901 0b00c901 10006 100 64324 2009613493 38223953 10018075
0b000201 0b00c001 10001 100 19137 2009939789 37907376 10014287
0b000001 0b00c901 10005 100 12661 2013988577 33875651 10013742
0b000901 0b00c401 10004 100 5647 2013884685 33995464 10013154
0b000801 0b00cb01 10009 100 65483 2020334830 27580594 10018172
0b000901 0b00c601 10000 100 24344 2001283626 46634892 10014723
0b000101 0b00c401 10004 100 66122 2012994461 34940880 10018227
0b000901 0b00c401 10001 100 1461 2004562061 43376933 10012804
0b000901 0b00c001 10000 100 3201 2000816225 47126738 10012951
0b000901 0b00c701 10002 100 2399458 2002965952 45002446 10213852
0b000001 0b00ce01 10005 100 551372 2010137337 37875989 10058909
0b000b01 0b00ce01 10002 100 60249 2009007931 39017417 10017734
0b000301 0b00c601 10002 100 338374 2007528826 40499677 10041051
0b000f01 0b00c801 10008 100 909534 2007675540 40356774 10088937
0b000101 0b00cf01 10013 100 164251 2026457737 21581920 10026453
0b000c01 0b00cf01 10012 100 39410 2023294921 24753945 10015986
0b000001 0b00cc01 10006 100 469450 2011341889 36711339 10052040
0b000d01 0b00cb01 10004 100 40246 2008160496 39977092 10016057
0b000d01 0b00c901 10001 100 642 2005949388 42209924 10012735
0b000201 0b00cd01 10019 100 19538 2032924371 15256158 10014319
0b000a01 0b00c001 10006 100 538541 2013162730 35049212 10057833
0b000501 0b00c901 10014 100 8519 2036114502 12102297 10013396
0b000601 0b00cd01 10007 100 70290 2020947516 27272502 10018575
0b000b01 0b00cc01 10001 100 36187 2001479536 46783235 10015717
0b000c01 0b00c701 10003 100 54952 2013769702 34508203 10017287
0b000c01 0b00c401 10011 100 27081 2022673592 25632675 10014954
0b000501 0b00c601 10006 100 75106 2025334780 22975571 10018980
0b000301 0b00c601 10013 100 12090 2034733382 13589420 10013697
0b000801 0b00c401 10000 100 352124 2002764038 45582589 10042205
0b000401 0b00c901 10010 100 77469 2020809858 27548724 10019177
0b000a01 0b00cb01 10000 100 1348291 2001561225 46857685 10125723
0b000101 0b00cf01 10011 100 40812 2021428801 26991778 10016102
0b000501 0b00ce01 10005 100 64723 2011902731 36569965 10018107
0b000f01 0b00c201 10001 100 52335 2007951359 40523378 10017070
0b000101 0b00c301 10011 100 28540 2021965735 26515523 10015074
0b000301 0b00cc01 10006 100 9768 2025767735 22719778 10013499
0b000201 0b00cc01 10009 100 64011 2020908420 27585073 10018050
0b000301 0b00c601 10012 100 28458 2032880236 15624329 10015068
0b000d01 0b00cf01 10009 100 6290 2028038555 20488103 10013210
0b000f01 0b00c101 10004 100 52690 2011123613 37438938 10017098
0b000901 0b00cf01 10004 100 48020 2010452572 38131883 10016709
0b000901 0b00c301 10003 100 68422 2010259786 38324732 10018418
0b000f01 0b00cc01 10001 100 1925055 2002986087 45605395 10174080
0b000001 0b00c701 10012 100 52042 2021162023 27440648 10017046
0b000601 0b00c701 10012 100 43400 2033853698 14758222 10016320
0b000401 0b00ca01 10006 100 75440 2018495971 30128264 10019007
0b000f01 0b00c901 10004 100 558430 2007113393 41511516 10059500
0b000b01 0b00c501 10000 100 1711662 2001445776 47185097 10156187
0b000c01 0b00cb01 10009 100 37329 2023860827 24797326 10015812
0b000901 0b00ca01 10013 100 8204 2023197292 25472819 10013370
0b000d01 0b00c401 10009 100 65857 2033680069 15023968 10018202
0b000301 0b00c801 10010 100 34809 2021391463 27322033 10015599
0b000c01 0b00ce01 10006 100 193470 2016423629 32293717 10028902
0b000701 0b00c501 10003 100 5700 2021051201 27671548 10013159
0b000101 0b00cb01 10004 100 50081 2012369291 36357898 10016882
0b000901 0b00cf01 10000 100 43247 2000949168 47781284 10016308
0b000801 0b00c801 10007 100 24028 2012470995 36261570 10014698
0b000c01 0b00c401 10013 100 2125 2028682383 20152686 10012861
0b000b01 0b00c701 10001 100 11778 2005408693 43433413 10013668
0b000501 0b00cc01 10011 100 12964 2022598507 26256119 10013767
0b000601 0b00c701 10010 100 4488 2028334012 20550722 10013058
0b000001 0b00ce01 10014 100 11441 2035427621 13459880 10013641
0b000701 0b00cd01 10012 100 57242 2031236688 17663442 10017482
0b000c01 0b00cd01 10001 100 101756 2002308284 46618217 10021212
0b000301 0b00c801 10012 100 38717 2025342175 23607494 10015927
0b000501 0b00ce01 10009 100 36113 2028257637 20693158 10015711
0b000201 0b00cf01 10004 100 21654 2010986723 37964280 10014496
0b000701 0b00c601 10012 100 5354 2033362299 15604595 10013131
0b000a01 0b00c201 10013 100 2872 2023565467 25403155 10012921
0b000901 0b00ca01 10003 100 33241 2010701055 38276552 10015469
0b000801 0b00ca01 10012 100 228290 2027390082 21624369 10031822
0b000a01 0b00c701 10010 100 1281 2027918034 21114179 10012790
0b000101 0b00c601 10013 100 77088 2030392046 18658662 10019146
0b000b01 0b00c701 10012 100 39978 2034541218 14525641 10016031
0b000401 0b00cb01 10002 100 26667 2012217927 36851253 10014917
0b000501 0b00cf01 10006 100 117725 2021700372 27370157 10022551
0b000201 0b00cd01 10007 100 572697 2010443820 38649529 10060696
0b000801 0b00cc01 10010 100 23539 2023153076 25980436 10014655
0b000a01 0b00cb01 10007 100 10985 2013092682 36075584 10013601
0b000801 0b00cc01 10008 100 82416 2021365487 27832220 10019592
0b000401 0b00c901 10002 100 39349 2007951595 41275074 10015981
0b000101 0b00cc01 10001 100 60616 2002845925 46382793 10017763
0b000701 0b00c101 10007 100 409776 2021816349 27424084 10047036
0b000701 0b00cf01 10008 100 41459 2023617647 25638737 10016158
0b000401 0b00c201 10005 100 69897 2012393000 36863909 10018540
0b000901 0b00c201 10005 100 8653 2015229789 34046827 10013406
0b000601 0b00cc01 10010 100 242834 2024690795 24597601 10033039
0b000701 0b00c301 10014 100 25971 2036828823 12472983 10014857
0b000401 0b00c201 10004 100 2850 2011522289 37785904 10012919
0b000b01 0b00cd01 10002 100 9108 2015367052 33967639 10013447
0b000a01 0b00c901 10005 100 75909 2013834255 35504996 10019044
0b000601 0b00c201 10008 100 696 2029189852 20150680 10012739
0b000f01 0b00c401 10000 100 5892 2002738878 46617476 10013174
0b000501 0b00c601 10007 100 2524 2029342481 20036745 10012893
0b000101 0b00c301 10002 100 29929 2006009709 43373555 10015189
0b000401 0b00c101 10009 100 60500 2023384227 26021995 10017754
0b000e01 0b00cb01 10009 100 76658 2021064771 28342507 10019108
0b000b01 0b00c601 10012 100 21105 2034501568 15028735 10014452
0b000d01 0b00c901 10015 100 75416 2031152645 18391125 10019005
0b000901 0b00ca01 10007 100 4367 2013798546 35756171 10013048
0b000c01 0b00cf01 10005 100 70879 2011663925 37955341 10018622
0b000901 0b00c001 10003 100 25065 2011526289 38112113 10014785
0b000001 0b00c901 10004 100 56973 2012900276 36784097 10017456
0b000101 0b00c901 10008 100 55405 2024885743 24817743 10017327
0b000c01 0b00c501 10012 100 16943 2025061508 24659240 10014100
0b000c01 0b00c201 10002 100 36952 2009058077 40667935 10015778
0b000a01 0b00c501 10007 100 7923 2023270586 26455895 10013344
0b000201 0b00c701 10012 100 21923 2034084367 15649409 10014518
0b000b01 0b00cf01 10005 100 59229 2022104815 27649168 10017648
0b000d01 0b00ca01 10001 100 44798 2002996251 46761022 10016436
0b000801 0b00cf01 10000 100 1703 2001678402 48084503 10012823
0b000401 0b00c301 10006 100 56768 2009575686 40188334 10017440
0b000b01 0b00cc01 10012 100 29097 2026734524 23116438 10015122
0b000901 0b00ce01 10000 100 33973 2001757474 48093600 10015528
0b000c01 0b00c201 10009 100 4869 2025475162 24384143 10013088
0b000b01 0b00ce01 10007 100 24641 2034799780 15072840 10014747
0b000f01 0b00ca01 10003 100 26452 2011694342 38203612 10014899
0b000701 0b00ca01 10002 100 26112 2007711947 42195601 10014872
0b000e01 0b00cc01 10011 100 4151 2025685311 24244434 10013031
0b000301 0b00c301 10006 100 2712 2011941193 38003091 10012908
0b000c01 0b00c001 10002 100 87247 2012466266 37526079 10019997
0b000d01 0b00c301 10004 100 42526 2021438395 28562760 10016247
0b000501 0b00c201 10005 100 1782 2013572525 36444426 10012830
0b000a01 0b00cb01 10008 100 74911 2021516781 28530546 10018960
0b000501 0b00c301 10001 100 75814 2001660999 48397673 10019036
0b000801 0b00c801 10009 100 74192 2014124518 35947475 10018903
0b000f01 0b00cd01 10007 100 8927 2025615085 24517669 10013428
0b000a01 0b00cc01 10001 100 582566 2009669848 40465789 10061524
0b000f01 0b00cc01 10004 100 27976 2007702619 42440740 10015025
0b000f01 0b00c801 10012 100 23038 2022062291 28122376 10014615
0b000501 0b00cb01 10007 100 4375 2022504485 27689928 10013049
0b000d01 0b00c801 10012 100 18144 2025593909 24606208 10014204
0b000b01 0b00c901 10009 100 141944 2031227546 18976410 10024580
0b000501 0b00ca01 10001 100 4631 2001291783 48927767 10013069
0b000801 0b00c601 10004 100 44137 2022682821 27548348 10016383
0b000a01 0b00c301 10008 100 55709 2022276494 27978865 10017351
0b000d01 0b00c701 10007 100 27631 2022302811 27964848 10014998
0b000301 0b00ca01 10007 100 2189 2014047042 36240679 10012866
0b000701 0b00c901 10006 100 59196 2013174229 37115469 10017646
0b000101 0b00cf01 10004 100 3977 2012117115 38212179 10013013
0b000101 0b00c701 10001 100 62459 2005504923 44849134 10017918
0b000701 0b00c201 10008 100 94835 2027515601 22858550 10020631
0b000c01 0b00c601 10012 100 29302 2033195404 17200915 10015139
0b000301 0b00c001 10003 100 24090 2012245323 38153976 10014703
0b000f01 0b00cc01 10012 100 24888 2025320477 25108220 10014767
0b000c01 0b00c501 10001 100 1456275 2001424180 49006207 10134776
0b000a01 0b00cf01 10002 100 404934 2007071573 43366547 10046629
0b000701 0b00c601 10007 100 9462 2017818120 32634816 10013475
0b000301 0b00c401 10006 100 20867 2023447809 27016054 10014430
0b000701 0b00cc01 10006 100 23207 2017625540 32840251 10014628
0b000901 0b00c701 10008 100 15027 2012609201 37870077 10013943
0b000801 0b00c301 10006 100 4114 2012749046 37752291 10013028
0b000101 0b00c201 10008 100 70099 2021497273 29009262 10018560
0b000901 0b00c201 10000 100 9582 2002756091 47786491 10013484
0b000901 0b00c501 10001 100 46246 2006899950 43651570 10016560
0b000701 0b00c301 10007 100 68629 2023899350 26667445 10018435
0b000c01 0b00c401 10001 100 3273 2002495559 48080674 10012957
0b000001 0b00c601 10014 100 6527 2029193483 21385182 10013229
0b000a01 0b00c001 10005 100 44367 2011985689 38603704 10016402
0b000001 0b00cf01 10007 100 1272 2024431099 26178235 10012789
0b000801 0b00cd01 10006 100 27683 2006862041 43751028 10015002
0b000e01 0b00ce01 10011 100 44179 2023565649 27053446 10016387
0b000f01 0b00ca01 10002 100 770003 2011214213 39458524 10077240
0b000601 0b00c101 10011 100 26064 2026360920 24353970 10014868
0b000301 0b00c101 10015 100 42611 2023890477 26839667 10016254
0b000b01 0b00cf01 10001 100 35926 2001753578 49011287 10015692
0b000e01 0b00cd01 10001 100 30724 2004842565 45927009 10015256
0b000d01 0b00c301 10010 100 111839 2033827218 16961643 10022057
0b000801 0b00c401 10011 100 34822 2036319121 14470294 10015600
0b000c01 0b00cf01 10001 100 50906 2007791656 42998097 10016948
0b000601 0b00c101 10009 100 65861 2023589127 27220743 10018202
0b000601 0b00c001 10005 100 57951 2020283721 30535357 10017538
0b000d01 0b00c601 10006 100 88964 2016734937 34101706 10020138
0b000c01 0b00c301 10002 100 2044 2014568530 36269281 10012855
0b000901 0b00cc01 10007 100 3527 2024489898 26361832 10012977
0b000401 0b00c201 10007 100 29437 2015571185 35317526 10015150
0b000d01 0b00c001 10007 100 14126 2014092133 36829993 10013867
0b000001 0b00c201 10001 100 46122 2011923622 38998797 10016550
0b000c01 0b00c701 10000 100 93633 2010782324 40181342 10020531
0b000501 0b00cc01 10019 100 5948 2034506609 16467406 10013178
0b000401 0b00c301 10013 100 4579 2023128515 27870772 10013065
0b000b01 0b00cf01 10008 100 78830 2023861847 27163476 10019289
0b000a01 0b00ca01 10006 100 44278 2023317688 27718134 10016395
0b000a01 0b00ca01 10004 100 337275 2015777921 35264282 10040959
0b000301 0b00c201 10005 100 13647 2006265997 44794382 10013825
0b000701 0b00cf01 10006 100 39622 2017637722 33426263 10016003
0b000d01 0b00ca01 10002 100 1629 2015561201 35556639 10012818
0b000d01 0b00c901 10004 100 66272 2017452218 33724862 10018239
0b000601 0b00ca01 10005 100 78614 2020107052 31076446 10019272
0b000301 0b00c601 10006 100 38449 2024583537 26611903 10015905
0b000001 0b00cd01 10004 100 4408 2006818630 44408984 10013051
0b000801 0b00c601 10000 100 4388 2002614837 48618450 10013050
0b000301 0b00c701 10004 100 28613 2023836789 27401897 10015080
0b000201 0b00cd01 10011 100 2140 2013173133 38072083 10012862
0b000201 0b00c701 10003 100 631382 2009991139 41261835 10065617
0b000301 0b00cb01 10014 100 9844 2024611200 26681844 10013505
0b000501 0b00c901 10005 100 132902 2012821704 38491640 10023822
0b000d01 0b00c801 10017 100 47413 2036806723 14534503 10016657
0b000701 0b00c001 10014 100 196559 2033235728 18120594 10029161
0b000801 0b00cc01 10011 100 53583 2023465206 27901395 10017174
0b000601 0b00c401 10020 100 50476 2036353725 15013573 10016913
0b000301 0b00cc01 10005 100 29364 2025111079 26304189 10015144
0b000301 0b00c101 10002 100 1412362 2001587930 49835727 10131094
0b000e01 0b00c701 10010 100 5850 2027304850 24153734 10013171
0b000d01 0b00cf01 10005 100 9144 2015810780 35666071 10013449
0b000201 0b00c501 10004 100 20354 2013144543 38418704 10014388
0b000a01 0b00c301 10000 100 70185 2002554588 49016887 10018567
0b000a01 0b00c801 10000 100 42503 2002849401 48731367 10016245
0b000701 0b00c101 10005 100 27512 2018421242 33164909 10014988
0b000e01 0b00c701 10001 100 5217 2004793921 46796837 10013120
0b000401 0b00cf01 10000 100 21348 2017321084 34303729 10014472
0b000f01 0b00ca01 10010 100 40588 2023360843 28268887 10016084
0b000d01 0b00c301 10009 100 186633 2031664635 19975953 10028328
0b000801 0b00c501 10000 100 2245 2003172748 48477139 10012871
0b000f01 0b00c601 10009 100 6066 2035976971 15674262 10013192
0b000f01 0b00cb01 10004 100 410710 2008766861 42889917 10047115
0b000c01 0b00c601 10011 100 14237 2031126401 20541734 10013876
0b000d01 0b00ce01 10003 100 66528 2008788469 42883233 10018259
0b000601 0b00cf01 10012 100 21045 2030536864 21142080 10014448
0b000e01 0b00ce01 10007 100 44101 2014427715 37261413 10016380
0b000301 0b00ca01 10016 100 35983 2037060932 14633867 10015696
0b000401 0b00cf01 10001 100 14999 2018509909 33217397 10013937
0b000001 0b00c901 10007 100 91748 2015440566 36293749 10020373
0b000b01 0b00c901 10006 100 37783 2013334748 38405675 10015848
0b000101 0b00c301 10012 100 67423 2022695559 29059925 10018334
0b000501 0b00cd01 10014 100 44074 2037384442 14371853 10016378
0b000901 0b00c301 10002 100 64721 2007759017 44001996 10018107
0b000b01 0b00c801 10008 100 26589 2025921879 25848511 10014910
0b000901 0b00c601 10004 100 117034 2012461395 39350580 10022495
0b000c01 0b00c001 10006 100 3147 2027699809 24130054 10012947
0b000901 0b00c801 10009 100 48205 2028637590 23192277 10016724
0b000901 0b00c201 10003 100 11252 2013909626 37921248 10013626
0b000801 0b00c201 10012 100 97718 2035077268 16765518 10020873
0b000f01 0b00cf01 10005 100 6201 2028227307 23619747 10013202
0b000c01 0b00cb01 10006 100 264495 2018398252 33449484 10034857
0b000a01 0b00ca01 10000 100 16167 2003835326 48021700 10014038
0b000401 0b00c301 10014 100 26395 2023664752 28205155 10014895
0b000c01 0b00cf01 10011 100 25729 2023277393 28600470 10014838
0b000801 0b00c101 10007 100 24771 2015294642 36591016 10014757
0b000401 0b00c001 10003 100 256641 2015595892 36294269 10034198
0b000301 0b00c301 10014 100 64398 2034580152 17320726 10018081
0b000201 0b00ce01 10002 100 912116 2007912108 44012179 10089155
0b000901 0b00cd01 10007 100 2189 2025430248 26500969 10012866
0b000e01 0b00c901 10005 100 66913 2021756950 30189818 10018290
0b000501 0b00ca01 10004 100 1426 2017236977 34765001 10012801
0b000201 0b00c101 10010 100 4464 2025632234 26396319 10013056
0b000301 0b00c701 10005 100 72258 2024010904 28055852 10018740
0b000101 0b00c801 10007 100 42455 2014724939 37352503 10016241
0b000201 0b00ca01 10007 100 74759 2023272163 28817206 10018948
0b000501 0b00cb01 10013 100 14950 2030819086 21293381 10013933
0b000b01 0b00c801 10009 100 47120 2028355359 23774801 10016633
0b000c01 0b00cf01 10010 100 46894 2022660527 29473597 10016612
0b000601 0b00c201 10011 100 3721 2039830577 12312008 10012993
0b000501 0b00c301 10004 100 6766 2014002194 38200006 10013248
0b000b01 0b00c201 10001 100 55058 2013575276 38639004 10017299
0b000301 0b00ca01 10006 100 37745 2013193552 39041546 10015845
0b000301 0b00c801 10007 100 56969 2014368333 37877076 10017456
0b000f01 0b00c101 10010 100 99130 2025188143 27060082 10020994
0b000e01 0b00c001 10017 100 4109 2036622363 15640431 10013027
0b000201 0b00cd01 10006 100 41660 2007961459 44308541 10016174
0b000c01 0b00c701 10005 100 112866 2024377466 27897824 10022143
0b000301 0b00c801 10006 100 9018 2014013540 38265307 10013439
0b000501 0b00cd01 10012 100 7159 2027019687 25313186 10013283
0b000101 0b00ce01 10014 100 44478 2036453641 15879607 10016411
0b000101 0b00c201 10012 100 24860 2037705268 14630717 10014764
0b000a01 0b00cf01 10013 100 16941 2037432600 14983828 10014100
0b000601 0b00cd01 10012 100 9708 2036477924 15939347 10013495
0b000f01 0b00cd01 10000 100 42864 2005708982 46718433 10016274
0b000a01 0b00c001 10008 100 43623 2025839737 26607997 10016338
0b000c01 0b00c401 10012 100 3659 2028284451 24189760 10012988
0b000b01 0b00c401 10011 100 118532 2023299876 29204528 10022619
0b000701 0b00c201 10005 100 7602 2016821628 35702287 10013318
0b000b01 0b00c001 10011 100 60321 2028292433 24256906 10017739
0b000f01 0b00c601 10005 100 64554 2026800011 25756201 10018093
0b000201 0b00c801 10007 100 1764 2027395444 25165186 10012828
0b000501 0b00ca01 10009 100 19529 2024678322 27904266 10014319
0b000901 0b00c401 10010 100 100410 2023157572 29430202 10021100
0b000001 0b00c901 10010 100 177076 2020313247 32280873 10027529
0b000501 0b00c301 10009 100 21171 2024236201 28360391 10014458
0b000901 0b00c301 10006 100 57608 2013884832 38712143 10017511
0b000b01 0b00cb01 10008 100 110902 2024546651 28056191 10021978
0b000e01 0b00c401 10003 100 1429 2016407341 36196961 10012802
0b000f01 0b00c601 10012 100 5219 2040322149 12290065 10013120
0b000201 0b00c401 10007 100 27959 2026456505 26166062 10015024
0b000101 0b00cd01 10001 100 2759 2003454198 49188128 10012912
0b000701 0b00c401 10006 100 28570 2024052644 28619464 10015076
0b000101 0b00cb01 10007 100 77151 2014617461 38057064 10019151
0b000c01 0b00c601 10000 100 2803 2002436145 50248715 10012915
0b000d01 0b00c301 10002 100 3682 2016553435 36172145 10012989
0b000e01 0b00c501 10010 100 42451 2026533829 26213379 10016241
0b000101 0b00ca01 10002 100 1629 2008766021 43993119 10012818
0b000101 0b00c901 10001 100 21068 2003596146 49168581 10014449
0b000f01 0b00c001 10010 100 1273 2025307617 27502665 10012789
0b000001 0b00c101 10007 100 22807 2025520784 27316173 10014592
0b000101 0b00c901 10004 100 22286 2016495857 36393189 10014551
0b000e01 0b00c601 10010 100 14993 2023975246 28937081 10013937
0b000601 0b00c301 10018 100 27277 2035774283 17165117 10014969
0b000001 0b00c701 10015 100 21795 2025680749 27267655 10014508
0b000e01 0b00c301 10012 100 69647 2024228817 28769803 10018520
0b000c01 0b00cc01 10000 100 24367 2003757021 49249040 10014725
0b000201 0b00c401 10012 100 84219 2034362846 18654650 10019743
0b000501 0b00cd01 10013 100 64203 2031361350 21659270 10018065
0b000901 0b00cd01 10001 100 112 2005265996 47762195 10012692
0b000701 0b00c801 10002 100 4343 2007109590 45932340 10013046
0b000401 0b00c101 10005 100 5806 2017449345 35606477 10013167
0b000001 0b00cc01 10014 100 7531 2030254520 22801711 10013313
0b000c01 0b00c401 10000 100 635199 2001719118 51338015 10065938
0b000301 0b00c901 10008 100 133841 2025249317 27829408 10023901
0b000201 0b00c601 10009 100 73808 2014005679 39116672 10018868
0b000c01 0b00cf01 10004 100 40289 2011382231 41741059 10016060
0b000301 0b00c201 10007 100 28176 2008784957 44367302 10015045
0b000101 0b00cc01 10006 100 7193 2008937657 44222436 10013286
0b000201 0b00cb01 10009 100 14151 2027569865 25626610 10013869
0b000901 0b00c501 10013 100 968 2026817861 26419529 10012761
0b000501 0b00cd01 10005 100 11987 2010569658 42684956 10013685
0b000201 0b00c401 10004 100 2165 2019105240 34172771 10012864
0b000601 0b00c201 10012 100 5430 2040889224 12403071 10013137
0b000401 0b00ca01 10005 100 20306 2017137920 36168037 10014385
0b000101 0b00c601 10010 100 5599 2027904527 25421968 10013150
0b000801 0b00c101 10006 100 67327 2013636537 39717246 10018327
0b000301 0b00c201 10002 100 13258 2001975439 51469205 10013794
0b000f01 0b00c301 10012 100 60452 2023965941 29512308 10017750
0b000801 0b00cb01 10003 100 893025 2006983277 46499873 10087554
0b000701 0b00cf01 10009 100 2808 2033302452 20199295 10012916
0b000f01 0b00ce01 10000 100 40371 2003910440 49595419 10016067
0b000b01 0b00c001 10012 100 1162 2028336136 25179539 10012780
0b000601 0b00cc01 10012 100 64841 2026207605 27333574 10018116
0b000101 0b00c201 10001 100 20575 2005892890 47653172 10014406
0b000e01 0b00cc01 10013 100 3066 2033208183 20353748 10012940
0b000601 0b00c601 10009 100 56177 2013927267 39636863 10017393
0b000f01 0b00c701 10012 100 192461 2036254131 17310209 10028818
0b000901 0b00c001 10005 100 77982 2014543583 39030262 10019218
0b000001 0b00c101 10010 100 55798 2037876638 15708910 10017358
0b000401 0b00c301 10021 100 21494 2036507069 17082095 10014484
0b000f01 0b00ca01 10019 100 25513 2040667346 12923811 10014820
0b000d01 0b00c201 10001 100 3168 2007390526 46205237 10012948
0b000d01 0b00ca01 10004 100 29347 2028636612 24974333 10015142
0b000a01 0b00cb01 10009 100 174674 2022797345 30884091 10027325
0b000101 0b00c001 10001 100 23538 2006234662 47459363 10014655
0b000601 0b00c501 10005 100 4900 2015920288 37810018 10013091
0b000501 0b00cb01 10010 100 62648 2025448917 28306985 10017933
0b000101 0b00c801 10004 100 65475 2008967060 44838787 10018171
0b000301 0b00c101 10005 100 102754 2004138509 49678931 10021295
0b000901 0b00c801 10007 100 47042 2016833178 36984377 10016627
0b000501 0b00c201 10001 100 27794 2002748077 51069511 10015011
0b000201 0b00c301 10001 100 54097 2015076555 38747839 10017218
0b000f01 0b00c101 10001 100 954418 2007935487 45895956 10092700
0b000701 0b00c401 10005 100 234879 2023303412 30534490 10032372
0b000101 0b00c001 10010 100 3256 2032457647 21418518 10012955
0b000901 0b00c501 10010 100 278666 2019267418 34634702 10036044
0b000801 0b00c401 10008 100 5354 2027410499 26495152 10013131
0b000e01 0b00c201 10015 100 27760 2028679916 25270315 10015008
0b000a01 0b00c601 10002 100 808723 2006127956 47831646 10080484
0b000401 0b00ca01 10004 100 8239 2015684659 38300525 10013373
0b000601 0b00c401 10012 100 1522 2026471920 27516069 10012809
0b000c01 0b00cc01 10003 100 200329 2008495731 45500372 10029478
0b000e01 0b00cf01 10008 100 11970 2026031612 28017364 10013683
0b000801 0b00ca01 10001 100 1064929 2003595525 50456689 10101963
0b000e01 0b00c201 10007 100 16175 2015704717 38354702 10014039
0b000801 0b00ca01 10006 100 111492 2013390757 40675311 10022029
0b000101 0b00c901 10012 100 45210 2036557042 17563374 10016473
0b000901 0b00c101 10009 100 7176 2039409347 14714526 10013284
0b000f01 0b00c901 10003 100 1019144 2003996472 50140932 10098128
0b000501 0b00c801 10001 100 29176 2007593106 46615606 10015129
0b000d01 0b00cb01 10014 100 64680 2024947426 29281043 10018104
0b000c01 0b00c001 10009 100 2669 2029731234 24524444 10012905
0b000d01 0b00c901 10011 100 53059 2025436234 28842075 10017132
0b000801 0b00c301 10001 100 71170 2006137911 48151359 10018650
0b000601 0b00c801 10011 100 3954 2038517189 15784539 10013011
0b000a01 0b00c401 10011 100 68344 2037944913 16396648 10018412
0b000e01 0b00cf01 10001 100 163275 2004824025 49519340 10026371
0b000601 0b00cb01 10005 100 68336 2027197391 27148060 10018411
0b000101 0b00cf01 10015 100 93349 2028442287 25924865 10020508
0b000501 0b00cd01 10008 100 71475 2011977740 42390611 10018674
0b000501 0b00c201 10013 100 66439 2034878717 19496098 10018252
0b000d01 0b00c401 10006 100 45622 2029181857 25194997 10016506
0b000801 0b00ca01 10007 100 18229 2017646195 36749896 10014211
0b000a01 0b00c201 10000 100 8910541 2000160167 54247032 10759741
0b000101 0b00c101 10012 100 10915 2031457447 22990550 10013595
0b000201 0b00cb01 10007 100 181827 2021797982 32672222 10027925
0b000601 0b00c601 10007 100 351099 2012054280 42443341 10042119
0b000b01 0b00ca01 10014 100 7159 2027899998 26635641 10013283
0b000301 0b00c301 10013 100 65811 2026766988 27792609 10018198
0b000901 0b00cc01 10001 100 35823 2006118342 48451091 10015684
0b000801 0b00ca01 10009 100 21177 2020429934 34171058 10014458
0b000e01 0b00c501 10007 100 55949 2012515275 42087248 10017370
0b000601 0b00cd01 10010 100 172287 2026197520 28436064 10027127
0b000f01 0b00c301 10003 100 47492 2004915304 49721579 10016663
0b000601 0b00ce01 10005 100 72733 2015167679 39477773 10018778
0b000f01 0b00c501 10003 100 64110 2025094131 29553499 10018058
0b000f01 0b00c901 10012 100 275808 2026918166 27732808 10035804
0b000f01 0b00c501 10000 100 5329 2008409072 46288816 10013129
0b000f01 0b00cb01 10003 100 1091433 2003842892 50885130 10104187
0b000401 0b00c201 10010 100 27328 2024716500 30025101 10014973
0b000e01 0b00c801 10017 100 63719 2037232761 17529476 10018023
0b000b01 0b00cd01 10000 100 1069966 2006980970 47791646 10102386
0b000f01 0b00c801 10009 100 9233 2012318651 42470506 10013457
0b000801 0b00c301 10012 100 54768 2026605743 28195104 10017272
0b000f01 0b00c401 10006 100 35686 2026645949 28196996 10015673
0b000901 0b00c601 10008 100 35930 2027187243 27676445 10015692
0b000701 0b00ca01 10009 100 30825 2019979644 34891267 10015265
0b000001 0b00c801 10004 100 3945 2010685891 44232936 10013010
0b000401 0b00c201 10011 100 29527 2025901952 29088540 10015157
0b000e01 0b00cc01 10002 100 41791 2013118974 41874743 10016184
0b000101 0b00cf01 10008 100 67507 2015413999 39580728 10018341
0b000101 0b00cc01 10005 100 76202 2005789856 49221847 10019071
0b000801 0b00cb01 10008 100 1308 2017425466 37595845 10012792
0b000a01 0b00c201 10009 100 320110 2019672126 35354526 10039521
0b000801 0b00ce01 10007 100 73977 2026262304 28773848 10018882
0b000401 0b00ca01 10009 100 145242 2020830478 34217403 10024860
0b000901 0b00c701 10018 100 22915 2039605175 15465291 10014601
0b000901 0b00cf01 10008 100 15056 2017041582 38038867 10013945
0b000801 0b00c101 10010 100 69029 2017519451 37644942 10018471
0b000f01 0b00c201 10003 100 15582 2008550454 46639425 10013988
0b000901 0b00c201 10006 100 34381 2016526825 38670538 10015564
0b000301 0b00c101 10016 100 31952 2028817828 26409733 10015359
0b000f01 0b00c101 10003 100 23805 2008915247 46355926 10014676
0b000201 0b00cc01 10006 100 21309 2010719538 44561275 10014469
0b000d01 0b00c801 10006 100 43043 2008603742 46705029 10016292
0b000801 0b00c801 10008 100 180693 2012804484 42540146 10027830
0b000a01 0b00c001 10009 100 3733 2028802418 26547170 10012994
0b000e01 0b00ce01 10008 100 19347 2019242042 36123939 10014304
0b000801 0b00ca01 10013 100 32973 2029064266 26321097 10015444
0b000d01 0b00c601 10004 100 5381 2009572035 45817943 10013133
0b000701 0b00c301 10002 100 78855 2008539101 46861464 10019291
0b000c01 0b00cb01 10013 100 7581 2031819488 23607414 10013317
0b000301 0b00ca01 10005 100 27700 2010818317 44626225 10015003
0b000701 0b00c301 10006 100 30021 2015105827 40350197 10015200
0b000b01 0b00c001 10007 100 56745 2018226316 37260988 10017438
0b000d01 0b00c801 10014 100 53743 2029682504 25815055 10017186
0b000c01 0b00cb01 10010 100 36126 2025931512 29572670 10015712
0b000901 0b00c501 10000 100 824835 2004729960 50820915 10081834
0b000a01 0b00cf01 10003 100 37883 2007660082 47900842 10015856
0b000201 0b00ce01 10019 100 2888 2030326242 25254606 10012922
0b000201 0b00c901 10001 100 663249 2007899692 47729733 10068289
0b000901 0b00c501 10015 100 9657 2028809800 26842040 10013490
0b000901 0b00c701 10006 100 576 2008231605 47474150 10012729
0b000b01 0b00c101 10005 100 5011 2018189812 37518059 10013103
0b000801 0b00ca01 10014 100 22237 2029656473 26082215 10014547
0b000b01 0b00cd01 10001 100 23863 2007929004 47830085 10014681
0b000c01 0b00c601 10010 100 41679 2029309598 26462694 10016175
0b000401 0b00ce01 10000 100 2256 2005982942 49804356 10012872
0b000c01 0b00c601 10009 100 17753 2028032604 27766882 10014169
0b000601 0b00ca01 10009 100 27852 2026895480 28915793 10015015
0b000301 0b00cb01 10016 100 52003 2027313338 28533288 10017043
0b000801 0b00c801 10013 100 14926 2030104550 25743303 10013931
0b000201 0b00c901 10007 100 1139 2021586361 34301562 10012778
0b000601 0b00cf01 10014 100 36522 2037515769 18380040 10015743
0b000a01 0b00c901 10002 100 7558 2011789144 44128914 10013315
0b000401 0b00c901 10004 100 23878 2013287029 42642599 10014682
0b000c01 0b00c701 10006 100 53035 2027321064 28649321 10017130
0b000f01 0b00c701 10007 100 2716 2028559856 27473514 10012908
0b000201 0b00cd01 10024 100 24545 2039993518 16063287 10014739
0b000401 0b00cd01 10009 100 6050 2010289370 45771563 10013190
0b000101 0b00c101 10001 100 56759 2007825669 48267923 10017439
0b000101 0b00c601 10015 100 49576 2039834841 16259385 10016838
0b000901 0b00c601 10012 100 57801 2038992710 17127911 10017526
0b000f01 0b00c501 10001 100 744953 2014530645 41600713 10075137
0b000801 0b00c701 10006 100 20470 2007744454 48443160 10014398
0b000701 0b00c401 10007 100 68350 2026689304 29513926 10018412
0b000001 0b00cf01 10014 100 2965 2035004913 21209224 10012928
0b000c01 0b00c601 10004 100 44507 2018582985 37684239 10016413
0b000501 0b00cc01 10010 100 32230 2021803885 34487652 10015385
0b000301 0b00cd01 10003 100 604492 2011489002 44826091 10063362
0b000501 0b00ca01 10010 100 19941 2030208292 26113112 10014352
0b000f01 0b00c001 10012 100 77701 2041754518 14580936 10019195
0b000801 0b00ca01 10008 100 2380 2018361945 38014198 10012881
0b000e01 0b00c601 10007 100 4404 2020560542 35815671 10013051
0b000201 0b00ce01 10018 100 2000 2030105223 26294358 10012847
0b000f01 0b00c301 10009 100 81491 2016997426 39402252 10019514
0b000001 0b00c401 10004 100 23528 2012144789 44280319 10014654
0b000e01 0b00cc01 10001 100 2830 2010182105 46244093 10012917
0b000601 0b00c501 10004 100 71615 2015297262 41136513 10018685
0b000901 0b00c901 10017 100 17799 2029274711 27162106 10014173
0b000401 0b00c201 10008 100 29392 2020397330 36047573 10015146
0b000401 0b00c801 10008 100 21009 2024269186 32185833 10014445
0b000601 0b00cd01 10014 100 88098 2037942954 18522101 10020069
0b000a01 0b00c801 10009 100 186010 2017741249 38726933 10028278
0b000d01 0b00c801 10015 100 61477 2029940213 26538788 10017836
0b000301 0b00c501 10014 100 11598 2033430642 23055827 10013653
0b000001 0b00c101 10004 100 21081 2020226110 36288024 10014450
0b000d01 0b00c501 10003 100 129199 2005573356 50983300 10023515
0b000b01 0b00c201 10010 100 55443 2041064557 15505536 10017330
0b000201 0b00c601 10016 100 238464 2030267564 26307095 10032674
0b000d01 0b00cd01 10006 100 499240 2009253118 47351120 10054539
0b000e01 0b00c201 10010 100 64444 2019207403 37408832 10018085
0b000801 0b00c401 10013 100 27429 2042317539 14361709 10014981
0b000e01 0b00cf01 10010 100 15683 2031020303 25664077 10013996
0b000d01 0b00ce01 10004 100 569172 2009309889 47415174 10060402
0b000b01 0b00cf01 10011 100 26 2030293814 26434908 10012685
0b000d01 0b00c001 10014 100 4140 2041206845 15540228 10013030
0b000501 0b00ce01 10003 100 34182 2009008006 47743408 10015548
0b000201 0b00c601 10022 100 7119 2041630990 15122960 10013280
0b000401 0b00c901 10009 100 4796 2020637847 36119371 10013082
0b000d01 0b00c101 10001 100 550356 2009479880 47280960 10058824
0b000e01 0b00c101 10004 100 403789 2010052076 46711497 10046534
0b000801 0b00c501 10011 100 47576 2032699167 24077840 10016670
0b000c01 0b00cf01 10009 100 4880 2021242232 35536210 10013089
0b000d01 0b00c801 10013 100 29664 2028240675 28570284 10015168
0b000e01 0b00c201 10016 100 12090 2032199214 24616380 10013697
0b000501 0b00c901 10004 100 38232 2012574905 44254063 10015888
0b000901 0b00c201 10011 100 77457 2027377903 29456787 10019176
0b000b01 0b00c901 10010 100 3841 2031540015 25300929 10013002
0b000f01 0b00c201 10020 100 8033 2036441597 20486653 10013357
0b000a01 0b00c801 10020 100 28145 2042446693 14488247 10015042
0b000801 0b00cd01 10014 100 11001 2030099528 26839375 10013606
0b000d01 0b00c701 10016 100 14905 2043858555 13089520 10013930
0b000201 0b00c901 10008 100 8948 2022556773 34404244 10013430
0b000001 0b00c601 10017 100 66028 2031534038 25442640 10018219
0b000401 0b00c301 10008 100 32610 2017085890 39899422 10015415
0b000901 0b00c801 10012 100 38873 2033872108 23141062 10015939
0b000d01 0b00c901 10022 100 37343 2043046427 13990224 10015813
0b000f01 0b00c801 10011 100 55917 2018098685 38941457 10017368
0b000d01 0b00c901 10017 100 9019 2032508823 24535967 10013439
0b000b01 0b00c901 10012 100 99421 2038794520 18262537 10021017
0b000501 0b00cb01 10004 100 14363 2010052076 47006476 10013886
0b000901 0b00c701 10015 100 26021 2029663316 27462592 10014865
0b000001 0b00c601 10008 100 102 2020760582 36400691 10012692
0b000901 0b00c201 10002 100 17314 2008823382 48348592 10014134
0b000801 0b00cd01 10012 100 27325 2020779355 36394069 10014973
0b000601 0b00c801 10007 100 8447 2022553150 34621054 10013390
0b000201 0b00cc01 10012 100 144059 2029654057 27548870 10024761
0b000001 0b00c601 10012 100 190704 2022896284 34385439 10028669
0b000e01 0b00c501 10011 100 56403 2030649021 26649252 10017411
0b000d01 0b00c201 10010 100 5812 2041628167 15681152 10013168
0b000901 0b00c301 10017 100 15979 2043527383 13885877 10014019
0b000b01 0b00cd01 10007 100 183047 2026645816 30783872 10028030
0b000101 0b00cb01 10009 100 75084 2019525687 37934121 10018978
0b000101 0b00c301 10004 100 63932 2009391857 48097302 10018040
0b000901 0b00c101 10003 100 180950 2025187298 32301935 10027851
0b000e01 0b00c701 10008 100 721 2021202595 36305328 10012741
0b000d01 0b00cd01 10004 100 15924 2007800589 49711371 10014015
0b000f01 0b00ce01 10006 100 25110 2020717884 36799608 10014788
0b000101 0b00c101 10002 100 48926 2008981465 48564668 10016782
0b000501 0b00cc01 10008 100 42400 2019718326 37854965 10016237
0b000c01 0b00c301 10001 100 389427 2011388251 46188425 10045331
0b000201 0b00c201 10007 100 23594 2022773187 34816091 10014659
0b000d01 0b00c401 10007 100 58768 2031154873 26440880 10017608
0b000a01 0b00ce01 10005 100 52027 2012451094 45154132 10017045
0b000101 0b00cd01 10009 100 6435 2030831232 26784358 10013221
0b000d01 0b00c701 10013 100 59801 2032147935 25480138 10017694
0b000d01 0b00c201 10012 100 47319 2043123905 14511600 10016649
0b000f01 0b00c201 10017 100 36394 2033227140 24408733 10015733
0b000501 0b00c001 10008 100 73846 2005438605 52237375 10018871
0b000001 0b00c001 10020 100 7630 2036317388 21360264 10013321
0b000a01 0b00c201 10007 100 77946 2012043697 45661372 10019215
0b000001 0b00c601 10016 100 7188 2030989845 26735146 10013285
0b000401 0b00ca01 10000 100 2750651 2000754967 56989081 10243295
0b000901 0b00c901 10014 100 7703 2023346874 34399656 10013326
0b000a01 0b00cf01 10011 100 278235 2032432736 25326853 10036010
0b000701 0b00ce01 10009 100 6448 2034003063 23764663 10013222
0b000b01 0b00c201 10005 100 57523 2023089419 34680375 10017504
0b000101 0b00cc01 10011 100 43061 2018474911 39365597 10016293
0b000301 0b00c101 10020 100 27898 2043647621 14218585 10015019
0b000301 0b00c501 10013 100 21143 2031836281 26034851 10014455
0b000101 0b00c701 10007 100 5167 2042818704 15076633 10013116
0b000801 0b00c901 10009 100 84492 2029532040 28365244 10019765
0b000f01 0b00c401 10007 100 26946 2029683626 28216857 10014939
0b000501 0b00ce01 10008 100 1217 2025908657 32016001 10012785
0b000d01 0b00cf01 10003 100 46097 2011860432 46116454 10016548
0b000301 0b00ce01 10004 100 510271 2014044315 43979535 10055463
0b000001 0b00cf01 10011 100 22714 2030654204 27377366 10014585
0b000f01 0b00ca01 10012 100 55886 2028874619 29227764 10017365
0b000d01 0b00c301 10014 100 10761 2042201136 15906029 10013583
0b000901 0b00c901 10008 100 35974 2013723338 44399155 10015696
0b000e01 0b00ca01 10015 100 73035 2015189347 42935555 10018806
0b000901 0b00c001 10011 100 20964 2034918482 23231014 10014437
0b000b01 0b00c301 10004 100 352698 2022909203 35276170 10042251
0b000701 0b00cb01 10014 100 29413 2033606596 24590228 10015148
0b000c01 0b00c201 10013 100 8157 2042522780 15688316 10013367
0b000d01 0b00c901 10016 100 48459 2032393910 25827787 10016744
0b000801 0b00c401 10010 100 1889 2032778568 25452941 10012838
0b000401 0b00cc01 10003 100 28085 2014133637 44133713 10015038
0b000a01 0b00c001 10000 100 1428959 2001322757 56947769 10132484
0b000c01 0b00c201 10008 100 50387 2024683517 33615169 10016906
0b000e01 0b00c701 10011 100 27716 2029626416 28673651 10015004
0b000b01 0b00c801 10007 100 59300 2021565515 36764686 10017654
0b000301 0b00c901 10012 100 26354 2042572327 15774763 10014892
0b000801 0b00c301 10007 100 4781 2014310001 44085682 10013081
0b000901 0b00cd01 10010 100 68808 2030255770 28167336 10018449
0b000f01 0b00ca01 10001 100 527018 2009815870 48664342 10056868
0b000201 0b00c201 10005 100 41469 2013656944 44831017 10016158
0b000701 0b00ce01 10006 100 66833 2020523120 37964881 10018283
0b000a01 0b00ca01 10002 100 72886 2013095979 45392749 10018791
0b000a01 0b00c401 10016 100 3672 2045228869 13268555 10012989
0b000001 0b00c801 10020 100 27763 2042510943 16032648 10015008
0b000901 0b00c501 10009 100 61580 2019056255 39555488 10017844
0b000b01 0b00ca01 10015 100 119921 2029388045 29241028 10022734
0b000b01 0b00c601 10007 100 447621 2023888003 34763487 10050210
0b000b01 0b00c401 10017 100 615 2037397299 21262336 10012733
0b000001 0b00c501 10014 100 66200 2033195587 25515829 10018233
0b000901 0b00c501 10005 100 68328 2010554495 48175138 10018411
0b000901 0b00cf01 10005 100 3704 2011081147 47649652 10012991
0b000e01 0b00c601 10008 100 33317 2021106980 37637686 10015475
0b000801 0b00cc01 10007 100 25972 2019884432 38866713 10014857
0b000401 0b00cf01 10004 100 107419 2028814804 29991516 10021688
0b000601 0b00ca01 10013 100 7863 2034834266 24017530 10013339
0b000d01 0b00c601 10003 100 5242 2009136207 49717820 10013122
0b000001 0b00ce01 10004 100 67849 2009960995 48917479 10018369
0b000701 0b00cc01 10008 100 52006 2021990460 36902526 10017044
0b000d01 0b00c901 10007 100 23487 2022818802 36078249 10014651
0b000d01 0b00c401 10004 100 5407 2024366075 34540992 10013135
0b000d01 0b00cf01 10021 100 71042 2040322967 18658629 10018639
0b000a01 0b00c101 10002 100 3121 2010944217 48068525 10012945
0b000701 0b00c701 10006 100 82891 2020524785 38494609 10019630
0b000f01 0b00c601 10011 100 17672 2038224222 20812563 10014162
0b000101 0b00ce01 10012 100 70326 2030009768 29061030 10018578
0b000401 0b00c401 10000 100 21870 2008975711 50124967 10014514
0b000d01 0b00c201 10006 100 36613 2020415266 38698060 10015751
0b000d01 0b00c801 10016 100 26703 2033892658 25235377 10014919
0b000c01 0b00c801 10007 100 249903 2015064708 44071014 10033632
0b000801 0b00c901 10012 100 9041 2044339214 14804039 10013441
0b000001 0b00c201 10007 100 58195 2023583771 35566986 10017562
0b000101 0b00c201 10017 100 12730 2045047473 14121642 10013748
0b000a01 0b00c201 10010 100 38568 2022512685 36667232 10015915
0b000901 0b00cf01 10009 100 192952 2020372488 38827188 10028857
0b000101 0b00cf01 10019 100 1282 2036553158 22650433 10012790
0b000b01 0b00c801 10010 100 20344 2032103827 27113289 10014388
0b000f01 0b00cf01 10009 100 29000 2037971409 21279485 10015111
0b000601 0b00c401 10015 100 60541 2032531370 26727612 10017757
0b000a01 0b00c501 10011 100 43923 2035877834 23385494 10016362
0b000701 0b00c101 10004 100 76641 2017567855 41697234 10019106
0b000701 0b00cf01 10007 100 36278 2022797801 36484258 10015724
0b000101 0b00c201 10004 100 2 2011275906 48010062 10012684
0b000e01 0b00c601 10009 100 3777 2021243059 38066054 10012997
0b000101 0b00c301 10007 100 8582 2014950417 44374104 10013401
0b000301 0b00cf01 10011 100 24761 2031935062 27396493 10014756
0b000201 0b00c401 10011 100 11810 2033783404 25549426 10013670
0b000801 0b00c901 10001 100 148630 2008943128 50391499 10025142
0b000501 0b00ca01 10013 100 18527 2036773000 22570182 10014235
0b000101 0b00c801 10006 100 20603 2011119830 48232057 10014408
0b000701 0b00cd01 10006 100 20616 2019509739 39854262 10014409
0b000401 0b00c901 10007 100 56917 2015790754 43573532 10017452
0b000f01 0b00cb01 10017 100 52195 2037668072 21702581 10017059
0b000a01 0b00c701 10012 100 2802 2033047706 26384547 10012915
0b000301 0b00c001 10006 100 9811 2032545671 26904834 10013503
0b000b01 0b00c601 10006 100 26860 2011326616 48169449 10014932
0b000d01 0b00c001 10011 100 25849 2026779086 32753264 10014847
0b000301 0b00cb01 10010 100 692774 2010390951 49148071 10070763
0b000601 0b00cc01 10007 100 66090 2017611786 41929718 10018224
0b000c01 0b00c201 10005 100 27174 2016637806 42907563 10014961
0b000e01 0b00c301 10010 100 21982 2020258595 39308172 10014523
0b000f01 0b00c001 10003 100 62547 2012584476 47012738 10017925
0b000201 0b00cd01 10014 100 153849 2019148518 40452967 10025579
0b000b01 0b00c401 10023 100 60921 2043919129 15682407 10017787
0b000301 0b00c301 10011 100 92218 2020951485 38662813 10020414
0b000f01 0b00ca01 10017 100 11308 2035109176 24512975 10013630
0b000e01 0b00cf01 10012 100 46132 2033196713 26438047 10016551
0b000601 0b00c001 10012 100 112194 2036538791 23117866 10022089
0b000801 0b00c901 10006 100 55830 2019701556 39978196 10017361
0b000a01 0b00c701 10013 100 30941 2036968632 22720868 10015274
0b000c01 0b00c801 10005 100 11530 2010067231 49636732 10013648
0b000601 0b00c601 10023 100 28353 2041530126 18180612 10015059
0b000a01 0b00c001 10007 100 162276 2018555505 41160070 10026288
0b000801 0b00c301 10011 100 51716 2021828586 37887754 10017016
0b000301 0b00cf01 10014 100 28213 2035879227 23837596 10015048
0b000d01 0b00cd01 10010 100 199931 2022593639 37144672 10029442
0b000c01 0b00cb01 10005 100 51109 2016256714 43515448 10016968
0b000401 0b00c501 10003 100 536233 2004564232 55216526 10057640
0b000001 0b00c901 10013 100 2304 2026465351 33372589 10012875
0b000f01 0b00ce01 10007 100 172444 2023165046 36683464 10027139
0b000e01 0b00c101 10007 100 67963 2022122959 37754188 10018378
0b000501 0b00cc01 10005 100 3178 2017462382 42431783 10012949
0b000d01 0b00cd01 10012 100 13853 2035067729 24829639 10013842
0b000801 0b00cf01 10007 100 146923 2017124029 42775020 10024998
0b000801 0b00c601 10013 100 10790 2044934940 14971516 10013585
0b000601 0b00c601 10008 100 10262 2013588325 46346077 10013543
0b000e01 0b00c401 10011 100 3639 2034986060 24958812 10012986
0b000e01 0b00c901 10009 100 95238 2026603562 33355794 10020667
0b000301 0b00c801 10013 100 46551 2032898686 27060709 10016584
0b000001 0b00c601 10020 100 3390 2038666259 21301105 10012966
0b000101 0b00c201 10006 100 20093 2011690602 48304196 10014368
0b000801 0b00c001 10007 100 33701 2022701086 37333104 10015506
0b000501 0b00cf01 10003 100 4933 2014174802 45865944 10013093
0b000801 0b00cb01 10010 100 3946 2024603560 35464492 10013011
0b000d01 0b00cc01 10001 100 144977 2018209726 41858689 10024834
0b000c01 0b00ce01 10010 100 66000 2033414613 26695525 10018213
0b000d01 0b00cf01 10019 100 4334 2035716161 24417961 10013045
0b000301 0b00c501 10010 100 1551 2022131936 38048612 10012811
0b000f01 0b00cb01 10007 100 6748 2010231237 49955351 10013246
0b000701 0b00c401 10012 100 37493 2031284400 28903356 10015825
0b000601 0b00cc01 10014 100 1929 2036541122 23666598 10012842
0b000501 0b00cb01 10015 100 20942 2035803392 24421328 10014436
0b000801 0b00cf01 10013 100 28051 2045707755 14519695 10015035
0b000801 0b00cd01 10009 100 6753 2012194110 48064114 10013247
0b000401 0b00cb01 10006 100 72168 2020920218 39357773 10018733
0b000d01 0b00c301 10008 100 33714 2031179611 29148706 10015507
0b000b01 0b00c201 10008 100 73344 2032585333 27758766 10018831
0b000501 0b00c501 10003 100 1869 2014210954 46181559 10012837
0b000a01 0b00cc01 10005 100 14359 2012454230 47986220 10013886
0b000501 0b00c501 10007 100 4791 2032742760 27724059 10013082
0b000301 0b00c201 10010 100 497376 2019120492 41346339 10054382
0b000601 0b00cd01 10005 100 52809 2016458351 44019100 10017108
0b000801 0b00c401 10007 100 5070 2023075979 37402862 10013108
0b000001 0b00c501 10004 100 20248 2012482311 48027131 10014380
0b000501 0b00cd01 10010 100 12957 2018169743 42364827 10013766
0b000101 0b00c401 10012 100 2617 2045906377 14658804 10012900
0b000001 0b00c701 10017 100 55078 2031588558 28994988 10017301
0b000f01 0b00c901 10014 100 23951 2032288698 28297189 10014688
0b000c01 0b00c701 10004 100 95431 2018006132 42627647 10020683
0b000601 0b00cb01 10002 100 381398 2016172091 44471014 10044658
0b000a01 0b00c601 10010 100 12592 2033794267 26851507 10013737
0b000d01 0b00c201 10015 100 2270 2047861811 12790952 10012873
0b000c01 0b00c401 10005 100 790129 2008590080 52065883 10078927
0b000301 0b00c201 10013 100 45895 2033626860 27029611 10016528
0b000e01 0b00cd01 10011 100 62517 2029817121 30850650 10017923
0b000501 0b00c601 10003 100 43150 2009197230 51474944 10016300
0b000101 0b00c901 10010 100 57690 2031007691 29702160 10017517
0b000f01 0b00cb01 10020 100 2188 2047974556 12738613 10012866
0b000201 0b00c601 10006 100 180607 2010153964 50572912 10027823
0b000801 0b00c801 10020 100 451 2047415836 13320639 10012719
0b000c01 0b00c701 10012 100 81730 2042837099 17903721 10019533
0b000101 0b00cc01 10018 100 76947 2031421367 29322484 10019131
0b000b01 0b00cb01 10007 100 2265 2024391078 36367490 10012872
0b000901 0b00c601 10010 100 88141 2031475218 29296539 10020073
0b000601 0b00c501 10015 100 19887 2039572480 21227040 10014347
0b000101 0b00cd01 10018 100 53634 2043538686 17264958 10017178
0b000301 0b00c901 10005 100 183759 2012273551 48542647 10028087
0b000a01 0b00cc01 10011 100 22130 2034447511 26370932 10014538
0b000c01 0b00cd01 10014 100 739 2023207412 37621563 10012742
0b000a01 0b00c201 10002 100 1181202 2001983027 58857629 10111715
0b000201 0b00c601 10018 100 1239 2034306130 26535503 10012786
0b000e01 0b00ca01 10014 100 23091 2014017518 46824329 10014619
0b000201 0b00c301 10007 100 41222 2026269596 34576360 10016139
0b000e01 0b00c701 10012 100 107948 2037167473 23709574 10021730
0b000001 0b00c201 10005 100 181483 2019525330 41366778 10027897
0b000e01 0b00c801 10011 100 108090 2018695797 42200584 10021745
0b000601 0b00c401 10018 100 43319 2034525638 26382248 10016314
0b000601 0b00ce01 10007 100 26710 2023899573 37014927 10014920
0b000d01 0b00c201 10008 100 50948 2035388553 25546993 10016951
0b000d01 0b00cd01 10013 100 28545 2036407859 24553294 10015074
0b000201 0b00cd01 10010 100 8631 2012898009 48064561 10013405
0b000001 0b00c801 10022 100 27870 2045037220 15925504 10015017
0b000301 0b00cb01 10011 100 37242 2015933222 45047738 10015805
0b000901 0b00cf01 10012 100 34776 2033169098 27839854 10015596
0b000101 0b00cd01 10010 100 29901 2032778663 28239600 10015187
0b000601 0b00cf01 10008 100 22690 2022796698 38253498 10014583
0b000501 0b00c901 10009 100 20921 2019799644 41268179 10014434
0b000601 0b00c001 10011 100 46372 2034701791 26390790 10016570
0b000201 0b00ca01 10009 100 72824 2025360602 35738826 10018786
0b000801 0b00c201 10006 100 70270 2020732943 40382371 10018574
0b000b01 0b00cc01 10011 100 1993 2023765618 37354418 10012847
0b000101 0b00c001 10007 100 154380 2020052102 41090329 10025625
0b000901 0b00c401 10005 100 175700 2013997919 47152505 10027411
0b000a01 0b00ce01 10011 100 1567 2035827108 25328635 10012813
0b000d01 0b00c501 10004 100 36014 2010872791 50283826 10015703
0b000001 0b00c101 10005 100 57223 2020828407 40329087 10017480
0b000401 0b00c301 10020 100 11296 2036037733 25129155 10013629
0b000701 0b00c101 10006 100 2435 2021640087 39549193 10012886
0b000201 0b00ca01 10008 100 19179 2023285340 37944010 10014291
0b000401 0b00c701 10006 100 2220 2014883440 46356949 10012869
0b000101 0b00ce01 10008 100 39425 2022499746 38747114 10015987
0b000501 0b00c101 10004 100 111545 2009930844 51327932 10022033
0b000801 0b00c101 10020 100 2000 2046779796 14519667 10012847
0b000301 0b00c801 10020 100 70162 2045318858 16006659 10018565
0b000a01 0b00c301 10009 100 3987 2023894219 37438252 10013014
0b000d01 0b00cf01 10008 100 8911 2023699131 37639886 10013427
0b000801 0b00c501 10007 100 4979 2023976944 37382425 10013097
0b000701 0b00c701 10008 100 10118 2024950805 36438982 10013531
0b000201 0b00c501 10008 100 45166 2023495848 37897650 10016469
0b000c01 0b00c301 10010 100 39840 2044342149 17053533 10016020
0b000401 0b00c801 10007 100 23186 2022229744 39180305 10014627
0b000901 0b00cd01 10013 100 26520 2033789056 27649719 10014905
0b000901 0b00cd01 10005 100 25305 2017226667 44222506 10014804
0b000501 0b00c501 10014 100 52555 2042401146 19061134 10017087
0b000e01 0b00c401 10012 100 19903 2036208435 25260098 10014349
0b000601 0b00c901 10012 100 26250 2040136167 21357180 10014883
0b000101 0b00c001 10012 100 5208 2036048414 25452645 10013119
0b000a01 0b00c801 10022 100 885 2047028758 14477215 10012754
0b000201 0b00c401 10016 100 26772 2045732398 15782057 10014925
0b000001 0b00c701 10018 100 60712 2033874686 27644260 10017771
0b000a01 0b00c401 10005 100 39098 2016590717 44931182 10015961
0b000901 0b00ca01 10002 100 586048 2009946262 51609180 10061817
0b000701 0b00c701 10010 100 1066 2025775471 35784404 10012772
0b000001 0b00c701 10008 100 67381 2012010072 49558071 10018331
0b000301 0b00c501 10009 100 31215 2013237589 48336648 10015300
0b000801 0b00c701 10012 100 56700 2023667845 37918737 10017434
0b000f01 0b00c101 10009 100 120866 2023919682 37698298 10022813
0b000401 0b00cf01 10008 100 11940 2036602606 25021081 10013681
0b000f01 0b00ca01 10009 100 245116 2020840495 40799343 10033233
0b000c01 0b00ce01 10009 100 16053 2025228396 36411950 10014029
0b000601 0b00c401 10008 100 7160 2011890669 49751888 10013283
0b000001 0b00c001 10013 100 36916 2022170313 39478173 10015775
0b000301 0b00cf01 10012 100 63425 2033848372 27821482 10017999
0b000401 0b00c601 10009 100 24924 2023302001 38374812 10014769
0b000001 0b00c801 10015 100 124384 2031064106 30615188 10023110
0b000601 0b00c301 10016 100 51341 2034656861 27039461 10016986
0b000201 0b00c701 10013 100 64827 2035770802 25936798 10018115
0b000d01 0b00cd01 10015 100 67834 2038442616 23276367 10018367
0b000101 0b00c601 10006 100 33259 2013144768 48585619 10015471
0b000201 0b00ca01 10005 100 23692 2017209182 44539249 10014667
0b000401 0b00cb01 10013 100 553 2041587142 20161415 10012728
0b000a01 0b00c301 10011 100 9055 2026447298 35344662 10013442
0b000901 0b00c801 10013 100 810 2036362870 25429481 10012748
0b000801 0b00c801 10012 100 411990 2025723415 36074010 10047221
0b000101 0b00ca01 10004 100 26817 2013806116 47998299 10014929
0b000e01 0b00ca01 10007 100 61883 2009708827 52115512 10017868
0b000d01 0b00ca01 10005 100 59005 2032459583 29368090 10017630
0b000201 0b00cf01 10012 100 44396 2033142848 28689302 10016404
0b000101 0b00c401 10009 100 31452 2033367047 28466681 10015319
0b000b01 0b00c101 10008 100 8672 2036163168 25691521 10013408
0b000201 0b00cd01 10022 100 2097 2036611494 25276310 10012859
0b000101 0b00c301 10005 100 795916 2009832341 52060619 10079409
0b000801 0b00c701 10016 100 59342 2033340341 28556536 10017657
0b000f01 0b00c701 10014 100 9016 2038101708 23821722 10013439
0b000701 0b00c601 10011 100 3628 2029769029 32201197 10012985
0b000b01 0b00cf01 10009 100 25299 2028031436 33940770 10014803
0b000e01 0b00ca01 10010 100 48221 2010990245 50982795 10016725
0b000801 0b00c601 10010 100 27047 2035651275 26347585 10014951
0b000001 0b00cd01 10015 100 23399 2034365901 27661024 10014644
0b000001 0b00c401 10011 100 54661 2033072223 28960805 10017264
0b000e01 0b00ca01 10025 100 1265 2034471845 27563646 10012788
0b000801 0b00c701 10011 100 521777 2018253221 43789586 10056426
0b000401 0b00cd01 10015 100 48488 2040147462 21943038 10016747
0b000301 0b00ce01 10013 100 38209 2033809863 28286420 10015886
0b000201 0b00cc01 10008 100 60765 2013396547 48700302 10017775
0b000201 0b00c201 10006 100 28560 2013981867 48115091 10015076
0b000b01 0b00c301 10011 100 20977 2046743666 15394794 10014438
0b000201 0b00c201 10008 100 17467 2023238559 38910112 10014146
0b000601 0b00c401 10017 100 78125 2033891743 28295602 10019233
0b000001 0b00c001 10022 100 23782 2039873048 22316989 10014674
0b000001 0b00cf01 10010 100 1759 2027055701 35137037 10012828
0b000101 0b00c801 10012 100 56945 2037380578 24820392 10017454
0b000d01 0b00cf01 10020 100 9821 2037586639 24618547 10013504
0b000b01 0b00cb01 10006 100 193047 2022884116 39323244 10028868
0b000f01 0b00c201 10011 100 29912 2023891906 38353535 10015188
0b000001 0b00cb01 10012 100 31861 2034272230 27989608 10015351
0b000401 0b00cf01 10007 100 22486 2036500553 25773866 10014567
0b000301 0b00c701 10007 100 25914 2026201753 36105120 10014852
0b000101 0b00c301 10017 100 34829 2045491873 16854150 10015600
0b000401 0b00c901 10008 100 369544 2017846861 44511453 10043664
0b000801 0b00c801 10022 100 16869 2048229462 14137994 10014094
0b000201 0b00ce01 10011 100 531 2023968748 38405366 10012726
0b000401 0b00ce01 10013 100 32100 2033106666 29298666 10015374
0b000901 0b00c601 10005 100 534024 2013973083 48462975 10057456
0b000c01 0b00ce01 10013 100 4039 2038013228 24425890 10013022
0b000401 0b00cd01 10014 100 1792 2034854260 27606759 10012831
0b000e01 0b00c101 10008 100 273886 2022672424 39789357 10035643
0b000901 0b00cc01 10011 100 80576 2032447166 30031887 10019437
0b000d01 0b00c701 10010 100 70977 2025187194 37311154 10018630
0b000c01 0b00c501 10013 100 168463 2027952133 34550718 10026806
0b000201 0b00cb01 10008 100 1236 2025397089 37121199 10012786
0b000501 0b00ca01 10014 100 4152 2040498060 22041833 10013031
0b000d01 0b00c301 10007 100 61264 2024715571 37866087 10017819
0b000f01 0b00c701 10011 100 1609 2035064213 27560851 10012816
0b000901 0b00cd01 10011 100 111554 2032234875 30394509 10022034
0b000d01 0b00c201 10007 100 65981 2032849254 29792623 10018211
0b000601 0b00c301 10007 100 74751 2011989199 50656738 10018948
0b000f01 0b00c201 10015 100 125357 2031696860 30956890 10023192
0b000501 0b00c201 10015 100 53601 2044318876 18389090 10017175
0b000e01 0b00cc01 10012 100 137596 2027016122 35756528 10024217
0b000801 0b00c201 10005 100 9031 2018513142 44268481 10013440
0b000901 0b00c201 10010 100 37028 2026218888 36571142 10015788
0b000201 0b00cf01 10016 100 26496 2038895076 23906235 10014903
0b000e01 0b00ca01 10013 100 168127 2012899180 49912918 10026779
0b000001 0b00c601 10004 100 9255 2014491447 48329547 10013458
0b000e01 0b00ce01 10016 100 2611 2034821544 28007466 10012900
0b000e01 0b00ce01 10009 100 5888 2020368540 42464203 10013174
0b000b01 0b00c901 10007 100 189610 2016076229 46770355 10028578
0b000901 0b00c301 10007 100 237469 2014445032 48402723 10032591
0b000e01 0b00cf01 10007 100 20044 2022623213 40225425 10014364
0b000e01 0b00c801 10016 100 23383 2036885669 25986420 10014642
0b000901 0b00c501 10014 100 20991 2027798456 35103676 10014439
0b000801 0b00c901 10008 100 23177 2028790335 34122162 10014626
0b000b01 0b00cc01 10018 100 42584 2035161855 27753534 10016251
0b000701 0b00cc01 10010 100 54043 2033777664 29138634 10017214
0b000c01 0b00c901 10015 100 5801 2047264084 15660385 10013167
0b000601 0b00c401 10019 100 109511 2035521244 27417200 10021863
0b000d01 0b00c701 10019 100 589 2050317590 12628866 10012730
0b000401 0b00c601 10003 100 53324 2011855549 51100459 10017153
0b000801 0b00c701 10017 100 161 2037630127 25365584 10012696
0b000801 0b00ce01 10014 100 4041 2036600230 26412955 10013022
0b000601 0b00cd01 10015 100 2746 2039217358 23816865 10012911
0b000501 0b00c701 10015 100 4034 2034095853 28938614 10013021
0b000601 0b00cf01 10000 100 1368919 2002021693 61023183 10127450
0b000501 0b00c501 10011 100 23730 2040975029 22070662 10014670
0b000101 0b00c501 10015 100 9333 2035732401 27314299 10013465
0b000501 0b00c301 10013 100 5803 2035078212 27970382 10013167
0b000801 0b00c001 10003 100 825073 2011615127 51437798 10081857
0b000001 0b00cf01 10004 100 66727 2013330718 49755458 10018275
0b000d01 0b00c701 10004 100 25172 2013091826 50002307 10014793
0b000601 0b00cd01 10022 100 6268 2050606217 12495023 10013208
0b000101 0b00c501 10013 100 59018 2033044654 30071709 10017631
0b000301 0b00c701 10012 100 42831 2047342996 15781133 10016271
0b000f01 0b00c201 10019 100 5507 2035514280 27614825 10013143
0b000501 0b00c501 10005 100 44533 2023678181 39465858 10016415
0b000501 0b00c001 10017 100 6103 2025502921 37641434 10013195
0b000b01 0b00c901 10016 100 27726 2047483263 15692007 10015005
0b000401 0b00c301 10007 100 72689 2012286730 50889849 10018775
0b000c01 0b00c401 10018 100 62930 2036417649 26759666 10017956
0b000501 0b00c801 10011 100 7881 2035525391 27660263 10013341
0b000001 0b00c601 10011 100 55392 2022500710 40703181 10017326
0b000701 0b00c601 10014 100 47498 2033941749 29296311 10016664
0b000c01 0b00c901 10007 100 72799 2016132572 47155236 10018784
0b000a01 0b00c501 10010 100 75666 2034511844 28777911 10019025
0b000f01 0b00c401 10011 100 140490 2035304510 28003941 10024460
0b000e01 0b00c301 10016 100 69878 2031898076 31421438 10018539
0b000401 0b00c801 10006 100 25576 2021714741 41607341 10014825
0b000901 0b00ca01 10014 100 20293 2025299094 38027086 10014384
0b000c01 0b00c701 10001 100 26393 2012970088 50429601 10014895
0b000d01 0b00c001 10016 100 50093 2045994412 17432815 10016883
0b000201 0b00cc01 10011 100 50266 2023377913 40059830 10016897
0b000b01 0b00c501 10012 100 40194 2036629408 26828510 10016052
0b000e01 0b00cb01 10012 100 7711 2039593761 23871280 10013327
0b000501 0b00ce01 10013 100 20459 2037537550 25961181 10014397
0b000001 0b00cd01 10017 100 64318 2037716184 25790562 10018075
0b000a01 0b00c701 10009 100 14637 2025798634 37714346 10013908
0b000c01 0b00c101 10009 100 25072 2046365583 17150199 10014785
0b000401 0b00ce01 10015 100 35667 2034533059 28990223 10015671
0b000601 0b00c601 10019 100 135548 2037591702 25935926 10024046
0b000d01 0b00c501 10009 100 23635 2034757400 28813780 10014662
0b000101 0b00cd01 10006 100 7093 2019978582 43627015 10013278
0b000b01 0b00c001 10010 100 679906 2021392667 42236385 10069683
0b000001 0b00c401 10012 100 20566 2036290324 27378193 10014405
0b000c01 0b00c901 10005 100 65204 2012568319 51100644 10018149
0b000201 0b00c601 10010 100 38912 2015290070 48398642 10015942
0b000701 0b00c801 10007 100 430378 2033620058 30080189 10048765
0b000101 0b00c901 10009 100 35235 2025752036 37953462 10015637
0b000b01 0b00c301 10005 100 26370 2036376579 27333089 10014893
0b000f01 0b00c301 10007 100 74570 2013111336 50601294 10018933
0b000b01 0b00c601 10009 100 21192 2025938414 37781280 10014459
0b000101 0b00c501 10016 100 42068 2036009297 27839290 10016210
0b000b01 0b00c401 10018 100 9534 2038110613 25742882 10013481
0b000801 0b00ca01 10016 100 20363 2037762186 26116194 10014389
0b000f01 0b00ca01 10014 100 26260 2030874405 33006286 10014884
0b000401 0b00c701 10008 100 56936 2021103325 42805019 10017453
0b000301 0b00c301 10012 100 332376 2024971035 38944894 10040548
0b000b01 0b00c901 10011 100 172951 2032545085 31395136 10027180
0b000901 0b00cc01 10013 100 9781 2041086221 22868068 10013500
0b000901 0b00c801 10011 100 92313 2033292137 30684251 10020422
0b000201 0b00c701 10006 100 13565 2015601800 48414476 10013818
0b000901 0b00c201 10013 100 65681 2034549807 29469721 10018187
0b000201 0b00c701 10008 100 21778 2016145090 47922635 10014506
0b000f01 0b00c501 10009 100 8582 2039419380 24654785 10013401
0b000701 0b00c901 10014 100 73209 2046143482 17943101 10018820
0b000f01 0b00c901 10020 100 59986 2049049677 15044766 10017709
0b000d01 0b00c001 10015 100 39744 2041467284 22630386 10016013
0b000a01 0b00c901 10007 100 38953 2018813092 45294897 10015946
0b000701 0b00c701 10012 100 430113 2033262382 30995647 10048744
0b000201 0b00cd01 10017 100 72513 2028386661 35901875 10018761
0b000701 0b00c801 10005 100 42979 2023434657 40856383 10016283
0b000801 0b00c501 10013 100 47178 2036304987 27995082 10016638
0b000601 0b00cf01 10015 100 23384 2037981981 26333239 10014642
0b000801 0b00cc01 10021 100 34233 2049278727 15038168 10015553
0b000f01 0b00c901 10011 100 1418 2026772633 37546001 10012801
0b000801 0b00c401 10016 100 8849 2049350748 14992363 10013422
0b000d01 0b00ca01 10008 100 54570 2038516217 25861215 10017256
0b000601 0b00cd01 10020 100 26549 2042147676 22233120 10014907
0b000701 0b00ce01 10008 100 9007 2032206648 32209987 10013438
0b000401 0b00ce01 10016 100 1714 2036298701 28124226 10012824
0b000d01 0b00cf01 10007 100 74162 2022823487 41621005 10018900
0b000301 0b00c801 10022 100 34677 2049502107 14974543 10015588
0b000601 0b00cf01 10006 100 470595 2017653634 46831621 10052136
0b000501 0b00c401 10003 100 60548 2017753782 46740744 10017758
0b000301 0b00c901 10010 100 2142 2037827002 26695067 10012862
0b000e01 0b00c001 10007 100 75421 2015167053 49365483 10019005
0b000d01 0b00c101 10005 100 131830 2035537714 29023943 10023733
0b000e01 0b00c301 10011 100 13275 2021984305 42590051 10013795
0b000e01 0b00c101 10003 100 570631 2007941939 56653734 10060523
0b000101 0b00c201 10009 100 9985 2029030768 35566549 10013517
0b000701 0b00c801 10006 100 21452 2024431980 40272303 10014480
0b000501 0b00cc01 10012 100 27829 2023050350 41667493 10015013
0b000c01 0b00cb01 10008 100 162029 2023635705 41087877 10026268
0b000d01 0b00cf01 10010 100 7222 2028318962 36417610 10013288
0b000b01 0b00c401 10024 100 67268 2047356247 17391425 10018322
0b000901 0b00cd01 10009 100 25998 2026659358 38096881 10014859
0b000e01 0b00c301 10014 100 6776 2026924671 37852084 10013248
0b000801 0b00c501 10006 100 73140 2014917861 49862272 10018815
0b000201 0b00cf01 10018 100 4714 2039376686 25405522 10013076
0b000401 0b00c301 10011 100 162481 2021475591 43334260 10026304
0b000c01 0b00cf01 10018 100 5373 2036552213 28296908 10013132
0b000101 0b00ce01 10005 100 64731 2018725262 46138888 10018108
0b000001 0b00cc01 10011 100 50959 2024347242 40529333 10016952
0b000201 0b00cb01 10006 100 69517 2019447469 45437331 10018510
0b000501 0b00c001 10001 100 1357401 2001974376 62945066 10126486
0b000001 0b00c801 10018 100 15702 2038999919 25919732 10013997
0b000301 0b00c101 10011 100 18459 2016425503 48509819 10014229
0b000601 0b00c901 10013 100 7337 2040550994 24388290 10013297
0b000801 0b00c301 10010 100 28885 2020643878 44312864 10015102
0b000101 0b00ce01 10006 100 59583 2018901259 46066738 10017677
0b000d01 0b00cc01 10005 100 25091 2031672761 33324060 10014787
0b000201 0b00c801 10005 100 7714 2021437308 43561599 10013327
0b000901 0b00cb01 10011 100 55077 2041074082 23941257 10017301
0b000e01 0b00c301 10017 100 72454 2033378476 31638331 10018756
0b000401 0b00c201 10012 100 3124 2027513250 37505524 10012945
0b000a01 0b00c501 10008 100 68942 2026431759 38601109 10018460
0b000d01 0b00c101 10009 100 20454 2048970949 16127912 10014396
0b000b01 0b00c601 10017 100 43944 2042027628 23087433 10016364
0b000b01 0b00cd01 10005 100 603063 2023381340 41762322 10063244
0b000301 0b00c401 10012 100 29105 2050426614 14717296 10015123
0b000001 0b00c201 10004 100 46300 2016292124 48852994 10016564
0b000b01 0b00c701 10009 100 21054 2026175294 38973212 10014448
0b000e01 0b00c301 10007 100 56313 2016239655 48913490 10017403
0b000801 0b00ce01 10016 100 6632 2039532598 25628159 10013237
0b000d01 0b00c301 10015 100 6839 2044339552 20847967 10013254
0b000001 0b00c801 10009 100 43086 2020254666 44939976 10016295
0b000201 0b00cf01 10019 100 55150 2039523450 25685258 10017307
0b000101 0b00c101 10020 100 11980 2050944793 14265408 10013684
0b000901 0b00c401 10006 100 6241 2017487491 47736389 10013206
0b000401 0b00c601 10017 100 23853 2043144177 22081647 10014680
0b000a01 0b00ce01 10010 100 79527 2035276286 29953468 10019349
0b000f01 0b00c701 10006 100 41069 2024253106 40976985 10016126
0b000d01 0b00cf01 10004 100 70060 2014563184 50669665 10018557
0b000c01 0b00cb01 10015 100 6465 2036958815 28289500 10013224
0b000001 0b00c301 10006 100 50930 2037676187 27576596 10016950
0b000a01 0b00cd01 10010 100 66090 2035904939 29363122 10018224
0b000201 0b00c601 10017 100 26860 2031116518 34195644 10014932
0b000a01 0b00ca01 10007 100 26789 2027955034 37367443 10014926
0b000b01 0b00c201 10003 100 847473 2016757686 48578869 10083734
0b000d01 0b00cb01 10017 100 85977 2040911574 24439262 10019888
0b000301 0b00c101 10018 100 73876 2036972340 28400531 10018874
0b000901 0b00cc01 10006 100 54881 2020606166 44790475 10017281
0b000901 0b00cb01 10007 100 78272 2025985144 39443699 10019245
0b000d01 0b00c201 10009 100 60747 2035776166 29692376 10017774
0b000501 0b00c001 10009 100 949945 2008290719 57190110 10092323
0b000c01 0b00c001 10008 100 3548 2029185700 36296417 10012979
0b000101 0b00c001 10009 100 61463 2027392850 38112323 10017835
0b000101 0b00c501 10019 100 587 2040500409 25042484 10012730
0b000c01 0b00ce01 10012 100 13065 2037209298 28353407 10013778
0b000001 0b00ce01 10008 100 5126 2017333788 48248685 10013113
0b000001 0b00c001 10021 100 20390 2039476382 26107920 10014391
0b000801 0b00c001 10005 100 6664 2017950288 47681608 10013240
0b000901 0b00c501 10016 100 151868 2033382323 32305798 10025413
0b000001 0b00c501 10011 100 68378 2029371961 36318578 10018415
0b000401 0b00c301 10017 100 28471 2035585336 30107571 10015069
0b000301 0b00c801 10015 100 14007 2038506764 27206111 10013858
0b000b01 0b00cc01 10006 100 753554 2009119628 56643382 10075859
0b000001 0b00c001 10015 100 228993 2029089737 36735230 10031878
0b000d01 0b00cf01 10018 100 68811 2035445649 30386315 10018449
0b000501 0b00cf01 10017 100 40429 2050947486 14898183 10016071
0b000201 0b00c601 10011 100 350844 2017231073 48629483 10042095
0b000701 0b00c601 10008 100 79288 2023572397 42327781 10019330
0b000f01 0b00c201 10021 100 75535 2036639545 29278882 10019014
0b000d01 0b00c301 10013 100 5032 2041315501 24623598 10013105
0b000501 0b00c101 10013 100 1881 2040608001 25349096 10012838
0b000401 0b00c101 10020 100 3916 2049650973 16326956 10013008
0b000901 0b00cc01 10005 100 8635 2017843948 48146349 10013405
0b000201 0b00c901 10012 100 12801 2030453302 35545175 10013754
0b000b01 0b00c601 10016 100 54924 2037484924 28542775 10017285
0b000101 0b00cf01 10018 100 115159 2032465479 33590353 10022338
0b000b01 0b00c701 10008 100 606990 2022131299 43924999 10063570
0b000f01 0b00cf01 10006 100 1759 2030542029 35518435 10012828
0b000001 0b00c501 10024 100 15647 2050871117 15195231 10013993
0b000001 0b00c301 10004 100 12654 2017655303 48446388 10013742
0b000b01 0b00ca01 10013 100 45331 2027679109 38430846 10016483
0b000401 0b00c101 10010 100 5274 2029195983 36916765 10013124
0b000b01 0b00c401 10013 100 72519 2028688081 37439158 10018761
0b000201 0b00c501 10006 100 13489 2018306185 47822462 10013812
0b000801 0b00cc01 10006 100 144219 2018213445 47933664 10024774
0b000601 0b00c201 10007 100 1411 2028428818 37751178 10012800
0b000c01 0b00c301 10005 100 31610 2028203637 37990484 10015331
0b000d01 0b00c301 10001 100 145606 2014093458 52147700 10024889
0b000f01 0b00ce01 10014 100 5324 2038655799 27612924 10013128
0b000601 0b00c601 10005 100 474126 2006466867 59802287 10052434
0b000001 0b00c701 10021 100 22516 2038597387 27677338 10014569
0b000c01 0b00cb01 10017 100 74337 2038886285 27397236 10018914
0b000401 0b00cb01 10004 100 49533 2014174254 52129995 10016834
0b000b01 0b00c001 10016 100 9171 2040605620 25708198 10013452
0b000001 0b00c901 10020 100 46744 2041300233 25037984 10016600
0b000401 0b00c801 10004 100 173646 2015489044 50861393 10027239
0b000101 0b00c101 10017 100 2741 2039496680 26863460 10012910
0b000601 0b00ce01 10010 100 3548 2038599183 27795685 10012979
0b000d01 0b00c001 10013 100 45462 2040045860 26362208 10016493
0b000601 0b00c001 10016 100 109667 2041544002 24866476 10021875
0b000401 0b00c601 10010 100 5178 2026498897 39915314 10013117
0b000101 0b00cf01 10020 100 41186 2037032217 29405406 10016136
0b000501 0b00c301 10015 100 74844 2041385282 25056981 10018955
0b000501 0b00c201 10014 100 1186 2038066902 28387337 10012782
0b000b01 0b00cf01 10012 100 15743 2039484674 26983359 10014000
0b000b01 0b00c701 10006 100 8611 2018465810 48066181 10013403
0b000101 0b00c501 10011 100 58517 2029042287 37508187 10017587
0b000f01 0b00c701 10010 100 22321 2033741603 32840125 10014554
0b000d01 0b00cb01 10019 100 69836 2042870762 23726974 10018535
0b000301 0b00c201 10015 100 66154 2038446630 28189041 10018229
0b000901 0b00cf01 10015 100 21102 2043066725 23574273 10014452
0b000001 0b00c801 10008 100 9710 2018308817 48359255 10013495
0b000201 0b00cf01 10011 100 180748 2031410134 35269880 10027834
0b000901 0b00c901 10019 100 25723 2039144013 27543987 10014837
0b000901 0b00cc01 10015 100 492 2053263312 13431834 10012723
0b000a01 0b00cc01 10013 100 77713 2040735592 25963734 10019196
0b000401 0b00c401 10003 100 43478 2018544466 48160932 10016327
0b000401 0b00cb01 10009 100 19806 2029747830 36981075 10014341
0b000901 0b00c001 10019 100 1072 2052234265 14500157 10012773
0b000001 0b00ce01 10017 100 19891 2040756855 26043633 10014348
0b000101 0b00c201 10007 100 70744 2020894045 45906830 10018612
0b000601 0b00cc01 10008 100 10131 2020777863 46039202 10013532
0b000e01 0b00c801 10010 100 59661 2018465205 48354512 10017683
0b000c01 0b00c601 10003 100 67089 2017972926 48849917 10018308
0b000401 0b00c101 10017 100 4891 2042380821 24457098 10013090
0b000d01 0b00ce01 10010 100 290846 2020159699 46698877 10037065
0b000901 0b00c701 10011 100 718296 2016402534 50456399 10072904
0b000301 0b00c101 10006 100 934572 2004933864 61930468 10091036
0b000401 0b00c501 10010 100 46763 2032066244 34799712 10016601
0b000901 0b00c601 10015 100 2545 2052327583 14554074 10012895
0b000f01 0b00c401 10012 100 3686 2039337688 27557698 10012990
0b000801 0b00c601 10007 100 199524 2026519792 40401750 10029409
0b000301 0b00ce01 10015 100 74638 2036943984 29979787 10018939
0b000301 0b00c301 10015 100 66671 2037315167 29608906 10018270
0b000501 0b00c801 10014 100 19423 2041954597 25027058 10014310
0b000801 0b00c501 10021 100 3184 2052423402 14590021 10012950
0b000201 0b00c701 10009 100 19501 2029096926 37917719 10014316
0b000901 0b00c101 10005 100 13978 2028147408 38870236 10013852
0b000e01 0b00c901 10011 100 26635 2031305522 35725588 10014914
0b000e01 0b00c401 10013 100 25791 2041644064 25416713 10014843
0b000a01 0b00c501 10013 100 28174 2040549618 26532580 10015045
0b000f01 0b00c801 10017 100 65675 2049274028 17830869 10018187
0b000b01 0b00c101 10010 100 79756 2048965096 18140521 10019367
0b000a01 0b00c501 10005 100 27726 2018301616 48806158 10015005
0b000801 0b00ce01 10017 100 27520 2040760870 26347826 10014989
0b000901 0b00c201 10008 100 23015 2019191066 47933189 10014613
0b000501 0b00c801 10013 100 30824 2040419018 26720782 10015264
0b000001 0b00c401 10014 100 47293 2039680267 27494225 10016647
0b000b01 0b00c101 10007 100 28592 2029949374 37230911 10015078
0b000901 0b00cd01 10006 100 49437 2021667073 45519837 10016826
0b000401 0b00c501 10008 100 27902 2029665692 37535616 10015019
0b000b01 0b00c701 10005 100 898741 2017136513 50065258 10088031
0b000f01 0b00c201 10014 100 1331 2031040226 36205197 10012794
0b000501 0b00ce01 10016 100 36820 2040779947 26473191 10015767
0b000401 0b00cd01 10001 100 1458709 2002049529 65208820 10134979
0b000d01 0b00c401 10016 100 3399 2051908522 15360087 10012967
0b000a01 0b00c801 10010 100 50621 2018445416 48851962 10016925
0b000601 0b00c301 10019 100 53531 2036185575 31123833 10017169
0b000301 0b00ce01 10010 100 29381 2027801236 39512298 10015145
0b000801 0b00cc01 10015 100 38386 2039466979 27897995 10015900
0b000001 0b00c201 10009 100 28554 2030929501 36436114 10015075
0b000801 0b00c301 10009 100 344497 2018050115 49326863 10041564
0b000001 0b00cb01 10009 100 60430 2029577556 37823546 10017748
0b000a01 0b00c801 10011 100 38101 2018827503 48586873 10015877
0b000b01 0b00c401 10006 100 438392 2011701984 55719596 10049437
0b000201 0b00c501 10012 100 151997 2034359035 33066250 10025423
0b000701 0b00c401 10011 100 1949 2031196673 36253246 10012843
0b000a01 0b00cf01 10006 100 744931 2015403763 52056318 10075135
0b000f01 0b00ca01 10007 100 25370 2017661824 49866254 10014809
0b000201 0b00c901 10013 100 28686 2031736527 35808080 10015086
0b000301 0b00c901 10016 100 38151 2051793332 15754555 10015881
0b000601 0b00c501 10019 100 3998 2047263373 20288591 10013015
0b000801 0b00c101 10018 100 26232 2040135990 27473596 10014882
0b000301 0b00ce01 10011 100 35323 2028951570 38679782 10015644
0b000001 0b00cc01 10008 100 2124 2020227758 47411952 10012861
0b000701 0b00cf01 10014 100 9031 2055285252 12404990 10013440
0b000c01 0b00c801 10015 100 5780 2042787532 24920755 10013165
0b000f01 0b00cf01 10011 100 31152 2039388151 28336070 10015295
0b000b01 0b00c301 10010 100 4543 2046266621 21479537 10013062
0b000601 0b00ca01 10016 100 68998 2047015989 20741444 10018464
0b000d01 0b00cd01 10016 100 7124 2043004782 24789152 10013280
0b000a01 0b00c501 10009 100 73856 2027007927 40860199 10018872
0b000801 0b00cd01 10017 100 1552 2045292428 22578468 10012811
0b000001 0b00c001 10012 100 596586 2016441136 51434614 10062699
0b000701 0b00ca01 10014 100 147592 2038942162 28953502 10025055
0b000801 0b00cd01 10016 100 13632 2040996701 26904486 10013824
0b000601 0b00c701 10009 100 47132 2027661176 40240558 10016634
0b000301 0b00c001 10002 100 667293 2010409226 57514451 10068628
0b000701 0b00c201 10010 100 67449 2031831368 36105645 10018337
0b000601 0b00c601 10022 100 23897 2041359824 26603738 10014683
0b000301 0b00c901 10013 100 56115 2044450292 23526625 10017388
0b000101 0b00ca01 10006 100 6662 2020437841 47580283 10013239
0b000e01 0b00c901 10016 100 7765 2043156644 24898636 10013331
0b000601 0b00c801 10012 100 14912 2042350474 25707410 10013930
0b000101 0b00c501 10012 100 192948 2029938630 38171257 10028856
0b000201 0b00cf01 10021 100 12375 2044899401 23237505 10013719
0b000801 0b00c301 10015 100 335 2030931685 37240271 10012710
0b000701 0b00cd01 10011 100 10870 2028243049 40010776 10013591
0b000901 0b00c601 10016 100 3913 2054718069 13558286 10013008
0b000001 0b00cb01 10015 100 10064 2041255905 27063597 10013527
0b000d01 0b00c701 10015 100 38755 2039402217 28926340 10015930
0b000e01 0b00ca01 10024 100 130379 2032906617 35430257 10023613
0b000301 0b00c301 10020 100 153721 2047972735 20392350 10025569
0b000601 0b00c601 10021 100 20688 2039753365 28617676 10014415
0b000001 0b00c001 10017 100 185 2031934951 36448415 10012698
0b000a01 0b00c701 10003 100 687029 2007473285 60911153 10070284
0b000301 0b00c801 10018 100 40306 2041515618 26886297 10016061
0b000a01 0b00c201 10014 100 42483 2023797499 44680603 10016243
0b000701 0b00cc01 10013 100 73863 2042568205 25920814 10018873
0b000901 0b00ca01 10010 100 42863 2019978570 48511612 10016274
0b000001 0b00cd01 10005 100 752325 2009964253 58541258 10075757
0b000201 0b00cd01 10020 100 4509 2033890575 34691824 10013059
0b000301 0b00cb01 10027 100 8951 2046991182 21597466 10013430
0b000201 0b00cc01 10010 100 2474 2021192972 47397265 10012889
0b000e01 0b00ca01 10004 100 623064 2008097597 60538370 10064921
0b000301 0b00ca01 10018 100 59008 2039197210 29443953 10017631
0b000201 0b00c901 10016 100 29359 2040343544 28302092 10015143
0b000001 0b00c901 10018 100 66637 2038684747 29981247 10018268
0b000601 0b00cf01 10009 100 25604 2025742511 42925497 10014828
0b000301 0b00cb01 10026 100 8011 2045991526 22700462 10013355
0b000801 0b00cc01 10000 100 4750865 2001077992 67662607 10410993
0b000801 0b00c201 10013 100 20073 2041465769 27275837 10014366
0b000601 0b00c601 10013 100 31273 2021748849 46997413 10015304
0b000001 0b00c301 10014 100 15058 2053698566 15058455 10013946
0b000c01 0b00ce01 10011 100 203883 2033916942 34845914 10029774
0b000701 0b00c301 10018 100 20731 2040729043 28056136 10014419
0b000a01 0b00cc01 10015 100 39014 2041819884 26971798 10015954
0b000901 0b00c501 10018 100 17182 2041615784 27188745 10014123
0b000001 0b00ce01 10020 100 27465 2045855695 22971482 10014984
0b000701 0b00cb01 10009 100 20729 2018502495 50355240 10014418
0b000401 0b00ca01 10007 100 3037 2019262357 49609379 10012938
0b000401 0b00c801 10011 100 39682 2038291244 30587591 10016008
0b000b01 0b00cd01 10012 100 191040 2046439202 22445575 10028700
0b000101 0b00c001 10017 100 17110 2053812698 15106238 10014117
0b000601 0b00cd01 10019 100 50 2041414269 27531114 10012687
0b000101 0b00c501 10018 100 41790 2039643159 29324972 10016184
0b000d01 0b00c701 10017 100 11965 2044078067 24947033 10013683
0b000001 0b00cb01 10014 100 60973 2040860797 28206863 10017792
0b000801 0b00ca01 10020 100 22286 2045567063 23502621 10014551
0b000401 0b00ce01 10009 100 17653 2025691428 43381777 10014161
0b000301 0b00cb01 10015 100 381813 2026206222 42875458 10044691
0b000c01 0b00c101 10006 100 81018 2037530080 31561892 10019476
0b000601 0b00c401 10016 100 57662 2032688810 36440743 10017515
0b000401 0b00c901 10014 100 78237 2040080220 29061375 10019242
0b000701 0b00c401 10015 100 5572 2044745085 24401160 10013148
0b000201 0b00c601 10021 100 43568 2040068302 29113719 10016334
0b000701 0b00cc01 10012 100 76885 2042500963 26693492 10019126
0b000701 0b00ca01 10010 100 45474 2021975405 47233267 10016494
0b000a01 0b00c701 10025 100 8437 2054260945 14957402 10013389
0b000c01 0b00cf01 10014 100 136627 2028633203 40598525 10024136
0b000801 0b00c301 10018 100 75022 2040905046 28341285 10018973
0b000001 0b00c701 10013 100 66837 2023351336 45906954 10018284
0b000401 0b00c901 10017 100 9289 2044754675 24511667 10013461
0b000f01 0b00c901 10009 100 4319 2019643321 49661056 10013044
0b000b01 0b00c401 10008 100 857914 2018282587 51044012 10084607
0b000b01 0b00c001 10020 100 2541 2047979864 21355425 10012894
0b000201 0b00c601 10014 100 13759 2025735735 43663445 10013834
0b000e01 0b00c401 10009 100 29502 2033370689 36031957 10015155
0b000101 0b00c101 10011 100 24635 2031062367 38361193 10014746
0b000c01 0b00cf01 10015 100 77651 2030206064 39224290 10019191
0b000d01 0b00ce01 10012 100 57033 2028413748 41017849 10017465
0b000101 0b00c501 10021 100 7577 2043786547 25648432 10013316
0b000c01 0b00c601 10015 100 29920 2040329594 29113440 10015188
0b000701 0b00c201 10014 100 16686 2041211093 28274165 10014080
0b000f01 0b00c501 10007 100 157820 2028566951 40918857 10025912
0b000101 0b00c901 10007 100 45658 2024618800 44872628 10016509
0b000101 0b00c101 10013 100 15340 2032132717 37366622 10013968
0b000501 0b00c601 10011 100 63167 2042269603 27246535 10017979
0b000201 0b00cf01 10010 100 110919 2028634235 40917688 10021979
0b000e01 0b00c801 10015 100 23699 2032456700 37107607 10014668
0b000401 0b00cd01 10011 100 17483 2019329246 50235452 10014147
0b000901 0b00cb01 10013 100 6409 2044110487 25468296 10013219
0b000301 0b00c301 10018 100 11068 2044017290 25563372 10013611
0b000301 0b00c301 10019 100 9538 2047920367 21666746 10013481
0b000c01 0b00ca01 10013 100 38889 2046511596 23083824 10015940
0b000501 0b00ce01 10018 100 12962 2044572989 25023752 10013766
0b000e01 0b00c301 10005 100 594947 2008561610 61036845 10062560
0b000b01 0b00c801 10014 100 66635 2045416260 24186809 10018268
0b000801 0b00c601 10011 100 125976 2038209950 31412457 10023241
0b000001 0b00c901 10022 100 57502 2044957373 24667092 10017502
0b000501 0b00c601 10015 100 98838 2052391109 17233502 10020967
0b000f01 0b00ca01 10015 100 24227 2032694798 36940906 10014714
0b000301 0b00c901 10007 100 24207 2024411726 45232748 10014712
0b000801 0b00c101 10011 100 61984 2019458860 50195788 10017876
0b000001 0b00cb01 10008 100 466 2022310878 47347347 10012721
0b000901 0b00c601 10013 100 145838 2047723631 21951320 10024907
0b000701 0b00ce01 10014 100 32401 2044464285 25217697 10015398
0b000601 0b00c801 10006 100 409559 2020325151 49389439 10047019
0b000b01 0b00cc01 10015 100 64776 2031369860 38369379 10018111
0b000401 0b00c901 10012 100 49541 2025284635 44466280 10016835
0b000201 0b00cf01 10009 100 417940 2020506738 49245991 10047720
0b000601 0b00c301 10014 100 41287 2030198151 39559813 10016144
0b000a01 0b00c201 10022 100 78251 2051055901 18754843 10019243
0b000201 0b00ce01 10024 100 51117 2041889247 27957310 10016969
0b000701 0b00c201 10012 100 11808 2035450781 34409190 10013670
0b000c01 0b00ce01 10018 100 3418 2049091479 20770648 10012968
0b000001 0b00c601 10019 100 9174 2034364692 35505012 10013452
0b000c01 0b00cd01 10015 100 62870 2031454861 38426669 10017951
0b000c01 0b00c501 10015 100 3279 2034092874 35789178 10012957
0b000101 0b00cd01 10005 100 191626 2018727362 51157580 10028747
0b000a01 0b00c601 10012 100 9132 2043005744 26881536 10013448
0b000101 0b00c401 10010 100 1499 2043163113 26728764 10012807
0b000c01 0b00cd01 10018 100 42679 2040710062 29184388 10016259
0b000001 0b00c601 10009 100 9633 2021472692 48485628 10013489
0b000201 0b00c201 10012 100 12280 2034279759 35700643 10013712
0b000201 0b00c701 10011 100 7235 2031281743 38705040 10013289
0b000801 0b00c901 10007 100 40464 2024517900 45520196 10016074
0b000001 0b00c801 10028 100 21978 2054757975 15283862 10014522
0b000801 0b00cf01 10010 100 512471 2027218291 42845617 10055647
0b000901 0b00c201 10017 100 120837 2049415503 20652652 10022811
0b000901 0b00c701 10005 100 1226891 2006898187 63170329 10115542
0b000301 0b00c901 10014 100 1278 2047640358 22434419 10012789
0b000401 0b00c901 10020 100 7570 2056699833 13376310 10013316
0b000801 0b00c401 10006 100 15883 2021480928 48599431 10014012
0b000a01 0b00cd01 10009 100 27684 2030730013 39361716 10015002
0b000801 0b00cb01 10012 100 36789 2043218523 26888955 10015765
0b000f01 0b00cd01 10006 100 328499 2021483614 48668674 10040223
0b000401 0b00cb01 10010 100 5076 2030267010 39919987 10013109
0b000c01 0b00cb01 10024 100 29162 2055773239 14454098 10015128
0b000001 0b00ce01 10011 100 65799 2028862870 41373267 10018197
0b000001 0b00c001 10024 100 33212 2043308909 26929271 10015467
0b000901 0b00c601 10009 100 60009 2029384192 40854448 10017714
0b000801 0b00cd01 10015 100 29842 2031785696 38473816 10015182
0b000601 0b00c401 10022 100 42959 2043357561 26929789 10016281
0b000d01 0b00cc01 10004 100 7756 2027778022 42518065 10013331
0b000901 0b00c601 10006 100 21589 2022494306 47817760 10014491
0b000b01 0b00c401 10010 100 25325 2022574349 47766328 10014805
0b000b01 0b00cc01 10020 100 148271 2037915630 32437205 10025113
0b000601 0b00c701 10019 100 62493 2049686748 20676798 10017921
0b000d01 0b00c201 10011 100 2709 2042960637 27417426 10012908
0b000401 0b00c901 10022 100 7515 2057617555 12766407 10013311
0b000301 0b00c101 10019 100 27478 2042564991 27836941 10014985
0b000d01 0b00cd01 10021 100 8888 2054725727 15676810 10013425
0b000001 0b00c801 10010 100 491312 2021769421 48636263 10053874
0b000501 0b00ce01 10017 100 24507 2043401658 27016178 10014736
0b000a01 0b00ce01 10014 100 14498 2044664020 25803926 10013897
0b000201 0b00ca01 10006 100 26490 2022218200 48267011 10014902
0b000a01 0b00cc01 10016 100 28335 2044022645 26483486 10015058
0b000f01 0b00c301 10014 100 39230 2042187440 28364272 10015972
0b000501 0b00cf01 10016 100 46194 2049154716 21416238 10016556
0b000f01 0b00ce01 10010 100 218267 2028157659 42433755 10030982
0b000901 0b00c301 10010 100 165609 2022204509 48397625 10026566
0b000e01 0b00ca01 10028 100 36043 2044353999 26306169 10015705
0b000f01 0b00cf01 10008 100 9962 2036160360 34514994 10013515
0b000c01 0b00c801 10018 100 19827 2048922294 21779794 10014342
0b000601 0b00ca01 10007 100 62 2021120257 49601498 10012688
0b000a01 0b00ca01 10019 100 15033 2056309811 14428751 10013944
0b000001 0b00ca01 10004 100 58600 2021189006 49557934 10017594
0b000901 0b00c501 10019 100 28545 2044134329 26619419 10015074
0b000c01 0b00c801 10009 100 514676 2023472695 47311434 10055831
0b000001 0b00c601 10010 100 27880 2021592012 49198149 10015017
0b000001 0b00c601 10000 100 782985 2008436248 62374429 10078325
0b000501 0b00cf01 10013 100 19300 2046464020 24356464 10014300
0b000d01 0b00cd01 10011 100 4334 2024443784 46385781 10013045
0b000901 0b00c401 10008 100 345913 2020594613 50252625 10041681
0b000d01 0b00ca01 10010 100 28194 2044681060 26168538 10015046
0b000901 0b00c401 10016 100 7892 2056139664 14712516 10013342
0b000001 0b00ce01 10010 100 22203 2022709733 48171695 10014544
0b000001 0b00c801 10011 100 10959 2023116428 47765216 10013598
0b000901 0b00c301 10019 100 4506 2048259676 22633006 10013059
0b000201 0b00ce01 10017 100 120096 2027912205 42991500 10022752
0b000001 0b00c701 10024 100 58678 2041456354 29466277 10017600
0b000d01 0b00c601 10015 100 26485 2054417884 16505470 10014902
0b000c01 0b00cb01 10014 100 28534 2032346795 38581443 10015074
0b000001 0b00cf01 10012 100 26988 2031438967 39498987 10014942
0b000301 0b00c701 10014 100 26943 2055755233 15187882 10014939
0b000d01 0b00c701 10008 100 39817 2023573584 47370738 10016018
0b000301 0b00c601 10010 100 28906 2032633284 38340611 10015103
0b000501 0b00c701 10021 100 2395 2043310809 27686019 10012883
0b000301 0b00c601 10011 100 27015 2032715826 38291616 10014948
0b000501 0b00c601 10005 100 151757 2016821234 54190436 10025404
0b000801 0b00c501 10016 100 59263 2042090815 28921051 10017651
0b000801 0b00ce01 10000 100 1433988 2002931266 68086853 10132905
0b000701 0b00c901 10011 100 35168 2035365131 35655180 10015631
0b000501 0b00ce01 10015 100 50556 2040569268 30471523 10016920
0b000501 0b00c301 10011 100 27622 2032760833 38298047 10014997
0b000801 0b00c101 10019 100 7352 2045490191 25588565 10013298
0b000e01 0b00c401 10007 100 193740 2031082987 40000944 10028924
0b000a01 0b00c701 10016 100 2420 2045707340 25383832 10012885
0b000101 0b00c301 10013 100 27132 2022804369 48302444 10014958
0b000501 0b00cb01 10012 100 54427 2027728329 43385690 10017245
0b000801 0b00c301 10017 100 28156 2033744362 37395194 10015043
0b000d01 0b00c301 10017 100 14113 2045837199 25313626 10013866
0b000401 0b00cc01 10006 100 5803 2028409241 42752042 10013167
0b000401 0b00c701 10016 100 73689 2055082795 16080470 10018859
0b000801 0b00c801 10015 100 35033 2032535864 38642651 10015620
0b000401 0b00c601 10008 100 216713 2022002464 49189109 10030850
0b000601 0b00c201 10016 100 20755 2044840445 26357554 10014421
0b000301 0b00c001 10007 100 8578 2034411927 36798864 10013400
0b000701 0b00cc01 10014 100 15071 2047241382 23985937 10013947
0b000701 0b00c401 10008 100 65226 2029984672 41243619 10018151
0b000101 0b00cd01 10011 100 3076 2033948914 37313684 10012941
0b000d01 0b00c301 10012 100 166461 2038894001 32397899 10026638
0b000801 0b00cc01 10016 100 26936 2043779273 27517138 10014938
0b000501 0b00c301 10008 100 23746 2023458130 47841783 10014671
0b000901 0b00c901 10024 100 3007 2049927928 21399726 10012935
0b000801 0b00c301 10019 100 334 2050054137 21274964 10012710
0b000201 0b00c501 10009 100 50666 2031929458 39410940 10016929
0b000a01 0b00c201 10011 100 20331 2022545118 48811679 10014387
0b000001 0b00cd01 10020 100 154178 2041342558 30049223 10025609
0b000d01 0b00c301 10006 100 25385 2024218831 47187177 10014810
0b000401 0b00c301 10029 100 73484 2055712806 15715140 10018842
0b000501 0b00c501 10008 100 5050 2034210036 37219903 10013107
0b000401 0b00c601 10021 100 2255 2055771519 15675444 10012871
0b000901 0b00ce01 10005 100 54788 2026204440 45250324 10017274
0b000901 0b00c101 10011 100 16935 2045352203 26109743 10014100
0b000801 0b00c301 10016 100 9727 2032757731 38717982 10013496
0b000201 0b00cf01 10008 100 190615 2017506066 53983434 10028662
0b000a01 0b00c801 10014 100 56508 2025308531 46200475 10017419
0b000401 0b00c301 10012 100 4826 2021700093 49811516 10013085
0b000701 0b00cf01 10012 100 36398 2050427455 21091268 10015733
0b000901 0b00c701 10019 100 73400 2041624387 29964207 10018836
0b000d01 0b00cb01 10024 100 26186 2054957920 16677829 10014878
0b000b01 0b00ce01 10006 100 25907 2026617163 45025871 10014852
0b000a01 0b00c801 10004 100 904799 2009583462 62065850 10088539
0b000d01 0b00ce01 10011 100 70587 2023408599 48252110 10018599
0b000101 0b00c801 10009 100 47322 2026398701 45274685 10016650
0b000101 0b00c401 10016 100 66871 2053174599 18499620 10018286
0b000601 0b00c601 10014 100 278930 2030143390 41538578 10036065
0b000001 0b00cd01 10013 100 17143 2022970609 48716623 10014120
0b000a01 0b00c901 10010 100 1711 2024365874 47345521 10012824
0b000b01 0b00ca01 10019 100 22155 2045490287 26249419 10014540
0b000a01 0b00c601 10009 100 49177 2032504148 39264172 10016806
0b000101 0b00ce01 10013 100 190392 2034109248 37663217 10028644
0b000101 0b00cd01 10020 100 54118 2046613989 25164542 10017220
0b000101 0b00c301 10020 100 33151 2055636527 16143791 10015462
0b000e01 0b00c501 10004 100 710059 2004991565 66795712 10072214
0b000201 0b00c601 10024 100 12408 2044735565 27066949 10013722
0b000e01 0b00ca01 10022 100 8863 2031587028 40236327 10013423
0b000601 0b00c201 10018 100 3816 2051477385 20354379 10013000
0b000301 0b00ce01 10009 100 58417 2025209155 46633901 10017579
0b000301 0b00c801 10011 100 70274 2022144123 49718273 10018574
0b000901 0b00c301 10014 100 207264 2035644528 36222274 10030059
0b000601 0b00c701 10004 100 796034 2008808054 63083466 10079423
0b000401 0b00c701 10013 100 6189 2051481353 20411543 10013202
0b000d01 0b00c001 10017 100 23486 2055442478 16469864 10014651
0b000e01 0b00ca01 10018 100 158479 2026403087 45551316 10025968
0b000d01 0b00c901 10019 100 73120 2041277970 30692959 10018813
0b000401 0b00ce01 10014 100 45204 2034120274 37858627 10016472
0b000901 0b00cd01 10016 100 7379 2045132047 26850868 10013301
0b000e01 0b00cb01 10010 100 8181 2022244922 49741194 10013369
0b000a01 0b00c001 10019 100 46199 2055510581 16501396 10016556
0b000001 0b00c801 10021 100 76685 2042596057 29419080 10019110
0b000101 0b00ce01 10018 100 3312 2046598067 25418212 10012960
0b000f01 0b00c001 10007 100 61219 2023833322 48192259 10017815
0b000201 0b00c501 10011 100 68271 2034053246 37979921 10018406
0b000a01 0b00c801 10007 100 716444 2013454203 58579989 10072748
0b000c01 0b00cc01 10025 100 306 2051436373 20607343 10012708
0b000201 0b00c601 10027 100 2645 2049684039 22365340 10012903
0b000a01 0b00cb01 10011 100 33626 2027793938 44260782 10015500
0b000701 0b00cf01 10010 100 28341 2035081637 36976527 10015058
0b000b01 0b00ce01 10008 100 213532 2037121246 34952975 10030584
0b000801 0b00c101 10005 100 561143 2010273515 61803505 10059729
0b000f01 0b00c201 10025 100 43617 2043705308 28394918 10016338
0b000501 0b00c601 10008 100 26740 2031410203 40706263 10014922
0b000001 0b00c401 10020 100 1281 2058063222 14054906 10012790
0b000c01 0b00c801 10013 100 73470 2040568035 31566749 10018841
0b000f01 0b00cf01 10012 100 372786 2040200827 31947837 10043935
0b000701 0b00c001 10010 100 5219 2025722709 46429494 10013120
0b000701 0b00c401 10014 100 62137 2042544821 29628355 10017892
0b000d01 0b00c301 10011 100 26894 2035816567 36383592 10014935
0b000301 0b00c001 10010 100 32899 2048599037 23608537 10015438
0b000f01 0b00cb01 10015 100 32776 2035183484 37040135 10015428
0b000a01 0b00c201 10015 100 17183 2033213871 39036537 10014123
0b000b01 0b00c601 10018 100 7949 2046715802 25560739 10013346
0b000401 0b00c201 10020 100 240 2052239731 20037868 10012703
0b000401 0b00c201 10017 100 61268 2044786820 27499650 10017819
0b000601 0b00cf01 10017 100 20070 2043657749 28635789 10014366
0b000d01 0b00cc01 10003 100 78396 2024463116 47870797 10019255
0b000101 0b00cb01 10020 100 1310 2058492751 13856849 10012792
0b000e01 0b00c201 10018 100 20872 2038990735 33365751 10014430
0b000301 0b00c301 10016 100 165041 2038623685 33787719 10026520
0b000201 0b00ce01 10010 100 27358 2023113643 49312170 10014976
0b000001 0b00cc01 10010 100 35595 2023895835 48536150 10015665
0b000801 0b00c701 10018 100 194275 2038229831 34208510 10028970
0b000201 0b00c301 10006 100 2441 2024028823 48410617 10012886
0b000201 0b00c301 10010 100 2779 2037770705 34702387 10012913
0b000e01 0b00c801 10021 100 18770 2043785708 28693420 10014254
0b000f01 0b00c901 10022 100 3644 2057087216 15393435 10012986
0b000a01 0b00c901 10016 100 20751 2036312527 36177497 10014420
0b000201 0b00c101 10018 100 18271 2044976972 27523265 10014214
0b000701 0b00c901 10009 100 31248 2025099777 47411614 10015302
0b000201 0b00c201 10018 100 21355 2044874699 27639015 10014472
0b000501 0b00c401 10007 100 73430 2051018238 21495836 10018838
0b000301 0b00c201 10022 100 3515 2058402383 14174941 10012976
0b000901 0b00ce01 10009 100 113299 2033989016 38593394 10022181
0b000001 0b00c601 10018 100 22274 2033069562 39514150 10014550
0b000101 0b00cb01 10017 100 63302 2046755998 25865887 10017989
0b000d01 0b00c501 10010 100 45341 2038377926 34292299 10016483
0b000301 0b00cb01 10017 100 52217 2027466556 45220976 10017060
0b000201 0b00c401 10009 100 75128 2030915526 41773065 10018982
0b000e01 0b00c401 10017 100 459 2047939355 24749425 10012720
0b000e01 0b00c601 10002 100 824225 2003758082 68962776 10081786
0b000a01 0b00c701 10018 100 2287 2047320481 25414259 10012874
0b000701 0b00c001 10011 100 27438 2026671864 46095247 10014982
0b000701 0b00cb01 10002 100 1664244 2001675513 71106495 10152213
0b000301 0b00ce01 10019 100 28797 2046387231 26398394 10015095
0b000301 0b00c301 10005 100 826263 2009527000 63262677 10081956
0b000c01 0b00c801 10017 100 147131 2048424166 24398281 10025018
0b000601 0b00c001 10009 100 7666 2032933701 39904377 10013324
0b000b01 0b00c901 10015 100 28071 2046509879 26331820 10015037
0b000b01 0b00c801 10015 100 5589 2046124577 26723159 10013150
0b000701 0b00c901 10010 100 21497 2034553913 38303623 10014484
0b000b01 0b00c601 10011 100 61889 2032490330 40379124 10017869
0b000f01 0b00c201 10007 100 582479 2020032281 52852778 10061517
0b000901 0b00cb01 10010 100 20995 2035640660 37244662 10014440
0b000b01 0b00c301 10009 100 61350 2043856349 29029871 10017826
0b000a01 0b00c901 10015 100 6607 2035208683 37705138 10013235
0b000e01 0b00c401 10008 100 8381 2033028102 39889211 10013385
0b000f01 0b00c601 10004 100 35140 2026734509 46197498 10015629
0b000501 0b00c201 10012 100 74719 2031255822 41712051 10018945
0b000a01 0b00ce01 10009 100 160807 2031828625 41143014 10026162
0b000c01 0b00cb01 10007 100 16142 2022208174 50770241 10014036
0b000901 0b00ce01 10006 100 24359 2028746287 44238334 10014724
0b000401 0b00cf01 10015 100 7972 2048860545 24156409 10013348
0b000201 0b00c301 10017 100 20358 2046525018 26505087 10014389
0b000c01 0b00cb01 10012 100 533 2027617953 45423090 10012726
0b000301 0b00c401 10010 100 5741 2034330639 38764360 10013162
0b000f01 0b00c501 10004 100 32883 2026168521 46982924 10015437
0b000601 0b00c701 10008 100 53815 2024677687 48474683 10017192
0b000f01 0b00c501 10011 100 21559 2051857651 21297340 10014489
0b000901 0b00ca01 10016 100 343167 2030780215 42383569 10041454
0b000b01 0b00c801 10006 100 524574 2021190042 51979620 10056661
0b000901 0b00cc01 10019 100 4612 2059359474 13814673 10013068
0b000601 0b00c501 10020 100 7369 2048524715 24663960 10013300
0b000b01 0b00c201 10014 100 49589 2049470039 23718699 10016839
0b000601 0b00c801 10013 100 7079 2044800756 28402963 10013277
0b000d01 0b00ca01 10016 100 31944 2056463443 16793729 10015358
0b000501 0b00cd01 10016 100 414 2048700359 24564711 10012716
0b000a01 0b00c101 10013 100 35437 2056785450 16490966 10015653
0b000a01 0b00c801 10023 100 12928 2047294879 25983017 10013764
0b000a01 0b00c701 10008 100 33486 2023893678 49389215 10015489
0b000b01 0b00c001 10013 100 87555 2031934908 41383398 10020022
0b000201 0b00c001 10005 100 7665 2024715926 48610138 10013323
0b000701 0b00cb01 10027 100 2686 2060893722 12467464 10012906
0b000501 0b00c501 10018 100 4418 2047313545 26060895 10013052
0b000901 0b00ce01 10008 100 51358 2033680992 39714736 10016988
0b000201 0b00c901 10006 100 159297 2020827167 52591595 10026038
0b000301 0b00c201 10016 100 193621 2038819472 34616993 10028914
0b000601 0b00c001 10007 100 51149 2021986145 51481224 10016971
0b000501 0b00c501 10019 100 21061 2050734723 22741576 10014449
0b000f01 0b00cc01 10013 100 5718 2027831030 45660322 10013160
0b000801 0b00c101 10015 100 184141 2028300792 45214136 10028121
0b000101 0b00ca01 10013 100 5519 2026235778 47293828 10013144
0b000c01 0b00cc01 10019 100 27097 2038502380 35065392 10014955
0b000401 0b00ce01 10006 100 124545 2019479248 54140397 10023123
0b000e01 0b00cc01 10014 100 69025 2033697280 39927027 10018470
0b000f01 0b00c201 10036 100 9534 2060655214 12969435 10013481
0b000301 0b00cd01 10018 100 53180 2056764970 16880358 10017141
0b000f01 0b00cb01 10027 100 13303 2057762021 15903244 10013798
0b000c01 0b00cf01 10016 100 26630 2030242590 43425330 10014914
0b000301 0b00ca01 10022 100 72422 2049155132 24515691 10018754
0b000f01 0b00cb01 10018 100 29082 2045716307 27995647 10015121
0b000101 0b00cc01 10032 100 9223 2058879720 14837368 10013456
0b000301 0b00ce01 10008 100 65508 2024013121 49729030 10018174
0b000f01 0b00c101 10014 100 40913 2036401789 37345038 10016110
0b000001 0b00c001 10026 100 62388 2044778920 28976176 10017912
0b000801 0b00c001 10010 100 22123 2029689121 44067543 10014538
0b000f01 0b00c401 10010 100 102428 2034792217 38989275 10021269
0b000501 0b00c601 10012 100 52024 2046432668 27398383 10017045
0b000001 0b00cd01 10024 100 174555 2047740888 26103247 10027316
0b000a01 0b00c601 10019 100 15535 2058703829 15212930 10013984
0b000001 0b00c401 10013 100 45071 2036747325 37169699 10016462
0b000a01 0b00c501 10021 100 1086 2059624712 14292357 10012774
0b000801 0b00c801 10011 100 37706 2025718175 48205350 10015842
0b000d01 0b00c301 10016 100 22675 2045599248 28331013 10014582
0b000801 0b00c801 10014 100 473757 2032246508 41728086 10052400
0b000901 0b00c301 10012 100 488563 2025861848 48142651 10053642
0b000701 0b00c401 10010 100 118887 2030876389 43143874 10022647
0b000301 0b00c001 10005 100 51011 2024797835 49231628 10016960
0b000101 0b00c201 10023 100 34326 2057863187 16168259 10015560
0b000501 0b00c501 10016 100 2345 2046405435 27658903 10012879
0b000d01 0b00c401 10010 100 62373 2035315719 38803444 10017911
0b000801 0b00c401 10012 100 60289 2036589805 37549291 10017737
0b000a01 0b00c001 10010 100 23452 2028925162 45215701 10014648
0b000e01 0b00ca01 10027 100 56808 2042608074 31538011 10017443
0b000a01 0b00c201 10023 100 16321 2059647694 14500373 10014050
0b000f01 0b00c901 10018 100 45689 2045622484 28571855 10016511
0b000901 0b00c301 10020 100 10226 2048519018 25683636 10013540
0b000501 0b00cf01 10015 100 40721 2047602914 26621483 10016095
0b000301 0b00cb01 10031 100 29932 2058814675 15416810 10015189
0b000001 0b00cf01 10017 100 44238 2046246135 27994931 10016391
0b000101 0b00c801 10022 100 5566 2060154316 14110963 10013148
0b000b01 0b00c001 10019 100 66720 2044962856 29315033 10018274
0b000001 0b00cc01 10020 100 57123 2044826415 29452348 10017472
0b000901 0b00cb01 10012 100 135442 2042296411 31996727 10024037
0b000201 0b00c701 10018 100 193839 2048934248 25359631 10028932
0b000a01 0b00cf01 10016 100 185230 2042823046 31477811 10028212
0b000101 0b00c801 10020 100 49261 2057362976 16942861 10016812
0b000e01 0b00cb01 10016 100 43310 2046130261 28189742 10016313
0b000601 0b00cc01 10013 100 715 2032091615 42242766 10012741
0b000b01 0b00c901 10020 100 35244 2051229866 23114042 10015637
0b000901 0b00c101 10012 100 25004 2050680906 23663793 10014780
0b000f01 0b00cb01 10014 100 69700 2032991882 41365474 10018524
0b000201 0b00c501 10016 100 122333 2041181036 33182663 10022938
0b000f01 0b00c901 10021 100 4591 2049586209 24801255 10013066
0b000c01 0b00c601 10008 100 471289 2027379289 47091743 10052195
0b000801 0b00ca01 10011 100 11651 2026926403 47555063 10013658
0b000101 0b00c401 10015 100 23934 2050814652 23683719 10014686
0b000301 0b00ca01 10011 100 323351 2016340122 58193990 10039792
0b000101 0b00cb01 10018 100 21839 2047542395 27009410 10014511
0b000601 0b00c301 10023 100 61101 2041734438 32864804 10017806
0b000601 0b00cf01 10018 100 7490 2046173388 28434553 10013309
0b000f01 0b00cd01 10011 100 67641 2047702523 26928053 10018352
0b000d01 0b00c701 10006 100 712690 2016290528 58345750 10072433
0b000401 0b00cf01 10016 100 4147 2050785091 23851694 10013030
0b000501 0b00c701 10010 100 4359 2028984454 45663767 10013047
0b000c01 0b00ca01 10007 100 53600 2027355662 47296517 10017175
0b000101 0b00cd01 10008 100 194149 2027155887 47509939 10028960
0b000201 0b00c601 10025 100 47790 2045725619 28970798 10016687
0b000201 0b00c301 10018 100 25764 2046869925 27826887 10014840
0b000201 0b00c101 10011 100 41156 2026053086 48664446 10016133
0b000001 0b00cf01 10016 100 29886 2040112537 34614829 10015186
0b000701 0b00c201 10013 100 60613 2038555661 36205168 10017763
0b000201 0b00c801 10006 100 21694 2026888349 47873139 10014500
0b000a01 0b00cf01 10015 100 31199 2038996442 35801076 10015298
0b000401 0b00c401 10008 100 55424 2032462706 42355833 10017328
0b000801 0b00ca01 10010 100 32982 2026638799 48185669 10015445
0b000e01 0b00c601 10014 100 4751 2034626429 40202450 10013079
0b000201 0b00c301 10009 100 42486 2034097523 40749150 10016244
0b000601 0b00cc01 10021 100 18770 2045416925 29435645 10014254
0b000301 0b00cc01 10015 100 82692 2056293798 18560982 10019614
0b000f01 0b00c901 10019 100 63059 2045803935 29075277 10017970
0b000701 0b00c001 10016 100 68745 2038502103 36406606 10018444
0b000301 0b00ce01 10016 100 19197 2036969790 37958096 10014292
0b000201 0b00ce01 10015 100 3679 2026486481 48450171 10012989
0b000b01 0b00c801 10020 100 10266 2060805545 14131444 10013543
0b000501 0b00c001 10021 100 156 2034861382 40081409 10012696
0b000701 0b00c001 10017 100 34633 2040154702 34795211 10015585
0b000f01 0b00c501 10014 100 23789 2058717940 16255505 10014675
0b000001 0b00c301 10012 100 9589 2048248055 26761353 10013485
0b000f01 0b00cb01 10021 100 167580 2048043321 27047220 10026731
0b000401 0b00c401 10006 100 146036 2028549647 46553751 10024927
0b000d01 0b00cb01 10016 100 254004 2036408996 38707005 10033979
0b000401 0b00cf01 10021 100 79590 2059184714 15948496 10019354
0b000601 0b00ce01 10008 100 41271 2030475304 44683814 10016142
0b000101 0b00c701 10014 100 5479 2061205855 13960797 10013141
0b000a01 0b00c301 10014 100 152769 2032430483 42788527 10025489
0b000401 0b00c301 10028 100 15845 2053400517 21847144 10014009
0b000801 0b00cc01 10019 100 42357 2046805534 28452483 10016233
0b000901 0b00c301 10015 100 2241 2037696786 37604423 10012870
0b000a01 0b00cf01 10012 100 64823 2034286867 41066570 10018115
0b000501 0b00c901 10012 100 68315 2030767360 44588087 10018410
0b000501 0b00cf01 10012 100 41854 2038481701 36901207 10016189
0b000f01 0b00c601 10015 100 4960 2050625408 24779862 10013096
0b000701 0b00cc01 10011 100 5853 2038747547 36658848 10013171
0b000f01 0b00cc01 10015 100 16827 2038712297 36706835 10014091
0b000001 0b00c201 10014 100 23762 2052297258 23140646 10014673
0b000701 0b00c001 10005 100 1078293 2011756238 63713621 10103086
0b000901 0b00cd01 10019 100 59420 2058158761 17340864 10017664
0b000401 0b00cf01 10003 100 9347 2028686350 46826508 10013466
0b000401 0b00c201 10015 100 6722 2037655668 37867213 10013244
0b000a01 0b00c901 10014 100 20744 2031597117 43932969 10014420
0b000101 0b00c201 10020 100 2202 2050069897 25503802 10012867
0b000a01 0b00c501 10012 100 3398 2037022611 38584526 10012967
0b000101 0b00c301 10014 100 44453 2036253652 39360839 10016409
0b000a01 0b00cd01 10013 100 50533 2047659733 27960660 10016918
0b000701 0b00c201 10015 100 8065 2041217810 34410514 10013359
0b000001 0b00cf01 10008 100 58527 2026046240 49586410 10017588
0b000401 0b00c101 10022 100 27954 2053781650 21865117 10015023
0b000601 0b00c701 10016 100 1717 2041446190 34209732 10012825
0b000001 0b00cd01 10018 100 195924 2039472493 36191571 10029106
0b000701 0b00c601 10021 100 76331 2048803278 26866840 10019082
0b000101 0b00c701 10010 100 3901 2053671545 21999232 10013007
0b000201 0b00c401 10008 100 3358 2028420875 47269110 10012964
0b000601 0b00cb01 10008 100 153443 2040097899 35592334 10025546
0b000f01 0b00c101 10020 100 195629 2054028730 21662158 10029082
0b000a01 0b00c001 10023 100 2767 2062101366 13616633 10012912
0b000401 0b00c301 10024 100 79199 2041937227 33784632 10019323
0b000201 0b00c301 10008 100 72986 2033571263 42185103 10018799
0b000501 0b00cb01 10011 100 270740 2026475925 49296291 10035379
0b000001 0b00cd01 10011 100 508743 2017607147 58168057 10055334
0b000401 0b00cc01 10009 100 24880 2036302002 39491314 10014766
0b000701 0b00c301 10021 100 47898 2049898037 25908178 10016696
0b000d01 0b00cd01 10019 100 6079 2051007443 24802940 10013193
0b000501 0b00ce01 10012 100 42560 2033054282 42756856 10016249
0b000c01 0b00c401 10021 100 11385 2040384868 35437813 10013636
0b000101 0b00cc01 10022 100 23152 2037209869 38639725 10014624
0b000f01 0b00cb01 10011 100 67122 2024161475 51699326 10018310
0b000101 0b00c401 10014 100 2797 2050340681 25523438 10012915
0b000e01 0b00c101 10010 100 27636 2025302402 50562113 10014998
0b000401 0b00c401 10009 100 27249 2036989334 38890449 10014967
0b000701 0b00c501 10009 100 52497 2046970277 28910289 10017083
0b000d01 0b00c501 10006 100 539479 2021964731 53933036 10057911
0b000401 0b00ce01 10007 100 484045 2021996730 53914499 10053266
0b000f01 0b00cd01 10008 100 21108 2028899768 47011464 10014453
0b000301 0b00c701 10008 100 25413 2026558740 49354847 10014812
0b000801 0b00c401 10017 100 9878 2053095367 22819436 10013508
0b000001 0b00c801 10019 100 32944 2039594187 36345661 10015442
0b000001 0b00c001 10016 100 164592 2031495148 44449884 10026480
0b000201 0b00cd01 10015 100 48885 2025935002 50043979 10016778
0b000701 0b00cb01 10012 100 76580 2028146099 47838470 10019102
0b000101 0b00c201 10019 100 4518 2049449711 26557863 10013060
0b000701 0b00c401 10013 100 466684 2036033685 39990306 10051808
0b000d01 0b00cd01 10018 100 24721 2050329650 25709220 10014753
0b000701 0b00c201 10009 100 58045 2027969328 48088286 10017550
0b000b01 0b00c601 10015 100 74361 2036739628 39324395 10018916
0b000b01 0b00c701 10010 100 69282 2029453440 46625171 10018491
0b000201 0b00c401 10018 100 24718 2048469488 27615522 10014753
0b000901 0b00c801 10008 100 21896 2028118157 47968972 10014516
0b000201 0b00c401 10023 100 54844 2058862713 17233629 10017278
0b000f01 0b00c601 10014 100 56130 2049350578 26753405 10017389
0b000801 0b00ce01 10028 100 9312 2062026769 14101273 10013463
0b000201 0b00c801 10010 100 11694 2038436567 37727701 10013661
0b000601 0b00cf01 10021 100 42157 2048444759 27722250 10016217
0b000201 0b00cf01 10023 100 1072 2049971107 26205278 10012773
0b000e01 0b00c701 10017 100 20018 2049928341 26258622 10014362
0b000e01 0b00cd01 10009 100 128669 2023465284 52728963 10023468
0b000401 0b00c601 10011 100 32758 2027941144 48275209 10015427
0b000201 0b00c101 10015 100 59000 2034740170 41479501 10017626
0b000401 0b00c001 10013 100 7863 2048373903 27856067 10013339
0b000201 0b00c601 10020 100 73908 2037707071 38526845 10018876
0b000301 0b00c201 10018 100 9558 2049696894 26545788 10013483
0b000501 0b00cd01 10021 100 39366 2058161032 18082782 10015982
0b000d01 0b00c701 10011 100 57928 2028542026 47730542 10017536
0b000d01 0b00c801 10018 100 22116 2042773443 33502713 10014537
0b000c01 0b00cf01 10017 100 55834 2035866497 40418019 10017361
0b000701 0b00cf01 10013 100 239 2052206595 24093516 10012702
0b000401 0b00ca01 10019 100 20314 2046963508 29338111 10014385
0b000801 0b00ca01 10022 100 108775 2048636350 27674369 10021800
0b000501 0b00c601 10019 100 7382 2060652305 15666490 10013301
0b000701 0b00cc01 10007 100 509678 2021594556 54737976 10055412
0b000601 0b00cc01 10011 100 33411 2025027807 51314887 10015483
0b000401 0b00c301 10025 100 36769 2045656740 30696830 10015763
0b000301 0b00c701 10018 100 21235 2061152901 15209036 10014463
0b000901 0b00cc01 10014 100 22137 2041984402 34386661 10014539
0b000001 0b00c501 10018 100 20909 2038246852 38133544 10014433
0b000601 0b00c801 10009 100 74583 2035876685 40514646 10018934
0b000101 0b00c401 10006 100 380667 2016070169 60328817 10044596
0b000001 0b00c301 10020 100 8646 2062054964 14364353 10013406
0b000d01 0b00c701 10020 100 25310 2050679693 25743192 10014804
0b000101 0b00cf01 10016 100 384714 2028501937 47923061 10044935
0b000001 0b00c401 10016 100 61799 2046476693 29948777 10017862
0b000d01 0b00c501 10013 100 60707 2046500754 29932751 10017770
0b000f01 0b00cc01 10020 100 2517 2049206662 27246683 10012892
0b000d01 0b00c201 10017 100 28034 2051939943 24516860 10015034
0b000e01 0b00c201 10014 100 3879 2026840594 49658267 10013005
0b000a01 0b00c401 10009 100 30901 2036764176 39776060 10015271
0b000f01 0b00c501 10010 100 43379 2042762584 33786843 10016319
0b000801 0b00c601 10009 100 17702 2028735585 47814202 10014165
0b000d01 0b00cc01 10007 100 21143 2039562526 37017745 10014455
0b000b01 0b00ca01 10018 100 50083 2037199452 39381552 10016882
0b000301 0b00c101 10022 100 77101 2047291484 29313045 10019147
0b000a01 0b00c101 10007 100 310281 2027970894 48662131 10038696
0b000101 0b00c601 10019 100 148134 2052816002 23869323 10025102
0b000001 0b00c901 10024 100 143420 2045820947 30909869 10024706
0b000101 0b00cb01 10013 100 39819 2026632406 50107083 10016019
0b000601 0b00cf01 10019 100 38400 2046224426 30526780 10015901
0b000101 0b00c401 10011 100 71945 2045312146 31450575 10018712
0b000001 0b00ce01 10009 100 347719 2018345727 58454192 10041833
0b000c01 0b00c001 10005 100 992 2027265690 49537119 10012763
0b000001 0b00c201 10013 100 63936 2036659424 40172764 10018040
0b000e01 0b00cd01 10016 100 4798 2049486889 27375327 10013083
0b000f01 0b00c701 10008 100 246 2030618242 46258379 10012703
0b000d01 0b00cc01 10013 100 43466 2051445449 25436819 10016326
0b000201 0b00ce01 10025 100 66578 2047062014 29830221 10018263
0b000501 0b00c101 10014 100 64237 2044621015 32307570 10018068
0b000001 0b00c401 10017 100 2145 2054955139 21988257 10012863
0b000a01 0b00c601 10023 100 4962 2063178957 13769341 10013096
0b000501 0b00c601 10014 100 3186 2049323430 27629042 10012950
0b000401 0b00c001 10005 100 46672 2034358466 42596291 10016594
0b000b01 0b00cd01 10009 100 34010 2037180692 39790758 10015535
0b000001 0b00cd01 10019 100 28394 2040510840 36488353 10015062
0b000801 0b00c701 10019 100 2814 2038503341 38502872 10012916
0b000c01 0b00cb01 10022 100 7599 2049468715 27550834 10013318
0b000301 0b00c501 10021 100 47298 2060772798 16254605 10016648
0b000b01 0b00cc01 10022 100 29381 2049360137 27671191 10015145
0b000101 0b00ca01 10016 100 51505 2038559370 38493963 10017000
0b000d01 0b00c101 10013 100 2637 2056594099 20511437 10012902
0b000b01 0b00c701 10017 100 57465 2049128803 28014969 10017499
0b000c01 0b00c101 10005 100 37612 2030488282 46662426 10015834
0b000901 0b00c601 10019 100 20309 2061885291 15279044 10014385
0b000801 0b00ce01 10021 100 37343 2050018314 27169780 10015813
0b000501 0b00cf01 10018 100 12590 2051011804 26184258 10013737
0b000801 0b00cd01 10019 100 31089 2049181906 28014184 10015290
0b000701 0b00ce01 10010 100 8234 2037364472 39840784 10013373
0b000101 0b00cc01 10024 100 5502 2038204415 39014487 10013143
0b000401 0b00c301 10026 100 52403 2045857550 31377485 10017075
0b000001 0b00c801 10000 100 1372866 2002440500 74831759 10127781
0b000401 0b00ca01 10017 100 53176 2045906932 31376331 10017141
0b000401 0b00c601 10023 100 75634 2056083375 21232576 10019022
0b000b01 0b00cc01 10016 100 176626 2032691606 44632246 10027489
0b000201 0b00c101 10021 100 4907 2051571988 25772015 10013091
0b000001 0b00c201 10008 100 57100 2026588630 50771761 10017470
0b000a01 0b00cf01 10005 100 669031 2010701325 66665160 10068775
0b000c01 0b00c301 10018 100 64967 2060588323 16792714 10018126
0b000601 0b00c001 10019 100 39551 2046891871 30509856 10015997
0b000c01 0b00cc01 10014 100 51303 2030508397 46917810 10016983
0b000901 0b00cb01 10018 100 29218 2050571784 26870069 10015132
0b000a01 0b00cf01 10020 100 55229 2049312941 28195928 10017313
0b000901 0b00cd01 10018 100 154619 2055085114 22462968 10025644
0b000f01 0b00c801 10021 100 23336 2063724146 13830878 10014639
0b000501 0b00c601 10013 100 107821 2048637963 28942987 10021720
0b000801 0b00cc01 10012 100 27018 2032230156 45357769 10014948
0b000801 0b00c001 10011 100 110855 2030183974 47409899 10021974
0b000901 0b00c001 10018 100 74364 2048419458 29179687 10018917
0b000601 0b00cb01 10011 100 3878 2052866449 24746993 10013005
0b000201 0b00c401 10019 100 15713 2050648970 26968653 10013998
0b000d01 0b00c401 10015 100 39106 2051219806 26421600 10015962
0b000401 0b00c501 10009 100 37504 2030972186 46672582 10015826
0b000301 0b00c301 10022 100 19201 2051329787 26328560 10014292
0b000801 0b00c501 10009 100 112213 2025523487 52139753 10022090
0b000c01 0b00cb01 10011 100 487411 2026217828 51506896 10053546
0b000a01 0b00c201 10024 100 59167 2060299190 17434452 10017643
0b000701 0b00cb01 10018 100 8406 2041338384 36407254 10013387
0b000801 0b00c401 10009 100 21440 2029750379 48014985 10014479
0b000c01 0b00c301 10015 100 78837 2052228238 25541875 10019290
0b000b01 0b00c101 10011 100 44900 2050306498 27478792 10016444
0b000901 0b00ce01 10012 100 28884 2049927115 27862244 10015102
0b000a01 0b00c101 10012 100 15862 2055459282 22344257 10014010
0b000801 0b00c701 10015 100 232411 2031873775 45936602 10032167
0b000301 0b00c201 10019 100 59513 2049860686 27956856 10017671
0b000001 0b00c801 10012 100 533228 2023953808 53879366 10057388
0b000a01 0b00cc01 10014 100 68412 2041483152 36373053 10018417
0b000001 0b00ce01 10012 100 259703 2028873287 48994016 10034454
0b000b01 0b00c901 10021 100 14276 2051953366 25949809 10013879
0b000f01 0b00c101 10022 100 2514 2057396806 20550700 10012892
0b000601 0b00c601 10003 100 1008794 2005396254 72592225 10097258
0b000f01 0b00c101 10018 100 16141 2050276660 27719061 10014036
0b000401 0b00c001 10006 100 64835 2034717559 43320436 10018116
0b000401 0b00c801 10010 100 35672 2036794304 41244141 10015672
0b000001 0b00cb01 10018 100 10849 2063655273 14413773 10013590
0b000501 0b00c501 10021 100 47440 2051769476 26339344 10016659
0b000601 0b00cb01 10006 100 182862 2039370341 38749623 10028011
0b000a01 0b00cd01 10008 100 5129 2029533552 48593019 10013113
0b000701 0b00cb01 10029 100 42454 2064068910 14066400 10016241
0b000a01 0b00c201 10017 100 90596 2038912829 39234923 10020277
0b000401 0b00c101 10024 100 30668 2059893871 18283853 10015252
0b000d01 0b00c301 10018 100 24926 2049990917 28228705 10014770
0b000301 0b00c401 10009 100 31226 2029847331 48378401 10015300
0b000901 0b00c001 10010 100 26436 2033766906 44478765 10014898
0b000c01 0b00c801 10014 100 16687 2041146299 37100880 10014080
0b000f01 0b00cb01 10013 100 10311 2032372452 45909576 10013547
0b000201 0b00c101 10017 100 32227 2039389122 38915170 10015384
0b000201 0b00c901 10022 100 8586 2056000320 22304636 10013401
0b000701 0b00ca01 10011 100 51049 2030460351 47873557 10016963
0b000101 0b00c901 10020 100 22695 2055194465 23150383 10014583
0b000a01 0b00c401 10013 100 327320 2042875426 35477594 10040125
0b000f01 0b00cb01 10019 100 233055 2046292966 32096615 10032222
0b000f01 0b00c601 10010 100 28322 2038068374 40322503 10015057
0b000401 0b00c201 10025 100 44589 2060260439 18135115 10016419
0b000601 0b00cf01 10013 100 16057 2031270724 47131119 10014029
0b000f01 0b00c601 10008 100 28897 2031466533 46944223 10015103
0b000f01 0b00c001 10018 100 49683 2052970488 25441392 10016846
0b000001 0b00ce01 10016 100 5118 2039523632 38962179 10013112
0b000f01 0b00c401 10020 100 46 2063426928 15073039 10012687
0b000601 0b00ce01 10019 100 23202 2056582747 21921508 10014628
0b000b01 0b00c201 10016 100 9492 2052714841 25797432 10013477
0b000001 0b00cc01 10016 100 29789 2038405308 40113400 10015178
0b000301 0b00c401 10008 100 74757 2028266509 50256547 10018948
0b000801 0b00c701 10032 100 4540 2064929697 13651837 10013062
0b000201 0b00c701 10005 100 762691 2013948398 64647132 10076625
0b000f01 0b00ce01 10013 100 43400 2031151020 47445564 10016320
0b000a01 0b00c801 10028 100 62246 2060323385 18350286 10017901
0b000001 0b00c401 10009 100 8412 2031172864 47551148 10013387
0b000d01 0b00ca01 10019 100 9346 2063089975 15641359 10013466
0b000701 0b00ca01 10019 100 9253 2050858091 27892066 10013458
0b000d01 0b00c401 10017 100 40325 2052356220 26397898 10016063
0b000301 0b00c601 10019 100 26216 2063560373 15208510 10014880
0b000401 0b00cb01 10017 100 137817 2050393237 28385382 10024235
0b000a01 0b00c701 10020 100 12754 2051702172 27078287 10013750
0b000b01 0b00ca01 10020 100 64530 2053130953 25659067 10018092
0b000001 0b00c501 10010 100 29191 2029022841 49768330 10015130
0b000e01 0b00c001 10013 100 76029 2028452317 50362966 10019058
0b000101 0b00c301 10019 100 27114 2055255890 23574281 10014956
0b000601 0b00cd01 10013 100 3830 2036530490 42315360 10013001
0b000401 0b00ca01 10020 100 3851 2054625756 24245856 10013003
0b000101 0b00ce01 10019 100 82880 2047637149 31235081 10019629
0b000f01 0b00ce01 10015 100 58490 2041023994 37860388 10017585
0b000001 0b00c001 10023 100 26906 2042481340 36433102 10014936
0b000d01 0b00c601 10014 100 48339 2052268100 26647640 10016735
0b000301 0b00c701 10011 100 33825 2038781195 40143076 10015516
0b000601 0b00c101 10012 100 171495 2038139724 40822377 10027060
0b000201 0b00ca01 10012 100 3276 2043811194 35165642 10012957
0b000401 0b00c501 10015 100 74499 2054578427 24404956 10018927
0b000101 0b00cb01 10015 100 57497 2036718395 42277964 10017502
0b000201 0b00c301 10011 100 36140 2040110048 38888210 10015713
0b000c01 0b00c001 10013 100 9622 2053948910 25078304 10013488
0b000401 0b00c701 10015 100 12957 2053687871 25340571 10013766
0b000101 0b00cd01 10017 100 41363 2042989572 36067603 10016150
0b000701 0b00cf01 10011 100 23749 2042117199 36966578 10014672
0b000301 0b00cc01 10007 100 8833 2031560001 47527294 10013421
0b000601 0b00c701 10013 100 10687 2036558519 42534846 10013577
0b000401 0b00cb01 10018 100 4630 2051388003 27728269 10013069
0b000201 0b00c901 10011 100 54971 2028637652 50506904 10017288
0b000701 0b00ca01 10013 100 9197 2036979560 42178549 10013454
0b000101 0b00c201 10022 100 138401 2056255941 22922490 10024285
0b000301 0b00c901 10006 100 702384 2014459276 64719620 10071570
0b000c01 0b00c501 10026 100 69130 2051586417 27604123 10018479
0b000f01 0b00c201 10031 100 28660 2053359824 25851671 10015084
0b000401 0b00c901 10015 100 33878 2042512635 36724697 10015520
0b000f01 0b00c101 10015 100 460724 2039808956 39439972 10051308
0b000e01 0b00ca01 10020 100 2000 2029669210 49586510 10012847
0b000d01 0b00ca01 10007 100 59405 2036955094 42354673 10017662
0b000201 0b00c401 10024 100 59688 2061110622 18217821 10017685
0b000e01 0b00c201 10025 100 64784 2049179307 30154381 10018112
0b000b01 0b00c601 10020 100 169111 2048504717 30835408 10026861
0b000301 0b00ce01 10018 100 172839 2046319561 33048992 10027171
0b000a01 0b00cf01 10019 100 141298 2049000023 30398253 10024529
0b000701 0b00c001 10015 100 73042 2034970917 44429881 10018807
0b000c01 0b00cf01 10013 100 503190 2027558897 51858075 10054870
0b000e01 0b00c801 10013 100 77617 2025712313 53711755 10019188
0b000c01 0b00c101 10011 100 9800 2058514091 20929663 10013502
0b000701 0b00c201 10002 100 871862 2009649641 69794566 10085777
0b000101 0b00cc01 10025 100 142205 2043405239 36044173 10024605
0b000201 0b00cc01 10022 100 28289 2052231075 27247713 10015054
0b000401 0b00c101 10023 100 17190 2053925899 25567625 10014124
0b000c01 0b00c901 10018 100 15892 2054134857 25369837 10014012
0b000e01 0b00c601 10017 100 15341 2045741608 33791982 10013968
0b000e01 0b00ca01 10023 100 29799 2032272820 47299719 10015179
0b000201 0b00c101 10012 100 174249 2028843422 50734245 10027291
0b000601 0b00c401 10027 100 4163 2055416998 24173164 10013032
0b000901 0b00c801 10010 100 2787 2032246611 47352251 10012914
0b000901 0b00cf01 10019 100 40245 2056120182 23512706 10016057
0b000601 0b00cc01 10022 100 77542 2045721300 33929677 10019182
0b000e01 0b00c201 10030 100 43699 2062023592 17627391 10016344
0b000801 0b00c101 10022 100 85821 2050079380 29598086 10019875
0b000b01 0b00c001 10023 100 65044 2061419175 18262320 10018136
0b000801 0b00c901 10016 100 121702 2048208338 31499566 10022884
0b000d01 0b00ca01 10012 100 58062 2049772379 29961711 10017551
0b000e01 0b00c601 10023 100 50284 2061192274 18548270 10016898
0b000601 0b00cf01 10011 100 5492 2029950337 49797348 10013142
0b000801 0b00ca01 10015 100 191239 2034230249 45530331 10028716
0b000801 0b00ce01 10015 100 50118 2039373909 40387696 10016885
0b000601 0b00c001 10014 100 70063 2037378599 42387818 10018557
0b000a01 0b00c701 10015 100 11545 2041934032 37847174 10013649
0b000e01 0b00c801 10014 100 9483 2029962843 49823228 10013477
0b000901 0b00c201 10019 100 76533 2050480884 29309495 10019098
0b000b01 0b00c401 10015 100 60230 2034500713 45347366 10017732
0b000b01 0b00c601 10010 100 14318 2030921670 48934589 10013883
0b000e01 0b00c101 10016 100 88095 2044693826 35235608 10020069
0b000e01 0b00c901 10017 100 51633 2050605560 29348863 10017010
0b000d01 0b00cd01 10024 100 34110 2062849399 17114394 10015543
0b000a01 0b00c601 10014 100 28954 2045438920 34535471 10015107
0b000001 0b00c501 10013 100 6171 2031268426 48718817 10013200
0b000a01 0b00cb01 10020 100 101874 2059064042 20939735 10021221
0b000701 0b00c501 10007 100 45617 2038554654 41451157 10016506
0b000c01 0b00c101 10007 100 24109 2043991559 36015798 10014704
0b000401 0b00cf01 10010 100 57111 2040409767 39621584 10017471
0b000101 0b00ca01 10018 100 846 2041390525 38643614 10012751
0b000201 0b00c101 10022 100 9864 2053446978 26587747 10013507
0b000d01 0b00c101 10010 100 29833 2051347708 28696477 10015181
0b000f01 0b00c401 10008 100 5119 2030387955 49663456 10013112
0b000501 0b00c001 10027 100 14579 2055357156 24701345 10013903
0b000b01 0b00c801 10013 100 4113 2042641833 37417670 10013028
0b000201 0b00c301 10014 100 30098 2043338431 36739261 10015206
0b000801 0b00cb01 10020 100 126732 2058545878 21556534 10023306
0b000601 0b00c501 10017 100 25277 2041609350 38495541 10014802
0b000f01 0b00c501 10012 100 4945 2052866407 27240498 10013094
0b000501 0b00c101 10015 100 190566 2056578111 23606487 10028658
0b000001 0b00c701 10022 100 4545 2041405457 38802615 10013062
0b000701 0b00ce01 10003 100 1277857 2009137368 71077695 10119816
0b000201 0b00cc01 10014 100 59918 2034167054 46053723 10017703
0b000701 0b00ce01 10011 100 25642 2039351400 40887561 10014831
0b000001 0b00c901 10011 100 185695 2024994105 55267027 10028249
0b000001 0b00cb01 10011 100 66116 2032965610 47312011 10018226
0b000d01 0b00c401 10014 100 45021 2050853420 29428383 10016458
0b000d01 0b00c301 10019 100 23704 2051955346 28327085 10014668
0b000401 0b00c101 10015 100 155934 2037315957 42981656 10025753
0b000a01 0b00c701 10021 100 30556 2052210715 28089712 10015243
0b000a01 0b00c801 10026 100 8164 2053606004 26700987 10013367
0b000001 0b00ce01 10024 100 56641 2050924152 29401203 10017430
0b000901 0b00cc01 10016 100 9028 2054526737 25800496 10013440
0b000301 0b00cb01 10029 100 16990 2053899483 26458365 10014104
0b000301 0b00ca01 10021 100 50696 2045093312 35284175 10016931
0b000401 0b00cf01 10006 100 16577 2034349644 46066572 10014071
0b000201 0b00c901 10021 100 39897 2052436989 28003234 10016025
0b000601 0b00c301 10015 100 52699 2032595372 47861396 10017099
0b000f01 0b00c201 10009 100 355745 2021257244 59215165 10042506
0b000e01 0b00c701 10014 100 21266 2043577640 36897865 10014465
0b000c01 0b00c401 10019 100 20592 2036534866 43944635 10014408
0b000501 0b00cd01 10015 100 251054 2043953247 36532991 10033732
0b000101 0b00c001 10020 100 38275 2056014570 24479287 10015891
0b000a01 0b00c701 10028 100 34153 2056270441 24332968 10015546
0b000101 0b00c101 10019 100 112478 2047179723 33434837 10022112
0b000e01 0b00ce01 10022 100 49892 2049183881 31430691 10016863
0b000e01 0b00c901 10014 100 67438 2037940879 42686255 10018336
0b000901 0b00c901 10025 100 28213 2053785854 26875402 10015048
0b000e01 0b00c201 10024 100 82470 2048601563 32065162 10019596
0b000201 0b00c401 10017 100 20856 2046209920 34471861 10014429
0b000901 0b00ce01 10011 100 158039 2046184815 34507583 10025933
0b000d01 0b00c001 10022 100 2000 2068034869 12697814 10012847
0b000201 0b00cc01 10017 100 25876 2040614563 40122938 10014849
0b000f01 0b00c801 10020 100 27745 2058980676 21758799 10015007
0b000801 0b00c501 10015 100 36421 2040885348 39856387 10015735
0b000601 0b00c501 10013 100 5428 2034414690 46344872 10013137
0b000201 0b00ce01 10031 100 7816 2066055641 14708617 10013336
0b000a01 0b00ce01 10016 100 91457 2049405494 31360716 10020349
0b000001 0b00c401 10008 100 50960 2029917750 50874988 10016952
0b000c01 0b00c101 10010 100 25152 2055064928 25743454 10014792
0b000401 0b00c601 10014 100 160896 2034632951 46190053 10026169
0b000201 0b00cc01 10023 100 2290 2054823308 26007958 10012874
0b000d01 0b00cb01 10022 100 23708 2052545578 28329930 10014668
0b000301 0b00c801 10026 100 8180 2054565382 26316756 10013368
0b000201 0b00c401 10010 100 1805 2032480436 48404652 10012832
0b000a01 0b00c401 10003 100 838000 2011733592 69174944 10082937
0b000301 0b00ce01 10021 100 22940 2054016116 26904969 10014603
0b000301 0b00c401 10014 100 11682 2054570969 26418296 10013660
0b000c01 0b00c301 10013 100 65782 2049362539 31647892 10018196
0b000401 0b00c801 10017 100 60687 2064505030 16542159 10017769
0b000501 0b00cc01 10017 100 395120 2030756227 50302503 10045810
0b000401 0b00c701 10010 100 154424 2036506770 44563107 10025629
0b000301 0b00cc01 10014 100 62878 2055879602 25192157 10017952
0b000801 0b00c601 10015 100 47708 2052263688 28811168 10016680
0b000101 0b00c201 10021 100 62695 2051048787 30046952 10017937
0b000c01 0b00c901 10017 100 47863 2050998771 30165637 10016693
0b000101 0b00c901 10019 100 5636 2055113486 26051113 10013153
0b000b01 0b00c901 10024 100 51294 2056510236 24667353 10016983
0b000701 0b00c601 10019 100 36706 2041851108 39328853 10015758
0b000e01 0b00c001 10018 100 68176 2040287746 40922287 10018399
0b000101 0b00c001 10018 100 7513 2055074550 26160350 10013311
0b000f01 0b00cf01 10010 100 134347 2038260804 42978958 10023946
0b000e01 0b00ca01 10033 100 7920 2056245491 25047375 10013344
0b000401 0b00ce01 10011 100 29163 2031155947 50145212 10015128
0b000401 0b00c201 10014 100 118775 2034548556 46802913 10022638
0b000401 0b00c001 10009 100 28904 2039652251 41700926 10015103
0b000f01 0b00c001 10011 100 78095 2037033435 44337144 10019230
0b000601 0b00cd01 10011 100 58574 2029151150 52225720 10017592
0b000b01 0b00c201 10015 100 67029 2052415111 28968370 10018303
0b000201 0b00ce01 10027 100 46263 2052794372 28596091 10016561
0b000d01 0b00c601 10016 100 48547 2054508821 26888354 10016751
0b000201 0b00c301 10013 100 40902 2040544986 40874157 10016109
0b000001 0b00c701 10023 100 55692 2041441966 39984429 10017350
0b000301 0b00ca01 10020 100 351575 2044322263 37107826 10042157
0b000301 0b00c601 10016 100 65595 2052602354 28881418 10018181
0b000d01 0b00c501 10016 100 24891 2055727923 25767813 10014767
0b000301 0b00cc01 10008 100 3958 2034234333 47279271 10013012
0b000e01 0b00cc01 10026 100 7900 2068092056 13477211 10013342
0b000a01 0b00c301 10020 100 76 2068342873 13237318 10012689
0b000601 0b00c201 10015 100 42259 2044027845 37554641 10016225
0b000501 0b00cb01 10017 100 11847 2039255948 42344054 10013673
0b000301 0b00cb01 10024 100 25420 2043367708 38252381 10014813
0b000801 0b00c401 10015 100 4974 2048069401 33558713 10013097
0b000a01 0b00ca01 10020 100 24975 2058702680 22933908 10014774
0b000801 0b00c201 10018 100 22991 2054968536 26682530 10014607
0b000f01 0b00c901 10013 100 10672 2031976693 49678592 10013576
0b000701 0b00c801 10014 100 9140 2053331478 28328324 10013449
0b000f01 0b00c301 10015 100 21889 2048320556 33400994 10014515
0b000301 0b00cc01 10021 100 18913 2066144791 15579309 10014266
0b000d01 0b00c901 10025 100 29570 2053331843 28402031 10015160
0b000301 0b00c601 10009 100 32636 2031916304 49830636 10015417
0b000e01 0b00cd01 10015 100 3432 2039335105 42421122 10012969
0b000001 0b00c601 10023 100 167996 2045337818 36425941 10026764
0b000001 0b00cd01 10016 100 140927 2037490888 44273645 10024495
0b000601 0b00c801 10016 100 2303 2054158423 27614295 10012875
0b000201 0b00cb01 10018 100 7279 2067847588 13928378 10013293
0b000901 0b00c301 10016 100 31587 2043060994 38745196 10015329
0b000a01 0b00c401 10014 100 8404 2044167042 37649929 10013386
0b000d01 0b00cf01 10011 100 159554 2029625960 52199630 10026058
0b000c01 0b00cb01 10021 100 2573 2049068603 32760337 10012897
0b000501 0b00ca01 10015 100 279879 2040937630 40896632 10036145
0b000601 0b00c601 10024 100 5460 2043922895 37932853 10013139
0b000801 0b00c001 10008 100 605213 2022888398 59050374 10063424
0b000401 0b00c901 10021 100 4626 2056819744 25146894 10013069
0b000001 0b00c901 10026 100 7884 2048088611 33907178 10013341
0b000201 0b00c201 10015 100 40154 2040978516 41020117 10016049
0b000d01 0b00c901 10026 100 6105 2054528911 27485699 10013195
0b000601 0b00c801 10018 100 22860 2059879658 22147073 10014597
0b000f01 0b00ce01 10020 100 7181 2054526242 27516601 10013285
0b000101 0b00c401 10018 100 9362 2055814128 26232896 10013467
0b000601 0b00cd01 10021 100 52601 2050002045 32069875 10017091
0b000f01 0b00c201 10035 100 49090 2059245513 22845188 10016799
0b000e01 0b00ce01 10015 100 32840 2033517910 48593664 10015433
0b000701 0b00c101 10014 100 57525 2052190278 29925107 10017504
0b000601 0b00c501 10018 100 139235 2043373518 38744541 10024356
0b000c01 0b00c201 10012 100 82150 2039367928 42754805 10019570
0b000d01 0b00c601 10008 100 25625 2031235442 50893007 10014829
0b000301 0b00cd01 10010 100 48081 2041468733 40661352 10016714
0b000301 0b00c001 10012 100 35367 2054529442 27609545 10015647
0b000701 0b00c601 10017 100 15 2039868958 42287363 10012685
0b000101 0b00ce01 10011 100 243925 2029104781 53085984 10033130
0b000d01 0b00c201 10019 100 20561 2054042941 28156742 10014405
0b000201 0b00cf01 10014 100 25450 2037813648 44411934 10014815
0b000301 0b00cc01 10012 100 167678 2051948823 30281265 10026739
0b000d01 0b00c501 10012 100 20854 2044553496 37689792 10014428
0b000e01 0b00c601 10015 100 68154 2042372723 39885272 10018397
0b000c01 0b00c401 10029 100 51092 2063595383 18670424 10016967
0b000101 0b00c601 10017 100 61020 2043620510 38698086 10017799
0b000601 0b00ca01 10019 100 66947 2060678025 21651828 10018293
0b000a01 0b00ca01 10010 100 20010 2033193053 49144541 10014361
0b000b01 0b00c601 10025 100 4411 2055894326 26470615 10013052
0b000101 0b00c701 10018 100 37714 2065595846 16780618 10015843
0b000f01 0b00c301 10021 100 9810 2069097693 13296044 10013503
0b000901 0b00c401 10014 100 70164 2041870571 40555167 10018565
0b000101 0b00c701 10004 100 167806 2033344056 49098457 10026749
0b000e01 0b00ce01 10019 100 65720 2041979674 40476986 10018191
0b000901 0b00cc01 10018 100 24778 2054963889 27509107 10014758
0b000801 0b00c601 10014 100 78113 2045618520 36855422 10019232
0b000a01 0b00c901 10020 100 6171 2060563010 21930432 10013200
0b000b01 0b00c601 10014 100 42014 2036585164 45912509 10016206
0b000701 0b00cb01 10013 100 184938 2030694619 51806808 10028185
0b000201 0b00cf01 10020 100 13133 2044571251 37965824 10013784
0b000401 0b00c301 10018 100 367811 2035660394 46900541 10043518
0b000e01 0b00c001 10024 100 5576 2057511179 25073670 10013149
0b000b01 0b00c701 10014 100 16999 2045469092 37128548 10014105
0b000001 0b00c901 10032 100 27337 2058313889 24345310 10014974
0b000001 0b00c201 10011 100 25492 2033084666 49592326 10014819
0b000601 0b00ce01 10022 100 3548 2058380893 24298961 10012979
0b000301 0b00cb01 10025 100 6131 2043843106 38836814 10013197
0b000101 0b00c201 10015 100 1312 2044026310 38690020 10012792
0b000701 0b00c701 10016 100 149230 2040389643 42340982 10025194
0b000f01 0b00c201 10016 100 18963 2032636606 50125896 10014270
0b000401 0b00c201 10023 100 77294 2058922599 23846141 10019163
0b000f01 0b00c301 10020 100 53905 2059786368 22994432 10017199
0b000601 0b00c001 10023 100 69647 2060249101 22537418 10018520
0b000901 0b00ca01 10020 100 73457 2044656821 38176902 10018840
0b000001 0b00cf01 10024 100 38873 2064867984 17971051 10015939
0b000801 0b00cf01 10016 100 26122 2059706870 23158727 10014873
0b000b01 0b00c501 10010 100 108738 2031829017 51050272 10021797
0b000e01 0b00ce01 10018 100 7469 2040168146 42711403 10013308
0b000301 0b00c101 10017 100 57480 2033417818 49527892 10017501
0b000401 0b00cb01 10012 100 1441 2037173514 45773654 10012802
0b000801 0b00ce01 10018 100 51259 2042406408 40567467 10016980
0b000b01 0b00ca01 10022 100 77517 2056075258 26898998 10019180
0b000f01 0b00c001 10019 100 40314 2053949991 29025197 10016062
0b000701 0b00ce01 10018 100 20018 2049728436 33251727 10014362
0b000e01 0b00ca01 10005 100 701535 2008269358 74712371 10071498
0b000d01 0b00c301 10022 100 49758 2059590103 23397226 10016852
0b000301 0b00cf01 10010 100 620704 2030606247 52381431 10064720
0b000b01 0b00c201 10023 100 25762 2068124977 14868460 10014840
0b000301 0b00cd01 10021 100 5066 2060993573 22018523 10013108
0b000301 0b00ca01 10027 100 74405 2063426282 19588626 10018920
0b000b01 0b00ca01 10023 100 10576 2060914361 22143114 10013568
0b000101 0b00c101 10005 100 820662 2012354424 70750960 10081485
0b000a01 0b00c401 10015 100 76838 2044856090 38276511 10019122
0b000a01 0b00c801 10021 100 11018 2045373693 37764850 10013607
0b000a01 0b00cf01 10024 100 22495 2056336119 26819902 10014567
0b000401 0b00ce01 10021 100 43288 2055955761 27233966 10016312
0b000701 0b00c101 10010 100 2029 2037150239 46106003 10012853
0b000101 0b00c901 10016 100 33723 2045438738 37834591 10015508
0b000e01 0b00c201 10031 100 71189 2062158554 21116422 10018651
0b000301 0b00ce01 10025 100 3580 2057433790 25867419 10012981
0b000801 0b00c201 10001 100 1331099 2005073184 78229557 10124282
0b000c01 0b00c201 10019 100 29149 2054482101 28826675 10015127
0b000b01 0b00cd01 10018 100 20292 2067586610 15732828 10014384
0b000e01 0b00ce01 10027 100 6197 2061917069 21403711 10013202
0b000001 0b00c101 10013 100 71538 2052317254 31009524 10018679
0b000401 0b00c201 10022 100 48087 2056459486 26867812 10016715
0b000201 0b00c201 10011 100 30412 2033363470 49971071 10015232
0b000401 0b00cf01 10020 100 49868 2056514067 26824998 10016861
0b000501 0b00ca01 10016 100 39318 2042785764 40602444 10015979
0b000801 0b00cc01 10014 100 305000 2037433484 45964587 10038251
0b000801 0b00ce01 10012 100 29523 2033900363 49502986 10015157
0b000e01 0b00c001 10021 100 3204 2046582320 36821565 10012951
0b000001 0b00c901 10030 100 23738 2055972114 27455631 10014671
0b000501 0b00cb01 10020 100 9443 2043401327 40048066 10013473
0b000901 0b00c301 10018 100 25086 2044933192 38540708 10014786
0b000c01 0b00cc01 10021 100 43577 2044320821 39190854 10016335
0b000601 0b00c601 10016 100 31677 2032429968 51116867 10015337
0b000101 0b00c701 10009 100 67878 2053124123 30441701 10018371
0b000001 0b00c701 10028 100 22895 2060023047 23544791 10014599
0b000001 0b00cd01 10022 100 23138 2043842557 39726582 10014623
0b000201 0b00c201 10016 100 73627 2041027491 42550152 10018854
0b000001 0b00c001 10025 100 8133 2044685932 38892629 10013365
0b000401 0b00ce01 10020 100 72857 2052311206 31276392 10018788
0b000101 0b00c801 10017 100 98666 2051107384 32494262 10020953
0b000301 0b00c001 10013 100 5110 2057641131 25974197 10013111
0b000901 0b00c601 10018 100 24666 2056128184 27492397 10014749
0b000701 0b00c301 10011 100 66591 2036202534 47421864 10018264
0b000601 0b00c701 10011 100 41801 2031905254 51752425 10016185
0b000701 0b00cb01 10017 100 59989 2039620767 44058530 10017709
0b000b01 0b00c601 10024 100 71421 2054094147 29675840 10018670
0b000701 0b00cb01 10021 100 47921 2050149420 33633763 10016698
0b000f01 0b00cc01 10018 100 7258 2041253440 42532128 10013291
0b000101 0b00cf01 10024 100 2246 2057727830 26076675 10012871
0b000401 0b00ce01 10018 100 68530 2043160079 40654483 10018427
0b000c01 0b00cc01 10016 100 8417 2033246237 50592136 10013387
0b000601 0b00cb01 10010 100 82329 2052534345 31323953 10019585
0b000201 0b00c301 10016 100 14369 2045806327 38071240 10013887
0b000d01 0b00c101 10012 100 9203 2056200893 27690357 10013454
0b000901 0b00ca01 10018 100 36067 2043648001 40267463 10015707
0b000701 0b00c301 10009 100 457142 2030937865 53035660 10051010
0b000201 0b00c001 10010 100 4143 2049391507 34611781 10013030
0b000d01 0b00cb01 10027 100 1842 2068798511 15205868 10012835
0b000d01 0b00ca01 10017 100 16994 2058473327 25536327 10014104
0b000e01 0b00cc01 10019 100 812 2056812990 27237104 10012748
0b000e01 0b00ce01 10023 100 72183 2050265372 33797374 10018734
0b000801 0b00ce01 10019 100 13579 2045096599 38982857 10013820
0b000a01 0b00cb01 10019 100 4712 2057602162 26479353 10013076
0b000b01 0b00c701 10025 100 26055 2069083684 15023168 10014868
0b000901 0b00c201 10024 100 24507 2068359724 15769033 10014736
0b000601 0b00c401 10021 100 191288 2040907064 43244744 10028720
0b000201 0b00c301 10015 100 27236 2044161555 39992589 10014966
0b000401 0b00c201 10006 100 695008 2013903626 70254308 10070953
0b000301 0b00c901 10020 100 2372 2061971452 22200399 10012881
0b000501 0b00c701 10028 100 2887 2060553843 23625763 10012922
0b000001 0b00cf01 10020 100 35237 2055870139 28355010 10015637
0b000001 0b00ca01 10016 100 27847 2056373960 27868644 10015015
0b000701 0b00c001 10019 100 29460 2043983734 40264745 10015152
0b000801 0b00cb01 10019 100 18832 2057799188 26480919 10014259
0b000801 0b00ca01 10017 100 38297 2038463827 45832086 10015893
0b000001 0b00cd01 10028 100 2500 2062083327 22221085 10012891
0b000a01 0b00c501 10020 100 16676 2057833177 26485946 10014079
0b000401 0b00ca01 10008 100 541912 2020532226 63789008 10058114
0b000101 0b00c501 10025 100 78489 2053264753 31066289 10019262
0b000901 0b00c701 10027 100 14790 2057386869 27012880 10013920
0b000501 0b00ce01 10021 100 69387 2050946170 33461185 10018499
0b000901 0b00ca01 10024 100 25295 2061503194 22916112 10014803
0b000101 0b00cd01 10021 100 36212 2047597440 36825477 10015719
0b000901 0b00c701 10034 100 23783 2069868989 14554169 10014674
0b000c01 0b00cd01 10016 100 6449 2037870781 46568320 10013222
0b000301 0b00cd01 10012 100 347391 2048710008 35733682 10041807
0b000901 0b00c601 10014 100 30748 2048531901 35944331 10015258
0b000f01 0b00c701 10013 100 63637 2037497721 46983545 10018016
0b000501 0b00cc01 10030 100 16264 2060612939 23897242 10014046
0b000c01 0b00c201 10028 100 30843 2069336349 15174227 10015266
0b000f01 0b00cb01 10016 100 31488 2037576823 46944536 10015321
0b000201 0b00c301 10023 100 4924 2058250364 26278141 10013093
0b000401 0b00ca01 10011 100 301843 2030428355 54108965 10037987
0b000401 0b00c301 10016 100 41785 2032665874 51875668 10016184
0b000501 0b00c601 10004 100 934792 2011669765 72917571 10091053
0b000a01 0b00c001 10022 100 7861 2061942730 22654084 10013339
0b000301 0b00c501 10018 100 62758 2055338438 29305687 10017942
0b000e01 0b00c101 10027 100 74998 2063007051 21660568 10018967
0b000801 0b00c701 10022 100 62202 2044717342 39981680 10017898
0b000001 0b00cd01 10009 100 487107 2016544200 68167740 10053522
0b000a01 0b00c001 10015 100 75007 2044014552 40706138 10018972
0b000401 0b00cb01 10008 100 326685 2029128363 55598586 10040070
0b000401 0b00cb01 10014 100 19147 2047920857 36809610 10014288
0b000701 0b00c301 10030 100 53454 2069049110 15682863 10017163
0b000201 0b00c701 10004 100 885693 2013156192 71577806 10086937
0b000a01 0b00ca01 10013 100 203272 2047380362 37359960 10029725
0b000a01 0b00cc01 10020 100 27057 2056729301 28016128 10014952
0b000001 0b00c601 10027 100 62961 2057659607 27099686 10017958
0b000001 0b00cd01 10026 100 20493 2057132927 27627697 10014400
0b000e01 0b00c501 10002 100 1071786 2002389105 82388238 10102539
0b000c01 0b00cc01 10015 100 292609 2031360840 53479018 10037213
0b000301 0b00c801 10024 100 1724 2051333440 33520929 10012825
0b000c01 0b00cc01 10017 100 49962 2035624299 49250637 10016868
0b000401 0b00c201 10028 100 6600 2069304451 15628127 10013234
0b000001 0b00c601 10029 100 14512 2062117112 22821324 10013898
0b000301 0b00cf01 10018 100 40808 2056904901 28043567 10016102
0b000b01 0b00ce01 10012 100 1049 2059401268 25569424 10012771
0b000801 0b00c201 10020 100 35758 2056930142 28045368 10015678
0b000e01 0b00c101 10024 100 141230 2056215557 28785626 10024523
0b000001 0b00c001 10030 100 70912 2054052816 30966858 10018625
0b000501 0b00c001 10026 100 22450 2050236808 34795974 10014564
0b000d01 0b00cd01 10007 100 891864 2017792678 67244764 10087454
0b000301 0b00cd01 10001 100 1121242 2005088065 79967509 10106687
0b000001 0b00c301 10011 100 18829 2047637153 37452508 10014259
0b000e01 0b00c201 10020 100 6304 2039310009 45789428 10013211
0b000b01 0b00c201 10022 100 78744 2066723399 18383555 10019282
0b000801 0b00c701 10034 100 24199 2070323800 14793345 10014711
0b000901 0b00cf01 10001 100 5231540 2001936859 83187850 10451294
0b000a01 0b00c601 10020 100 66553 2059432601 25729744 10018261
0b000701 0b00cf01 10015 100 10282 2056766317 28430656 10013544
0b000b01 0b00cf01 10018 100 9236 2059118557 26079755 10013457
0b000801 0b00c501 10025 100 160 2059712828 25539147 10012696
0b000101 0b00c101 10022 100 12333 2058623508 26632806 10013716
0b000d01 0b00c701 10021 100 39086 2056097373 29160137 10015960
0b000d01 0b00cb01 10025 100 141429 2056591885 28666228 10024539
0b000b01 0b00c401 10026 100 94504 2053602310 31675019 10020605
0b000101 0b00ca01 10019 100 225462 2054540987 30752758 10031584
0b000601 0b00cd01 10023 100 55368 2052632806 32663496 10017324
0b000e01 0b00c701 10019 100 6611 2060093687 25209128 10013235
0b000801 0b00c901 10020 100 29053 2061138990 24171772 10015119
0b000001 0b00ca01 10009 100 38629 2040280694 45042856 10015920
0b000801 0b00c501 10012 100 25224 2036156012 49174024 10014797
0b000801 0b00c501 10018 100 4693 2046711047 38621105 10013074
0b000501 0b00cf01 10010 100 79756 2033484218 51853136 10019367
0b000301 0b00cd01 10011 100 6339 2046705617 38632698 10013214
0b000e01 0b00c101 10020 100 7481 2050248482 35095594 10013309
0b000801 0b00ca01 10024 100 18778 2051167206 34187418 10014255
0b000101 0b00c301 10015 100 154627 2037460626 47898036 10025645
0b000b01 0b00ce01 10010 100 735 2037923194 47445592 10012742
0b000c01 0b00c201 10018 100 137761 2053682665 31709503 10024230
0b000101 0b00c001 10021 100 709 2059695168 25701557 10012740
0b000c01 0b00cb01 10027 100 7465 2069780966 15648834 10013307
0b000601 0b00c601 10017 100 193592 2035754480 49687502 10028912
0b000201 0b00c401 10022 100 40357 2057298932 28154003 10016066
0b000f01 0b00ca01 10022 100 59700 2058154910 27330999 10017686
0b000501 0b00cb01 10016 100 21731 2036943245 48559783 10014502
0b000801 0b00c901 10015 100 30635 2045780449 39738938 10015249
0b000501 0b00c801 10012 100 25550 2038542770 47001398 10014823
0b000301 0b00cf01 10009 100 267249 2029577838 55966698 10035089
0b000601 0b00c401 10026 100 13346 2050707387 34852310 10013801
0b000f01 0b00cb01 10025 100 7624 2050057015 35520700 10013320
0b000001 0b00ca01 10008 100 32688 2036912547 48682445 10015421
0b000901 0b00c201 10016 100 22653 2047141829 38456163 10014580
0b000b01 0b00ce01 10011 100 61472 2045661598 39943794 10017835
0b000901 0b00c501 10021 100 17946 2048254581 37353150 10014184
0b000f01 0b00cc01 10016 100 21270 2038796286 46819364 10014466
0b000501 0b00cb01 10021 100 21259 2049416885 36244073 10014465
0b000401 0b00c101 10025 100 65011 2061529423 24140812 10018134
0b000601 0b00cc01 10003 100 926430 2008681532 76990971 10090354
0b000001 0b00ce01 10028 100 27159 2069196919 16488140 10014960
0b000501 0b00c701 10020 100 38434 2037953117 47769742 10015904
0b000701 0b00cb01 10020 100 10859 2047826522 37919162 10013590
0b000901 0b00cb01 10015 100 58979 2045520153 40226065 10017624
0b000f01 0b00ca01 10016 100 640788 2032840762 52940099 10066404
0b000401 0b00c401 10010 100 47593 2046869163 38912013 10016671
0b000901 0b00c501 10017 100 71930 2034030994 51778638 10018710
0b000701 0b00c101 10011 100 9212 2039524639 46307001 10013455
0b000501 0b00c901 10019 100 18091 2049079075 36798066 10014200
0b000201 0b00c501 10010 100 69642 2033777976 52107253 10018520
0b000801 0b00c501 10026 100 62298 2068523449 17443548 10017905
0b000401 0b00c001 10017 100 55326 2069871888 16158591 10017321
0b000101 0b00c901 10022 100 4591 2063674101 22357095 10013066
0b000a01 0b00c201 10016 100 1002 2037626688 48417598 10012767
0b000401 0b00cb01 10021 100 22647 2063301928 22749231 10014580
0b000401 0b00cd01 10021 100 25679 2072866460 13210534 10014834
0b000401 0b00ce01 10023 100 54625 2058740933 27349979 10017261
0b000e01 0b00c101 10026 100 29030 2059746644 26384278 10015117
0b000c01 0b00c201 10011 100 514787 2028589031 57544516 10055840
0b000d01 0b00cc01 10008 100 24004 2039732480 46435488 10014696
0b000e01 0b00c801 10022 100 3146 2049206101 36968929 10012947
0b000601 0b00c301 10022 100 29712 2041528603 44658094 10015172
0b000101 0b00c401 10019 100 24084 2058774248 27428088 10014702
0b000201 0b00cb01 10011 100 36873 2039595589 46612462 10015771
0b000801 0b00ce01 10030 100 2702 2064713180 21510636 10012907
0b000701 0b00cd01 10016 100 2928 2036482067 49744107 10012925
0b000201 0b00cf01 10017 100 157454 2039117800 47115828 10025883
0b000a01 0b00ce01 10013 100 288273 2044579601 41674699 10036851
0b000601 0b00ca01 10014 100 133396 2035128835 51136253 10023866
0b000601 0b00c701 10017 100 165059 2044848173 41424475 10026522
0b000601 0b00cf01 10016 100 64598 2039914549 46374017 10018097
0b000401 0b00ce01 10022 100 62018 2058612854 27686685 10017883
0b000701 0b00cb01 10019 100 77955 2047753322 38549913 10019215
0b000a01 0b00c401 10008 100 134296 2033078394 53260805 10023942
0b000401 0b00c601 10019 100 62514 2044771610 41596180 10017923
0b000b01 0b00cb01 10016 100 50779 2057183435 29184820 10016938
0b000301 0b00ce01 10017 100 4156 2037618081 48791960 10013031
0b000801 0b00c401 10014 100 23475 2048041507 38371360 10014650
0b000101 0b00c201 10018 100 4327 2048731657 37690914 10013045
0b000c01 0b00c201 10025 100 13666 2060994355 25436389 10013827
0b000001 0b00cf01 10021 100 57527 2059384929 27070608 10017504
0b000101 0b00c001 10022 100 26954 2062454348 24048995 10014940
0b000101 0b00c801 10015 100 25537 2046258803 40259631 10014822
0b000701 0b00c801 10009 100 48965 2039226898 47307108 10016785
0b000301 0b00ca01 10017 100 113374 2038232284 48302571 10022187
0b000901 0b00c201 10015 100 118629 2042297503 44278601 10022627
0b000a01 0b00ca01 10016 100 16376 2050440252 36141753 10014055
0b000b01 0b00c201 10007 100 369917 2029118829 57465646 10043694
0b000801 0b00ca01 10027 100 13113 2060268145 26323615 10013782
0b000701 0b00c401 10016 100 13880 2048348194 38276559 10013844
0b000a01 0b00c101 10010 100 53605 2048358084 38284727 10017175
0b000f01 0b00c001 10016 100 42710 2047976536 38668250 10016261
0b000401 0b00c201 10016 100 2637 2040398021 46261992 10012902
0b000d01 0b00c601 10010 100 310074 2033644647 53039396 10038680
0b000201 0b00ca01 10013 100 7653 2049005831 37684537 10013322
0b000001 0b00c501 10028 100 68946 2059269029 27433364 10018460
0b000b01 0b00c401 10016 100 528097 2036290762 50414841 10056959
0b000301 0b00c501 10019 100 24145 2059329042 27378201 10014707
0b000f01 0b00c201 10037 100 77761 2062027390 24703282 10019200
0b000f01 0b00cb01 10024 100 3744 2049450098 37284337 10012994
0b000101 0b00c801 10013 100 5772 2039060157 47690317 10013164
0b000a01 0b00c801 10030 100 578 2061322903 25437159 10012730
0b000b01 0b00cc01 10026 100 9689 2064621519 22145727 10013493
0b000a01 0b00c001 10011 100 213372 2034016762 52770256 10030571
0b000601 0b00c501 10016 100 15268 2040037912 46766488 10013962
0b000401 0b00c401 10015 100 17591 2058818029 27988552 10014156
0b000a01 0b00ca01 10022 100 8450 2063926015 22884391 10013390
0b000701 0b00cb01 10028 100 9921 2062850081 23997097 10013512
0b000e01 0b00ce01 10017 100 145319 2038968160 47893285 10024866
0b000a01 0b00cf01 10017 100 46691 2047171768 39720171 10016595
0b000f01 0b00cf01 10015 100 4674 2047753570 39154487 10013073
0b000c01 0b00c501 10037 100 14371 2070732141 16184364 10013887
0b000701 0b00c201 10018 100 63202 2049102693 37887457 10017981
0b000101 0b00c501 10017 100 183419 2036349631 50643027 10028060
0b000101 0b00c001 10015 100 24032 2046935050 40067439 10014698
0b000501 0b00c301 10018 100 63178 2048965277 38041949 10017980
0b000101 0b00c501 10010 100 616942 2019450095 67563091 10064404
0b000c01 0b00c401 10020 100 228748 2037241292 49782151 10031859
0b000e01 0b00cb01 10013 100 1046 2041387806 45635859 10012771
0b000301 0b00ce01 10028 100 3930 2072629501 14395530 10013009
0b000201 0b00c401 10021 100 63261 2056977755 30051596 10017986
0b000e01 0b00ce01 10024 100 68629 2058683272 28348388 10018435
0b000701 0b00c301 10024 100 71052 2058946119 28099270 10018640
0b000c01 0b00c801 10016 100 2711 2047702040 39354264 10012908
0b000101 0b00cd01 10024 100 17810 2059790862 27286529 10014173
0b000f01 0b00c901 10016 100 27020 2039982506 47118322 10014949
0b000d01 0b00ce01 10018 100 60137 2060475519 26665023 10017725
0b000701 0b00c501 10008 100 40834 2045698182 41455190 10016104
0b000301 0b00c801 10021 100 9212 2048632200 38538708 10013455
0b000001 0b00c701 10027 100 25615 2059548029 27704128 10014829
0b000801 0b00c801 10028 100 7448 2061190804 26069542 10013306
0b000801 0b00c701 10020 100 4820 2038722010 48539965 10013084
0b000501 0b00cc01 10028 100 518 2058842165 28432025 10012725
0b000301 0b00c801 10028 100 24185 2059858896 27417737 10014710
0b000c01 0b00c301 10008 100 168930 2041283425 46006871 10026843
0b000f01 0b00c301 10013 100 9741 2040666913 46627433 10013497
0b000401 0b00ca01 10016 100 112551 2045824493 41490381 10022118
0b000c01 0b00cd01 10025 100 17944 2061660872 25669156 10014184
0b000201 0b00c701 10017 100 9309 2048582522 38798599 10013463
0b000501 0b00cd01 10019 100 79504 2053619610 33761736 10019347
0b000b01 0b00c701 10024 100 42572 2059192377 28237245 10016250
0b000801 0b00c001 10014 100 14916 2060349111 27100550 10013930
0b000b01 0b00c701 10016 100 44045 2047161757 40295341 10016376
0b000f01 0b00c901 10007 100 1028160 2016364994 71103621 10098884
0b000301 0b00c301 10002 100 1402684 2002810381 84659333 10130282
0b000e01 0b00cd01 10024 100 7752 2071386380 16112428 10013330
0b000401 0b00c001 10012 100 35143 2048290117 39230754 10015629
0b000701 0b00c301 10013 100 57434 2036582875 50942045 10017497
0b000801 0b00c101 10023 100 46440 2050950357 36586097 10016575
0b000a01 0b00c501 10023 100 9270 2060824756 26745219 10013460
0b000e01 0b00cd01 10022 100 54846 2065898315 21673766 10017278
0b000f01 0b00c201 10024 100 22196 2040619297 46958578 10014544
0b000701 0b00c501 10010 100 76353 2052929804 34677508 10019083
0b000701 0b00cd01 10017 100 24854 2037377631 50255465 10014764
0b000601 0b00cb01 10013 100 111234 2054023862 33641367 10022008
0b000c01 0b00c301 10017 100 18481 2059261434 28413180 10014231
0b000901 0b00cb01 10016 100 14324 2048637487 39072808 10013883
0b000901 0b00c301 10013 100 540605 2030228939 57523742 10058005
0b000c01 0b00c501 10003 100 1345738 2005406346 82365086 10125507
0b000b01 0b00c601 10026 100 84519 2057009155 30762802 10019767
0b000301 0b00c001 10015 100 35058 2060132716 27682576 10015622
0b000801 0b00c701 10033 100 1895 2066233540 21588942 10012839
0b000501 0b00c001 10025 100 245337 2049708203 38117391 10033251
0b000101 0b00cd01 10027 100 2208 2065531431 22318378 10012868
0b000401 0b00c101 10016 100 4498 2038054250 49805850 10013059
0b000f01 0b00cc01 10014 100 801577 2030449974 57416030 10079885
0b000c01 0b00c401 10027 100 24948 2051409240 36470482 10014771
0b000c01 0b00c201 10024 100 1481 2060603641 27279614 10012806
0b000b01 0b00c501 10013 100 23644 2038565449 49379344 10014663
0b000c01 0b00ce01 10003 100 990695 2010636152 77368778 10095741
0b000f01 0b00c701 10016 100 150669 2045660654 42377879 10025313
0b000d01 0b00c901 10018 100 281709 2038275055 49770806 10036299
0b000b01 0b00c301 10015 100 28834 2060057791 27997381 10015098
0b000e01 0b00ce01 10028 100 2352 2064696651 23366853 10012879
0b000301 0b00c001 10019 100 109904 2065455018 22615608 10021894
0b000901 0b00cb01 10020 100 73887 2058479203 29593746 10018875
0b000c01 0b00c401 10022 100 33156 2043064290 45056761 10015463
0b000001 0b00c001 10027 100 27860 2050100457 38025541 10015016
0b000b01 0b00c401 10019 100 9279 2039330072 48839067 10013460
0b000801 0b00cf01 10014 100 48914 2051482057 36741844 10016781
0b000501 0b00c501 10028 100 47162 2064467898 23756805 10016637
0b000501 0b00cf01 10019 100 193783 2051153214 37074586 10028927
0b000001 0b00cc01 10024 100 36337 2059629397 28610355 10015729
0b000201 0b00c701 10015 100 61987 2037848465 50396424 10017877
0b000c01 0b00c001 10017 100 64210 2067922337 20346046 10018066
0b000b01 0b00c601 10028 100 5543 2062433753 25867507 10013146
0b000a01 0b00c701 10017 100 72743 2046061072 42280196 10018779
0b000a01 0b00cf01 10021 100 267713 2050112785 38250220 10035126
0b000801 0b00c601 10017 100 73988 2062076831 26306682 10018883
0b000d01 0b00ce01 10020 100 5969 2063471004 24948341 10013180
0b000101 0b00cb01 10021 100 3649 2062542566 25889333 10012987
0b000301 0b00c301 10007 100 796378 2013937546 74502629 10079450
0b000c01 0b00c001 10010 100 195358 2048879213 39571899 10029061
0b000301 0b00c901 10022 100 62617 2062855960 25613962 10017931
0b000001 0b00c301 10015 100 69328 2056840871 31634713 10018495
0b000601 0b00c201 10021 100 7 2060889755 27599323 10012684
0b000d01 0b00c401 10018 100 78578 2060593308 27908857 10019269
0b000901 0b00c501 10027 100 8415 2065721653 22781262 10013387
0b000a01 0b00c501 10015 100 25073 2048705328 39833341 10014785
0b000c01 0b00c901 10016 100 32471 2050089924 38476159 10015404
0b000c01 0b00c501 10016 100 58261 2036175780 52398860 10017567
0b000101 0b00c101 10018 100 65753 2045583617 42999000 10018193
0b000501 0b00cc01 10000 100 1847664 2001924042 86681950 10167589
0b000c01 0b00cd01 10024 100 112475 2056705253 31924897 10022111
0b000301 0b00ca01 10024 100 47424 2052779934 35879247 10016658
0b000e01 0b00c501 10017 100 9505 2048482148 40193844 10013478
0b000501 0b00ca01 10021 100 66967 2052669643 36008727 10018294
0b000101 0b00cf01 10025 100 14794 2061713581 26972595 10013921
0b000401 0b00cb01 10024 100 78209 2068105436 20589529 10019240
0b000201 0b00ce01 10026 100 30481 2048752745 39951837 10015237
0b000701 0b00cb01 10015 100 107914 2035485545 53227049 10021727
0b000201 0b00c201 10014 100 69607 2040185192 48547628 10018517
0b000101 0b00ca01 10020 100 162318 2055310643 33428800 10026291
0b000b01 0b00cd01 10017 100 31905 2064408380 24334651 10015355
0b000801 0b00c901 10019 100 71865 2058615978 30136375 10018705
0b000101 0b00c101 10016 100 54379 2038203608 50593832 10017241
0b000d01 0b00c601 10024 100 31734 2073641820 15171690 10015341
0b000701 0b00c601 10016 100 27963 2038277659 50541120 10015024
0b000201 0b00c501 10019 100 5297 2062390323 26436627 10013126
0b000e01 0b00c801 10020 100 1436 2043421331 45407132 10012802
0b000a01 0b00cb01 10014 100 26590 2040256853 48572548 10014910
0b000501 0b00c301 10016 100 16747 2041999574 46845431 10014085
0b000001 0b00c601 10028 100 35217 2060021694 28823573 10015635
0b000e01 0b00c201 10022 100 63873 2044014939 44830671 10018035
0b000501 0b00c401 10013 100 49015 2066425896 22424544 10016793
0b000201 0b00c301 10022 100 93373 2056973231 31877452 10020510
0b000101 0b00c901 10014 100 73678 2039611035 49282531 10018858
0b000b01 0b00cd01 10014 100 50859 2050005383 38890803 10016944
0b000901 0b00c501 10020 100 115914 2044530024 44388202 10022398
0b000601 0b00cd01 10024 100 15717 2053922291 35004944 10013998
0b000101 0b00c801 10023 100 43953 2060429399 28501421 10016365
0b000c01 0b00ce01 10015 100 74653 2045580986 43352732 10018940
0b000c01 0b00c601 10025 100 959 2068188904 20773325 10012760
0b000001 0b00ca01 10021 100 50908 2062787120 26175835 10016948
0b000901 0b00c301 10024 100 23896 2062280714 26693029 10014683
0b000a01 0b00c501 10025 100 35454 2061084976 27902846 10015654
0b000d01 0b00cf01 10023 100 45589 2047698072 41307363 10016503
0b000601 0b00ca01 10015 100 6260 2038670858 50349506 10013207
0b000301 0b00c901 10026 100 21953 2065779398 23282154 10014520
0b000801 0b00c201 10016 100 61129 2047816218 41247625 10017808
0b000501 0b00c401 10016 100 2715 2075720296 13356393 10012908
0b000b01 0b00c801 10028 100 454 2074450914 14630045 10012720
0b000901 0b00c801 10017 100 57284 2060557148 28561892 10017485
0b000b01 0b00cb01 10014 100 229589 2050515136 38617103 10031930
0b000d01 0b00c101 10006 100 62431 2036650575 52485959 10017916
0b000b01 0b00c601 10031 100 3690 2067542203 21628152 10012990
0b000f01 0b00cc01 10021 100 14332 2051390699 37800874 10013884
0b000001 0b00c501 10032 100 88538 2065485907 23766230 10020104
0b000601 0b00cc01 10027 100 18987 2059710335 29586119 10014271
0b000c01 0b00cf01 10019 100 4997 2039474868 49833405 10013098
0b000801 0b00c801 10023 100 47069 2049664205 39654183 10016629
0b000b01 0b00cf01 10016 100 59167 2052691874 36628541 10017643
0b000301 0b00c401 10018 100 5811 2062964549 26365776 10013167
0b000701 0b00cd01 10018 100 3970 2049735613 39643449 10013012
0b000001 0b00c501 10023 100 21422 2050373501 39034942 10014478
0b000901 0b00c001 10016 100 63292 2047657887 41760524 10017989
0b000b01 0b00c001 10021 100 272166 2048315561 41112314 10035501
0b000a01 0b00cb01 10023 100 6431 2063582976 25871921 10013221
0b000e01 0b00c201 10019 100 20119 2039023413 50465932 10014370
0b000a01 0b00cc01 10018 100 66047 2047517285 41986626 10018221
0b000801 0b00c201 10022 100 63352 2070517318 18987686 10017993
0b000101 0b00c501 10022 100 57 2051273833 38232864 10012688
0b000201 0b00c701 10023 100 12809 2062562108 26948520 10013754
0b000601 0b00ce01 10011 100 6031 2038870145 50666152 10013189
0b000601 0b00cc01 10029 100 4770 2061741651 27797978 10013080
0b000901 0b00c801 10015 100 51640 2049617818 39939115 10017010
0b000801 0b00c201 10017 100 74921 2050321879 39258434 10018961
0b000f01 0b00c101 10016 100 24179 2042399027 47181408 10014710
0b000c01 0b00cc01 10020 100 50266 2040843258 48752252 10016897
0b000601 0b00cb01 10007 100 2035 2039635416 49961530 10012854
0b000001 0b00ca01 10014 100 269499 2044855034 44756434 10035276
0b000001 0b00c501 10029 100 20155 2061768221 27857226 10014373
0b000c01 0b00cd01 10020 100 3167 2046643144 42982515 10012948
0b000e01 0b00c101 10018 100 6384 2050145994 39486624 10013217
0b000801 0b00ce01 10025 100 35984 2061022730 28611958 10015696
0b000501 0b00ca01 10011 100 391689 2032104270 57560767 10045520
0b000501 0b00c901 10016 100 58405 2037521654 52162073 10017578
0b000401 0b00c801 10018 100 23125 2064652350 25042600 10014622
0b000701 0b00c601 10024 100 9699 2051839633 37857092 10013494
0b000601 0b00c901 10019 100 25071 2063006210 26696350 10014785
0b000501 0b00cb01 10029 100 49120 2073347451 16408093 10016801
0b000c01 0b00c601 10017 100 28856 2042296890 47514928 10015099
0b000201 0b00c201 10017 100 377091 2041541180 48302541 10044298
0b000801 0b00cb01 10015 100 29059 2049997026 39862414 10015119
0b000001 0b00c901 10017 100 68805 2037834624 52027241 10018449
0b000001 0b00c401 10021 100 3999 2063541783 26347628 10013015
0b000d01 0b00c701 10024 100 17978 2061718960 28177046 10014187
0b000101 0b00c701 10016 100 2016 2063734526 26203375 10012852
0b000e01 0b00c501 10001 100 1097813 2002371061 87581048 10104721
0b000301 0b00cb01 10034 100 29123 2062432647 27523073 10015125
0b000401 0b00c201 10021 100 129611 2055066291 34894831 10023548
0b000201 0b00c801 10013 100 55124 2049335448 40679526 10017304
0b000401 0b00c201 10024 100 27696 2059658316 30378752 10015003
0b000101 0b00cc01 10031 100 30669 2054108616 35930230 10015252
0b000c01 0b00cf01 10024 100 36308 2052179960 37863591 10015726
0b000401 0b00cb01 10025 100 24272 2069005769 21068290 10014717
0b000701 0b00c401 10018 100 9216 2054285365 35789969 10013455
0b000701 0b00c301 10017 100 28807 2039213594 50864603 10015095
0b000d01 0b00cd01 10017 100 42353 2049070402 41008503 10016233
0b000101 0b00c701 10025 100 1634 2075687606 14396792 10012818
0b000201 0b00cc01 10020 100 28982 2050914157 39175025 10015109
0b000f01 0b00c201 10029 100 8849 2050635820 39453863 10013422
0b000a01 0b00c301 10019 100 208 2067739001 22351235 10012700
0b000601 0b00c101 10015 100 40122 2052573633 37542625 10016047
0b000901 0b00ce01 10014 100 7837 2064484601 25637693 10013337
0b000301 0b00c201 10024 100 5682 2063702231 26427517 10013157
0b000b01 0b00c801 10022 100 71357 2070625353 19517873 10018665
0b000a01 0b00c201 10021 100 98651 2047420927 42725302 10020952
0b000701 0b00c301 10020 100 24365 2047570004 42594020 10014725
0b000c01 0b00c701 10016 100 44207 2050198406 39974168 10016389
0b000e01 0b00c001 10020 100 76299 2041041310 49147891 10019079
0b000c01 0b00c901 10012 100 72894 2040793690 49415490 10018791
0b000401 0b00c701 10022 100 22528 2064331097 25919678 10014570
0b000401 0b00cf01 10011 100 6789 2043724963 46542469 10013250
0b000f01 0b00c401 10015 100 160359 2047710794 42571080 10026126
0b000101 0b00c201 10025 100 3069 2063939534 26383477 10012940
0b000001 0b00c401 10023 100 285 2064194452 26139895 10012706
0b000f01 0b00c001 10014 100 522032 2042939844 47408852 10056450
0b000001 0b00c301 10007 100 240780 2041955055 48412343 10032867
0b000201 0b00c601 10026 100 48903 2049495825 40909170 10016780
0b000301 0b00c401 10016 100 121616 2057282960 33139998 10022877
0b000401 0b00c601 10020 100 190887 2055543167 34893787 10028684
0b000b01 0b00cd01 10010 100 112901 2037567452 52891056 10022146
0b000401 0b00c701 10020 100 42967 2063108730 27352636 10016282
0b000401 0b00c101 10027 100 24315 2065714412 24758483 10014721
0b000201 0b00cb01 10013 100 8789 2051998967 38478841 10013417
0b000d01 0b00c601 10018 100 53360 2062482479 28005316 10017156
0b000c01 0b00c401 10023 100 23869 2043878193 46623773 10014681
0b000101 0b00c801 10014 100 65359 2042519025 47982988 10018162
0b000301 0b00c301 10021 100 54109 2050579449 39930783 10017219
0b000e01 0b00c301 10028 100 5317 2069109391 21432505 10013128
0b000c01 0b00ca01 10014 100 2023 2055242074 35304683 10012853
0b000e01 0b00c101 10021 100 183 2054062924 36510644 10012698
0b000f01 0b00c401 10017 100 9828 2055609668 34971937 10013504
0b000801 0b00cc01 10025 100 63009 2060209399 30401500 10017966
0b000801 0b00c701 10024 100 101954 2047335818 43284112 10021228
0b000001 0b00c601 10003 100 802811 2013935688 76699326 10079988
0b000601 0b00c401 10035 100 7798 2074394723 16268019 10013334
0b000901 0b00c401 10018 100 19182 2063475123 27189168 10014291
0b000c01 0b00c501 10019 100 53548 2045064921 45610248 10017171
0b000801 0b00ca01 10026 100 1075 2056437079 34240133 10012773
0b000301 0b00c501 10031 100 38241 2073008799 17691133 10015889
0b000601 0b00c101 10019 100 7754 2062183935 28518780 10013331
0b000501 0b00c901 10022 100 1498 2062942813 27776804 10012807
0b000301 0b00c101 10026 100 2240 2064925286 25797073 10012870
0b000c01 0b00c001 10012 100 44712 2053412811 37333362 10016429
0b000a01 0b00cc01 10023 100 4898 2064211076 26552674 10013091
0b000a01 0b00cb01 10026 100 7166 2068852557 21950226 10013284
0b000001 0b00c501 10020 100 373273 2040490816 50320569 10043978
0b000301 0b00c801 10030 100 6990 2064260890 26568827 10013266
0b000001 0b00c001 10029 100 4656 2052982500 37868825 10013071
0b000e01 0b00cf01 10005 100 605403 2018904920 71967575 10063439
0b000901 0b00c001 10024 100 3182 2065218180 25657693 10012949
0b000701 0b00c201 10016 100 24362 2044129665 46750765 10014724
0b000b01 0b00c401 10031 100 28467 2066512700 24391360 10015068
0b000e01 0b00c601 10021 100 3978 2056341718 34617388 10013013
0b000a01 0b00c601 10021 100 75419 2059739329 31230396 10019005
0b000e01 0b00c801 10024 100 75386 2057678282 33295022 10019002
0b000501 0b00c901 10020 100 30756 2053860600 37121588 10015259
0b000301 0b00c101 10013 100 731600 2021211135 69823835 10074018
0b000c01 0b00ca01 10015 100 48930 2060891094 30159830 10016782
0b000801 0b00ca01 10028 100 54054 2061343689 29708054 10017215
0b000901 0b00c701 10025 100 23298 2053516586 37555175 10014636
0b000801 0b00c101 10024 100 11879 2052251946 38857859 10013676
0b000c01 0b00ce01 10014 100 23161 2039980408 51144094 10014625
0b000101 0b00c101 10023 100 138654 2059178338 32038491 10024306
0b000801 0b00c401 10023 100 7770 2065376649 25840971 10013332
0b000401 0b00c501 10006 100 521986 2019207971 72040313 10056443
0b000701 0b00c001 10021 100 16770 2051368361 39883338 10014086
0b000101 0b00cb01 10022 100 16133 2064255135 27003426 10014035
0b000e01 0b00c101 10028 100 118992 2063846480 27413345 10022656
0b000301 0b00cb01 10023 100 42278 2040828857 50438925 10016227
0b000a01 0b00c501 10028 100 25443 2066954974 24314031 10014815
0b000101 0b00c401 10017 100 57100 2053659743 37612348 10017470
0b000401 0b00c701 10011 100 24719 2040155946 51149805 10014753
0b000b01 0b00c501 10016 100 23566 2052768018 38577962 10014657
0b000c01 0b00c601 10019 100 5202 2053740116 37677183 10013119
0b000e01 0b00c101 10032 100 25630 2073190031 18230537 10014830
0b000f01 0b00c601 10013 100 106282 2043191964 48288137 10021593
0b000801 0b00c001 10018 100 702 2076706508 14785359 10012740
0b000b01 0b00c501 10024 100 23134 2075012377 16492242 10014622
0b000101 0b00cf01 10027 100 10875 2064518195 26993222 10013592
0b000901 0b00cb01 10025 100 2005 2065979914 25534566 10012851
0b000e01 0b00c701 10023 100 27386 2065252602 26276048 10014978
0b000d01 0b00c901 10023 100 27620 2047534644 43996399 10014997
0b000701 0b00c101 10024 100 24339 2074540727 17017536 10014723
0b000301 0b00ca01 10001 100 1375799 2003091764 88538037 10128027
0b000701 0b00c301 10012 100 171955 2036455501 55199998 10027096
0b000001 0b00ce01 10031 100 43922 2072549887 19126475 10016362
0b000801 0b00cd01 10024 100 26185 2064493303 27186232 10014878
0b000901 0b00c901 10022 100 6562 2047980175 43740076 10013231
0b000701 0b00cb01 10030 100 15908 2067091301 24656401 10014014
0b000301 0b00cf01 10008 100 469128 2024805596 66992055 10052015
0b000801 0b00c701 10004 100 1524385 2004826444 86978106 10140486
0b000401 0b00cf01 10018 100 43949 2054059948 37770635 10016364
0b000401 0b00cb01 10029 100 37283 2076363881 15494050 10015808
0b000901 0b00c001 10025 100 3359 2065441336 26432337 10012964
0b000901 0b00ce01 10013 100 185828 2056778744 35099544 10028260
0b000201 0b00cf01 10025 100 33742 2063425035 28463613 10015509
0b000b01 0b00c101 10020 100 1375 2077095094 14805691 10012797
0b000a01 0b00c701 10030 100 66434 2061776580 30138363 10018252
0b000901 0b00c701 10033 100 58340 2067377773 24546762 10017573
0b000101 0b00cd01 10022 100 42479 2051393180 40550592 10016243
0b000001 0b00c301 10008 100 24530 2042034338 49919316 10014738
0b000501 0b00cb01 10018 100 46220 2042784827 49180343 10016558
0b000901 0b00cb01 10024 100 75741 2062006862 29976611 10019031
0b000601 0b00c801 10017 100 14308 2056054620 35941737 10013882
0b000c01 0b00c901 10009 100 594578 2025384680 66625480 10062531
0b000501 0b00c501 10010 100 145184 2039955230 52092575 10024855
0b000701 0b00ca01 10021 100 2582 2056527561 35533105 10012898
0b000c01 0b00c701 10018 100 75858 2059913145 32147777 10019040
0b000b01 0b00c901 10018 100 69522 2050341023 41725794 10018510
0b000101 0b00ca01 10015 100 297627 2034259581 57842918 10037634
0b000801 0b00c101 10017 100 118200 2038969396 53155166 10022592
0b000101 0b00c701 10005 100 95246 2038787317 53340807 10020668
0b000c01 0b00cc01 10029 100 157974 2055070028 37097746 10025924
0b000f01 0b00ce01 10025 100 2159 2067290303 24896040 10012864
0b000701 0b00c301 10016 100 114365 2038566727 53621974 10022270
0b000701 0b00ca01 10025 100 4888 2064605384 27595988 10013090
0b000501 0b00c401 10011 100 23179 2064138293 28090349 10014626
0b000601 0b00ca01 10021 100 28642 2065465656 26776142 10015082
0b000501 0b00c701 10006 100 935527 2012902125 79393690 10091116
0b000b01 0b00c601 10027 100 20773 2057697412 34608820 10014422
0b000801 0b00c401 10024 100 13858 2066049197 26282462 10013842
0b000501 0b00cb01 10022 100 19649 2050191010 42140948 10014328
0b000b01 0b00c201 10013 100 166344 2047078953 45261030 10026628
0b000a01 0b00c501 10018 100 12973 2053486350 38912436 10013767
0b000701 0b00c101 10008 100 678692 2033871439 58565071 10069582
0b000601 0b00ce01 10023 100 41100 2063525363 28913395 10016129
0b000201 0b00c801 10012 100 29408 2047470891 44973836 10015147
0b000401 0b00cc01 10012 100 113437 2061034099 31437642 10022192
0b000a01 0b00c601 10017 100 42863 2056456128 36019404 10016274
0b000c01 0b00c101 10015 100 32392 2074346551 18139060 10015398
0b000601 0b00c201 10014 100 3592 2042637748 49860414 10012982
0b000801 0b00ce01 10026 100 69149 2061555622 30958628 10018480
0b000501 0b00ca01 10017 100 24250 2045411072 47105913 10014716
0b000301 0b00c001 10022 100 27853 2067995808 24535099 10015015
0b000b01 0b00ca01 10028 100 26336 2075707081 16828617 10014890
0b000201 0b00c901 10024 100 1156 2058825581 33719666 10012780
0b000c01 0b00c801 10028 100 27687 2069525714 23036583 10015002
0b000901 0b00c001 10015 100 152711 2046382836 46183497 10025484
0b000801 0b00c501 10019 100 77944 2050415801 42152708 10019215
0b000801 0b00c701 10026 100 190738 2054836095 37750029 10028672
0b000b01 0b00c301 10013 100 34897 2053276782 39309367 10015606
0b000001 0b00c901 10036 100 41061 2063268829 29338006 10016126
0b000b01 0b00c401 10021 100 68294 2041379988 51261559 10018408
0b000701 0b00c101 10013 100 19899 2045814115 46829169 10014348
0b000101 0b00c901 10024 100 55939 2066929561 25719350 10017370
0b000201 0b00c401 10025 100 1023 2066270768 26379142 10012769
0b000c01 0b00c301 10019 100 82908 2062192340 30461549 10019631
0b000801 0b00c701 10029 100 29874 2057536591 35121365 10015185
0b000c01 0b00c701 10017 100 4636 2058021967 34646209 10013070
0b000501 0b00c901 10021 100 14716 2054151264 38520901 10013914
0b000a01 0b00cb01 10024 100 23415 2064617660 28064440 10014645
0b000501 0b00cc01 10025 100 47 2050483122 42206070 10012687
0b000e01 0b00c501 10023 100 8348 2066971219 25733800 10013382
0b000d01 0b00c201 10031 100 42667 2074080225 18627998 10016258
0b000501 0b00c701 10022 100 46836 2043346413 49384487 10016607
0b000001 0b00c301 10021 100 8508 2065698842 27057231 10013395
0b000d01 0b00c901 10021 100 16621 2042715126 50059775 10014074
0b000401 0b00cb01 10023 100 3070 2067523946 25339231 10012940
0b000701 0b00c301 10028 100 61447 2068794389 24074942 10017833
0b000301 0b00c001 10016 100 55667 2062940060 29959164 10017348
0b000301 0b00c501 10027 100 7697 2070696332 22229812 10013326
0b000501 0b00c301 10019 100 27192 2050326958 42618435 10014962
0b000f01 0b00c301 10022 100 46199 2069278103 23670601 10016556
0b000701 0b00c301 10029 100 171106 2068917408 24055971 10027028
0b000901 0b00c301 10025 100 17166 2066672141 26360104 10014122
0b000601 0b00c001 10020 100 9189 2050381698 42675819 10013453
0b000601 0b00c501 10023 100 86467 2059893149 33164619 10019931
0b000201 0b00c701 10020 100 42996 2052810935 40300360 10016284
0b000e01 0b00c401 10020 100 43536 2072768840 20347286 10016331
0b000901 0b00c701 10031 100 49845 2065187767 27944013 10016859
0b000901 0b00c101 10017 100 1705 2066768216 26371388 10012824
0b000b01 0b00cc01 10028 100 8803 2067111335 26047869 10013418
0b000701 0b00c701 10023 100 28412 2068343567 24828007 10015064
0b000e01 0b00c701 10020 100 50211 2060284851 32888829 10016892
0b000901 0b00c001 10020 100 89125 2054506915 38674304 10020155
0b000001 0b00ca01 10022 100 43446 2066397954 26786654 10016324
0b000601 0b00c401 10024 100 18027 2049418117 43767056 10014195
0b000601 0b00cc01 10035 100 29763 2077283925 15933015 10015176
0b000801 0b00c501 10022 100 8829 2055365633 37862600 10013420
0b000d01 0b00c801 10026 100 26448 2078080340 15160963 10014899
0b000701 0b00cb01 10025 100 12777 2056865061 36406398 10013752
0b000e01 0b00c301 10030 100 70292 2071658644 21617501 10018576
0b000501 0b00cc01 10024 100 153862 2047669163 45607419 10025580
0b000e01 0b00cd01 10020 100 67244 2064368843 28911731 10018320
0b000f01 0b00cc01 10025 100 80515 2065517010 27769768 10019432
0b000401 0b00c901 10023 100 66072 2065923472 27387920 10018223
0b000601 0b00cd01 10034 100 3079 2072588081 20728277 10012941
0b000401 0b00cb01 10022 100 16667 2066658411 26695666 10014078
0b000101 0b00c001 10013 100 117177 2038418485 54969147 10022507
0b000701 0b00c001 10024 100 35676 2066971536 26420168 10015672
0b000201 0b00c001 10017 100 55873 2063562879 29837927 10017364
0b000c01 0b00c201 10020 100 71796 2056348900 37075049 10018700
0b000601 0b00c001 10021 100 114147 2055012508 38429791 10022253
0b000001 0b00ce01 10019 100 9935 2044291510 49161736 10013513
0b000a01 0b00cb01 10018 100 29003 2055356317 38115624 10015115
0b000f01 0b00c701 10019 100 41262 2054229181 39251311 10016142
0b000a01 0b00c401 10018 100 5672 2055015651 38470033 10013156
0b000601 0b00c201 10023 100 24776 2070554720 22934534 10014758
0b000f01 0b00c201 10026 100 9371 2044013292 49481056 10013468
0b000001 0b00c801 10032 100 21438 2065743819 27754007 10014479
0b000f01 0b00cf01 10013 100 146818 2042711340 50814319 10024989
0b000801 0b00cb01 10016 100 45516 2053031790 40529495 10016497
0b000b01 0b00c101 10015 100 33464 2065892464 27684924 10015487
0b000f01 0b00cd01 10013 100 68036 2048390590 45201891 10018387
0b000701 0b00c401 10032 100 15213 2080014090 13587103 10013958
0b000f01 0b00c401 10016 100 69320 2053203062 40421782 10018494
0b000301 0b00c901 10011 100 169352 2038997998 54632025 10026880
0b000801 0b00ce01 10020 100 18989 2049462773 44180207 10014272
0b000b01 0b00c201 10017 100 77348 2053771924 39893047 10019167
0b000a01 0b00c901 10022 100 42601 2067804731 25884397 10016253
0b000401 0b00c601 10022 100 154392 2055928917 37765850 10025626
0b000501 0b00ca01 10025 100 26888 2076028008 17677708 10014934
0b000b01 0b00cb01 10011 100 730585 2028085212 65626215 10073933
0b000101 0b00c501 10026 100 33173 2055755073 37960294 10015464
0b000401 0b00c601 10027 100 21261 2066957658 26762743 10014465
0b000301 0b00cf01 10024 100 16537 2077841852 15884595 10014068
0b000801 0b00c101 10030 100 68684 2062758768 30969592 10018439
0b000c01 0b00c201 10027 100 26011 2064756603 29008318 10014864
0b000d01 0b00c601 10017 100 5815 2058252792 35513853 10013168
0b000801 0b00cc01 10023 100 6502 2056108814 37691828 10013227
0b000201 0b00c201 10024 100 50545 2064168409 29649455 10016919
0b000601 0b00c801 10021 100 12391 2076671211 17153454 10013721
0b000b01 0b00cd01 10013 100 354 2046572514 47252387 10012712
0b000c01 0b00c601 10024 100 73044 2063835556 30000380 10018807
0b000c01 0b00c001 10018 100 25075 2068721232 25140194 10014785
0b000701 0b00c201 10017 100 20533 2047750581 46121057 10014403
0b000801 0b00c801 10025 100 50083 2053896845 39978108 10016882
0b000401 0b00cd01 10018 100 1523 2057351317 36540410 10012809
0b000b01 0b00c701 10015 100 18707 2045945274 47965606 10014249
0b000801 0b00cd01 10023 100 111559 2060246842 33670520 10022034
0b000e01 0b00ce01 10026 100 66993 2061422673 32512217 10018296
0b000001 0b00c101 10015 100 17080 2066590215 27364687 10014115
0b000301 0b00c101 10012 100 793771 2019725800 74233274 10079230
0b000e01 0b00c101 10014 100 69543 2039747787 54256621 10018512
0b000b01 0b00cc01 10032 100 49437 2075573157 18450002 10016826
0b000501 0b00c701 10014 100 421269 2032865918 61170266 10048002
0b000901 0b00c901 10023 100 147958 2048086563 45964664 10025084
0b000c01 0b00cc01 10024 100 59345 2051069382 43057277 10017658
0b000d01 0b00ce01 10024 100 1246 2071075490 23054629 10012787
0b000d01 0b00ce01 10021 100 16835 2065965376 28166229 10014092
0b000601 0b00cb01 10009 100 56201 2049817088 44349340 10017394
0b000701 0b00c601 10028 100 587 2066582118 27610020 10012730
0b000401 0b00c501 10017 100 156956 2059870432 34326124 10025839
0b000601 0b00c701 10022 100 31244 2063407660 30796095 10015302
0b000801 0b00c301 10023 100 35786 2055024552 39193089 10015681
0b000401 0b00c901 10016 100 13459 2043564873 50655593 10013810
0b000001 0b00c301 10013 100 68151 2051629246 42594491 10018397
0b000201 0b00cd01 10025 100 379193 2044462767 49766561 10044474
0b000401 0b00c301 10015 100 388079 2028316005 65915960 10045220
0b000d01 0b00cc01 10016 100 4043 2069146696 25128971 10013022
0b000201 0b00c801 10011 100 1865 2046989790 47302207 10012836
0b000801 0b00c901 10022 100 52453 2069544669 24766950 10017079
0b000901 0b00ca01 10029 100 71444 2075108753 19211289 10018672
0b000101 0b00ca01 10023 100 9928 2071376272 22950004 10013512
0b000801 0b00c601 10021 100 8728 2067380840 26949877 10013412
0b000801 0b00c501 10023 100 5893 2055808627 38530890 10013174
0b000801 0b00c401 10028 100 59 2073197114 21174811 10012688
0b000c01 0b00c501 10027 100 64627 2053952064 40456566 10018099
0b000d01 0b00c401 10003 100 1026729 2015799771 78619961 10098762
0b000c01 0b00c501 10028 100 37480 2057235209 37190758 10015824
0b000601 0b00c401 10030 100 185932 2060415110 34017234 10028268
0b000301 0b00c401 10020 100 28774 2066161654 28300901 10015093
0b000e01 0b00c101 10033 100 24035 2076078546 18387508 10014698
0b000e01 0b00ce01 10032 100 12078 2077620276 16846340 10013696
0b000401 0b00c501 10011 100 197388 2037088536 57389452 10029231
0b000701 0b00c201 10019 100 7765 2054737537 39748707 10013331
0b000c01 0b00cb01 10029 100 78369 2072030203 22462050 10019252
0b000a01 0b00c501 10031 100 78514 2073728682 20766488 10019264
0b000301 0b00c101 10023 100 41867 2048478451 46026556 10016190
0b000301 0b00cb01 10028 100 57411 2053843145 40703973 10017495
0b000601 0b00c401 10031 100 144855 2063202702 31364267 10024825
0b000401 0b00ca01 10022 100 5684 2066533607 28037992 10013157
0b000701 0b00cc01 10021 100 22054 2068999803 25610171 10014532
0b000b01 0b00c501 10022 100 62756 2065086930 29533263 10017942
0b000e01 0b00cb01 10014 100 41508 2044463127 50157835 10016161
0b000b01 0b00c001 10026 100 615 2069294902 25326904 10012733
0b000f01 0b00c201 10041 100 4988 2073697770 20941692 10013098
0b000301 0b00cd01 10016 100 14955 2056084825 38554770 10013934
0b000d01 0b00cb01 10026 100 30044 2067667726 26997001 10015202
0b000401 0b00c001 10008 100 278920 2037832413 56866184 10036064
0b000401 0b00cb01 10019 100 79160 2055043128 39694534 10019320
0b000301 0b00c201 10026 100 13176 2067435251 27346552 10013787
0b000201 0b00c901 10020 100 633 2050507261 44292224 10012734
0b000a01 0b00ce01 10021 100 32228 2066980284 27830086 10015384
0b000001 0b00c601 10039 100 7425 2079362559 15452817 10013304
0b000e01 0b00c401 10018 100 2901 2049597595 45222758 10012923
0b000701 0b00cd01 10023 100 74780 2065931068 28889980 10018950
0b000e01 0b00c001 10023 100 60318 2052069429 42762069 10017739
0b000801 0b00c501 10028 100 6716 2073066063 21773253 10013244
0b000e01 0b00cc01 10022 100 74163 2061342055 33507664 10018901
0b000c01 0b00c601 10026 100 37246 2070771553 24128774 10015805
0b000c01 0b00c501 10023 100 8042 2048014033 46905176 10013357
0b000701 0b00cf01 10023 100 1700 2070644725 24285777 10012823
0b000201 0b00c801 10018 100 24821 2066959462 27975742 10014761
0b000801 0b00cd01 10005 100 1407829 2006398482 88537157 10130713
0b000101 0b00c901 10017 100 308147 2048108892 46861681 10038518
0b000401 0b00ca01 10023 100 51223 2068121987 26873484 10016977
0b000c01 0b00c501 10020 100 6821 2045607436 49401450 10013252
0b000c01 0b00c501 10024 100 166491 2048364186 46671424 10026640
0b000901 0b00ca01 10023 100 39937 2058756118 36300490 10016028
0b000201 0b00cf01 10032 100 1553 2080582655 14500880 10012811
0b000301 0b00c501 10016 100 110420 2051965754 43121597 10021939
0b000901 0b00cd01 10029 100 119583 2072864027 22256938 10022707
0b000d01 0b00c101 10011 100 78769 2055821080 39315476 10019284
0b000201 0b00c801 10022 100 4275 2080265628 14877951 10013041
0b000701 0b00c401 10023 100 62526 2067435495 27752942 10017924
0b000701 0b00cb01 10016 100 323087 2037722389 57478476 10039771
0b000801 0b00ce01 10032 100 57298 2066148034 29109167 10017486
0b000f01 0b00ca01 10028 100 5301 2074254248 21028343 10013127
0b000501 0b00cc01 10022 100 58681 2045595674 49695011 10017601
0b000301 0b00c701 10016 100 12438 2056979619 38321361 10013724
0b000a01 0b00cd01 10019 100 25476 2077792118 17518366 10014817
0b000c01 0b00c101 10013 100 6312 2071814878 23498306 10013211
0b000501 0b00c601 10024 100 21795 2068825265 26522601 10014508
0b000001 0b00c801 10029 100 13960 2056433638 38924288 10013850
0b000101 0b00ce01 10020 100 348228 2048523954 46840355 10041878
0b000501 0b00cc01 10035 100 161881 2069847976 25542107 10026252
0b000e01 0b00c801 10028 100 24596 2071797325 23599595 10014743
0b000101 0b00cc01 10028 100 28591 2044979393 50421748 10015078
0b000101 0b00c001 10014 100 6362 2046638773 48763415 10013215
0b000001 0b00c301 10024 100 2856 2068868407 26536403 10012920
0b000701 0b00c301 10026 100 4252 2060840499 34565936 10013039
0b000301 0b00c901 10029 100 27598 2071458761 23967953 10014995
0b000201 0b00c701 10024 100 46054 2066034521 29393552 10016544
0b000101 0b00c201 10016 100 32183 2044795541 50644508 10015381
0b000b01 0b00c201 10018 100 2666 2057047255 38397726 10012904
0b000801 0b00c801 10031 100 38955 2066578811 28875854 10015946
0b000001 0b00c701 10036 100 70099 2073767854 21706640 10018560
0b000301 0b00c201 10020 100 347546 2050235112 45262636 10041820
0b000601 0b00ce01 10021 100 24679 2057584262 37919286 10014750
0b000d01 0b00cd01 10026 100 18817 2070889105 24626736 10014258
0b000c01 0b00c201 10026 100 91304 2063964813 31616769 10020337
0b000001 0b00c001 10032 100 29389 2066927363 28655931 10015146
0b000001 0b00cf01 10019 100 14475 2050441798 45143903 10013895
0b000301 0b00ca01 10023 100 54230 2049185802 46409174 10017229
0b000b01 0b00c701 10013 100 133825 2045341141 50263118 10023900
0b000d01 0b00cc01 10019 100 51105 2075904111 19702728 10016968
0b000c01 0b00c801 10024 100 22773 2066860876 28752988 10014590
0b000e01 0b00c501 10022 100 49396 2064921550 30698498 10016823
0b000701 0b00c101 10012 100 43681 2044435070 51206060 10016343
0b000501 0b00c301 10020 100 34397 2050622595 45020944 10015566
0b000e01 0b00c401 10015 100 52164 2042413654 53257260 10017056
0b000d01 0b00ca01 10025 100 100232 2072151287 23585495 10021086
0b000001 0b00cc01 10027 100 1730 2069430715 26329121 10012826
0b000b01 0b00cf01 10024 100 35747 2080070624 15695082 10015678
0b000301 0b00c201 10017 100 311722 2045863030 49911092 10038815
0b000d01 0b00c101 10017 100 123357 2064067467 31777943 10023024
0b000d01 0b00c301 10026 100 44011 2078896659 16950184 10016373
0b000401 0b00cb01 10015 100 27914 2048654749 47235295 10015020
0b000101 0b00c001 10016 100 226 2047560840 48336386 10012701
0b000601 0b00cc01 10005 100 673424 2015404175 80542392 10069142
0b000801 0b00c101 10021 100 5135 2047232393 48721932 10013113
0b000b01 0b00c401 10027 100 20830 2056552807 39421681 10014427
0b000e01 0b00ca01 10039 100 388 2081010762 14972333 10012714
0b000501 0b00c101 10027 100 3551 2082875789 13137057 10012979
0b000001 0b00cd01 10027 100 158074 2058716120 37303020 10025936
0b000101 0b00cc01 10029 100 9588 2048107799 47919983 10013485
0b000f01 0b00c101 10019 100 374702 2052550907 43477183 10044096
0b000e01 0b00ca01 10002 100 995710 2003454356 92573970 10096161
0b000501 0b00c001 10024 100 21203 2044904219 51146111 10014460
0b000201 0b00c301 10019 100 22410 2050587442 45473350 10014561
0b000501 0b00c901 10017 100 63028 2042811100 53278366 10017968
0b000d01 0b00c501 10019 100 7735 2072534145 23566007 10013329
0b000e01 0b00cc01 10028 100 10847 2070139221 25963825 10013590
0b000301 0b00cd01 10029 100 9455 2081789120 14335223 10013474
0b000401 0b00c201 10029 100 9646 2070276535 25852879 10013490
0b000a01 0b00c601 10025 100 4975 2069285606 26845784 10013097
0b000701 0b00c001 10020 100 21240 2049251620 46910724 10014463
0b000501 0b00c401 10008 100 13281 2058674503 37517022 10013796
0b000901 0b00c901 10021 100 55189 2044945213 51264176 10017310
0b000001 0b00cf01 10026 100 154053 2065388698 30831233 10025599
0b000d01 0b00cf01 10029 100 55408 2067434344 28787128 10017327
0b000f01 0b00cf01 10020 100 183634 2059613366 36637857 10028077
0b000d01 0b00c701 10023 100 51193 2058205642 38060216 10016975
0b000c01 0b00c301 10012 100 1074 2046970190 49300430 10012773
0b000a01 0b00c901 10024 100 32088 2070809683 25473774 10015373
0b000501 0b00c301 10017 100 36669 2045056665 51229230 10015755
0b000601 0b00c501 10021 100 3676 2056162109 40185538 10012989
0b000d01 0b00c001 10009 100 950737 2018692364 77655650 10092390
0b000c01 0b00cb01 10028 100 23252 2071317415 25057755 10014632
0b000001 0b00c301 10016 100 5901 2057955202 38420163 10013175
0b000901 0b00c701 10026 100 46360 2055734783 40664118 10016569
0b000401 0b00c401 10023 100 23572 2073474887 22926665 10014657
0b000501 0b00c301 10027 100 36294 2080022864 16380353 10015725
0b000701 0b00ce01 10007 100 867998 2030068409 66344526 10085452
0b000001 0b00c001 10036 100 1929 2074646731 21767308 10012842
0b000501 0b00ce01 10020 100 34761 2049529622 46884855 10015595
0b000001 0b00c901 10015 100 538725 2032688321 63732926 10057847
0b000301 0b00c801 10027 100 149065 2059747590 36684164 10025181
0b000901 0b00c101 10019 100 16204 2069187696 27344805 10014041
0b000d01 0b00c801 10020 100 54087 2048760822 47777393 10017218
0b000a01 0b00c901 10011 100 544434 2026683156 69922993 10058327
0b000001 0b00c601 10031 100 75806 2067035478 29585008 10019036
0b000701 0b00cf01 10021 100 27568 2067723449 28916627 10014992
0b000601 0b00c601 10033 100 27286 2080402025 16250915 10014970
0b000001 0b00cc01 10026 100 88497 2065115373 31545971 10020101
0b000c01 0b00c801 10029 100 90161 2074195922 22491540 10020242
0b000901 0b00c101 10020 100 3891 2070196999 26517134 10013006
0b000301 0b00cb01 10037 100 56802 2065930750 30796882 10017443
0b000001 0b00c801 10030 100 112185 2060440734 36294721 10022088
0b000f01 0b00c301 10016 100 699 2050148662 46590580 10012739
0b000001 0b00c901 10023 100 70052 2045286142 51454863 10018556
0b000d01 0b00cf01 10034 100 45675 2077658892 19098808 10016510
0b000401 0b00c301 10036 100 4545 2072131136 24638864 10013062
0b000301 0b00c601 10017 100 4860 2052979972 43799171 10013088
0b000701 0b00c801 10013 100 7261 2049817372 46965365 10013291
0b000701 0b00ce01 10016 100 7291 2047056847 49734234 10013294
0b000f01 0b00ce01 10022 100 4789 2060045291 36769655 10013082
0b000901 0b00c201 10025 100 22597 2070278622 26553836 10014576
0b000701 0b00c801 10012 100 48904 2045130769 51725596 10016780
0b000601 0b00ce01 10017 100 49799 2055605164 41280788 10016855
0b000601 0b00c401 10036 100 1302 2076308470 20584730 10012791
0b000801 0b00c801 10026 100 9316 2058922803 37998959 10013463
0b000b01 0b00c901 10017 100 50767 2047590990 49331786 10016937
0b000a01 0b00ce01 10020 100 116953 2064935386 31991073 10022485
0b000a01 0b00cf01 10030 100 8406 2069818691 27122577 10013387
0b000e01 0b00c901 10021 100 136 2060416150 36529732 10012694
0b000c01 0b00c401 10036 100 7317 2073156668 23803989 10013296
0b000e01 0b00c701 10022 100 58709 2064992233 31975197 10017603
0b000e01 0b00cf01 10016 100 259539 2047956371 49022120 10034441
0b000401 0b00c401 10022 100 29878 2072180295 24803667 10015185
0b000901 0b00ca01 10022 100 2671 2053602893 43428857 10012905
0b000301 0b00ca01 10025 100 103472 2057131459 39955757 10021357
0b000401 0b00cc01 10016 100 66445 2067904364 29188960 10018252
0b000301 0b00cd01 10020 100 52657 2059967812 37126805 10017096
0b000f01 0b00c501 10015 100 97623 2059735427 37367575 10020866
0b000301 0b00c201 10031 100 69123 2076002670 21130128 10018478
0b000101 0b00c601 10027 100 23008 2073155982 24045750 10014612
0b000701 0b00c601 10020 100 71921 2044774583 52437422 10018710
0b000301 0b00c301 10030 100 3916 2071428387 25813770 10013008
0b000101 0b00cb01 10024 100 42009 2068712928 28552560 10016205
0b000c01 0b00c901 10033 100 7034 2083400085 13871208 10013273
0b000f01 0b00c201 10039 100 2274 2069941185 27332975 10012873
0b000201 0b00c601 10034 100 133492 2065784020 31512045 10023873
0b000901 0b00cd01 10017 100 64743 2050558434 46756188 10018109
0b000f01 0b00c801 10016 100 21510 2047511510 49813162 10014485
0b000d01 0b00ce01 10017 100 72243 2056835581 40499321 10018739
0b000c01 0b00c201 10021 100 63113 2056740807 40603133 10017974
0b000d01 0b00cc01 10018 100 15934 2073101267 24262518 10014016
0b000d01 0b00c201 10018 100 157404 2053852605 43514970 10025879
0b000301 0b00ca01 10028 100 48601 2067292027 30095655 10016756
0b000901 0b00c701 10035 100 76696 2070295831 27099483 10019111
0b000601 0b00c101 10027 100 1012 2084486604 12934970 10012768
0b000f01 0b00cc01 10022 100 69431 2055095892 42329990 10018503
0b000b01 0b00c701 10026 100 15317 2069907680 27533550 10013966
0b000201 0b00c101 10019 100 6217 2049724112 47719349 10013204
0b000901 0b00ce01 10016 100 78942 2067824224 29625105 10019298
0b000c01 0b00ca01 10012 100 62483 2044885069 52569226 10017920
0b000401 0b00ce01 10027 100 24975 2075629351 21837161 10014774
0b000701 0b00c701 10021 100 27713 2059612383 37883926 10015004
0b000c01 0b00ce01 10016 100 13728 2047743833 49761282 10013832
0b000201 0b00c601 10036 100 82981 2076535900 20995352 10019637
0b000f01 0b00c101 10011 100 994227 2025463962 72104981 10096038
0b000701 0b00c801 10010 100 243843 2039390227 58187852 10033124
0b000901 0b00cb01 10023 100 9651 2059539104 38066986 10013490
0b000b01 0b00c801 10018 100 17980 2058302088 39325260 10014187
0b000701 0b00cc01 10015 100 384410 2051736361 45897648 10044911
0b000b01 0b00c801 10023 100 2700 2070977214 26658350 10012907
0b000701 0b00cb01 10024 100 374118 2056514899 41120785 10044049
0b000001 0b00c101 10018 100 8320 2071123478 26527578 10013380
0b000801 0b00c601 10019 100 117061 2064571012 33089318 10022498
0b000401 0b00ce01 10028 100 25603 2075806737 21855972 10014828
0b000301 0b00c301 10027 100 87503 2068481398 29202417 10020018
0b000b01 0b00cf01 10003 100 1056065 2017398707 80297650 10101224
0b000201 0b00ce01 10028 100 49024 2058440039 39259382 10016793
0b000401 0b00c701 10018 100 44340 2058980818 38722928 10016400
0b000a01 0b00ca01 10014 100 35174 2047393088 50327511 10015632
0b000401 0b00c201 10031 100 4637 2073299974 24422598 10013070
0b000901 0b00c201 10018 100 188763 2049664862 48058247 10028506
0b000e01 0b00ce01 10021 100 8133 2047774302 49963934 10013365
0b000c01 0b00c501 10021 100 32183 2046625398 51134883 10015381
0b000901 0b00cf01 10026 100 8885 2072050608 25710197 10013425
0b000e01 0b00c001 10033 100 4291 2084262932 13529722 10013042
0b000e01 0b00cb01 10021 100 66551 2055683773 42126474 10018261
0b000c01 0b00cc01 10022 100 11031 2048396574 49457816 10013608
0b000001 0b00cf01 10027 100 41251 2068003185 29852083 10016141
0b000501 0b00c001 10015 100 901175 2015234673 82627343 10088237
0b000601 0b00c401 10028 100 27432 2055727072 42135177 10014982
0b000301 0b00c601 10020 100 9860 2063607161 34259100 10013507
0b000501 0b00ce01 10028 100 28901 2071384858 26490866 10015103
0b000001 0b00c101 10011 100 40297 2048093006 49789066 10016061
0b000a01 0b00c701 10039 100 59425 2078342022 19544254 10017664
0b000901 0b00c201 10020 100 181540 2050934670 46956222 10027902
0b000901 0b00ca01 10021 100 79715 2049450218 48441660 10019364
0b000601 0b00ce01 10013 100 76289 2042367072 55539011 10019078
0b000401 0b00ce01 10019 100 2743 2052309187 45608035 10012910
0b000001 0b00c901 10037 100 58865 2066348195 31603870 10017615
0b000f01 0b00cf01 10025 100 20726 2072032871 25971203 10014418
0b000b01 0b00cb01 10023 100 29130 2070755006 27255932 10015125
0b000c01 0b00c901 10023 100 46638 2070770159 27309330 10016591
0b000d01 0b00cf01 10024 100 384051 2052049548 46070803 10044882
0b000801 0b00cd01 10022 100 26737 2059068159 39058065 10014922
0b000801 0b00cc01 10024 100 7011 2059562146 38570080 10013271
0b000301 0b00c801 10031 100 62326 2066715003 31463278 10017908
0b000901 0b00c701 10021 100 121981 2044709399 53471081 10022906
0b000d01 0b00c301 10021 100 62982 2057588904 40605841 10017960
0b000d01 0b00cc01 10011 100 60485 2046282532 51915424 10017753
0b000101 0b00ce01 10009 100 659265 2023400937 74800881 10067955
0b000101 0b00c701 10020 100 50477 2068322546 29893186 10016914
0b000301 0b00c301 10024 100 6908 2060115988 38101190 10013259
0b000a01 0b00cb01 10013 100 507145 2038766628 59450607 10055202
0b000401 0b00c801 10029 100 1195 2083016757 15261177 10012783
0b000901 0b00cd01 10024 100 39230 2060558019 37736988 10015972
0b000901 0b00c001 10023 100 175276 2063796666 34519765 10027377
0b000001 0b00ce01 10026 100 43118 2067496853 30829999 10016298
0b000801 0b00c301 10013 100 703048 2029177810 69188296 10071627
0b000401 0b00cc01 10014 100 21752 2062280089 36092653 10014504
0b000e01 0b00c601 10025 100 22216 2063127986 35297720 10014545
0b000001 0b00c301 10017 100 20172 2060674815 37751187 10014374
0b000401 0b00c601 10029 100 70733 2069748168 28683003 10018611
0b000e01 0b00cb01 10019 100 24151 2050867970 47566706 10014708
0b000b01 0b00cb01 10022 100 25211 2070276023 28205832 10014796
0b000201 0b00c001 10013 100 28306 2059075623 39430888 10015055
0b000701 0b00cb01 10022 100 14606 2051903035 46608897 10013906
0b000d01 0b00cd01 10027 100 5776 2071048486 27475683 10013165
0b000a01 0b00cb01 10028 100 23642 2070034324 28536458 10014663
0b000301 0b00c601 10027 100 16255 2075524986 23084258 10014045
0b000801 0b00cb01 10022 100 146527 2062344534 36264725 10024966
0b000f01 0b00c001 10027 100 2665 2075507453 23131780 10012904
0b000801 0b00cc01 10020 100 28929 2048908165 49767430 10015105
0b000a01 0b00c301 10023 100 22061 2071506915 27176755 10014533
0b000301 0b00c301 10029 100 22610 2071243770 27440169 10014577
0b000b01 0b00c001 10024 100 167100 2062669327 36016812 10026693
0b000a01 0b00c801 10027 100 58279 2056790868 41914242 10017568
0b000e01 0b00cc01 10018 100 14231 2054796259 43931750 10013876
0b000901 0b00c901 10029 100 31121 2074138803 24611826 10015292
0b000c01 0b00c001 10016 100 53992 2067499337 31254456 10017206
0b000101 0b00c601 10025 100 19252 2071019377 27749713 10014296
0b000501 0b00c501 10030 100 64532 2072529217 26253112 10018092
0b000501 0b00cb01 10024 100 35755 2063601570 35203838 10015678
0b000b01 0b00c401 10030 100 21710 2060031340 38806736 10014501
0b000501 0b00c401 10014 100 76079 2066836631 32001693 10019062
0b000901 0b00cc01 10021 100 39395 2061222456 37625705 10015985
0b000701 0b00ca01 10030 100 11661 2085098959 13752063 10013658
0b000601 0b00cb01 10016 100 4343 2070528749 28323144 10013046
0b000101 0b00ca01 10024 100 73316 2071647753 27230508 10018829
0b000e01 0b00c901 10004 100 631813 2021577538 77307526 10065651
0b000901 0b00ce01 10015 100 105091 2066507167 32382212 10021494
0b000601 0b00cf01 10022 100 166135 2057200964 41706206 10026612
0b000101 0b00c001 10002 100 1485692 2006347787 92560645 10137241
0b000a01 0b00cb01 10017 100 63538 2051850963 47109817 10018008
0b000e01 0b00c201 10029 100 9331 2061264518 37697960 10013464
0b000c01 0b00cb01 10032 100 3415 2075580691 23397571 10012968
0b000101 0b00cb01 10031 100 31837 2083287997 15713948 10015349
0b000801 0b00cd01 10026 100 27944 2070522133 28513234 10015023
0b000b01 0b00c901 10019 100 171639 2051180226 47874561 10027071
0b000901 0b00c101 10007 100 604692 2032719608 66338881 10063378
0b000d01 0b00c801 10024 100 30316 2072012490 27104306 10015224
0b000201 0b00c501 10014 100 324016 2037110472 62016114 10039849
0b000d01 0b00cb01 10029 100 7759 2073837934 25312438 10013331
0b000801 0b00c301 10021 100 17858 2051004497 48159424 10014177
0b000f01 0b00c601 10020 100 139759 2066296692 32890851 10024398
0b000d01 0b00c401 10026 100 45380 2080235834 18952426 10016487
0b000e01 0b00c601 10027 100 32277 2070455705 28743860 10015388
0b000801 0b00c201 10023 100 28454 2070801984 28452074 10015067
0b000001 0b00ca01 10024 100 23375 2074399973 24855720 10014642
0b000401 0b00c601 10028 100 52098 2068427224 30831411 10017051
0b000501 0b00c901 10023 100 14889 2064630310 34633175 10013928
0b000e01 0b00c601 10018 100 22590 2050650604 48641435 10014575
0b000001 0b00ce01 10029 100 17005 2071775372 27538806 10014109
0b000e01 0b00c701 10026 100 5552 2075570593 23753473 10013147
0b000e01 0b00c301 10024 100 68571 2066187891 33137282 10018430
0b000c01 0b00c301 10020 100 54990 2062900308 36425621 10017290
0b000001 0b00c201 10022 100 22317 2082829648 16521284 10014553
0b000301 0b00c901 10024 100 23837 2063547275 35812015 10014679
0b000d01 0b00ca01 10018 100 13813 2059486220 39898803 10013838
0b000801 0b00c301 10024 100 18774 2060071875 39313842 10014254
0b000a01 0b00cc01 10025 100 74921 2067880939 31545079 10018961
0b000001 0b00c501 10038 100 66 2073835514 25607241 10012689
0b000101 0b00cf01 10030 100 24007 2071351979 28128054 10014696
0b000601 0b00c601 10030 100 35848 2075113705 24375720 10015686
0b000d01 0b00c201 10020 100 1359 2057016167 42484382 10012796
0b000f01 0b00c201 10034 100 68523 2057276294 42246638 10018426
0b000601 0b00c901 10018 100 82059 2062626852 36898533 10019563
0b000f01 0b00c201 10040 100 28467 2070699327 28830154 10015068
0b000801 0b00ce01 10006 100 1013966 2017068357 82467165 10097691
0b000901 0b00cd01 10026 100 6673 2061059683 38483163 10013240
0b000101 0b00cc01 10035 100 8546 2076476347 23085329 10013398
0b000001 0b00c601 10041 100 21748 2081895856 17667803 10014504
0b000801 0b00ce01 10024 100 58977 2058009057 41573501 10017624
0b000b01 0b00c701 10019 100 26318 2049957204 49650196 10014889
0b000401 0b00cc01 10017 100 19661 2069912781 29705369 10014329
0b000601 0b00c901 10014 100 179731 2049426007 50209702 10027749
0b000701 0b00c301 10037 100 52697 2082994144 16696728 10017099
0b000501 0b00cc01 10029 100 68424 2059413082 40283177 10018418
0b000201 0b00c501 10000 100 2120194 2003126678 96613499 10190440
0b000e01 0b00cf01 10020 100 60924 2067537633 32217668 10017788
0b000601 0b00cd01 10030 100 59864 2065542959 34221479 10017699
0b000d01 0b00c001 10024 100 25764 2073049900 26717422 10014840
0b000d01 0b00ca01 10030 100 22816 2082938711 16829435 10014593
0b000301 0b00cc01 10018 100 185771 2060075987 39699972 10028255
0b000a01 0b00ca01 10021 100 51077 2061876631 37901237 10016965
0b000b01 0b00c001 10027 100 70576 2069991947 29797794 10018598
0b000d01 0b00c001 10025 100 17051 2075304124 24503277 10014113
0b000d01 0b00c601 10023 100 22710 2071063660 28766020 10014585
0b000701 0b00cf01 10017 100 9138 2062020747 37827820 10013449
0b000701 0b00cc01 10023 100 8721 2074569438 25293683 10013412
0b000901 0b00c501 10032 100 472 2085170222 14708583 10012721
0b000301 0b00c001 10011 100 72581 2052740577 47154170 10018766
0b000601 0b00c101 10014 100 10006 2049045221 50885100 10013522
0b000001 0b00ce01 10032 100 8070 2073599122 26411858 10013360
0b000e01 0b00c701 10024 100 33016 2068674929 31343053 10015451
0b000a01 0b00c501 10027 100 8832 2065999488 34028271 10013421
0b000501 0b00c301 10025 100 24573 2074525981 25518610 10014741
0b000c01 0b00c601 10021 100 72938 2060694690 39356837 10018795
0b000701 0b00c801 10019 100 3891 2064039173 36012730 10013006
0b000c01 0b00ce01 10017 100 32660 2048873755 51195135 10015419
0b000601 0b00c501 10029 100 11398 2074359738 25711114 10013637
0b000701 0b00cd01 10025 100 4796 2072431642 27656890 10013082
0b000501 0b00cb01 10014 100 522848 2031739202 68369799 10056516
0b000601 0b00c601 10037 100 6009 2086306324 13804187 10013187
0b000301 0b00cc01 10025 100 31874 2071068583 29047388 10015352
0b000f01 0b00c601 10025 100 78914 2074508640 25610574 10019296
0b000201 0b00c301 10028 100 1923 2074429940 25689888 10012841
0b000e01 0b00c101 10030 100 45742 2067518855 32608803 10016516
0b000801 0b00cc01 10032 100 47985 2082718285 17434792 10016703
0b000901 0b00c501 10024 100 71030 2060113152 40042085 10018638
0b000c01 0b00c701 10014 100 168309 2044948516 55236812 10026793
0b000201 0b00c801 10016 100 29123 2059961749 40262360 10015125
0b000601 0b00c501 10030 100 21119 2074946007 25281447 10014454
0b000301 0b00c301 10025 100 32085 2060745892 39492897 10015373
0b000c01 0b00cc01 10032 100 21741 2059467746 40777902 10014503
0b000c01 0b00cb01 10030 100 71053 2072607005 27639536 10018640
0b000901 0b00c801 10020 100 126678 2066639171 33619398 10023301
0b000301 0b00ca01 10031 100 20510 2072735234 27524104 10014401
0b000501 0b00c701 10033 100 192 2075668982 24600599 10012699
0b000201 0b00ce01 10036 100 24492 2076923589 23362426 10014735
0b000801 0b00cb01 10011 100 383388 2039284308 61004263 10044825
0b000401 0b00c501 10020 100 101107 2065989973 34301692 10021160
0b000a01 0b00c901 10021 100 6525 2062361472 37951018 10013228
0b000601 0b00c301 10029 100 56022 2066832418 33529443 10017380
0b000501 0b00cd01 10035 100 29091 2084767757 15607252 10015122
0b000401 0b00cb01 10016 100 66388 2049602756 50781195 10018248
0b000101 0b00c601 10023 100 22305 2062711676 37672807 10014552
0b000001 0b00c201 10015 100 164001 2058995676 41390979 10026433
0b000d01 0b00c201 10022 100 163407 2062013186 38377268 10026382
0b000201 0b00c001 10011 100 48022 2053657800 46740164 10016709
0b000601 0b00c501 10027 100 48940 2067965245 32433960 10016783
0b000a01 0b00c401 10024 100 9724 2074395938 26015261 10013496
0b000601 0b00cc01 10033 100 21322 2073454166 26961962 10014470
0b000601 0b00cd01 10028 100 23615 2061659625 38771356 10014661
0b000701 0b00c701 10028 100 69845 2075133902 25339334 10018536
0b000001 0b00cf01 10031 100 33396 2071342800 29142450 10015482
0b000b01 0b00c201 10019 100 7411 2061853214 38634942 10013303
0b000601 0b00cc01 10028 100 6656 2059945898 40542701 10013239
0b000301 0b00c801 10033 100 52244 2070283187 30215791 10017063
0b000a01 0b00c001 10021 100 6865 2061914475 38588633 10013256
0b000d01 0b00cd01 10023 100 36846 2059359730 41163902 10015769
0b000301 0b00c201 10023 100 71545 2060529868 40005879 10018680
0b000701 0b00cd01 10024 100 3452 2066112695 34430651 10012971
0b000601 0b00c101 10023 100 29667 2072586467 27982826 10015168
0b000701 0b00cd01 10022 100 70026 2059179873 41423090 10018554
0b000301 0b00cf01 10017 100 16312 2052270812 48357915 10014050
0b000001 0b00ce01 10036 100 851 2078227785 22425724 10012751
0b000101 0b00c801 10025 100 69397 2069986468 30684043 10018500
0b000001 0b00ce01 10027 100 57315 2068285749 32401119 10017487
0b000c01 0b00c401 10031 100 10188 2065304076 35385990 10013537
0b000701 0b00c401 10025 100 47547 2070263268 30428710 10016668
0b000201 0b00cf01 10034 100 36394 2083903845 16812003 10015733
0b000901 0b00ca01 10034 100 269 2085919569 14802219 10012705
0b000a01 0b00c501 10026 100 33080 2062889977 37845327 10015456
0b000e01 0b00ce01 10025 100 7639 2060758848 39984463 10013321
0b000801 0b00c101 10038 100 29886 2083254260 17495014 10015186
0b000301 0b00cf01 10016 100 485473 2043042754 57746072 10053384
0b000401 0b00ce01 10012 100 522257 2032729209 68067039 10056468
0b000301 0b00c501 10028 100 79106 2071236897 29568768 10019315
0b000601 0b00c601 10027 100 57079 2066934316 33888145 10017469
0b000401 0b00c601 10026 100 57794 2064521712 36309397 10017526
0b000e01 0b00cb01 10002 100 793402 2009967721 90869209 10079201
0b000b01 0b00c401 10032 100 80502 2068864073 31989815 10019431
0b000401 0b00cb01 10028 100 27881 2076361906 24519411 10015018
0b000001 0b00cc01 10032 100 880 2086258008 14623601 10012754
0b000101 0b00c201 10031 100 3418 2085971025 14911891 10012968
0b000401 0b00c501 10023 100 35352 2070696421 30248996 10015646
0b000801 0b00c201 10024 100 43059 2071372724 29598533 10016293
0b000801 0b00c701 10009 100 1072125 2014114875 86909705 10102570
0b000e01 0b00c601 10028 100 34353 2072103085 28945541 10015562
0b000301 0b00cc01 10016 100 125282 2056604902 44462084 10023186
0b000b01 0b00c901 10026 100 42312 2064045652 37021377 10016230
0b000301 0b00c201 10034 100 6586 2085833035 15263759 10013233
0b000601 0b00c901 10027 100 131 2073604544 27505004 10012694
0b000b01 0b00c701 10029 100 34023 2077478907 23637803 10015536
0b000f01 0b00c001 10028 100 38923 2077765016 23352819 10015943
0b000601 0b00c401 10025 100 21905 2050480578 50637502 10014516
0b000601 0b00c301 10035 100 27155 2077414055 23706615 10014959
0b000501 0b00cd01 10028 100 4506 2075482747 25644105 10013059
0b000a01 0b00c801 10034 100 1459 2079872960 21284076 10012804
0b000a01 0b00c301 10017 100 22801 2064190362 36987011 10014592
0b000d01 0b00cc01 10021 100 52796 2083337825 17947629 10017107
0b000201 0b00c501 10018 100 440741 2045664797 55686527 10049632
0b000c01 0b00c401 10030 100 3022 2064028592 37327925 10012937
0b000001 0b00c801 10037 100 13814 2074526349 26938140 10013838
0b000e01 0b00c701 10028 100 5139 2079970401 21504015 10013114
0b000401 0b00c801 10022 100 76835 2071384872 30090484 10019122
0b000c01 0b00cf01 10023 100 49179 2051813774 49689601 10016806
0b000f01 0b00ce01 10019 100 69347 2053142418 48387729 10018496
0b000c01 0b00cf01 10022 100 62923 2051084914 50447308 10017955
0b000701 0b00c401 10029 100 376 2074170623 27372019 10012713
0b000a01 0b00cf01 10022 100 28031 2051672764 49878582 10015033
0b000c01 0b00cc01 10037 100 22789 2072373155 29194577 10014591
0b000f01 0b00c501 10013 100 25809 2054071539 47519917 10014844
0b000901 0b00c801 10025 100 6542 2076043085 25549332 10013230
0b000601 0b00cc01 10025 100 28047 2057446269 44148867 10015035
0b000201 0b00cb01 10015 100 89475 2057806978 43802731 10020183
0b000101 0b00c101 10035 100 29728 2084597222 17028445 10015173
0b000801 0b00cb01 10023 100 7262 2062946542 38688727 10013291
0b000901 0b00c301 10022 100 43595 2052137495 49501338 10016336
0b000f01 0b00c001 10033 100 1110 2088687832 12955769 10012776
0b000e01 0b00cb01 10022 100 9817 2061433889 40214939 10013503
0b000601 0b00c901 10030 100 53642 2081682508 19969849 10017178
0b000801 0b00c601 10023 100 21550 2075109075 26543912 10014488
0b000601 0b00c901 10033 100 20387 2085899224 15755192 10014391
0b000901 0b00cf01 10020 100 24407 2062267287 39421007 10014728
0b000301 0b00c101 10028 100 26615 2066205619 35523597 10014912
0b000101 0b00c501 10030 100 118300 2077437449 24294699 10022600
0b000e01 0b00cd01 10017 100 36771 2058658320 43111990 10015763
0b000e01 0b00c301 10037 100 9653 2085462499 16309127 10013490
0b000701 0b00c101 10018 100 34519 2060479498 41293413 10015575
0b000a01 0b00c301 10024 100 9472 2075851652 25934852 10013476
0b000e01 0b00c901 10020 100 54430 2058834334 42959732 10017245
0b000901 0b00ca01 10030 100 7796 2076353308 25444113 10013334
0b000901 0b00c301 10021 100 56582 2050519271 51292575 10017425
0b000401 0b00cf01 10019 100 27866 2055138916 46675747 10015016
0b000a01 0b00cf01 10026 100 9043 2064969563 36849382 10013441
0b000601 0b00cc01 10034 100 27320 2074465362 27354298 10014973
0b000e01 0b00c101 10023 100 6950 2054731603 47096809 10013262
0b000e01 0b00cb01 10024 100 56272 2081129343 20701036 10017400
0b000801 0b00cf01 10019 100 15760 2067530456 34313020 10014002
0b000201 0b00cb01 10017 100 17703 2067183877 34659784 10014165
0b000901 0b00c801 10018 100 25310 2062442697 39403653 10014804
0b000c01 0b00cb01 10025 100 29561 2064692867 37166959 10015160
0b000801 0b00ce01 10023 100 150536 2057894548 43968811 10025302
0b000101 0b00c401 10024 100 26870 2074301603 27566382 10014933
0b000a01 0b00c901 10018 100 183055 2044017376 57867673 10028030
0b000001 0b00cf01 10038 100 6400 2086228638 15671914 10013218
0b000701 0b00ce01 10032 100 37567 2085943223 15963416 10015831
0b000b01 0b00cd01 10020 100 22923 2077384900 24524833 10014602
0b000401 0b00ce01 10031 100 8701 2086028676 15899210 10013410
0b000601 0b00c501 10012 100 477347 2032329459 69599535 10052703
0b000301 0b00c601 10025 100 21573 2074531008 27404150 10014490
0b000f01 0b00c501 10020 100 18715 2076088507 25856300 10014250
0b000701 0b00ce01 10031 100 41324 2085646903 16306924 10016147
0b000501 0b00c401 10019 100 26453 2077235894 24722013 10014899
0b000b01 0b00c001 10028 100 65343 2074319409 27641863 10018160
0b000a01 0b00c701 10035 100 1237 2068602741 33431471 10012786
0b000e01 0b00c401 10022 100 16460 2078962070 23090277 10014062
0b000c01 0b00cf01 10020 100 203140 2042966949 59108767 10029714
0b000301 0b00c401 10025 100 42788 2072702201 29407907 10016268
0b000701 0b00ce01 10024 100 10982 2059323845 42860756 10013600
0b000601 0b00cc01 10032 100 9770 2073119350 29069128 10013500
0b000d01 0b00ca01 10022 100 123689 2065871238 36317559 10023051
0b000e01 0b00cb01 10004 100 735737 2014117129 88106535 10074365
0b000201 0b00ce01 10029 100 28568 2062691184 39537744 10015076
0b000401 0b00c201 10027 100 31712 2062988033 39241524 10015339
0b000b01 0b00c201 10028 100 6586 2076740334 25543129 10013233
0b000e01 0b00c401 10026 100 21925 2086341013 16003502 10014518
0b000801 0b00c701 10031 100 71448 2059411738 42957926 10018672
0b000301 0b00c601 10028 100 41 2076022097 26351606 10012687
0b000301 0b00c201 10037 100 607 2087699906 14677561 10012732
0b000501 0b00c501 10026 100 19735 2059478262 42900474 10014335
0b000101 0b00ca01 10025 100 5742 2080544734 21841557 10013162
0b000301 0b00c501 10017 100 46706 2052478010 49924654 10016596
0b000601 0b00cd01 10033 100 72226 2069152047 33277726 10018738
0b000201 0b00c601 10028 100 54821 2051492002 50942204 10017276
0b000c01 0b00c501 10036 100 76532 2070701899 31739118 10019098
0b000901 0b00c501 10034 100 3325 2089039457 13410504 10012961
0b000701 0b00c801 10024 100 693 2077804581 24665596 10012739
0b000301 0b00c801 10039 100 23195 2086910856 15622007 10014627
0b000901 0b00cb01 10029 100 22157 2074468344 28095627 10014540
0b000301 0b00ce01 10023 100 61636 2055853067 46729965 10017848
0b000301 0b00c101 10027 100 121480 2065981933 36614078 10022866
0b000d01 0b00c901 10031 100 34556 2072892192 29728710 10015578
0b000d01 0b00c601 10031 100 4112 2081386168 21251725 10013028
0b000201 0b00ca01 10017 100 18827 2067684164 34974620 10014259
0b000b01 0b00c601 10021 100 44737 2052936986 49723290 10016431
0b000c01 0b00c501 10030 100 21620 2058837040 43862688 10014494
0b000601 0b00c501 10000 100 1481444 2002788325 99913326 10136886
0b000501 0b00c301 10022 100 168643 2059062278 43677271 10026820
0b000901 0b00cf01 10032 100 14932 2086884473 15856019 10013932
0b000f01 0b00c201 10042 100 25019 2076365953 26377261 10014781
0b000501 0b00ca01 10023 100 29 2061593620 41157360 10012686
0b000501 0b00cc01 10036 100 21865 2075287433 27474976 10014513
0b000001 0b00c601 10025 100 801 2054881836 47910619 10012747
0b000701 0b00c301 10035 100 4276 2079271975 23524822 10013041
0b000401 0b00c201 10034 100 1147 2075311827 27489335 10012779
0b000b01 0b00c501 10026 100 40506 2084687907 18138289 10016077
0b000501 0b00c501 10020 100 71875 2051609168 51235755 10018706
0b000e01 0b00cd01 10026 100 34876 2075309166 27542565 10015604
0b000a01 0b00cd01 10015 100 29996 2062507248 40345588 10015194
0b000501 0b00c501 10023 100 1792 2056853433 46004752 10012831
0b000501 0b00ce01 10022 100 21313 2054583829 48332953 10014469
0b000101 0b00c401 10021 100 4442 2065003442 37920553 10013054
0b000501 0b00c701 10025 100 22226 2056254184 46700646 10014546
0b000901 0b00c901 10034 100 27201 2078354103 24623599 10014963
0b000e01 0b00cf01 10019 100 734 2066215032 36781318 10012742
0b000901 0b00c101 10015 100 5781 2064496167 38519003 10013165
0b000601 0b00cd01 10032 100 63983 2068476715 34540070 10018044
0b000f01 0b00cf01 10018 100 15238 2055920403 47118511 10013960
0b000901 0b00cf01 10014 100 606666 2037936154 65104387 10063544
0b000701 0b00c701 10017 100 552480 2043368049 59688344 10059001
0b000001 0b00cb01 10017 100 65809 2054291824 48774303 10018198
0b000201 0b00cc01 10025 100 105216 2068501495 34592967 10021504
0b000301 0b00ce01 10022 100 5214 2055163560 47945421 10013120
0b000601 0b00c501 10031 100 7936 2077351962 25771920 10013345
0b000f01 0b00cb01 10035 100 16870 2086947272 16205675 10014094
0b000a01 0b00cb01 10021 100 33899 2062561437 40621064 10015522
0b000e01 0b00c101 10022 100 126782 2054301655 48882253 10023310
0b000e01 0b00c301 10022 100 48651 2062491982 40695987 10016760
0b000501 0b00c301 10026 100 16747 2077894103 25331376 10014085
0b000001 0b00cd01 10038 100 29216 2085584222 17675248 10015132
0b000601 0b00c101 10020 100 21226 2064225684 39069805 10014462
0b000101 0b00c701 10019 100 131530 2066891371 36411701 10023709
0b000e01 0b00cc01 10025 100 13872 2066584757 36735298 10013843
0b000701 0b00cf01 10025 100 28069 2073751414 29575674 10015036
0b000b01 0b00cf01 10026 100 71359 2082905983 20487679 10018665
0b000701 0b00c401 10022 100 8256 2060697216 42697115 10013375
0b000301 0b00c101 10025 100 17455 2064005439 39391341 10014145
0b000401 0b00c601 10030 100 23725 2077603251 25795149 10014670
0b000201 0b00c301 10024 100 61614 2060864324 42551820 10017847
0b000101 0b00cc01 10030 100 333936 2053189265 50248416 10040677
0b000901 0b00cd01 10030 100 42160 2074070053 29384963 10016217
0b000301 0b00c201 10025 100 31618 2063730914 39736104 10015332
0b000201 0b00ca01 10015 100 49846 2061814243 41657153 10016859
0b000e01 0b00c101 10015 100 355058 2040270619 63215005 10042451
0b000701 0b00cc01 10019 100 73116 2062197852 41292044 10018813
0b000201 0b00cd01 10032 100 47219 2077609486 25892583 10016641
0b000801 0b00cd01 10028 100 72988 2076914919 26622311 10018799
0b000f01 0b00cf01 10032 100 45033 2087128327 16441426 10016459
0b000c01 0b00c901 10024 100 53203 2071476509 32099723 10017143
0b000501 0b00c601 10010 100 272761 2041866100 61711697 10035549
0b000a01 0b00ca01 10018 100 757 2055471025 48138460 10012744
0b000301 0b00c901 10031 100 8472 2076427095 27184757 10013392
0b000d01 0b00c001 10027 100 37286 2079263737 24369145 10015808
0b000a01 0b00c101 10011 100 62815 2052492616 51159291 10017947
0b000f01 0b00cd01 10021 100 29813 2067372982 36281720 10015180
0b000301 0b00ce01 10031 100 29891 2087327268 16339545 10015186
0b000101 0b00c701 10017 100 4721 2065064835 38618486 10013076
0b000801 0b00c201 10031 100 12087 2089290952 14416406 10013696
0b000701 0b00ce01 10020 100 4951 2054178428 49529726 10013095
0b000301 0b00c701 10021 100 115962 2067994527 35725561 10022402
0b000501 0b00ca01 10022 100 170935 2056735234 46987180 10027011
0b000b01 0b00c901 10013 100 505882 2042515063 61208039 10055093
0b000001 0b00c801 10023 100 135270 2047190712 56535370 10024023
0b000a01 0b00c201 10018 100 325208 2039762061 63977779 10039948
0b000a01 0b00ca01 10024 100 54842 2075296116 28517999 10017278
0b000801 0b00c801 10034 100 9989 2081972388 21846508 10013517
0b000d01 0b00c601 10026 100 63837 2075106321 28766129 10018032
0b000701 0b00c601 10031 100 58072 2079085404 24793563 10017552
0b000001 0b00c801 10038 100 6349 2077588564 26293298 10013214
0b000a01 0b00c201 10030 100 6400 2080340144 23549565 10013218
0b000d01 0b00cb01 10008 100 1071637 2016986896 86912880 10102527
0b000501 0b00c701 10029 100 25680 2065295021 38607111 10014834
0b000401 0b00cc01 10007 100 585990 2028418913 75545208 10061809
0b000401 0b00c301 10030 100 43419 2064064102 39910530 10016322
0b000301 0b00cb01 10030 100 346985 2054203654 49815436 10041771
0b000601 0b00cc01 10031 100 61660 2069624106 34431455 10017850
0b000701 0b00c101 10027 100 88903 2083750154 20309584 10020134
0b000501 0b00c101 10019 100 29271 2066173060 37900805 10015136
0b000901 0b00cd01 10032 100 34921 2080748079 23330738 10015608
0b000601 0b00c601 10040 100 381 2089039247 15050066 10012714
0b000a01 0b00c001 10028 100 7696 2080371345 23725963 10013326
0b000d01 0b00ca01 10026 100 20133 2077385544 26723996 10014371
0b000801 0b00c501 10032 100 8640 2088559275 15560497 10013405
0b000d01 0b00cf01 10028 100 10308 2064447894 39677327 10013546
0b000601 0b00c501 10009 100 412273 2027185306 76952747 10047247
0b000e01 0b00ce01 10031 100 37252 2072481675 31698569 10015806
0b000201 0b00c001 10012 100 26244 2054720879 49464413 10014883
0b000401 0b00cc01 10020 100 1364 2076711176 27490680 10012796
0b000e01 0b00cf01 10021 100 5842 2068898526 35313416 10013170
0b000d01 0b00c101 10019 100 41575 2073593277 30631683 10016167
0b000b01 0b00c901 10030 100 21205 2077628445 26599770 10014460
0b000f01 0b00c401 10018 100 29258 2057818976 46417446 10015135
0b000101 0b00ce01 10024 100 2745 2065951194 38287705 10012911
0b000801 0b00cb01 10030 100 45873 2075911827 28332421 10016526
0b000101 0b00c101 10031 100 11007 2077887971 26358748 10013606
0b000301 0b00c601 10029 100 52900 2077847141 26401332 10017115
0b000301 0b00c701 10024 100 24856 2075474564 28804648 10014764
0b000501 0b00ce01 10030 100 31538 2078159208 26124670 10015325
0b000401 0b00c601 10031 100 33733 2080085222 24199884 10015509
0b000c01 0b00cb01 10038 100 35515 2086537164 17754463 10015659
0b000301 0b00cc01 10020 100 6640 2065707048 38597360 10013238
0b000c01 0b00ce01 10021 100 7874 2054701281 49604861 10013340
0b000701 0b00ca01 10022 100 38686 2056540281 47771164 10015924
0b000701 0b00c501 10023 100 8874 2079152189 25169508 10013424
0b000a01 0b00cf01 10031 100 72181 2070835602 33491485 10018734
0b000101 0b00c901 10025 100 116942 2068993695 35336557 10022484
0b000a01 0b00c401 10025 100 31156 2074470701 29867602 10015295
0b000901 0b00cc01 10009 100 739930 2025778577 78575089 10074716
0b000c01 0b00cd01 10029 100 68504 2074522088 29832828 10018425
0b000701 0b00c201 10000 100 1994995 2002539914 101817986 10179940
0b000e01 0b00c401 10024 100 15482 2081322703 23040634 10013980
0b000a01 0b00c001 10027 100 54448 2074132806 30251116 10017247
0b000001 0b00cd01 10037 100 35823 2084194495 20190651 10015684
0b000c01 0b00cc01 10023 100 69536 2050714585 53688753 10018511
0b000301 0b00c301 10031 100 43426 2074075092 30364873 10016323
0b000501 0b00cc01 10037 100 4451 2075835028 28626076 10013055
0b000301 0b00c401 10017 100 525 2060492949 43992100 10012725
0b000001 0b00c801 10040 100 78673 2078487341 25999333 10019277
0b000c01 0b00c601 10020 100 33983 2055875798 48619923 10015529
0b000a01 0b00cc01 10024 100 32367 2064738678 39759240 10015396
0b000701 0b00cb01 10023 100 7657 2054744782 49753696 10013323
0b000601 0b00ce01 10031 100 42153 2085547336 18965383 10016217
0b000f01 0b00c301 10027 100 22228 2089799274 14715835 10014546
0b000b01 0b00c801 10031 100 9607 2078833604 25714359 10013486
0b000101 0b00c601 10030 100 1833 2078946623 25614639 10012834
0b000401 0b00cf01 10023 100 3503 2079755240 24806373 10012975
0b000a01 0b00ca01 10026 100 50118 2076403763 28163936 10016885
0b000301 0b00cd01 10028 100 21772 2080012330 24575485 10014506
0b000801 0b00cc01 10030 100 66771 2074753723 29845276 10018278
0b000501 0b00c701 10034 100 3690 2076728898 27881297 10012990
0b000301 0b00c301 10033 100 11415 2077172529 27444219 10013639
0b000701 0b00ca01 10023 100 37396 2056804834 47846774 10015817
0b000501 0b00c101 10020 100 21701 2067888921 36789678 10014500
0b000c01 0b00c901 10027 100 6357 2079129861 25571728 10013215
0b000101 0b00cb01 10003 100 1394817 2007508089 97217824 10129622
0b000e01 0b00cd01 10028 100 9660 2076411901 28318004 10013491
0b000a01 0b00c601 10024 100 22588 2064771984 39970330 10014575
0b000701 0b00cb01 10033 100 40958 2069607627 35139208 10016114
0b000c01 0b00cb01 10041 100 6788 2090958064 13810095 10013249
0b000d01 0b00c101 10022 100 5742 2083348533 21424201 10013162
0b000901 0b00c901 10026 100 45654 2058034968 46738795 10016508
0b000301 0b00c901 10028 100 10737 2069822734 34999882 10013581
0b000601 0b00cb01 10024 100 9489 2090432444 14397987 10013477
0b000d01 0b00c001 10026 100 74897 2077325564 27510487 10018959
0b000601 0b00c201 10031 100 434 2091836901 12999899 10012718
0b000201 0b00c601 10037 100 16472 2077828790 27010709 10014063
0b000301 0b00cf01 10025 100 1388 2078269536 26608853 10012798
0b000b01 0b00ca01 10029 100 30082 2075770154 29108298 10015205
0b000101 0b00c001 10024 100 78028 2072211966 32668495 10019225
0b000901 0b00cf01 10024 100 56431 2066574060 38322763 10017413
0b000c01 0b00c901 10021 100 29556 2063746870 41165009 10015159
0b000101 0b00c601 10021 100 78122 2061188453 43725744 10019233
0b000601 0b00c201 10019 100 200248 2056602933 48341069 10029471
0b000701 0b00ce01 10022 100 29302 2054663067 50291516 10015139
0b000801 0b00c901 10017 100 60437 2054281585 50684556 10017749
0b000801 0b00c801 10032 100 30266 2075894957 29086764 10015220
0b000601 0b00c101 10010 100 599008 2025648192 79340635 10062904
0b000b01 0b00cb01 10017 100 19626 2060318688 44679828 10014326
0b000101 0b00c901 10023 100 164621 2066799222 38211947 10026483
0b000401 0b00ca01 10034 100 31015 2086020426 18997033 10015284
0b000d01 0b00c701 10022 100 40495 2056442099 48582759 10016077
0b000e01 0b00c301 10032 100 29639 2080162227 24890660 10015166
0b000c01 0b00c501 10022 100 177125 2047920995 57190005 10027533
0b000801 0b00c601 10025 100 2960 2078131175 26981653 10012928
0b000a01 0b00c701 10029 100 1590 2060897897 44216725 10012814
0b000601 0b00c701 10021 100 96839 2056553405 48562167 10020799
0b000601 0b00c901 10022 100 8401 2066379700 38753269 10013386
0b000001 0b00cb01 10019 100 35152 2064092360 41048572 10015630
0b000001 0b00c301 10022 100 101965 2067662911 37481693 10021228
0b000001 0b00c801 10047 100 653 2090256875 14889095 10012736
0b000901 0b00cd01 10031 100 59307 2080242742 24906834 10017654
0b000901 0b00c201 10030 100 28915 2082269473 22888944 10015104
0b000901 0b00c001 10021 100 27512 2056389406 48789642 10014988
0b000a01 0b00c901 10023 100 93752 2069897479 35295293 10020541
0b000401 0b00c301 10031 100 28317 2066989828 38206326 10015056
0b000f01 0b00c901 10023 100 7037 2059827489 45412046 10013273
0b000401 0b00c801 10012 100 143360 2046808817 58447771 10024701
0b000601 0b00cd01 10031 100 129798 2065874911 39401874 10023563
0b000401 0b00cb01 10011 100 585520 2032696480 72608653 10061771
0b000901 0b00c701 10028 100 47315 2058523602 46794631 10016649
0b000e01 0b00c401 10019 100 41320 2065287837 40033882 10016146
0b000101 0b00c601 10032 100 3394 2083720571 21606395 10012966
0b000e01 0b00c801 10030 100 48831 2074220733 31128274 10016774
0b000401 0b00c401 10029 100 8170 2089294198 16067297 10013368
0b000d01 0b00cc01 10020 100 8565 2077525974 27873937 10013399
0b000b01 0b00cc01 10031 100 119445 2075257530 30155048 10022696
0b000501 0b00cd01 10011 100 734127 2019240047 86187825 10074232
0b000e01 0b00c301 10020 100 9817 2061735456 43759191 10013503
0b000d01 0b00c401 10024 100 74527 2075809029 29707070 10018930
0b000101 0b00cc01 10036 100 38448 2076843650 28714739 10015905
0b000801 0b00cb01 10026 100 44296 2069247278 36323009 10016396
0b000701 0b00c401 10019 100 2233 2059904255 45672564 10012870
0b000701 0b00c801 10015 100 10889 2058858204 46719712 10013593
0b000101 0b00c401 10025 100 42988 2075538156 30097867 10016284
0b000501 0b00cd01 10020 100 130062 2053988230 51671245 10023588
0b000301 0b00cd01 10009 100 423805 2039470376 66199916 10048212
0b000b01 0b00ce01 10014 100 6888 2068966091 36711464 10013257
0b000501 0b00c101 10017 100 27805 2060872471 44814290 10015011
0b000001 0b00c301 10028 100 9025 2078087313 27610452 10013440
0b000401 0b00c501 10030 100 39774 2078349627 27371306 10016015
0b000c01 0b00cc01 10034 100 79100 2061334875 44423329 10019315
0b000101 0b00cb01 10012 100 644176 2026385449 79443569 10066690
0b000e01 0b00ca01 10043 100 8904 2089670346 16203842 10013426
0b000501 0b00c101 10016 100 1406 2058612259 47285314 10012800
0b000f01 0b00c401 10003 100 1596872 2009179782 96727940 10146562
0b000601 0b00c401 10037 100 2714 2078250419 27659576 10012908
0b000501 0b00c301 10029 100 23929 2090239269 15673822 10014686
0b000701 0b00c701 10025 100 150700 2070977318 34950808 10025315
0b000501 0b00c501 10025 100 79287 2059093931 46853896 10019330
0b000e01 0b00c801 10031 100 58244 2077170289 28779864 10017566
0b000101 0b00ce01 10027 100 571 2079431483 26551847 10012729
0b000701 0b00c601 10027 100 21494 2065369000 40617022 10014484
0b000701 0b00c001 10027 100 9320 2084479836 21516844 10013464
0b000801 0b00cc01 10027 100 8237 2068060339 37959730 10013373
0b000a01 0b00c301 10013 100 733956 2028987708 77040544 10074215
0b000f01 0b00c901 10027 100 53289 2075565078 30467365 10017150
0b000701 0b00c201 10027 100 20815 2077051486 28984532 10014425
0b000b01 0b00c101 10022 100 7669 2080349963 25688516 10013324
0b000501 0b00c601 10028 100 3258 2081094574 24955326 10012956
0b000501 0b00c701 10026 100 28321 2057819894 48276202 10015057
0b000d01 0b00cf01 10031 100 58221 2074002546 32106309 10017564
0b000e01 0b00c801 10032 100 25294 2077748214 28364699 10014803
0b000b01 0b00c701 10021 100 42047 2055477869 50647094 10016208
0b000b01 0b00cd01 10023 100 44234 2088959192 17167424 10016391
0b000e01 0b00c801 10023 100 8346 2056225849 49902165 10013382
0b000601 0b00c301 10033 100 76865 2069723173 36418013 10019124
0b000c01 0b00c201 10029 100 77437 2071823568 34346335 10019174
0b000201 0b00c501 10020 100 72787 2063043051 43136401 10018783
0b000601 0b00c301 10036 100 2472 2080979081 25209299 10012889
0b000301 0b00c001 10017 100 74047 2064258038 41940509 10018891
0b000101 0b00c601 10024 100 63980 2063228892 42980811 10018044
0b000701 0b00c501 10025 100 65519 2080505912 25730582 10018174
0b000b01 0b00cd01 10019 100 25703 2069380407 36890166 10014836
0b000701 0b00c401 10028 100 72951 2073633214 32648003 10018796
0b000901 0b00ca01 10033 100 22665 2081977607 24337491 10014581
0b000501 0b00c701 10027 100 9253 2059908200 46415404 10013458
0b000b01 0b00cf01 10022 100 47473 2077639420 28684518 10016662
0b000f01 0b00cd01 10016 100 20475 2056076072 50256539 10014398
0b000001 0b00c501 10041 100 8452 2079756344 26607463 10013390
0b000501 0b00ca01 10020 100 70451 2052139802 54268484 10018588
0b000b01 0b00cf01 10020 100 169043 2069449110 36986010 10026856
0b000701 0b00c201 10021 100 75676 2065664062 40796282 10019025
0b000f01 0b00c101 10024 100 42047 2069261608 37234054 10016208
0b000501 0b00ce01 10023 100 3542 2056881709 49651777 10012978
0b000f01 0b00c201 10032 100 82372 2053581058 52973897 10019588
0b000e01 0b00c301 10019 100 57971 2054171671 52400406 10017540
0b000d01 0b00ca01 10027 100 20862 2077677092 28998891 10014429
0b000a01 0b00cb01 10027 100 47716 2069392292 37294915 10016681
0b000901 0b00c101 10016 100 89228 2064716601 41998382 10020163
0b000201 0b00c901 10019 100 239719 2044693629 62025170 10032779
0b000801 0b00c501 10020 100 140593 2051866071 54888518 10024468
0b000501 0b00c901 10013 100 539308 2035725048 71089639 10057898
0b000c01 0b00c301 10027 100 47382 2085582512 21237808 10016654
0b000e01 0b00c801 10027 100 125900 2067832888 39006219 10023235
0b000101 0b00c301 10039 100 5408 2093198915 13641560 10013135
0b000801 0b00ce01 10036 100 41610 2081965644 24881796 10016170
0b000001 0b00cf01 10022 100 71957 2061697531 45155318 10018713
0b000001 0b00c401 10022 100 49517 2063856973 42996598 10016833
0b000301 0b00ca01 10034 100 78447 2085037740 21816619 10019259
0b000301 0b00cd01 10027 100 51664 2079310779 27603817 10017012
0b000501 0b00c001 10030 100 68403 2062893843 44023043 10018417
0b000d01 0b00c401 10029 100 22658 2089413140 17511835 10014580
0b000b01 0b00c001 10032 100 2743 2081650251 25274770 10012910
0b000001 0b00cd01 10042 100 9055 2092220236 14705652 10013442
0b000701 0b00c301 10034 100 7049 2079187103 27759160 10013274
0b000901 0b00c201 10029 100 17204 2080723780 26226541 10014125
0b000a01 0b00cb01 10025 100 39056 2065709067 41301026 10015958
0b000501 0b00cb01 10033 100 73523 2078820960 28211139 10018846
0b000a01 0b00c701 10026 100 65987 2054870633 52175444 10018212
0b000a01 0b00cb01 10030 100 3950 2081570881 25501664 10013011
0b000301 0b00c701 10020 100 36918 2066593437 40485213 10015775
0b000f01 0b00c601 10018 100 10458 2057559141 49610826 10013558
0b000601 0b00cb01 10019 100 10679 2084968418 22228268 10013576
0b000801 0b00c101 10033 100 101414 2073071105 34157029 10021184
0b000701 0b00c901 10017 100 21269 2056441582 50794684 10014466
0b000601 0b00c401 10033 100 88490 2072252198 35018442 10020100
0b000401 0b00c301 10039 100 15102 2078446188 28829671 10013949
0b000201 0b00cf01 10027 100 77149 2073992470 33297792 10019151
0b000d01 0b00c801 10029 100 228 2082413320 24891538 10012702
0b000801 0b00cb01 10007 100 1052721 2013209654 94097184 10100941
0b000f01 0b00c201 10043 100 50078 2077019372 30292480 10016882
0b000401 0b00c401 10026 100 1893 2082491442 24837424 10012839
0b000c01 0b00cc01 10031 100 68783 2056371815 50972118 10018447
0b000301 0b00c901 10034 100 1979 2084525658 22834848 10012846
0b000301 0b00c001 10023 100 10375 2070280170 37108062 10013552
0b000201 0b00c201 10031 100 29796 2079060542 28331110 10015178
0b000001 0b00c201 10024 100 52405 2084412904 23004222 10017075
0b000701 0b00cf01 10016 100 27295 2060331758 47124365 10014971
0b000201 0b00c001 10023 100 34715 2088279167 19190657 10015591
0b000001 0b00c501 10034 100 1915 2071136420 36339614 10012840
0b000601 0b00c601 10032 100 7846 2079454949 28031988 10013338
0b000401 0b00cd01 10023 100 65204 2074615367 32873311 10018149
0b000401 0b00ce01 10029 100 1292 2080231200 27270674 10012791
0b000801 0b00c401 10022 100 64199 2064869673 42632700 10018065
0b000f01 0b00cf01 10019 100 68812 2057761345 49757690 10018449
0b000301 0b00c801 10032 100 3890 2069731502 37802832 10013006
0b000301 0b00c601 10022 100 42315 2068375483 39175990 10016230
0b000601 0b00ce01 10016 100 42271 2054405630 53156896 10016226
0b000701 0b00c201 10006 100 1100009 2020592055 86994036 10104908
0b000301 0b00c901 10030 100 59746 2076406335 31183472 10017690
0b000901 0b00cc01 10017 100 101728 2054736566 52867750 10021209
0b000601 0b00c501 10033 100 31187 2079154842 28477257 10015297
0b000a01 0b00c801 10036 100 20829 2080305142 27359999 10014426
0b000301 0b00cf01 10028 100 36688 2082643720 25049795 10015757
0b000701 0b00c101 10021 100 44592 2065509483 42224409 10016420
0b000301 0b00c501 10029 100 98701 2071941626 35800710 10020956
0b000a01 0b00c801 10017 100 481789 2035095942 72662723 10053074
0b000401 0b00c801 10026 100 17346 2079181304 28581381 10014136
0b000601 0b00c301 10032 100 127007 2069269730 38504398 10023332
0b000601 0b00ca01 10025 100 6693 2082407068 25367549 10013242
0b000401 0b00c501 10018 100 58704 2063659567 44125415 10017602
0b000901 0b00cf01 10017 100 155897 2052280180 55540958 10025750
0b000101 0b00cf01 10023 100 38480 2057410650 50419160 10015908
0b000901 0b00cb01 10021 100 21018 2058487034 49375409 10014445
0b000601 0b00c701 10032 100 7918 2093712908 14184365 10013344
0b000c01 0b00c401 10037 100 26988 2079865814 28044631 10014942
0b000401 0b00cb01 10040 100 32716 2088752185 19197329 10015424
0b000401 0b00cb01 10034 100 5642 2082729752 25253523 10013154
0b000101 0b00c701 10021 100 28635 2068509643 39484097 10015082
0b000a01 0b00c801 10033 100 29005 2077942536 30071275 10015115
0b000101 0b00cb01 10030 100 7928 2082011060 26041970 10013344
0b000401 0b00c201 10030 100 25249 2072864211 35212695 10014799
0b000701 0b00c101 10016 100 55921 2056076149 52018822 10017368
0b000901 0b00c601 10022 100 22310 2071522164 36586323 10014553
0b000001 0b00c101 10021 100 6572 2080679576 27464075 10013232
0b000d01 0b00c901 10034 100 19111 2085209904 22951547 10014285
0b000901 0b00ca01 10027 100 127 2072954413 35220863 10012694
0b000001 0b00cf01 10023 100 57087 2064164161 44013943 10017469
0b000401 0b00ce01 10024 100 56893 2059146972 49038279 10017450
0b000b01 0b00cd01 10015 100 30562 2058197358 50013815 10015244
0b000f01 0b00c601 10024 100 8043 2073118598 35112519 10013358
0b000601 0b00ca01 10030 100 4006 2092675315 15566020 10013019
0b000101 0b00ce01 10025 100 155949 2069401372 38868308 10025754
0b000501 0b00cb01 10035 100 9530 2080199063 28122720 10013480
0b000001 0b00c601 10021 100 502445 2040228182 68100337 10054807
0b000101 0b00c401 10027 100 57369 2077071071 31306087 10017492
0b000201 0b00c301 10026 100 170 2064181297 44204849 10012697
0b000c01 0b00ce01 10026 100 8162 2080407511 27995725 10013367
0b000801 0b00c301 10026 100 125344 2066830872 41580848 10023191
0b000401 0b00c101 10036 100 6410 2080612991 27815304 10013219
0b000d01 0b00c901 10028 100 32213 2057565202 50871993 10015383
0b000901 0b00c501 10029 100 18668 2080376859 28113011 10014246
0b000f01 0b00c001 10025 100 37470 2073524991 34991421 10015823
0b000c01 0b00c801 10012 100 547490 2031510009 77056283 10058583
0b000301 0b00cd01 10017 100 145338 2056562680 52009065 10024867
0b000a01 0b00c501 10022 100 4065 2060806230 47770224 10013024
0b000901 0b00ce01 10018 100 40661 2079181871 29415230 10016090
0b000001 0b00c301 10026 100 30335 2071809555 36814049 10015225
0b000d01 0b00ce01 10026 100 27735 2081065462 27558743 10015006
0b000201 0b00c001 10014 100 20764 2059701180 48940209 10014421
0b000c01 0b00c801 10030 100 27775 2080212911 28434737 10015009
0b000101 0b00c301 10025 100 181390 2067911931 40742797 10027890
0b000901 0b00cb01 10030 100 521 2083426036 25247145 10012725
0b000001 0b00cc01 10028 100 20393 2079472089 29207974 10014392
0b000401 0b00c601 10032 100 13524 2080280802 28401069 10013815
0b000e01 0b00c501 10025 100 31998 2069698876 38989169 10015362
0b000401 0b00cd01 10019 100 16242 2058425403 50283413 10014044
0b000201 0b00cd01 10030 100 128754 2071974739 36740540 10023475
0b000201 0b00cb01 10022 100 58747 2077677846 31038732 10017606
0b000901 0b00c001 10026 100 7852 2071940994 36847514 10013338
0b000001 0b00c101 10016 100 36087 2067400548 41420276 10015709
0b000e01 0b00c601 10022 100 185928 2059204461 49731056 10028268
0b000301 0b00c501 10026 100 45149 2069484140 39452254 10016468
0b000001 0b00c601 10048 100 182 2095927566 13035041 10012698
0b000b01 0b00c001 10030 100 55822 2079614478 29348894 10017360
0b000201 0b00c401 10026 100 67737 2066570991 42392430 10018360
0b000001 0b00c001 10035 100 2182 2071164873 37841934 10012866
0b000a01 0b00ca01 10027 100 8271 2083027845 25991969 10013376
0b000401 0b00c301 10010 100 703185 2021323924 87701388 10071638
0b000801 0b00c001 10022 100 34905 2083020764 26015841 10015606
0b000501 0b00c701 10032 100 21983 2073111232 35971353 10014523
0b000001 0b00c201 10021 100 53112 2076947957 32137282 10017136
0b000d01 0b00ca01 10003 100 814839 2027584064 81530122 10080996
0b000b01 0b00c701 10031 100 67412 2078950594 30184926 10018334
0b000b01 0b00c901 10032 100 52192 2082135323 27023404 10017058
0b000901 0b00cd01 10025 100 473 2060917673 48246346 10012721
0b000701 0b00cc01 10017 100 29138 2058290019 50899297 10015126
0b000001 0b00c401 10027 100 31870 2079570266 29625550 10015352
0b000501 0b00cf01 10024 100 48008 2068686248 40539688 10016708
0b000001 0b00ce01 10041 100 2621 2083605078 25688542 10012901
0b000601 0b00c901 10026 100 1681 2072871601 36430863 10012822
0b000d01 0b00c301 10030 100 1958 2094132146 15180103 10012844
0b000901 0b00cd01 10022 100 38560 2059621304 49709141 10015914
0b000801 0b00cb01 10027 100 72233 2069684732 39679573 10018738
0b000901 0b00cf01 10021 100 36674 2063346831 46020951 10015756
0b000c01 0b00c801 10025 100 72848 2066879816 42495155 10018788
0b000d01 0b00c501 10020 100 24219 2082243742 27135059 10014713
0b000f01 0b00c101 10025 100 31142 2074762423 34715011 10015294
0b000e01 0b00c901 10027 100 51639 2077499383 31978845 10017010
0b000b01 0b00cd01 10022 100 667 2082583923 26909550 10012737
0b000c01 0b00c901 10032 100 6803 2081658414 27848905 10013251
0b000601 0b00c501 10032 100 35018 2078396779 31112293 10015619
0b000101 0b00c501 10035 100 6545 2087720243 21808724 10013230
0b000901 0b00ca01 10028 100 18339 2073337895 36203017 10014220
0b000401 0b00ca01 10026 100 21922 2072354497 37190948 10014518
0b000601 0b00cc01 10002 100 1122459 2007440696 102109637 10106789
0b000e01 0b00cd01 10014 100 448778 2037761097 71819588 10050306
0b000c01 0b00c901 10026 100 50544 2078528663 31062245 10016919
0b000f01 0b00cd01 10017 100 7687 2060168319 49434361 10013325
0b000a01 0b00c901 10026 100 78174 2078062352 31546561 10019237
0b000101 0b00cd01 10030 100 79762 2077729795 31906272 10019368
0b000001 0b00ce01 10038 100 56333 2080270276 29365942 10017405
0b000901 0b00c701 10036 100 29908 2072785189 36880127 10015187
0b000201 0b00cf01 10030 100 40795 2079038052 30630508 10016101
0b000301 0b00c501 10022 100 3832 2061787521 47889532 10013001
0b000701 0b00c501 10028 100 12438 2087601724 22089043 10013724
0b000001 0b00cb01 10021 100 23398 2079971764 29733321 10014644
0b000201 0b00c901 10026 100 28329 2064385241 45360721 10015057
0b000001 0b00c501 10044 100 9453 2081776726 27974693 10013474
0b000201 0b00c601 10038 100 135635 2079606596 30152336 10024053
0b000b01 0b00cf01 10025 100 21187 2082857199 26902973 10014459
0b000f01 0b00cc01 10027 100 68186 2068903176 40862978 10018399
0b000c01 0b00c801 10031 100 38065 2083905366 25869157 10015874
0b000c01 0b00cd01 10028 100 3570 2070480798 39303870 10012980
0b000d01 0b00c901 10014 100 739767 2030392346 79424032 10074702
0b000301 0b00c901 10021 100 136980 2062200005 47618761 10024164
0b000b01 0b00c001 10031 100 65850 2081585737 28243983 10018201
0b000701 0b00c901 10019 100 6964 2069934294 39904073 10013264
0b000c01 0b00c001 10020 100 49330 2072560547 37293471 10016818
0b000d01 0b00c601 10025 100 30540 2074644349 35222641 10015242
0b000101 0b00c501 10023 100 159615 2051475098 58399916 10026063
0b000b01 0b00c901 10025 100 22457 2061012536 48874050 10014564
0b000901 0b00c501 10025 100 14768 2061616421 48272768 10013919
0b000e01 0b00c501 10027 100 72335 2075173023 34727097 10018747
0b000801 0b00c101 10037 100 67870 2082342201 27598520 10018370
0b000901 0b00cf01 10031 100 25608 2083182208 26782916 10014828
0b000301 0b00c401 10023 100 22958 2071859954 38152215 10014604
0b000d01 0b00c001 10023 100 3689 2072782162 37254475 10012990
0b000001 0b00cd01 10036 100 21368 2081585549 28462711 10014473
0b000101 0b00cf01 10038 100 421 2095048251 15040160 10012717
0b000b01 0b00c501 10014 100 559805 2038888073 71201740 10059614
0b000801 0b00cd01 10027 100 42286 2072510465 37620516 10016228
0b000d01 0b00c101 10024 100 75419 2086736428 23426534 10019005
0b000201 0b00c601 10033 100 39883 2059898856 50274564 10016024
0b000701 0b00c601 10040 100 3700 2096788796 13410160 10012991
0b000501 0b00c101 10012 100 377453 2037051352 73148908 10044327
0b000901 0b00cf01 10030 100 26200 2081606435 28598478 10014879
0b000e01 0b00c501 10028 100 78446 2076615605 33618650 10019259
0b000501 0b00c101 10021 100 55351 2068088803 42183577 10017323
0b000501 0b00cb01 10026 100 80820 2067475405 42797046 10019456
0b000a01 0b00ce01 10028 100 27383 2092093525 18194119 10014978
0b000601 0b00c901 10025 100 27733 2070825221 39473878 10015006
0b000501 0b00c501 10022 100 127595 2056724465 53577398 10023379
0b000e01 0b00cf01 10015 100 181814 2046373422 63954203 10027924
0b000a01 0b00c701 10036 100 33474 2070857360 39489779 10015488
0b000b01 0b00c501 10019 100 39575 2060430698 49955853 10015999
0b000501 0b00c201 10018 100 65214 2064251141 46156656 10018150
0b000c01 0b00cf01 10027 100 58837 2068807576 41600234 10017613
0b000f01 0b00c901 10024 100 7229 2060954080 49463069 10013289
0b000501 0b00c001 10031 100 103562 2064914583 45504835 10021364
0b000d01 0b00ce01 10031 100 5075 2096739286 13702350 10013109
0b000b01 0b00c201 10030 100 57378 2082974184 27521057 10017492
0b000701 0b00cb01 10026 100 23839 2059204488 51308980 10014679
0b000801 0b00c801 10035 100 8239 2084552009 25962509 10013373
0b000601 0b00c501 10028 100 20793 2072339309 38213140 10014424
0b000601 0b00c901 10017 100 95409 2054926837 55642327 10020681
0b000701 0b00cc01 10020 100 657 2064289303 46289856 10012736
0b000501 0b00cf01 10023 100 40607 2061554831 49026190 10016086
0b000901 0b00ca01 10035 100 23979 2087641785 22940368 10014690
0b000c01 0b00cf01 10032 100 11152 2082233061 28373667 10013618
0b000401 0b00c601 10038 100 17768 2093344769 17265249 10014170
0b000401 0b00c701 10021 100 250629 2064329620 46323167 10033694
0b000101 0b00c701 10024 100 673 2073120980 37544403 10012737
0b000201 0b00cc01 10024 100 242101 2064601484 46101206 10032981
0b000701 0b00c701 10022 100 5991 2060739192 49979607 10013182
0b000501 0b00ce01 10035 100 5046 2085331168 25391673 10013106
0b000101 0b00cc01 10040 100 61743 2092328616 18396163 10017857
0b000d01 0b00ce01 10025 100 3869 2071406787 39344375 10013004
0b000401 0b00c801 10028 100 59902 2080755683 30013928 10017702
0b000f01 0b00c601 10022 100 27430 2070172169 40632103 10014981
0b000c01 0b00c001 10019 100 121092 2071502371 39323386 10022835
0b000301 0b00ce01 10030 100 24047 2086879868 23950205 10014699
0b000701 0b00c701 10027 100 35966 2072407641 38424928 10015695
0b000901 0b00cb01 10022 100 74413 2059191849 51647124 10018921
0b000801 0b00c001 10020 100 63632 2082079650 28806288 10018016
0b000701 0b00c801 10027 100 25353 2087641323 23300985 10014808
0b000a01 0b00c401 10028 100 48027 2084188113 26754629 10016710
0b000d01 0b00ca01 10020 100 5154 2063951939 46994682 10013115
0b000501 0b00c101 10024 100 897 2073120283 37830162 10012755
0b000501 0b00c001 10035 100 23286 2071645548 39310442 10014635
0b000d01 0b00cf01 10038 100 2261 2083789600 27167389 10012872
0b000801 0b00cc01 10029 100 17584 2072644554 38376389 10014155
0b000801 0b00cf01 10015 100 281608 2057748823 53287483 10036291
0b000901 0b00c901 10035 100 53527 2091938406 19111851 10017169
0b000001 0b00c601 10047 100 13118 2095620794 15436603 10013783
0b000a01 0b00c201 10032 100 52843 2083885812 27181467 10017110
0b000d01 0b00c101 10020 100 1021 2076346405 34753317 10012769
0b000301 0b00cf01 10027 100 19901 2082475307 28634535 10014348
0b000701 0b00c001 10029 100 22755 2086251483 24875218 10014588
0b000101 0b00c301 10037 100 67914 2092118917 19028759 10018374
0b000b01 0b00c101 10021 100 75645 2080101135 31069070 10019023
0b000901 0b00c501 10035 100 2583 2089773715 21401752 10012898
0b000801 0b00c801 10029 100 26681 2061208650 50026528 10014918
0b000f01 0b00c601 10021 100 138646 2068328451 42932664 10024305
0b000b01 0b00c301 10017 100 27845 2074267831 37016948 10015015
0b000d01 0b00cd01 10025 100 58392 2067895431 43393042 10017577
0b000101 0b00cc01 10039 100 794 2090039711 21276196 10012747
0b000001 0b00c201 10018 100 174456 2065676257 45737007 10027308
0b000601 0b00c501 10025 100 23077 2064042968 47374387 10014618
0b000101 0b00c501 10028 100 56437 2063680261 47751332 10017413
0b000801 0b00cb01 10028 100 2065 2072687354 38817058 10012856
0b000c01 0b00cb01 10034 100 21098 2081835236 29688988 10014452
0b000801 0b00c501 10034 100 75547 2089570852 21972235 10019015
0b000301 0b00c901 10033 100 25436 2083572746 27982929 10014814
0b000501 0b00cd01 10033 100 42845 2080523057 31095188 10016272
0b000401 0b00c001 10018 100 51543 2082710516 28911826 10017003
0b000d01 0b00c201 10034 100 47190 2080417639 31216298 10016639
0b000a01 0b00c201 10028 100 161454 2069012423 42629544 10026218
0b000401 0b00c501 10021 100 223508 2068434740 43216964 10031420
0b000201 0b00c101 10033 100 19552 2095610210 16065970 10014320
0b000e01 0b00c001 10029 100 28071 2075292373 36407995 10015037
0b000d01 0b00cf01 10000 100 2763347 2001740631 110022985 10244361
0b000001 0b00c901 10039 100 23025 2073769742 38025303 10014614
0b000101 0b00cd01 10026 100 1855 2063548282 48249664 10012836
0b000c01 0b00c501 10031 100 2313 2062601008 49207259 10012876
0b000401 0b00cb01 10020 100 416156 2059029785 52781467 10047573
0b000301 0b00c001 10024 100 24286 2072041930 39806849 10014718
0b000201 0b00c101 10028 100 21211 2088112315 23773676 10014461
0b000c01 0b00ca01 10022 100 58831 2079613864 32284275 10017613
0b000c01 0b00c601 10029 100 53917 2080217736 31683168 10017200
0b000601 0b00c801 10024 100 2088 2084357541 27583064 10012858
0b000101 0b00c601 10038 100 2094 2098611624 13340308 10012859
0b000c01 0b00c901 10019 100 368362 2056009387 55952818 10043565
0b000c01 0b00c901 10034 100 57740 2083655851 28317905 10017521
0b000e01 0b00c301 10033 100 49799 2080245874 31777167 10016855
0b000101 0b00c701 10032 100 4217 2096496729 15527336 10013036
0b000601 0b00ce01 10030 100 42095 2085172193 26866044 10016212
0b000701 0b00cb01 10031 100 68868 2068483295 43568942 10018454
0b000601 0b00c501 10026 100 3692 2065930659 46127713 10012990
0b000201 0b00c401 10027 100 160131 2072295351 39775856 10026108
0b000501 0b00cd01 10029 100 39934 2075788095 36283465 10016028
0b000e01 0b00c901 10030 100 51540 2090757851 21321081 10017002
0b000301 0b00c601 10031 100 40456 2086459254 25625619 10016073
0b000301 0b00c901 10025 100 115073 2064541922 47549688 10022331
0b000d01 0b00cd01 10028 100 17714 2073979542 38119019 10014166
0b000f01 0b00c501 10017 100 45272 2063082128 49037813 10016478
0b000301 0b00cc01 10032 100 25912 2084306262 27828223 10014852
0b000201 0b00ca01 10014 100 56444 2060609256 51552806 10017414
0b000601 0b00cd01 10025 100 68545 2056197583 55988827 10018428
0b000f01 0b00cf01 10027 100 802 2073168809 39034919 10012748
0b000701 0b00c401 10039 100 24994 2096306472 15899027 10014775
0b000701 0b00c201 10037 100 8579 2090444820 21792515 10013400
0b000001 0b00ce01 10037 100 69256 2079408459 32909445 10018489
0b000f01 0b00c201 10038 100 240 2065697629 46629139 10012703
0b000d01 0b00ce01 10029 100 1231 2087295523 25041178 10012786
0b000701 0b00c201 10031 100 14731 2084041349 28300494 10013916
0b000701 0b00c101 10025 100 41444 2076716488 35652382 10016156
0b000c01 0b00c401 10046 100 54 2099340119 13047634 10012688
0b000201 0b00c201 10020 100 129083 2055684868 56716961 10023505
0b000c01 0b00c101 10018 100 10529 2084042119 28378184 10013564
0b000401 0b00ce01 10030 100 42592 2086025885 26397539 10016252
0b000a01 0b00cb01 10016 100 302127 2046896537 65528525 10038013
0b000a01 0b00c801 10037 100 28933 2084195226 28246404 10015106
0b000c01 0b00c301 10028 100 41387 2086015629 26468700 10016152
0b000801 0b00c601 10028 100 25155 2084922893 27592393 10014792
0b000c01 0b00c101 10014 100 31648 2072819629 39725107 10015334
0b000601 0b00ca01 10017 100 75169 2055892393 56666287 10018985
0b000701 0b00c201 10024 100 248094 2070130491 42446888 10033483
0b000401 0b00c901 10028 100 751 2085349306 27231258 10012743
0b000f01 0b00c201 10053 100 20742 2095682609 16941442 10014420
0b000301 0b00cc01 10030 100 24554 2083314603 29315178 10014740
0b000101 0b00cb01 10034 100 9633 2086556289 26082029 10013489
0b000b01 0b00cd01 10024 100 65022 2091177489 21500957 10018135
0b000001 0b00c301 10025 100 45398 2069367295 43320335 10016488
0b000a01 0b00c201 10004 100 1613302 2005893122 106806313 10147941
0b000101 0b00cf01 10028 100 35943 2066578521 46127547 10015693
0b000301 0b00cf01 10029 100 37009 2087393376 25335161 10015786
0b000a01 0b00c701 10043 100 20270 2083555639 29183850 10014382
0b000501 0b00cc01 10031 100 5 2061508342 51242675 10012684
0b000201 0b00cc01 10027 100 173238 2071645070 41112743 10027207
0b000001 0b00cc01 10029 100 56363 2079650573 33118691 10017407
0b000201 0b00c401 10032 100 39822 2083411506 29419005 10016019
0b000501 0b00c901 10025 100 186302 2070497045 42339288 10028302
0b000001 0b00c901 10040 100 72883 2076623919 36224732 10018790
0b000e01 0b00cd01 10037 100 14194 2097446412 15408474 10013873
0b000901 0b00c801 10022 100 79395 2071352355 41507522 10019338
0b000601 0b00c701 10030 100 15403 2089576493 23305498 10013973
0b000d01 0b00cc01 10024 100 1864 2087634922 25259368 10012836
0b000001 0b00c301 10032 100 2457 2091406035 21510671 10012888
0b000f01 0b00ca01 10033 100 6617 2085420409 27527516 10013236
0b000c01 0b00cc01 10046 100 27484 2088286881 24661856 10014986
0b000501 0b00c601 10030 100 34059 2088267190 24685181 10015539
0b000f01 0b00ce01 10018 100 402880 2049113398 63840658 10046457
0b000501 0b00cf01 10033 100 9166 2098485526 14506349 10013451
0b000201 0b00cc01 10030 100 78798 2078579104 34421190 10019287
0b000a01 0b00c101 10015 100 73811 2068079512 44927488 10018869
0b000b01 0b00c201 10037 100 68546 2092058194 20951302 10018428
0b000701 0b00c801 10028 100 9316 2089050002 24005567 10013463
0b000601 0b00c601 10035 100 25594 2082592532 30466902 10014827
0b000901 0b00cd01 10042 100 27466 2097124774 15954108 10014984
0b000101 0b00cd01 10028 100 44966 2066334961 46771436 10016450
0b000e01 0b00c801 10033 100 33513 2081561885 31555689 10015491
0b000d01 0b00c301 10023 100 69772 2059883434 53234726 10018530
0b000801 0b00ce01 10033 100 143382 2074846916 38283644 10024703
0b000201 0b00c001 10021 100 50961 2082744010 30392516 10016952
0b000901 0b00cf01 10034 100 20252 2096652016 16491690 10014380
0b000401 0b00cc01 10019 100 25843 2073331817 39849531 10014847
0b000901 0b00ce01 10019 100 46782 2083465820 29751806 10016603
0b000701 0b00c401 10026 100 50265 2072425444 40804533 10016897
0b000501 0b00cd01 10023 100 10340 2065932088 47338677 10013549
0b000c01 0b00cf01 10026 100 181607 2068221051 45052740 10027907
0b000201 0b00c101 10034 100 27677 2096149880 17136901 10015001
0b000f01 0b00cd01 10020 100 364001 2066902191 46394596 10043201
0b000601 0b00c201 10022 100 36308 2063163347 50161214 10015726
0b000b01 0b00cb01 10024 100 184376 2072633383 40731175 10028140
0b000701 0b00c901 10013 100 597291 2040490629 72883107 10062759
0b000501 0b00cc01 10034 100 50270 2069064181 44310193 10016897
0b000a01 0b00c701 10045 100 7297 2087397569 26031846 10013294
0b000001 0b00c701 10034 100 75403 2069757249 43683547 10019004
0b000f01 0b00cb01 10040 100 25746 2097724262 15732737 10014839
0b000401 0b00ca01 10027 100 26665 2074988312 38487575 10014916
0b000201 0b00c501 10027 100 12536 2089056135 24424904 10013732
0b000b01 0b00c101 10018 100 47089 2071668621 41814424 10016631
0b000101 0b00c501 10024 100 430467 2053162910 60331452 10048772
0b000d01 0b00cf01 10035 100 3780 2078097893 35422237 10012997
0b000801 0b00c001 10016 100 43795 2071862676 41671662 10016352
0b000501 0b00cb01 10030 100 51729 2075389998 38147968 10017018
0b000701 0b00c501 10018 100 62097 2070168772 43375289 10017889
0b000d01 0b00ce01 10027 100 53520 2084961476 28593066 10017168
0b000e01 0b00c701 10025 100 48910 2070835585 42770929 10016780
0b000b01 0b00c101 10024 100 71835 2082659186 30958416 10018703
0b000401 0b00c701 10023 100 90615 2081241824 32380046 10020278
0b000701 0b00c601 10030 100 21035 2069622429 44021930 10014447
0b000401 0b00ce01 10032 100 105628 2086196080 27454111 10021537
0b000301 0b00c401 10027 100 95071 2077478424 36197296 10020654
0b000a01 0b00cf01 10035 100 10800 2075590571 38090225 10013586
0b000601 0b00c601 10018 100 505028 2036483538 77221540 10055025
0b000b01 0b00c701 10034 100 32723 2086040180 27665418 10015424
0b000501 0b00ce01 10027 100 49227 2067783995 45925985 10016810
0b000701 0b00c201 10023 100 6265 2067538997 46174030 10013208
0b000201 0b00ca01 10019 100 31343 2074849126 38903772 10015310
0b000e01 0b00c601 10031 100 9193 2077408858 36367566 10013453
0b000501 0b00cd01 10036 100 28432 2095347355 18503095 10015065
0b000201 0b00cd01 10038 100 32282 2095873351 17987883 10015389
0b000101 0b00cc01 10033 100 34933 2063133330 50729213 10015609
0b000801 0b00c001 10017 100 64491 2072629905 41237623 10018088
0b000601 0b00c901 10031 100 44439 2082800349 31085319 10016407
0b000601 0b00c801 10023 100 48622 2080352081 33541081 10016757
0b000201 0b00c201 10037 100 39636 2093028651 20899296 10016004
0b000101 0b00c601 10036 100 45047 2094799398 19163764 10016460
0b000401 0b00c001 10023 100 54890 2091343918 22656686 10017282
0b000701 0b00c301 10033 100 21324 2076108635 37903569 10014470
0b000501 0b00cb01 10038 100 46181 2084623704 29443241 10016554
0b000d01 0b00c001 10020 100 59015 2067016444 47057093 10017631
0b000601 0b00ca01 10027 100 26260 2085420071 28671915 10014884
0b000601 0b00ce01 10033 100 15235 2086842212 27250685 10013960
0b000a01 0b00c501 10019 100 388492 2055067766 59088806 10045253
0b000901 0b00c601 10027 100 63484 2088148649 26022342 10018004
0b000d01 0b00c501 10011 100 561558 2039813146 74398133 10059762
0b000f01 0b00ce01 10012 100 1089484 2029237354 85003720 10104024
0b000501 0b00c801 10021 100 33724 2085979317 28327738 10015508
0b000b01 0b00c401 10029 100 389052 2059975792 54357250 10045301
0b000001 0b00c701 10035 100 4418 2070263348 44078052 10013052
0b000f01 0b00cc01 10026 100 180656 2068747161 45635389 10027827
0b000801 0b00c401 10027 100 54848 2071868933 42521182 10017279
0b000801 0b00c201 10021 100 97622 2060551965 53850961 10020866
0b000b01 0b00c101 10019 100 3052 2077061845 37345489 10012939
0b000f01 0b00ca01 10029 100 32884 2079576348 34898812 10015437
0b000001 0b00c001 10038 100 7141 2088097261 26430458 10013282
0b000b01 0b00c801 10026 100 53640 2072153823 42394528 10017178
0b000e01 0b00cf01 10018 100 2272 2065119258 49456890 10012873
0b000601 0b00c901 10023 100 178811 2069089126 45490151 10027672
0b000e01 0b00c001 10030 100 67037 2080164143 34417672 10018304
0b000001 0b00c101 10024 100 6615 2088344951 26239982 10013236
0b000601 0b00cb01 10015 100 5927 2064634209 49978366 10013177
0b000d01 0b00c901 10032 100 23928 2073671837 40949452 10014686
0b000501 0b00c901 10027 100 22331 2087326902 27304441 10014554
0b000701 0b00cf01 10019 100 2510 2064997734 49652256 10012892
0b000801 0b00c101 10040 100 47900 2094442250 20260074 10016696
0b000e01 0b00c901 10033 100 19506 2096306897 18407745 10014317
0b000901 0b00c601 10029 100 18810 2090580758 24135407 10014257
0b000601 0b00cb01 10021 100 31991 2087236552 27490596 10015362
0b000f01 0b00ca01 10036 100 21580 2088226446 26520084 10014490
0b000901 0b00c601 10023 100 119865 2072443814 42317493 10022730
0b000f01 0b00cf01 10023 100 46253 2063173857 51594240 10016560
0b000701 0b00c001 10028 100 75645 2085219289 29559382 10019023
0b000a01 0b00c601 10027 100 22801 2079286887 35518634 10014592
0b000001 0b00c501 10048 100 2003 2093155660 21652289 10012851
0b000b01 0b00c101 10028 100 626 2092081015 22729641 10012733
0b000c01 0b00cc01 10045 100 20484 2087131507 27693294 10014399
0b000c01 0b00c101 10016 100 25104 2075636868 39188080 10014788
0b000401 0b00c201 10038 100 28570 2086270879 28584843 10015076
0b000701 0b00c401 10024 100 24796 2068417999 46444845 10014759
0b000f01 0b00cd01 10019 100 28315 2064312471 50578210 10015056
0b000601 0b00c101 10032 100 5634 2099214046 15685339 10013153
0b000901 0b00c301 10030 100 25483 2086262499 28688259 10014818
0b000b01 0b00c901 10039 100 42077 2096334710 18620584 10016211
0b000201 0b00c301 10025 100 81299 2061083271 53872540 10019498
0b000b01 0b00c401 10036 100 61018 2084800936 30155574 10017799
0b000b01 0b00c201 10032 100 84796 2085335061 29645878 10019790
0b000501 0b00c901 10015 100 760851 2036892737 78157949 10076470
0b000801 0b00cd01 10030 100 38872 2084361455 30710323 10015939
0b000b01 0b00c901 10035 100 18415 2088538165 26594195 10014226
0b000701 0b00c701 10026 100 29466 2071420319 43718121 10015152
0b000b01 0b00c701 10040 100 8453 2099617650 15538822 10013390
0b000e01 0b00c901 10019 100 80301 2057175126 57990100 10019415
0b000d01 0b00c201 10021 100 77765 2061202828 53963293 10019200
0b000601 0b00cb01 10012 100 346769 2053249462 61930550 10041754
0b000301 0b00c801 10036 100 72182 2081069072 34125910 10018734
0b000f01 0b00c201 10022 100 830448 2039225360 75973896 10082306
0b000e01 0b00c701 10021 100 56887 2061863624 53339679 10017449
0b000d01 0b00c401 10022 100 23837 2068286413 46920411 10014679
0b000501 0b00ce01 10031 100 9453 2079149546 36089185 10013474
0b000001 0b00c501 10039 100 108312 2074311719 40935640 10021763
0b000101 0b00c501 10031 100 108638 2079719385 35535545 10021789
0b000601 0b00cf01 10025 100 21692 2067004482 48312651 10014499
0b000401 0b00cf01 10032 100 11601 2098773067 16609264 10013654
0b000f01 0b00c501 10019 100 9008 2069715549 45669173 10013439
0b000001 0b00c801 10033 100 1864 2067082484 48326299 10012836
0b000401 0b00cb01 10026 100 6331 2075380986 40081162 10013213
0b000b01 0b00c201 10026 100 23074 2074938051 40539363 10014618
0b000501 0b00c901 10026 100 78632 2070744840 44747037 10019273
0b000101 0b00c801 10016 100 309853 2046628564 68878877 10038658
0b000701 0b00c901 10020 100 51678 2074442362 41077786 10017013
0b000201 0b00cd01 10035 100 25112 2086168033 29363490 10014788
0b000101 0b00cc01 10038 100 8011 2088018416 27523041 10013355
0b000e01 0b00cb01 10018 100 242576 2050028998 65521664 10033019
0b000a01 0b00cf01 10043 100 172 2094181988 21369264 10012697
0b000f01 0b00c801 10025 100 28758 2076948456 38610390 10015092
0b000401 0b00cd01 10024 100 40081 2077209668 38359018 10016043
0b000501 0b00c401 10030 100 28387 2096990393 18583734 10015062
0b000401 0b00c001 10020 100 48913 2088199797 27376882 10016781
0b000301 0b00ca01 10037 100 19594 2092127687 23455110 10014324
0b000501 0b00ce01 10032 100 1765 2080943253 34647433 10012828
0b000c01 0b00c801 10022 100 429061 2053777242 61818926 10048656
0b000401 0b00c801 10036 100 6856 2099701238 15896448 10013255
0b000801 0b00c201 10027 100 5290 2076421251 39192344 10013126
0b000901 0b00c101 10008 100 658119 2034246208 81373720 10067860
0b000501 0b00cb01 10037 100 51197 2083693017 31940854 10016975
0b000201 0b00c601 10019 100 655637 2034330401 81354195 10067650
0b000d01 0b00c801 10033 100 16180 2088933679 26758232 10014039
0b000c01 0b00cc01 10047 100 6103 2089939112 25806823 10013195
0b000f01 0b00ce01 10023 100 22482 2065349020 50408716 10014566
0b000001 0b00c901 10042 100 4614 2080588904 35171297 10013068
0b000101 0b00cc01 10037 100 5653 2080742580 35071952 10013155
0b000e01 0b00c901 10031 100 722 2090873962 24967689 10012741
0b000301 0b00c201 10032 100 52264 2076275555 39621844 10017064
0b000f01 0b00c601 10031 100 29891 2090412821 25495113 10015186
0b000001 0b00c801 10044 100 26842 2084826014 31086093 10014931
0b000601 0b00ca01 10022 100 6846 2065569170 50354252 10013254
0b000f01 0b00c801 10026 100 38817 2078672029 37256385 10015935
0b000f01 0b00c601 10033 100 40134 2096651146 19285850 10016048
0b000c01 0b00c101 10020 100 33783 2086678345 29258754 10015513
0b000a01 0b00cb01 10033 100 19223 2088310887 27635319 10014294
0b000001 0b00ce01 10030 100 84 2072391533 43581617 10012690
0b000401 0b00c801 10015 100 161461 2057530929 58458018 10026218
0b000001 0b00c501 10025 100 145676 2055961863 60031496 10024894
0b000801 0b00c301 10022 100 508718 2052156350 63850503 10055332
0b000a01 0b00c101 10020 100 182974 2079111288 36900365 10028020
0b000b01 0b00c801 10030 100 166582 2077744231 38298439 10026647
0b000d01 0b00c201 10029 100 68105 2071351873 44701828 10018393
0b000101 0b00ce01 10002 100 1633208 2005974915 110086101 10149611
0b000801 0b00c701 10035 100 9843 2071030563 45042608 10013505
0b000701 0b00cf01 10018 100 229272 2064976523 51125881 10031904
0b000301 0b00ca01 10033 100 87355 2083570377 32572840 10020006
0b000d01 0b00c401 10025 100 2707 2079150304 37003644 10012908
0b000801 0b00c601 10006 100 985071 2024286254 91870147 10095271
0b000801 0b00cc01 10034 100 77229 2086541008 29634997 10019157
0b000901 0b00c901 10033 100 198037 2077544241 38633960 10029287
0b000001 0b00cd01 10031 100 146341 2073533940 42645055 10024951
0b000b01 0b00c301 10021 100 7771 2090282361 25898793 10013332
0b000201 0b00c801 10023 100 53799 2085078311 31127318 10017191
0b000701 0b00c901 10022 100 36512 2079090267 37116234 10015743
0b000601 0b00cb01 10023 100 21597 2088226214 28033549 10014492
0b000401 0b00c001 10021 100 20781 2088677398 27583011 10014423
0b000701 0b00c301 10041 100 3862 2090914972 25348942 10013004
0b000701 0b00c501 10019 100 35133 2072027417 44236719 10015628
0b000301 0b00cd01 10031 100 37359 2089042508 27224042 10015814
0b000801 0b00c001 10027 100 4407 2090617428 25650076 10013051
0b000401 0b00cb01 10036 100 29997 2085300398 30982172 10015194
0b000301 0b00c401 10029 100 5861 2088743990 27540361 10013171
0b000201 0b00cf01 10038 100 57052 2092804070 23504660 10017466
0b000d01 0b00cf01 10032 100 59974 2076008498 40300850 10017708
0b000b01 0b00ce01 10016 100 61134 2073058075 43278751 10017808
0b000001 0b00c601 10042 100 49762 2082164284 34181533 10016852
0b000201 0b00c301 10032 100 55274 2077759651 38614410 10017316
0b000801 0b00c401 10033 100 101673 2090199034 26175231 10021205
0b000601 0b00ce01 10024 100 5201 2069933522 46472066 10013119
0b000201 0b00c201 10036 100 4225 2090805523 25620452 10013037
0b000c01 0b00c701 10026 100 67610 2086105164 30325266 10018349
0b000701 0b00c801 10020 100 108372 2064912650 51544127 10021768
0b000a01 0b00c101 10022 100 28582 2086387980 30079251 10015077
0b000501 0b00c501 10027 100 28742 2064224423 52280465 10015090
0b000501 0b00cf01 10022 100 76973 2060887516 55631049 10019133
0b000301 0b00c801 10009 100 958846 2019915623 96608652 10093070
0b000501 0b00c001 10032 100 9893 2065985683 50539473 10013509
0b000101 0b00cd01 10029 100 46678 2076201895 40330788 10016594
0b000001 0b00c501 10035 100 7420 2071381049 45178249 10013304
0b000e01 0b00c901 10023 100 52832 2065130373 51467482 10017110
0b000c01 0b00cd01 10036 100 76052 2092156796 24441175 10019059
0b000101 0b00cf01 10029 100 25203 2071100178 45501674 10014796
0b000e01 0b00c801 10037 100 19362 2088773004 27870780 10014305
0b000b01 0b00c801 10004 100 1359093 2015398946 101252670 10126629
0b000a01 0b00c701 10042 100 21474 2081052965 35603617 10014482
0b000301 0b00c901 10036 100 9951 2088746164 27929061 10013514
0b000d01 0b00cd01 10001 100 1917701 2004866378 111838369 10173461
0b000a01 0b00ce01 10024 100 3104 2077508719 39198483 10012943
0b000c01 0b00c601 10022 100 61306 2063269878 53440516 10017822
0b000501 0b00c601 10022 100 23674 2067806290 48933605 10014666
0b000901 0b00c801 10029 100 18270 2088620816 28170500 10014214
0b000b01 0b00c201 10034 100 8436 2090808126 25999851 10013389
0b000501 0b00c801 10018 100 28067 2070031092 46791154 10015036
0b000f01 0b00c101 10031 100 5129 2083601824 33233965 10013113
0b000f01 0b00c501 10025 100 35699 2092743952 24111984 10015674
0b000f01 0b00ca01 10026 100 2021 2070052725 46817176 10012853
0b000d01 0b00c901 10036 100 702 2091884571 25015141 10012740
0b000701 0b00ce01 10040 100 4925 2095444955 21478001 10013093
0b000501 0b00c001 10034 100 10567 2069417987 47524183 10013567
0b000301 0b00c101 10038 100 29710 2088491272 28475594 10015172
0b000f01 0b00cb01 10031 100 72921 2073447369 43521852 10018794
0b000c01 0b00c501 10038 100 59189 2074279976 42697539 10017645
0b000a01 0b00c201 10033 100 42410 2086835559 30155911 10016237
0b000801 0b00cd01 10032 100 29781 2091046593 25961129 10015177
0b000601 0b00c901 10028 100 5055 2076814177 40193868 10013107
0b000d01 0b00cf01 10045 100 43962 2096041360 20970275 10016365
0b000601 0b00cf01 10024 100 72788 2063254473 53759908 10018783
0b000b01 0b00c301 10018 100 30062 2075900254 41133153 10015204
0b000e01 0b00c401 10027 100 21880 2090703639 26372592 10014514
0b000701 0b00c501 10021 100 5531 2077364532 39714020 10013145
0b000b01 0b00c001 10025 100 27196 2066818531 50279466 10014963
0b000401 0b00c101 10043 100 62554 2093329386 23790310 10017926
0b000901 0b00c401 10024 100 14424 2081135052 35987700 10013891
0b000001 0b00c101 10002 100 960767 2015738377 101401711 10093231
0b000e01 0b00c301 10029 100 155100 2069552494 47604871 10025687
0b000f01 0b00cb01 10036 100 7406 2089531335 27665286 10013303
0b000a01 0b00c601 10031 100 5679 2093797491 23405788 10013157
0b000701 0b00c801 10016 100 177744 2061251755 55959516 10027583
0b000501 0b00ca01 10024 100 26252 2065267932 51946704 10014883
0b000d01 0b00c201 10039 100 3989 2091866120 25351010 10013014
0b000301 0b00c201 10036 100 43227 2087358157 29867261 10016307
0b000401 0b00c901 10026 100 5705 2080158534 37099504 10013159
0b000201 0b00c601 10041 100 49380 2094863719 22465816 10016822
0b000701 0b00cf01 10028 100 78767 2085440224 31921266 10019284
0b000d01 0b00c301 10031 100 259 2094208896 23154013 10012704
0b000b01 0b00c801 10034 100 303 2082551935 34829261 10012708
0b000c01 0b00c801 10032 100 42024 2084750909 32649961 10016207
0b000501 0b00cf01 10025 100 21802 2069482470 47941379 10014508
0b000901 0b00c801 10030 100 7785 2091524058 25907605 10013333
0b000101 0b00cf01 10031 100 22551 2078091176 39391510 10014572
0b000201 0b00c401 10038 100 25135 2098653726 18835373 10014790
0b000301 0b00c201 10028 100 77341 2071940090 45572433 10019166
0b000101 0b00cd01 10031 100 3213 2082613020 34907332 10012952
0b000a01 0b00c001 10030 100 25057 2087744500 29782373 10014784
0b000e01 0b00c401 10032 100 26180 2098115334 19433300 10014878
0b000901 0b00cd01 10028 100 26388 2072825486 44743537 10014894
0b000501 0b00ce01 10038 100 5556 2089967391 27621064 10013147
0b000901 0b00cc01 10010 100 819953 2030688027 86907984 10081425
0b000001 0b00c401 10029 100 26536 2086647050 30963429 10014906
0b000501 0b00c401 10028 100 22466 2090037865 27580167 10014565
0b000c01 0b00c401 10042 100 57048 2093999587 23632659 10017466
0b000501 0b00c701 10031 100 28736 2068401600 49236567 10015090
0b000001 0b00c701 10040 100 8324 2081270878 36398112 10013380
0b000001 0b00cf01 10025 100 42918 2065155674 52515342 10016278
0b000501 0b00cd01 10024 100 288264 2066750433 50922829 10036850
0b000301 0b00ce01 10029 100 57902 2086061602 31617323 10017534
0b000901 0b00cf01 10023 100 64369 2065880050 51804335 10018079
0b000401 0b00c101 10039 100 60663 2088605606 29122921 10017767
0b000701 0b00c201 10034 100 29741 2088053219 29730212 10015174
0b000401 0b00c601 10033 100 13910 2081353634 36436916 10013846
0b000101 0b00c101 10027 100 26120 2067648847 50206488 10014873
0b000301 0b00cb01 10035 100 69395 2064805881 53052024 10018500
0b000601 0b00cd01 10037 100 171919 2080011971 37852492 10027094
0b000701 0b00cb01 10032 100 56186 2068857544 49026047 10017393
0b000d01 0b00c001 10029 100 32599 2081927664 35961167 10015414
0b000901 0b00c701 10041 100 30564 2088879711 29009625 10015244
0b000801 0b00c501 10029 100 70888 2075612140 42277625 10018623
0b000201 0b00c201 10025 100 45526 2067118332 50776237 10016498
0b000101 0b00c701 10030 100 4334 2090531715 27367578 10013045
0b000801 0b00cb01 10034 100 65234 2084651754 33261303 10018152
0b000e01 0b00c001 10032 100 51026 2083567833 34356729 10016961
0b000c01 0b00cf01 10021 100 518181 2044042952 73906423 10056127
0b000701 0b00c201 10030 100 230997 2081731711 36218877 10032046
0b000201 0b00c701 10030 100 77452 2082721890 35256297 10019175
0b000c01 0b00c301 10023 100 166760 2072322488 45658822 10026662
0b000501 0b00ca01 10026 100 20783 2077760462 40257607 10014423
0b000401 0b00c401 10028 100 43700 2087278024 30758523 10016344
0b000c01 0b00ce01 10027 100 16233 2080965932 37088722 10014043
0b000a01 0b00c201 10020 100 554629 2046742559 71319302 10059181
0b000301 0b00c601 10036 100 29378 2099051779 19027273 10015145
0b000001 0b00cf01 10036 100 52727 2083175460 34936182 10017101
0b000301 0b00cb01 10041 100 53862 2077581947 40541868 10017196
0b000c01 0b00cb01 10031 100 160757 2074385727 43755088 10026158
0b000701 0b00ca01 10026 100 34805 2066295854 51851814 10015598
0b000b01 0b00c801 10027 100 75739 2073797007 44350728 10019030
0b000601 0b00c501 10024 100 71059 2063996943 54154856 10018641
0b000b01 0b00c501 10032 100 62574 2097478850 20688535 10017927
0b000401 0b00cb01 10031 100 19818 2079862550 38324474 10014342
0b000501 0b00cd01 10037 100 49779 2096930841 21262969 10016854
0b000d01 0b00cb01 10033 100 34609 2091020771 27186901 10015583
0b000301 0b00c001 10018 100 343559 2064855818 53402839 10041485
0b000701 0b00c501 10017 100 25211 2070046991 48235430 10014796
0b000001 0b00cd01 10030 100 29613 2067535948 50784145 10015164
0b000a01 0b00cc01 10028 100 28959 2089491687 28834637 10015108
0b000801 0b00c601 10030 100 24679 2090462014 27902089 10014750
0b000601 0b00c501 10035 100 66629 2082188976 36180537 10018267
0b000a01 0b00c301 10026 100 70999 2088008870 30387194 10018632
0b000c01 0b00c701 10029 100 35925 2088621326 29777755 10015692
0b000a01 0b00cb01 10034 100 19134 2089120548 29284233 10014287
0b000701 0b00cf01 10020 100 21925 2067574739 50858675 10014518
0b000301 0b00c101 10039 100 33261 2089435425 29012930 10015471
0b000701 0b00cc01 10031 100 16293 2089760688 28692320 10014048
0b000101 0b00c601 10002 100 1823668 2005170547 113290456 10165577
0b000301 0b00c101 10032 100 23285 2078643759 39823093 10014634
0b000401 0b00c701 10027 100 1131 2091156321 27333766 10012778
0b000201 0b00cc01 10034 100 37027 2092080415 26409877 10015788
0b000601 0b00ce01 10034 100 29423 2089131607 29365809 10015149
0b000b01 0b00c901 10034 100 2270 2085311909 33227108 10012873
0b000301 0b00c901 10003 100 1246682 2008048232 110495152 10117203
0b000c01 0b00c501 10034 100 184169 2067511232 51040031 10028123
0b000b01 0b00c401 10033 100 39408 2080454972 38118577 10015986
0b000b01 0b00c301 10022 100 25930 2090883180 27718960 10014854
0b000d01 0b00c701 10028 100 20656 2081833182 36777105 10014413
0b000101 0b00c401 10032 100 14283 2092101657 26525370 10013880
0b000e01 0b00c501 10021 100 58802 2062722327 55917330 10017610
0b000b01 0b00c401 10037 100 36267 2090066257 28626149 10015723
0b000f01 0b00cb01 10030 100 153452 2066958738 51739724 10025547
0b000101 0b00cf01 10035 100 24723 2089686324 29056031 10014753
0b000301 0b00cc01 10023 100 38275 2067932963 50839503 10015891
0b000f01 0b00c801 10023 100 8078 2069333670 49493063 10013360
0b000101 0b00c801 10028 100 15449 2080991813 37847808 10013977
0b000901 0b00c601 10026 100 36516 2079338019 39515308 10015743
0b000c01 0b00c001 10021 100 74270 2072580202 46303618 10018909
0b000701 0b00cc01 10022 100 9404 2072193583 46707481 10013470
0b000401 0b00c201 10035 100 7901 2076064793 42841723 10013342
0b000001 0b00c301 10030 100 32806 2086877358 32035458 10015431
0b000301 0b00c901 10032 100 51132 2079286317 39628079 10016970
0b000201 0b00c701 10029 100 30443 2081265612 37653881 10015234
0b000a01 0b00c301 10018 100 51096 2066565885 52373880 10016967
0b000201 0b00cf01 10037 100 8580 2092635630 26306788 10013400
0b000101 0b00c201 10034 100 103988 2096055930 22914400 10021398
0b000001 0b00c801 10048 100 9273 2092285593 26694601 10013460
0b000501 0b00ca01 10029 100 13741 2094154153 24835013 10013833
0b000c01 0b00c101 10019 100 51686 2085164321 33825851 10017014
0b000b01 0b00c201 10035 100 10637 2091340623 27666703 10013573
0b000301 0b00cf01 10026 100 39751 2079888287 39120571 10016013
0b000f01 0b00ce01 10001 100 1568127 2008958466 110051957 10144155
0b000f01 0b00c201 10050 100 27001 2089838186 29176672 10014947
0b000001 0b00cf01 10034 100 4869 2081911503 37118025 10013088
0b000901 0b00cf01 10025 100 62761 2068228158 50803465 10017942
0b000901 0b00c501 10033 100 56748 2088134382 30904629 10017438
0b000201 0b00c001 10019 100 31257 2079437693 39615585 10015303
0b000701 0b00cf01 10024 100 88366 2070854563 48221831 10020091
0b000601 0b00c301 10041 100 22641 2090679221 28411134 10014579
0b000901 0b00c001 10030 100 15815 2091258190 27858433 10014006
0b000e01 0b00c601 10033 100 50345 2086605606 32520037 10016903
0b000301 0b00c001 10021 100 148806 2067391868 51750543 10025156
0b000801 0b00c401 10026 100 258494 2071060643 48099875 10034354
0b000201 0b00c201 10026 100 34295 2068368026 50830702 10015558
0b000001 0b00cd01 10041 100 9338 2090784610 28414282 10013465
0b000001 0b00c801 10041 100 6034 2080889384 38317941 10013189
0b000601 0b00c201 10020 100 160458 2057551414 61659454 10026134
0b000f01 0b00c101 10037 100 66116 2099808427 19419516 10018226
0b000501 0b00c701 10037 100 27378 2093036983 26222266 10014977
0b000601 0b00cc01 10039 100 1902 2081916569 37391691 10012839
0b000201 0b00cc01 10031 100 79954 2087690953 31630078 10019383
0b000b01 0b00c701 10030 100 22422 2078824078 40511709 10014562
0b000501 0b00c001 10036 100 28114 2090990348 28347592 10015040
0b000f01 0b00cb01 10041 100 46503 2099739549 19625950 10016580
0b000d01 0b00c601 10022 100 40564 2067335439 52045138 10016082
0b000d01 0b00c001 10021 100 31616 2067932604 51448273 10015332
0b000701 0b00c801 10030 100 4821 2091813780 27579202 10013084
0b000d01 0b00c201 10032 100 39080 2076787121 42649227 10015960
0b000a01 0b00cc01 10030 100 8272 2091582540 27871746 10013376
0b000701 0b00c901 10021 100 79110 2074734390 44730587 10019316
0b000a01 0b00ce01 10023 100 189132 2075265277 44206695 10028540
0b000c01 0b00cb01 10035 100 5795 2081977354 37514416 10013166
0b000f01 0b00ce01 10028 100 9594 2085970039 33563758 10013485
0b000401 0b00c301 10033 100 32652 2070501204 49041898 10015418
0b000d01 0b00c601 10028 100 67332 2076423414 43132299 10018327
0b000b01 0b00ce01 10015 100 2279 2070912902 48647085 10012873
0b000801 0b00c601 10024 100 46710 2077178119 42393013 10016597
0b000801 0b00c701 10037 100 602 2074977619 44612774 10012732
0b000501 0b00cf01 10021 100 501051 2057258025 62345565 10054691
0b000701 0b00ce01 10037 100 8504 2091711608 27893575 10013394
0b000001 0b00c101 10028 100 17876 2095463913 24165637 10014179
0b000701 0b00cd01 10026 100 1719 2074157083 45539176 10012825
0b000401 0b00c401 10031 100 107839 2091304377 28408820 10021721
0b000101 0b00c101 10033 100 40789 2080029668 39687316 10016100
0b000001 0b00cf01 10030 100 13281 2070799619 48941280 10013796
0b000e01 0b00cb01 10028 100 50218 2088873238 30873644 10016893
0b000501 0b00c801 10007 100 1077401 2023822088 95947918 10103011
0b000301 0b00cf01 10030 100 56919 2088218283 31556035 10017452
0b000401 0b00c801 10034 100 37462 2087665755 32115748 10015822
0b000601 0b00c001 10025 100 142872 2069654982 50134133 10024658
0b000501 0b00c901 10033 100 77022 2096880194 22917036 10019141
0b000201 0b00ce01 10035 100 49583 2076785200 43018361 10016838
0b000901 0b00cb01 10027 100 35174 2072970542 46861010 10015632
0b000b01 0b00ca01 10034 100 76954 2086759929 33082036 10019132
0b000101 0b00cf01 10036 100 28225 2090370940 29528036 10015049
0b000401 0b00c401 10019 100 144730 2067073229 52857490 10024815
0b000c01 0b00cf01 10034 100 10528 2093651840 26352014 10013564
0b000301 0b00c401 10031 100 29573 2095329922 24712865 10015161
0b000401 0b00c101 10030 100 1123 2073535023 46514865 10012777
0b000f01 0b00c001 10036 100 28928 2092598202 27469429 10015105
0b000001 0b00cb01 10022 100 79466 2081117300 38954161 10019344
0b000c01 0b00ca01 10025 100 22443 2089986969 30085381 10014563
0b000f01 0b00c101 10029 100 34450 2078915744 41181346 10015570
0b000701 0b00c401 10034 100 21032 2081808432 38293198 10014447
0b000401 0b00ca01 10030 100 22365 2080367634 39738997 10014557
0b000201 0b00cb01 10019 100 4023 2072031541 48099011 10013021
0b000e01 0b00c301 10034 100 21319 2080423371 39726544 10014470
0b000801 0b00c501 10036 100 23845 2090894631 29309740 10014679
0b000201 0b00c401 10029 100 38595 2078958760 41303384 10015917
0b000601 0b00cf01 10029 100 30028 2088892643 31395637 10015201
0b000501 0b00c301 10024 100 41977 2067462168 52863623 10016199
0b000a01 0b00c701 10044 100 3946 2086912977 33425546 10013011
0b000501 0b00ce01 10029 100 49187 2076763034 43613174 10016806
0b000201 0b00cc01 10029 100 51019 2077101358 43291134 10016961
0b000b01 0b00cb01 10027 100 74520 2079727472 40666126 10018929
0b000a01 0b00c401 10031 100 44740 2093104988 27299918 10016432
0b000001 0b00cc01 10019 100 448722 2044451102 75957907 10050301
0b000f01 0b00c601 10030 100 7635 2086941613 33481084 10013321
0b000201 0b00ca01 10021 100 136796 2081323251 39113021 10024149
0b000101 0b00c601 10026 100 209 2072828109 47613468 10012700
0b000301 0b00c701 10022 100 45800 2068407160 52094138 10016520
0b000001 0b00ca01 10030 100 32922 2090258566 30243931 10015440
0b000b01 0b00c901 10041 100 3178 2097442758 23067055 10012949
0b000001 0b00c201 10016 100 157484 2064693521 55823226 10025885
0b000501 0b00c601 10016 100 480794 2053607261 66918694 10052990
0b000f01 0b00c401 10021 100 343575 2064520654 56069485 10041486
0b000b01 0b00c701 10027 100 138816 2073154477 47472326 10024319
0b000e01 0b00cf01 10022 100 54190 2085550548 35085844 10017226
0b000b01 0b00ca01 10038 100 8579 2093066768 27570088 10013400
0b000001 0b00ca01 10032 100 3609 2095079378 25562224 10012984
0b000a01 0b00cf01 10032 100 133380 2071908066 48743621 10023864
0b000601 0b00c901 10029 100 24501 2080682207 39973821 10014736
0b000b01 0b00ce01 10028 100 55336 2099969440 20700909 10017321
0b000d01 0b00c601 10020 100 325247 2064996778 55675828 10039951
0b000901 0b00c201 10026 100 41391 2070978816 49695349 10016152
0b000d01 0b00c201 10037 100 71678 2089138779 31547335 10018690
0b000b01 0b00ce01 10020 100 100002 2088408779 32291480 10021068
0b000301 0b00c901 10037 100 30878 2092141578 28598402 10015269
0b000701 0b00cc01 10026 100 23417 2084125809 36682040 10014645
0b000f01 0b00c401 10026 100 35359 2081475680 39352155 10015646
0b000901 0b00cb01 10008 100 880476 2028750404 92092467 10086501
0b000a01 0b00cd01 10007 100 850239 2029142769 91716124 10083966
0b000201 0b00c701 10031 100 42803 2088535015 32352561 10016269
0b000501 0b00cd01 10026 100 47887 2074662346 46232316 10016695
0b000701 0b00cd01 10031 100 948 2093780127 27134899 10012759
0b000e01 0b00c601 10032 100 68284 2083831850 37093550 10018407
0b000301 0b00c901 10035 100 8950 2084771614 36165581 10013430
0b000801 0b00c301 10034 100 3793 2095250990 25753949 10012998
0b000201 0b00c501 10034 100 59422 2099487165 21569514 10017664
0b000101 0b00c301 10030 100 190278 2078227571 42830900 10028635
0b000101 0b00c201 10028 100 16384 2071709150 49354154 10014056
0b000f01 0b00cc01 10030 100 105523 2078794248 42283959 10021528
0b000d01 0b00ca01 10029 100 35847 2082807996 38282364 10015686
0b000901 0b00c201 10031 100 38507 2083672561 37426209 10015910
0b000301 0b00cb01 10048 100 1907 2094011027 27088695 10012840
0b000601 0b00c601 10036 100 79891 2084612426 36523120 10019378
0b000601 0b00cb01 10017 100 28943 2072360278 48786105 10015106
0b000c01 0b00c001 10026 100 85723 2087982987 33165227 10019868
0b000601 0b00c101 10030 100 21118 2092749346 28398996 10014453
0b000201 0b00ce01 10042 100 2863 2093820936 27336365 10012920
0b000601 0b00c901 10034 100 9481 2086726834 34440580 10013476
0b000d01 0b00ca01 10023 100 25515 2070184123 50996027 10014821
0b000601 0b00c401 10034 100 170105 2072308635 48882485 10026945
0b000301 0b00c501 10034 100 6426 2095418534 25838220 10013220
0b000201 0b00c701 10026 100 163595 2069006461 52256828 10026397
0b000f01 0b00c001 10026 100 20140 2074914451 46357475 10014371
0b000701 0b00c401 10033 100 7762 2081407087 39878705 10013331
0b000a01 0b00c401 10030 100 36312 2089881953 31403853 10015727
0b000a01 0b00ce01 10022 100 76319 2067742030 53615305 10019081
0b000f01 0b00c401 10027 100 26094 2086383008 34980995 10014871
0b000601 0b00c001 10028 100 40068 2082819471 38552620 10016042
0b000d01 0b00c401 10031 100 77845 2095817976 25561605 10019207
0b000301 0b00cc01 10026 100 34325 2073906973 47478830 10015560
0b000701 0b00c201 10041 100 28231 2095435517 25972343 10015049
0b000c01 0b00c501 10006 100 1199050 2013599994 107812110 10113212
0b000c01 0b00c001 10029 100 1354 2097995591 23428459 10012796
0b000b01 0b00cc01 10034 100 15694 2087114377 34338203 10013996
0b000a01 0b00c901 10004 100 1168624 2013223455 108263135 10110658
0b000301 0b00ce01 10026 100 70927 2068036241 53463737 10018626
0b000401 0b00c801 10027 100 79827 2079848541 41661694 10019373
0b000801 0b00ca01 10032 100 8342 2093873487 27636957 10013381
0b000e01 0b00cb01 10023 100 2658 2072148208 49382026 10012904
0b000a01 0b00c301 10028 100 29714 2092161524 29368808 10015172
0b000501 0b00cb01 10045 100 8604 2097490082 24040586 10013402
0b000801 0b00c101 10039 100 15732 2094305604 27244469 10014000
0b000101 0b00cd01 10036 100 5252 2096227614 25362892 10013123
0b000a01 0b00c201 10036 100 22144 2093183187 28421202 10014539
0b000d01 0b00cb01 10036 100 3775 2096105533 25511293 10012997
0b000601 0b00c101 10025 100 38386 2081644600 39988745 10015900
0b000001 0b00c601 10045 100 16486 2091869846 29809801 10014064
0b000801 0b00c401 10019 100 368815 2057685322 63998154 10043602
0b000e01 0b00cd01 10029 100 5916 2078198863 43502008 10013176
0b000901 0b00cb01 10036 100 31218 2093676261 28057027 10015300
0b000b01 0b00ca01 10026 100 170181 2073845669 47894372 10026951
0b000101 0b00c701 10023 100 25341 2071454850 50286522 10014807
0b000a01 0b00c101 10019 100 179403 2074831334 46946292 10027723
0b000d01 0b00c001 10030 100 106439 2084888637 36906055 10021606
0b000b01 0b00c401 10039 100 25955 2096104599 25692071 10014856
0b000b01 0b00c501 10030 100 27025 2092440407 29407870 10014949
0b000b01 0b00c901 10037 100 69413 2089760136 32097190 10018501
0b000201 0b00c401 10033 100 5573 2085988720 35873173 10013148
0b000f01 0b00c101 10026 100 4528 2076609154 45257992 10013061
0b000c01 0b00c701 10021 100 6476 2072188101 49691661 10013224
0b000c01 0b00ca01 10023 100 52486 2087527741 34359096 10017082
0b000a01 0b00c601 10030 100 74752 2086107736 35781311 10018948
0b000f01 0b00c201 10052 100 19239 2093139299 28767470 10014295
0b000101 0b00ce01 10030 100 72510 2094175003 27773150 10018761
0b000501 0b00c501 10035 100 1894 2096647382 25318068 10012839
0b000301 0b00c701 10023 100 2889 2073536138 48429548 10012922
0b000001 0b00cc01 10023 100 259962 2057522343 64464499 10034475
0b000f01 0b00c901 10033 100 78329 2099579955 22411859 10019249
0b000301 0b00c001 10033 100 65530 2092739456 29278305 10018175
0b000801 0b00ce01 10041 100 5545 2096007707 26025413 10013146
0b000f01 0b00cf01 10035 100 60534 2094964522 27089693 10017756
0b000401 0b00c601 10034 100 1957 2082738525 39343159 10012844
0b000701 0b00cf01 10033 100 6796 2094412645 27691295 10013250
0b000801 0b00c401 10034 100 34609 2092780392 29348694 10015583
0b000401 0b00ca01 10013 100 592144 2041869016 80274027 10062328
0b000701 0b00c401 10037 100 32011 2093651791 28527726 10015367
0b000a01 0b00cb01 10029 100 3535 2073352118 48850284 10012978
0b000d01 0b00c601 10037 100 57586 2099314582 22889837 10017509
0b000b01 0b00ce01 10013 100 152645 2063733892 58506209 10025479
0b000f01 0b00cf01 10030 100 35966 2080796353 41453372 10015695
0b000e01 0b00ce01 10029 100 46836 2069829652 52479485 10016607
0b000701 0b00c001 10033 100 21399 2093208810 29128623 10014476
0b000b01 0b00cf01 10027 100 19683 2083600142 38744197 10014331
0b000b01 0b00c501 10027 100 20842 2085830912 36525772 10014428
0b000301 0b00ce01 10035 100 7451 2094557715 27844887 10013306
0b000301 0b00c601 10023 100 178819 2070338308 52096710 10027672
0b000101 0b00c801 10031 100 55651 2090667241 31772322 10017347
0b000301 0b00cc01 10013 100 485655 2054746955 67696267 10053398
0b000a01 0b00c001 10033 100 20368 2096989543 25463666 10014390
0b000c01 0b00c701 10032 100 6965 2096485399 25968808 10013264
0b000f01 0b00c901 10030 100 50006 2081879059 40577112 10016876
0b000e01 0b00ca01 10035 100 131568 2070389222 52085295 10023712
0b000401 0b00c701 10026 100 9425 2088208047 34283369 10013472
0b000101 0b00c101 10038 100 6487 2094983166 27513130 10013225
0b000301 0b00c801 10038 100 29429 2082335087 40165041 10015149
0b000601 0b00cc01 10036 100 131760 2078078788 44421798 10023727
0b000f01 0b00c001 10031 100 9233 2082749677 39756993 10013457
0b000401 0b00c301 10040 100 67765 2090256398 32270248 10018362
0b000b01 0b00ca01 10031 100 242775 2076717646 45813706 10033035
0b000e01 0b00c401 10025 100 4000 2084907386 37689115 10013015
0b000a01 0b00c701 10033 100 159251 2064556994 58065860 10026034
0b000f01 0b00c801 10029 100 73831 2089533422 33091856 10018870
0b000801 0b00c901 10030 100 5309 2095416353 27210305 10013127
0b000401 0b00c501 10024 100 19152 2071942699 50706175 10014288
0b000501 0b00cc01 10038 100 103021 2085822550 36832235 10021321
0b000a01 0b00c201 10029 100 60147 2070272087 52385491 10017726
0b000501 0b00c601 10001 100 1939436 2007323598 115340447 10175284
0b000a01 0b00c101 10023 100 27608 2096420563 26248251 10014996
0b000701 0b00ce01 10029 100 20016 2084130979 38542088 10014361
0b000401 0b00c101 10021 100 535392 2052473476 70201011 10057569
0b000701 0b00c101 10029 100 79099 2089559396 33129224 10019315
0b000f01 0b00c701 10017 100 682014 2049386038 73314273 10069863
0b000901 0b00c301 10033 100 4211 2096949320 25799182 10013036
0b000a01 0b00cf01 10041 100 29015 2086264082 36541784 10015116
0b000501 0b00c701 10003 100 1577768 2005211119 117615059 10144960
0b000801 0b00c101 10029 100 294198 2056782872 66047434 10037348
0b000401 0b00c801 10031 100 36375 2084950250 37882913 10015732
0b000f01 0b00cd01 10027 100 47358 2082440982 40400555 10016652
0b000501 0b00c501 10033 100 61664 2088878014 33978503 10017851
0b000e01 0b00cc01 10029 100 7415 2072948854 49959090 10013303
0b000a01 0b00c401 10022 100 40796 2072240139 50698956 10016101
0b000301 0b00c601 10005 100 942782 2023563892 99379978 10091723
0b000401 0b00c701 10030 100 45687 2095122597 27842276 10016511
0b000201 0b00c301 10031 100 88032 2077096631 45927312 10020064
0b000b01 0b00c401 10038 100 44734 2092928687 30127701 10016431
0b000101 0b00c201 10027 100 43797 2071441960 51625959 10016352
0b000301 0b00cb01 10049 100 19752 2095519481 27559004 10014336
0b000401 0b00c701 10031 100 9914 2096679815 26426290 10013511
0b000401 0b00c601 10016 100 649545 2039302406 83826418 10067139
0b000401 0b00cb01 10035 100 9920 2084831617 38299441 10013512
0b000b01 0b00cf01 10031 100 25528 2093791851 29388039 10014822
0b000301 0b00cf01 10022 100 67498 2069651545 53538057 10018340
0b000901 0b00c901 10031 100 4460 2075836166 47403554 10013056
0b000001 0b00c301 10027 100 66877 2072347113 50918636 10018287
0b000b01 0b00c101 10027 100 2272 2085980007 37311134 10012873
0b000d01 0b00c501 10014 100 666266 2046768188 76542437 10068542
0b000f01 0b00cf01 10026 100 23373 2072893949 50430632 10014642
0b000601 0b00c101 10022 100 92642 2067540913 55794120 10020448
0b000601 0b00ca01 10028 100 6748 2089364279 33980093 10013246
0b000901 0b00c801 10028 100 10043 2087506620 35848487 10013525
0b000001 0b00c501 10040 100 4539 2078396811 44962654 10013062
0b000b01 0b00c401 10040 100 27477 2098606976 24775037 10014985
0b000801 0b00cc01 10028 100 297353 2070829586 52632699 10037612
0b000901 0b00cd01 10041 100 40210 2094404753 29082367 10016054
0b000301 0b00cb01 10018 100 875810 2028798005 94695189 10086108
0b000d01 0b00ce01 10028 100 32773 2086993312 36546827 10015428
0b000f01 0b00cb01 10032 100 12700 2077684125 45873936 10013745
0b000801 0b00cb01 10031 100 300326 2077813901 45746746 10037861
0b000b01 0b00ca01 10039 100 15995 2095233739 28372248 10014021
0b000301 0b00cf01 10023 100 14001 2074118486 49501783 10013857
0b000601 0b00c401 10039 100 26553 2085193145 38460709 10014907
0b000b01 0b00cb01 10025 100 24868 2074766123 48908487 10014765
0b000101 0b00c101 10026 100 158488 2064179273 59508089 10025969
0b000301 0b00cf01 10015 100 810175 2037108208 86596496 10080608
0b000701 0b00c401 10036 100 76772 2092541168 31184864 10019117
0b000501 0b00c101 10018 100 198546 2062078121 61648993 10029327
0b000001 0b00c001 10043 100 23712 2094705706 29030849 10014669
0b000701 0b00c501 10027 100 5251 2084110582 39644113 10013123
0b000c01 0b00ce01 10031 100 45006 2083196297 40593497 10016457
0b000601 0b00c101 10026 100 52672 2083423478 40380349 10017097
0b000601 0b00c201 10035 100 46837 2095574619 28231327 10016607
0b000a01 0b00c101 10017 100 69165 2069028406 54847456 10018482
0b000d01 0b00ca01 10033 100 39471 2094033807 29894376 10015991
0b000d01 0b00c501 10023 100 25375 2084398674 39573383 10014809
0b000601 0b00c301 10039 100 65617 2089119634 34867798 10018182
0b000001 0b00c401 10032 100 6479 2095906169 28091049 10013225
0b000501 0b00c801 10027 100 34389 2096628240 27373292 10015565
0b000501 0b00c101 10029 100 36110 2092553856 31454532 10015710
0b000301 0b00cb01 10043 100 73808 2079365692 44656724 10018868
0b000601 0b00cf01 10020 100 437102 2047794357 76247434 10049330
0b000d01 0b00c201 10041 100 62801 2094703357 29350483 10017946
0b000701 0b00c001 10030 100 113061 2087717417 36377639 10022162
0b000201 0b00cb01 10027 100 24256 2087901438 36196001 10014716
0b000f01 0b00c601 10027 100 64147 2082425632 41683245 10018061
0b000001 0b00ce01 10035 100 1331 2075528808 48602216 10012794
0b000901 0b00cf01 10022 100 177727 2065429877 58723294 10027581
0b000001 0b00c001 10040 100 54174 2091906591 32262079 10017225
0b000101 0b00ce01 10032 100 43599 2095272754 28920720 10016336
0b000101 0b00c201 10029 100 53901 2071785606 52436533 10017199
0b000401 0b00cf01 10028 100 8560 2096113785 28134114 10013399
0b000301 0b00cb01 10040 100 37540 2073499484 50767992 10015829
0b000d01 0b00c201 10043 100 30267 2095339854 28928431 10015220
0b000001 0b00c201 10017 100 192802 2064990113 59299319 10028845
0b000401 0b00c101 10008 100 772122 2023272920 101037927 10077418
0b000301 0b00c601 10032 100 11397 2088135401 36192939 10013637
0b000201 0b00cc01 10028 100 51464 2071911828 52451719 10016996
0b000b01 0b00c101 10026 100 879 2085407050 38967551 10012754
0b000201 0b00c501 10026 100 63382 2088743657 35665151 10017996
0b000501 0b00c301 10030 100 61849 2090246442 34176570 10017866
0b000d01 0b00ca01 10028 100 27248 2079074306 45354542 10014967
0b000401 0b00c501 10034 100 8331 2088312665 36165724 10013381
0b000501 0b00c401 10010 100 174559 2063485866 60998034 10027316
0b000f01 0b00ca01 10031 100 76898 2082001462 42488619 10019127
0b000301 0b00ca01 10036 100 79995 2089748350 34748430 10019386
0b000f01 0b00c101 10023 100 273166 2060351923 64161281 10035585
0b000401 0b00cd01 10028 100 24465 2095810548 28720720 10014733
0b000a01 0b00c301 10025 100 5242 2084963038 39568305 10013122
0b000401 0b00cf01 10031 100 8835 2098051625 26480973 10013421
0b000901 0b00c601 10032 100 59612 2097606834 26960272 10017679
0b000b01 0b00c401 10034 100 18279 2084167112 40416645 10014215
0b000e01 0b00c901 10008 100 760912 2023813395 100778649 10076475
0b000e01 0b00c101 10031 100 231492 2070413438 54200856 10032090
0b000201 0b00c801 10024 100 28586 2087939303 36703894 10015078
0b000701 0b00c701 10031 100 24928 2096781576 27874703 10014770
0b000b01 0b00c201 10025 100 53506 2073637870 51042370 10017167
0b000b01 0b00cb01 10030 100 26164 2094980136 29705273 10014876
0b000501 0b00cd01 10027 100 39004 2074668405 50024185 10015953
0b000601 0b00ce01 10035 100 59438 2090614378 34124502 10017665
0b000601 0b00c401 10038 100 31270 2081495707 43254779 10015304
0b000001 0b00c801 10050 100 27492 2093203538 31553121 10014986
0b000d01 0b00c301 10034 100 5410 2097135733 27656209 10013135
0b000601 0b00c601 10042 100 5692 2090926742 33868353 10013158
0b000e01 0b00c901 10032 100 47722 2091992682 32821433 10016682
0b000b01 0b00ca01 10035 100 12809 2089081295 35732824 10013754
0b000001 0b00c401 10025 100 29381 2073286128 51532094 10015145
0b000301 0b00c501 10035 100 63077 2095835504 28999425 10017971
0b000e01 0b00c301 10035 100 9309 2080753759 44095591 10013463
0b000601 0b00c301 10026 100 403858 2052456394 72397449 10046540
0b000801 0b00c001 10030 100 4300 2097848969 27007079 10013043
0b000c01 0b00c401 10038 100 17689 2083657588 41208031 10014164
0b000e01 0b00cd01 10027 100 152623 2076003936 48891757 10025477
0b000e01 0b00c501 10032 100 57055 2088885225 36012831 10017467
0b000601 0b00c601 10034 100 128361 2081503511 43509547 10023444
0b000801 0b00cc01 10041 100 37048 2099121240 25919688 10015789
0b000201 0b00c401 10036 100 27022 2096029654 29055063 10014949
0b000f01 0b00cc01 10028 100 160863 2077099570 48026972 10026167
0b000601 0b00c001 10031 100 11107 2096502882 28638428 10013614
0b000001 0b00ca01 10027 100 20715 2085225380 39962045 10014417
0b000301 0b00cb01 10047 100 3474 2091776691 33420370 10012973
0b000d01 0b00c801 10028 100 7152 2079464388 45737672 10013282
0b000101 0b00c701 10026 100 825 2076814437 48402374 10012749
0b000901 0b00cf01 10028 100 31162 2080079347 45164724 10015295
0b000001 0b00c401 10031 100 58187 2094178313 31095570 10017561
0b000f01 0b00c001 10029 100 152189 2079426883 45847201 10025442
0b000701 0b00c201 10033 100 5967 2085800229 39482513 10013180
0b000801 0b00cb01 10033 100 26821 2084027327 41293100 10014929
0b000e01 0b00cc01 10032 100 53497 2089842178 35483193 10017167
0b000201 0b00cc01 10036 100 25596 2094636957 30720355 10014827
0b000001 0b00ce01 10025 100 117269 2064504517 60886662 10022514
0b000301 0b00cf01 10031 100 6150 2097535269 27873895 10013198
0b000601 0b00cc01 10043 100 33250 2093366382 32054054 10015470
0b000201 0b00c201 10029 100 23587 2076049518 49385677 10014659
0b000a01 0b00c101 10021 100 72026 2080252541 45199963 10018722
0b000f01 0b00c301 10025 100 41739 2085384962 40099770 10016180
0b000701 0b00c201 10043 100 20439 2097925738 27570135 10014395
0b000301 0b00c001 10028 100 37875 2086577059 38937297 10015855
0b000401 0b00ca01 10029 100 177575 2080016993 45506692 10027569
0b000501 0b00c601 10027 100 49523 2074872104 50658477 10016833
0b000201 0b00c001 10020 100 18517 2080324586 45210012 10014234
0b000101 0b00c201 10013 100 522670 2041071715 84507123 10056501
0b000a01 0b00cf01 10040 100 72733 2080854609 44728264 10018778
0b000901 0b00c401 10022 100 59820 2073194364 52416762 10017696
0b000f01 0b00c601 10028 100 21785 2084977117 40645437 10014507
0b000c01 0b00c301 10025 100 47860 2080785488 44885189 10016693
0b000901 0b00cf01 10035 100 3715 2098745092 26951474 10012992
0b000f01 0b00c701 10021 100 147072 2067866743 57860570 10025014
0b000a01 0b00ce01 10030 100 51851 2097466019 28267422 10017027
0b000501 0b00cb01 10032 100 18685 2078475243 47266470 10014247
0b000401 0b00cb01 10045 100 49074 2097432861 28318542 10016797
0b000101 0b00cb01 10027 100 75879 2076172944 49582009 10019042
0b000f01 0b00c001 10035 100 73776 2092089393 33669163 10018866
0b000901 0b00c301 10027 100 6444 2082350343 43432165 10013222
0b000101 0b00ce01 10026 100 4180 2077101968 48712672 10013033
0b000c01 0b00c701 10022 100 42115 2074920872 50896647 10016214
0b000501 0b00c501 10029 100 251265 2065678035 60139491 10033748
0b000d01 0b00c601 10035 100 24048 2084391902 41479339 10014699
0b000701 0b00c101 10030 100 109 2098999672 26901585 10012692
0b000901 0b00c701 10044 100 67230 2098313554 27595477 10018319
0b000701 0b00c201 10026 100 32527 2074305859 51608159 10015408
0b000f01 0b00cd01 10026 100 19747 2081751424 44242812 10014336
0b000c01 0b00c101 10022 100 31409 2098137536 27886462 10015315
0b000901 0b00c801 10033 100 3184 2099195495 26844868 10012950
0b000e01 0b00cc01 10030 100 58971 2073390718 52658375 10017624
0b000301 0b00c101 10003 100 1644724 2003535851 122561868 10150574
0b000201 0b00cc01 10037 100 46085 2098256287 27877793 10016547
0b000401 0b00c101 10035 100 9675 2077983119 48153082 10013492
0b000a01 0b00c101 10024 100 26893 2097267470 28899955 10014935
0b000901 0b00cd01 10037 100 13049 2088391881 37802663 10013777
0b000401 0b00cb01 10030 100 17379 2079816521 46378309 10014139
0b000401 0b00c701 10028 100 63613 2094246448 31958180 10018014
0b000201 0b00c501 10025 100 148971 2082628783 43575955 10025169
0b000901 0b00c601 10024 100 70524 2074933461 51335755 10018594
0b000401 0b00c201 10032 100 25002 2074732474 51540819 10014780
0b000501 0b00cf01 10029 100 44368 2084857103 41417421 10016402
0b000e01 0b00cb01 10031 100 9805 2099759437 26530340 10013502
0b000d01 0b00c601 10030 100 4414 2080867317 45422821 10013052
0b000801 0b00cb01 10029 100 59828 2073253262 53076596 10017696
0b000901 0b00c701 10038 100 55864 2085650985 40681492 10017364
0b000b01 0b00cd01 10021 100 28232 2079456136 46912696 10015049
0b000801 0b00c001 10024 100 10902 2086519951 39882739 10013594
0b000101 0b00ca01 10026 100 1382 2081754207 44672033 10012798
0b000601 0b00c201 10039 100 18549 2098638581 27917212 10014236
0b000401 0b00ce01 10037 100 15749 2099190189 27366258 10014001
0b000101 0b00c201 10024 100 492641 2058167688 68433179 10053984
0b000f01 0b00cb01 10034 100 30958 2085322915 41324699 10015275
0b000a01 0b00cc01 10026 100 77670 2074127477 52539870 10019193
0b000f01 0b00ca01 10035 100 251247 2087725127 38972550 10033747
0b000601 0b00cf01 10028 100 6238 2086585007 40117679 10013205
0b000801 0b00c801 10033 100 65284 2081764243 44942834 10018156
0b000101 0b00ca01 10027 100 53220 2085492466 41231734 10017144
0b000f01 0b00c501 10018 100 216678 2066897777 59827226 10030847
0b000101 0b00cb01 10037 100 14379 2098212746 28519162 10013887
0b000f01 0b00cc01 10029 100 3886 2077400864 49340444 10013006
0b000d01 0b00c401 10034 100 222 2099585010 27157959 10012701
0b000501 0b00c401 10026 100 39776 2087580114 39185395 10016015
0b000101 0b00c301 10029 100 29582 2075924742 50873468 10015161
0b000d01 0b00cd01 10020 100 566899 2054109062 72690296 10060209
0b000f01 0b00c201 10045 100 156069 2081984687 44819017 10025768
0b000901 0b00c301 10034 100 45116 2097147050 29662672 10016465
0b000f01 0b00ce01 10026 100 28496 2078143573 48705293 10015071
0b000601 0b00cd01 10018 100 540602 2040573918 86340897 10058005
0b000b01 0b00c501 10020 100 451553 2063234657 63680914 10050539
0b000001 0b00cf01 10040 100 9173 2090330245 36622385 10013452
0b000401 0b00c401 10035 100 13608 2099775737 27192256 10013822
0b000101 0b00c401 10026 100 41032 2076120823 50900670 10016123
0b000f01 0b00cf01 10029 100 9712 2079439668 47582862 10013495
0b000d01 0b00c601 10033 100 68385 2083153409 43884007 10018415
0b000001 0b00cd01 10033 100 26405 2076354176 50694371 10014896
0b000a01 0b00cd01 10020 100 164279 2085273996 41777512 10026455
0b000701 0b00c901 10028 100 5776 2099710041 27443407 10013165
0b000d01 0b00c801 10032 100 19354 2086157730 41059815 10014305
0b000101 0b00ca01 10031 100 17580 2098482284 28741289 10014155
0b000c01 0b00c701 10027 100 26930 2086789541 40487954 10014938
0b000b01 0b00c701 10033 100 51992 2080242463 47037372 10017039
0b000701 0b00ce01 10034 100 5514 2087760328 39536289 10013144
0b000701 0b00c901 10023 100 25509 2080269439 47047067 10014820
0b000001 0b00cd01 10032 100 189688 2075779201 51546122 10028584
0b000f01 0b00c701 10031 100 37424 2098472183 28862225 10015819
0b000a01 0b00c401 10026 100 3870 2079980935 47355920 10013004
0b000301 0b00c201 10038 100 9137 2088929149 38420896 10013449
0b000101 0b00ca01 10008 100 916038 2021332047 106038618 10089484
0b000401 0b00cc01 10023 100 158248 2081257690 46128982 10025950
0b000a01 0b00c601 10029 100 1564 2082412688 44978666 10012812
0b000101 0b00c001 10025 100 164767 2087707149 39730560 10026494
0b000901 0b00c101 10006 100 815406 2030203198 97271125 10081045
0b000801 0b00c401 10036 100 23216 2098175241 29371710 10014629
0b000801 0b00cf01 10004 100 1402651 2010765059 116791317 10130279
0b000301 0b00c101 10035 100 98951 2082109405 45457180 10020976
0b000801 0b00c001 10026 100 116563 2087775295 39796381 10022454
0b000601 0b00c001 10015 100 445709 2040457824 87123468 10050049
0b000e01 0b00c701 10005 100 972730 2009125352 118486806 10094234
0b000101 0b00c701 10028 100 3520 2084068217 43556552 10012976
0b000101 0b00c301 10016 100 522784 2042542679 85104814 10056511
0b000501 0b00ce01 10039 100 8791 2099773674 27876595 10013417
0b000701 0b00c801 10031 100 22812 2092438700 35266924 10014593
0b000301 0b00c801 10035 100 144 2079187607 48536056 10012695
0b000101 0b00c301 10032 100 46698 2079545484 48197665 10016596
0b000101 0b00c401 10029 100 490 2080255163 47496676 10012723
0b000201 0b00cf01 10040 100 37286 2094918407 32836198 10015808
0b000901 0b00c101 10021 100 60007 2076910456 50865761 10017714
0b000701 0b00ce01 10030 100 5405 2084589740 43266625 10013135
0b000c01 0b00cc01 10035 100 390127 2061773420 66134744 10045391
0b000701 0b00cd01 10032 100 31215 2097525783 30387529 10015300
0b000e01 0b00ca01 10036 100 9523 2077507972 50447659 10013480
0b000301 0b00ce01 10034 100 9243 2089653592 38325997 10013457
0b000901 0b00c601 10025 100 36308 2078509175 49516080 10015726
0b000801 0b00c901 10025 100 122032 2079668242 48375654 10022914
0b000401 0b00cd01 10030 100 41235 2096810964 31254598 10016140
0b000901 0b00c701 10040 100 61891 2088283597 39850106 10017869
0b000f01 0b00cc01 10024 100 238264 2064942995 63203666 10032658
0b000c01 0b00cc01 10040 100 40844 2078480928 49684785 10016104
0b000801 0b00c701 10041 100 75216 2093711380 34460835 10018989
0b000d01 0b00c401 10030 100 9119 2089997594 38185825 10013447
0b000801 0b00c001 10025 100 22013 2087114586 41085756 10014529
0b000601 0b00c701 10024 100 31847 2075566396 52640243 10015350
0b000c01 0b00cb01 10040 100 2896 2090804722 37416354 10012923
0b000c01 0b00ce01 10023 100 166860 2066299372 62004615 10026670
0b000901 0b00cb01 10017 100 705827 2048703564 79628876 10071857
0b000301 0b00ce01 10032 100 6422 2088757161 39600157 10013220
0b000201 0b00cf01 10035 100 18878 2087513318 40858404 10014263
0b000b01 0b00c901 10038 100 63274 2095381103 32992218 10017987
0b000001 0b00c801 10013 100 784728 2025461006 102918579 10078472
0b000301 0b00c201 10040 100 9062 2092202716 36185168 10013443
0b000901 0b00cd01 10043 100 41136 2099019720 29388833 10016132
0b000d01 0b00cf01 10033 100 146086 2077298439 51170635 10024931
0b000301 0b00c901 10019 100 513060 2055589608 72898190 10055698
0b000d01 0b00cc01 10025 100 37371 2091085014 37414937 10015815
0b000501 0b00ca01 10028 100 3899 2085366345 43139253 10013007
0b000e01 0b00c201 10039 100 70815 2091907904 36614012 10018617
0b000e01 0b00c601 10029 100 43898 2073769335 54768895 10016360
0b000001 0b00c601 10050 100 22691 2097499840 31055732 10014583
0b000c01 0b00c401 10024 100 507477 2048519057 80046613 10055228
0b000b01 0b00c501 10031 100 173463 2095008550 33594579 10027225
0b000c01 0b00c701 10028 100 48873 2086963224 41651233 10016778
0b000f01 0b00ca01 10041 100 74505 2096214337 32424983 10018928
0b000001 0b00c101 10017 100 85019 2070515964 58150398 10019811
0b000601 0b00c701 10025 100 1173 2079188428 49479673 10012781
0b000301 0b00cd01 10032 100 47259 2089997540 38684784 10016645
0b000a01 0b00c001 10032 100 57682 2094670069 34049146 10017517
0b000e01 0b00ca01 10032 100 413975 2053238057 75492484 10047387
0b000c01 0b00cb01 10044 100 2443 2095378435 33356458 10012886
0b000501 0b00c401 10015 100 252658 2075038371 53739600 10033864
0b000f01 0b00c801 10031 100 37565 2092482540 36323969 10015831
0b000901 0b00ca01 10031 100 26723 2080016481 48800559 10014921
0b000e01 0b00cf01 10025 100 1853 2091768157 37160435 10012835
0b000f01 0b00c001 10004 100 1605961 2015801048 113158789 10147323
0b000d01 0b00cf01 10048 100 33100 2097292191 31675120 10015458
0b000601 0b00c301 10043 100 68994 2093391766 35584547 10018464
0b000801 0b00cd01 10031 100 41533 2090868567 38142243 10016163
0b000201 0b00cf01 10042 100 27219 2097758441 31272487 10014965
0b000501 0b00cb01 10041 100 75498 2094242347 34806515 10019011
0b000601 0b00cb01 10020 100 40560 2086372094 42688402 10016082
0b000501 0b00cc01 10040 100 27538 2090858137 38209570 10014990
0b000f01 0b00cd01 10029 100 39983 2083141681 45928690 10016032
0b000201 0b00c201 10034 100 186696 2089710468 39386404 10028333
0b000801 0b00ce01 10035 100 1556 2080107336 49010377 10012812
0b000001 0b00cd01 10034 100 28784 2077173391 51957092 10015094
0b000901 0b00c701 10037 100 16084 2084967783 44177826 10014032
0b000401 0b00c301 10043 100 29446 2099771398 29383987 10015150
0b000e01 0b00c701 10027 100 167825 2077319671 51841711 10026751
0b000b01 0b00ca01 10033 100 6632 2083745276 45444724 10013237
0b000f01 0b00cd01 10023 100 79547 2077257914 52012793 10019350
0b000601 0b00c101 10031 100 79061 2096101712 33177380 10019312
0b000c01 0b00c901 10028 100 166554 2079696881 49592354 10026645
0b000c01 0b00c401 10045 100 67998 2098145644 31160523 10018380
0b000401 0b00c401 10024 100 68261 2077231514 52117876 10018405
0b000801 0b00c801 10038 100 69223 2095706059 33755592 10018486
0b000a01 0b00cc01 10027 100 61102 2083792874 45721982 10017806
0b000f01 0b00cd01 10031 100 56052 2096851024 32742659 10017383
0b000f01 0b00c501 10022 100 37474 2089645609 39983539 10015823
0b000b01 0b00c201 10039 100 41182 2099387990 30262257 10016135
0b000c01 0b00c601 10031 100 3372 2086297110 43359007 10012965
0b000d01 0b00c201 10038 100 9116 2089608655 40087844 10013447
0b000d01 0b00c601 10032 100 6356 2082360152 47428473 10013215
0b000d01 0b00c801 10035 100 57588 2094965972 34901114 10017509
0b000801 0b00c901 10028 100 10390 2093866799 36002484 10013553
0b000101 0b00c801 10035 100 55349 2097294763 32590042 10017322
0b000101 0b00c801 10029 100 9779 2081709314 48188940 10013500
0b000f01 0b00c001 10030 100 53277 2079439170 50468396 10017149
0b000c01 0b00c401 10025 100 589003 2048705417 81203477 10062065
0b000c01 0b00c401 10003 100 1640141 2005787285 124132110 10150192
0b000b01 0b00cc01 10033 100 46148 2077591261 52335043 10016552
0b000301 0b00c701 10031 100 45293 2099240394 30703114 10016480
0b000101 0b00c501 10034 100 74572 2086771038 43206347 10018933
0b000601 0b00ce01 10026 100 23527 2078436276 51551071 10014654
0b000401 0b00c601 10035 100 65849 2082933619 47068576 10018201
0b000a01 0b00cf01 10033 100 74494 2075148977 54856941 10018927
0b000a01 0b00cd01 10024 100 44145 2097731507 32284089 10016384
0b000b01 0b00ce01 10009 100 779635 2037274071 92742628 10078046
0b000a01 0b00c901 10030 100 75494 2093582848 36470421 10019011
0b000001 0b00c101 10025 100 23997 2089128408 40924998 10014691
0b000501 0b00c901 10024 100 136240 2068624314 61494286 10024105
0b000e01 0b00c901 10029 100 44547 2086640388 43498833 10016416
0b000e01 0b00c601 10030 100 89674 2075163737 54984710 10020199
0b000201 0b00c201 10033 100 112189 2087663225 42537996 10022089
0b000901 0b00c201 10028 100 110707 2074408651 55793539 10021962
0b000b01 0b00c301 10027 100 1879 2095312283 34906211 10012838
0b000101 0b00c801 10027 100 22867 2080862441 49360256 10014597
0b000401 0b00c501 10035 100 35137 2088587983 41641794 10015629
0b000101 0b00c101 10032 100 38673 2078408955 51824250 10015923
0b000301 0b00cf01 10032 100 56225 2098247288 32024728 10017396
0b000c01 0b00cb01 10046 100 27111 2098945705 31328150 10014956
0b000901 0b00c601 10031 100 142379 2096164813 34117185 10024619
0b000c01 0b00c401 10034 100 188910 2071878807 58445986 10028518
0b000f01 0b00c201 10028 100 750122 2050174247 80163265 10075573
0b000401 0b00c301 10035 100 178035 2071671990 58690251 10027610
0b000001 0b00c601 10043 100 28162 2082941259 47441410 10015044
0b000001 0b00c701 10044 100 1455 2095227357 35200217 10012804
0b000201 0b00cc01 10035 100 11178 2093825112 36614484 10013620
0b000d01 0b00c301 10028 100 14218 2084121558 46406960 10013875
0b000701 0b00c201 10044 100 50673 2098309249 32254756 10016929
0b000401 0b00ca01 10031 100 79768 2081779534 48806228 10019368
0b000e01 0b00cd01 10036 100 53329 2096501695 34101997 10017153
0b000301 0b00cb01 10042 100 41998 2077987933 52632633 10016201
0b000f01 0b00c601 10032 100 162080 2090443534 40188670 10026272
0b000401 0b00ca01 10035 100 35359 2089094902 41561130 10015646
0b000e01 0b00c501 10030 100 32988 2081190304 49536438 10015445
0b000201 0b00c501 10029 100 7735 2092597314 38249538 10013329
0b000b01 0b00ca01 10037 100 159340 2091122062 39735657 10026041
0b000801 0b00cc01 10033 100 178535 2084789536 46183386 10027650
0b000e01 0b00c801 10038 100 43051 2089241813 41732379 10016293
0b000001 0b00c001 10037 100 138388 2081373386 49624426 10024284
0b000a01 0b00c501 10034 100 36783 2089671994 41352808 10015764
0b000301 0b00c301 10038 100 4753 2095505249 35585045 10013079
0b000901 0b00c701 10016 100 858380 2036483317 94640628 10084648
0b000a01 0b00c601 10015 100 636796 2047730915 83393837 10066069
0b000e01 0b00c801 10034 100 57765 2085519911 45661306 10017523
0b000b01 0b00cb01 10029 100 82251 2086844939 44397495 10019578
0b000001 0b00c001 10042 100 5773 2093191534 38072523 10013164
0b000501 0b00c901 10011 100 911509 2024296405 106970579 10089102
0b000a01 0b00c201 10037 100 176110 2096037748 35274836 10027448
0b000d01 0b00c501 10025 100 876 2096164936 35177968 10012753
0b000801 0b00c401 10003 100 1304980 2013442806 117941220 10122089
0b000c01 0b00cc01 10043 100 4720 2083731955 47658252 10013076
0b000f01 0b00c101 10036 100 77719 2099010063 32389362 10019197
0b000101 0b00c301 10038 100 70233 2092176613 39230619 10018571
0b000901 0b00cd01 10038 100 39100 2091601940 39813526 10015961
0b000a01 0b00c201 10038 100 52863 2099383609 32052073 10017112
0b000901 0b00c701 10012 100 1223300 2016795360 114693535 10115244
0b000201 0b00c501 10002 100 1432616 2010006822 121519097 10132792
0b000e01 0b00c501 10033 100 5876 2091497974 40055464 10013173
0b000601 0b00c001 10029 100 58040 2088014187 43572294 10017549
0b000501 0b00cb01 10044 100 5395 2095945277 35654945 10013134
0b000501 0b00c201 10022 100 9518 2091494375 40131204 10013479
0b000501 0b00cf01 10027 100 9286 2081820395 49919005 10013461
0b000701 0b00c801 10034 100 52417 2099442000 32319958 10017076
0b000701 0b00c001 10026 100 62220 2082037816 49726518 10017899
0b000801 0b00c301 10029 100 5143 2082587689 49198867 10013114
0b000101 0b00cf01 10037 100 290 2094653622 37146151 10012707
0b000901 0b00ca01 10032 100 40152 2080400648 51446375 10016049
0b000301 0b00c001 10032 100 34904 2090823040 41088192 10015606
0b000601 0b00cc01 10042 100 20213 2091697497 40246588 10014377
0b000f01 0b00c701 10028 100 31803 2095851280 36094085 10015347
0b000f01 0b00c301 10030 100 24698 2094764178 37199904 10014751
0b000001 0b00c001 10033 100 177162 2067199833 64779843 10027536
0b000601 0b00c901 10035 100 61943 2097507530 34483577 10017873
0b000501 0b00c501 10009 100 720527 2038428441 93635223 10073090
0b000a01 0b00ce01 10018 100 341472 2061401840 70669015 10041311
0b000101 0b00c901 10027 100 38917 2081656560 50455464 10015943
0b000b01 0b00c101 10014 100 589745 2056068212 76087637 10062125
0b000701 0b00c501 10031 100 79371 2098489245 33695213 10019336
0b000101 0b00c001 10026 100 44516 2093312028 38911440 10016414
0b000a01 0b00c201 10034 100 248713 2087267493 44972285 10033533
0b000701 0b00cc01 10029 100 65725 2088669604 43581212 10018191
0b000301 0b00c701 10028 100 167025 2091169408 41091419 10026687
0b000301 0b00cb01 10046 100 15812 2091514778 40753157 10014006
0b000901 0b00c201 10032 100 61927 2084833858 47441234 10017872
0b000301 0b00c801 10043 100 10300 2093849945 38453601 10013546
0b000001 0b00c301 10029 100 77594 2081609951 50713238 10019187
0b000f01 0b00c801 10033 100 80046 2099604294 32736821 10019394
0b000901 0b00c001 10028 100 9982 2086947767 45423087 10013516
0b000301 0b00c101 10040 100 25973 2092264023 40121875 10014857
0b000601 0b00ca01 10032 100 77035 2098113897 34288121 10019142
0b000701 0b00cc01 10024 100 116721 2075179740 57277609 10022466
0b000801 0b00c901 10027 100 31873 2091553424 40907392 10015352
0b000001 0b00cc01 10030 100 20773 2082272770 50203972 10014422
0b000901 0b00c401 10025 100 15249 2082638123 49880396 10013961
0b000301 0b00c201 10035 100 90276 2086889665 45679032 10020251
0b000801 0b00c301 10031 100 122702 2092045687 40619887 10022968
0b000a01 0b00c201 10035 100 66604 2088835056 43912415 10018265
0b000301 0b00c901 10038 100 4105 2093124965 39635185 10013027
0b000501 0b00c401 10031 100 1495 2097391009 35371704 10012807
0b000901 0b00ce01 10001 100 1898938 2007527945 125276548 10171887
0b000201 0b00c901 10035 100 79495 2096133666 36710487 10019346
0b000a01 0b00cf01 10034 100 181929 2075568915 57312457 10027933
0b000401 0b00c401 10032 100 203866 2092045918 40857042 10029772
0b000101 0b00c301 10033 100 23470 2083525249 49381215 10014649
0b000501 0b00c701 10039 100 68056 2097542923 35366101 10018389
0b000101 0b00c801 10026 100 96191 2076488868 56449379 10020747
0b000901 0b00cc01 10022 100 27941 2082338586 50608373 10015022
0b000a01 0b00c501 10035 100 70068 2090264989 42747288 10018558
0b000e01 0b00c101 10041 100 240 2098032915 35002677 10012703
0b000501 0b00cb01 10039 100 160513 2091235923 41806890 10026139
0b000c01 0b00cf01 10030 100 61980 2078623347 54431661 10017876
0b000001 0b00ca01 10025 100 120643 2081278306 51846355 10022796
0b000601 0b00cb01 10025 100 25632 2094330493 38841221 10014830
0b000501 0b00c101 10031 100 1673 2099788735 33411965 10012821
0b000b01 0b00c701 10035 100 25937 2088042559 45162852 10014854
0b000a01 0b00ce01 10026 100 6208 2085494066 47735667 10013203
0b000a01 0b00c801 10039 100 44043 2090778953 42462965 10016376
0b000101 0b00c001 10027 100 15052 2094880891 38370881 10013945
0b000601 0b00ce01 10037 100 71558 2097299279 35969995 10018681
0b000501 0b00c901 10031 100 34661 2090411776 42866078 10015587
0b000201 0b00ce01 10043 100 53251 2098222169 35056017 10017147
0b000801 0b00c201 10033 100 6834 2095286415 38211182 10013253
0b000001 0b00c601 10030 100 179620 2064523117 68990206 10027740
0b000e01 0b00c101 10036 100 9591 2083167259 50347066 10013485
0b000c01 0b00c601 10018 100 667991 2044728049 88806724 10068684
0b000501 0b00cf01 10005 100 960082 2021218343 112320095 10093176
0b000201 0b00c301 10036 100 60854 2099949948 33615300 10017782
0b000101 0b00c301 10036 100 1154 2084853083 48729041 10012780
0b000601 0b00c801 10029 100 55238 2098511981 35093299 10017314
0b000401 0b00c901 10030 100 51261 2089802938 43806593 10016980
0b000701 0b00c701 10007 100 1238527 2023912585 109696973 10116519
0b000101 0b00c501 10037 100 106334 2098490334 35203985 10021597
0b000d01 0b00c101 10023 100 10949 2083769545 49935358 10013598
0b000d01 0b00c501 10022 100 4276 2084338820 49366223 10013041
0b000b01 0b00c801 10035 100 838 2096368796 37391745 10012750
0b000301 0b00c601 10034 100 80949 2088955777 44815975 10019466
0b000001 0b00c001 10031 100 396636 2054102796 79688871 10045935
0b000001 0b00c101 10026 100 8360 2093481779 40367031 10013383
0b000a01 0b00c801 10035 100 46617 2079897171 53959819 10016589
0b000701 0b00cb01 10006 100 1658942 2009477443 124384276 10151765
0b000c01 0b00cb01 10039 100 2487 2088492811 45379335 10012890
0b000001 0b00cc01 10036 100 64768 2098164388 35747298 10018111
0b000b01 0b00c301 10024 100 129577 2093838716 40087335 10023545
0b000301 0b00c701 10010 100 833568 2034058385 99883516 10082568
0b000501 0b00c501 10036 100 66537 2099249179 34763311 10018260
0b000301 0b00c601 10026 100 119195 2075059734 58961568 10022676
0b000c01 0b00cd01 10033 100 8156 2085892867 48152334 10013367
0b000401 0b00c801 10009 100 722126 2034684143 99375287 10073226
0b000a01 0b00c401 10029 100 9034 2085847865 48341933 10013441
0b000e01 0b00c901 10028 100 163575 2082020759 52172693 10026395
0b000c01 0b00c501 10039 100 55666 2080377240 53857866 10017348
0b000801 0b00ca01 10033 100 58769 2093878644 40375559 10017608
0b000701 0b00c001 10034 100 106686 2097716715 36554153 10021625
0b000c01 0b00c501 10043 100 24751 2093727519 40598303 10014756
0b000f01 0b00cd01 10033 100 112324 2098999243 35350024 10022099
0b000701 0b00c201 10045 100 21239 2098697766 35664998 10014463
0b000c01 0b00cc01 10044 100 60487 2087074750 47309801 10017753
0b000301 0b00ca01 10038 100 18769 2093209505 41192883 10014254
0b000c01 0b00c201 10033 100 74417 2096352733 38153711 10018921
0b000401 0b00c501 10013 100 701316 2043237954 91337905 10071480
0b000801 0b00c301 10033 100 29425 2093767265 40918930 10015149
0b000e01 0b00c901 10010 100 709959 2027014982 107693366 10072203
0b000d01 0b00c201 10027 100 368385 2069498542 65215102 10043567
0b000b01 0b00c401 10035 100 40356 2084287692 50521381 10016065
0b000f01 0b00c201 10004 100 1841818 2008895984 125953610 10167098
0b000101 0b00c501 10029 100 127085 2077240687 57649403 10023338
0b000c01 0b00c501 10041 100 54970 2088089897 46800336 10017288
0b000a01 0b00ca01 10001 100 1387985 2010215674 124693727 10129048
0b000001 0b00ca01 10011 100 489197 2043885707 91159563 10053697
0b000601 0b00cc01 10037 100 207403 2079718347 55363705 10030070
0b000501 0b00c901 10028 100 6944 2087441298 47767826 10013262
0b000401 0b00cd01 10025 100 68987 2078930258 56286573 10018463
0b000801 0b00c601 10031 100 27245 2097438497 37778668 10014967
0b000c01 0b00ce01 10008 100 1105119 2019960719 115260150 10105336
0b000d01 0b00cf01 10040 100 29 2088173499 47147287 10012686
0b000b01 0b00c801 10033 100 69881 2082484264 52893578 10018539
0b000601 0b00c201 10034 100 14064 2094259851 41188637 10013862
0b000b01 0b00c101 10025 100 46943 2084425797 51031968 10016615
0b000a01 0b00cf01 10042 100 36659 2092010050 43449062 10015754
0b000a01 0b00c001 10029 100 27731 2085277565 50185483 10015006
0b000e01 0b00c201 10038 100 22612 2085310573 50170623 10014577
0b000f01 0b00c101 10032 100 108198 2089104791 46497143 10021754
0b000c01 0b00c501 10040 100 8145 2087543246 48085378 10013366
0b000c01 0b00c601 10035 100 903 2098543391 37102273 10012756
0b000d01 0b00ce01 10019 100 531311 2060659783 75037196 10057227
0b000601 0b00c501 10039 100 7297 2087804966 47970056 10013294
0b000f01 0b00cf01 10016 100 764073 2048830190 87005734 10076743
0b000f01 0b00c801 10024 100 153203 2076503578 59355329 10025527
0b000f01 0b00ce01 10030 100 36467 2097048178 38867638 10015739
0b000001 0b00cc01 10018 100 581732 2041297931 94657384 10061453
0b000101 0b00cd01 10025 100 505047 2062196874 73849525 10055026
0b000a01 0b00c401 10033 100 5235 2098623170 37446651 10013121
0b000e01 0b00cd01 10033 100 29531 2092384623 43769408 10015157
0b000701 0b00c201 10042 100 1799 2097092037 39084509 10012831
0b000401 0b00c701 10029 100 107704 2094399864 41834550 10021711
0b000201 0b00c401 10037 100 191946 2096450760 39831422 10028772
0b000c01 0b00c601 10032 100 67965 2087835849 48477305 10018378
0b000201 0b00c801 10030 100 73214 2098651154 37670432 10018821
0b000501 0b00ca01 10018 100 557121 2047375865 88959142 10059392
0b000901 0b00cd01 10036 100 52492 2085418740 50959364 10017082
0b000601 0b00c801 10027 100 153979 2092574146 43878814 10025589
0b000f01 0b00cb01 10038 100 50043 2094428809 42045498 10016879
0b000101 0b00c601 10034 100 51030 2087421480 49082717 10016962
0b000001 0b00cc01 10015 100 820214 2032844620 103686433 10081449
0b000601 0b00c601 10039 100 9227 2088358292 48281592 10013456
0b000801 0b00c001 10021 100 68640 2082818425 53842893 10018436
0b000d01 0b00cb01 10035 100 129823 2094162897 42507589 10023565
0b000c01 0b00ce01 10034 100 50905 2092337254 44355257 10016948
0b000201 0b00c101 10032 100 16463 2095246658 41450175 10014062
0b000501 0b00ca01 10027 100 283514 2079102723 57602047 10036451
0b000201 0b00c201 10035 100 151470 2090390762 46323165 10025381
0b000d01 0b00ce01 10009 100 1364221 2016974686 119802349 10127059
0b000001 0b00c501 10046 100 4713 2088999809 47796668 10013076
0b000f01 0b00c701 10022 100 280613 2076760018 60083884 10036208
0b000501 0b00ce01 10033 100 262651 2081785674 55097152 10034702
0b000401 0b00cf01 10025 100 2307 2087482715 49452541 10012876
0b000501 0b00c001 10038 100 33051 2095456951 41521076 10015454
0b000d01 0b00cd01 10030 100 61042 2083827616 53207035 10017801
0b000f01 0b00cd01 10030 100 69039 2093344885 43706341 10018471
0b000201 0b00c301 10020 100 544440 2050643801 86492471 10058328
0b000901 0b00c001 10031 100 4773 2093353937 43809915 10013081
0b000b01 0b00ce01 10019 100 41424 2084892691 52279930 10016155
0b000701 0b00c801 10033 100 9859 2098971092 38248888 10013507
0b000901 0b00c601 10028 100 1463 2089906823 47357305 10012804
0b000401 0b00c901 10031 100 59204 2091893792 45494430 10017646
0b000201 0b00c101 10031 100 42951 2094070401 43353383 10016281
0b000801 0b00cc01 10038 100 35312 2094551570 42875230 10015643
0b000801 0b00c401 10021 100 527332 2062861129 74589363 10056894
0b000901 0b00c701 10022 100 753707 2046108772 91358556 10075871
0b000501 0b00c101 10030 100 37795 2095487290 41984165 10015849
0b000001 0b00cf01 10033 100 60461 2081256517 56216362 10017751
0b000001 0b00c501 10047 100 100661 2092874740 44608824 10021120
0b000701 0b00c001 10012 100 1121954 2029197085 108314893 10106744
0b000501 0b00cb01 10043 100 36549 2095758254 41818789 10015746
0b000201 0b00c401 10035 100 75631 2088375629 49255423 10019022
0b000d01 0b00c401 10032 100 9478 2099267079 38366135 10013476
0b000401 0b00c801 10032 100 26258 2085289839 52357960 10014884
0b000b01 0b00c001 10034 100 67657 2091501637 46165618 10018353
0b000201 0b00c601 10039 100 45851 2093802971 43950735 10016524
0b000701 0b00cd01 10028 100 321315 2081100924 56665479 10039621
0b000d01 0b00c501 10015 100 644716 2054153815 83614822 10066734
0b000c01 0b00cc01 10050 100 6927 2099834372 37951290 10013261
0b000b01 0b00cf01 10028 100 300533 2084577660 53231556 10037878
0b000e01 0b00c001 10036 100 7310 2089745828 48095391 10013295
0b000b01 0b00c401 10041 100 5288 2099751668 38145414 10013126
0b000201 0b00c901 10037 100 88716 2097790149 40107158 10020119
0b000401 0b00c701 10025 100 36890 2086448997 51655614 10015773
0b000501 0b00c401 10025 100 36577 2085393450 52728873 10015748
0b000501 0b00cb01 10003 100 1666692 2009314734 128831253 10152416
0b000b01 0b00cf01 10030 100 65428 2093369156 44877187 10018167
0b000701 0b00c301 10043 100 170766 2093684807 44573965 10026997
0b000c01 0b00cf01 10033 100 82932 2089216394 49056647 10019633
0b000301 0b00c801 10041 100 19940 2088876546 49425883 10014352
0b000301 0b00c201 10041 100 43103 2095623940 42697755 10016297
0b000001 0b00c501 10043 100 69543 2080829762 57495451 10018512
0b000401 0b00cb01 10042 100 72420 2091062356 47287075 10018753
0b000901 0b00ce01 10021 100 28427 2088898470 49463579 10015065
0b000001 0b00c601 10034 100 149289 2074376004 64023400 10025199
0b000b01 0b00c001 10035 100 31482 2096037126 42382662 10015321
0b000501 0b00cc01 10042 100 22557 2098427915 40007204 10014572
0b000e01 0b00c201 10042 100 25801 2097245792 41204162 10014843
0b000601 0b00c301 10045 100 721 2099489769 38990928 10012741
0b000301 0b00cf01 10002 100 1271386 2011395465 127096654 10119275
0b000b01 0b00c901 10033 100 80327 2084618634 53890424 10019417
0b000701 0b00c901 10026 100 23418 2089152267 49373051 10014645
0b000e01 0b00c601 10034 100 11039 2089959320 48684788 10013609
0b000101 0b00c101 10036 100 175108 2085866897 52790667 10027364
0b000401 0b00c801 10033 100 28165 2086094810 52643367 10015044
0b000201 0b00c601 10040 100 51525 2094190267 44559322 10017001
0b000501 0b00c601 10034 100 28813 2096163992 42602084 10015096
0b000101 0b00cc01 10041 100 49021 2098969241 39834369 10016793
0b000501 0b00c501 10031 100 189118 2074420535 64409980 10028539
0b000b01 0b00c501 10029 100 192721 2092328976 46505933 10028838
0b000b01 0b00ce01 10027 100 17897 2098193675 40657048 10014180
0b000e01 0b00c801 10029 100 266231 2073949048 64989621 10035003
0b000001 0b00cd01 10040 100 8646 2090440028 48499521 10013406
0b000001 0b00c101 10023 100 62281 2086004110 52966483 10017904
0b000501 0b00c801 10023 100 76533 2092168082 46875539 10019098
0b000401 0b00c401 10034 100 46330 2095048085 44016402 10016566
0b000001 0b00ca01 10031 100 46005 2092207430 46891085 10016540
0b000201 0b00c701 10032 100 229051 2090964550 48136891 10031887
0b000001 0b00c601 10040 100 67435 2081838625 57264885 10018335
0b000301 0b00cc01 10033 100 29111 2086933870 52199390 10015124
0b000a01 0b00ce01 10027 100 75589 2090796706 48358959 10019018
0b000a01 0b00cc01 10012 100 772954 2038159151 101012266 10077484
0b000301 0b00c401 10022 100 199629 2070923205 68306562 10029418
0b000e01 0b00c601 10038 100 15779 2099609902 39641450 10014003
0b000601 0b00c101 10029 100 78058 2090130793 49147127 10019228
0b000d01 0b00c101 10029 100 26226 2098730924 40601296 10014881
0b000201 0b00c001 10024 100 65087 2090983204 48408651 10018140
0b000001 0b00c401 10033 100 21484 2098735142 40705397 10014483
0b000b01 0b00c701 10041 100 8209 2099866249 39587495 10013371
0b000201 0b00c101 10014 100 719375 2034219471 105249654 10072994
0b000701 0b00c501 10013 100 634056 2058894524 80606677 10065842
0b000b01 0b00c001 10033 100 73399 2088312893 51190573 10018836
0b000601 0b00c701 10023 100 396312 2065297724 74218780 10045909
0b000301 0b00c801 10044 100 24641 2099527471 40040835 10014747
0b000e01 0b00c501 10036 100 35011 2094536316 45035337 10015619
0b000101 0b00cb01 10029 100 149487 2080155932 59435845 10025214
0b000701 0b00c301 10039 100 47743 2088012930 51588863 10016683
0b000201 0b00ca01 10011 100 664144 2043397978 96205143 10068365
0b000c01 0b00ce01 10033 100 4279 2091970246 47635118 10013041
0b000c01 0b00c501 10047 100 30574 2097833404 41772728 10015244
0b000901 0b00c601 10033 100 169409 2099639729 39988919 10026885
0b000401 0b00c401 10025 100 76827 2081065780 58584920 10019121
0b000701 0b00c301 10040 100 71023 2089470491 50197756 10018638
0b000101 0b00c801 10032 100 540 2090911404 48895488 10012727
0b000001 0b00c901 10035 100 382980 2062500385 77317020 10044789
0b000101 0b00c901 10029 100 33101 2091779107 48040883 10015458
0b000501 0b00c201 10020 100 42077 2090094301 49862695 10016211
0b000f01 0b00cc01 10036 100 25300 2088954499 51039789 10014803
0b000101 0b00cf01 10033 100 27809 2088769351 51234825 10015012
0b000701 0b00c701 10030 100 15656 2095369679 44731626 10013993
0b000201 0b00c701 10036 100 184259 2098619783 41490682 10028131
0b000e01 0b00c701 10029 100 27269 2087010439 53142389 10014969
0b000501 0b00ca01 10031 100 31970 2097234976 42976183 10015360
0b000801 0b00c801 10036 100 62580 2085078471 55158533 10017928
0b000901 0b00c701 10039 100 380954 2087429736 52891294 10044619
0b000001 0b00ce01 10043 100 32411 2086199925 54145256 10015399
0b000b01 0b00c601 10037 100 35683 2098645383 41729699 10015672
0b000401 0b00ca01 10033 100 78443 2083406826 57005388 10019258
0b000b01 0b00c901 10040 100 44268 2096701797 43734867 10016394
0b000a01 0b00c501 10033 100 29234 2088180932 52344827 10015133
0b000a01 0b00c001 10013 100 859928 2037717591 102815228 10084776
0b000301 0b00c001 10029 100 241660 2087161943 53371224 10032942
0b000601 0b00c301 10012 100 864468 2024299178 116348497 10085159
0b000b01 0b00ca01 10036 100 40747 2089705557 50997298 10016097
0b000801 0b00cc01 10039 100 9100 2096119691 44591420 10013446
0b000101 0b00c701 10033 100 1997 2097567215 43204887 10012847
0b000401 0b00cb01 10044 100 20090 2094772653 46062678 10014367
0b000901 0b00c501 10022 100 725956 2050922256 89964634 10073544
0b000601 0b00c701 10028 100 144024 2086189780 54724004 10024758
0b000f01 0b00c701 10024 100 33398 2091217943 49713302 10015482
0b000401 0b00c401 10012 100 658313 2054284274 86647158 10067875
0b000901 0b00c501 10028 100 456413 2067279293 73692544 10050947
0b000401 0b00c101 10042 100 77148 2092809987 48188081 10019151
0b000401 0b00ce01 10036 100 35372 2098893846 42121732 10015648
0b000401 0b00c901 10033 100 36726 2098874592 42141113 10015760
0b000801 0b00cc01 10002 100 1999005 2004222760 136804874 10180280
0b000401 0b00c601 10036 100 74069 2082948857 58121084 10018893
0b000601 0b00c801 10019 100 446369 2060717668 80417549 10050106
0b000901 0b00cc01 10025 100 8486 2093078714 48102474 10013393
0b000801 0b00ce01 10038 100 143532 2091171345 50055823 10024715
0b000e01 0b00c301 10040 100 72872 2094268635 47004066 10018790
0b000101 0b00c801 10033 100 4086 2092019635 49291188 10013026
0b000101 0b00cb01 10038 100 55448 2099138958 42401644 10017330
0b000401 0b00ce01 10033 100 40334 2087038640 54516449 10016064
0b000801 0b00c701 10042 100 17682 2095948545 45631225 10014163
0b000a01 0b00c901 10029 100 43631 2091317484 50281618 10016339
0b000301 0b00c201 10039 100 197618 2090874293 50779263 10029249
0b000401 0b00cf01 10029 100 129493 2096992826 44668410 10023538
0b000a01 0b00cd01 10022 100 9275 2091651053 50011076 10013460
0b000d01 0b00cf01 10043 100 9210 2095365332 46305689 10013455
0b000301 0b00c301 10035 100 56937 2087967191 53715852 10017453
0b000201 0b00c601 10003 100 2413704 2003871272 137812172 10215046
0b000a01 0b00cc01 10029 100 26775 2090926663 50787834 10014925
0b000e01 0b00ca01 10044 100 49785 2096520536 45250449 10016854
0b000001 0b00cf01 10037 100 184849 2084111006 57679408 10028178
0b000701 0b00c201 10029 100 342314 2081240676 60553549 10041382
0b000701 0b00cf01 10030 100 39878 2088821262 52974051 10016023
0b000801 0b00cc01 10040 100 72481 2097016859 44880918 10018758
0b000e01 0b00c401 10033 100 21577 2099195540 42703177 10014490
0b000001 0b00c001 10041 100 74084 2092379937 49659455 10018894
0b000b01 0b00c301 10026 100 116292 2095240340 46803525 10022432
0b000701 0b00cf01 10026 100 183749 2078419545 63631372 10028086
0b000801 0b00ce01 10039 100 12572 2093236984 48830759 10013735
0b000001 0b00cb01 10027 100 190 2098993928 43089859 10012699
0b000401 0b00c401 10001 100 1040154 2014883814 127210855 10099889
0b000601 0b00cd01 10002 100 1179020 2012036259 130089713 10111532
0b000a01 0b00cf01 10044 100 46570 2097683405 44477311 10016586
0b000a01 0b00ce01 10029 100 9731 2092361272 49882997 10013496
0b000201 0b00c801 10025 100 41278 2088062292 54195856 10016143
0b000001 0b00cd01 10043 100 4084 2092724736 49611230 10013025
0b000601 0b00c501 10036 100 225215 2082687471 59658126 10031565
0b000801 0b00cc01 10035 100 57584 2092265083 50103250 10017509
0b000801 0b00c401 10035 100 8379 2092802815 49628304 10013384
0b000201 0b00cf01 10039 100 5545 2094574719 47864723 10013146
0b000901 0b00c701 10045 100 50208 2099719476 42929243 10016892
0b000801 0b00ce01 10040 100 26216 2095029484 47760366 10014880
0b000a01 0b00cb01 10035 100 3998 2093639908 49204369 10013015
0b000b01 0b00ce01 10021 100 45173 2089976009 52898590 10016470
0b000701 0b00c201 10040 100 520 2093805305 49109784 10012725
0b000a01 0b00cb01 10032 100 333354 2087451195 55487032 10040630
0b000901 0b00cd01 10012 100 993107 2032245216 110793195 10095945
0b000301 0b00ce01 10033 100 53642 2089570598 53507883 10017178
0b000901 0b00c801 10032 100 2409 2094153138 48940163 10012884
0b000501 0b00c801 10024 100 23573 2093223982 49904643 10014658
0b000801 0b00cb01 10036 100 8226 2093537829 49667115 10013372
0b000f01 0b00ca01 10038 100 54903 2089745224 53485128 10017283
0b000101 0b00ca01 10029 100 143263 2094848492 48598711 10024694
0b000f01 0b00cb01 10023 100 803823 2048983660 94503583 10080073
0b000401 0b00c101 10007 100 914862 2023050242 120506452 10089382
0b000e01 0b00cd01 10035 100 73018 2096283167 47283087 10018805
0b000301 0b00c101 10031 100 327063 2077638034 65977002 10040104
0b000001 0b00c301 10033 100 106 2096593470 47023618 10012692
0b000901 0b00c501 10040 100 47994 2095981667 47858053 10016703
0b000c01 0b00cd01 10009 100 1273276 2013951254 129900816 10119434
0b000c01 0b00c601 10033 100 117432 2091357443 52565891 10022527
0b000701 0b00c201 10039 100 34031 2093387293 50542424 10015536
0b000e01 0b00c801 10035 100 129527 2086537018 57456194 10023541
0b000701 0b00c301 10038 100 337061 2083900129 60139563 10040942
0b000401 0b00ce01 10035 100 57665 2097039097 47104197 10017515
0b000a01 0b00c101 10025 100 75053 2097275556 46883423 10018976
0b000901 0b00c801 10031 100 39430 2093378198 50850161 10015988
0b000501 0b00c201 10024 100 4351 2094741959 49539037 10013047
0b000201 0b00c001 10025 100 16837 2092934721 51349145 10014092
0b000f01 0b00cc01 10037 100 13469 2094037672 50280006 10013811
0b000901 0b00ca01 10006 100 1509453 2012791745 131573304 10139234
0b000201 0b00c601 10002 100 2424304 2003707142 140672419 10215936
0b000f01 0b00c301 10031 100 164464 2096156574 48390760 10026470
0b000001 0b00ca01 10035 100 70985 2099817196 44739217 10018631
0b000501 0b00cd01 10034 100 280067 2080702909 63860412 10036164
0b000001 0b00c001 10039 100 48985 2091426639 53205464 10016786
0b000f01 0b00c801 10032 100 14794 2094282616 50359777 10013921
0b000601 0b00c301 10042 100 25045 2091869325 52792260 10014783
0b000a01 0b00c001 10031 100 49829 2093548814 51114126 10016858
0b000301 0b00cc01 10011 100 625227 2049972078 94815458 10065102
0b000901 0b00c001 10032 100 7141 2096799412 47996398 10013282
0b000a01 0b00c301 10004 100 1298420 2016218120 128629491 10121541
0b000f01 0b00c501 10024 100 64936 2092276674 52620149 10018124
0b000601 0b00cb01 10022 100 70265 2087409720 57500419 10018573
0b000001 0b00cb01 10010 100 865667 2030552313 114457690 10085258
0b000301 0b00c001 10031 100 267617 2088887845 56154302 10035118
0b000201 0b00cc01 10033 100 48839 2091184761 53921820 10016775
0b000301 0b00ca01 10042 100 28294 2098433294 46691479 10015054
0b000201 0b00c801 10026 100 66255 2088961068 56247482 10018237
0b000901 0b00c101 10022 100 7747 2095884937 49344034 10013330
0b000501 0b00c701 10007 100 1424374 2015984872 129449198 10132101
0b000d01 0b00c601 10007 100 1160594 2023101565 122427021 10109985
0b000e01 0b00c401 10002 100 1016074 2011049477 134522161 10097871
0b000c01 0b00c901 10040 100 5887 2099579991 46011784 10013174
0b000601 0b00c901 10008 100 810349 2031251644 114374542 10080622
0b000b01 0b00c201 10033 100 75189 2089813797 56313116 10018986
0b000801 0b00c701 10030 100 649697 2059143752 86985281 10067151
0b000801 0b00c101 10041 100 3065 2097010118 49131031 10012940
0b000f01 0b00ce01 10008 100 1328583 2026458633 119837189 10124070
0b000e01 0b00c701 10031 100 55243 2098153496 48144528 10017314
0b000901 0b00ce01 10024 100 2516 2098686108 47643549 10012892
0b000901 0b00ce01 10022 100 33337 2094816891 51526569 10015477
0b000601 0b00c601 10041 100 57057 2090621191 55753108 10017467
0b000e01 0b00c201 10035 100 199438 2072866288 73620661 10029403
0b000f01 0b00cc01 10008 100 1598156 2016909641 129708827 10146672
0b000e01 0b00cc01 10034 100 35935 2093718667 52925882 10015693
0b000501 0b00c901 10032 100 26484 2096024004 50688964 10014902
0b000001 0b00ca01 10034 100 64933 2098485827 48286087 10018124
0b000b01 0b00c601 10035 100 64746 2094595717 52177681 10018109
0b000501 0b00cb01 10046 100 1711 2097763617 49015241 10012824
0b000a01 0b00cf01 10037 100 192557 2076672955 70128509 10028825
0b000c01 0b00c401 10043 100 35355 2096203430 50613419 10015646
0b000901 0b00c301 10031 100 41984 2094630918 52221374 10016200
0b000401 0b00cc01 10024 100 49249 2092772408 54181574 10016811
0b000701 0b00c801 10023 100 355769 2071120231 75979940 10042508
0b000901 0b00ce01 10017 100 382728 2072051016 75147339 10044768
0b000001 0b00cd01 10044 100 94939 2093996681 53206281 10020639
0b000a01 0b00c301 10015 100 818907 2036985370 110264378 10081337
0b000a01 0b00c401 10032 100 28289 2094834515 52425327 10015054
0b000d01 0b00c201 10042 100 39924 2095167170 52125492 10016027
0b000601 0b00c501 10041 100 25219 2096207500 51164591 10014797
0b000701 0b00c701 10020 100 622202 2056775240 90685988 10064848
0b000a01 0b00c301 10029 100 30665 2095975401 51519122 10015252
0b000a01 0b00c601 10033 100 31090 2094877841 52691964 10015290
0b000d01 0b00c701 10033 100 15930 2098579983 49057261 10014015
0b000601 0b00c701 10029 100 241845 2087359263 60290795 10032956
0b000701 0b00ce01 10038 100 67222 2093310730 54342290 10018318
0b000701 0b00cd01 10003 100 1588343 2009607706 138083025 10145849
0b000d01 0b00cf01 10049 100 173929 2098348661 49389447 10027262
0b000301 0b00c201 10042 100 22988 2095853362 51916548 10014607
0b000e01 0b00cd01 10030 100 77675 2086752349 61029915 10019193
0b000e01 0b00c301 10000 100 4461278 2000497134 147292855 10386716
0b000701 0b00c501 10014 100 718372 2061197711 86641478 10072910
0b000901 0b00c501 10038 100 62707 2093954919 54079325 10017938
0b000501 0b00cc01 10004 100 1298005 2017152550 130952999 10121508
0b000d01 0b00cf01 10042 100 51907 2094305483 53825604 10017032
0b000201 0b00cf01 10031 100 341387 2079239348 68900344 10041304
0b000001 0b00cf01 10043 100 40170 2096123448 52031384 10016051
0b000b01 0b00c101 10029 100 142456 2094770363 53424110 10024625
0b000e01 0b00ce01 10038 100 1261 2099007127 49373527 10012788
0b000201 0b00c201 10038 100 203424 2095563003 52858828 10029737
0b000101 0b00c801 10011 100 852962 2029663879 118901239 10084192
0b000501 0b00c301 10028 100 195039 2082996463 65592957 10029035
0b000e01 0b00cc01 10015 100 549102 2035737174 112860419 10058720
0b000f01 0b00c501 10026 100 58752 2097756173 50872904 10017606
0b000a01 0b00c601 10032 100 76826 2094252308 54386124 10019121
0b000401 0b00cf01 10005 100 893424 2031175827 117800326 10087586
0b000c01 0b00c901 10036 100 94586 2086721778 62265849 10020611
0b000f01 0b00ce01 10031 100 355683 2097118531 51926437 10042501
0b000d01 0b00c901 10035 100 144167 2091247785 57840829 10024770
0b000601 0b00cd01 10041 100 4628 2099843906 49418382 10013069
0b000a01 0b00c901 10028 100 312615 2089396644 59867394 10038891
0b000e01 0b00c501 10029 100 143792 2080566627 68755922 10024736
0b000601 0b00ca01 10029 100 174604 2090417898 58984086 10027320
0b000701 0b00cd01 10014 100 1124156 2036042503 113411515 10106932
0b000901 0b00c401 10007 100 1318635 2020045461 129543645 10123235
0b000f01 0b00c401 10023 100 451605 2070706976 78884353 10050544
0b000101 0b00c801 10036 100 39404 2098960463 50681005 10015985
0b000001 0b00cc01 10033 100 70076 2088916575 60769723 10018558
0b000601 0b00ce01 10015 100 629949 2047431647 102302324 10065495
0b000801 0b00c301 10036 100 23727 2098272628 51499671 10014670
0b000801 0b00ca01 10003 100 1582775 2010734096 139068633 10145380
0b000701 0b00ce01 10042 100 25145 2098155310 51764144 10014791
0b000501 0b00c001 10018 100 937888 2026792089 123178832 10091312
0b000901 0b00c301 10029 100 456083 2083553135 66497760 10050921
0b000101 0b00cc01 10017 100 877005 2029545318 120699803 10086211
0b000501 0b00c301 10031 100 195674 2094683335 55568124 10029086
0b000001 0b00c201 10002 100 1251604 2012058872 138202570 10117616
0b000001 0b00c701 10009 100 1100455 2014570930 135711743 10104944
0b000901 0b00c701 10009 100 1518013 2013469456 136819150 10139954
0b000901 0b00c801 10026 100 240199 2083771550 66604343 10032821
0b000c01 0b00cc01 10002 100 1809714 2005988342 144433905 10164407
0b000801 0b00cb01 10013 100 884171 2044464480 106031280 10086812
0b000001 0b00c701 10043 100 75256 2090911317 59651060 10018992
0b000701 0b00c401 10038 100 74697 2095341191 55228848 10018943
0b000301 0b00c101 10041 100 89864 2092427895 58144938 10020214
0b000a01 0b00c301 10031 100 37157 2098358236 52331740 10015798
0b000b01 0b00c301 10025 100 76460 2094524342 56272808 10019092
0b000201 0b00c701 10027 100 387264 2076781667 74075682 10045151
0b000801 0b00c501 10038 100 190859 2091028823 59829695 10028682
0b000301 0b00ca01 10026 100 638605 2060012691 90850766 10066222
0b000401 0b00c401 10021 100 551941 2072018422 78909258 10058954
0b000701 0b00ce01 10041 100 165061 2096599215 54368457 10026522
0b000f01 0b00c701 10029 100 59579 2096003370 55078276 10017676
0b000701 0b00cf01 10004 100 1746208 2011944634 139143193 10159085
0b000b01 0b00ca01 10040 100 138277 2097982174 53172597 10024275
0b000301 0b00cf01 10019 100 601263 2060994480 90333515 10063092
0b000f01 0b00c301 10023 100 357822 2074795164 76565595 10042680
0b000601 0b00c701 10002 100 1634868 2003669225 147894817 10149747
0b000a01 0b00cd01 10003 100 1152801 2019621979 131969558 10109331
0b000201 0b00c301 10002 100 1308662 2015215951 136571333 10122399
0b000301 0b00c601 10037 100 23100 2099619704 52168270 10014620
0b000501 0b00c701 10011 100 953965 2029753562 122134637 10092660
0b000101 0b00cf01 10014 100 1008836 2027765748 124185560 10097261
0b000501 0b00c501 10032 100 130650 2087629726 64378024 10023635
0b000e01 0b00ce01 10034 100 77928 2090212880 61810541 10019213
0b000c01 0b00cc01 10048 100 122775 2090894025 61224293 10022974
0b000301 0b00ca01 10041 100 36716 2098315947 53836039 10015759
0b000b01 0b00c101 10012 100 822695 2051752130 100481025 10081655
0b000e01 0b00c501 10024 100 387158 2068601432 83639999 10045142
0b000f01 0b00cb01 10037 100 371852 2092148744 60185925 10043856
0b000001 0b00ca01 10012 100 720355 2044454761 107891434 10073077
0b000c01 0b00c901 10039 100 40969 2097264881 55118822 10016114
0b000201 0b00c701 10035 100 135796 2098122266 54446229 10024065
0b000101 0b00c701 10027 100 491395 2077878255 74706879 10053880
0b000b01 0b00c201 10038 100 300158 2096150672 56501059 10037848
0b000a01 0b00c601 10026 100 296660 2071386584 81321489 10037553
0b000001 0b00c001 10045 100 112905 2097114197 55596729 10022146
0b000301 0b00cc01 10017 100 471646 2059625437 93093355 10052224
0b000501 0b00ce01 10025 100 527205 2057579215 95203046 10056883
0b000c01 0b00cb01 10043 100 60774 2094672606 58115418 10017776
0b000101 0b00cf01 10017 100 843339 2032210271 121007740 10083388
0b000401 0b00c701 10033 100 46640 2099244435 53974780 10016591
0b000801 0b00cb01 10006 100 1488344 2012295277 140943502 10137465
0b000e01 0b00cd01 10038 100 45984 2098479240 54856195 10016535
0b000c01 0b00cb01 10045 100 77825 2098725023 54708560 10019205
0b000b01 0b00cc01 10007 100 1611445 2016944152 136591919 10147785
0b000801 0b00c201 10010 100 1068070 2031475630 122205717 10102230
0b000a01 0b00c801 10024 100 782746 2051876900 101866878 10078306
0b000201 0b00c901 10025 100 469479 2060600656 93154898 10052043
0b000201 0b00c301 10035 100 129956 2095826492 57969081 10023575
0b000a01 0b00c301 10021 100 410618 2069585922 84284476 10047107
0b000201 0b00ce01 10039 100 126313 2089105324 64835194 10023272
0b000e01 0b00c501 10038 100 35985 2099275058 54871080 10015697
0b000b01 0b00c601 10033 100 181303 2088219383 66160796 10027883
0b000d01 0b00c801 10023 100 334183 2070771126 83662462 10040701
0b000701 0b00c001 10018 100 1053219 2041291187 113165042 10100984
0b000701 0b00c501 10030 100 171769 2093481118 61119778 10027082
0b000d01 0b00cc01 10006 100 937198 2037313719 117366241 10091257
0b000401 0b00cb01 10003 100 1187204 2013932559 140814911 10112218
0b000601 0b00c201 10027 100 334310 2079776563 75055270 10040711
0b000001 0b00cb01 10016 100 680936 2041566151 113632678 10069769
0b000a01 0b00c401 10034 100 67411 2098702725 56636793 10018334
0b000a01 0b00cc01 10019 100 815588 2053411425 102048804 10081060
0b000401 0b00cb01 10043 100 249287 2094375689 61120340 10033582
0b000501 0b00c301 10007 100 1125872 2022821877 132733345 10107073
0b000c01 0b00c301 10032 100 234005 2099759306 55839779 10032302
0b000401 0b00cc01 10025 100 132706 2094046767 61688468 10023807
0b000601 0b00c601 10000 100 2301588 2001534911 154226754 10205646
0b000201 0b00cc01 10016 100 881800 2039106188 116708269 10086610
0b000a01 0b00c001 10018 100 654115 2054004010 101854617 10067524
0b000c01 0b00cf01 10003 100 1516806 2009189091 146766633 10139849
0b000d01 0b00c601 10005 100 1680773 2011922783 144409992 10153596
0b000101 0b00cb01 10023 100 650318 2064571933 91795555 10067205
0b000b01 0b00c201 10029 100 420744 2078586241 77998177 10047956
0b000401 0b00c601 10013 100 945418 2032601194 123988950 10091946
0b000d01 0b00cd01 10032 100 102839 2095659638 61011011 10021302
0b000b01 0b00c901 10004 100 1882012 2009319032 147660086 10170471
0b000b01 0b00c701 10020 100 856460 2051267753 105726365 10084487
0b000d01 0b00cf01 10026 100 748747 2056407934 100637482 10075455
0b000a01 0b00cf01 10009 100 1305147 2019061343 138190360 10122106
0b000501 0b00cd01 10030 100 473259 2075915279 81368772 10052360
0b000d01 0b00c401 10033 100 66924 2099350473 57998652 10018291
0b000501 0b00c301 10021 100 779295 2054409575 102942085 10078018
0b000d01 0b00c901 10020 100 872028 2041701633 115661497 10085794
0b000801 0b00ca01 10029 100 593186 2063823141 93721566 10062415
0b000c01 0b00c801 10020 100 690512 2050065773 107600217 10070574
0b000001 0b00ce01 10046 100 100231 2091675078 66163304 10021086
0b000701 0b00cc01 10018 100 704245 2060649864 97189859 10071726
0b000901 0b00c701 10014 100 1292498 2023839741 134073265 10121044
0b000a01 0b00c601 10013 100 941634 2044602563 113852763 10091628
0b000a01 0b00c401 10019 100 686992 2059061064 99410304 10070277
0b000e01 0b00ce01 10035 100 94571 2094155825 64372217 10020610
0b000701 0b00c501 10012 100 815257 2058087741 100522587 10081034
0b000001 0b00c601 10051 100 155767 2098060826 60551481 10025740
0b000d01 0b00cb01 10011 100 1288959 2022084067 136551421 10120746
0b000901 0b00c901 10030 100 617545 2075792380 82994613 10064456
0b000701 0b00c601 10029 100 536266 2068799384 90011885 10057643
0b000401 0b00cd01 10008 100 1464684 2007662154 151505877 10135480
0b000e01 0b00cc01 10016 100 666018 2045106452 114061977 10068522
0b000101 0b00c501 10005 100 1930088 2005977543 153342372 10174502
0b000401 0b00cc01 10000 100 1660385 2003949212 155383201 10151889
0b000401 0b00ca01 10025 100 668711 2068645870 90800613 10068745
0b000501 0b00c601 10032 100 133137 2094812167 64634877 10023845
0b000e01 0b00c301 10041 100 98109 2096377292 63196804 10020908
0b000f01 0b00c801 10028 100 556600 2080775843 78863139 10059346
0b000301 0b00c301 10032 100 420233 2075345964 84489333 10047915
0b000501 0b00c601 10023 100 535753 2067902248 92014723 10057598
0b000501 0b00c901 10029 100 391975 2087586958 72436056 10045543
0b000d01 0b00c601 10012 100 944743 2044522612 115558405 10091888
0b000801 0b00c401 10020 100 668618 2058963100 101324020 10068738
0b000001 0b00c801 10017 100 727154 2036559066 123831125 10073647
0b000a01 0b00cf01 10018 100 756647 2047258656 113210078 10076118
0b000c01 0b00c201 10022 100 651807 2059660946 100837269 10067328
0b000601 0b00c501 10040 100 306371 2089234910 71538873 10038368
0b000801 0b00c101 10014 100 1285400 2027608696 133256698 10120450
0b000c01 0b00ce01 10030 100 233269 2083188892 77824089 10032240
0b000601 0b00cc01 10018 100 779560 2042736810 118332446 10078040
0b000a01 0b00c801 10015 100 1110772 2029129741 132076357 10105808
0b000a01 0b00c701 10019 100 854456 2049724542 111497851 10084319
0b000301 0b00c701 10029 100 361667 2093585530 67691541 10043003
0b000a01 0b00c601 10007 100 1301012 2023792649 137637288 10121760
0b000001 0b00c901 10046 100 128265 2097436993 64083290 10023436
0b000001 0b00c801 10025 100 611944 2049038585 112514709 10063985
0b000601 0b00c001 10001 100 1393716 2008896349 152967403 10129530
0b000801 0b00c901 10011 100 795019 2043335980 118654189 10079338
0b000901 0b00cd01 10039 100 502401 2091760745 70384432 10054803
0b000901 0b00c101 10010 100 1007291 2043117086 119075727 10097134
0b000001 0b00c001 10034 100 284427 2071060237 91199237 10036528
0b000d01 0b00c301 10032 100 255689 2096730948 65543732 10034118
0b000101 0b00cc01 10004 100 2439072 2004616690 157665715 10217175
0b000901 0b00c501 10006 100 1411855 2015387386 146911274 10131050
0b000d01 0b00ce01 10008 100 1583244 2014780963 147594722 10145422
0b000701 0b00c801 10022 100 497512 2070558716 91821749 10054393
0b000001 0b00c101 10001 100 1257822 2013330439 149169361 10118136
0b000601 0b00c201 10017 100 610894 2047366326 115180321 10063897
0b000901 0b00c201 10007 100 1399148 2017171336 145385282 10129987
0b000201 0b00cb01 10012 100 664326 2046354356 116213980 10068379
0b000201 0b00cf01 10024 100 701063 2062604819 100006014 10071460
0b000401 0b00c901 10032 100 126995 2098236083 64429353 10023327
0b000201 0b00c201 10032 100 339682 2082150584 80525800 10041160
0b000d01 0b00ce01 10015 100 902562 2049437006 113395277 10088352
0b000301 0b00c601 10014 100 1096738 2036048241 126870383 10104631
0b000101 0b00c401 10020 100 780773 2062855443 100082916 10078140
0b000801 0b00c101 10028 100 781196 2055117220 107976850 10078178
0b000b01 0b00c601 10019 100 891470 2047563439 115584063 10087422
0b000901 0b00cd01 10021 100 688821 2059473354 103678991 10070431
0b000f01 0b00c901 10032 100 195350 2097387954 66076591 10029060
0b000c01 0b00cb01 10033 100 471912 2077262598 86203711 10052245
0b000f01 0b00ca01 10006 100 1729058 2016014461 147453314 10157647
0b000301 0b00c501 10020 100 606157 2060051139 103418576 10063503
0b000b01 0b00c501 10025 100 599805 2075628641 87927870 10062968
0b000a01 0b00c501 10024 100 704947 2060881240 102704400 10071782
0b000301 0b00cf01 10033 100 157622 2098931378 64700115 10025896
0b000c01 0b00c401 10040 100 155484 2092213141 71580060 10025717
0b000101 0b00ce01 10015 100 953279 2038535362 125592218 10092605
0b000e01 0b00c001 10034 100 256199 2086586303 77588228 10034162
0b000801 0b00cc01 10017 100 995034 2044270238 119911716 10096107
0b000e01 0b00cd01 10021 100 434572 2065550877 98692349 10049116
0b000401 0b00ce01 10008 100 1090985 2024024282 140335426 10104148
0b000101 0b00c701 10015 100 758761 2061215052 103153850 10076295
0b000101 0b00ca01 10009 100 1108906 2021419541 143277478 10105651
0b000201 0b00cf01 10041 100 330368 2095722418 69007930 10040380
0b000301 0b00c801 10034 100 519303 2077424419 87332083 10056221
0b000301 0b00ce01 10002 100 1872550 2004344051 160555102 10169676
0b000901 0b00cb01 10001 100 1877364 2010904877 154050668 10170080
0b000f01 0b00c101 10013 100 1407439 2029448676 135538361 10130681
0b000801 0b00c901 10002 100 1616589 2012336644 152716214 10148216
0b000001 0b00cb01 10024 100 308285 2089884463 75721268 10038529
0b000001 0b00c401 10030 100 158302 2092792612 73058755 10025954
0b000601 0b00c001 10030 100 352185 2091109308 74750012 10042210
0b000f01 0b00c001 10024 100 599867 2071260998 94693576 10062973
0b000d01 0b00cc01 10017 100 510353 2070884523 95152346 10055470
0b000d01 0b00c101 10026 100 429588 2089288080 76805579 10048698
0b000301 0b00cf01 10007 100 1233625 2021363577 144764671 10116108
0b000d01 0b00ce01 10006 100 1642564 2013764002 152527223 10150394
0b000f01 0b00ca01 10020 100 1148471 2044510654 122120968 10108969
0b000601 0b00c201 10013 100 840128 2042145572 124501543 10083119
0b000301 0b00c501 10033 100 286150 2084153655 82510459 10036674
0b000b01 0b00c101 10013 100 922021 2052649874 114165812 10089986
0b000d01 0b00c401 10023 100 483133 2075427890 91401879 10053189
0b000701 0b00ce01 10021 100 828758 2054342248 112525348 10082164
0b000701 0b00cc01 10030 100 331755 2089303237 77875049 10040495
0b000b01 0b00c701 10038 100 446256 2093074613 74131051 10050096
0b000d01 0b00cb01 10032 100 369723 2087262938 80010366 10043678
0b000e01 0b00c301 10001 100 1654931 2002172358 165238440 10151429
0b000801 0b00ce01 10009 100 1195897 2027675789 139744699 10112944
0b000601 0b00ca01 10023 100 568709 2066017666 101409600 10060361
0b000e01 0b00c201 10037 100 429192 2080828187 86635968 10048666
0b000a01 0b00c801 10006 100 1693033 2010805724 156690722 10154627
0b000601 0b00cd01 10039 100 174708 2093019497 74515837 10027328
0b000301 0b00c601 10021 100 649909 2065404344 102178236 10067168
0b000601 0b00ca01 10002 100 1725173 2004609182 163044483 10157321
0b000801 0b00ca01 10002 100 1807514 2008919480 158747505 10164223
0b000f01 0b00c001 10017 100 1064602 2050858258 116827435 10101937
0b000901 0b00cf01 10018 100 1004147 2053057595 114702239 10096870
0b000c01 0b00ca01 10006 100 1297271 2018746704 149217941 10121446
0b000601 0b00c001 10024 100 581501 2062837605 105218727 10061434
0b000001 0b00cf01 10039 100 325875 2086395556 81834001 10040001
0b000c01 0b00c901 10020 100 719275 2058734070 109555120 10072986
0b000d01 0b00cb01 10021 100 845549 2045383258 123065114 10083572
0b000701 0b00c601 10035 100 443737 2087257192 81216685 10049883
0b000501 0b00c501 10034 100 390164 2093251952 75434919 10045394
0b000f01 0b00ca01 10018 100 1362626 2037177606 131594298 10126924
0b000001 0b00ca01 10029 100 318510 2088283334 80607175 10039385
0b000701 0b00c801 10018 100 795732 2062728342 106244215 10079395
0b000301 0b00c601 10003 100 1535614 2012643509 156360491 10141427
0b000501 0b00c601 10020 100 571834 2062085628 107117927 10060623
0b000c01 0b00c201 10014 100 813350 2044588465 124642398 10080873
0b000301 0b00c401 10015 100 873699 2054620726 114688660 10085932
0b000a01 0b00c201 10026 100 691000 2065484934 103833528 10070613
0b000e01 0b00c001 10003 100 1328291 2007010511 162529117 10124046
0b000d01 0b00c801 10019 100 1011428 2047330660 122263043 10097480
0b000c01 0b00c701 10025 100 426279 2084919907 84720529 10048422
0b000d01 0b00c801 10011 100 1399560 2023126812 146519344 10130020
0b000801 0b00c701 10044 100 337121 2099563181 70319896 10040947
0b000801 0b00ca01 10023 100 916861 2049674282 120211798 10089550
0b000401 0b00ce01 10026 100 557923 2069299011 100821907 10059456
0b000701 0b00cc01 10028 100 545783 2087050540 83143531 10058439
0b000801 0b00c901 10024 100 553571 2075903820 94343516 10059093
0b000401 0b00c801 10023 100 566061 2075257029 95084929 10060142
0b000801 0b00c101 10013 100 1391347 2024112562 146243304 10129333
0b000301 0b00c601 10033 100 273837 2088678235 81690641 10035639
0b000c01 0b00c301 10029 100 512312 2086635719 83968697 10055634
0b000601 0b00c901 10001 100 2163271 2002068206 168655044 10194051
0b000c01 0b00c601 10002 100 1631626 2010294274 160527318 10149476
0b000101 0b00c001 10023 100 771509 2070489085 100449098 10077365
0b000b01 0b00ca01 10017 100 1090238 2035933615 135178248 10104088
0b000a01 0b00c901 10031 100 229239 2097986682 73165215 10031902
0b000a01 0b00cb01 10015 100 950767 2043519685 127748394 10092393
0b000d01 0b00c601 10034 100 496641 2084159960 87159321 10054319
0b000c01 0b00c601 10023 100 601647 2063368188 108044047 10063123
0b000701 0b00ce01 10015 100 1156607 2046148987 125347697 10109651
0b000701 0b00ce01 10036 100 606076 2091302579 80255498 10063496
0b000701 0b00c401 10031 100 716997 2079121282 92647684 10072793
0b000a01 0b00c401 10020 100 770294 2068428062 103412192 10077264
0b000201 0b00c301 10029 100 395314 2074553514 97609811 10045825
0b000b01 0b00cb01 10026 100 608827 2076432931 95847984 10063724
0b000a01 0b00c901 10001 100 2515266 2002395603 169917745 10223562
0b000a01 0b00cc01 10004 100 1658726 2011441463 160955933 10151748
0b000701 0b00cb01 10010 100 1592822 2020689710 151849238 10146222
0b000501 0b00cb01 10000 100 4501038 2001473482 171139459 10390050
0b000901 0b00c701 10029 100 986550 2059832371 112903181 10095394
0b000101 0b00c801 10018 100 868377 2052707411 120045191 10085487
0b000c01 0b00cf01 10008 100 1532525 2014171280 158635999 10141168
0b000201 0b00c801 10027 100 326280 2092615059 80467691 10040038
0b000d01 0b00ce01 10007 100 1721453 2014040667 159049950 10157008
0b000c01 0b00c501 10025 100 927373 2048448379 124945838 10090433
0b000e01 0b00c301 10031 100 527510 2073092380 100338784 10056908
0b000101 0b00c201 10002 100 2121370 2006076476 167416130 10190538
0b000101 0b00c301 10009 100 1265078 2017576746 155922906 10118747
0b000f01 0b00cd01 10018 100 701646 2060607271 112959725 10071507
0b000f01 0b00ca01 10027 100 779157 2072122411 101483147 10078007
0b000001 0b00c801 10024 100 777875 2048338693 125317916 10077897
0b000201 0b00c901 10005 100 1389188 2014326108 159347852 10129152
0b000e01 0b00c901 10013 100 734304 2035357623 138416122 10074246
0b000301 0b00cb01 10036 100 697441 2065588277 108236252 10071155
0b000c01 0b00c401 10026 100 936862 2049558762 124267887 10091227
0b000c01 0b00cd01 10026 100 717975 2064002702 109848834 10072875
0b000401 0b00cd01 10010 100 1315819 2014966182 158901240 10122998
0b000b01 0b00c201 10031 100 696181 2084139277 89807681 10071050
0b000001 0b00c101 10006 100 1119838 2024840763 149321770 10106567
0b000501 0b00c701 10035 100 681732 2077833054 96519850 10069837
0b000a01 0b00cd01 10021 100 558376 2086570290 87835544 10059496
0b000a01 0b00c801 10029 100 578215 2060656015 113794828 10061160
0b000801 0b00c801 10016 100 1210443 2033209607 141275191 10114165
0b000501 0b00c401 10012 100 663232 2064647057 109944774 10068288
0b000e01 0b00c601 10037 100 423095 2098202606 76419875 10048155
0b000901 0b00c901 10027 100 735779 2060417947 114321244 10074368
0b000401 0b00cd01 10017 100 875733 2057079918 117796051 10086102
0b000301 0b00c401 10019 100 763377 2063498795 111382625 10076683
0b000f01 0b00c201 10054 100 586038 2097851379 77172038 10061817
0b000d01 0b00c501 10021 100 538330 2083607841 91473824 10057816
0b000b01 0b00cc01 10010 100 1479474 2021854656 153242411 10136721
0b000101 0b00c301 10008 100 1461427 2015732124 159491925 10135208
0b000101 0b00ca01 10007 100 1262790 2021202640 154073209 10118553
0b000201 0b00c501 10017 100 916416 2043505828 131854610 10089514
0b000d01 0b00c501 10008 100 1086039 2032203013 143255894 10103737
0b000401 0b00cf01 10026 100 373460 2089220280 86261669 10043992
0b000701 0b00cb01 10037 100 485190 2097817613 77668542 10053361
0b000b01 0b00cd01 10011 100 1174571 2039554952 136048476 10111157
0b000401 0b00c201 10039 100 421773 2095538981 80425748 10048042
0b000501 0b00c801 10008 100 1272231 2024024879 152103745 10119346
0b000401 0b00c501 10022 100 682695 2068641661 107497034 10069918
0b000501 0b00c101 10026 100 600190 2077403460 98775224 10063003
0b000f01 0b00c201 10030 100 1095415 2052616022 123620346 10104521
0b000e01 0b00c401 10016 100 862707 2045764510 130558903 10085010
0b000801 0b00c701 10014 100 1339477 2030375477 146011049 10124983
0b000201 0b00c801 10015 100 788811 2054424623 122026912 10078814
0b000301 0b00c301 10026 100 756952 2065086024 111854155 10076143
0b000001 0b00cb01 10023 100 278879 2081765548 95292470 10036061
0b000c01 0b00c601 10030 100 347552 2083959768 93223959 10041820
0b000901 0b00c701 10032 100 947740 2067366862 109914961 10092139
0b000101 0b00cf01 10003 100 1725979 2010900306 166698535 10157386
0b000701 0b00ce01 10019 100 858226 2053965492 123747785 10084636
0b000001 0b00cd01 10035 100 359877 2081280034 96485198 10042852
0b000401 0b00c101 10001 100 1991048 2004292716 173523704 10179613
0b000d01 0b00ce01 10013 100 1189159 2037550947 140526682 10112382
0b000201 0b00c501 10024 100 764116 2070216237 107970626 10076746
0b000701 0b00c001 10035 100 537039 2098851250 79497117 10057709
0b000a01 0b00cf01 10038 100 735272 2077621709 100749616 10074328
0b000101 0b00c701 10011 100 862156 2055766662 122636646 10084966
0b000d01 0b00c201 10035 100 512186 2082362042 96044427 10055624
0b000a01 0b00c601 10016 100 1080010 2048681476 129732244 10103231
0b000801 0b00c901 10023 100 626820 2073544393 105056606 10065233
0b000a01 0b00c501 10030 100 794585 2072085042 106623393 10079299
0b000a01 0b00c201 10027 100 644356 2067479614 111244146 10066705
0b000201 0b00c001 10003 100 1527766 2014711826 164035319 10140768
0b000301 0b00c101 10033 100 684385 2079033621 99745775 10070061
0b000801 0b00cd01 10029 100 624131 2081140596 97690490 10065010
0b000d01 0b00ca01 10015 100 966871 2054382270 124587634 10093742
0b000f01 0b00c501 10016 100 727605 2061237322 117923834 10073683
0b000601 0b00c401 10011 100 984813 2024135513 155155381 10095247
0b000401 0b00c801 10014 100 852007 2054619329 124909023 10084116
0b000b01 0b00cc01 10013 100 1449418 2026817803 152767254 10134201
0b000701 0b00c101 10019 100 872921 2064217157 115583604 10085866
0b000e01 0b00c001 10019 100 706854 2040843297 139397570 10071943
0b000b01 0b00cb01 10019 100 805106 2064610199 115902213 10080183
0b000d01 0b00c901 10012 100 1462256 2025788614 154832560 10135278
0b000b01 0b00cb01 10010 100 1491569 2027831876 152966909 10137734
0b000c01 0b00ce01 10000 100 2561119 2001877991 179008501 10227407
0b000c01 0b00cc01 10039 100 490777 2077672839 103236843 10053827
0b000c01 0b00cd01 10022 100 870546 2049388486 131842661 10085668
0b000a01 0b00cd01 10023 100 636511 2093475911 87803946 10066046
0b000401 0b00c501 10016 100 946359 2055660548 125666949 10092025
0b000f01 0b00c601 10029 100 594685 2085940384 95392857 10062539
0b000d01 0b00cf01 10025 100 904484 2053616050 127880642 10088513
0b000e01 0b00cc01 10010 100 1166948 2024461974 157090314 10110517
0b000301 0b00ca01 10019 100 1172622 2042937545 138642562 10110994
0b000001 0b00c601 10013 100 1078990 2027456282 154151007 10103142
0b000601 0b00ca01 10008 100 1125749 2026861091 154798697 10107063
0b000801 0b00c001 10009 100 1538204 2024001350 157849171 10141646
0b000f01 0b00cd01 10022 100 839405 2073061853 108872920 10083058
0b000801 0b00c501 10033 100 577392 2088602164 93513014 10061090
0b000201 0b00c101 10008 100 1288275 2022408808 159712270 10120691
0b000501 0b00ca01 10032 100 533222 2097344553 84909662 10057388
0b000701 0b00ce01 10027 100 702848 2078411173 104035258 10071607
0b000e01 0b00c801 10036 100 386525 2087062330 95459872 10045088
0b000e01 0b00c501 10015 100 728182 2043822762 138735845 10073733
0b000201 0b00cf01 10002 100 1864301 2009478096 173121410 10168985
0b000001 0b00cd01 10008 100 1261362 2015794307 166946875 10118435
0b000201 0b00cf01 10013 100 1194731 2034661112 148190744 10112847
0b000f01 0b00c301 10029 100 634104 2093844740 89252862 10065846
0b000d01 0b00c201 10023 100 679162 2064435372 118705925 10069624
0b000e01 0b00ce01 10030 100 464843 2070899043 112497912 10051653
0b000101 0b00cb01 10014 100 930961 2035688398 147733483 10090731
0b000f01 0b00c401 10013 100 1357137 2041245031 142239194 10126465
0b000601 0b00cc01 10016 100 813144 2038138819 145366694 10080857
0b000301 0b00cf01 10006 100 1491377 2020073598 163565593 10137719
0b000301 0b00c501 10032 100 662867 2078831790 104834398 10068255
0b000b01 0b00c801 10025 100 606898 2071151083 112524383 10063562
0b000701 0b00cb01 10003 100 2388166 2002738670 180943297 10212907
0b000f01 0b00cb01 10026 100 933256 2051464865 132268413 10090927
0b000f01 0b00c301 10028 100 681845 2089926343 93883537 10069846
0b000f01 0b00c001 10023 100 915755 2068452267 115358657 10089457
0b000d01 0b00c901 10002 100 1845469 2012886536 171078026 10167406
0b000f01 0b00c701 10030 100 566936 2097650804 86851605 10060212
0b000401 0b00cd01 10012 100 1180587 2028643263 156075451 10111662
0b000b01 0b00cb01 10015 100 1109446 2051798756 132948283 10105698
0b000a01 0b00ce01 10012 100 1175586 2037164701 147667700 10111242
0b000f01 0b00cc01 10035 100 774052 2087210644 97712744 10077580
0b000301 0b00cb01 10001 100 3670953 2001584725 183436876 10320452
0b000201 0b00c201 10001 100 1705018 2010370315 174888189 10155632
0b000d01 0b00c701 10014 100 1337478 2033328802 151956851 10124816
0b000e01 0b00cd01 10005 100 1327997 2013921627 171421161 10124019
0b000c01 0b00c701 10020 100 615208 2063008835 122339657 10064262
0b000d01 0b00c901 10030 100 962028 2063833191 121623698 10093340
0b000e01 0b00cc01 10023 100 689461 2061701880 124068250 10070486
0b000401 0b00c101 10014 100 1055522 2037285647 148552630 10101176
0b000001 0b00ce01 10044 100 375804 2087886569 98042211 10044188
0b000b01 0b00c801 10012 100 1375936 2037630741 148321577 10128038
0b000601 0b00c401 10003 100 1849415 2004573381 181471657 10167737
0b000001 0b00cf01 10001 100 2271487 2002282459 183861538 10203123
0b000701 0b00c101 10023 100 580722 2074084119 112140048 10061368
0b000401 0b00c501 10014 100 993544 2053333847 132949888 10095980
0b000501 0b00cf01 10011 100 1231137 2034196284 152118288 10115901
0b000501 0b00cb01 10027 100 953771 2068862009 117515224 10092645
0b000001 0b00ca01 10028 100 523970 2086392428 100038511 10056609
0b000e01 0b00cd01 10013 100 1000464 2036653155 149857457 10096560
0b000101 0b00c801 10019 100 1013656 2053824592 132748401 10097666
0b000d01 0b00cc01 10028 100 432777 2098398648 88268261 10048964
0b000c01 0b00c501 10046 100 503927 2097170691 89529312 10054929
0b000801 0b00c701 10039 100 616553 2080787155 105927946 10064373
0b000c01 0b00ca01 10020 100 569465 2074030984 112773348 10060426
0b000f01 0b00cf01 10004 100 1868001 2023776879 163349277 10169297
0b000f01 0b00c001 10015 100 1273118 2047754480 139438277 10119421
0b000001 0b00ca01 10018 100 707684 2058467770 128727387 10072013
0b000201 0b00c101 10013 100 1282245 2029766079 157456650 10120186
0b000901 0b00cc01 10026 100 622236 2099188336 88049238 10064851
0b000801 0b00ca01 10031 100 615097 2091520381 95734577 10064253
0b000b01 0b00cf01 10007 100 1690856 2023522793 163850738 10154441
0b000b01 0b00ce01 10005 100 1654530 2024044246 163400668 10151397
0b000301 0b00c401 10013 100 1086362 2052095829 135390579 10103763
0b000301 0b00ca01 10002 100 1943488 2005168738 182351641 10175624
0b000301 0b00cb01 10005 100 2072624 2004291113 183462089 10186450
0b000001 0b00ce01 10039 100 488702 2081156507 106839165 10053653
0b000401 0b00c201 10003 100 1627678 2010773996 177292833 10149145
0b000d01 0b00c601 10021 100 955184 2066288999 121986506 10092765
0b000401 0b00c801 10025 100 627107 2079072706 109288790 10065260
0b000c01 0b00ca01 10008 100 1158812 2033312410 155156695 10109835
0b000001 0b00c901 10025 100 803772 2047327407 141199642 10080069
0b000b01 0b00c001 10015 100 1359494 2038014985 150532946 10126661
0b000601 0b00c001 10018 100 942590 2046487978 142073543 10091708
0b000b01 0b00cf01 10015 100 1056964 2050913325 137722450 10101296
0b000c01 0b00c401 10015 100 1126149 2033127871 155542900 10107099
0b000701 0b00ce01 10025 100 932128 2068137300 120592766 10090832
0b000901 0b00cd01 10040 100 763683 2092936916 95816690 10076708
0b000701 0b00c601 10026 100 816628 2061726224 127118428 10081147
0b000501 0b00c401 10020 100 686033 2078716288 110160045 10070200
0b000001 0b00c501 10027 100 748331 2058197859 130753417 10075422
0b000401 0b00c701 10024 100 421793 2083561734 105458517 10048043
0b000901 0b00c601 10021 100 713033 2070920021 118269634 10072464
0b000f01 0b00c201 10047 100 844815 2083868228 105430399 10083510
0b000301 0b00ca01 10029 100 872180 2070359102 118963584 10085806
0b000101 0b00cb01 10016 100 1089117 2040176112 149518817 10103994
0b000e01 0b00c101 10011 100 931355 2032055678 157794161 10090767
0b000201 0b00c401 10006 100 1226977 2025755846 164237282 10115549
0b000901 0b00c301 10005 100 2060352 2012065112 177953622 10185422
0b000f01 0b00cf01 10033 100 795384 2089539634 100581547 10079367
0b000701 0b00ce01 10033 100 626110 2087398517 102785516 10065176
0b000101 0b00ce01 10010 100 1346783 2026411588 163846342 10125595
0b000901 0b00cb01 10034 100 762059 2091301350 98976464 10076574
0b000101 0b00c101 10004 100 1720859 2011490608 178895383 10156957
0b000201 0b00c701 10028 100 506823 2079508507 110928765 10055172
0b000101 0b00cc01 10014 100 1480023 2020761654 169699437 10136768
0b000801 0b00c401 10031 100 610565 2087513551 103084419 10063871
0b000001 0b00c501 10003 100 1609164 2008989252 181609497 10147595
0b000501 0b00c001 10028 100 1010681 2055786343 134908957 10097416
0b000f01 0b00cf01 10021 100 1097170 2060204140 130544448 10104669
0b000c01 0b00ca01 10010 100 1152387 2041408000 149411909 10109298
0b000101 0b00cb01 10032 100 689403 2083972418 106881741 10070481
0b000801 0b00cb01 10014 100 1203969 2046852153 144065851 10113620
0b000401 0b00c601 10040 100 611041 2099324784 91759941 10063913
0b000801 0b00c801 10039 100 697924 2097128274 93989283 10071194
0b000901 0b00c801 10023 100 1045463 2071803709 119338727 10100333
0b000901 0b00c401 10017 100 977338 2057092840 134083032 10094622
0b000f01 0b00ca01 10025 100 1040665 2064872884 126588303 10099930
0b000f01 0b00ca01 10032 100 635557 2083476486 108049298 10065966
0b000701 0b00c501 10015 100 1072437 2062309332 129247795 10102595
0b000201 0b00c301 10027 100 732957 2067904894 123656432 10074131
0b000e01 0b00c601 10020 100 797552 2055470090 136555037 10079548
0b000b01 0b00c801 10011 100 1439752 2036350559 156299685 10133389
0b000e01 0b00c701 10003 100 1564150 2005034129 187633157 10143821
0b000c01 0b00c401 10044 100 431939 2096863576 95827250 10048894
0b000401 0b00c401 10033 100 381365 2092144627 100559637 10044656
0b000401 0b00c501 10039 100 526330 2099483098 93422346 10056810
0b000c01 0b00cb01 10000 100 2769420 2003713718 189220166 10244870
0b000601 0b00c501 10014 100 1090481 2036657141 156319739 10104107
0b000201 0b00c901 10023 100 944934 2057552365 135429034 10091903
0b000b01 0b00c801 10005 100 1808760 2019998889 173066047 10164327
0b000a01 0b00ca01 10017 100 1074110 2051482910 141661369 10102736
0b000501 0b00c701 10023 100 1094945 2048735193 144750941 10104480
0b000b01 0b00cc01 10024 100 1138915 2056251473 137268255 10108166
0b000f01 0b00c001 10013 100 1326246 2041869224 151684389 10123875
0b000f01 0b00cd01 10032 100 718044 2096861887 96785108 10072884
0b000001 0b00c601 10038 100 656669 2077942213 115820115 10067736
0b000f01 0b00cd01 10010 100 1486788 2041663004 152131444 10137333
0b000101 0b00c301 10028 100 670563 2075138266 118696933 10068901
0b000701 0b00ce01 10028 100 825226 2083573010 110340775 10081869
0b000f01 0b00cb01 10022 100 1316943 2048212909 145904034 10123092
0b000001 0b00cd01 10007 100 1491984 2013163673 180954091 10137768
0b000201 0b00cf01 10022 100 1105537 2046515997 147807076 10105370
0b000b01 0b00ce01 10017 100 803009 2084081754 110353872 10080008
0b000f01 0b00cc01 10017 100 1570379 2039087455 155476864 10144342
0b000401 0b00cd01 10020 100 849621 2069315587 125306915 10083913
0b000e01 0b00c001 10025 100 721095 2058093340 136796985 10073140
0b000b01 0b00c501 10006 100 1923175 2020912344 174137463 10173922
0b000a01 0b00cd01 10004 100 1622656 2023849873 171280503 10148724
0b000f01 0b00cb01 10012 100 1825696 2027871643 167604199 10165747
0b000101 0b00cf01 10026 100 991586 2062410340 133298634 10095816
0b000101 0b00cc01 10023 100 1483395 2037898658 157812191 10137050
0b000f01 0b00c801 10019 100 1204461 2058005855 137970275 10113664
0b000701 0b00c601 10006 100 1957410 2016170642 179824086 10176791
0b000b01 0b00c201 10000 100 2294972 2010679459 185381798 10205090
0b000e01 0b00ca01 10019 100 1097279 2026961220 169348247 10104678
0b000901 0b00ca01 10015 100 1537261 2026469811 170112948 10141566
0b000c01 0b00c901 10031 100 684521 2081558364 115050288 10070072
0b000d01 0b00c801 10030 100 739308 2082854923 113815902 10074666
0b000901 0b00c701 10017 100 1638126 2037262498 159500199 10150023
0b000501 0b00c901 10010 100 1827889 2020992335 175885923 10165930
0b000c01 0b00c301 10021 100 895449 2063538267 133361551 10087756
0b000f01 0b00ce01 10016 100 1315889 2044664889 152251949 10123004
0b000801 0b00c201 10028 100 740686 2076718276 120238257 10074780
0b000e01 0b00c201 10023 100 781457 2047492484 149660640 10078199
0b000001 0b00cd01 10029 100 803184 2062745771 134488389 10080022
0b000101 0b00ca01 10030 100 720651 2097424936 99812423 10073100
0b000e01 0b00c701 10009 100 1150216 2025569599 171740045 10109117
0b000e01 0b00cb01 10015 100 856269 2044612247 152712288 10084472
0b000901 0b00c701 10023 100 1168124 2049578788 147800001 10110618
0b000a01 0b00c501 10017 100 1095063 2050064063 147389915 10104493
0b000301 0b00c501 10012 100 1481596 2028620039 168885761 10136898
0b000601 0b00cd01 10026 100 754199 2057042780 140527305 10075915
0b000501 0b00cc01 10027 100 941196 2051691797 146076461 10091592
0b000301 0b00c001 10034 100 655396 2092789849 105208530 10067630
0b000701 0b00c901 10027 100 765770 2090363579 107711613 10076883
0b000b01 0b00c701 10011 100 1554246 2029488064 168621430 10142990
0b000501 0b00c201 10025 100 786469 2095465268 102701062 10078619
0b000d01 0b00cc01 10027 100 648168 2095795991 102652019 10067025
0b000401 0b00c301 10042 100 493364 2093051603 105617459 10054046
0b000701 0b00cd01 10020 100 1213190 2058542672 140243563 10114396
0b000e01 0b00c801 10007 100 1383880 2011313026 187588812 10128704
0b000101 0b00cb01 10011 100 1425286 2023982431 174965470 10132178
0b000201 0b00ce01 10006 100 1623074 2013505957 185568386 10148762
0b000501 0b00c501 10017 100 1257054 2046478234 152762941 10118075
0b000301 0b00c801 10037 100 763272 2081380300 118144912 10076675
0b000d01 0b00cb01 10034 100 663106 2093826863 105758564 10068278
0b000501 0b00c701 10036 100 898124 2079164347 120425231 10087982
0b000201 0b00c501 10022 100 922374 2064202096 135639960 10090014
0b000201 0b00c701 10022 100 1078755 2054313200 145593857 10103123
0b000601 0b00c201 10029 100 535856 2084146279 115900908 10057606
0b000801 0b00c201 10009 100 1574895 2028901172 171191351 10144719
0b000d01 0b00c601 10029 100 845792 2077550863 122677017 10083592
0b000801 0b00c101 10009 100 1860515 2015992633 184261537 10168667
0b000e01 0b00c301 10039 100 554681 2092259517 108008555 10059185
0b000201 0b00c301 10005 100 1479153 2020869457 179534577 10136695
0b000801 0b00c301 10000 100 2438937 2005364372 195204382 10217160
0b000701 0b00c601 10039 100 750719 2096181416 104562315 10075621
0b000101 0b00c101 10029 100 732963 2070618195 130247484 10074131
0b000e01 0b00cf01 10003 100 1465493 2009071652 192121841 10135548
0b000b01 0b00c801 10017 100 1090784 2053260278 148107462 10104132
0b000701 0b00ca01 10012 100 1804143 2036077574 165410462 10163942
0b000301 0b00c701 10026 100 657474 2077338017 124223970 10067804
0b000201 0b00cf01 10026 100 885275 2069335318 132228587 10086904
0b000c01 0b00c001 10025 100 626984 2084056557 117599010 10065246
0b000501 0b00ca01 10019 100 1259125 2048918768 152932190 10118248
0b000d01 0b00c101 10018 100 890227 2065777819 136452158 10087319
0b000c01 0b00cd01 10027 100 795387 2065565729 136677736 10079367
0b000a01 0b00ca01 10005 100 1659172 2020816402 181428965 10151788
0b000101 0b00c601 10009 100 1599732 2019901690 182465262 10146802
0b000e01 0b00cb01 10027 100 704606 2087849902 114519842 10071755
0b000101 0b00ce01 10031 100 796997 2095211932 107276456 10079500
0b000201 0b00c201 10028 100 875655 2069170136 133647499 10086096
0b000301 0b00cb01 10019 100 1556911 2029339778 173506429 10143211
0b000a01 0b00c001 10016 100 1418726 2047216988 155692015 10131627
0b000f01 0b00c301 10018 100 1315790 2056282846 146634795 10122996
0b000601 0b00ca01 10020 100 667036 2063623682 139301530 10068608
0b000c01 0b00cc01 10033 100 799182 2059874427 143145305 10079686
0b000a01 0b00c701 10041 100 756344 2080761426 122274513 10076094
0b000c01 0b00c301 10009 100 1271379 2044216768 158919448 10119274
0b000901 0b00c001 10007 100 1681353 2023707862 179477647 10153647
0b000901 0b00cb01 10005 100 1710931 2024187823 179144691 10156124
0b000d01 0b00c201 10005 100 1839266 2020127023 183210585 10166886
0b000f01 0b00c701 10023 100 750634 2083391257 120117808 10075614
0b000f01 0b00c301 10026 100 903737 2087173715 116364386 10088450
0b000c01 0b00ce01 10029 100 730220 2082524037 121091313 10073904
0b000301 0b00c601 10018 100 1112136 2057970903 145784938 10105924
0b000d01 0b00cf01 10022 100 1390983 2044908165 158906696 10129300
0b000f01 0b00c101 10028 100 1068898 2076976197 126914739 10102296
0b000701 0b00c301 10042 100 705566 2092060238 111864154 10071836
0b000301 0b00c601 10024 100 921107 2072895324 131104357 10089909
0b000101 0b00c601 10011 100 1356711 2027936165 176080722 10126427
0b000801 0b00c001 10029 100 548819 2092074231 111998935 10058693
0b000401 0b00c801 10020 100 1021885 2065530045 138852061 10098355
0b000d01 0b00cc01 10014 100 1151095 2060235045 144223594 10109191
0b000e01 0b00c701 10016 100 1051596 2049087076 155400050 10100847
0b000201 0b00c101 10026 100 597806 2081549971 123102670 10062800
0b000401 0b00c101 10033 100 748760 2076205449 128550862 10075456
0b000301 0b00cb01 10039 100 899510 2073187524 131624115 10088096
0b000c01 0b00c501 10048 100 439563 2098314505 106521744 10049534
0b000b01 0b00c901 10022 100 1267083 2055448086 149453982 10118915
0b000101 0b00c001 10011 100 1330710 2034617600 170285429 10124247
0b000e01 0b00ca01 10026 100 1094492 2038433284 166566847 10104444
0b000f01 0b00c001 10008 100 1984926 2024727001 180359509 10179096
0b000a01 0b00c401 10007 100 1676708 2025848133 179295911 10153256
0b000401 0b00c501 10037 100 736824 2095192482 110279986 10074456
0b000101 0b00c401 10023 100 974332 2073198764 132292557 10094370
0b000301 0b00c301 10009 100 1725044 2018730188 186868058 10157311
0b000501 0b00cc01 10006 100 1832687 2017778428 187896962 10166333
0b000c01 0b00c801 10019 100 1194484 2049961197 155719653 10112827
0b000b01 0b00c501 10007 100 1796554 2026352498 179368939 10163304
0b000201 0b00ca01 10010 100 1364364 2027032634 178693322 10127070
0b000901 0b00cf01 10033 100 946398 2088751971 117008283 10092028
0b000901 0b00ca01 10004 100 2218655 2012369612 193559020 10198693
0b000101 0b00c301 10027 100 967100 2074689049 131261372 10093765
0b000f01 0b00cd01 10012 100 1455034 2047882404 158145432 10134673
0b000a01 0b00cc01 10031 100 824930 2095151796 110925925 10081842
0b000901 0b00cb01 10032 100 996031 2090059239 116078080 10096190
0b000a01 0b00c901 10013 100 1596678 2031593233 174646500 10146546
0b000201 0b00ce01 10037 100 755788 2086119265 120191941 10076046
0b000301 0b00c101 10042 100 588278 2092925821 113732622 10062004
0b000301 0b00c201 10027 100 944202 2070993151 135780566 10091844
0b000501 0b00c501 10012 100 1338430 2041982990 164873415 10124896
0b000201 0b00cc01 10032 100 823622 2088105833 119459975 10081733
0b000b01 0b00ca01 10025 100 1331631 2072302698 135356778 10124325
0b000701 0b00c901 10025 100 793998 2089042575 118673096 10079248
0b000f01 0b00c601 10016 100 1548560 2053621774 154181602 10142512
0b000701 0b00ca01 10018 100 1376914 2049999506 157854399 10128120
0b000c01 0b00cb01 10036 100 559668 2084390899 123634251 10059603
0b000701 0b00c701 10024 100 834569 2069348603 138682129 10082651
0b000401 0b00ce01 10003 100 1537738 2014527837 193533231 10141604
0b000101 0b00cd01 10035 100 923897 2093164620 114912955 10090139
0b000101 0b00cf01 10005 100 1646261 2013528116 194634717 10150705
0b000901 0b00c101 10023 100 1131250 2096166897 112083818 10107526
0b000d01 0b00c201 10044 100 503021 2097089159 111324771 10054857
0b000901 0b00c701 10024 100 1866734 2052360709 156175274 10169188
0b000101 0b00cc01 10034 100 1019362 2069864912 138758432 10098145
0b000301 0b00ca01 10039 100 745869 2096481466 112151317 10075214
0b000301 0b00c701 10025 100 1034248 2075501100 133161625 10099394
0b000501 0b00c801 10026 100 785429 2096522339 112209369 10078532
0b000a01 0b00c301 10027 100 773428 2090783904 118061391 10077526
0b000101 0b00c301 10026 100 1910990 2070266091 138680325 10172897
0b000d01 0b00ca01 10032 100 731613 2089352687 119601351 10074019
0b000001 0b00c901 10043 100 635538 2081192065 127833732 10065965
0b000901 0b00ca01 10026 100 1260398 2067474075 141869179 10118354
0b000b01 0b00cf01 10021 100 1311689 2076200925 133226083 10122653
0b000201 0b00c201 10003 100 1949280 2012149200 197439732 10176110
0b000a01 0b00cd01 10002 100 2088708 2010021393 199613315 10187798
0b000a01 0b00c501 10000 100 2877266 2002218415 207441687 10253912
0b000801 0b00c001 10019 100 1076994 2080167214 129604813 10102975
0b000201 0b00cc01 10026 100 882456 2070162193 139650401 10086667
0b000401 0b00c301 10023 100 1321651 2040309973 169564096 10123488
0b000d01 0b00cb01 10015 100 1628685 2030057738 179914347 10149230
0b000f01 0b00c001 10020 100 1345567 2057161155 152917440 10125494
0b000c01 0b00c901 10013 100 1300648 2042361292 167810176 10121727
0b000601 0b00c701 10020 100 1028331 2050546434 159756809 10098897
0b000f01 0b00ca01 10023 100 1279442 2060388031 149941525 10119950
0b000d01 0b00cb01 10028 100 848207 2071126162 139224311 10083796
0b000601 0b00c501 10034 100 762859 2080368656 130238515 10076638
0b000701 0b00ca01 10017 100 1521788 2047594178 163024951 10140267
0b000001 0b00c601 10033 100 605297 2068364648 142299301 10063430
0b000501 0b00cc01 10015 100 1554094 2025885796 184837284 10142978
0b000001 0b00ce01 10042 100 653658 2084127435 126643144 10067484
0b000e01 0b00cc01 10027 100 817655 2069723752 141237683 10081233
0b000a01 0b00c401 10027 100 812107 2082588719 128427253 10080770
0b000201 0b00c001 10007 100 1431513 2031833428 179313621 10132699
0b000201 0b00c601 10035 100 890718 2068719295 142572269 10087358
0b000201 0b00c501 10030 100 824790 2093000981 118335595 10081831
0b000101 0b00cd01 10032 100 981853 2084256831 127085214 10094999
0b000301 0b00cd01 10026 100 713345 2076243965 135129897 10072489
0b000d01 0b00cf01 10039 100 895073 2088050511 123457959 10087726
0b000001 0b00ce01 10045 100 601652 2089101449 122565866 10063123
0b000a01 0b00c701 10047 100 610139 2092562052 119448475 10063837
0b000601 0b00cd01 10009 100 1220115 2025153822 186919781 10114977
0b000301 0b00c101 10010 100 1833573 2015799733 196569963 10166408
0b000f01 0b00ce01 10021 100 1453790 2059509332 153003817 10134566
0b000601 0b00cf01 10007 100 1374760 2020323987 192221928 10127940
0b000401 0b00cd01 10029 100 748805 2096630703 115991285 10075460
0b000001 0b00c801 10026 100 887955 2052210016 160453205 10087126
0b000301 0b00c401 10028 100 930409 2082408871 130349994 10090687
0b000d01 0b00c201 10025 100 1194165 2068118376 144904841 10112802
0b000801 0b00cf01 10024 100 903119 2087424664 125680782 10088400
0b000101 0b00cd01 10015 100 1400805 2040931046 172177150 10130124
0b000801 0b00c201 10008 100 1747822 2023171272 189944625 10159218
0b000701 0b00c301 10025 100 1185229 2059200695 154031663 10112052
0b000001 0b00c701 10039 100 769050 2079117160 134220580 10077160
0b000101 0b00c901 10002 100 1914548 2010280949 203135322 10173197
0b000c01 0b00ce01 10024 100 810000 2076942766 136476815 10080590
0b000c01 0b00ca01 10011 100 1337116 2043091162 170369349 10124787
0b000e01 0b00cf01 10028 100 628525 2096828761 116687918 10065377
0b000f01 0b00ce01 10024 100 1475530 2067049026 146502225 10136390
0b000201 0b00c701 10016 100 1394794 2039365078 174408227 10129620
0b000a01 0b00c401 10000 100 2607787 2004423125 209371860 10231317
0b000f01 0b00ca01 10024 100 1083387 2064032287 149934381 10103513
0b000d01 0b00c401 10012 100 1369193 2042126822 171846936 10127476
0b000901 0b00ce01 10023 100 763655 2096439392 117555357 10076706
0b000901 0b00c501 10023 100 1917098 2051896430 162230268 10173412
0b000401 0b00c101 10028 100 1104078 2069677758 144480853 10105249
0b000901 0b00c501 10030 100 1177124 2080846198 133457669 10111373
0b000901 0b00c901 10036 100 975401 2098556604 115768189 10094459
0b000b01 0b00c001 10018 100 1495332 2044897665 169558958 10138051
0b000a01 0b00c801 10013 100 1850974 2021307333 193236910 10167865
0b000101 0b00c901 10026 100 939262 2076959219 137694268 10091430
0b000d01 0b00cc01 10009 100 1530169 2042780295 172050662 10140972
0b000a01 0b00cc01 10022 100 1351777 2060963774 153869879 10126013
0b000f01 0b00c401 10024 100 1062914 2080227870 134711593 10101795
0b000301 0b00cb01 10044 100 874037 2082832031 132210493 10085962
0b000701 0b00c801 10011 100 1644182 2039548610 175582334 10150531
0b000501 0b00c701 10018 100 1478182 2037310457 177930055 10136613
0b000301 0b00c401 10030 100 840611 2093079180 122199014 10083158
0b000b01 0b00ce01 10026 100 901452 2097323256 118253225 10088259
0b000a01 0b00c501 10037 100 847833 2092102393 123500127 10083762
0b000a01 0b00c501 10029 100 893715 2068135397 147659432 10087610
0b000901 0b00cf01 10013 100 1677861 2034758030 181203614 10153352
0b000801 0b00c601 10026 100 1001752 2081836154 134285595 10096667
0b000101 0b00cb01 10026 100 1349044 2074843765 141769838 10125787
0b000901 0b00c201 10022 100 1266298 2065809242 150921794 10118849
0b000201 0b00cb01 10024 100 794781 2080548792 136441472 10079315
0b000d01 0b00c901 10000 100 2932429 2004461442 212602274 10258537
0b000801 0b00cf01 10020 100 850169 2072923163 144522887 10083961
0b000c01 0b00cb01 10026 100 1000646 2069430253 148163132 10096575
0b000501 0b00cd01 10032 100 759096 2079879035 137776436 10076326
0b000501 0b00c001 10037 100 957600 2092207365 125479752 10092966
0b000801 0b00ca01 10021 100 1298655 2046211838 171476959 10121560
0b000e01 0b00c001 10011 100 1262424 2021869827 196056004 10118523
0b000201 0b00c001 10022 100 915083 2085003895 132977798 10089404
0b000501 0b00cc01 10041 100 855006 2098410284 119623326 10084367
0b000d01 0b00ce01 10016 100 1370974 2053074963 165287832 10127622
0b000d01 0b00cf01 10047 100 678463 2097017349 121472653 10069564
0b000b01 0b00c901 10031 100 1110200 2078121383 140383746 10105762
0b000a01 0b00c801 10031 100 883776 2071057485 147495581 10086776
0b000101 0b00c701 10013 100 1297611 2057595327 160988059 10121473
0b000e01 0b00c301 10026 100 986987 2067859136 150786022 10095429
0b000201 0b00c201 10030 100 954125 2078096727 140619376 10092677
0b000101 0b00cd01 10019 100 1462776 2044550114 174280829 10135320
0b000b01 0b00c901 10003 100 2701857 2007510773 211339581 10239204
0b000f01 0b00c801 10015 100 1800569 2039106778 179870763 10163641
0b000001 0b00c701 10011 100 1450903 2020748500 198374984 10134324
0b000201 0b00ce01 10012 100 1667239 2025102399 194166871 10152464
0b000401 0b00c801 10035 100 716263 2088875884 130394316 10072734
0b000f01 0b00c601 10026 100 1451163 2079016955 140300669 10134348
0b000401 0b00cb01 10038 100 923412 2086750127 132728698 10090101
0b000101 0b00c801 10021 100 1246741 2058192607 161353339 10117207
0b000c01 0b00c801 10027 100 1090619 2067183272 152503956 10104118
0b000d01 0b00c701 10029 100 963616 2085119735 134765801 10093471
0b000701 0b00c701 10013 100 1785487 2035363691 184591430 10162377
0b000101 0b00c401 10005 100 1821327 2015777871 204262648 10165382
0b000701 0b00c501 10022 100 1144466 2077505361 142635893 10108634
0b000c01 0b00cd01 10031 100 708352 2080615357 139568302 10072070
0b000b01 0b00cc01 10030 100 1091775 2073225766 147028051 10104215
0b000601 0b00c701 10015 100 1241657 2037922325 182419316 10116781
0b000d01 0b00cb01 10007 100 2017741 2016930013 203536990 10181848
0b000901 0b00ca01 10005 100 2267997 2012640891 207840387 10202828
0b000c01 0b00c701 10013 100 1427865 2043388064 177116872 10132392
0b000001 0b00ca01 10026 100 653898 2082718403 138426623 10067503
0b000c01 0b00c301 10030 100 989159 2087360322 133813593 10095614
0b000601 0b00c901 10020 100 909679 2064885411 156382705 10088948
0b000701 0b00c001 10032 100 707175 2090170661 131328559 10071972
0b000e01 0b00c101 10042 100 594684 2099037374 122478214 10062539
0b000701 0b00ca01 10024 100 1368576 2059686887 162000906 10127423
0b000c01 0b00c801 10033 100 799217 2098289589 123409520 10079689
0b000201 0b00cc01 10015 100 1350736 2038655714 183102290 10125926
0b000b01 0b00cc01 10036 100 959914 2097862549 124188859 10093159
0b000401 0b00c401 10007 100 1453982 2032341018 189791747 10134581
0b000601 0b00c901 10016 100 1126322 2051716546 170578638 10107113
0b000201 0b00c601 10029 100 1246295 2053349429 168957639 10117172
0b000701 0b00c501 10020 100 1766935 2073712839 148607555 10160820
0b000401 0b00c001 10014 100 1148895 2065321756 157059322 10109003
0b000c01 0b00cd01 10037 100 953266 2094503624 128177828 10092604
0b000e01 0b00c201 10034 100 816511 2069544125 153221439 10081138
0b000b01 0b00c701 10032 100 1237419 2079874372 142926671 10116427
0b000101 0b00c701 10008 100 1422146 2043041781 179773606 10131916
0b000601 0b00c101 10024 100 955173 2079485549 143504769 10092764
0b000901 0b00cd01 10023 100 1657886 2059999524 163040864 10151677
0b000501 0b00c701 10009 100 2013105 2022183791 200919575 10181462
0b000701 0b00ca01 10032 100 917812 2092365948 130812532 10089630
0b000901 0b00c401 10026 100 1577791 2092071826 131121236 10144962
0b000201 0b00c601 10015 100 1551997 2026450543 196896547 10142799
0b000901 0b00c901 10032 100 1568042 2076941632 146438435 10144148
0b000901 0b00c301 10026 100 1506450 2081898530 141616870 10138982
0b000501 0b00c401 10022 100 929524 2081361777 142362868 10090613
0b000301 0b00c401 10007 100 1665818 2025685221 198428904 10152342
0b000b01 0b00c701 10037 100 996268 2088507192 135840772 10096209
0b000201 0b00cb01 10010 100 1622931 2028010384 196446189 10148746
0b000001 0b00c801 10051 100 662237 2099178111 125362056 10068204
0b000d01 0b00c101 10021 100 821676 2080384099 144194629 10081570
0b000701 0b00c201 10032 100 852038 2084481477 140290823 10084118
0b000f01 0b00c101 10000 100 2806430 2006476294 218329905 10247973
0b000101 0b00c501 10009 100 1821449 2018501765 206385009 10165392
0b000701 0b00c601 10018 100 1993460 2041387126 183557106 10179813
0b000601 0b00c801 10003 100 1900478 2009064170 215905492 10172018
0b000e01 0b00cd01 10034 100 596391 2093846742 131215366 10062683
0b000401 0b00c801 10005 100 1671804 2017124170 207991910 10152844
0b000801 0b00c501 10031 100 1071693 2083673655 141633344 10102531
0b000501 0b00ce01 10010 100 1501161 2030196897 195212148 10138540
0b000801 0b00c801 10010 100 1919735 2015957385 209834341 10173631
0b000201 0b00c001 10018 100 1238502 2068832802 156966503 10116517
0b000f01 0b00c501 10021 100 933593 2078770102 147142775 10090954
0b000e01 0b00c801 10004 100 1779029 2006537300 219416645 10161837
0b000801 0b00c601 10003 100 2214760 2013350097 212646776 10198366
0b000401 0b00c101 10006 100 1568572 2022754330 203375694 10144190
0b000c01 0b00c101 10021 100 755850 2094446592 131763953 10076051
0b000101 0b00cb01 10008 100 1956274 2015787093 210434665 10176696
0b000b01 0b00c601 10036 100 1077423 2098096450 128166057 10103013
0b000301 0b00c501 10030 100 1258486 2072878724 153463755 10118193
0b000a01 0b00cf01 10036 100 1173120 2075912692 150448174 10111037
0b000401 0b00ce01 10017 100 1429480 2041605838 184886143 10132529
0b000b01 0b00cc01 10035 100 904774 2091118252 135454349 10088537
0b000201 0b00c201 10022 100 1379526 2057541759 169382391 10128341
0b000901 0b00c401 10020 100 1424431 2065503270 161467798 10132106
0b000c01 0b00c901 10035 100 711448 2086066129 141040314 10072329
0b000c01 0b00c801 10008 100 1690619 2022049148 205089174 10154422
0b000c01 0b00c501 10011 100 1767867 2024318207 202878879 10160898
0b000b01 0b00c301 10008 100 1704528 2040463366 186875042 10155589
0b000101 0b00c401 10022 100 1271640 2070981106 156410662 10119295
0b000601 0b00c901 10021 100 1026245 2065389700 162031902 10098723
0b000c01 0b00c001 10028 100 927532 2093294404 134178354 10090446
0b000501 0b00c901 10034 100 818701 2097664035 129828460 10081321
0b000a01 0b00c401 10023 100 1299777 2072476732 155022546 10121654
0b000801 0b00c501 10017 100 1583558 2046699718 180865720 10145447
0b000201 0b00c301 10033 100 990375 2083308558 144414881 10095715
0b000701 0b00cb01 10034 100 1234887 2071437545 156297621 10116213
0b000e01 0b00c401 10014 100 1132896 2041695054 186177454 10107662
0b000e01 0b00c301 10043 100 747780 2098004432 130154755 10075374
0b000f01 0b00c901 10025 100 1629092 2064120905 164206112 10149266
0b000601 0b00cd01 10017 100 1237562 2040259194 188373229 10116438
0b000d01 0b00cd01 10029 100 1218318 2074048540 154673899 10114826
0b000001 0b00cd01 10014 100 1563027 2023152665 205622502 10143727
0b000901 0b00c301 10028 100 1110375 2082400348 146404307 10105776
0b000c01 0b00c901 10030 100 1108419 2081182988 147675496 10105612
0b000601 0b00c101 10000 100 2168594 2004845420 224266456 10194496
0b000401 0b00c601 10015 100 1520747 2036548615 192583141 10140180
0b000c01 0b00c001 10011 100 1403149 2052071686 177065668 10130323
0b000e01 0b00c201 10033 100 972118 2068078283 161075694 10094185
0b000301 0b00c101 10043 100 877196 2096260748 132982420 10086227
0b000a01 0b00cb01 10010 100 1838821 2026309959 202985286 10166847
0b000f01 0b00c301 10011 100 2351138 2021254853 208070525 10209802
0b000601 0b00cd01 10035 100 1017463 2076046256 153415729 10097986
0b000501 0b00c401 10027 100 996292 2089894461 139800161 10096211
0b000a01 0b00c301 10007 100 3510735 2022230780 207844314 10307021
0b000901 0b00c401 10028 100 1087675 2094113459 136071715 10103871
0b000b01 0b00c401 10022 100 1683231 2043319866 187208988 10153805
0b000501 0b00cb01 10025 100 1358328 2064309127 166291324 10126564
0b000e01 0b00c301 10013 100 1257753 2026684783 203922600 10118130
0b000801 0b00c201 10032 100 1053500 2094856519 135980672 10101007
0b000501 0b00c401 10021 100 1241571 2079621184 151248107 10116774
0b000b01 0b00c301 10016 100 1421791 2063078818 167876683 10131883
0b000901 0b00cc01 10024 100 1001182 2082864724 148093283 10096622
0b000f01 0b00c201 10044 100 1570596 2081842314 149280958 10144360
0b000b01 0b00c901 10027 100 1347183 2069583220 161546945 10125630
0b000401 0b00c701 10012 100 1441423 2051310668 179841348 10133531
0b000d01 0b00c101 10027 100 1143545 2090695858 140693134 10108556
0b000601 0b00c301 10020 100 1162344 2039861682 191743969 10110133
0b000e01 0b00c001 10035 100 671259 2087461369 144337538 10068961
0b000801 0b00cd01 10020 100 1278405 2053802500 178058584 10119863
0b000a01 0b00cd01 10005 100 2702785 2027054269 205094395 10239282
0b000701 0b00c901 10015 100 1659150 2046318832 186354714 10151786
0b000501 0b00c501 10006 100 1828775 2023903856 208972026 10166005
0b000701 0b00c201 10035 100 1111850 2088522556 144374499 10105898
0b000b01 0b00c201 10011 100 1724778 2042477669 190543782 10157286
0b000601 0b00c301 10017 100 1191159 2034949060 198176392 10112550
0b000801 0b00c501 10014 100 1728461 2037437758 195879213 10157596
0b000001 0b00c601 10046 100 585450 2095388368 137984900 10061766
0b000301 0b00c301 10036 100 1042429 2089677530 143832514 10100079
0b000f01 0b00c301 10024 100 2367116 2076445710 157122914 10211142
0b000801 0b00c001 10015 100 1314664 2063635282 169947432 10122902
0b000c01 0b00c401 10032 100 1207543 2066239107 167445645 10113922
0b000501 0b00c701 10016 100 1891502 2035073607 198989804 10171265
0b000101 0b00c001 10008 100 1770631 2024199818 210156896 10161131
0b000801 0b00c701 10028 100 1537492 2056382576 178171391 10141585
0b000901 0b00c501 10031 100 1335474 2084337053 150311019 10124648
0b000b01 0b00cb01 10021 100 1416630 2067256616 167406217 10131451
0b000201 0b00c801 10020 100 1119176 2069896298 165016137 10106514
0b000101 0b00cd01 10034 100 908132 2092994006 141970395 10088821
0b000d01 0b00c201 10024 100 1327919 2067423693 167566745 10124013
0b000e01 0b00ca01 10031 100 1181195 2051620065 183688337 10111714
0b000601 0b00c001 10004 100 1679102 2019573523 215963251 10153459
0b000101 0b00c901 10013 100 1424151 2036762304 198796172 10132084
0b000801 0b00c201 10014 100 1758509 2042046256 193609869 10160115
0b000b01 0b00c201 10036 100 929254 2091427425 144735565 10090591
0b000901 0b00c301 10032 100 1297156 2095290609 140906126 10121436
0b000a01 0b00c201 10012 100 2054201 2023331322 212903842 10184907
0b000d01 0b00c701 10027 100 1304062 2069644189 166650766 10122016
0b000901 0b00cd01 10015 100 1806117 2039621182 196801747 10164108
0b000501 0b00c201 10017 100 1381090 2056653729 180161297 10128474
0b000f01 0b00c201 10033 100 1621948 2053889363 182946988 10148664
0b000f01 0b00cf01 10014 100 1837422 2043062139 193850302 10166731
0b000601 0b00c301 10021 100 1419839 2040251915 196686032 10131719
0b000d01 0b00c401 10021 100 1465662 2066010976 171113929 10135562
0b000001 0b00c701 10038 100 998421 2076459891 160707007 10096389
0b000901 0b00c901 10005 100 2887376 2008513771 228732883 10254760
0b000901 0b00cc01 10008 100 1969601 2025312176 211936218 10177812
0b000501 0b00c501 10013 100 1658744 2042327853 195040892 10151750
0b000801 0b00cf01 10017 100 1433904 2065333907 172106963 10132898
0b000401 0b00c701 10019 100 1213414 2060253872 177308801 10114414
0b000201 0b00cb01 10016 100 1209623 2061471193 176290101 10114096
0b000101 0b00c601 10008 100 1917097 2019552333 218251752 10173412
0b000801 0b00c101 10035 100 1338606 2080252718 157568692 10124910
0b000601 0b00ce01 10018 100 1217986 2055697616 182141900 10114796
0b000601 0b00c001 10027 100 999489 2081249045 156597599 10096479
0b000101 0b00c301 10001 100 3158767 2005170162 232686467 10277511
0b000901 0b00c801 10027 100 1297256 2087271535 150607517 10121444
0b000401 0b00c001 10011 100 1407782 2047916444 189972415 10130709
0b000d01 0b00cf01 10012 100 1854954 2029720495 208226749 10168199
0b000301 0b00c601 10030 100 1155175 2081848759 156203734 10109533
0b000201 0b00c801 10017 100 1269928 2060169892 178105656 10119151
0b000c01 0b00cf01 10028 100 1078643 2070537444 167852490 10103114
0b000801 0b00c201 10026 100 1211991 2074705380 163807228 10114293
0b000701 0b00cd01 10030 100 1906610 2093327995 145226704 10172531
0b000201 0b00c401 10034 100 1069918 2086453230 152121163 10102382
0b000201 0b00c901 10033 100 999702 2095346077 143448173 10096496
0b000701 0b00c901 10000 100 8753772 2000193412 238607583 10746597
0b000f01 0b00c501 10023 100 1419711 2090536270 148533645 10131709
0b000101 0b00c001 10028 100 1209737 2098262803 140818077 10114105
0b000301 0b00c201 10021 100 1464021 2050742506 188372341 10135427
0b000601 0b00c601 10029 100 1072857 2070145307 169148532 10102628
0b000801 0b00c001 10023 100 1181982 2085810996 153504873 10111777
0b000c01 0b00c701 10010 100 1697126 2035922663 203412288 10154970
0b000501 0b00cd01 10017 100 1600784 2049700611 189673535 10146890
0b000901 0b00c401 10009 100 2058260 2022587715 217151773 10185247
0b000e01 0b00c401 10001 100 1773500 2005140351 234732208 10161372
0b000601 0b00c101 10003 100 1900799 2012063593 228030933 10172043
0b000101 0b00c001 10019 100 1534095 2055308908 184786958 10141302
0b000501 0b00c001 10020 100 1730936 2031660625 208506747 10157801
0b000c01 0b00cd01 10035 100 1038168 2090460022 149754530 10099723
0b000701 0b00c101 10009 100 1943121 2035056888 205204083 10175594
0b000501 0b00c001 10022 100 1686571 2039793481 200808207 10154083
0b000201 0b00cd01 10009 100 2082588 2012299925 228416451 10187285
0b000501 0b00c801 10009 100 1905338 2028386323 212547722 10172426
0b000801 0b00c201 10034 100 1204631 2096324317 144636841 10113677
0b000001 0b00ca01 10015 100 1224980 2050582989 190614106 10115382
0b000001 0b00ce01 10013 100 1305264 2032995908 208403169 10122116
0b000b01 0b00cf01 10006 100 2050816 2022999142 218400193 10184621
0b000f01 0b00c901 10029 100 1246079 2080361032 161150822 10117154
0b000a01 0b00cd01 10014 100 1614157 2052369568 189272492 10148014
0b000101 0b00cd01 10033 100 1063096 2086564638 155105471 10101813
0b000c01 0b00c201 10031 100 1177532 2089592071 152233785 10111406
0b000601 0b00c301 10024 100 1334110 2046668369 195264101 10124535
0b000b01 0b00c901 10028 100 1419782 2074969784 166990720 10131715
0b000901 0b00ce01 10007 100 2020279 2029312505 212732261 10182062
0b000701 0b00c901 10012 100 3381831 2038006510 204040543 10296213
0b000b01 0b00c301 10020 100 1402936 2081537893 160602920 10130302
0b000a01 0b00ce01 10019 100 1475334 2062269686 180161191 10136374
0b000101 0b00c701 10029 100 1377134 2089245211 153318347 10128142
0b000001 0b00c401 10018 100 1076499 2055967718 186602934 10102935
0b000101 0b00cb01 10033 100 1373538 2086546315 156037427 10127839
0b000801 0b00ce01 10011 100 1967314 2031668455 211182647 10177622
0b000801 0b00c101 10001 100 3509766 2004477075 238399065 10306939
0b000601 0b00c501 10011 100 1380676 2030150196 212793262 10128437
0b000b01 0b00c301 10023 100 1184509 2093794759 149155405 10111991
0b000e01 0b00ca01 10012 100 1784492 2012790156 230167541 10162293
0b000301 0b00cb01 10021 100 1918973 2029682168 213629771 10173566
0b000c01 0b00cb01 10003 100 2223095 2012138565 231177103 10199067
0b000b01 0b00c501 10021 100 1482443 2063553762 179773730 10136970
0b000901 0b00c101 10018 100 2044569 2067264549 176102898 10184098
0b000101 0b00c201 10014 100 1741292 2043036224 200428730 10158672
0b000e01 0b00cc01 10024 100 1146925 2062687970 181111594 10108838
0b000b01 0b00c201 10021 100 1518594 2066289594 177762090 10140000
0b000e01 0b00cf01 10027 100 911395 2093025557 151062088 10089093
0b000f01 0b00c401 10029 100 1281833 2094187074 150155750 10120149
0b000e01 0b00cb01 10008 100 1697547 2019521496 224842150 10155004
0b000501 0b00c101 10023 100 1274191 2070835080 173918972 10119511
0b000001 0b00cf01 10035 100 730073 2081979116 162937785 10073892
0b000701 0b00c101 10017 100 1436965 2060101581 184852900 10133155
0b000b01 0b00cf01 10014 100 2313310 2041347684 203665876 10206630
0b000f01 0b00cc01 10038 100 1165735 2095173418 149941141 10110416
0b000e01 0b00ce01 10002 100 2015729 2004800055 240486255 10181679
0b000b01 0b00cc01 10017 100 1981537 2035121746 210290588 10178813
0b000601 0b00ca01 10012 100 1498456 2034477662 210970547 10138312
0b000e01 0b00c001 10015 100 1434486 2033566090 212204101 10132949
0b000201 0b00cc01 10019 100 1611844 2049274882 196500476 10147817
0b000f01 0b00ca01 10040 100 1240648 2094638237 151349328 10116697
0b000701 0b00c201 10020 100 1933463 2057711530 188522341 10174783
0b000e01 0b00cf01 10024 100 1008900 2087451762 158795968 10097266
0b000601 0b00c601 10038 100 967978 2087395247 158882512 10093835
0b000801 0b00c501 10027 100 1386333 2069904178 176490154 10128912
0b000901 0b00c001 10034 100 1288612 2097369554 149046005 10120718
0b000701 0b00ca01 10001 100 3199313 2002902638 243519857 10280913
0b000201 0b00c801 10014 100 1339625 2052432882 194261405 10124995
0b000b01 0b00c001 10029 100 1318678 2075923681 170995284 10123239
0b000b01 0b00c601 10032 100 1540459 2069124138 177943903 10141834
0b000c01 0b00cc01 10010 100 2112971 2020186625 227069282 10189831
0b000301 0b00c901 10015 100 1635488 2051771028 195921893 10149801
0b000901 0b00cb01 10031 100 1879435 2087022790 160840484 10170254
0b000201 0b00c901 10003 100 2492341 2009285955 238804842 10221640
0b000901 0b00c901 10010 100 2432993 2015862233 232406112 10216662
0b000601 0b00ca01 10010 100 1570400 2031603962 216920743 10144344
0b000901 0b00c901 10004 100 3081688 2007481381 241153097 10271049
0b000501 0b00c601 10031 100 3784178 2094418797 154221687 10329948
0b000701 0b00ca01 10031 100 1148290 2089124608 159588171 10108955
0b000301 0b00c701 10027 100 1257023 2085213568 163586537 10118072
0b000701 0b00c101 10015 100 1663297 2054764097 194426282 10152133
0b000601 0b00c601 10020 100 1474886 2038255717 210975632 10136334
0b000e01 0b00c001 10016 100 1604944 2034927951 214395814 10147238
0b000101 0b00c401 10033 100 1707997 2094350909 155058137 10155878
0b000501 0b00cf01 10007 100 2038308 2022319801 227104765 10183574
0b000f01 0b00ce01 10027 100 1342401 2085182216 164368247 10125229
0b000701 0b00ce01 10000 100 3432191 2002099861 247588880 10300438
0b000c01 0b00c601 10006 100 1987099 2024536867 225165813 10179281
0b000901 0b00c501 10037 100 1534279 2092873285 156973442 10141316
0b000401 0b00c401 10030 100 1197501 2091052943 158847673 10113080
0b000101 0b00c901 10011 100 1783091 2031811714 218101192 10162177
0b000e01 0b00c601 10012 100 1628155 2033324257 216701563 10149187
0b000c01 0b00cc01 10008 100 2237828 2016291294 234420572 10200300
0b000401 0b00cb01 10007 100 1632397 2025189144 225646885 10149542
0b000e01 0b00cf01 10009 100 1422921 2029988336 221030350 10131978
0b000501 0b00c301 10012 100 1839669 2034592895 216464068 10166919
0b000301 0b00c801 10016 100 1886361 2039266200 211841138 10170834
0b000201 0b00ce01 10041 100 1107520 2093615311 157611841 10105536
0b000101 0b00cf01 10006 100 2481443 2014589651 236678443 10220726
0b000801 0b00c801 10017 100 1750319 2036111581 215191648 10159429
0b000f01 0b00c101 10017 100 1865625 2048561571 202782498 10169095
0b000f01 0b00c101 10021 100 1754380 2054115059 197263117 10159769
0b000e01 0b00c501 10037 100 1089062 2096215379 155185831 10103990
0b000301 0b00c501 10015 100 1692949 2050719475 200824359 10154617
0b000e01 0b00ca01 10040 100 973590 2084181021 167505366 10094307
0b000401 0b00c401 10011 100 1282712 2052900415 198954432 10120223
0b000801 0b00cf01 10012 100 1708662 2041519338 210560700 10155935
0b000b01 0b00c901 10036 100 2505259 2089173585 162941825 10222723
0b000801 0b00c801 10019 100 1941912 2040298441 211834112 10175490
0b000b01 0b00c801 10024 100 1578732 2071062318 181113284 10145041
0b000001 0b00c001 10028 100 1277649 2052943040 199253073 10119799
0b000601 0b00c901 10000 100 3146797 2001245481 251123708 10276508
0b000e01 0b00c901 10006 100 1748216 2021779643 230665614 10159253
0b000401 0b00c101 10013 100 1695342 2034816837 217634773 10154820
0b000501 0b00c801 10010 100 1921691 2031877791 220582841 10173795
0b000b01 0b00c301 10006 100 1979495 2036396429 216097426 10178642
0b000e01 0b00c201 10013 100 1581333 2025704452 226855818 10145261
0b000501 0b00c901 10018 100 1745430 2045844617 206767092 10159019
0b000d01 0b00cf01 10037 100 1327518 2081681184 171047543 10123980
0b000101 0b00ca01 10011 100 1938082 2022237941 230539952 10175172
0b000d01 0b00c201 10026 100 1487981 2068396281 184406288 10137432
0b000e01 0b00c201 10028 100 1395545 2058176580 194906493 10129684
0b000e01 0b00c001 10014 100 1492373 2033142996 220000178 10137802
0b000001 0b00c901 10021 100 1442053 2042760823 210662785 10133585
0b000c01 0b00c701 10009 100 1844168 2032550747 220892975 10167298
0b000101 0b00c701 10031 100 1681006 2090589490 162873660 10153619
0b000001 0b00c701 10026 100 1293989 2050809398 202695958 10121168
0b000f01 0b00ca01 10039 100 1387799 2090868507 162671276 10129033
0b000d01 0b00ca01 10034 100 1339612 2094736392 158890289 10124994
0b000401 0b00c101 10004 100 1987590 2013635639 240089023 10179321
0b000a01 0b00c501 10038 100 1277955 2093693551 160077512 10119823
0b000101 0b00ce01 10029 100 1612200 2091635087 162136498 10147849
0b000701 0b00cf01 10034 100 1259022 2096328873 157589360 10118240
0b000f01 0b00ce01 10032 100 1355963 2097452464 156641821 10126364
0b000501 0b00c601 10029 100 1221831 2088069516 166066132 10115118
0b000b01 0b00c901 10014 100 1938929 2043993674 210163461 10175240
0b000501 0b00cb01 10008 100 1929303 2023643123 230912175 10174435
0b000501 0b00c201 10016 100 1356305 2054462839 200130776 10126395
0b000e01 0b00c601 10036 100 879660 2096060823 158607484 10086432
0b000201 0b00cf01 10036 100 1212259 2088047288 166632792 10114318
0b000c01 0b00ca01 10017 100 1392588 2068270837 186469241 10129436
0b000f01 0b00c801 10018 100 1828483 2052860556 202337322 10165982
0b000101 0b00cf01 10039 100 1274584 2098364625 157045225 10119542
0b000401 0b00c201 10019 100 1493768 2052185699 203297561 10137918
0b000001 0b00c901 10019 100 1388912 2039390925 216494699 10129126
0b000f01 0b00cf01 10028 100 2009821 2073473343 182637777 10181184
0b000401 0b00c101 10012 100 1615959 2030664681 225640351 10148162
0b000c01 0b00ce01 10019 100 1436275 2050703615 205693999 10133100
0b000101 0b00cd01 10014 100 1857345 2040654088 215764224 10168402
0b000a01 0b00c401 10010 100 1970722 2037812689 218672838 10177906
0b000a01 0b00c601 10005 100 2393725 2013787285 243024361 10213370
0b000601 0b00c001 10013 100 1563086 2036921430 219958806 10143732
0b000d01 0b00c301 10029 100 1329520 2086021757 171707910 10124148
0b000e01 0b00ce01 10005 100 1969206 2013368525 244431515 10177781
0b000101 0b00c401 10030 100 1365433 2085393432 172582300 10127160
0b000201 0b00c701 10019 100 1669754 2052335629 205660283 10152673
0b000c01 0b00c201 10000 100 3300312 2003440415 254560602 10289380
0b000001 0b00c301 10031 100 854477 2089361536 168698418 10084321
0b000a01 0b00c301 10022 100 1516590 2070602314 187528882 10139832
0b000f01 0b00c201 10023 100 2780265 2039346322 218867820 10245780
0b000401 0b00c601 10006 100 1851096 2019627997 238808852 10167879
0b000a01 0b00cb01 10036 100 1311198 2097085349 161490209 10122613
0b000201 0b00ca01 10022 100 1310367 2082446286 176360722 10122543
0b000101 0b00c601 10004 100 2438998 2009900978 248994632 10217165
0b000c01 0b00c701 10033 100 907022 2097111575 161822788 10088728
0b000c01 0b00c401 10035 100 1385526 2072933359 186167085 10128844
0b000c01 0b00c201 10016 100 1606309 2045728892 213372614 10147355
0b000801 0b00cf01 10006 100 3914913 2016108287 243051265 10340906
0b000101 0b00cb01 10025 100 1508035 2070819863 188416949 10139117
0b000d01 0b00ca01 10021 100 2216398 2065260429 194074904 10198505
0b000401 0b00c801 10013 100 1660936 2051483853 208045162 10151933
0b000a01 0b00c101 10014 100 1373823 2065448587 194488199 10127862
0b000901 0b00c101 10002 100 2941104 2020444477 239578050 10259265
0b000301 0b00cd01 10014 100 1802663 2054007166 206163823 10163816
0b000801 0b00c301 10030 100 1412664 2083293529 177124232 10131119
0b000501 0b00ca01 10005 100 2404990 2018537381 242015673 10214314
0b000601 0b00c801 10015 100 1314535 2045907568 214684844 10122892
0b000501 0b00ce01 10026 100 1618708 2063014840 197597601 10148393
0b000101 0b00c901 10006 100 2587858 2022626905 238170027 10229646
0b000001 0b00c701 10045 100 918678 2097832975 163089581 10089703
0b000601 0b00cc01 10041 100 1000948 2088697813 172232463 10096599
0b000001 0b00c801 10042 100 1046775 2082366036 178683039 10100442
0b000201 0b00c801 10028 100 1313870 2096424226 164729248 10122835
0b000301 0b00cd01 10022 100 1418816 2062945404 198301604 10131634
0b000e01 0b00c601 10016 100 1527217 2043254689 218346116 10140724
0b000a01 0b00c401 10006 100 2263064 2023779466 237843131 10202418
0b000e01 0b00cf01 10014 100 1523029 2043475605 218200732 10140374
0b000201 0b00c201 10019 100 1793787 2051209521 210580570 10163071
0b000501 0b00cb01 10009 100 2226790 2024552005 237251973 10199374
0b000701 0b00cd01 10027 100 1449788 2076919719 185026647 10134231
0b000f01 0b00c401 10019 100 1964922 2059231523 202997870 10177419
0b000801 0b00cb01 10025 100 1520418 2068604367 193802822 10140154
0b000e01 0b00cd01 10019 100 1226854 2060475862 202154583 10115540
0b000c01 0b00c801 10010 100 2114799 2023501530 239163997 10189985
0b000901 0b00c401 10023 100 2970428 2078613101 184155608 10261722
0b000d01 0b00cf01 10006 100 2314367 2021440868 241459115 10206718
0b000e01 0b00c601 10013 100 1683266 2034535852 228453382 10153807
0b000b01 0b00c501 10018 100 1835133 2055893698 207476998 10166540
0b000d01 0b00c901 10027 100 1769305 2056742972 206684802 10161021
0b000b01 0b00c601 10034 100 1339512 2094362465 169209995 10124986
0b000701 0b00c301 10010 100 2184829 2033986189 229618292 10195856
0b000a01 0b00c001 10020 100 1818030 2055977067 207715908 10165107
0b000101 0b00c101 10021 100 1707937 2055286319 208462099 10155873
0b000801 0b00c401 10030 100 1427850 2084048640 179950892 10132391
0b000101 0b00c801 10030 100 1438874 2083618598 180500859 10133315
0b000f01 0b00c401 10028 100 1773476 2087086758 177037135 10161370
0b000001 0b00ce01 10021 100 1440434 2046740395 217941872 10133448
0b000f01 0b00c901 10031 100 1801635 2090683327 174029916 10163730
0b000101 0b00c101 10009 100 2177440 2018246190 246587327 10195238
0b000301 0b00c301 10017 100 1913439 2043801810 221090452 10173104
0b000101 0b00c401 10028 100 1939529 2079942298 184969957 10175291
0b000d01 0b00ca01 10011 100 1840077 2044706670 220211935 10166955
0b000301 0b00c301 10023 100 1775623 2057668006 207522288 10161549
0b000e01 0b00c101 10039 100 1168009 2094205201 171134470 10110609
0b000001 0b00c601 10022 100 1498545 2043256814 222164936 10138319
0b000401 0b00c501 10026 100 1304349 2076299564 189247826 10122039
0b000c01 0b00c901 10029 100 1382504 2080021670 185653109 10128591
0b000c01 0b00ce01 10025 100 1398851 2078527887 187234499 10129960
0b000701 0b00c601 10022 100 2415253 2049386275 216424664 10215177
0b000401 0b00c501 10033 100 1090410 2083347371 182541996 10104102
0b000701 0b00c801 10021 100 1688721 2066477633 199545261 10154263
0b000101 0b00c501 10014 100 1956237 2033981041 232057133 10176693
0b000f01 0b00ce01 10009 100 2519087 2027781942 238371249 10223883
0b000c01 0b00c701 10015 100 1631831 2048753775 217641270 10149493
0b000601 0b00c001 10008 100 1754641 2031140919 235298591 10159790
0b000701 0b00c301 10031 100 1593812 2070239808 196304990 10146305
0b000d01 0b00c001 10028 100 1263152 2080500009 186115524 10118585
0b000301 0b00c501 10025 100 1600254 2066393678 200285152 10146848
0b000701 0b00c101 10022 100 1611520 2069264655 197493730 10147791
0b000b01 0b00cf01 10017 100 1915806 2052987420 213778221 10173301
0b000801 0b00c601 10020 100 2770180 2067028043 199844673 10244935
0b000f01 0b00cf01 10001 100 2820541 2014380115 253488962 10249155
0b000001 0b00c301 10018 100 1299402 2061285693 206617236 10121624
0b000501 0b00cb01 10042 100 1968540 2095655657 172301108 10177724
0b000f01 0b00c001 10034 100 1916770 2088781186 179348597 10173382
0b000201 0b00cd01 10016 100 2087787 2027450538 240727680 10187720
0b000101 0b00c101 10025 100 1678304 2062854494 205368577 10153391
0b000501 0b00cb01 10028 100 1879527 2073223197 195272531 10170261
0b000201 0b00c101 10016 100 1824015 2036248881 232352382 10165609
0b000701 0b00c801 10032 100 4144110 2095622831 173016015 10360125
0b000e01 0b00c501 10008 100 1717302 2024235502 244450628 10156661
0b000001 0b00c101 10019 100 1033037 2076331049 192676506 10099293
0b000b01 0b00c401 10014 100 4390324 2030876705 238159510 10380767
0b000001 0b00c901 10044 100 1199055 2084422957 184677385 10113212
0b000a01 0b00cf01 10025 100 1721996 2063698431 205805441 10157052
0b000701 0b00ce01 10023 100 1862066 2056166178 213363829 10168799
0b000301 0b00c501 10023 100 1793500 2064994121 204640791 10163048
0b000e01 0b00c101 10019 100 1309880 2050156363 219613700 10122500
0b000601 0b00c901 10032 100 1210603 2083558459 186301211 10114178
0b000f01 0b00cf01 10017 100 1938496 2053337348 216548901 10175205
0b000e01 0b00cd01 10031 100 1068555 2089492384 180402939 10102269
0b000b01 0b00c401 10004 100 3009299 2010514574 259381999 10264982
0b000d01 0b00c201 10033 100 1537144 2078956896 191269094 10141557
0b000b01 0b00cd01 10008 100 2230935 2035027770 235320757 10199721
0b000301 0b00c701 10009 100 2430542 2033172012 237254295 10216458
0b000b01 0b00ce01 10018 100 1548090 2084190282 186412732 10142475
0b000901 0b00ca01 10025 100 1892595 2064846374 205797480 10171356
0b000e01 0b00c501 10026 100 1351609 2074351443 196339686 10126000
0b000201 0b00c101 10030 100 1289485 2092423756 178300253 10120792
0b000d01 0b00c401 10008 100 3577497 2032269460 238653048 10312619
0b000c01 0b00cd01 10013 100 2355111 2020348143 250594582 10210135
0b000501 0b00c901 10035 100 1400944 2097959014 172993961 10130135
0b000f01 0b00ca01 10011 100 3223724 2024620641 246873026 10282958
0b000501 0b00c701 10038 100 1390658 2093535516 178011956 10129274
0b000b01 0b00ce01 10001 100 3582688 2007762114 263929636 10313053
0b000d01 0b00cf01 10041 100 1427648 2092332838 179465124 10132375
0b000f01 0b00c801 10004 100 3556308 2004641508 267170399 10310843
0b000401 0b00cb01 10033 100 1161911 2082159807 189761054 10110094
0b000701 0b00cf01 10022 100 1901513 2069370812 202795090 10172104
0b000301 0b00cd01 10015 100 1837055 2055992278 216283922 10166702
0b000d01 0b00c101 10003 100 2382376 2024295957 248233266 10212420
0b000201 0b00cd01 10028 100 1349429 2068647426 204010946 10125818
0b000c01 0b00cc01 10036 100 1621504 2067666302 205083466 10148628
0b000901 0b00c501 10004 100 3375293 2009265601 263654267 10295667
0b000401 0b00ca01 10024 100 1544802 2068216622 205050436 10142196
0b000201 0b00c001 10015 100 1612547 2060357155 213060207 10147877
0b000101 0b00c601 10037 100 1664511 2097414501 176023349 10152234
0b000501 0b00cd01 10025 100 1809752 2074264791 199369869 10164410
0b000601 0b00cc01 10023 100 1622465 2047672546 226007519 10148709
0b000e01 0b00cb01 10007 100 1737178 2018671991 255403256 10158328
0b000401 0b00c001 10007 100 2243183 2037105520 236971397 10200751
0b000a01 0b00cc01 10032 100 1412062 2096858043 177448829 10131070
0b000f01 0b00c601 10017 100 2741500 2056059979 218414682 10242529
0b000501 0b00cf01 10026 100 1618816 2076509666 198310010 10148402
0b000701 0b00c401 10021 100 1866543 2060665231 214275903 10169172
0b000401 0b00c501 10027 100 1462212 2076986638 198049486 10135274
0b000001 0b00cf01 10018 100 1423560 2049565733 225545529 10132032
0b000b01 0b00cf01 10019 100 4607970 2060597937 214977490 10399012
0b000301 0b00c001 10020 100 1730321 2065909631 209783794 10157752
0b000e01 0b00ce01 10037 100 1221790 2097162473 178596262 10115115
0b000801 0b00c801 10018 100 2179940 2038033807 237776080 10195446
0b000e01 0b00c801 10041 100 997669 2094490078 181526608 10096325
0b000201 0b00cd01 10036 100 1408498 2088973250 187101351 10130770
0b000e01 0b00ca01 10041 100 1065133 2084559800 191555572 10101984
0b000b01 0b00c701 10022 100 1951425 2056173406 220008210 10176289
0b000a01 0b00cb01 10022 100 1815872 2062668593 213544761 10164923
0b000f01 0b00c701 10018 100 2425134 2053010629 223262598 10216006
0b000201 0b00ca01 10024 100 1240256 2096897154 179386762 10116665
0b000801 0b00ce01 10013 100 2240131 2035083712 241215329 10200495
0b000801 0b00c901 10010 100 3529465 2039141300 237416363 10308592
0b000201 0b00cf01 10029 100 1444507 2077450021 199288526 10133789
0b000001 0b00cf01 10002 100 2487503 2005786901 270955995 10221234
0b000301 0b00cc01 10031 100 1554280 2084082573 192673591 10142993
0b000201 0b00cd01 10034 100 1437006 2083027926 193733580 10133162
0b000201 0b00c101 10020 100 1759538 2050251568 226515848 10160201
0b000801 0b00c101 10031 100 1816121 2065721963 211077775 10164946
0b000a01 0b00c701 10024 100 1846638 2053042696 223902732 10167503
0b000001 0b00c001 10019 100 1742827 2034354226 242649409 10158799
0b000f01 0b00c701 10027 100 2631446 2095313917 181753671 10233302
0b000d01 0b00cf01 10030 100 1567603 2072707997 204438691 10144109
0b000b01 0b00c501 10009 100 2337716 2030940565 246707427 10208675
0b000e01 0b00c001 10026 100 1559889 2062050460 215688266 10143461
0b000601 0b00c301 10027 100 1678500 2053265797 224613477 10153407
0b000b01 0b00c501 10015 100 4260532 2045729913 232158497 10369884
0b000801 0b00ce01 10037 100 1344387 2086342886 191678049 10125395
0b000501 0b00cd01 10018 100 1899156 2050279492 228089494 10171908
0b000b01 0b00cd01 10016 100 4094674 2062335460 216181198 10355978
0b000e01 0b00cb01 10000 100 2501980 2003286502 275486597 10222446
0b000d01 0b00c701 10001 100 3236768 2006004270 272867549 10284051
0b000401 0b00c901 10006 100 2157259 2015255235 263694428 10193547
0b000a01 0b00c901 10017 100 3309605 2037376513 241740273 10290158
0b000c01 0b00c001 10023 100 1753123 2074398990 204948125 10159665
0b000601 0b00c801 10028 100 1148864 2094218495 185135219 10109001
0b000701 0b00c101 10028 100 1638756 2084953950 194448210 10150074
0b000d01 0b00ca01 10006 100 2161292 2033972907 245752118 10193885
0b000a01 0b00c701 10022 100 2929753 2052321037 227472690 10258311
0b000601 0b00ca01 10011 100 1862110 2033051427 246817135 10168802
0b000a01 0b00ca01 10011 100 3241102 2036264709 243687089 10284417
0b000d01 0b00ce01 10022 100 3217713 2069271583 210924340 10282454
0b000d01 0b00c701 10032 100 1382063 2096748347 183617785 10128555
0b000501 0b00c201 10009 100 2187825 2030133147 250489708 10196107
0b000b01 0b00cd01 10026 100 1539587 2096101475 184704687 10141760
0b000a01 0b00c301 10016 100 2941621 2054375697 226582783 10259306
0b000e01 0b00c101 10001 100 2438701 2004605111 276598075 10217141
0b000c01 0b00c501 10029 100 1854856 2057641849 223643064 10168191
0b000901 0b00c901 10012 100 2565188 2021561423 259761048 10227748
0b000801 0b00cc01 10022 100 1899636 2053794166 227667005 10171946
0b000701 0b00cf01 10031 100 1535000 2090411163 191147411 10141374
0b000201 0b00cd01 10027 100 1826668 2062155807 219421477 10165829
0b000c01 0b00ca01 10019 100 1810597 2071541625 210117198 10164482
0b000901 0b00c701 10042 100 1721272 2088962967 192817391 10156994
0b000601 0b00c801 10026 100 1307163 2091464933 190485784 10122275
0b000101 0b00ca01 10028 100 3495050 2094247476 187718942 10305708
0b000601 0b00c201 10000 100 8905163 2000461328 281552906 10759292
0b000901 0b00c701 10030 100 2017224 2063245886 218800301 10181807
0b000001 0b00cf01 10041 100 1194372 2091234265 190839651 10112818
0b000601 0b00cd01 10006 100 2112266 2018639558 263443170 10189775
0b000c01 0b00c301 10022 100 1788588 2065673821 216413334 10162636
0b000b01 0b00cc01 10027 100 3184459 2066314268 215922523 10279667
0b000d01 0b00cc01 10012 100 1963038 2047907366 234461099 10177264
0b000801 0b00cb01 10032 100 1783700 2080692082 201887983 10162226
0b000701 0b00c401 10020 100 2496156 2060652028 222020864 10221960
0b000f01 0b00ca01 10030 100 1773969 2081708674 201038778 10161409
0b000b01 0b00ca01 10030 100 1785317 2075772623 207030964 10162363
0b000601 0b00c901 10015 100 1558904 2051001472 231880364 10143378
0b000401 0b00c201 10026 100 1629646 2061666842 221343822 10149310
0b000201 0b00cc01 10018 100 1959208 2045185621 237863574 10176943
0b000b01 0b00c101 10017 100 3389042 2070850869 212528158 10296820
0b000a01 0b00c801 10016 100 3818115 2031309863 252131326 10332794
0b000401 0b00c201 10013 100 2065026 2034181699 249269144 10185815
0b000501 0b00c801 10006 100 2287034 2023289586 260451623 10204428
0b000001 0b00cd01 10021 100 1695731 2042073424 241711196 10154851
0b000301 0b00c701 10019 100 1863079 2061589077 222363776 10168884
0b000401 0b00c901 10013 100 2063028 2029061141 254965837 10185648
0b000701 0b00c901 10018 100 4049805 2057688281 226373273 10352216
0b000801 0b00cf01 10023 100 1519736 2083689616 200402808 10140095
0b000a01 0b00ca01 10012 100 2334296 2038008293 246216757 10208390
0b000901 0b00c901 10028 100 3566568 2061756710 222591674 10311702
0b000701 0b00c201 10025 100 1768979 2070538065 213842252 10160991
0b000801 0b00c801 10037 100 1547292 2094277079 190160982 10142407
0b000a01 0b00c701 10046 100 1635355 2090956300 193573458 10149790
0b000b01 0b00c601 10030 100 3267796 2065503565 219314078 10286652
0b000401 0b00cc01 10011 100 1591197 2058441304 226586594 10146089
0b000d01 0b00cb01 10023 100 5554797 2053270981 231869664 10478394
0b000f01 0b00cc01 10032 100 1717028 2081800449 203598599 10156639
0b000c01 0b00ca01 10021 100 1597829 2074681774 210882702 10146642
0b000d01 0b00ca01 10031 100 1615489 2085970801 199612222 10148124
0b000001 0b00c601 10049 100 1000018 2097403357 188226260 10096525
0b000d01 0b00c401 10028 100 1532012 2084081899 201562538 10141127
0b000201 0b00c501 10031 100 1609990 2094339988 191500116 10147661
0b000401 0b00ca01 10021 100 1783713 2063013164 222841514 10162227
0b000e01 0b00c501 10009 100 1716133 2025834747 260060476 10156563
0b000d01 0b00cc01 10023 100 1506459 2087605846 198307398 10138983
0b000e01 0b00c001 10022 100 1707988 2049953980 236079153 10155877
0b000e01 0b00cc01 10007 100 1971598 2019559791 266776643 10177980
0b000301 0b00cb01 10032 100 1897799 2059010205 227388372 10171792
0b000601 0b00cc01 10019 100 1852791 2042813444 243730168 10168018
0b000b01 0b00c501 10028 100 1740746 2086009884 200784420 10158625
0b000201 0b00cf01 10033 100 1239351 2081450896 205375452 10116589
0b000001 0b00c601 10032 100 1407371 2067094168 220021247 10130676
0b000301 0b00c701 10017 100 3624275 2057925609 229432841 10316542
0b000201 0b00ce01 10040 100 1441535 2090857858 196833939 10133540
0b000401 0b00c401 10013 100 1926823 2055238242 232745135 10174225
0b000501 0b00cf01 10009 100 2230827 2029926047 258105852 10199713
0b000a01 0b00c001 10014 100 4654861 2042134875 246014489 10402944
0b000401 0b00ce01 10025 100 2525367 2064228767 224101036 10224409
0b000401 0b00cc01 10018 100 1572552 2070434462 218202838 10144524
0b000201 0b00c601 10031 100 1969626 2054974603 233744285 10177814
0b000a01 0b00c101 10016 100 4043509 2068472170 220395581 10351689
0b000901 0b00c001 10008 100 4696377 2025441798 263826974 10406426
0b000301 0b00cb01 10045 100 1725149 2087575090 202068093 10157319
0b000c01 0b00cc01 10042 100 1655565 2082972971 206684464 10151484
0b000e01 0b00c501 10020 100 1665580 2059519077 230225532 10152323
0b000c01 0b00c801 10026 100 1972285 2066995808 222792427 10178039
0b000901 0b00c401 10029 100 1750415 2096157198 193978184 10159437
0b000701 0b00ca01 10020 100 2597984 2051341369 238818795 10230495
0b000001 0b00c101 10003 100 2107026 2019425131 270748885 10189336
0b000201 0b00c301 10021 100 1996029 2051709527 238649373 10180030
0b000101 0b00c801 10037 100 1625764 2098985131 191414360 10148984
0b000a01 0b00c301 10030 100 1636451 2098153270 192279303 10149882
0b000a01 0b00c701 10048 100 1609906 2092896432 197891376 10147654
0b000801 0b00c101 10043 100 1486363 2099602176 191420803 10137299
0b000001 0b00c801 10046 100 1050818 2087211845 203960191 10100781
0b000201 0b00c201 10021 100 1943537 2056356479 234848007 10175627
0b000501 0b00c401 10018 100 1732038 2076643076 214700835 10157897
0b000801 0b00c501 10030 100 1953179 2077481081 214026734 10176437
0b000301 0b00cd01 10008 100 4164903 2035100600 256436667 10361865
0b000a01 0b00c801 10025 100 2021231 2052670909 239195829 10182142
0b000c01 0b00cf01 10002 100 2853945 2009126951 282811386 10251954
0b000501 0b00cc01 10021 100 2284691 2039575632 252376362 10204229
0b000f01 0b00c801 10022 100 1977289 2069006499 223087540 10178458
0b000101 0b00c301 10035 100 1732331 2084368401 207770639 10157921
0b000301 0b00cd01 10023 100 1800512 2063583609 228589245 10163636
0b000801 0b00c001 10013 100 2354473 2037472236 255107327 10210081
0b000201 0b00c801 10029 100 1151188 2097950339 194629336 10109198
0b000301 0b00c101 10036 100 1804646 2085301405 207282529 10163982
0b000d01 0b00cc01 10015 100 1988050 2062475070 230378075 10179361
0b000401 0b00c001 10010 100 1924849 2046547118 246519727 10174059
0b000e01 0b00cd01 10018 100 1406061 2060072694 233008546 10130567
0b000a01 0b00c101 10018 100 5035901 2073901377 219568564 10434890
0b000001 0b00c001 10018 100 2005903 2033208872 260329873 10180855
0b000101 0b00ce01 10022 100 2693936 2059700002 234122205 10238539
0b000c01 0b00c101 10012 100 1453525 2069007469 225057744 10134545
0b000001 0b00c801 10036 100 1401309 2073747980 220434011 10130168
0b000301 0b00cc01 10022 100 4336895 2066637404 227677940 10376285
0b000b01 0b00cd01 10006 100 4717533 2026133091 268197763 10408199
0b000201 0b00ce01 10038 100 1666342 2088161863 206323707 10152388
0b000b01 0b00c701 10036 100 1895283 2088473211 206086571 10171583
0b000c01 0b00cd01 10034 100 1584373 2088614053 206310343 10145516
0b000701 0b00c501 10016 100 2881179 2064269168 231221101 10254241
0b000201 0b00cf01 10007 100 2629254 2016448127 279098074 10233119
0b000301 0b00cb01 10033 100 1947872 2061783441 233917837 10175990
0b000801 0b00c401 10025 100 1993114 2068349578 227391259 10179786
0b000501 0b00cf01 10031 100 3391495 2086475371 209535154 10297024
0b000b01 0b00c101 10023 100 1912968 2081693149 214512652 10173063
0b000e01 0b00cf01 10017 100 1797105 2053872852 242405658 10163352
0b000701 0b00cd01 10033 100 2679951 2097528830 198829530 10237367
0b000e01 0b00cc01 10003 100 2256001 2013516287 283184411 10201826
0b000301 0b00c201 10030 100 1847408 2075759101 220956970 10167568
0b000e01 0b00c701 10018 100 1434128 2058243118 238706720 10132920
0b000c01 0b00c301 10031 100 1689549 2096299376 200690891 10154333
0b000a01 0b00ca01 10031 100 2885642 2088432941 208560239 10254613
0b000d01 0b00c501 10018 100 1919085 2070279043 226886362 10173579
0b000801 0b00cd01 10025 100 1986789 2069333143 228401545 10179253
0b000f01 0b00c701 10015 100 5820003 2040265348 257698193 10500632
0b000701 0b00c301 10008 100 2544020 2030918650 267156121 10225974
0b000c01 0b00c101 10017 100 1833913 2079709047 218691544 10166435
0b000e01 0b00c301 10018 100 1871810 2048646411 249844597 10169613
0b000e01 0b00c701 10006 100 2364691 2014611143 284095992 10210936
0b000d01 0b00c101 10028 100 1572855 2096215309 202514219 10144548
0b000a01 0b00c701 10037 100 1657361 2071657355 227072303 10151635
0b000201 0b00c401 10030 100 1736275 2081129674 217783534 10158252
0b000001 0b00cd01 10045 100 1284911 2098345236 200596306 10120407
0b000e01 0b00ce01 10039 100 1161919 2099018430 199961872 10110095
0b000001 0b00c901 10045 100 1278937 2093624530 205594966 10119906
0b000201 0b00c901 10032 100 1534706 2092093773 207510392 10141350
0b000f01 0b00c901 10026 100 4195453 2068401769 231437867 10364428
0b000c01 0b00c301 10007 100 1939192 2035640708 264201152 10175264
0b000301 0b00cc01 10019 100 2100053 2062044793 238033532 10188752
0b000f01 0b00c101 10035 100 1782801 2097990160 202101437 10162150
0b000e01 0b00c001 10001 100 3066568 2001363979 298790699 10269782
0b000e01 0b00ca01 10029 100 1847342 2044683726 255766351 10167563
0b000001 0b00cd01 10003 100 2754938 2005290824 295172331 10243654
0b000601 0b00c101 10008 100 2178422 2023085773 277380260 10195321
0b000b01 0b00c501 10023 100 2101393 2066513194 233969690 10188863
0b000a01 0b00c801 10038 100 1818084 2085074387 215439854 10165111
0b000b01 0b00cc01 10014 100 6617182 2027478931 273429849 10567467
0b000901 0b00cd01 10020 100 3185214 2059384028 241747184 10279731
0b000501 0b00ca01 10030 100 1660589 2096438608 204716517 10151905
0b000801 0b00c201 10029 100 2950468 2085698419 215616634 10260049
0b000e01 0b00c801 10018 100 1903345 2040922511 260531324 10172258
0b000301 0b00c001 10025 100 1800644 2073668422 227945469 10163647
0b000d01 0b00c401 10019 100 2109462 2061527090 240098023 10189539
0b000601 0b00c601 10026 100 1659730 2049265048 252522204 10151832
0b000201 0b00cf01 10006 100 2440684 2015243184 286663415 10217308
0b000d01 0b00c901 10033 100 2020475 2075898539 226012326 10182078
0b000601 0b00c401 10040 100 1496131 2087840377 214243970 10138118
0b000d01 0b00c301 10000 100 3483501 2007232962 294915789 10304738
0b000a01 0b00c301 10010 100 9645032 2025946299 276229776 10821323
0b000901 0b00c801 10006 100 3909668 2016621580 285592386 10340467
0b000501 0b00cb01 10034 100 3551183 2078849135 223430577 10310414
0b000b01 0b00cc01 10005 100 3529108 2008099921 294229533 10308563
0b000001 0b00ce01 10022 100 1612550 2050317579 252028284 10147877
0b000001 0b00c501 10036 100 1470542 2071852074 230563858 10135972
0b000801 0b00c901 10014 100 2383047 2044898610 258057993 10212478
0b000801 0b00c901 10013 100 2424301 2044644883 258899021 10215936
0b000401 0b00c601 10039 100 1605939 2093749134 209798361 10147322
0b000f01 0b00c901 10000 100 5087152 2002963722 300731462 10439190
0b000601 0b00c401 10023 100 1928253 2049026964 255162294 10174347
0b000501 0b00cb01 10019 100 2151540 2043300061 260912037 10193066
0b000201 0b00c601 10043 100 1703172 2098113817 206449324 10155477
0b000a01 0b00c601 10022 100 2025022 2061901903 242742735 10182461
0b000101 0b00c101 10030 100 1936951 2075165312 229666123 10175074
0b000d01 0b00c201 10036 100 1928503 2086180972 218976016 10174367
0b000c01 0b00c301 10016 100 1999019 2055129765 250076708 10180281
0b000901 0b00c201 10027 100 3523138 2071796448 233415792 10308063
0b000b01 0b00cb01 10012 100 2470497 2042537132 262760389 10219808
0b000001 0b00c701 10004 100 2728742 2003894063 301553194 10241458
0b000b01 0b00c801 10032 100 1998839 2080260790 225189180 10180263
0b000901 0b00c901 10015 100 3496655 2023797533 282006210 10305840
0b000001 0b00ca01 10019 100 1642914 2062225457 243783122 10150422
0b000101 0b00cf01 10022 100 2122032 2052777068 253294024 10190594
0b000701 0b00c501 10024 100 2986370 2080357285 225919777 10263059
0b000b01 0b00c201 10009 100 2707923 2033479057 272817639 10239712
0b000401 0b00c801 10030 100 1430390 2084674558 221701253 10132606
0b000b01 0b00c301 10028 100 1837001 2096499252 209879915 10166698
0b000701 0b00ca01 10028 100 1878196 2081370333 225154169 10170151
0b000001 0b00c401 10010 100 1837265 2032036633 274730506 10166719
0b000101 0b00c301 10006 100 2866559 2010421507 296450914 10253014
0b000d01 0b00cb01 10018 100 2335494 2041294929 265586759 10208489
0b000001 0b00c501 10015 100 2037604 2033377938 273626316 10183514
0b000801 0b00ce01 10042 100 3399907 2097322420 209726320 10297728
0b000d01 0b00c601 10011 100 3660417 2035720951 271471918 10319571
0b000101 0b00c101 10034 100 1948652 2082095171 225170204 10176056
0b000e01 0b00ca01 10045 100 1410670 2098943682 208341219 10130951
0b000201 0b00ce01 10030 100 2060703 2063066690 244256168 10185450
0b000301 0b00cd01 10019 100 2253957 2056905736 250533797 10201651
0b000701 0b00c601 10033 100 1808307 2086166120 221340431 10164291
0b000f01 0b00ce01 10005 100 2945777 2019216472 288330323 10259654
0b000801 0b00cb01 10021 100 6122192 2060294926 248206678 10525967
0b000101 0b00c901 10021 100 2134977 2058137144 250538967 10191676
0b000001 0b00ce01 10034 100 1295432 2074595715 234244139 10121291
0b000801 0b00cb01 10017 100 4196544 2053670404 255258572 10364520
0b000101 0b00c601 10035 100 1841249 2093662691 215368951 10167053
0b000201 0b00c301 10012 100 2989360 2040304159 268855631 10263310
0b000401 0b00c501 10029 100 1776017 2078320911 230876999 10161585
0b000001 0b00ca01 10007 100 2202164 2025911937 283661224 10197312
0b000901 0b00c601 10030 100 1959580 2091831993 217979442 10176972
0b000501 0b00cc01 10007 100 2753485 2017864407 292617216 10243534
0b000c01 0b00cd01 10039 100 1334081 2099608857 210884734 10124532
0b000201 0b00c501 10015 100 4037119 2039593384 271017070 10351155
0b000f01 0b00ca01 10034 100 1907423 2087171729 223662018 10172600
0b000f01 0b00c501 10006 100 4507781 2027541193 283323812 10390613
0b000901 0b00cb01 10028 100 3742391 2074272735 236616966 10326444
0b000301 0b00c401 10011 100 2398515 2044384502 266547730 10213773
0b000b01 0b00ce01 10023 100 1974130 2091529364 219411045 10178194
0b000d01 0b00c401 10005 100 2657627 2027010730 283946145 10235496
0b000901 0b00c201 10021 100 4785035 2055486908 255580442 10413861
0b000c01 0b00c601 10016 100 1973738 2041222913 269966973 10178159
0b000e01 0b00cc01 10021 100 1790379 2059609764 251703059 10162787
0b000901 0b00c001 10014 100 5170722 2044081664 267417424 10446194
0b000a01 0b00cf01 10008 100 3323933 2017477072 294054598 10291358
0b000501 0b00c701 10019 100 2539344 2037439020 274419329 10225581
0b000301 0b00ce01 10020 100 2287257 2047518216 264659618 10204446
0b000c01 0b00cc01 10049 100 1913029 2097905782 214419415 10173072
0b000801 0b00cb01 10037 100 1850381 2094381337 217957371 10167818
0b000901 0b00c901 10020 100 2494603 2044442604 268036275 10221829
0b000f01 0b00ca01 10013 100 4642347 2029641690 283133149 10401896
0b000a01 0b00ca01 10025 100 1927874 2076273051 236964817 10174313
0b000601 0b00ce01 10032 100 1811435 2086440950 226906036 10164552
0b000901 0b00c101 10014 100 3505427 2058451938 254965447 10306577
0b000b01 0b00c101 10009 100 2658619 2043156997 270271087 10235580
0b000c01 0b00c501 10045 100 1874914 2097169741 216357055 10169873
0b000e01 0b00c401 10029 100 1563686 2091469587 222230466 10143780
0b000d01 0b00ca01 10009 100 2559245 2041543031 272328250 10227250
0b000001 0b00c901 10031 100 1615336 2058170180 255996268 10148112
0b000c01 0b00ce01 10032 100 1909792 2087187225 227140782 10172797
0b000701 0b00c601 10010 100 4019747 2025025734 289382268 10349696
0b000501 0b00cd01 10031 100 7829668 2077089635 237693832 10669120
0b000c01 0b00c501 10032 100 1966797 2064901759 249965233 10177577
0b000e01 0b00c201 10027 100 1971741 2057769656 257151747 10177991
0b000201 0b00cb01 10026 100 1630971 2084408498 230650955 10149420
0b000801 0b00c901 10021 100 8659914 2064374310 250778650 10738727
0b000c01 0b00cd01 10023 100 3327025 2054866754 260319154 10291621
0b000d01 0b00c901 10006 100 4225187 2020135012 295135060 10366922
0b000a01 0b00cc01 10008 100 5465770 2014560642 301144113 10470931
0b000401 0b00c801 10024 100 1834162 2078852772 237186769 10166459
0b000e01 0b00cc01 10009 100 2284596 2024116767 291945772 10204222
0b000101 0b00c301 10022 100 2120087 2063153186 253311967 10190431
0b000b01 0b00c401 10009 100 3048386 2019316244 297435427 10268259
0b000701 0b00ce01 10026 100 4149693 2077949744 238831658 10360591
0b000001 0b00c101 10012 100 1913927 2050048503 266745959 10173143
0b000101 0b00c401 10034 100 2401339 2096593426 220254768 10214010
0b000601 0b00c901 10009 100 2108244 2033778035 283159970 10189438
0b000101 0b00c301 10018 100 2287594 2047151099 269968123 10204473
0b000d01 0b00cd01 10008 100 4777875 2019390499 298426968 10413257
0b000001 0b00c701 10025 100 1937611 2042813109 275561321 10175130
0b000001 0b00cb01 10002 100 2950468 2005488322 313195468 10260049
0b000e01 0b00cb01 10030 100 1789809 2096137290 222891670 10162738
0b000701 0b00c501 10006 100 2671982 2033101117 285931693 10236699
0b000701 0b00c001 10003 100 3309980 2010388787 308693757 10290188
0b000001 0b00c601 10037 100 1605700 2077486958 242136517 10147303
0b000101 0b00ce01 10021 100 2279402 2050243283 269387375 10203787
0b000201 0b00ca01 10004 100 2863624 2016948222 303404755 10252767
0b000c01 0b00cd01 10017 100 4258922 2040277869 280356789 10369748
0b000201 0b00c001 10016 100 2112791 2060478225 260468311 10189817
0b000401 0b00cc01 10022 100 1863379 2080283912 240673734 10168908
0b000a01 0b00ce01 10008 100 3884122 2025277228 296108466 10338328
0b000401 0b00cd01 10013 100 2425984 2032207692 289187436 10216074
0b000a01 0b00c001 10017 100 2325431 2052024972 269733392 10207646
0b000401 0b00c701 10034 100 1718551 2099329777 222826393 10156765
0b000e01 0b00c701 10007 100 2613228 2017433206 304969716 10231776
0b000101 0b00cd01 10003 100 3071771 2011533265 310956868 10270218
0b000f01 0b00cc01 10000 100 11582733 2002092103 320540929 10983777
0b000901 0b00c501 10036 100 4061825 2090378438 232302133 10353224
0b000a01 0b00c501 10032 100 1988639 2077534748 245185616 10179408
0b000b01 0b00c301 10007 100 7938102 2040319901 282690614 10678213
0b000e01 0b00cf01 10023 100 1819669 2086672198 236462500 10165242
0b000401 0b00c401 10014 100 2083905 2058308127 265155614 10187394
0b000a01 0b00c601 10003 100 7323720 2009753143 313860634 10626701
0b000f01 0b00c801 10030 100 3849308 2091029836 232933789 10335408
0b000c01 0b00cc01 10009 100 2952707 2018791656 305238185 10260236
0b000d01 0b00c001 10006 100 7577744 2006600097 317612104 10647999
0b000101 0b00c701 10022 100 3989874 2070914697 253863198 10347191
0b000501 0b00c001 10023 100 2458045 2041038069 283867494 10218766
0b000801 0b00cf01 10022 100 1955660 2082290272 242637370 10176643
0b000f01 0b00ce01 10029 100 3651203 2089490575 235534608 10318799
0b000d01 0b00cb01 10006 100 8449338 2014093699 311629640 10721075
0b000c01 0b00c901 10025 100 1944218 2075849546 249939098 10175686
0b000f01 0b00c601 10019 100 4081836 2064002553 262042995 10354901
0b000001 0b00c701 10037 100 1757775 2074511885 251696046 10160052
0b000b01 0b00cf01 10033 100 8000453 2098918271 227301820 10683440
0b000d01 0b00cf01 10001 100 4544240 2001994240 324377485 10393672
0b000e01 0b00c501 10013 100 2400103 2035466689 290915420 10213908
0b000601 0b00cf01 10001 100 3185266 2004312205 322126495 10279735
0b000701 0b00c601 10013 100 2769347 2033378230 293207995 10244864
0b000601 0b00c201 10024 100 1957082 2071274537 255340648 10176765
0b000401 0b00c101 10031 100 1942236 2075226456 251578716 10175520
0b000001 0b00c501 10033 100 1475648 2070943359 256363745 10136399
0b000601 0b00c501 10038 100 1651874 2087387370 240734019 10151173
0b000701 0b00c301 10015 100 19947789 2036917367 291355316 11685103
0b000301 0b00ca01 10032 100 1973656 2083385580 245052635 10178152
0b000801 0b00c701 10043 100 1910641 2096772359 231794172 10172869
0b000101 0b00cc01 10016 100 2655847 2028337014 300523388 10235346
0b000301 0b00c201 10011 100 6164645 2019656287 309667400 10529525
0b000e01 0b00c001 10027 100 2144789 2066078447 263316676 10192499
0b000801 0b00cd01 10011 100 3135564 2019945996 309493801 10275567
0b000701 0b00cb01 10011 100 7800171 2020715474 308754129 10666649
0b000e01 0b00c401 10028 100 1905076 2091161349 238394221 10172405
0b000f01 0b00cc01 10039 100 4433874 2096057288 233562133 10384416
0b000001 0b00cd01 10012 100 2460913 2022175090 307502159 10219003
0b000601 0b00c201 10025 100 1920050 2074401094 255401052 10173660
0b000801 0b00ce01 10001 100 4046797 2003299966 326926802 10351964
0b000e01 0b00c301 10002 100 3087686 2002911413 327380380 10271552
0b000201 0b00c401 10014 100 5339107 2037025134 293314578 10460314
0b000201 0b00c701 10034 100 2089260 2094062361 236439211 10187846
0b000101 0b00c601 10033 100 3157830 2085079990 245701331 10277433
0b000e01 0b00c001 10031 100 1948860 2081256874 249527485 10176072
0b000e01 0b00c501 10019 100 2109767 2051371989 279441428 10189563
0b000501 0b00ca01 10012 100 3603613 2033146171 297860423 10314808
0b000401 0b00c201 10033 100 1745290 2075257581 256290510 10159007
0b000101 0b00c001 10005 100 3099841 2012209026 319576832 10272571
0b000701 0b00c001 10009 100 8399331 2021994197 310055874 10716882
0b000f01 0b00c101 10012 100 3207056 2026290402 305926557 10281563
0b000701 0b00c401 10004 100 2941633 2021547351 311173112 10259307
0b000401 0b00c201 10009 100 2575806 2020732596 312088532 10228636
0b000b01 0b00c301 10014 100 2725541 2054348543 278626178 10241191
0b000b01 0b00c301 10029 100 9462335 2098304725 234906081 10806004
0b000101 0b00cb01 10028 100 4357003 2076302956 256921204 10377974
0b000d01 0b00c601 10013 100 2639668 2047808561 285677481 10233991
0b000501 0b00c001 10016 100 2848742 2019214239 314448763 10251519
0b000601 0b00c601 10004 100 3016115 2006039991 327628055 10265554
0b000501 0b00cc01 10003 100 3459305 2016161045 317650969 10302710
0b000101 0b00c101 10014 100 4916171 2036747215 297098682 10424854
0b000601 0b00cf01 10026 100 1643793 2071104168 262820411 10150496
0b000301 0b00cd01 10007 100 4825110 2034498559 299771413 10417220
0b000201 0b00cd01 10023 100 2750758 2036641447 297681633 10243304
0b000701 0b00c301 10027 100 2364134 2067964030 266543276 10210892
0b000901 0b00c201 10012 100 2928516 2028779087 305773728 10258208
0b000a01 0b00c701 10038 100 2337803 2077838196 256868086 10208682
0b000d01 0b00c301 10020 100 14883772 2057130874 278158657 11260536
0b000d01 0b00c001 10010 100 3113466 2021698707 313841019 10273715
0b000c01 0b00c501 10033 100 1823449 2065791728 269756556 10165560
0b000e01 0b00c101 10029 100 1936096 2065901305 269777880 10175005
0b000f01 0b00cd01 10004 100 5442389 2011194659 324638102 10468972
0b000901 0b00ce01 10010 100 2699998 2045675537 290208923 10239047
0b000f01 0b00cf01 10036 100 8357897 2097564023 238613405 10713406
0b000d01 0b00ce01 10032 100 1935774 2097761756 238524200 10174976
0b000901 0b00cf01 10006 100 6707522 2014702805 321640783 10575040
0b000f01 0b00cf01 10024 100 4099665 2064691642 271795902 10356397
0b000601 0b00c801 10014 100 1910032 2045804914 290762177 10172820
0b000501 0b00c601 10021 100 2395945 2066710507 270100358 10213556
0b000201 0b00cd01 10021 100 2727147 2034651932 302417710 10241327
0b000f01 0b00c701 10004 100 5931219 2009023067 328243512 10509956
0b000e01 0b00c301 10038 100 1534354 2088418730 248866839 10141322
0b000e01 0b00ca01 10011 100 2406114 2011247774 326267896 10214412
0b000401 0b00cb01 10027 100 2117075 2075583543 261969017 10190179
0b000001 0b00cc01 10009 100 2523888 2020236795 317382086 10224283
0b000c01 0b00cf01 10025 100 2338062 2066199371 271539975 10208706
0b000601 0b00c301 10037 100 1951627 2081825389 256098938 10176305
0b000501 0b00c801 10000 100 3848674 2006667165 331297785 10335354
0b000d01 0b00c401 10011 100 8438185 2036835780 301189354 10720140
0b000001 0b00c801 10035 100 1730252 2071718022 266693554 10157747
0b000701 0b00ca01 10015 100 4479072 2041855791 296608351 10388208
0b000801 0b00c301 10027 100 2288923 2074798919 263715285 10204583
0b000001 0b00c101 10029 100 1591013 2097434883 241239858 10146074
0b000a01 0b00ca01 10030 100 2138200 2088375729 250405791 10191949
0b000301 0b00c801 10017 100 5292644 2039930431 299174167 10456416
0b000f01 0b00c601 10006 100 3248444 2026919084 312551728 10285031
0b000f01 0b00c201 10051 100 8219510 2092703532 247342342 10701805
0b000a01 0b00ce01 10017 100 2323665 2061011506 279205195 10207497
0b000e01 0b00c101 10035 100 1659984 2078329270 261911513 10151853
0b000501 0b00cc01 10023 100 2384747 2046502068 293782266 10212618
0b000e01 0b00c401 10031 100 1991691 2097597465 242989950 10179664
0b000f01 0b00c801 10013 100 4613554 2029639438 311060693 10399482
0b000e01 0b00c201 10001 100 3099740 2004422442 336315316 10272563
0b000401 0b00ca01 10012 100 7354141 2034426448 306629901 10629254
0b000f01 0b00cc01 10034 100 8044282 2086584805 255093550 10687115
0b000501 0b00c801 10020 100 4320024 2081476110 260276991 10374874
0b000601 0b00ca01 10026 100 1806242 2085025099 256905462 10164118
0b000901 0b00c801 10014 100 2750857 2047653024 294627377 10243312
0b000001 0b00c501 10045 100 1825531 2083369497 259006339 10165734
0b000101 0b00c101 10028 100 5425843 2070382080 272266779 10467583
0b000b01 0b00cc01 10021 100 2859299 2041471051 301668463 10252406
0b000101 0b00c201 10036 100 3654290 2097604656 245818153 10319058
0b000601 0b00c901 10006 100 2647670 2025522089 318171474 10234661
0b000901 0b00cb01 10026 100 4418086 2069453869 274263498 10383095
0b000901 0b00c201 10033 100 2320874 2090434134 254067095 10207262
0b000401 0b00c401 10027 100 2180815 2086643151 258005745 10195520
0b000e01 0b00c901 10025 100 2016339 2072105360 272598332 10181732
0b000201 0b00c901 10009 100 2990262 2023904223 320900973 10263386
0b000301 0b00cd01 10033 100 6381847 2098444714 246385496 10547734
0b000501 0b00cf01 10020 100 4818528 2056424526 288988226 10416667
0b000d01 0b00cd01 10014 100 2993064 2038314256 307533560 10263622
0b000401 0b00ca01 10001 100 3822101 2001148021 344788397 10333128
0b000501 0b00cb01 10031 100 2138741 2075922759 270337750 10191993
0b000401 0b00c301 10034 100 2331224 2071123908 275282791 10208132
0b000801 0b00cc01 10018 100 2717250 2045262166 301147991 10240497
0b000201 0b00c301 10030 100 2350712 2076987615 269471723 10209764
0b000301 0b00c901 10017 100 8271803 2052903671 293600626 10706188
0b000201 0b00cd01 10012 100 3323070 2014583968 332223038 10291289
0b000e01 0b00cd01 10010 100 2779932 2028927697 317881586 10245749
0b000e01 0b00cb01 10026 100 2158593 2085210818 261843954 10193658
0b000101 0b00cd01 10013 100 2681436 2039652369 308259367 10237493
0b000901 0b00ce01 10004 100 3182113 2021095288 327184161 10279471
0b000001 0b00c501 10049 100 1676624 2096944671 251623832 10153249
0b000a01 0b00c801 10018 100 9719697 2035285084 313572999 10827580
0b000801 0b00c101 10025 100 2598764 2052319542 296616608 10230561
0b000201 0b00c601 10042 100 2155228 2097354533 251793162 10193377
0b000001 0b00cd01 10023 100 2364801 2046129730 303033737 10210945
0b000c01 0b00cd01 10012 100 3268400 2019179634 329985091 10286704
0b000101 0b00c201 10033 100 5014353 2091968261 257480116 10433085
0b000201 0b00cd01 10026 100 2490171 2048404983 301082904 10221459
0b000e01 0b00cc01 10036 100 1859314 2095456722 254189095 10168567
0b000f01 0b00c101 10034 100 8575722 2093241531 256528050 10731669
0b000a01 0b00c701 10034 100 2378461 2065863325 284125633 10212092
0b000001 0b00cc01 10031 100 1959297 2085575525 265297901 10176950
0b000b01 0b00c601 10023 100 2922859 2053856917 297443992 10257733
0b000501 0b00ca01 10008 100 3396771 2022374667 329131154 10297466
0b000201 0b00ce01 10016 100 3051012 2027229447 324333166 10268480
0b000701 0b00cc01 10016 100 7008240 2051867177 299769536 10600253
0b000a01 0b00c501 10036 100 14314834 2091690644 260191773 11212836
0b000f01 0b00c101 10027 100 2578768 2076700338 275243278 10228884
0b000201 0b00cb01 10014 100 7874020 2053003171 299416885 10672841
0b000401 0b00c101 10038 100 2324519 2087727432 264702080 10207569
0b000801 0b00ca01 10005 100 5775785 2013046156 339545406 10496922
0b000701 0b00c001 10022 100 3398200 2054652465 298367199 10297588
0b000c01 0b00ca01 10018 100 2505442 2070516615 282555773 10222738
0b000f01 0b00c001 10009 100 5682694 2025225539 327882971 10489118
0b000e01 0b00c501 10039 100 1632941 2099427119 253871712 10149586
0b000901 0b00cb01 10019 100 2765674 2054086332 299311214 10244555
0b000701 0b00c001 10000 100 4054767 2003876242 349612736 10352632
0b000601 0b00ce01 10014 100 2528476 2042583553 311001464 10224669
0b000701 0b00c001 10013 100 4527117 2030045458 323601663 10392236
0b000a01 0b00c401 10017 100 2677399 2051677522 302127388 10237155
0b000101 0b00cc01 10003 100 4608241 2003925482 350046726 10399037
0b000701 0b00c001 10006 100 3475605 2013458147 340599455 10304076
0b000201 0b00c601 10023 100 2924477 2043850491 310650011 10257870
0b000001 0b00c401 10003 100 3006334 2012031782 342710373 10264733
0b000c01 0b00c501 10035 100 2348212 2069163663 285795087 10209557
0b000901 0b00cf01 10029 100 2537925 2080324661 274828405 10225459
0b000e01 0b00ca01 10000 100 3548711 2002519265 352877632 10310205
0b000b01 0b00c201 10024 100 2806450 2073488917 282541354 10247974
0b000b01 0b00c501 10001 100 28842478 2004539965 351578725 12430835
0b000401 0b00cc01 10008 100 2736243 2033324686 322901833 10242089
0b000f01 0b00c301 10019 100 2802547 2056751530 299655341 10247647
0b000301 0b00c901 10023 100 9922742 2063377695 293030687 10844603
0b000201 0b00c901 10002 100 3794073 2008529559 347921636 10330778
0b000501 0b00c801 10016 100 3007600 2054071378 302429977 10264838
0b000d01 0b00c401 10013 100 2989041 2043852360 312660266 10263284
0b000801 0b00cc01 10037 100 6897803 2094087762 262711826 10590992
0b000101 0b00cf01 10021 100 2678587 2043331117 313567570 10237254
0b000101 0b00cb01 10006 100 7395611 2013437553 343508515 10632729
0b000f01 0b00c501 10008 100 9562413 2033918218 323043535 10814394
0b000001 0b00c601 10024 100 2418411 2048344440 309278814 10215441
0b000f01 0b00ce01 10017 100 7273841 2048766903 308884317 10622519
0b000401 0b00c701 10032 100 2306594 2099005326 258730127 10206066
0b000401 0b00c201 10037 100 2325924 2082911745 275200595 10207685
0b000c01 0b00ce01 10020 100 28220752 2054048873 304218179 12378708
0b000701 0b00c901 10016 100 7605538 2056173627 302135017 10650330
0b000001 0b00cd01 10010 100 2587933 2017417850 341384600 10229652
0b000501 0b00cc01 10020 100 6503171 2035061992 324017895 10557909
0b000801 0b00c001 10004 100 3545392 2011880000 347217501 10309928
0b000301 0b00c801 10040 100 2251183 2088516182 270756665 10201422
0b000401 0b00c901 10011 100 2981798 2021615821 337681339 10262674
0b000d01 0b00ce01 10000 100 4345731 2003990330 355723246 10377027
0b000101 0b00cc01 10026 100 9019081 2043775852 315994331 10768843
0b000601 0b00c201 10037 100 1999976 2096779033 263091524 10180358
0b000e01 0b00c201 10003 100 3292039 2005152535 355024263 10288688
0b000401 0b00c901 10018 100 2769502 2045724451 315227577 10244876
0b000701 0b00c001 10002 100 7109340 2008804041 352164997 10608729
0b000a01 0b00c201 10031 100 2360573 2081925968 279461622 10210592
0b000801 0b00c901 10029 100 9747108 2094102930 267694789 10829880
0b000101 0b00c901 10028 100 5212662 2091567606 270457379 10449710
0b000201 0b00c601 10032 100 2823462 2057440403 304788713 10249401
0b000f01 0b00cf01 10007 100 8267435 2033696877 328716705 10705823
0b000f01 0b00c801 10014 100 24456045 2032688692 329766655 12063078
0b000701 0b00c001 10031 100 2219256 2088623505 273995802 10198745
0b000001 0b00c801 10043 100 1947167 2083088846 279626953 10175933
0b000f01 0b00cb01 10039 100 2456018 2094594724 268129069 10218596
0b000d01 0b00cf01 10036 100 2677451 2080986744 281831008 10237159
0b000c01 0b00cd01 10021 100 2772789 2047361496 315590995 10245151
0b000801 0b00c001 10012 100 3099012 2036679293 326354019 10272504
0b000501 0b00cf01 10032 100 2294290 2090677261 272570194 10205036
0b000301 0b00ce01 10027 100 2532664 2072144569 291346285 10225019
0b000501 0b00c701 10024 100 2586267 2054803364 308742341 10229515
0b000f01 0b00cc01 10023 100 9329962 2056107114 307714514 10794904
0b000601 0b00c701 10014 100 2767448 2037450334 326459378 10244704
0b000601 0b00cc01 10015 100 2732657 2036810770 327453018 10241787
0b000801 0b00c601 10018 100 2626500 2063738954 300875727 10232887
0b000001 0b00c401 10028 100 2168822 2084165018 280528435 10194514
0b000901 0b00c001 10022 100 7513788 2063737739 300995857 10642636
0b000101 0b00cc01 10009 100 3381729 2015695835 350029889 10296205
0b000b01 0b00c001 10006 100 4318077 2007436898 358520756 10374711
0b000801 0b00c201 10019 100 2876446 2055465955 310502849 10253843
0b000e01 0b00c201 10041 100 1873885 2096110082 269909409 10169786
0b000601 0b00c401 10041 100 1870445 2088446063 277847815 10169500
0b000601 0b00ce01 10025 100 1959688 2075563118 290981551 10176981
0b000801 0b00c101 10002 100 4134764 2005235831 361680248 10359339
0b000d01 0b00cc01 10022 100 7511301 2084366097 282720757 10642430
0b000001 0b00c601 10044 100 2027509 2089641373 277725245 10182668
0b000a01 0b00cd01 10011 100 3149027 2038139098 330140014 10276698
0b000601 0b00c201 10003 100 3488423 2006505406 362184511 10305151
0b000801 0b00c301 10003 100 3938482 2007822280 361512948 10342884
0b000201 0b00c501 10032 100 2570442 2094470176 275062462 10228188
0b000f01 0b00c201 10049 100 2550739 2087321804 282315963 10226534
0b000a01 0b00cc01 10010 100 3261868 2032023151 337614841 10286155
0b000c01 0b00ca01 10009 100 3156423 2040459702 329187985 10277316
0b000f01 0b00cc01 10019 100 3099764 2047048715 322775434 10272565
0b000801 0b00c801 10021 100 12087384 2047575340 322873455 11026088
0b000f01 0b00cd01 10028 100 27650863 2082752605 287996080 12330928
0b000001 0b00c801 10016 100 2590818 2036172297 334609603 10229894
0b000501 0b00ce01 10011 100 3091756 2031598280 339505859 10271893
0b000001 0b00ce01 10033 100 1813782 2073772014 297556853 10164748
0b000101 0b00ca01 10005 100 3375194 2017507319 354484474 10295659
0b000101 0b00c201 10026 100 8504392 2065519398 306602315 10725690
0b000e01 0b00c901 10003 100 3215705 2021501076 350817529 10282285
0b000e01 0b00c601 10024 100 2765817 2062765355 309635965 10244566
0b000e01 0b00c301 10042 100 2090764 2096769974 275805701 10187970
0b000301 0b00c701 10006 100 3309217 2026041112 346555275 10290127
0b000901 0b00c301 10023 100 8776331 2053113574 319520247 10748490
0b000e01 0b00c101 10040 100 2227081 2097596235 275288461 10199402
0b000901 0b00c601 10017 100 9959478 2055856050 317522892 10847684
0b000201 0b00c101 10009 100 3369599 2023766607 349631555 10295188
0b000001 0b00c401 10026 100 2255732 2076055396 297361677 10201801
0b000a01 0b00c601 10018 100 2745099 2056532438 317305180 10242832
0b000401 0b00c001 10019 100 2213733 2084855955 289092782 10198280
0b000501 0b00c401 10023 100 14459971 2081392011 292688785 11225004
0b000e01 0b00ca01 10042 100 2430195 2089470337 284708972 10216430
0b000e01 0b00ca01 10034 100 2651091 2061210356 313170984 10234950
0b000b01 0b00c301 10012 100 3185996 2050940848 323618067 10279793
0b000101 0b00c701 10006 100 8937977 2041937824 332842146 10762040
0b000c01 0b00c501 10018 100 3130771 2043458837 333341462 10275164
0b000301 0b00c301 10039 100 2637228 2098962976 277847865 10233788
0b000701 0b00c101 10026 100 5458813 2082050461 294906439 10470347
0b000301 0b00c801 10023 100 16624733 2050975804 326399718 11406498
0b000401 0b00c901 10000 100 3940012 2006064577 371468631 10343014
0b000c01 0b00c501 10044 100 2549573 2096115155 281830256 10226437
0b000f01 0b00cf01 10022 100 25441836 2061774377 316333609 12145724
0b000301 0b00c401 10026 100 12068194 2072791452 305551460 11024480
0b000c01 0b00c001 10015 100 2957572 2062886638 316655908 10260644
0b000201 0b00c401 10013 100 3297960 2035484734 344097900 10289181
0b000601 0b00c001 10006 100 3164191 2021030505 358580861 10277968
0b000d01 0b00ca01 10014 100 3131349 2053789416 326013560 10275214
0b000e01 0b00ce01 10012 100 3188104 2024331219 355516565 10279974
0b000901 0b00c101 10001 100 4344248 2008518588 371484093 10376904
0b000201 0b00ce01 10032 100 2812607 2070228600 309873921 10248490
0b000901 0b00c601 10020 100 8552238 2065632570 314696715 10729702
0b000501 0b00cf01 10002 100 3904851 2011551884 368782642 10340063
0b000e01 0b00c301 10015 100 3052744 2027906795 352586198 10268623
0b000501 0b00c201 10007 100 3539992 2026200312 354426661 10309472
0b000601 0b00cb01 10014 100 2223574 2059992827 320684612 10199106
0b000001 0b00c501 10012 100 2734264 2030441993 350840008 10241923
0b000901 0b00c901 10002 100 9176451 2006737526 374785663 10782035
0b000501 0b00cc01 10016 100 3280004 2026208147 355379573 10287679
0b000401 0b00cf01 10022 100 2669926 2076216490 305372772 10236526
0b000401 0b00c101 10002 100 3802463 2008233434 374020042 10331480
0b000701 0b00c301 10032 100 7774394 2071985923 310361584 10664487
0b000001 0b00c501 10019 100 2316429 2039307041 343103955 10206891
0b000001 0b00cc01 10013 100 2581855 2030004386 352501865 10229143
0b000101 0b00c201 10011 100 3081571 2030518054 352785698 10271040
0b000101 0b00c501 10033 100 8100570 2084435705 298915089 10691833
0b000101 0b00cc01 10012 100 3465852 2018792692 364824731 10303257
0b000701 0b00c501 10026 100 6845615 2082454504 301234026 10586617
0b000501 0b00cc01 10032 100 8474125 2065553570 318254075 10723154
0b000001 0b00c301 10005 100 3092820 2023181134 360663249 10271982
0b000a01 0b00c101 10008 100 3380074 2034484728 349621828 10296068
0b000301 0b00c001 10009 100 3262401 2048545577 335582476 10286202
0b000701 0b00cd01 10019 100 5962842 2051426912 332713350 10512605
0b000901 0b00cd01 10004 100 4040770 2011016758 373274589 10351459
0b000f01 0b00c701 10026 100 8378024 2092762829 291591722 10715097
0b000a01 0b00c701 10027 100 2890951 2054902643 329667032 10255057
0b000d01 0b00cd01 10005 100 4272224 2008470042 376274743 10370866
0b000f01 0b00cf01 10034 100 19430291 2090618083 294149779 11641718
0b000101 0b00cf01 10009 100 3545579 2017617979 367984109 10309942
0b000501 0b00c001 10011 100 4037033 2010450064 375609971 10351148
0b000f01 0b00c101 10030 100 9152882 2081489742 304581349 10780058
0b000101 0b00c601 10022 100 2852643 2062276326 323800642 10251846
0b000701 0b00c601 10002 100 4179227 2007354616 378883573 10363069
0b000301 0b00c701 10015 100 3075954 2055767788 330737043 10270568
0b000701 0b00c201 10022 100 8754532 2067330956 319282741 10746661
0b000e01 0b00c601 10011 100 3274974 2027680016 358962977 10287253
0b000f01 0b00c201 10008 100 3904197 2021162417 366053801 10340010
0b000d01 0b00c501 10017 100 2948570 2058044907 329577876 10259889
0b000701 0b00c601 10037 100 2682656 2094867962 292828876 10237595
0b000701 0b00c401 10027 100 2709523 2072602553 315374061 10239848
0b000d01 0b00cf01 10017 100 3469044 2033884276 354144067 10303528
0b000c01 0b00cc01 10026 100 3253836 2051576974 336497609 10285482
0b000e01 0b00c801 10026 100 2953290 2065569403 322961870 10260286
0b000201 0b00cb01 10028 100 2709944 2091856724 296871207 10239881
0b000701 0b00c301 10023 100 7886221 2056082395 332683147 10673863
0b000301 0b00c901 10000 100 3976852 2004976118 383979388 10346099
0b000c01 0b00c701 10023 100 2300448 2076845271 312395691 10205551
0b000001 0b00c501 10037 100 2663541 2073517337 315917903 10235993
0b000101 0b00c801 10008 100 3434794 2021981625 367597638 10300653
0b000601 0b00ce01 10004 100 3455816 2014412343 375360240 10302416
0b000b01 0b00cc01 10029 100 3149599 2070632296 319459082 10276743
0b000501 0b00c701 10017 100 3430075 2037191781 352949723 10300261
0b000201 0b00c501 10007 100 3636478 2021356668 368818749 10317564
0b000a01 0b00c001 10012 100 3461232 2037160395 353154016 10302872
0b000701 0b00ce01 10017 100 11044390 2049072032 341642213 10938644
0b000b01 0b00ce01 10022 100 2919634 2090316250 300772634 10257463
0b000f01 0b00c001 10032 100 12696652 2086427452 304871351 11077168
0b000901 0b00c101 10013 100 3279876 2053653712 337675283 10287665
0b000a01 0b00c701 10032 100 2886672 2063395851 327985927 10254699
0b000901 0b00c001 10033 100 2822630 2097235210 294380166 10249330
0b000201 0b00cc01 10021 100 3290133 2051298684 340350127 10288528
0b000301 0b00c001 10026 100 3013075 2077222896 314435817 10265299
0b000b01 0b00c001 10022 100 3319673 2059676576 332234695 10291002
0b000901 0b00c201 10023 100 3102157 2066960965 325536743 10272768
0b000c01 0b00c701 10030 100 2277442 2091736050 300892598 10203622
0b000401 0b00c501 10038 100 2640014 2095716012 296922867 10234022
0b000601 0b00c001 10017 100 2835814 2044473152 348988569 10250435
0b000301 0b00c601 10007 100 18224695 2029084586 364403099 11540639
0b000501 0b00c701 10008 100 3654347 2019014907 374616571 10319062
0b000e01 0b00c201 10011 100 3243630 2020579918 373087410 10284627
0b000701 0b00ca01 10004 100 4241835 2008640252 385397107 10368316
0b000d01 0b00cc01 10010 100 3446348 2043289954 351204400 10301624
0b000901 0b00c801 10016 100 18580140 2057346966 337502050 11570442
0b000901 0b00c801 10021 100 9915759 2067819142 327064530 10844018
0b000f01 0b00c201 10046 100 2918297 2083224398 311856100 10257352
0b000001 0b00cf01 10015 100 3137270 2035142235 360349772 10275711
0b000c01 0b00c701 10011 100 3435262 2037761312 357746527 10300695
0b000901 0b00c001 10027 100 22213588 2085987901 309743816 11875068
0b000201 0b00cd01 10008 100 3328153 2011081814 384736652 10291715
0b000301 0b00cb01 10038 100 2788481 2072225116 323746232 10246468
0b000301 0b00c201 10006 100 4002489 2006476285 389909119 10348250
0b000d01 0b00c201 10030 100 3353488 2073687404 323113037 10293838
0b000901 0b00cc01 10020 100 19979283 2059765022 337057709 11687745
0b000401 0b00cd01 10007 100 4039206 2006857618 390023953 10351330
0b000001 0b00c501 10021 100 3265099 2041257043 355873302 10286429
0b000501 0b00c201 10000 100 4918962 2001623651 395621657 10425085
0b000201 0b00cb01 10005 100 3678508 2017538143 379768003 10321088
0b000701 0b00cb01 10036 100 2792113 2086028149 311649075 10246774
0b000801 0b00c601 10016 100 3416599 2055468099 342365250 10299129
0b000001 0b00c701 10042 100 2557525 2087910126 310012539 10227104
0b000c01 0b00c301 10033 100 2789330 2099796302 298345029 10246540
0b000301 0b00c601 10008 100 3474152 2031807499 366418483 10303956
0b000f01 0b00ca01 10021 100 3496806 2047182926 351200482 10305852
0b000101 0b00cf01 10001 100 9354298 2003374426 395081144 10796947
0b000b01 0b00ca01 10000 100 5471624 2001241407 397261373 10471422
0b000101 0b00c201 10032 100 14050542 2090652340 308359213 11190679
0b000501 0b00cb01 10036 100 2865989 2080851072 318197955 10252964
0b000901 0b00c501 10003 100 4905494 2008939727 390926481 10423958
0b000301 0b00c501 10007 100 28175808 2010410290 389523144 12374940
0b000101 0b00c101 10007 100 3664945 2015629456 384526305 10319949
0b000601 0b00c501 10002 100 3929104 2006129943 394119055 10342099
0b000301 0b00ca01 10040 100 28200628 2096877791 303583234 12377022
0b000001 0b00cf01 10013 100 3008844 2032084773 368394723 10264942
0b000801 0b00c801 10005 100 4214263 2004709504 395976909 10366006
0b000701 0b00c501 10011 100 3135166 2057887308 343134579 10275535
0b000901 0b00c901 10007 100 17064185 2013534427 387568042 11443344
0b000e01 0b00c601 10006 100 3616268 2015904644 385399353 10315870
0b000101 0b00c601 10028 100 11036253 2075799255 325878939 10937962
0b000501 0b00c201 10008 100 5905830 2027313345 374457913 10507825
0b000601 0b00c401 10006 100 3760642 2009509339 392381878 10327973
0b000d01 0b00cb01 10030 100 3061272 2081833071 320217738 10269339
0b000d01 0b00c201 10002 100 4061163 2013560879 388586911 10353171
0b000101 0b00c101 10037 100 2873461 2088303575 313998543 10253593
0b000601 0b00cc01 10024 100 2407761 2050887230 351415424 10214547
0b000e01 0b00cc01 10017 100 2909064 2047636735 354792102 10256579
0b000d01 0b00cd01 10031 100 2987904 2085900646 316806683 10263186
0b000201 0b00cd01 10029 100 3092366 2071443762 331455586 10271946
0b000401 0b00c201 10018 100 3316169 2048928366 354166319 10290710
0b000101 0b00c501 10006 100 9662651 2009904488 393226303 10822798
0b000701 0b00ce01 10013 100 3427538 2043309795 360262788 10300046
0b000a01 0b00cf01 10029 100 2645633 2067779922 336251800 10234491
0b000801 0b00c701 10023 100 3309451 2047230608 356846604 10290146
0b000b01 0b00c701 10039 100 3322209 2095690697 308864321 10291217
0b000a01 0b00c001 10024 100 3212230 2064453614 340113672 10281996
0b000a01 0b00cf01 10039 100 3014724 2080652285 324340929 10265435
0b000c01 0b00cc01 10013 100 3782589 2026651465 378797863 10329813
0b000501 0b00ca01 10007 100 3766565 2019113737 386920849 10328470
0b000401 0b00cf01 10030 100 2784377 2097460553 308740248 10246124
0b000601 0b00c401 10014 100 3348976 2031155436 375171090 10293458
0b000001 0b00c701 10014 100 3407558 2023411530 382976109 10298371
0b000a01 0b00c701 10005 100 20537702 2012097294 394363127 11734562
0b000501 0b00ce01 10036 100 3947874 2085460941 321172099 10343670
0b000f01 0b00ce01 10002 100 4790880 2009130762 397533887 10414347
0b000701 0b00c801 10004 100 4016456 2015240046 391491787 10349421
0b000901 0b00cc01 10023 100 18759921 2082438273 324349036 11585512
0b000201 0b00ca01 10025 100 2411203 2099108865 307749297 10214838
0b000501 0b00c501 10002 100 4649560 2007012693 399994820 10402500
0b000301 0b00cd01 10006 100 4136673 2030702532 376513635 10359499
0b000201 0b00cc01 10000 100 6294141 2001766292 405569942 10540384
0b000101 0b00c801 10001 100 29779079 2002864553 404480247 12509361
0b000801 0b00c701 10027 100 3216251 2056060583 351319318 10282333
0b000101 0b00c501 10032 100 3588784 2081635100 325837316 10313564
0b000101 0b00c101 10006 100 19342709 2014014117 393466070 11634373
0b000101 0b00c801 10024 100 3328668 2063606253 344007753 10291756
0b000501 0b00c401 10009 100 3462387 2059273332 348569456 10302968
0b000d01 0b00c801 10027 100 3266227 2078198816 329646767 10286523
0b000201 0b00ce01 10023 100 3965240 2039119456 369035866 10345128
0b000a01 0b00cc01 10003 100 4077477 2011035156 397235392 10354537
0b000e01 0b00c601 10026 100 3226526 2067936015 340465971 10283193
0b000801 0b00c601 10012 100 3478733 2043652946 364808912 10304338
0b000701 0b00c901 10024 100 2890530 2087995735 320520227 10255023
0b000901 0b00c401 10021 100 27743666 2065612980 343006227 12338710
0b000e01 0b00ca01 10030 100 3846158 2048437472 360228197 10335145
0b000301 0b00c501 10011 100 3782996 2022414745 386515308 10329846
0b000f01 0b00c501 10002 100 4497431 2022614561 386581873 10389746
0b000201 0b00c801 10008 100 3368066 2030814939 378493445 10295062
0b000501 0b00cf01 10014 100 3596607 2047450992 361892152 10314221
0b000701 0b00c701 10011 100 3691105 2029581122 380191925 10322145
0b000f01 0b00cb01 10009 100 24810584 2015479099 394733239 12092800
0b000501 0b00c701 10030 100 3189117 2068240861 342323926 10280058
0b000001 0b00c901 10014 100 3851474 2030185658 380631540 10335589
0b000801 0b00c101 10042 100 3392846 2099003660 311906060 10297136
0b000e01 0b00c601 10004 100 3961084 2005532929 405902251 10344780
0b000301 0b00cc01 10003 100 4094018 2014097006 397480677 10355926
0b000401 0b00c601 10037 100 3328397 2083964762 328085089 10291735
0b000901 0b00c901 10018 100 10652692 2034549866 377951159 10905802
0b000f01 0b00c101 10002 100 5041686 2007970240 404659912 10435376
0b000b01 0b00c601 10022 100 4277468 2053803700 359427684 10371304
0b000101 0b00cb01 10019 100 3252989 2054621201 359153392 10285410
0b000d01 0b00cd01 10009 100 4143841 2019461245 394372766 10360100
0b000201 0b00c201 10023 100 3814348 2060938269 352925663 10332477
0b000201 0b00c701 10025 100 4284555 2066609550 348347837 10371898
0b000a01 0b00c001 10026 100 3695989 2067629108 348025906 10322551
0b000b01 0b00c701 10028 100 3752606 2076367781 339406607 10327300
0b000001 0b00cc01 10021 100 3399083 2048883599 366970361 10297662
0b000101 0b00c601 10016 100 3765431 2041015960 375014837 10328375
0b000701 0b00c301 10022 100 25900811 2049917616 366270681 12184204
0b000801 0b00c701 10013 100 4039871 2026691365 389558760 10351383
0b000a01 0b00c901 10012 100 4952783 2028212703 388047027 10427922
0b000001 0b00c501 10016 100 3033787 2037131335 379238043 10267033
0b000501 0b00c001 10029 100 3741483 2061604484 355086902 10326367
0b000301 0b00ce01 10012 100 3827355 2029093529 387886539 10333567
0b000b01 0b00ca01 10032 100 3292888 2080579280 336632166 10288756
0b000701 0b00c201 10028 100 3729924 2080616334 336734866 10325397
0b000e01 0b00c901 10018 100 2970391 2052765416 364772695 10261719
0b000f01 0b00c801 10027 100 3909948 2079084313 338666922 10340490
0b000d01 0b00c901 10013 100 3939092 2028620898 389368483 10342936
0b000301 0b00c501 10024 100 3607561 2065039306 353027872 10315139
0b000a01 0b00c901 10019 100 3706849 2046028365 372344908 10323462
0b000d01 0b00c501 10007 100 3880105 2024449510 394067773 10337991
0b000801 0b00c301 10035 100 3024516 2096455826 322522263 10266257
0b000601 0b00c501 10007 100 3368875 2021425322 397635687 10295126
0b000b01 0b00c801 10016 100 3806131 2049014645 370557553 10331789
0b000101 0b00ca01 10010 100 3860570 2021641831 398331256 10336351
0b000101 0b00ca01 10021 100 3828414 2063868981 356345036 10333656
0b000e01 0b00c901 10026 100 3111049 2076387317 343927660 10273514
0b000501 0b00c401 10005 100 3401266 2031783064 388533537 10297844
0b000c01 0b00c701 10008 100 3866218 2030251406 390407220 10336826
0b000201 0b00ca01 10018 100 3330853 2073258784 347687579 10291939
0b000601 0b00cd01 10040 100 3252138 2098844149 322611486 10285342
0b000401 0b00c801 10021 100 3708726 2070699427 350966210 10323620
0b000901 0b00cf01 10027 100 3521329 2076746298 345030849 10307910
0b000201 0b00c801 10021 100 3349376 2072810792 348994494 10293494
0b000a01 0b00cf01 10004 100 4600388 2009155481 412846718 10398378
0b000e01 0b00ca01 10001 100 4263786 2002990839 419045065 10370156
0b000401 0b00cd01 10002 100 4895736 2002250484 419922041 10423139
0b000701 0b00c001 10008 100 4347728 2015357809 407192118 10377194
0b000001 0b00c901 10038 100 2956721 2069201523 353452042 10260572
0b000201 0b00ce01 10034 100 3346164 2075801064 346898326 10293225
0b000b01 0b00ca01 10010 100 4650296 2020305603 402798325 10402563
0b000c01 0b00c301 10011 100 3969964 2044770440 378498921 10345521
0b000101 0b00ca01 10014 100 23945127 2028430803 395062561 12020242
0b000401 0b00c901 10029 100 3136272 2085925328 337701450 10275627
0b000401 0b00c301 10027 100 3448880 2047044423 376662034 10301834
0b000b01 0b00c001 10014 100 4281240 2036672999 387123657 10371622
0b000b01 0b00cf01 10032 100 3925041 2096236273 327932832 10341759
0b000b01 0b00cb01 10005 100 4242916 2022306686 401912393 10368406
0b000a01 0b00c301 10012 100 4100985 2027894610 396355333 10356506
0b000b01 0b00cb01 10028 100 3578414 2081363431 343029025 10312696
0b000601 0b00cd01 10036 100 3328832 2078960343 345494872 10291769
0b000e01 0b00cf01 10004 100 3967652 2013245336 411281304 10345329
0b000401 0b00cd01 10022 100 3692718 2073896010 350837734 10322278
0b000901 0b00cd01 10033 100 3482930 2081944943 342807595 10304689
0b000601 0b00c501 10001 100 4360025 2004622424 420438656 10378228
0b000f01 0b00c301 10017 100 3864344 2055372842 369742631 10336669
0b000801 0b00c501 10035 100 21516826 2090320050 334907758 11816651
0b000c01 0b00cf01 10006 100 4998751 2011997211 413395900 10431776
0b000501 0b00cf01 10028 100 3441631 2081967661 343534209 10301227
0b000701 0b00c501 10029 100 2898774 2087765506 337931704 10255714
0b000401 0b00cd01 10016 100 3591567 2052741230 373274670 10313798
0b000901 0b00c001 10012 100 4048543 2037177878 388864267 10352111
0b000b01 0b00c801 10019 100 3532574 2060353580 365826187 10308852
0b000901 0b00c301 10008 100 12886133 2016414879 409880315 11093056
0b000901 0b00c501 10039 100 3453461 2095023460 331510669 10302220
0b000a01 0b00cc01 10021 100 4240411 2060212602 366724445 10368198
0b000101 0b00cb01 10036 100 20365105 2095894554 331357858 11720093
0b000501 0b00c201 10021 100 2965658 2091349076 336033768 10261322
0b000801 0b00c701 10038 100 3210207 2077482027 349959541 10281826
0b000a01 0b00cd01 10012 100 3662225 2045210158 382642333 10319723
0b000101 0b00ca01 10022 100 3863435 2066736845 361542200 10336592
0b000801 0b00c201 10011 100 23357760 2034200232 394145634 11970995
0b000201 0b00c901 10000 100 4659259 2006298904 422094015 10403315
0b000c01 0b00c401 10028 100 3223393 2058599749 369867905 10282931
0b000601 0b00c401 10009 100 3624338 2015149699 413561805 10316547
0b000201 0b00c201 10013 100 3440501 2038023603 390694477 10301133
0b000c01 0b00cc01 10011 100 4240682 2023430128 405937795 10368220
0b000c01 0b00c901 10037 100 3667589 2094303303 335286884 10320172
0b000801 0b00c901 10031 100 3393695 2099189501 330427795 10297208
0b000f01 0b00cc01 10007 100 4648515 2014230461 415409748 10402413
0b000701 0b00c601 10025 100 4973959 2057279927 372396374 10429696
0b000501 0b00c101 10028 100 2969214 2088552888 341536049 10261621
0b000e01 0b00c201 10017 100 4389685 2036243026 394191093 10380712
0b000d01 0b00c101 10007 100 3869672 2037445120 393064940 10337114
0b000701 0b00cf01 10005 100 4819934 2016224318 414369541 10416783
0b000501 0b00c101 10008 100 7891410 2015162929 415547648 10674298
0b000901 0b00c401 10013 100 4779831 2034896294 395961397 10413421
0b000d01 0b00c801 10021 100 3304937 2063740222 367386228 10289766
0b000301 0b00cc01 10024 100 3554834 2069354060 361787527 10310717
0b000c01 0b00c801 10000 100 7123086 2001491160 429982576 10609883
0b000c01 0b00c901 10022 100 4122081 2066704727 364903224 10358278
0b000201 0b00c001 10008 100 3513503 2035228952 396659862 10307254
0b000601 0b00c801 10010 100 3646653 2036418362 395529682 10318416
0b000001 0b00cb01 10025 100 2549847 2090864911 341085708 10226459
0b000901 0b00cd01 10014 100 3840480 2034700300 397340748 10334667
0b000c01 0b00cc01 10041 100 3275306 2078713341 353428487 10287284
0b000701 0b00cd01 10013 100 4740532 2031797608 400378417 10410128
0b000301 0b00cd01 10024 100 3767379 2067837057 364481643 10328539
0b000601 0b00c301 10030 100 3521583 2067259254 365149374 10307931
0b000a01 0b00c801 10012 100 5233260 2020070651 412696601 10451439
0b000f01 0b00cb01 10028 100 4703791 2064788833 368020215 10407046
0b000601 0b00cf01 10023 100 3394612 2061328973 371498874 10297285
0b000e01 0b00cd01 10032 100 3292367 2090858054 342344137 10288714
0b000c01 0b00c401 10010 100 4425000 2019110167 414125961 10383672
0b000e01 0b00c801 10012 100 3982229 2025513545 408122384 10346553
0b000e01 0b00c401 10000 100 4435312 2003591678 430209924 10384539
0b000201 0b00ca01 10023 100 3853488 2090290051 343546357 10335758
0b000f01 0b00c001 10021 100 4024467 2064123249 369878612 10350093
0b000301 0b00c101 10029 100 3686082 2066586345 367867450 10321724
0b000301 0b00cf01 10001 100 4643637 2009779679 424980392 10402003
0b000101 0b00cc01 10021 100 3809605 2035277890 399779889 10332078
0b000b01 0b00c101 10016 100 4251417 2070630307 364497267 10369121
0b000501 0b00c701 10012 100 3879461 2030303550 404881314 10337936
0b000a01 0b00c701 10014 100 3919657 2040893191 394976615 10341305
0b000801 0b00cf01 10025 100 3514981 2088392767 347538961 10307376
0b000401 0b00c601 10025 100 3005376 2059939568 376437615 10264653
0b000601 0b00c501 10008 100 3003462 2025307286 411076433 10264492
0b000c01 0b00c801 10023 100 3951323 2061277393 375133752 10343961
0b000d01 0b00c201 10028 100 3302112 2070957941 365645313 10289532
0b000c01 0b00c501 10014 100 3730263 2030125911 406943111 10325428
0b000001 0b00c201 10023 100 2739199 2084277342 353052702 10242337
0b000501 0b00c301 10003 100 4880364 2012086919 425245382 10421852
0b000d01 0b00ce01 10005 100 4917838 2009412772 427985288 10424992
0b000501 0b00c601 10017 100 4290808 2055071953 382405970 10372422
0b000a01 0b00c001 10025 100 3284974 2065599146 371973547 10288092
0b000801 0b00ce01 10029 100 3394981 2064381506 373344568 10297315
0b000001 0b00c901 10033 100 2499891 2060605068 377204925 10222271
0b000c01 0b00cc01 10012 100 4417238 2024363345 413464418 10383024
0b000701 0b00c101 10020 100 3310492 2065316197 372696779 10290233
0b000201 0b00c501 10005 100 4649560 2015966655 422114038 10402500
0b000801 0b00cc01 10004 100 5272121 2007196403 431133923 10454698
0b000c01 0b00cc01 10027 100 3381141 2052003108 386393134 10296158
0b000001 0b00c501 10006 100 3999614 2016351192 422083491 10348009
0b000101 0b00cd01 10016 100 4235711 2041220845 397273219 10367803
0b000701 0b00c201 10038 100 3622723 2092533797 346006159 10316410
0b000301 0b00cb01 10022 100 4273793 2036070860 402473173 10370995
0b000d01 0b00c101 10014 100 4044432 2056754231 382047914 10351767
0b000f01 0b00c201 10027 100 4483653 2045272417 393636723 10388590
0b000401 0b00cb01 10037 100 3424908 2086025382 352928736 10299824
0b000a01 0b00cf01 10023 100 4212114 2055694121 383288735 10365827
0b000d01 0b00cf01 10046 100 3021371 2096861037 342327347 10265994
0b000b01 0b00c201 10020 100 4466064 2065587419 373677680 10387118
0b000c01 0b00c401 10039 100 3050426 2087795342 351499461 10268429
0b000301 0b00c801 10003 100 4610668 2004926471 434511084 10399239
0b000c01 0b00cb01 10018 100 4289882 2038956207 400570691 10372344
0b000e01 0b00c301 10023 100 2638102 2064019597 376070950 10233861
0b000901 0b00cd01 10035 100 5546601 2085084519 355023774 10477708
0b000e01 0b00cd01 10008 100 3572677 2022105622 418039224 10312214
0b000201 0b00c201 10002 100 4967583 2010478368 430271888 10429163
0b000501 0b00c101 10011 100 3748764 2037036830 403910168 10326977
0b000001 0b00c401 10007 100 3940506 2021352562 419797549 10343053
0b000901 0b00cc01 10004 100 4805932 2017049300 424220438 10415609
0b000101 0b00cf01 10012 100 4621840 2021579780 419738345 10400175
0b000b01 0b00cc01 10025 100 4580731 2063038247 378328812 10396729
0b000801 0b00c501 10024 100 3883882 2059635850 381823776 10338305
0b000d01 0b00c201 10016 100 4304158 2050522146 390972472 10373543
0b000d01 0b00c901 10024 100 4190267 2052587294 389191978 10363994
0b000a01 0b00ca01 10009 100 4006856 2030644494 411272612 10348615
0b000701 0b00c201 10011 100 3888089 2033306307 409263720 10338660
0b000d01 0b00c901 10009 100 4691676 2024046128 418766704 10406031
0b000601 0b00c901 10003 100 4084292 2024506038 418705858 10355109
0b000f01 0b00c101 10033 100 5110295 2092163144 351113839 10441129
0b000d01 0b00c301 10033 100 3829210 2096967306 346512745 10333724
0b000701 0b00c801 10025 100 3265760 2080737066 362791538 10286482
0b000701 0b00cd01 10021 100 3956958 2058828559 384852812 10344431
0b000301 0b00c801 10029 100 3982445 2062933398 381047446 10346570
0b000501 0b00c801 10019 100 3310678 2079907454 364261189 10290248
0b000f01 0b00c901 10017 100 4812542 2040682336 403638521 10416165
0b000c01 0b00cb01 10023 100 4192327 2051983132 392667380 10364167
0b000201 0b00c601 10008 100 4283265 2012581536 432318185 10371791
0b000501 0b00ce01 10024 100 3699848 2057379790 387974021 10322875
0b000401 0b00cc01 10015 100 3825244 2064380604 381400107 10333391
0b000d01 0b00cc01 10026 100 4193282 2091700659 354478674 10364247
0b000e01 0b00c101 10009 100 4316738 2024548578 421976724 10374596
0b000701 0b00c401 10035 100 3822562 2082627743 364765413 10333165
0b000901 0b00c001 10017 100 5752860 2047887502 399721520 10495000
0b000c01 0b00cc01 10001 100 4319011 2004723482 442891200 10374789
0b000e01 0b00cc01 10031 100 3081890 2086558581 361351657 10271066
0b000201 0b00c801 10009 100 4004447 2037405043 411082349 10348414
0b000601 0b00c001 10026 100 3216531 2080335131 368456158 10282355
0b000a01 0b00c401 10012 100 4555791 2041308844 407537916 10394638
0b000901 0b00c801 10005 100 4889717 2012912948 436216852 10422634
0b000101 0b00cf01 10034 100 3284257 2089267587 360795755 10288034
0b000d01 0b00cd01 10022 100 3737241 2055862976 394528221 10326013
0b000a01 0b00ca01 10015 100 3877306 2047907094 402522370 10337756
0b000f01 0b00c101 10007 100 4796255 2019670919 430768869 10414800
0b000301 0b00ca01 10003 100 4687225 2005789903 444683928 10405659
0b000901 0b00ce01 10002 100 4565791 2018340100 432255074 10395476
0b000e01 0b00cc01 10008 100 4090844 2021667685 430250746 10355656
0b000901 0b00c201 10014 100 4549216 2035779193 416435826 10394089
0b000b01 0b00c801 10029 100 3793824 2074844451 377996035 10330754
0b000301 0b00c801 10025 100 3838871 2053904354 399907670 10334531
0b000701 0b00c601 10038 100 3364550 2095675958 358241788 10294765
0b000d01 0b00c101 10004 100 4308431 2030553332 423594225 10373901
0b000e01 0b00cb01 10017 100 4174379 2048315263 406609553 10362662
0b000f01 0b00cd01 10015 100 4386803 2052736433 402593063 10380470
0b000f01 0b00c601 10023 100 3784211 2072574649 382916151 10329951
0b000a01 0b00c101 10005 100 4602284 2020127419 435586338 10398538
0b000701 0b00c701 10019 100 4076385 2049388438 407105747 10354446
0b000f01 0b00c201 10013 100 4767546 2029349695 427888477 10412392
0b000701 0b00ce01 10035 100 3702906 2089562941 367789308 10323132
0b000e01 0b00cc01 10033 100 3342024 2090071369 367365972 10292879
0b000901 0b00c801 10019 100 4939908 2065810152 391812551 10426842
0b000b01 0b00c601 10029 100 5249567 2064488835 393138534 10452805
0b000a01 0b00c901 10025 100 3863912 2072961969 384671983 10336630
0b000e01 0b00c401 10010 100 4251874 2033383349 424377645 10369157
0b000001 0b00cc01 10035 100 2487632 2097341208 360769443 10221244
0b000101 0b00ce01 10004 100 4793521 2016986805 441447402 10414570
0b000801 0b00c101 10026 100 4049928 2053647182 405196349 10352226
0b000001 0b00ce01 10002 100 4558295 2006867095 451983716 10394850
0b000201 0b00c901 10010 100 4281160 2024155973 435161053 10371615
0b000101 0b00cd01 10007 100 4745447 2023202318 436224067 10410540
0b000201 0b00c901 10031 100 3474108 2087130681 372414964 10303952
0b000301 0b00cc01 10034 100 3911420 2091024752 368652369 10340615
0b000201 0b00c901 10027 100 3671085 2069575815 390128938 10320467
0b000401 0b00ca01 10014 100 4024756 2042009221 418040276 10350116
0b000c01 0b00c301 10024 100 3977242 2079595235 380504521 10346134
0b000f01 0b00cd01 10005 100 6803297 2017863637 442585428 10583071
0b000001 0b00cc01 10022 100 3375035 2056946766 403742221 10295646
0b000d01 0b00c001 10018 100 4528209 2063107468 397644547 10392328
0b000e01 0b00c801 10025 100 3723258 2061526454 399352717 10324840
0b000201 0b00c401 10003 100 4948488 2015966118 444964459 10427563
0b000a01 0b00c201 10025 100 4341218 2063847072 397462610 10376650
0b000d01 0b00c401 10001 100 5582233 2011977048 449946057 10480697
0b000301 0b00c301 10028 100 4101001 2068647313 393327299 10356511
0b000701 0b00cf01 10027 100 4166336 2079847380 382461170 10361988
0b000901 0b00c401 10015 100 5619696 2052067636 410440427 10483836
0b000501 0b00c201 10019 100 4214419 2081435491 381239134 10366019
0b000301 0b00c901 10002 100 4476180 2005692031 457008307 10387966
0b000801 0b00c301 10032 100 4357804 2092200768 370706946 10378039
0b000e01 0b00c201 10021 100 4031188 2043568356 419378253 10350657
0b000a01 0b00cb01 10031 100 4011849 2084649420 378377122 10349034
0b000801 0b00c201 10015 100 4367855 2045459064 417585805 10378881
0b000601 0b00cd01 10029 100 4196609 2063839820 399264504 10364525
0b000301 0b00c301 10004 100 5278045 2008587807 454729505 10455194
0b000f01 0b00cd01 10009 100 5595151 2035150178 428248467 10481780
0b000b01 0b00c201 10006 100 5337620 2028289208 435331173 10460187
0b000e01 0b00cf01 10013 100 4223161 2039616779 424049569 10366753
0b000d01 0b00cf01 10027 100 4353330 2060711879 403044449 10377665
0b000301 0b00c301 10034 100 3853594 2084015123 379772180 10335766
0b000d01 0b00c201 10040 100 4523115 2094698785 369263285 10391901
0b000301 0b00ce01 10007 100 4803716 2019034403 445018970 10415424
0b000701 0b00c701 10029 100 4274673 2083965399 380429412 10371069
0b000a01 0b00ca01 10029 100 4109063 2087590221 377029565 10357187
0b000301 0b00cc01 10010 100 4778179 2049619417 415077760 10413285
0b000e01 0b00cc01 10035 100 3436145 2095451693 369276057 10300769
0b000e01 0b00c601 10035 100 2630600 2091172298 373663130 10233231
0b000501 0b00c701 10013 100 4662912 2032433771 432443093 10403618
0b000901 0b00cd01 10008 100 6114973 2026109562 438924691 10525359
0b000e01 0b00c201 10040 100 3760797 2093726272 372007698 10327986
0b000801 0b00c801 10024 100 4397373 2053876090 412008082 10381358
0b000d01 0b00ce01 10023 100 5533772 2069375851 396630403 10476632
0b000a01 0b00c501 10002 100 6300168 2003301215 462967341 10540889
0b000d01 0b00c501 10026 100 5700272 2098886477 367614350 10490593
0b000301 0b00c701 10013 100 8838104 2048403439 418427919 10753670
0b000801 0b00ce01 10034 100 4042103 2078229215 388755060 10351573
0b000201 0b00c901 10034 100 4264873 2095824287 371283217 10370247
0b000401 0b00cb01 10001 100 4990295 2006929323 460486418 10431069
0b000401 0b00c601 10018 100 4101732 2043517775 423982276 10356570
0b000601 0b00c701 10033 100 3503645 2096394875 371162469 10306426
0b000601 0b00ca01 10024 100 3723902 2068737808 398878995 10324892
0b000801 0b00ce01 10010 100 4798020 2029511743 438259085 10414949
0b000701 0b00c701 10014 100 5958233 2037474712 431099110 10512221
0b000e01 0b00c901 10012 100 5586456 2034194260 434497822 10481050
0b000c01 0b00cc01 10018 100 5418977 2035830323 432928957 10467007
0b000501 0b00ce01 10019 100 6086251 2049521276 419328749 10522954
0b000901 0b00c401 10027 100 4547162 2092532489 376437991 10393917
0b000101 0b00c601 10020 100 5699306 2059888964 409231621 10490512
0b000101 0b00c601 10014 100 4871082 2038023937 431100477 10421075
0b000f01 0b00c201 10018 100 6966257 2033785872 435427986 10596733
0b000501 0b00c801 10015 100 4801149 2046144062 423235672 10415211
0b000b01 0b00c701 10018 100 5515917 2049671002 419772676 10475134
0b000f01 0b00cb01 10033 100 6664893 2084825520 384913225 10571465
0b000301 0b00c801 10019 100 7257140 2043301640 426639115 10621121
0b000c01 0b00c901 10038 100 4973429 2094711419 375557972 10429654
0b000501 0b00cd01 10039 100 4367423 2099902220 370480719 10378846
0b000701 0b00cd01 10015 100 9995953 2036145304 434254459 10850740
0b000701 0b00c001 10023 100 4452086 2065817974 404584390 10385946
0b000001 0b00cf01 10009 100 3544296 2027030274 443603916 10309836
0b000e01 0b00ca01 10008 100 4948482 2009777131 460964298 10427562
0b000301 0b00c601 10035 100 5797125 2091382939 379499963 10498714
0b000e01 0b00c101 10017 100 5686083 2046165321 424731688 10489404
0b000301 0b00c801 10005 100 4802264 2009277582 461702498 10415304
0b000b01 0b00ce01 10025 100 4826873 2095138219 376026572 10417365
0b000d01 0b00c301 10024 100 4306173 2075497894 395810329 10373712
0b000e01 0b00c801 10039 100 3941509 2090915429 380420174 10343138
0b000701 0b00c601 10023 100 4913497 2050416840 421027791 10424629
0b000901 0b00ce01 10020 100 6424409 2086595039 385112732 10551304
0b000101 0b00c501 10027 100 7828883 2058310006 413551998 10669054
0b000701 0b00cb01 10007 100 5862685 2009755611 462121556 10504208
0b000f01 0b00cf01 10002 100 6770586 2014506139 457621504 10580327
0b000a01 0b00c601 10028 100 4408490 2081917790 390264503 10382289
0b000101 0b00ce01 10023 100 21842461 2060206723 411981910 11843954
0b000301 0b00c801 10042 100 4784758 2091797511 380511845 10413835
0b000e01 0b00c701 10030 100 3167351 2093676121 379167258 10278233
0b000c01 0b00cb01 10042 100 4201789 2092862489 380077126 10364958
0b000401 0b00ca01 10018 100 4347222 2046457119 426488811 10377154
0b000501 0b00ca01 10033 100 4778400 2098361579 374641382 10413303
0b000901 0b00ca01 10008 100 23508140 2016420376 456719380 11983605
0b000701 0b00cc01 10025 100 5558914 2080358522 392856647 10478739
0b000501 0b00cf01 10030 100 4548532 2086227924 387605979 10394030
0b000d01 0b00c001 10001 100 6354662 2002352339 471609564 10545456
0b000501 0b00cd01 10038 100 4574224 2098227292 375997377 10396185
0b000501 0b00c801 10004 100 4685329 2016391182 457851462 10405500
0b000401 0b00c501 10007 100 4574199 2028380204 446200890 10396183
0b000701 0b00c801 10008 100 7382728 2037505615 437125373 10631648
0b000801 0b00c601 10027 100 4245694 2084358046 390336967 10368640
0b000401 0b00c701 10003 100 5148003 2004014097 470915938 10444292
0b000d01 0b00c701 10030 100 4721131 2089698574 385380144 10408502
0b000701 0b00ca01 10029 100 9439356 2084270802 390888304 10804078
0b000401 0b00cf01 10024 100 3180312 2086066513 389119750 10279320
0b000301 0b00ca01 10035 100 3927783 2088588091 386720756 10341986
0b000601 0b00c001 10010 100 4207704 2034693258 440689362 10365455
0b000f01 0b00c601 10002 100 8498120 2008529695 467002046 10725165
0b000601 0b00ca01 10018 100 3967850 2056996284 418638368 10345345
0b000201 0b00c201 10004 100 5617256 2013219542 462633527 10483633
0b000401 0b00c101 10018 100 4692249 2044897197 431155497 10406081
0b000e01 0b00c701 10013 100 5469760 2040461898 435594643 10471265
0b000601 0b00c701 10027 100 3867284 2081001982 395065112 10336915
0b000701 0b00ce01 10012 100 5772819 2040409130 435837218 10496673
0b000901 0b00c101 10000 100 10037182 2005883083 470377080 10854200
0b000501 0b00c501 10015 100 4652497 2044573193 431870971 10402747
0b000301 0b00c701 10000 100 7075103 2001627542 475109399 10605860
0b000601 0b00cd01 10001 100 4774862 2010135599 466858653 10413004
0b000b01 0b00c601 10013 100 5601337 2036123470 441622497 10482298
0b000b01 0b00c001 10000 100 7293646 2001017609 476835296 10624180
0b000e01 0b00c001 10010 100 5160307 2021827166 456562724 10445322
0b000001 0b00c501 10042 100 3950556 2080327404 398124190 10343896
0b000801 0b00c201 10035 100 4122250 2096940982 381516084 10358292
0b000201 0b00c901 10028 100 5171741 2081155879 397323260 10446279
0b000801 0b00c201 10002 100 6126126 2007816680 470815420 10526297
0b000301 0b00cc01 10029 100 4336117 2081865339 396848228 10376223
0b000a01 0b00c401 10021 100 4414713 2071973872 407211923 10382810
0b000201 0b00ca01 10002 100 5536406 2010098866 469771265 10476854
0b000501 0b00c401 10006 100 4805304 2048654764 431312178 10415559
0b000501 0b00c601 10025 100 4684620 2072692690 407505805 10405440
0b000e01 0b00ca01 10038 100 3608259 2080903022 399380018 10315199
0b000601 0b00cf01 10005 100 4153401 2016644438 463694160 10360903
0b000c01 0b00ce01 10022 100 3772864 2060244416 420184475 10328997
0b000501 0b00c601 10018 100 5756706 2055370139 425184831 10495323
0b000501 0b00c601 10026 100 4805561 2074674735 405960352 10415579
0b000301 0b00cf01 10021 100 6858625 2068577314 412339085 10587708
0b000d01 0b00c101 10025 100 5364352 2087043608 393981899 10462429
0b000a01 0b00c501 10001 100 9351491 2002557615 478481342 10796710
0b000c01 0b00cb01 10037 100 4983740 2086335586 394747768 10430517
0b000301 0b00c101 10037 100 4413098 2088280339 392803041 10382677
0b000101 0b00c301 10024 100 4683511 2066091307 415052056 10405347
0b000101 0b00c501 10020 100 5210434 2042896037 438379986 10449524
0b000b01 0b00cd01 10025 100 5548526 2095705945 385588480 10477870
0b000f01 0b00c001 10006 100 6418896 2018377452 462931557 10550840
0b000201 0b00cb01 10025 100 3561978 2081570582 399956001 10311316
0b000e01 0b00c501 10012 100 5089372 2035122481 446497509 10439375
0b000001 0b00cd01 10039 100 3610104 2089335671 392285468 10315354
0b000001 0b00cc01 10025 100 3242054 2064750848 416893611 10284497
0b000201 0b00c401 10031 100 6222973 2081463460 400206131 10534414
0b000d01 0b00cf01 10013 100 5098159 2029816582 452117702 10440112
0b000301 0b00c001 10030 100 4158936 2087889013 394103862 10361365
0b000e01 0b00c301 10021 100 4002407 2062194925 420145692 10348244
0b000e01 0b00c701 10015 100 5111218 2045181190 437276630 10441207
0b000c01 0b00c301 10014 100 4292398 2051086418 431600195 10372556
0b000201 0b00c101 10006 100 4711972 2017348174 465399627 10407731
0b000b01 0b00ca01 10021 100 6732453 2053142757 429667876 10577130
0b000d01 0b00c501 10024 100 4654217 2084436876 398792017 10402892
0b000b01 0b00cb01 10020 100 5930526 2066739598 416698610 10509897
0b000401 0b00c301 10032 100 3906714 2069123258 414587148 10340220
0b000201 0b00ce01 10008 100 4862657 2014202683 469650379 10420366
0b000b01 0b00cf01 10029 100 6135265 2086114526 397850614 10527063
0b000a01 0b00c301 10002 100 6492673 2009268114 474806245 10557026
0b000201 0b00c401 10039 100 3690621 2098659071 385429087 10322103
0b000701 0b00cc01 10009 100 6179825 2030288597 454154954 10530797
0b000901 0b00cc01 10012 100 7920722 2036494140 448121400 10676754
0b000701 0b00c301 10036 100 5810774 2080633530 404057474 10499856
0b000c01 0b00cc01 10030 100 4264800 2055267789 429567880 10370241
0b000001 0b00c701 10030 100 3368244 2062189613 422971271 10295076
0b000801 0b00cd01 10034 100 4319887 2099056490 386216754 10374859
0b000201 0b00ca01 10016 100 4166141 2063616271 421707368 10361972
0b000801 0b00cf01 10009 100 4928033 2027152727 458222602 10425850
0b000701 0b00ca01 10027 100 5083778 2080437358 404986863 10438904
0b000201 0b00cb01 10029 100 3793794 2096317668 389312175 10330752
0b000401 0b00c501 10019 100 4206247 2065299974 420737303 10365334
0b000e01 0b00c301 10036 100 4481897 2081145642 404926932 10388442
0b000101 0b00c301 10023 100 4996784 2063287343 422913158 10431611
0b000a01 0b00c501 10016 100 5015866 2048714631 437567066 10433210
0b000301 0b00c101 10030 100 4462456 2076837145 409684881 10386814
0b000801 0b00c901 10005 100 5576242 2018095567 468564938 10480195
0b000e01 0b00c101 10013 100 4940784 2035585154 451235824 10426916
0b000e01 0b00cc01 10020 100 4862683 2059232327 427781594 10420368
0b000501 0b00cc01 10039 100 7298418 2088134355 399029186 10624581
0b000d01 0b00c201 10013 100 6929436 2044282280 443090346 10593646
0b000d01 0b00c401 10020 100 6728193 2061533321 425894777 10576774
0b000101 0b00c301 10034 100 5110041 2083582439 403904429 10441109
0b000501 0b00c401 10017 100 7057360 2075922295 411798756 10604371
0b000101 0b00cc01 10020 100 5646565 2035145233 452588568 10486089
0b000201 0b00c901 10029 100 3914378 2081703454 406846629 10340863
0b000201 0b00cf01 10015 100 4478433 2037848799 450738851 10388154
0b000e01 0b00c801 10040 100 3787869 2093654541 394996913 10330255
0b000f01 0b00cf01 10003 100 7809991 2017973864 471162311 10667469
0b000f01 0b00cd01 10025 100 5076131 2079739699 409876949 10438266
0b000f01 0b00cd01 10001 100 8382316 2006650472 483203825 10715456
0b000501 0b00c001 10033 100 8085947 2068710557 421417109 10690606
0b000101 0b00c301 10021 100 5382131 2055645955 434502372 10463921
0b000001 0b00c901 10016 100 4372614 2034415564 456673512 10379281
0b000001 0b00c701 10029 100 4124327 2061543601 429556490 10358466
0b000d01 0b00c601 10019 100 8450681 2064980852 426385430 10721186
0b000101 0b00c801 10010 100 5961434 2028409445 463700343 10512488
0b000001 0b00ca01 10001 100 5772366 2005271223 487331014 10496637
0b000001 0b00cf01 10000 100 8964960 2000535768 492126225 10764302
0b000a01 0b00ca01 10032 100 4902137 2090307273 402360304 10423678
0b000301 0b00c001 10004 100 4961347 2023576884 469192268 10428641
0b000601 0b00c201 10028 100 4013245 2081608275 411203151 10349153
0b000401 0b00cb01 10032 100 4528006 2080135969 412763906 10392311
0b000e01 0b00ce01 10036 100 3988373 2097078929 396099269 10347067
0b000901 0b00cd01 10003 100 7542131 2007494879 486233185 10645015
0b000b01 0b00cf01 10023 100 6438828 2079456230 415042641 10552512
0b000501 0b00c601 10033 100 13133356 2094882050 399693799 11113783
0b000d01 0b00c701 10012 100 5428890 2029119435 465548734 10467838
0b000301 0b00c901 10039 100 10510941 2094990710 399724251 10893917
0b000201 0b00c901 10014 100 4835655 2032685890 462498337 10418102
0b000601 0b00c101 10028 100 3888358 2087407124 408408648 10338682
0b000601 0b00c401 10042 100 5763433 2092517318 403626742 10495888
0b000601 0b00c701 10007 100 4736342 2018670354 477588025 10409777
0b000001 0b00cb01 10005 100 8470270 2009007468 487281917 10722830
0b000401 0b00cc01 10010 100 6270809 2039873452 456622594 10538425
0b000201 0b00c001 10009 100 5493858 2036550190 460090046 10473285
0b000e01 0b00c901 10015 100 5194918 2042307414 454352510 10448222
0b000001 0b00c801 10007 100 8886398 2012885177 483971825 10757717
0b000201 0b00c201 10010 100 5884943 2029531351 467466095 10506073
0b000101 0b00cd01 10012 100 6303724 2038079419 459289508 10541185
0b000901 0b00c501 10026 100 5589969 2064549153 433026799 10481343
0b000101 0b00c401 10013 100 6902485 2046983086 450916751 10591386
0b000901 0b00ca01 10012 100 8034350 2022491365 475613514 10686282
0b000401 0b00cf01 10014 100 6018092 2045991061 452282254 10517240
0b000501 0b00c901 10030 100 4793903 2087729041 410797321 10414601
0b000901 0b00cf01 10007 100 7674402 2016597740 482015611 10656104
0b000701 0b00c701 10032 100 13054621 2098605089 400013843 11107180
0b000c01 0b00ca01 10016 100 4348803 2066745196 432125911 10377284
0b000201 0b00c401 10020 100 5103074 2055596097 443583878 10440525
0b000701 0b00cf01 10032 100 13286669 2092372220 406834419 11126635
0b000601 0b00c201 10033 100 3936969 2094006499 405342023 10342755
0b000401 0b00c301 10009 100 6964802 2020297001 479096586 10596609
0b000b01 0b00cc01 10003 100 9128233 2004491488 495092481 10777994
0b000a01 0b00cb01 10004 100 8500698 2006068668 494039855 10725379
0b000701 0b00cd01 10035 100 4966816 2099602082 401372228 10429098
0b000101 0b00c201 10035 100 7606485 2097252768 404035843 10650409
0b000801 0b00ce01 10031 100 5898458 2064919993 436625525 10507208
0b000f01 0b00c001 10022 100 9433881 2066287022 435501683 10803617
0b000201 0b00c901 10017 100 4498882 2040377857 462224329 10389866
0b000501 0b00c401 10029 100 7441038 2092077778 411169176 10636540
0b000401 0b00cc01 10021 100 4328975 2077560501 425819588 10375621
0b000d01 0b00c501 10005 100 8818812 2017373060 486036084 10752049
0b000601 0b00ca01 10033 100 3953568 2098639525 404877251 10344148
0b000801 0b00c401 10029 100 4087344 2077973441 425651652 10355365
0b000801 0b00c801 10027 100 4349242 2060133001 444446019 10377323
0b000001 0b00c501 10022 100 3832181 2049186209 455557392 10333973
0b000701 0b00cf01 10029 100 4466432 2087679795 417078088 10387147
0b000a01 0b00cb01 10012 100 5596592 2034411750 470591657 10481899
0b000801 0b00c101 10008 100 5490529 2015865583 489873927 10473007
0b000401 0b00c401 10016 100 4678992 2059853111 445939053 10404966
0b000401 0b00c301 10002 100 5531661 2003088600 503396812 10476455
0b000801 0b00ce01 10022 100 5479631 2052455414 454176956 10472093
0b000801 0b00cd01 10018 100 5700223 2049180859 458000404 10490589
0b000d01 0b00c901 10029 100 6805826 2057575599 449654215 10583281
0b000801 0b00c601 10022 100 5750221 2070692268 436826484 10494781
0b000d01 0b00c601 10001 100 8994145 2002926888 504715417 10766752
0b000e01 0b00cb01 10011 100 8769876 2036744748 471351970 10747946
0b000201 0b00c101 10027 100 4256720 2084120404 423992268 10369564
0b000301 0b00c101 10021 100 6205045 2044005016 464193350 10532914
0b000f01 0b00c901 10015 100 5872696 2039810731 468402256 10505048
0b000001 0b00c801 10031 100 4012079 2064343923 444357962 10349056
0b000001 0b00c501 10017 100 4592849 2038120033 470825989 10397745
0b000c01 0b00c401 10004 100 7181288 2006352308 503085680 10614761
0b000501 0b00c501 10024 100 5445519 2058187445 451367738 10469234
0b000801 0b00ce01 10027 100 6215686 2061829493 447943663 10533804
0b000c01 0b00c801 10021 100 6102730 2051948765 458066885 10524333
0b000301 0b00cb01 10004 100 12066489 2002951032 507093048 11024336
0b000d01 0b00c701 10025 100 8528336 2065001434 445114732 10727698
0b000701 0b00c301 10019 100 5800193 2043198391 467135800 10498971
0b000601 0b00c201 10009 100 4270523 2033359867 477118963 10370722
0b000101 0b00c901 10018 100 5475924 2048854876 461745752 10471781
0b000101 0b00cc01 10008 100 6369451 2010407889 500240391 10546696
0b000301 0b00c601 10000 100 5967271 2005140029 505739036 10512978
0b000501 0b00c801 10022 100 6448500 2091324753 419854924 10553324
0b000301 0b00c101 10024 100 5360233 2059184398 452030900 10462084
0b000a01 0b00ce01 10015 100 5404873 2046364608 464885371 10465825
0b000601 0b00c401 10010 100 4998056 2017578560 493671569 10431720
0b000601 0b00c801 10025 100 3837853 2086909159 424833639 10334446
0b000601 0b00cc01 10038 100 3980519 2081834966 430277916 10346408
0b000a01 0b00cd01 10018 100 5899386 2073762257 438476135 10507286
0b000301 0b00c301 10003 100 9234003 2007584898 505145118 10786862
0b000501 0b00c201 10011 100 7848024 2031128869 481888270 10670662
0b000601 0b00ca01 10031 100 4400740 2093755348 419262073 10381639
0b000001 0b00c201 10025 100 4022049 2088484343 424878987 10349892
0b000b01 0b00c201 10027 100 5443593 2076100929 437384581 10469072
0b000201 0b00c201 10027 100 4802032 2069124975 444440371 10415286
0b000601 0b00c601 10028 100 4387105 2070084835 443910043 10380498
0b000701 0b00cd01 10029 100 4831382 2090578352 424032121 10417745
0b000c01 0b00c601 10028 100 4550087 2077680067 437237210 10394162
0b000601 0b00c701 10031 100 4363773 2092156854 422888027 10378539
0b000d01 0b00c201 10014 100 5592800 2045148471 469915896 10481581
0b000801 0b00c301 10025 100 6961154 2065239876 449962722 10596306
0b000701 0b00c601 10000 100 7848214 2001745220 513796424 10670677
0b000901 0b00c701 10020 100 21833515 2044409107 471301155 11843203
0b000d01 0b00cf01 10044 100 4999599 2095379590 420596726 10431847
0b000101 0b00c101 10015 100 6753850 2037464796 478619161 10578923
0b000d01 0b00c501 10000 100 19915299 2000786296 515380894 11682381
0b000601 0b00ce01 10029 100 4617732 2083379796 432869513 10399831
0b000001 0b00ce01 10015 100 4756720 2036095282 480177054 10411484
0b000b01 0b00c101 10006 100 6864574 2027393250 489017025 10588207
0b000901 0b00c901 10016 100 8186904 2023862599 493202848 10699070
0b000101 0b00c401 10008 100 7157530 2032653134 484569708 10612769
0b000e01 0b00c601 10019 100 8080716 2051563230 465660578 10690168
0b000e01 0b00cb01 10029 100 7816965 2091527854 426063279 10668054
0b000801 0b00c601 10029 100 4385608 2088989282 429732342 10380370
0b000f01 0b00c401 10022 100 7900581 2068673099 450437089 10675066
0b000601 0b00cd01 10004 100 5603466 2015471622 503663017 10482476
0b000201 0b00c501 10013 100 5818088 2035969692 483651125 10500472
0b000801 0b00cc01 10031 100 4830239 2077740332 442335026 10417650
0b000801 0b00c901 10018 100 6120223 2055660243 464745591 10525802
0b000d01 0b00c701 10031 100 4891581 2093125373 427502615 10422791
0b000f01 0b00cb01 10029 100 12590698 2065606299 455169574 11068285
0b000701 0b00cd01 10034 100 5125664 2098006765 423264984 10442416
0b000001 0b00cb01 10004 100 4732058 2008505031 513024228 10409419
0b000801 0b00cf01 10018 100 6173498 2067172804 454600729 10530268
0b000e01 0b00c401 10023 100 6375786 2080910970 441382832 10547226
0b000c01 0b00cc01 10028 100 5756468 2054159845 468305833 10495304
0b000f01 0b00c601 10007 100 9524009 2028007201 494577952 10811176
0b000801 0b00c101 10016 100 6671142 2035834080 486881753 10571991
0b000b01 0b00c901 10029 100 5473789 2077381658 446023675 10471603
0b000601 0b00ce01 10028 100 4198769 2081140507 442403436 10364705
0b000701 0b00c901 10005 100 8843330 2006540708 517211046 10754107
0b000701 0b00c401 10040 100 6933591 2097800523 426057375 10593993
0b000601 0b00c201 10026 100 4703763 2078365444 445769764 10407044
0b000501 0b00ce01 10034 100 9789357 2082151749 442268293 10833422
0b000101 0b00c901 10015 100 7928373 2042749549 481716708 10677397
0b000301 0b00c201 10029 100 5433651 2075717609 448818617 10468238
0b000d01 0b00c901 10037 100 7468535 2099492011 425270976 10638843
0b000201 0b00ca01 10003 100 6903058 2012297009 512575314 10591436
0b000901 0b00c401 10019 100 7010608 2065303724 459728016 10600450
0b000f01 0b00cc01 10033 100 8749542 2082673065 443339086 10746243
0b000901 0b00cb01 10014 100 27948098 2044838304 481293509 12355852
0b000701 0b00c001 10025 100 6003619 2071578259 454585466 10516024
0b000e01 0b00ce01 10013 100 6053846 2030928777 495269090 10520235
0b000201 0b00cb01 10020 100 4173271 2074920609 451519164 10362569
0b000101 0b00c101 10024 100 6888033 2061430634 465091283 10590176
0b000b01 0b00cb01 10013 100 9280346 2042823464 484239634 10790746
0b000401 0b00cb01 10005 100 5245199 2017173168 509909995 10452440
0b000701 0b00ce01 10039 100 6234392 2095318863 431910819 10535373
0b000001 0b00cf01 10028 100 4370619 2068595114 458836400 10379114
0b000101 0b00c401 10031 100 6408440 2090151344 437530979 10549965
0b000601 0b00c101 10007 100 4602970 2023028549 505341541 10398593
0b000a01 0b00ca01 10023 100 7427514 2064485563 463919020 10635404
0b000601 0b00cc01 10040 100 4908058 2082069288 446678150 10424175
0b000801 0b00c501 10037 100 4446109 2090924530 437931491 10385445
0b000701 0b00c601 10036 100 6499536 2087488001 441620858 10557602
0b000701 0b00cd01 10010 100 7085578 2026815735 502516129 10606736
0b000b01 0b00c001 10017 100 5809010 2044616860 484951295 10499711
0b000701 0b00c401 10003 100 8561824 2021319211 508582736 10730504
0b000a01 0b00c901 10027 100 6621761 2081864060 448059348 10567849
0b000c01 0b00c301 10006 100 6701829 2029454477 500583427 10574562
0b000801 0b00c801 10030 100 6631746 2064195365 465900653 10568686
0b000f01 0b00cf01 10031 100 9433810 2082670797 447643867 10803611
0b000a01 0b00c601 10011 100 6307818 2035992423 494908667 10541528
0b000501 0b00ce01 10014 100 6704530 2039500604 491693009 10574789
0b000701 0b00cb01 10035 100 11713323 2073518631 457804969 10994727
0b000b01 0b00c801 10001 100 10473403 2002551706 529159469 10890772
0b000301 0b00cc01 10027 100 5544576 2075446428 456378384 10477538
0b000a01 0b00c901 10003 100 6857717 2012539021 519313195 10587632
0b000b01 0b00c401 10028 100 8202376 2057894608 474238771 10700369
0b000b01 0b00cf01 10010 100 6576134 2029632831 502581118 10564026
0b000501 0b00c401 10024 100 6876294 2084371953 447878564 10589191
0b000f01 0b00cd01 10024 100 9474001 2078396448 453893622 10806984
0b000c01 0b00cb01 10002 100 7492818 2004783524 527594348 10640878
0b000e01 0b00c401 10030 100 4433604 2096148487 436443196 10384394
0b000c01 0b00cf01 10029 100 6318739 2074122688 458893877 10542444
0b000b01 0b00c301 10019 100 7839182 2078943278 454529481 10669920
0b000401 0b00c401 10018 100 4993515 2066684737 466846171 10431338
0b000801 0b00cc01 10013 100 7848500 2034420616 499565280 10670700
0b000d01 0b00cb01 10012 100 7861118 2023375162 510679058 10671759
0b000301 0b00c201 10014 100 7201488 2035506148 498804869 10616454
0b000b01 0b00cc01 10019 100 6794335 2036083222 498278700 10582319
0b000501 0b00c101 10022 100 7488343 2069462768 464982989 10640505
0b000501 0b00cb01 10040 100 5860412 2092243342 442383417 10504019
0b000101 0b00c001 10006 100 7480650 2018878369 515929116 10639859
0b000601 0b00c901 10024 100 4574916 2070436552 464456618 10396241
0b000501 0b00cc01 10033 100 8364651 2069018910 465890596 10713973
0b000e01 0b00c101 10038 100 4915301 2088782710 446170141 10424781
0b000a01 0b00cb01 10038 100 6180784 2098562362 436659380 10530877
0b000901 0b00cb01 10035 100 7919706 2092040533 443503520 10676669
0b000c01 0b00ce01 10028 100 5509226 2081039651 455269004 10474576
0b000d01 0b00cb01 10020 100 19299575 2044806845 491533847 11630758
0b000501 0b00c001 10039 100 9928739 2095995271 440522034 10845106
0b000801 0b00c501 10010 100 6888248 2030657473 506269432 10590193
0b000701 0b00c701 10015 100 9348844 2039689059 497316829 10796487
0b000e01 0b00cb01 10020 100 5534085 2054128986 484334393 10476661
0b000101 0b00cc01 10027 100 7589112 2043974651 494504281 10648954
0b000601 0b00c201 10038 100 3811090 2097195262 441402470 10332205
0b000601 0b00c901 10010 100 4793811 2035597184 503145289 10414593
0b000f01 0b00c701 10020 100 7268121 2060941215 477870139 10622042
0b000b01 0b00c001 10008 100 8831667 2018547848 520379733 10753128
0b000901 0b00cf01 10016 100 8595789 2050046726 489958579 10733351
0b000101 0b00ce01 10028 100 9621766 2085802639 454206889 10819369
0b000701 0b00c801 10017 100 7065678 2061643774 478918201 10605067
0b000401 0b00c101 10011 100 5622013 2029245087 511525675 10484033
0b000201 0b00c101 10029 100 4090756 2091763358 449021211 10355649
0b000f01 0b00c401 10025 100 7149441 2080527619 460293818 10612091
0b000b01 0b00ca01 10011 100 8991431 2021246930 519774891 10766523
0b000c01 0b00ce01 10007 100 7657681 2019413483 521718496 10654701
0b000f01 0b00c901 10028 100 7262940 2075915735 465666510 10621605
0b000601 0b00cb01 10018 100 4592228 2083902601 457836296 10397695
0b000701 0b00c601 10032 100 9379673 2084629349 457188018 10799073
0b000c01 0b00cd01 10019 100 4879037 2042024261 500259072 10421742
0b000001 0b00cb01 10026 100 4358856 2095206914 447154828 10378127
0b000001 0b00c301 10019 100 4576158 2061297956 481114353 10396348
0b000801 0b00c101 10036 100 5446481 2080427470 462382364 10469314
0b000901 0b00c801 10024 100 7789827 2074848256 468820479 10665779
0b000801 0b00cd01 10021 100 8311006 2058614239 485670083 10709478
0b000301 0b00ce01 10006 100 8506019 2017817969 526549222 10725828
0b000401 0b00c301 10022 100 6992524 2040253165 504206108 10598935
0b000d01 0b00c001 10031 100 5917151 2092175102 452410951 10508777
0b000101 0b00c601 10029 100 26350623 2076183218 468719541 12221917
0b000601 0b00cf01 10030 100 4628809 2092759460 452368306 10400760
0b000b01 0b00cc01 10023 100 8995048 2055977745 489261766 10766828
0b000d01 0b00c701 10026 100 7606565 2065710796 479786077 10650416
0b000301 0b00c801 10014 100 7530429 2034658212 511234371 10644033
0b000e01 0b00c501 10018 100 5309433 2049822384 496101922 10457825
0b000e01 0b00c001 10037 100 7975292 2097567414 449082711 10681331
0b000d01 0b00c101 10016 100 7500991 2063083100 483669913 10641563
0b000001 0b00c801 10039 100 4218919 2077869921 469304897 10366394
0b000601 0b00cc01 10026 100 4871393 2058583479 489429609 10421099
0b000001 0b00c301 10034 100 3603899 2098529634 449493099 10314831
0b000401 0b00cf01 10009 100 4971701 2038455685 509873583 10429508
0b000f01 0b00cd01 10014 100 18829186 2051331230 498330659 11591322
0b000501 0b00cd01 10003 100 7669470 2002469709 547608932 10655690
0b000301 0b00c501 10008 100 9702951 2013008430 537139182 10826175
0b000d01 0b00c301 10027 100 23186333 2081163136 468987648 11956624
0b000e01 0b00ce01 10033 100 7013104 2079889741 470435470 10600662
0b000101 0b00c101 10010 100 9623929 2024455485 526121688 10819550
0b000801 0b00cf01 10021 100 8461772 2075764320 475358762 10722115
0b000201 0b00c401 10028 100 4544012 2073060406 478311712 10393653
0b000501 0b00cc01 10018 100 9560879 2032348586 519641158 10814264
0b000701 0b00c401 10030 100 8306264 2074351167 477742152 10709080
0b000201 0b00cd01 10018 100 5732882 2031152951 521224479 10493325
0b000a01 0b00c601 10008 100 7863509 2030071915 522348793 10671958
0b000a01 0b00cd01 10017 100 7918490 2072761749 479975981 10676568
0b000b01 0b00cd01 10027 100 8474189 2096184035 456585833 10723159
0b000901 0b00cd01 10027 100 10381578 2071792530 481091976 10883073
0b000801 0b00c701 10040 100 6213690 2086189044 466877838 10533636
0b000901 0b00ca01 10017 100 9114368 2031145695 522262009 10776831
0b000201 0b00ce01 10014 100 6741845 2026151345 527888333 10577916
0b000501 0b00cb01 10001 100 7687694 2003369264 551199539 10657217
0b000401 0b00cb01 10039 100 8593801 2087378397 467207337 10733185
0b000601 0b00c301 10008 100 6561967 2015538886 539198603 10562835
0b000601 0b00c301 10028 100 5819480 2061718721 493350995 10500587
0b000301 0b00cc01 10009 100 9691397 2041761603 513510055 10825209
0b000501 0b00c901 10008 100 6796767 2018843718 536633696 10582521
0b000201 0b00c101 10025 100 4779538 2077077526 478451679 10413398
0b000c01 0b00ca01 10005 100 5923910 2012556077 543481229 10509340
0b000601 0b00ce01 10009 100 4757678 2035104560 520984060 10411564
0b000001 0b00c401 10019 100 4252505 2057789994 498438509 10369211
0b000201 0b00cd01 10031 100 9898041 2075375857 481006014 10842535
0b000501 0b00cd01 10022 100 8764073 2060827860 496222424 10747463
0b000501 0b00c101 10025 100 25085337 2074517359 482632599 12115837
0b000501 0b00c801 10017 100 8544820 2062056330 495376926 10729078
0b000301 0b00ca01 10014 100 7347316 2021485107 536076418 10628681
0b000501 0b00c301 10005 100 7879947 2015081733 542648269 10673334
0b000301 0b00c001 10008 100 7421225 2039860357 518043021 10634878
0b000001 0b00c001 10014 100 5613714 2026046395 531894934 10483334
0b000001 0b00c701 10006 100 5992264 2007717808 550258282 10515074
0b000e01 0b00c001 10005 100 7126425 2011790244 546609815 10610161
0b000401 0b00cf01 10012 100 9710517 2044159494 514633634 10826811
0b000a01 0b00c801 10019 100 9751586 2040326791 518675083 10830254
0b000e01 0b00cd01 10023 100 6777319 2066940221 492208626 10580893
0b000601 0b00c101 10017 100 4672018 2057381762 501967406 10404385
0b000401 0b00cc01 10013 100 9573787 2061037864 498458754 10815347
0b000d01 0b00cf01 10015 100 8383323 2031616854 528064425 10715540
0b000c01 0b00ce01 10001 100 8273459 2002259564 557478400 10706328
0b000d01 0b00c801 10031 100 9298488 2086042055 474131198 10792267
0b000e01 0b00cf01 10026 100 6424958 2092450100 467881633 10551348
0b000701 0b00ca01 10016 100 9976859 2047353232 513453639 10849140
0b000001 0b00cd01 10025 100 4657302 2053453748 507483209 10403150
0b000a01 0b00c101 10006 100 7696457 2022034362 539000125 10657953
0b000a01 0b00ca01 10008 100 7561677 2029492440 532334465 10646652
0b000d01 0b00cb01 10031 100 8355329 2085152454 477248319 10713193
0b000e01 0b00c201 10036 100 6465234 2074277400 488233254 10554728
0b000a01 0b00cd01 10006 100 9572669 2028133184 534781643 10815253
0b000a01 0b00cd01 10001 100 9815145 2004941271 558366369 10835585
0b000201 0b00c501 10023 100 7430385 2064718433 498680333 10635645
0b000401 0b00cd01 10006 100 7047392 2005971061 557694695 10603535
0b000201 0b00ce01 10022 100 7925950 2038843176 525062188 10677191
0b000401 0b00c001 10004 100 6455520 2018068932 545908742 10553912
0b000201 0b00c401 10015 100 5231230 2041591690 522461933 10451269
0b000301 0b00ca01 10013 100 9011938 2017815010 546270299 10768241
0b000001 0b00c301 10009 100 4949394 2045148367 519473232 10427639
0b000801 0b00cb01 10035 100 9296868 2086008226 479252017 10792129
0b000e01 0b00c001 10028 100 9881225 2073696949 491885662 10841124
0b000e01 0b00c101 10012 100 8299416 2035517845 530234232 10708505
0b000401 0b00cd01 10000 100 9263228 2000834331 565283966 10789312
0b000e01 0b00c501 10014 100 13658094 2036715561 529451634 11157778
0b000001 0b00c501 10009 100 5340718 2026003409 540238334 10460446
0b000e01 0b00c901 10007 100 6662035 2022787339 543757439 10571228
0b000a01 0b00cf01 10014 100 8765889 2038658118 527969054 10747612
0b000e01 0b00c901 10034 100 7568414 2097519711 469374309 10647218
0b000301 0b00c701 10030 100 6090397 2097508126 469429408 10523301
0b000401 0b00c001 10016 100 6505405 2067792585 499351431 10558095
0b000101 0b00c801 10034 100 9229339 2096605670 470882387 10786470
0b000e01 0b00c501 10016 100 8541662 2044336933 523158926 10728814
0b000801 0b00c201 10030 100 8510883 2087898598 479607029 10726232
0b000601 0b00c701 10026 100 4925125 2080433342 487073141 10425605
0b000401 0b00c301 10019 100 6158699 2035796589 532039059 10529026
0b000301 0b00ca01 10015 100 8849742 2035840262 532734998 10754643
0b000501 0b00cf01 10004 100 8516330 2019324870 549357182 10726691
0b000401 0b00c201 10040 100 7313675 2099196635 469634290 10625859
0b000e01 0b00c501 10035 100 8157918 2093675076 475214377 10696640
0b000801 0b00c701 10036 100 8230645 2073246538 495713855 10702738
0b000e01 0b00ca01 10037 100 6336890 2080600813 488896343 10543965
0b000301 0b00ce01 10014 100 6314571 2033911906 535695127 10542095
0b000e01 0b00c101 10006 100 7364675 2019791397 549907563 10630135
0b000d01 0b00c801 10034 100 11234954 2090838766 479212488 10954618
0b000201 0b00c501 10033 100 6188322 2094959798 475128940 10531511
0b000301 0b00c901 10018 100 6824393 2054749321 515346292 10584839
0b000401 0b00c901 10024 100 7054976 2072107271 498037607 10604169
0b000c01 0b00ca01 10024 100 7073134 2089356371 480881197 10605694
0b000501 0b00cf01 10008 100 9846104 2027805577 542717027 10838180
0b000001 0b00cf01 10003 100 6585589 2006449933 564162058 10564817
0b000e01 0b00cf01 10011 100 9951691 2032442286 538178752 10847030
0b000401 0b00c501 10012 100 7579348 2038977016 531728379 10648135
0b000d01 0b00cc01 10029 100 6544648 2098847020 471925202 10561384
0b000401 0b00ca01 10015 100 7689113 2042994041 527982641 10657338
0b000201 0b00c101 10005 100 7446356 2014608146 556391063 10636984
0b000201 0b00cb01 10021 100 8763938 2075692237 495689210 10747448
0b000201 0b00cf01 10028 100 5280436 2074281411 497182203 10455393
0b000e01 0b00ce01 10014 100 7398267 2032205804 539494540 10632953
0b000801 0b00c801 10000 100 19858794 2000253659 571488131 11677642
0b000201 0b00c701 10033 100 5802906 2091974334 479849965 10499196
0b000e01 0b00ce01 10020 100 6941256 2043041491 529421371 10594637
0b000001 0b00c301 10023 100 4954971 2068820951 503742375 10428104
0b000801 0b00c201 10003 100 8415976 2009039103 564025353 10718275
0b000f01 0b00c201 10048 100 7721899 2084196513 489289649 10660084
0b000401 0b00c101 10029 100 8043503 2072690328 500798493 10687049
0b000f01 0b00c901 10005 100 9347833 2008436327 565255814 10796402
0b000401 0b00c501 10031 100 7727627 2081166937 492660137 10660565
0b000801 0b00c101 10032 100 7714449 2068023302 505915194 10659461
0b000301 0b00c201 10033 100 6866609 2079414111 494601461 10588378
0b000a01 0b00c301 10005 100 9614274 2019303009 554810024 10818743
0b000c01 0b00c401 10014 100 6654336 2032026055 542339209 10570582
0b000801 0b00c701 10025 100 14077633 2050553390 523903989 11192950
0b000301 0b00c001 10014 100 7143474 2057915670 516582494 10611590
0b000401 0b00ca01 10032 100 6224104 2081877057 493167650 10534512
0b000701 0b00cc01 10032 100 10436115 2097153447 478434281 10887647
0b000401 0b00c301 10038 100 7565537 2076634652 498960951 10646976
0b000f01 0b00ce01 10011 100 9270638 2029179086 546473873 10789931
0b000a01 0b00c101 10009 100 10797680 2043056566 532801520 10917958
0b000901 0b00c001 10029 100 9752244 2087345378 488521727 10830311
0b000201 0b00c201 10009 100 18478162 2026194738 550037864 11561892
0b000201 0b00ce01 10033 100 9288544 2072863581 503503856 10791433
0b000f01 0b00c701 10025 100 8489099 2091808753 484808251 10724409
0b000801 0b00ce01 10004 100 8854572 2012407347 564212801 10755048
0b000c01 0b00c101 10004 100 8883659 2022953322 553677817 10757487
0b000c01 0b00c501 10008 100 9454662 2020774932 555864640 10805360
0b000e01 0b00c501 10034 100 7578948 2091598512 485102022 10648099
0b000801 0b00ca01 10030 100 12878197 2075158846 501788726 11092391
0b000c01 0b00cf01 10031 100 6956664 2081945559 495201504 10595928
0b000b01 0b00cb01 10018 100 16096091 2061647538 515582443 11362179
0b000e01 0b00c901 10024 100 7673300 2066317760 511018758 10656012
0b000301 0b00cd01 10025 100 7188851 2073369036 504157569 10615393
0b000a01 0b00ca01 10028 100 9899227 2086825788 490715157 10842634
0b000e01 0b00c401 10021 100 8682643 2074619832 502959313 10740634
0b000401 0b00c501 10036 100 23357446 2093731765 483890339 11970970
0b000b01 0b00ca01 10027 100 16591385 2075596603 502228173 11403704
0b000e01 0b00c201 10032 100 7882491 2065775276 512099664 10673550
0b000601 0b00c801 10022 100 7874610 2077307305 500659472 10672888
0b000c01 0b00c601 10013 100 9246065 2036006008 542666246 10787873
0b000c01 0b00c701 10031 100 6595520 2093407548 485415106 10565650
0b000601 0b00c301 10038 100 8123261 2083758349 495210938 10693737
0b000601 0b00c401 10013 100 6876586 2029175651 550056952 10589214
0b000a01 0b00cc01 10009 100 14968805 2014921152 564356425 11267665
0b000201 0b00c301 10003 100 8139188 2015795121 563509104 10695072
0b000001 0b00c801 10045 100 5094988 2086391659 493166028 10439843
0b000601 0b00cf01 10027 100 8358911 2084479512 496098901 10713491
0b000801 0b00ca01 10018 100 8786140 2042552343 538902061 10749313
0b000701 0b00c001 10004 100 25576741 2010695807 570884184 12157034
0b000801 0b00cc01 10036 100 8839860 2092953937 488739662 10753814
0b000201 0b00c901 10030 100 9540672 2086765498 494963129 10812571
0b000f01 0b00cc01 10011 100 9985282 2024210365 557620193 10849848
0b000301 0b00c901 10027 100 7767450 2066732118 515203736 10663905
0b000b01 0b00cb01 10031 100 11648168 2095676280 486287749 10989265
0b000e01 0b00ca01 10017 100 9402102 2022134542 559843373 10800955
0b000e01 0b00c801 10019 100 8022946 2040926202 541286164 10685324
0b000c01 0b00c601 10014 100 7731948 2038966042 543352389 10660926
0b000201 0b00c501 10028 100 6976924 2090531229 492003633 10597625
0b000c01 0b00c401 10033 100 8342343 2069415895 513205352 10712104
0b000c01 0b00c001 10014 100 9799652 2062458867 521017514 10834284
0b000201 0b00c901 10036 100 7426534 2097101345 486592082 10635322
0b000901 0b00cd01 10034 100 11464905 2084221627 499480680 10973898
0b000801 0b00c401 10032 100 9381526 2088972931 494904633 10799228
0b000201 0b00c101 10001 100 9468004 2003002498 580959950 10806481
0b000001 0b00c601 10036 100 4882070 2077171424 506865288 10421996
0b000301 0b00ca01 10030 100 7902328 2071144446 513225459 10675213
0b000601 0b00ce01 10006 100 6425617 2022712068 562499467 10551405
0b000b01 0b00c401 10025 100 10749260 2051008218 534395448 10913900
0b000e01 0b00c201 10026 100 9879567 2056922487 528763574 10840984
0b000d01 0b00c001 10005 100 9062911 2005637357 580841948 10772514
0b000101 0b00cc01 10007 100 14018495 2009529741 577095716 11187992
0b000001 0b00c201 10026 100 5295918 2092232463 494678028 10456690
0b000801 0b00c201 10025 100 9404176 2073719454 513588398 10801129
0b000001 0b00ce01 10040 100 4456174 2082293658 505399440 10386288
0b000401 0b00c001 10015 100 12594841 2067379281 520769755 11068632
0b000e01 0b00c101 10034 100 7880030 2076486783 511732428 10673345
0b000201 0b00c601 10030 100 8290790 2053913818 534419846 10707780
0b000c01 0b00cb01 10020 100 13683718 2047566881 540861914 11159924
0b000601 0b00c301 10031 100 6673807 2067987790 520495155 10572212
0b000801 0b00c301 10008 100 8744732 2016925001 571768278 10745839
0b000601 0b00c901 10004 100 7492353 2024591672 564212648 10640841
0b000301 0b00c601 10015 100 20659644 2041207448 547811551 11744785
0b000601 0b00c601 10011 100 7561018 2020865145 568199687 10646599
0b000601 0b00c901 10007 100 7480468 2028499200 560581615 10639844
0b000901 0b00c801 10004 100 26265640 2012317900 577438837 12214792
0b000001 0b00ca01 10020 100 6669415 2062502802 527358794 10571846
0b000d01 0b00c601 10027 100 7330317 2076227885 513654916 10627256
0b000e01 0b00cc01 10005 100 9976397 2015843858 574057871 10849103
0b000401 0b00c901 10005 100 7859791 2013380370 576554193 10671645
0b000501 0b00ce01 10037 100 21254627 2089858981 500316929 11794669
0b000601 0b00ce01 10003 100 7631965 2013019132 577159093 10652544
0b000501 0b00c801 10025 100 18635463 2095145704 495163768 11575079
0b000c01 0b00c301 10003 100 9282925 2019899074 570667010 10790960
0b000401 0b00c001 10022 100 5020885 2088950553 501690475 10433631
0b000301 0b00c301 10001 100 15776818 2002761089 588144848 11335409
0b000e01 0b00c901 10022 100 24436537 2060947784 530688167 12061441
0b000a01 0b00cd01 10025 100 8366306 2098201626 493802544 10714113
0b000401 0b00c501 10025 100 16545273 2074586339 517424346 11399838
0b000a01 0b00c501 10006 100 9503574 2018865275 573345298 10809461
0b000c01 0b00cb01 10016 100 7886954 2037343905 555713721 10673922
0b000c01 0b00c101 10008 100 7702842 2046060537 547039412 10658486
0b000a01 0b00c701 10023 100 9077852 2052350098 540941483 10773767
0b000601 0b00cc01 10030 100 7935766 2066632521 527380023 10678015
0b000001 0b00c701 10020 100 5895714 2036960808 557544083 10506977
0b000801 0b00c101 10027 100 11120056 2054475952 540058840 10944989
0b000801 0b00cc01 10026 100 9824498 2067237984 527487141 10836367
0b000901 0b00c601 10011 100 12806655 2037088391 558740340 11086391
0b000201 0b00c801 10019 100 8148529 2069364764 526617552 10695854
0b000f01 0b00c401 10014 100 11688749 2041947512 554557640 10992665
0b000801 0b00c401 10018 100 9989372 2055307549 541659863 10850191
0b000201 0b00c101 10024 100 9426211 2073544363 523517371 10802976
0b000c01 0b00cd01 10038 100 7632214 2096398385 501103624 10652567
0b000a01 0b00cc01 10017 100 9672441 2046626310 552076724 10823619
0b000001 0b00c901 10028 100 8752964 2053121608 545636346 10746528
0b000001 0b00c101 10022 100 5296593 2083177962 517077954 10456747
0b000b01 0b00c201 10012 100 15480655 2043963939 556942575 11310579
0b000601 0b00c601 10031 100 8486355 2076957624 523982267 10724178
0b000601 0b00c501 10010 100 9052383 2027917513 573041132 10771634
0b000e01 0b00c801 10009 100 13228555 2013670858 587846877 11121763
0b000c01 0b00c601 10005 100 8124718 2019919778 582088771 10693857
0b000001 0b00ce01 10018 100 7730418 2041854557 560523039 10660800
0b000601 0b00c401 10005 100 9327836 2007323636 595156772 10794726
0b000c01 0b00cd01 10032 100 8257784 2085336438 517375113 10705013
0b000601 0b00cc01 10006 100 9066957 2016001053 587817996 10772853
0b000401 0b00c101 10026 100 6292037 2063162907 540701103 10540208
0b000d01 0b00c101 10015 100 24448229 2060319419 543547012 12062422
0b000101 0b00c301 10031 100 11865837 2078739548 525158940 11007512
0b000401 0b00cd01 10026 100 5885280 2080184271 523795055 10506104
0b000801 0b00c201 10007 100 16690257 2022170056 581836395 11411994
0b000a01 0b00cb01 10037 100 10685452 2098365846 505880933 10908550
0b000901 0b00ca01 10019 100 17738694 2044569316 559783570 11499893
0b000b01 0b00c801 10021 100 13703058 2069132393 535836781 11161548
0b000d01 0b00c701 10018 100 8635602 2047338191 558589179 10736690
0b000901 0b00c701 10043 100 17157293 2095758222 510313335 11451150
0b000b01 0b00c401 10000 100 18365396 2001065454 605014782 11552437
0b000001 0b00ca01 10033 100 4924264 2095360058 510896820 10425533
0b000001 0b00c501 10030 100 5676913 2063399797 543068639 10488632
0b000601 0b00c801 10020 100 9570092 2061808237 544829729 10815040
0b000e01 0b00c001 10000 100 25444548 2000162834 606556261 12145952
0b000601 0b00c301 10025 100 7556624 2051553033 555440769 10646228
0b000601 0b00ce01 10020 100 7616963 2057182770 549920209 10651286
0b000a01 0b00c801 10032 100 13935374 2071396338 536201630 11181024
0b000e01 0b00ca01 10021 100 9895666 2031126356 576530308 10842333
0b000901 0b00ca01 10011 100 17203458 2020024312 587880298 11455020
0b000601 0b00c701 10018 100 8564577 2046976476 561185289 10730735
0b000e01 0b00cd01 10025 100 17562427 2073860026 534494417 11485116
0b000901 0b00c501 10012 100 16964183 2022534418 585849221 11434960
0b000e01 0b00c301 10025 100 11090454 2066856680 541731296 10942505
0b000101 0b00ce01 10017 100 18190994 2043992892 564920310 11537812
0b000e01 0b00c501 10031 100 12183274 2087808899 521806638 11034128
0b000d01 0b00c801 10022 100 9394989 2067035619 542624680 10800355
0b000c01 0b00c601 10034 100 8114653 2093008014 517302735 10693013
0b000d01 0b00ca01 10024 100 9667898 2070215156 540239091 10823236
0b000601 0b00c301 10006 100 8953669 2010835318 599886483 10763356
0b000f01 0b00cc01 10005 100 23797972 2007931769 602890289 12007902
0b000001 0b00c201 10020 100 6392469 2070121289 540963300 10548626
0b000401 0b00c501 10032 100 8281513 2083294979 528335472 10707003
0b000501 0b00c001 10012 100 8641411 2010900511 600896820 10737178
0b000801 0b00c301 10028 100 13653927 2080814795 531046269 11157425
0b000201 0b00c501 10021 100 5811106 2063700563 548633488 10499886
0b000d01 0b00ce01 10030 100 20419324 2092721173 519644661 11724638
0b000101 0b00cf01 10032 100 14197758 2079575536 532920244 11203020
0b000401 0b00c101 10037 100 5321547 2085122313 527923120 10458840
0b000e01 0b00cb01 10025 100 7953692 2082770684 530602306 10679518
0b000601 0b00cd01 10000 100 9514844 2008836630 604555116 10810405
0b000601 0b00c101 10021 100 9338067 2067443195 546237434 10795587
0b000901 0b00cb01 10006 100 20642140 2025155060 588568822 11743320
0b000401 0b00c801 10019 100 7420304 2064744382 548998324 10634800
0b000001 0b00c901 10041 100 6956491 2079658187 534331671 10595914
0b000401 0b00cd01 10027 100 8639908 2092563392 521490887 10737050
0b000701 0b00cc01 10027 100 13079428 2086474007 527820213 11109261
0b000401 0b00c901 10025 100 9080539 2075564836 538892626 10773994
0b000e01 0b00c901 10000 100 24092103 2001284458 613446974 12032565
0b000201 0b00cd01 10004 100 9382125 2006500502 608695931 10799280
0b000801 0b00c901 10026 100 8248396 2087809628 527792421 10704227
0b000401 0b00cf01 10013 100 9633042 2044833742 571712384 10820317
0b000401 0b00ca01 10002 100 8981565 2009910042 607096200 10765696
0b000201 0b00ce01 10020 100 11755272 2030823381 586428533 10998244
0b000601 0b00c101 10018 100 8924598 2061922129 555338013 10760919
0b000001 0b00c801 10049 100 6221429 2092420848 525035879 10534286
0b000201 0b00c101 10023 100 20498679 2054507071 563409097 11731290
0b000601 0b00c501 10037 100 5464765 2084547955 533520836 10470846
0b000001 0b00cf01 10042 100 6354597 2092576851 525985849 10545450
0b000401 0b00c301 10041 100 9611362 2092204150 526626374 10818499
0b000c01 0b00c401 10041 100 9877913 2092602567 526444439 10840844
0b000301 0b00c001 10001 100 19417254 2004900634 614922406 11640625
0b000a01 0b00cf01 10028 100 15064518 2066172878 553949093 11275691
0b000101 0b00ca01 10017 100 16042467 2040255623 581255893 11357682
0b000701 0b00c601 10034 100 14605142 2086608110 534940840 11237178
0b000e01 0b00c101 10025 100 27285391 2056978915 564617931 12300289
0b000501 0b00c201 10023 100 18332163 2092823979 528854169 11549651
0b000701 0b00cd01 10008 100 15847854 2020880780 600841168 11341364
0b000d01 0b00c401 10027 100 20200607 2082049887 540427162 11706300
0b000d01 0b00c301 10025 100 16342333 2076686989 546352899 11382823
0b000d01 0b00c801 10008 100 17978421 2011332219 611993918 11519993
0b000201 0b00c001 10006 100 9918138 2029532278 594809672 10844220
0b000d01 0b00cf01 10016 100 18531178 2033240371 591145637 11566337
0b000c01 0b00c201 10007 100 8659778 2023778549 601560089 10738716
0b000601 0b00c901 10005 100 8900603 2025054262 600752089 10758908
0b000001 0b00ce01 10023 100 8669047 2050858649 575140162 10739496
0b000a01 0b00c501 10014 100 15790827 2045491923 580621121 11336583
0b000501 0b00cc01 10026 100 9781300 2051189150 575061785 10832746
0b000001 0b00c301 10010 100 6100205 2046853283 579646173 10524124
0b000601 0b00c301 10013 100 9293529 2025934964 600598252 10791851
0b000a01 0b00cf01 10027 100 18920545 2065625493 560908535 11598980
0b000201 0b00cb01 10023 100 8636809 2079504363 547058477 10736790
0b000301 0b00cf01 10020 100 25656865 2064958206 561792084 12163752
0b000601 0b00cc01 10009 100 8120416 2022389669 604376377 10693497
0b000001 0b00c801 10052 100 5497595 2099803018 526978091 10473599
0b000401 0b00c601 10024 100 8062418 2057646892 570274495 10688635
0b000101 0b00c601 10031 100 15548222 2079761947 548734827 11316245
0b000101 0b00c401 10007 100 22667176 2024506096 604212029 11913099
0b000d01 0b00ca01 10013 100 20350482 2051440146 577397027 11718866
0b000201 0b00c901 10018 100 17942924 2041749300 587215962 11517015
0b000d01 0b00c101 10008 100 10440842 2045321831 583768637 10888040
0b000101 0b00c201 10030 100 15853290 2079824714 549509269 11341822
0b000201 0b00c301 10034 100 9195679 2085761880 544279479 10783646
0b000201 0b00c701 10021 100 9429222 2052853176 577835951 10803228
0b000401 0b00c101 10034 100 13323945 2076526942 554569119 11129759
0b000001 0b00c801 10014 100 7536760 2025903813 605405581 10644562
0b000a01 0b00c001 10004 100 17763086 2005980909 626041179 11501940
0b000301 0b00c101 10008 100 12195646 2008742191 623442651 11035164
0b000801 0b00ce01 10008 100 14163486 2027269507 604937590 11200148
0b000b01 0b00c401 10020 100 19385575 2040592043 592245537 11637968
0b000801 0b00cc01 10009 100 9620006 2022024442 611036156 10819225
0b000601 0b00c001 10022 100 7847832 2057553713 575663816 10670642
0b000701 0b00c601 10005 100 17372686 2015810828 617763876 11469207
0b000801 0b00c701 10021 100 25532695 2040790213 593415971 12153342
0b000201 0b00ce01 10013 100 11031163 2026066189 608167140 10937535
0b000601 0b00c301 10044 100 7722550 2098074528 536169084 10660140
0b000301 0b00cd01 10013 100 17323671 2051624782 583295208 11465097
0b000c01 0b00c201 10023 100 18703457 2059915213 576664934 11580779
0b000801 0b00cd01 10033 100 20434472 2091270992 545981601 11725908
0b000701 0b00c201 10003 100 21465174 2013816251 623917477 11812323
0b000701 0b00c401 10000 100 22162744 2003501271 634284817 11870805
0b000401 0b00c401 10020 100 5813706 2068480480 569860529 10500102
0b000301 0b00c001 10027 100 19581274 2083790131 554985287 11654376
0b000001 0b00c501 10008 100 8808239 2021149646 617928448 10751165
0b000b01 0b00ca01 10024 100 22986821 2062826160 576625595 11939895
0b000d01 0b00c601 10036 100 27160810 2094953391 544720097 12289843
0b000801 0b00c001 10028 100 25557344 2091923391 548083577 12155410
0b000301 0b00c501 10006 100 14250055 2009790630 630268922 11207408
0b000c01 0b00c401 10017 100 9196109 2035856267 604377376 10783685
0b000701 0b00c801 10029 100 23094972 2090911691 549801880 11948962
0b000c01 0b00c501 10017 100 8820634 2037524341 604189324 10752203
0b000b01 0b00c501 10011 100 18374678 2034609353 607119100 11553214
0b000601 0b00c201 10032 100 9268267 2093285427 548762470 10789734
0b000101 0b00cc01 10015 100 23120984 2022783303 620035511 11951143
0b000301 0b00cc01 10028 100 13475377 2076882760 566001195 11142458
0b000801 0b00c401 10004 100 27127823 2014133103 629115864 12287077
0b000a01 0b00c701 10011 100 13595096 2031907765 611805948 11152496
0b000001 0b00c801 10027 100 6433609 2054026180 589785304 10552075
0b000601 0b00cd01 10016 100 9907649 2040140848 603809946 10843338
0b000201 0b00ce01 10021 100 18968631 2031835892 612196195 11603011
0b000601 0b00c501 10022 100 7988574 2056889545 587340641 10682443
0b000701 0b00c401 10017 100 20061474 2052360731 591901775 11694636
0b000601 0b00cd01 10027 100 9390281 2057149229 587660257 10799963
0b000001 0b00c401 10015 100 8671180 2044419865 600549359 10739674
0b000601 0b00ce01 10012 100 21090135 2042173070 603065634 11780880
0b000a01 0b00c701 10040 100 28344849 2080001132 565263169 12389112
0b000b01 0b00cd01 10028 100 29961509 2098253490 547248473 12524654
0b000001 0b00c501 10005 100 9106889 2015705441 629919964 10776202
0b000201 0b00cd01 10033 100 15946316 2078518685 567313178 11349621
0b000001 0b00cf01 10032 100 5308441 2076654234 569334744 10457741
0b000601 0b00c301 10002 100 11365879 2001314978 645544271 10965595
0b000b01 0b00c901 10023 100 15424033 2056130244 590985639 11305834
0b000b01 0b00c501 10017 100 15900582 2053685570 594259985 11345786
0b000001 0b00c001 10008 100 7341333 2007528735 640476389 10628179
0b000c01 0b00c001 10007 100 13791987 2028511786 621050252 11169000
0b000001 0b00cc01 10017 100 8432193 2038750858 610850015 10719638
0b000c01 0b00ca01 10026 100 17298159 2095321831 554386051 11462960
0b000601 0b00cd01 10008 100 11438399 2023536329 626181287 10971677
0b000d01 0b00c001 10019 100 14674640 2065613495 584186035 11243003
0b000701 0b00c201 10036 100 24759775 2090210748 559807941 12088540
0b000601 0b00cf01 10010 100 12214139 2026467921 623718842 11036716
0b000601 0b00c101 10016 100 24877358 2054749682 595478555 12098400
0b000201 0b00ce01 10009 100 27240855 2022355085 628082134 12296553
0b000201 0b00c701 10014 100 23127764 2036947088 613653662 11951712
0b000b01 0b00cf01 10013 100 17501771 2040552647 610106726 11480029
0b000901 0b00c001 10013 100 26103796 2040920938 610212874 12201223
0b000001 0b00c201 10019 100 9827581 2065884926 585319735 10836626
0b000c01 0b00c901 10014 100 25847288 2046994135 606318720 12179719
0b000a01 0b00cd01 10016 100 22159009 2072244439 581647413 11870495
0b000701 0b00c801 10026 100 28399472 2082303282 571784361 12393693
0b000a01 0b00ce01 10003 100 26985595 2007052682 647440095 12275153
0b000a01 0b00c201 10019 100 23400405 2044402752 610279143 11974572
0b000b01 0b00ce01 10024 100 23277738 2091631630 563453715 11964286
0b000d01 0b00ce01 10014 100 19010882 2042133725 613039588 11606552
0b000001 0b00c701 10007 100 7980698 2009321536 645917659 10681782
0b000c01 0b00c001 10027 100 22384937 2089382141 566894606 11889433
0b000801 0b00ca01 10025 100 27461196 2053354731 603073861 12315029
0b000c01 0b00c401 10016 100 19423691 2033372981 623106350 11641163
0b000401 0b00c701 10009 100 16024976 2022441253 634370637 11356214
0b000001 0b00cb01 10020 100 8280672 2079920173 577573009 10706932
0b000001 0b00c101 10009 100 8499054 2037530385 620444516 10725244
0b000001 0b00c001 10004 100 9719924 2002467900 655669866 10827598
0b000c01 0b00cd01 10030 100 21944222 2077363544 580807777 11852486
0b000c01 0b00c701 10019 100 26107340 2061690522 597054283 12201521
0b000001 0b00c901 10009 100 8447117 2017296093 641753627 10720889
0b000401 0b00c901 10027 100 13687033 2082826111 576321498 11160204
0b000c01 0b00c001 10024 100 26530582 2076020177 583660859 12237005
0b000101 0b00cd01 10023 100 23503587 2053143212 607479704 11983222
0b000401 0b00ce01 10034 100 14761133 2096581474 564256682 11250256
0b000401 0b00c101 10019 100 16161283 2049415740 612026322 11367644
0b000101 0b00c701 10012 100 28924401 2055915979 605533326 12437704
0b000a01 0b00c701 10031 100 29840467 2062974275 598579191 12514506
0b000201 0b00c801 10003 100 26983870 2016796462 645143391 12275008
0b000101 0b00ce01 10016 100 19357576 2039045141 622931286 11635620
0b000401 0b00ce01 10010 100 17739985 2026532513 635720457 11500000
0b000401 0b00c401 10005 100 25641730 2027644041 634617598 12162483
0b000d01 0b00c801 10025 100 23935017 2077535761 584871371 12019395
0b000001 0b00c701 10019 100 8566074 2034898128 627753382 10730863
0b000c01 0b00c001 10022 100 6887895 2074133645 588543792 10590161
0b000c01 0b00c201 10015 100 8544156 2044942717 617756813 10729025
0b000201 0b00cc01 10013 100 26305111 2030255255 632692257 12218103
0b000c01 0b00c301 10026 100 8341799 2081633110 581368420 10712057
0b000001 0b00c101 10020 100 14899570 2079805159 583444547 11261861
0b000101 0b00cb01 10002 100 26619355 2007243444 656120635 12244449
0b000401 0b00c501 10028 100 14334696 2078007560 585989526 11214502
0b000101 0b00c601 10018 100 21002712 2045519168 618692668 11773548
0b000001 0b00c101 10008 100 9719322 2036962740 627608889 10827550
0b000401 0b00ce01 10002 100 6932843 2010012107 654559891 10593930
0b000601 0b00c101 10013 100 23904605 2040444458 624348291 12016843
0b000401 0b00c901 10019 100 16215681 2053586273 611237501 11372203
0b000c01 0b00c301 10004 100 9003119 2021642524 643271850 10767504
0b000c01 0b00c201 10030 100 8620609 2074505627 590465605 10735433
0b000101 0b00cb01 10035 100 22800354 2089257361 576021053 11924264
0b000c01 0b00c501 10042 100 8908797 2092135514 573558056 10759594
0b000001 0b00c101 10027 100 11417913 2094646365 571451434 10969958
0b000c01 0b00c701 10024 100 12178437 2083687405 582432192 11033722
0b000801 0b00cb01 10018 100 6366799 2057172448 609121628 10546473
0b000601 0b00ce01 10027 100 17603650 2079698726 586808591 11488571
0b000401 0b00ca01 10028 100 27777783 2079307973 587469872 12341570
0b000601 0b00cc01 10017 100 9922174 2039902323 627153815 10844558
0b000001 0b00c101 10014 100 16331658 2062787311 604544284 11381927
0b000501 0b00cb01 10023 100 20170119 2062072827 605642194 11703746
0b000001 0b00cf01 10029 100 19279574 2070735221 597701898 11629081
0b000001 0b00c201 10012 100 27141832 2036267476 632224706 12288251
0b000601 0b00cb01 10004 100 28532019 2025472602 643408894 12404808
0b000601 0b00cd01 10038 100 12640685 2092556447 576462624 11072476
0b000001 0b00c501 10031 100 29257720 2064734871 604470130 12465648
0b000001 0b00c901 10008 100 7071257 2016000122 653385125 10605537
0b000001 0b00ca01 10023 100 6476290 2071259395 598243006 10555654
0b000001 0b00c001 10044 100 7530860 2096607628 573314793 10644067
0b000801 0b00cb01 10024 100 26810121 2064804781 605440729 12260443
0b000c01 0b00cc01 10038 100 19161101 2077668591 592676359 11619150
0b000601 0b00c201 10036 100 5665540 2096751809 573947552 10487680
0b000c01 0b00cb01 10019 100 21793869 2043453996 627350040 11839878
0b000001 0b00c601 10026 100 8928761 2055015424 615937219 10761268
0b000c01 0b00c201 10017 100 22156837 2047125477 623977783 11870309
0b000601 0b00c601 10025 100 16880745 2046273489 624883852 11427962
0b000001 0b00c701 10041 100 9583538 2086467991 584755204 10816165
0b000001 0b00ca01 10006 100 9123160 2023939996 647434200 10777568
0b000201 0b00c701 10010 100 17145429 2031272035 640301778 11450154
0b000c01 0b00c201 10010 100 22160917 2026521828 645166690 11870651
0b000001 0b00cc01 10034 100 6287445 2091666240 580079511 10539821
0b000c01 0b00c501 10009 100 21582504 2022012023 650007787 11822159
0b000601 0b00cc01 10020 100 25515753 2044421284 627620652 12151921
0b000001 0b00c901 10034 100 6680817 2060937239 611295598 10572800
0b000d01 0b00c801 10005 100 29661424 2007865674 664436651 12499496
0b000001 0b00c801 10034 100 6858994 2071528466 600791584 10587738
0b000401 0b00cf01 10017 100 6335726 2053139058 619300513 10543868
0b000001 0b00cd01 10002 100 24971531 2003638651 669090172 12106294
0b000501 0b00c001 10019 100 20103259 2028549428 644333989 11698140
0b000001 0b00c201 10000 100 18337818 2002542118 670437195 11550123
0b000401 0b00c101 10040 100 26016372 2089633972 583546676 12193895
0b000401 0b00c801 10016 100 28605327 2062372755 610814373 12410953
0b000501 0b00c401 10004 100 7413005 2019144060 654583599 10634190
0b000401 0b00cf01 10027 100 24119884 2091593324 582447798 12034891
0b000001 0b00c301 10003 100 29717148 2014316163 659828445 12504168
0b000401 0b00ca01 10010 100 24697600 2029385421 644948088 12083328
0b000301 0b00c401 10021 100 21642843 2067492343 606842869 11827216
0b000501 0b00c301 10023 100 28732040 2066756083 607671685 12421577
0b000301 0b00ce01 10024 100 24714464 2056137851 618661919 12084742
0b000001 0b00c701 10003 100 29427371 2003743022 671159660 12479873
0b000f01 0b00cc01 10031 100 20424058 2078825382 596226083 11725036
0b000c01 0b00c201 10032 100 29631145 2090095438 585019374 12496958
0b000301 0b00c201 10008 100 27788525 2011822855 663641856 12342471
0b000501 0b00c301 10014 100 7160328 2036177337 640186350 10613004
0b000001 0b00cb01 10013 100 16947721 2036613728 640436992 11433578
0b000001 0b00ca01 10002 100 25247084 2008620066 668457621 12129399
0b000001 0b00c701 10016 100 17238253 2026935728 650206700 11457938
0b000301 0b00cd01 10030 100 29169917 2083475761 594159949 12458286
0b000101 0b00c501 10036 100 29753861 2089710455 588873596 12507244
0b000c01 0b00c601 10027 100 21761776 2072412495 606512776 11837188
0b000001 0b00ca01 10017 100 8769770 2057765438 621380248 10747938
0b000701 0b00c701 10018 100 19832018 2048014886 631363963 11675400
0b000201 0b00c301 10000 100 20090129 2005409242 674698483 11697039
0b000701 0b00ca01 10005 100 22205586 2009373051 670933882 11874397
0b000001 0b00ca01 10013 100 15134509 2044767407 636090564 11281559
0b000001 0b00c701 10033 100 8936449 2069657326 611323191 10761914
0b000001 0b00c001 10011 100 9769435 2011437282 669674455 10831751
0b000601 0b00c301 10034 100 26300505 2072712392 608542803 12217716
0b000501 0b00c801 10005 100 28411215 2017730507 663890631 12394679
0b000601 0b00c201 10001 100 24366777 2004162635 677549656 12055591
0b000f01 0b00ca01 10037 100 23039172 2088469610 594144861 11944287
0b000b01 0b00c901 10005 100 25819300 2010896150 671809012 12177372
0b000201 0b00c901 10015 100 26110669 2038145598 644794872 12201799
0b000201 0b00c601 10000 100 28293353 2003403089 679601342 12384797
0b000c01 0b00cd01 10004 100 29608396 2008441397 678026324 12495050
0b000001 0b00c601 10035 100 9431660 2077112194 609762973 10803431
0b000001 0b00cc01 10012 100 16654854 2028811659 659297282 11409023
0b000001 0b00c901 10029 100 10125966 2055886285 632775457 10861641
0b000601 0b00c701 10034 100 6098665 2099047618 589616705 10523993
0b000801 0b00ca01 10019 100 7430160 2044177347 645145083 10635627
0b000601 0b00c301 10040 100 27691087 2090465473 598879330 12334304
0b000001 0b00ca01 10005 100 27595487 2022318228 667310698 12326287
0b000201 0b00ca01 10020 100 29081975 2077564886 612113460 12450912
0b000001 0b00c501 10026 100 7530808 2055977409 633968455 10644063
0b000401 0b00c301 10037 100 7219770 2072638174 617342707 10617986
0b000001 0b00c401 10024 100 7288141 2071222149 619477633 10623721
0b000301 0b00cf01 10013 100 8203844 2035080713 655853971 10700490
0b000e01 0b00c301 10027 100 9338949 2068281433 622727664 10795657
0b000001 0b00c701 10031 100 16626989 2062209939 628804187 11406686
0b000501 0b00c701 10002 100 8813954 2004338392 687137645 10751642
0b000e01 0b00ca01 10003 100 9491359 2006680008 685162567 10808438
0b000401 0b00c701 10014 100 25742391 2052284556 639589094 12170924
0b000401 0b00c101 10041 100 8044896 2090750477 601402378 10687164
0b000201 0b00cd01 10037 100 9000868 2090750043 601525872 10767313
0b000401 0b00ca01 10003 100 7766865 2014330112 678218623 10663854
0b000401 0b00c201 10036 100 8217559 2079750948 612892129 10701641
0b000801 0b00c301 10020 100 8888887 2050391333 642344359 10757924
0b000601 0b00c901 10011 100 8533349 2037798870 654960059 10728118
0b000401 0b00cb01 10041 100 8576305 2090514924 602340143 10731720
0b000401 0b00c701 10002 100 9308587 2002674836 691032325 10793113
0b000401 0b00c701 10017 100 7887211 2056629528 637558406 10673946
0b000301 0b00c901 10009 100 11333153 2031399765 663196175 10962854
0b000001 0b00ca01 10010 100 26328963 2042630358 652309680 12220100
0b000401 0b00ce01 10004 100 11291283 2014868938 681115593 10959343
0b000001 0b00c701 10032 100 9669747 2068361926 627694957 10823392
0b000001 0b00c701 10010 100 23478879 2016282251 680095931 11981149
0b000401 0b00c101 10032 100 20566116 2075358138 622092499 11736946
0b000e01 0b00c101 10037 100 18686969 2087470049 612003665 11579395
0b000401 0b00c401 10017 100 14153300 2060040415 640682004 11199295
0b000801 0b00c101 10004 100 20474558 2008715490 692380700 11729268
0b000301 0b00c301 10037 100 23467862 2090175582 611910509 11980226
0b000301 0b00c101 10034 100 29416808 2081572192 621319926 12478985
0b000301 0b00c401 10024 100 25180580 2072635652 630632755 12123821
0b000e01 0b00c101 10000 100 23824008 2004418494 699317539 12010088
0b000801 0b00c101 10034 100 24706315 2079690457 624442096 12084060
0b000601 0b00ce01 10036 100 16239711 2091967321 612852470 11374218
0b000501 0b00c601 10009 100 9957606 2038746381 667347739 10847527
0b000601 0b00c201 10010 100 23057102 2034940321 671953348 11945790
0b000601 0b00c201 10030 100 24412008 2089536518 617877503 12059386
0b000601 0b00c401 10029 100 28190729 2058855766 649040166 12376191
0b000b01 0b00ce01 10000 100 28379679 2003143236 705184092 12392033
0b000b01 0b00c701 10023 100 28390903 2057547115 652256308 12392973
0b000a01 0b00ce01 10025 100 29999669 2081317620 628894831 12527853
0b000901 0b00cb01 10033 100 23085052 2091195576 622237449 11948134
0b000601 0b00c401 10032 100 27269632 2069112419 649738422 12298967
0b000f01 0b00c901 10002 100 29564743 2003885235 717707023 12491389
0b000001 0b00c901 10027 100 22550763 2051307137 679180217 11903336
