0b000701 0b00cb01 10000 100 10855 2000042306 10013556 10013590
0b000801 0b00ce01 10000 100 45825 2000202391 10020167 10016522
0b000601 0b00c401 10000 100 2466502 2001352579 11685821 10219473
0b000501 0b00c101 10000 100 194302 2001675134 11527914 10028972
0b000501 0b00cb01 10000 100 55962 2001919771 11372791 10017372
0b000f01 0b00c101 10000 100 6810 2001968021 11399442 10013251
0b000e01 0b00c601 10000 100 6658700 2000903146 12481649 10570946
0b000b01 0b00ce01 10000 100 2208508 2001803926 11602939 10197843
0b000601 0b00ce01 10000 100 3615275 2001322995 12263136 10315787
0b000d01 0b00ca01 10001 100 2612 2001919514 11668546 10012900
0b000001 0b00cd01 10000 100 24075 2002125211 11470930 10014702
0b000501 0b00c701 10001 100 802057 2002260259 11711910 10079928
0b000f01 0b00cb01 10000 100 135927 2002491893 11652790 10024076
0b000e01 0b00c101 10000 100 22490 2002622389 11712524 10014567
0b000401 0b00c401 10001 100 19398 2002738288 11873700 10014308
0b000101 0b00c301 10000 100 1318113 2003085721 12408710 10123194
0b000b01 0b00c401 10001 100 78190 2003622816 12380022 10019238
0b000701 0b00cb01 10001 100 19706 2003982714 12507900 10014333
0b000c01 0b00cb01 10001 100 72574 2004445263 13148799 10018766
0b000701 0b00c701 10001 100 18454 2004283313 13401752 10014229
0b000301 0b00c301 10000 100 1703174 2004559972 13546999 10155477
0b000301 0b00c701 10000 100 1803720 2000162508 18180992 10163904
0b000501 0b00cd01 10001 100 41594 2004592938 13753084 10016168
0b000601 0b00cd01 10001 100 8264 2004758935 13587775 10013375
0b000301 0b00cc01 10000 100 61649 2000345428 18017812 10017850
0b000e01 0b00cd01 10002 100 652661 2004689779 13771361 10067400
0b000501 0b00c401 10001 100 67936 2004987385 13478717 10018376
0b000301 0b00c901 10000 100 741083 2000372494 18120659 10074815
0b000201 0b00c901 10000 100 39908 2000560858 18020546 10016026
0b000601 0b00cd01 10002 100 56844 2004759003 14614841 10017446
0b000b01 0b00c401 10000 100 69218 2001207127 18449560 10018486
0b000001 0b00cf01 10000 100 1523930 2001224019 18853222 10140446
0b000a01 0b00cc01 10000 100 6779174 2001090098 19865058 10581049
0b000f01 0b00c301 10001 100 5531 2006820545 14199351 10013145
0b000c01 0b00c301 10001 100 71261 2006830647 14329850 10018657
0b000101 0b00c201 10000 100 1071975 2001763416 19413871 10102554
0b000f01 0b00c301 10000 100 363525 2001650099 19531330 10043159
0b000201 0b00cb01 10000 100 29727 2001473110 19861208 10015173
0b000301 0b00cb01 10000 100 1134514 2001745301 19815081 10107799
0b000301 0b00c401 10001 100 11188 2005238088 16440059 10013621
0b000a01 0b00c701 10000 100 2151500 2002164925 19814510 10193063
0b000001 0b00cc01 10000 100 68576 2002454698 19635488 10018431
0b000801 0b00c701 10000 100 33933 2002528265 19661086 10015525
0b000601 0b00ce01 10001 100 2732238 2002217212 20035418 10241753
0b000301 0b00c801 10000 100 64863 2002662626 19677134 10018118
0b000a01 0b00c701 10001 100 20149 2002740683 19638187 10014372
0b000d01 0b00c101 10001 100 49021 2000374023 22027248 10016793
0b000401 0b00ca01 10001 100 2300 2000545632 22021612 10012875
0b000001 0b00ce01 10000 100 1238572 2006394670 16293712 10116523
0b000601 0b00cd01 10000 100 70840 2000683626 22091274 10018619
0b000a01 0b00cf01 10000 100 785226 2002866970 19910310 10078516
0b000401 0b00ce01 10001 100 29233 2002883274 19962068 10015133
0b000a01 0b00c401 10000 100 623418 2002891543 20013609 10064949
0b000801 0b00cf01 10000 100 45551 2003093447 19837563 10016500
0b000201 0b00c101 10000 100 20418 2000846981 22115817 10014394
0b000801 0b00c701 10003 100 323486 2006779260 16245153 10039803
0b000701 0b00c801 10000 100 66441 2000906685 22127576 10018252
0b000501 0b00c901 10001 100 15701 2000931932 22130999 10013997
0b000301 0b00ce01 10000 100 7708721 2004691173 18543534 10658980
0b000501 0b00cb01 10001 100 170411 2006677940 16653800 10026969
0b000401 0b00cf01 10003 100 9983 2008001924 15346688 10013517
0b000201 0b00c501 10002 100 108107 2006999309 16752307 10021747
0b000301 0b00c901 10001 100 994456 2001114000 22658531 10096057
0b000b01 0b00c701 10000 100 79657 2003494783 20469572 10019359
0b000901 0b00c301 10000 100 59712 2007210541 16887023 10017687
0b000a01 0b00c401 10001 100 7592 2007350882 16766409 10013318
0b000e01 0b00ca01 10000 100 22387 2001393793 22888997 10014559
0b000201 0b00c201 10000 100 2500629 2003159102 21135360 10222334
0b000e01 0b00c401 10000 100 25026 2008997742 15300972 10014781
0b000501 0b00c901 10000 100 9904576 2000567957 23740993 10843081
0b000201 0b00c801 10000 100 561700 2003614306 20765901 10059774
0b000001 0b00c501 10000 100 124909 2001079926 23351975 10023152
0b000301 0b00c701 10001 100 248622 2003745266 20712077 10033525
0b000001 0b00c701 10000 100 9273 2003833763 20653452 10013460
0b000701 0b00c301 10000 100 97411 2003846612 20656254 10020849
0b000e01 0b00c701 10000 100 35388 2003888744 20629382 10015649
0b000a01 0b00c501 10000 100 22646 2001696481 23059740 10014580
0b000e01 0b00cd01 10000 100 6229778 2001165627 23994631 10534985
0b000801 0b00ca01 10000 100 30497 2002056770 23144136 10015238
0b000301 0b00c801 10001 100 6599 2010577678 14736764 10013234
0b000e01 0b00cd01 10001 100 73222 2002110685 23483449 10018821
0b000801 0b00c701 10001 100 4773155 2003249562 22345225 10412864
0b000701 0b00cb01 10002 100 1085735 2004004509 21693422 10103709
0b000301 0b00ca01 10000 100 611141 2002631850 23255401 10063921
0b000a01 0b00cd01 10000 100 114525 2009076053 16902329 10022283
0b000101 0b00ca01 10000 100 1959151 2002497650 23510169 10176938
0b000d01 0b00c401 10000 100 27774 2002375492 23637449 10015009
0b000601 0b00c601 10000 100 3200940 2006102115 20130119 10281047
0b000601 0b00c501 10000 100 744805 2002859728 23591672 10075125
0b000401 0b00ca01 10002 100 42491 2002940528 23531900 10016244
0b000501 0b00c801 10000 100 1727911 2002687353 23909433 10157548
0b000701 0b00c101 10000 100 66535 2009395329 17207548 10018260
0b000e01 0b00c301 10000 100 5710 2004636507 22018745 10013159
0b000b01 0b00c601 10000 100 40651 2003297197 23365275 10016089
0b000801 0b00ce01 10001 100 171321 2003305887 23381863 10027046
0b000801 0b00cd01 10000 100 2269637 2010098651 16634742 10202967
0b000f01 0b00ce01 10000 100 32046 2003021921 23720493 10015370
0b000601 0b00c401 10001 100 25587 2010055282 16710541 10014826
0b000701 0b00c001 10000 100 38435 2003291565 23591404 10015904
0b000101 0b00cd01 10000 100 72020 2003192137 23691426 10018721
0b000b01 0b00cc01 10000 100 20027 2004765625 22124291 10014362
0b000101 0b00c101 10000 100 903245 2003118511 23775812 10088410
0b000301 0b00cd01 10000 100 18596 2008754092 18215589 10014240
0b000f01 0b00c201 10000 100 7218775 2004006711 23003677 10617902
0b000401 0b00cb01 10000 100 7896 2003230961 24127061 10013342
0b000501 0b00cd01 10002 100 1231804 2007036786 20367621 10115955
0b000f01 0b00ca01 10000 100 226 2003966410 23541910 10012701
0b000701 0b00c801 10001 100 8956 2003986861 23543925 10013431
0b000001 0b00c601 10000 100 362942 2004061715 23552862 10043109
0b000301 0b00c401 10000 100 52617 2005027972 22784107 10017092
0b000e01 0b00cb01 10000 100 35258 2011830492 16075530 10015638
0b000e01 0b00cf01 10000 100 59502 2004165255 23884874 10017670
0b000301 0b00cb01 10001 100 4074 2004401754 23757506 10013025
0b000c01 0b00ca01 10001 100 77695 2012874912 15466114 10019195
0b000d01 0b00ce01 10000 100 149433 2004127376 24583893 10025210
0b000901 0b00c101 10000 100 18971 2004087558 24810621 10014270
0b000a01 0b00cf01 10001 100 36463 2004463643 24596532 10015739
0b000701 0b00c801 10002 100 7786 2005239801 24089713 10013333
0b000e01 0b00c201 10000 100 749479 2006917560 22436848 10075518
0b000e01 0b00c001 10000 100 331122 2004765438 24589436 10040444
0b000b01 0b00cf01 10000 100 3329951 2004012066 25453876 10291863
0b000301 0b00ca01 10001 100 186989 2004922350 24692872 10028357
0b000801 0b00cb01 10000 100 64546 2005098299 24522170 10018093
0b000801 0b00c401 10001 100 79 2015387712 14287949 10012690
0b000001 0b00c701 10001 100 29037 2006920822 22757920 10015118
0b000e01 0b00cd01 10003 100 65452 2005220044 24538905 10018169
0b000e01 0b00c801 10000 100 5954 2005383817 24375685 10013179
0b000f01 0b00c801 10000 100 22551 2005498976 24421557 10014572
0b000701 0b00c701 10002 100 6119197 2004304110 25646384 10525716
0b000f01 0b00c201 10001 100 108532 2005205083 25055976 10021781
0b000c01 0b00cb01 10003 100 625929 2011726714 18845029 10065158
0b000101 0b00c401 10000 100 9094 2000663911 30014731 10013445
0b000801 0b00cc01 10000 100 561443 2004457562 26272760 10059753
0b000601 0b00cc01 10000 100 122933 2006782933 23973639 10022986
0b000001 0b00c201 10002 100 34747 2014186936 16642595 10015594
0b000101 0b00ce01 10000 100 101885 2004338591 26560542 10021222
0b000101 0b00c901 10000 100 35498 2006708074 24217118 10015658
0b000d01 0b00c001 10001 100 57143 2008073974 22860296 10017474
0b000901 0b00cb01 10000 100 3939120 2005700963 25241604 10342939
0b000701 0b00c801 10004 100 23577 2007808053 23307192 10014658
0b000e01 0b00cf01 10001 100 23062 2005076079 26071795 10014617
0b000201 0b00c601 10001 100 12138744 2003181666 28066249 11030393
0b000101 0b00ca01 10002 100 25680 2007397375 23873682 10014834
0b000101 0b00cc01 10000 100 151797 2001067690 30209051 10025407
0b000b01 0b00c601 10001 100 67231 2006438050 25033196 10018319
0b000801 0b00c001 10000 100 7975970 2003395260 28138042 10681385
0b000701 0b00ce01 10002 100 197803 2014322341 17237796 10029264
0b000201 0b00c701 10001 100 42749 2008930156 22797873 10016265
0b000601 0b00cf01 10001 100 6092 2016597770 15138485 10013194
0b000901 0b00ce01 10000 100 7348995 2004222559 27520330 10628819
0b000501 0b00ca01 10001 100 65724 2016490914 15321354 10018191
0b000d01 0b00ca01 10003 100 1159675 2010395597 21695026 10109908
0b000101 0b00c801 10000 100 7723 2009229985 22863400 10013328
0b000c01 0b00c601 10000 100 103073 2000076609 32021206 10021325
0b000101 0b00c001 10000 100 51385 2009234890 22872775 10016990
0b000f01 0b00c101 10002 100 11695 2009251680 22894496 10013661
0b000701 0b00c001 10001 100 1724901 2006252823 25962075 10157296
0b000d01 0b00c101 10000 100 14317 2000216451 32018729 10013882
0b000301 0b00c601 10000 100 1910598 2005214850 27033275 10172866
0b000f01 0b00ca01 10001 100 4234396 2005184403 27104995 10367694
0b000b01 0b00ca01 10002 100 14903 2008055156 24273011 10013929
0b000401 0b00c401 10000 100 2978 2000304267 32031689 10012929
0b000f01 0b00c901 10001 100 49223 2007678932 24678067 10016809
0b000801 0b00c601 10000 100 67262 2006901955 25463408 10018322
0b000101 0b00cb01 10000 100 122124 2009743149 22684810 10022922
0b000d01 0b00cb01 10000 100 149480 2000419878 32069744 10025214
0b000a01 0b00cb01 10003 100 12560 2007103258 25415527 10013734
0b000e01 0b00ce01 10000 100 1458247 2009561356 23057861 10134942
0b000501 0b00c401 10002 100 393197 2006257746 26389835 10045648
0b000401 0b00cd01 10001 100 26381 2017443612 15268271 10014894
0b000301 0b00c101 10000 100 229 2007634679 25080395 10012702
0b000701 0b00c601 10001 100 9386 2008575299 24175549 10013469
0b000e01 0b00c301 10001 100 130501 2015125569 17713471 10023623
0b000001 0b00cf01 10001 100 7773 2006947076 25910407 10013332
0b000501 0b00c101 10004 100 27962 2017992965 14873469 10015024
0b000901 0b00cc01 10000 100 66962 2001634027 31250630 10018294
0b000f01 0b00cb01 10001 100 13803 2016675465 16270159 10013838
0b000601 0b00c701 10001 100 19158 2016416728 16628618 10014289
0b000301 0b00c501 10000 100 4094 2008666981 24398663 10013026
0b000201 0b00c901 10004 100 72153 2017652099 15438378 10018732
0b000301 0b00c101 10001 100 77750 2008758636 24469467 10019199
0b000401 0b00c501 10001 100 42545 2006831075 26405894 10016248
0b000401 0b00c401 10003 100 499879 2006569453 26685549 10054590
0b000201 0b00cf01 10000 100 57232 2001393831 31934444 10017481
0b000e01 0b00ca01 10001 100 1815285 2008908293 24447610 10164876
0b000d01 0b00c401 10001 100 33137 2006882806 26542368 10015461
0b000701 0b00c801 10005 100 69611 2017879440 15696102 10018517
0b000e01 0b00c801 10001 100 1741001 2006397075 27426375 10158649
0b000501 0b00cc01 10001 100 572789 2007338894 26670400 10060703
0b000201 0b00c401 10001 100 11549 2018751028 15287583 10013650
0b000601 0b00c601 10001 100 5542 2007358525 26689908 10013146
0b000101 0b00c501 10000 100 37174 2000041840 34017114 10015799
0b000801 0b00c501 10000 100 9322 2009684781 24660688 10013464
0b000801 0b00c001 10001 100 9404 2009887555 24479590 10013470
0b000d01 0b00cf01 10004 100 1413 2018335591 16043502 10012800
0b000b01 0b00cd01 10000 100 487047 2015104044 19290362 10053517
0b000d01 0b00c301 10001 100 100058 2017894978 16567582 10021072
0b000601 0b00cb01 10003 100 1182320 2014939518 19579599 10111808
0b000401 0b00ca01 10000 100 2915661 2000276230 34300359 10257130
0b000001 0b00c301 10000 100 8554803 2000401833 34192786 10729915
0b000b01 0b00c701 10001 100 964 2010558484 24054366 10012760
0b000801 0b00cb01 10001 100 1133123 2009268210 25406323 10107684
0b000201 0b00c501 10003 100 47409 2010245450 24436859 10016657
0b000701 0b00c301 10001 100 2110520 2010505208 24231763 10189627
0b000d01 0b00c601 10000 100 40930 2007810006 26993641 10016111
0b000201 0b00c501 10000 100 1953152 2000453697 34442605 10176435
0b000601 0b00c501 10001 100 6476 2010153111 24750250 10013224
0b000001 0b00c001 10002 100 22670 2010989089 23975103 10014581
0b000f01 0b00c901 10000 100 33538 2007277418 27798686 10015493
0b000601 0b00cc01 10001 100 122371 2010702372 24599472 10022942
0b000901 0b00c901 10000 100 6635 2011275656 24130072 10013237
0b000701 0b00c501 10001 100 43168 2011119122 24329697 10016302
0b000e01 0b00c801 10004 100 21092 2011683087 24032422 10014451
0b000e01 0b00c401 10003 100 23935 2011787958 23928505 10014686
0b000301 0b00c901 10002 100 1209553 2010498022 25256446 10114090
0b000b01 0b00ca01 10003 100 42326 2011610767 24176560 10016231
0b000901 0b00cd01 10000 100 3648521 2006022828 29830085 10318573
0b000201 0b00cd01 10001 100 75192 2011594456 24285515 10018987
0b000f01 0b00c001 10000 100 66747 2011612631 24316923 10018277
0b000c01 0b00c101 10000 100 133179 2002358474 33595504 10023848
0b000001 0b00ca01 10002 100 190364 2010537059 25477102 10028642
0b000f01 0b00cf01 10001 100 56447 2008734734 27291378 10017414
0b000201 0b00c701 10000 100 1285727 2003279087 32752556 10120476
0b000701 0b00c701 10004 100 78313 2009648078 26402423 10019248
0b000801 0b00c601 10001 100 591 2010610830 25472385 10012731
0b000f01 0b00c101 10001 100 192613 2007881524 28368105 10028830
0b000501 0b00c901 10002 100 7671 2009696622 26558929 10013324
0b000e01 0b00ca01 10003 100 51917 2020266062 16018580 10017033
0b000501 0b00c601 10001 100 110852 2009732780 26564101 10021974
0b000e01 0b00c701 10001 100 67717 2009369241 26989397 10018358
0b000201 0b00c301 10000 100 1422206 2017291431 19069675 10131920
0b000501 0b00cc01 10004 100 27521 2020598343 15769606 10014989
0b000b01 0b00c401 10002 100 1166950 2007594314 28801064 10110517
0b000701 0b00cf01 10001 100 45137 2020468405 15950539 10016467
0b000301 0b00c601 10001 100 54869 2011848807 24570949 10017280
0b000201 0b00c801 10001 100 4216 2009096345 27336163 10013036
0b000c01 0b00cb01 10000 100 39810 2002741416 33747089 10016018
0b000501 0b00c101 10002 100 22267 2011763517 24770810 10014549
0b000f01 0b00ce01 10001 100 5781 2003961100 32576341 10013165
0b000101 0b00c701 10000 100 3740 2004021826 32555863 10012994
0b000701 0b00cc01 10001 100 14098 2012024357 24605082 10013865
0b000801 0b00cb01 10002 100 1947930 2010446744 26310618 10175994
0b000401 0b00ce01 10000 100 2371227 2002610247 34196904 10211486
0b000501 0b00ce01 10002 100 9363 2021147939 15683216 10013467
0b000b01 0b00c001 10002 100 613171 2009950469 26895434 10064091
0b000e01 0b00c801 10003 100 53531 2008299511 28554258 10017169
0b000f01 0b00c101 10003 100 513524 2010279358 26635108 10055735
0b000801 0b00c401 10000 100 46815 2013502952 23427973 10016605
0b000501 0b00c101 10001 100 1888 2011089409 25871431 10012838
0b000701 0b00c101 10001 100 3789 2010842141 26158518 10012998
0b000201 0b00c401 10002 100 67235 2020667052 16345375 10018319
0b000701 0b00cb01 10004 100 69516 2010955824 26117057 10018510
0b000a01 0b00cd01 10001 100 22676 2011511005 25589251 10014582
0b000201 0b00c601 10000 100 5249448 2000871947 36229172 10452795
0b000c01 0b00ca01 10003 100 81262 2020301043 16807342 10019495
0b000d01 0b00c501 10000 100 57490 2002078807 35108106 10017501
0b000801 0b00c201 10000 100 38425 2014705017 22493795 10015903
0b000701 0b00cb01 10003 100 70133 2007561498 29641231 10018563
0b000801 0b00c001 10002 100 47752 2011806072 25446678 10016684
0b000e01 0b00c401 10004 100 46374 2012091268 25463107 10016570
0b000f01 0b00cc01 10000 100 29833 2002448938 35112027 10015181
0b000e01 0b00c401 10002 100 73326 2011686425 25898217 10018830
0b000601 0b00cf01 10000 100 2020 2011500342 26201920 10012853
0b000701 0b00ce01 10001 100 183470 2012653044 25084515 10028064
0b000701 0b00c601 10000 100 30305 2003412598 34325294 10015223
0b000601 0b00ce01 10002 100 24268 2022010145 15728183 10014717
0b000101 0b00c201 10002 100 17133 2021706635 16062807 10014119
0b000c01 0b00c101 10004 100 1061620 2013030108 24771307 10101687
0b000a01 0b00c201 10003 100 192822 2011841226 26025497 10028846
0b000c01 0b00c101 10001 100 191783 2009990768 27985366 10028759
0b000b01 0b00cf01 10004 100 40163 2022014040 16039489 10016050
0b000b01 0b00c501 10001 100 803890 2010746210 27341703 10080078
0b000501 0b00cf01 10001 100 79501 2022344383 15751622 10019347
0b000a01 0b00c401 10003 100 53948 2012574777 25571620 10017203
0b000201 0b00c201 10003 100 4133 2013812854 24518885 10013029
0b000401 0b00c901 10004 100 126494 2022156879 16176204 10023287
0b000201 0b00c101 10003 100 57232 2014030476 24357778 10017481
0b000201 0b00c501 10004 100 85749 2013937675 24463858 10019870
0b000d01 0b00cf01 10000 100 3839251 2002617925 35788643 10334565
0b000e01 0b00c701 10002 100 38614 2010069397 28430837 10015918
0b000f01 0b00c601 10000 100 183922 2009928270 28713900 10028100
0b000a01 0b00c401 10002 100 665580 2009060433 29605766 10068483
0b000c01 0b00ce01 10000 100 1844851 2003645949 35054741 10167352
0b000a01 0b00c201 10001 100 426500 2003334662 35432307 10048439
0b000501 0b00c801 10001 100 23730 2012256453 26565184 10014670
0b000301 0b00c401 10002 100 21252 2011116487 27771365 10014464
0b000201 0b00c101 10001 100 29531 2003464414 35478190 10015157
0b000401 0b00c501 10003 100 43951 2012369850 26677009 10016365
0b000501 0b00c401 10000 100 43064 2003774159 35287295 10016294
0b000201 0b00c101 10004 100 35371 2023952536 15145723 10015647
0b000301 0b00c001 10000 100 5836 2015531778 23571392 10013169
0b000b01 0b00c001 10003 100 1743955 2010192144 28915501 10158893
0b000e01 0b00c801 10005 100 73612 2023489570 15643396 10018853
0b000701 0b00ce01 10000 100 8357271 2003086211 36050549 10713356
0b000501 0b00c501 10002 100 64802 2012704525 26467703 10018113
0b000f01 0b00c801 10001 100 21341 2011016645 28175612 10014471
0b000201 0b00ca01 10000 100 44373 2011915421 27286757 10016402
0b000901 0b00c901 10002 100 6484 2024475337 14727575 10013225
0b000001 0b00c601 10002 100 23944 2024539431 14735107 10014687
0b000f01 0b00c001 10001 100 9730 2016084810 23287754 10013496
0b000e01 0b00c501 10002 100 7683 2014435290 24998896 10013325
0b000801 0b00c001 10006 100 21820 2023159124 16438175 10014510
0b000e01 0b00c001 10001 100 5935 2014516173 25099922 10013177
0b000a01 0b00c901 10004 100 39715 2024755385 14872795 10016010
0b000301 0b00cb01 10004 100 22245 2012794732 26844440 10014547
0b000c01 0b00cd01 10002 100 54131 2022577103 17078286 10017221
0b000501 0b00cc01 10002 100 5136 2013870049 25814251 10013113
0b000b01 0b00c901 10002 100 6046 2023326427 16386375 10013190
0b000c01 0b00c101 10003 100 8329 2011182112 28634878 10013380
0b000601 0b00c901 10003 100 107969 2023279512 16567563 10021732
0b000901 0b00c501 10000 100 32098 2003960162 35922675 10015374
0b000801 0b00c501 10001 100 6964 2013610374 26276591 10013264
0b000401 0b00ce01 10003 100 25667 2015121246 24859011 10014833
0b000501 0b00c001 10002 100 41546 2023714920 16286411 10016164
0b000e01 0b00c701 10003 100 9560 2012001276 28007872 10013483
0b000301 0b00cf01 10001 100 9076 2012689110 27328571 10013444
0b000e01 0b00cd01 10004 100 14583 2012144850 27882248 10013904
0b000901 0b00ca01 10000 100 1981 2013133192 26966717 10012846
0b000301 0b00c801 10002 100 31098 2013010056 27094756 10015290
0b000401 0b00cb01 10001 100 1291017 2007665030 32473385 10120922
0b000601 0b00cb01 10005 100 71608 2016319218 23837846 10018685
0b000a01 0b00c801 10001 100 1830258 2009523773 30666938 10166131
0b000501 0b00c301 10000 100 198742 2015929877 24288233 10029343
0b000501 0b00c701 10000 100 161198 2000265372 40044361 10026197
0b000d01 0b00cf01 10001 100 44806 2009578664 30733899 10016437
0b000601 0b00cb01 10000 100 1502492 2004421487 35904266 10138650
0b000b01 0b00cc01 10004 100 36635 2026198416 14261413 10015752
0b000801 0b00cc01 10004 100 20744 2026529569 13953435 10014420
0b000c01 0b00ce01 10004 100 176719 2012197711 28340030 10027497
0b000901 0b00c201 10000 100 10662 2014950423 25636647 10013575
0b000801 0b00c001 10005 100 504964 2022449904 18228010 10055016
0b000e01 0b00c401 10001 100 56728 2010281695 30423242 10017437
0b000201 0b00cd01 10000 100 88838 2010099840 30632699 10020128
0b000b01 0b00ce01 10001 100 21345 2013442500 27351616 10014472
0b000801 0b00c301 10000 100 1154260 2020776285 20055269 10109456
0b000201 0b00cc01 10001 100 19695 2015282963 25620550 10014332
0b000501 0b00c101 10007 100 305519 2024490192 16485632 10038296
0b000201 0b00cd01 10003 100 6614 2014189630 27007572 10013236
0b000301 0b00c201 10002 100 51178 2025560624 15762393 10016973
0b000601 0b00c201 10003 100 4925 2015979204 25387578 10013093
0b000501 0b00ce01 10001 100 544066 2014556637 26842459 10058298
0b000201 0b00cd01 10002 100 1208618 2011837604 29603308 10114012
0b000701 0b00cb01 10006 100 8471 2016186847 25313260 10013392
0b000201 0b00ca01 10003 100 15883 2018218501 23405920 10014012
0b000c01 0b00c401 10000 100 51579 2006082730 35571314 10017006
0b000901 0b00cc01 10001 100 73840 2004899019 36757110 10018871
0b000f01 0b00ca01 10002 100 39831 2013835944 27837728 10016020
0b000e01 0b00c601 10002 100 53061 2014223905 27464326 10017132
0b000d01 0b00ce01 10001 100 27591 2007403248 34349689 10014994
0b000f01 0b00cb01 10003 100 146077 2025209865 16555670 10024930
0b000f01 0b00c701 10001 100 23430 2014913767 27016396 10014646
0b000801 0b00cc01 10001 100 27133 2014194935 27847378 10014958
0b000101 0b00c001 10002 100 6347487 2014763351 27311758 10544855
0b000501 0b00c801 10002 100 67301 2015042740 27120804 10018325
0b000201 0b00ce01 10001 100 1704 2015306938 26918949 10012824
0b000201 0b00c801 10003 100 4831 2015667603 26585739 10013085
0b000c01 0b00c901 10003 100 283248 2021254266 21074370 10036430
0b000a01 0b00c801 10000 100 63911 2001443022 40918057 10018038
0b000b01 0b00cf01 10005 100 2227 2028427483 14045807 10012869
0b000f01 0b00cb01 10002 100 79954 2017591695 24969795 10019383
0b000b01 0b00ca01 10001 100 2089246 2005434342 37220234 10187845
0b000601 0b00c101 10000 100 18739 2005875051 36858208 10014252
0b000801 0b00c101 10000 100 4176698 2012840827 29934260 10362855
0b000301 0b00c901 10004 100 10585 2015362640 27471983 10013569
0b000701 0b00c401 10001 100 11220 2028099250 14748478 10013623
0b000e01 0b00c601 10003 100 11396 2015427317 27460714 10013637
0b000701 0b00c801 10003 100 63847 2005317837 37592690 10018033
0b000001 0b00cc01 10001 100 48182 2015880700 27048146 10016722
0b000201 0b00c901 10001 100 56801 2006214484 36741171 10017442
0b000a01 0b00c801 10004 100 37419 2018336383 24626581 10015819
0b000201 0b00c901 10003 100 36206 2016507284 26462184 10015718
0b000801 0b00ca01 10001 100 29711 2018979936 24041523 10015172
0b000501 0b00cd01 10004 100 14765 2017322743 25727177 10013918
0b000e01 0b00cf01 10003 100 1696467 2014912607 28148712 10154913
0b000401 0b00c201 10002 100 42326 2015538327 27526845 10016231
0b000201 0b00cf01 10001 100 3312474 2008450024 34654420 10290399
0b000c01 0b00c201 10003 100 23576 2017102148 26104058 10014658
0b000701 0b00c101 10002 100 139863 2016834368 26381643 10024406
0b000201 0b00c801 10004 100 21560 2018519353 24728553 10014489
0b000001 0b00c801 10002 100 2551467 2011952989 31332660 10226597
0b000b01 0b00c601 10003 100 20171 2019162773 24129930 10014374
0b000201 0b00ce01 10000 100 2540812 2007492824 35893411 10225702
0b000801 0b00ce01 10003 100 55483 2019250357 24138184 10017333
0b000101 0b00ce01 10004 100 662199 2022976450 20443575 10068201
0b000201 0b00cd01 10004 100 3199 2019145897 24307809 10012951
0b000e01 0b00c401 10005 100 9751 2017749821 25832857 10013498
0b000001 0b00c801 10000 100 20600 2001888956 41698880 10014408
0b000001 0b00cb01 10004 100 110092 2026685990 16945304 10021913
0b000a01 0b00c201 10000 100 9114 2002226752 41443620 10013447
0b000401 0b00ca01 10004 100 113949 2019422152 24383457 10022233
0b000801 0b00c101 10001 100 74918 2017701940 26143186 10018961
0b000b01 0b00cc01 10003 100 25061 2019843733 24046292 10014784
0b000201 0b00cf01 10002 100 162703 2017249502 26655495 10026322
0b000f01 0b00c201 10002 100 1428281 2009419587 34509539 10132429
0b000201 0b00cb01 10001 100 755102 2005395315 38581005 10075991
0b000201 0b00ce01 10002 100 50619 2019207485 24819954 10016925
0b000801 0b00c801 10001 100 9669 2026809021 17289784 10013491
0b000901 0b00ce01 10003 100 50109 2020291477 23945792 10016884
0b000e01 0b00c701 10004 100 111432 2016461585 27887760 10022024
0b000c01 0b00c301 10000 100 2948559 2002414308 42002892 10259888
0b000801 0b00c701 10004 100 29179 2017819402 26667078 10015129
0b000a01 0b00c801 10003 100 35899 2017287824 27230179 10015690
0b000c01 0b00c901 10001 100 140793 2016779265 27787157 10024484
0b000201 0b00ce01 10004 100 24137 2028952617 15672728 10014706
0b000701 0b00c701 10003 100 4051 2008438606 36202802 10013023
0b000601 0b00c601 10002 100 4494 2017393552 27326826 10013058
0b000c01 0b00cd01 10000 100 24901 2000658636 44078293 10014768
0b000601 0b00c201 10000 100 1539358 2002644532 42144424 10141742
0b000101 0b00c601 10000 100 690457 2007107652 37895818 10070570
0b000401 0b00c501 10000 100 3348 2000907455 44117733 10012963
0b000101 0b00c501 10001 100 40726 2003114961 41957757 10016095
0b000201 0b00cc01 10002 100 50128 2021293782 23835531 10016886
0b000101 0b00cf01 10004 100 41790 2029324438 15814406 10016184
0b000501 0b00c001 10001 100 19182 2020870711 24297367 10014291
0b000501 0b00c601 10000 100 99 2007706365 37497336 10012691
0b000501 0b00cd01 10000 100 68514 2001002156 44221091 10018426
0b000501 0b00c801 10004 100 7111 2020997459 24276955 10013279
0b000c01 0b00ca01 10004 100 49897 2020759146 24522117 10016863
0b000d01 0b00c501 10001 100 47233 2009415762 35890085 10016642
0b000e01 0b00c501 10001 100 44837 2010414106 34959798 10016439
0b000401 0b00c001 10000 100 5522 2006234803 39183738 10013144
0b000a01 0b00cd01 10003 100 5080 2019125250 26345181 10013109
0b000b01 0b00c801 10001 100 70701 2016519805 28957455 10018608
0b000901 0b00cf01 10003 100 31536 2019114608 26381685 10015325
0b000d01 0b00ca01 10000 100 1961526 2000955798 44581306 10177136
0b000901 0b00ce01 10001 100 76114 2008321298 37280582 10019064
0b000001 0b00cb01 10002 100 73141 2018946103 26731303 10018815
0b000a01 0b00ca01 10001 100 1829644 2005738324 39942408 10166078
0b000601 0b00cc01 10002 100 1081774 2014139354 31557018 10103376
0b000a01 0b00ce01 10000 100 226423 2025816343 19929915 10031665
0b000501 0b00c601 10002 100 8433 2018593797 27170234 10013389
0b000501 0b00c001 10000 100 79669 2018294829 27491010 10019360
0b000c01 0b00ce01 10003 100 9854 2007525690 38272892 10013506
0b000701 0b00c501 10002 100 145913 2017079626 28720070 10024913
0b000301 0b00c201 10000 100 861513 2012596025 33206356 10084911
0b000601 0b00c701 10000 100 4403115 2009465687 36456632 10381840
0b000201 0b00c501 10001 100 9795195 2005259501 40664556 10833912
0b000601 0b00cb01 10002 100 65763 2007656061 38302043 10018194
0b000901 0b00c201 10002 100 493870 2029872500 16123397 10054086
0b000b01 0b00c301 10000 100 27627 2007157895 38903575 10014997
0b000701 0b00c701 10000 100 437330 2003421265 42673869 10049348
0b000a01 0b00c901 10000 100 821005 2003452681 42648749 10081516
0b000b01 0b00c401 10003 100 22636 2019315431 26916818 10014579
0b000901 0b00c101 10002 100 498611 2019073289 27228881 10054485
0b000201 0b00cb01 10004 100 147818 2030028439 16284339 10025073
0b000b01 0b00c001 10001 100 4609 2009509550 36805207 10013067
0b000601 0b00c901 10000 100 3869985 2001039157 45286958 10337139
0b000f01 0b00c601 10001 100 21968 2010288923 36117886 10014521
0b000d01 0b00cf01 10002 100 3399 2010323345 36111975 10012967
0b000801 0b00ca01 10002 100 594046 2020656971 25798285 10062488
0b000b01 0b00c001 10000 100 72119 2003653919 42853799 10018729
0b000d01 0b00c001 10003 100 479078 2026709792 19955860 10052849
0b000201 0b00c901 10002 100 18256 2007639312 39041686 10014213
0b000d01 0b00c301 10000 100 55476 2004090299 42595117 10017333
0b000e01 0b00c201 10001 100 1492840 2010778204 35940167 10137840
0b000201 0b00cd01 10005 100 171440 2021155350 25689251 10027055
0b000501 0b00c101 10006 100 73521 2019679902 27167686 10018845
0b000101 0b00c301 10002 100 123093 2019917738 26980992 10023003
0b000b01 0b00c601 10004 100 14568 2029746224 17189988 10013903
0b000001 0b00c001 10006 100 4066 2030984466 16027421 10013024
0b000b01 0b00c501 10005 100 73621 2023630411 23542095 10018853
0b000501 0b00c201 10000 100 23382 2023418590 23846952 10014642
0b000401 0b00c901 10002 100 45516 2020588517 26694862 10016497
0b000001 0b00c901 10002 100 38667 2031989482 15313106 10015923
0b000a01 0b00cd01 10004 100 78705 2023959361 23361838 10019279
0b000e01 0b00c501 10004 100 32412 2020847971 26499271 10015399
0b000201 0b00ca01 10001 100 4574 2012657560 34734326 10013065
0b000d01 0b00ca01 10002 100 3640731 2005376247 42038973 10317919
0b000001 0b00ce01 10001 100 9641 2021482565 25960082 10013489
0b000f01 0b00cf01 10003 100 6732 2019824934 27623564 10013245
0b000201 0b00c701 10002 100 7700 2021712829 25765646 10013326
0b000101 0b00cc01 10001 100 2112278 2002201674 45315183 10189776
0b000201 0b00c501 10005 100 5875 2024465044 23119689 10013173
0b000b01 0b00c601 10005 100 10392 2031048021 16545376 10013553
0b000c01 0b00cf01 10004 100 4162 2032041599 15554101 10013032
0b000e01 0b00cb01 10003 100 2743 2032524583 15108112 10012910
0b000601 0b00c801 10000 100 1453318 2002298365 45385126 10134528
0b000d01 0b00c601 10004 100 42052 2021021528 26671671 10016209
0b000a01 0b00cc01 10004 100 25731 2033327622 14384519 10014838
0b000001 0b00c801 10001 100 1662997 2009920866 37803378 10152105
0b000b01 0b00cd01 10001 100 10147 2021168465 26620096 10013534
0b000b01 0b00cf01 10003 100 59622 2021232381 26563171 10017680
0b000e01 0b00cf01 10002 100 1761211 2009957990 37861205 10160342
0b000801 0b00c101 10002 100 3686 2021494032 26332786 10012990
0b000101 0b00cd01 10002 100 2154976 2011037979 36802169 10193353
0b000201 0b00ce01 10006 100 20546 2031737811 16155956 10014404
0b000901 0b00c301 10002 100 740251 2019958608 27953165 10074745
0b000101 0b00c701 10003 100 54658 2019958014 27973972 10017263
0b000f01 0b00c301 10002 100 1158575 2013463620 34480192 10109816
0b000901 0b00cf01 10000 100 20981 2012519410 35536806 10014439
0b000f01 0b00c201 10003 100 1729772 2011950264 36106465 10157704
0b000201 0b00ce01 10007 100 7246 2032231121 15833751 10013290
0b000901 0b00c001 10000 100 70952 2024478830 23636854 10018628
0b000e01 0b00c101 10004 100 42634 2032201834 15985525 10016255
0b000501 0b00cc01 10005 100 2387 2021751976 26436504 10012882
0b000401 0b00c001 10001 100 1787298 2006309266 41920637 10162529
0b000c01 0b00cf01 10002 100 57489 2021033570 27284669 10017501
0b000001 0b00c501 10001 100 5060 2023153336 25235506 10013107
0b000d01 0b00c501 10004 100 9370 2022077331 26338889 10013468
0b000901 0b00cf01 10004 100 1568 2031689207 16728545 10012813
0b000801 0b00c001 10004 100 67837 2021763605 26663577 10018368
0b000201 0b00ce01 10003 100 238294 2022345834 26115378 10032661
0b000901 0b00c501 10003 100 24869 2022069833 26415513 10014765
0b000401 0b00cf01 10004 100 146163 2008562056 39941033 10024937
0b000101 0b00c601 10002 100 8578 2020279287 28363891 10013400
0b000701 0b00cc01 10000 100 3152592 2002847926 45853950 10276994
0b000201 0b00cf01 10005 100 64630 2032222234 16525928 10018100
0b000801 0b00cc01 10003 100 62475 2026214495 22558939 10017919
0b000401 0b00cd01 10003 100 53799 2021793603 27034458 10017191
0b000d01 0b00cf01 10005 100 26502 2022569647 26305941 10014903
0b000101 0b00ca01 10001 100 193461 2004303360 44606036 10028901
0b000d01 0b00c701 10000 100 4565 2010843127 38093549 10013064
0b000701 0b00cb01 10007 100 320646 2019485422 29461244 10039564
0b000c01 0b00ce01 10005 100 37958 2012489314 36518955 10015862
0b000901 0b00c501 10001 100 43215 2012899190 36125684 10016306
0b000101 0b00cd01 10001 100 26272 2003528820 45561258 10014885
0b000b01 0b00cf01 10002 100 6747 2011810534 37284772 10013246
0b000401 0b00cf01 10000 100 24855 2003615164 45514368 10014764
0b000701 0b00c201 10000 100 45003 2025758077 23459211 10016456
0b000a01 0b00cb01 10004 100 1139892 2021550729 27686959 10108248
0b000d01 0b00cd01 10002 100 1607897 2011158235 38089056 10147486
0b000a01 0b00c201 10002 100 185799 2011039865 38220685 10028258
0b000501 0b00ca01 10002 100 22716 2023234066 26071180 10014585
0b000401 0b00c601 10001 100 298466 2020760409 28562565 10037705
0b000301 0b00c601 10002 100 453074 2017709521 31721057 10050669
0b000101 0b00ce01 10002 100 94413 2014857343 34618783 10020597
0b000a01 0b00cc01 10001 100 28068 2023587657 25971086 10015036
0b000201 0b00c401 10000 100 1570 2014712451 34892199 10012813
0b000501 0b00ca01 10000 100 7661624 2005894706 43770589 10655032
0b000801 0b00cb01 10004 100 111186 2035381344 14314465 10022004
0b000801 0b00c901 10000 100 42038 2027599013 22126768 10016208
0b000901 0b00c601 10001 100 43496 2012805864 36951484 10016328
0b000801 0b00c001 10003 100 124112 2012898766 36903519 10023088
0b000a01 0b00ca01 10000 100 2092662 2003587002 46222354 10188130
0b000e01 0b00c401 10006 100 185165 2022366342 27454223 10028207
0b000e01 0b00c501 10005 100 23496 2023778425 26152153 10014651
0b000f01 0b00c801 10003 100 5785 2023077792 26883498 10013165
0b000001 0b00ce01 10002 100 7319 2025316758 24653975 10013296
0b000101 0b00c401 10001 100 1805 2010784480 39205753 10012832
0b000d01 0b00c601 10002 100 21806 2009868114 40150652 10014508
0b000901 0b00c601 10000 100 55483 2012526781 37523590 10017333
0b000701 0b00c301 10005 100 112653 2031624899 18443739 10022126
0b000801 0b00ce01 10006 100 106887 2035749818 14382243 10021641
0b000001 0b00c001 10000 100 2450860 2004586762 45646173 10218160
0b000e01 0b00c601 10006 100 44581 2034842558 15412412 10016419
0b000601 0b00c201 10002 100 8180 2012820630 37459160 10013368
0b000a01 0b00c301 10000 100 6736 2013664127 36622204 10013245
0b000b01 0b00cc01 10002 100 1123389 2012029910 38288487 10106867
0b000f01 0b00cc01 10002 100 66681 2013293931 37074395 10018271
0b000e01 0b00cc01 10000 100 1961780 2010782246 39636937 10177156
0b000d01 0b00c901 10000 100 1059591 2004299725 46143355 10101517
0b000901 0b00ca01 10002 100 229551 2024478907 26029595 10031927
0b000a01 0b00c301 10003 100 32033 2023283864 27305377 10015369
0b000201 0b00c001 10000 100 1150634 2022603179 28023655 10109150
0b000701 0b00c701 10005 100 63969 2012198350 38449717 10018043
0b000e01 0b00cd01 10007 100 8295 2035664311 15008688 10013378
0b000b01 0b00cd01 10005 100 29520 2028403202 22310403 10015156
0b000f01 0b00c601 10003 100 9143 2013864418 37005097 10013449
0b000701 0b00cf01 10002 100 27538 2024837375 26033275 10014990
0b000701 0b00c301 10007 100 27444 2037154587 13718194 10014983
0b000201 0b00cc01 10000 100 195891 2014513905 36379731 10029103
0b000201 0b00c601 10003 100 1490157 2020833702 30095497 10137618
0b000d01 0b00c601 10001 100 789766 2008770009 42231050 10078894
0b000001 0b00c001 10004 100 1082 2023634352 27376482 10012774
0b000201 0b00cf01 10003 100 58490 2025227716 25855127 10017585
0b000e01 0b00c501 10000 100 4797000 2007389612 43725320 10414860
0b000901 0b00c001 10002 100 56536 2025775360 25411763 10017421
0b000801 0b00cd01 10001 100 19957 2026095354 25108919 10014353
0b000f01 0b00c101 10005 100 71163 2026547732 24718710 10018649
0b000301 0b00cc01 10001 100 946575 2014413015 36944431 10092042
0b000d01 0b00cd01 10000 100 2748932 2006000996 45403554 10243150
0b000001 0b00ca01 10000 100 75876 2004238969 47170121 10019041
0b000f01 0b00c801 10002 100 1633100 2012868543 38598602 10149602
0b000c01 0b00c601 10001 100 110786 2005021489 46538479 10021969
0b000401 0b00cd01 10000 100 7636 2005716912 45858467 10013321
0b000b01 0b00c501 10006 100 73001 2028839814 22759080 10018804
0b000001 0b00cb01 10000 100 3053 2005285998 46329557 10012939
0b000201 0b00cb01 10003 100 33423 2024119622 27538099 10015484
0b000d01 0b00c001 10000 100 150615 2005109006 46600982 10025309
0b000801 0b00c701 10002 100 16943 2004650932 47097376 10014100
0b000501 0b00ce01 10005 100 32184 2025954454 25798549 10015381
0b000b01 0b00c801 10000 100 61967 2006506086 45356320 10017875
0b000901 0b00c501 10002 100 43461 2015728526 36143561 10016325
0b000401 0b00c301 10000 100 6993 2015338475 36610195 10013266
0b000a01 0b00cf01 10003 100 15298 2024285730 27751646 10013965
0b000401 0b00c301 10001 100 71101 2024216220 27838479 10018644
0b000b01 0b00ca01 10000 100 21525 2005190436 46877267 10014486
0b000901 0b00c401 10001 100 1766897 2022595014 29511237 10160817
0b000e01 0b00ca01 10004 100 14170 2028781361 23336359 10013871
0b000401 0b00cf01 10002 100 26996 2006018232 46151161 10014943
0b000001 0b00c101 10004 100 167206 2033692582 18531018 10026701
0b000201 0b00cd01 10006 100 80510 2028208181 24070791 10019431
0b000a01 0b00c301 10004 100 113608 2026453862 25839750 10022206
0b000d01 0b00ce01 10004 100 6657 2026194153 26169479 10013239
0b000701 0b00cc01 10004 100 8662 2035268433 17192468 10013407
0b000f01 0b00c101 10007 100 12507 2036585101 15881212 10013730
0b000901 0b00c801 10000 100 47601 2030274774 22199307 10016672
0b000d01 0b00c901 10001 100 1142983 2017421495 35152132 10108507
0b000501 0b00cf01 10000 100 50750 2005050702 47547922 10016935
0b000401 0b00c401 10002 100 6995 2006326984 46302411 10013266
0b000901 0b00c501 10004 100 68562 2024373423 28293509 10018429
0b000901 0b00cd01 10001 100 5222 2013369937 39306951 10013120
0b000601 0b00c101 10001 100 111939 2006510401 46237850 10022065
0b000f01 0b00c301 10003 100 18785 2026638688 26212123 10014255
0b000601 0b00ce01 10006 100 8172 2028434403 24419504 10013368
0b000201 0b00c201 10002 100 72724 2013312898 39548459 10018778
0b000101 0b00c701 10001 100 424762 2006518350 46373883 10048292
0b000c01 0b00c501 10002 100 59340 2024841912 28061908 10017657
0b000501 0b00c801 10005 100 9573 2024493327 28450476 10013484
0b000001 0b00c101 10000 100 859857 2005899803 47050660 10084770
0b000401 0b00c201 10004 100 20022 2025196579 27785436 10014362
0b000b01 0b00cc01 10005 100 3293 2027602675 25403838 10012958
0b000e01 0b00cc01 10001 100 18515 2017478850 35534493 10014234
0b000e01 0b00c701 10005 100 807140 2020554426 32491227 10080353
0b000f01 0b00c101 10004 100 5964 2016055822 36990938 10013180
0b000401 0b00c201 10006 100 7759 2025510232 27544162 10013331
0b000501 0b00ca01 10003 100 79640 2025852523 27229269 10019358
0b000501 0b00c201 10001 100 7140 2025886214 27247192 10013281
0b000c01 0b00cd01 10004 100 20225 2026710623 26548786 10014378
0b000701 0b00cb01 10005 100 1946910 2013781091 39486243 10175909
0b000601 0b00c801 10005 100 13281 2039670453 13622630 10013796
0b000f01 0b00c401 10000 100 22452 2024879691 28429884 10014564
0b000b01 0b00c701 10003 100 266710 2033736742 19583395 10035042
0b000401 0b00c501 10005 100 70609 2014468823 38853682 10018601
0b000001 0b00c201 10000 100 32900 2007576824 45875980 10015438
0b000b01 0b00c901 10003 100 25019 2028364777 25111638 10014781
0b000801 0b00c101 10005 100 65746 2036387496 17097135 10018193
0b000701 0b00cd01 10000 100 2322 2007168075 46372594 10012877
0b000301 0b00c501 10001 100 13682 2029650730 23896407 10013828
0b000c01 0b00c801 10000 100 44067 2005436137 48157382 10016378
0b000001 0b00ca01 10001 100 2977 2006995353 46600033 10012929
0b000201 0b00c201 10001 100 4176302 2006511533 47253378 10362823
0b000701 0b00c401 10002 100 811 2028311013 25485488 10012748
0b000e01 0b00c801 10008 100 37948 2030097705 23700569 10015861
0b000301 0b00ce01 10001 100 77637 2025662285 28164824 10019190
0b000d01 0b00cd01 10006 100 26518 2030283140 23576443 10014905
0b000401 0b00c201 10001 100 877534 2010121294 43858673 10086254
0b000801 0b00c401 10006 100 9566 2031845536 22141222 10013483
0b000101 0b00c701 10002 100 3201 2014575497 39413021 10012951
0b000301 0b00cd01 10002 100 9847 2014251714 39775530 10013506
0b000601 0b00cb01 10004 100 7230 2015336399 38732106 10013289
0b000401 0b00c001 10003 100 26796 2017026860 37056172 10014927
0b000b01 0b00c401 10004 100 331831 2029362326 24729590 10040501
0b000601 0b00c401 10002 100 19936 2026656727 27506205 10014351
0b000b01 0b00cd01 10004 100 59766 2028305841 25969111 10017691
0b000d01 0b00cd01 10005 100 807723 2023578263 30749285 10080400
0b000701 0b00c801 10006 100 23075 2026839551 27508386 10014618
0b000801 0b00c801 10000 100 1215707 2025798924 28556153 10114606
0b000801 0b00c201 10001 100 490051 2028478348 25914701 10053769
0b000801 0b00c401 10003 100 2121425 2021429648 33012291 10190542
0b000201 0b00ce01 10005 100 78588 2030940734 23507702 10019270
0b000c01 0b00c801 10003 100 17386 2027059578 27392693 10014140
0b000a01 0b00cb01 10006 100 99704 2025602081 28972681 10021040
0b000a01 0b00c401 10004 100 14548 2029202066 25376584 10013901
0b000701 0b00ce01 10004 100 9140 2029013470 25648160 10013449
0b000001 0b00c001 10001 100 25224 2008021369 46732471 10014797
0b000f01 0b00cc01 10003 100 9429 2018796452 36009137 10013472
0b000601 0b00c501 10002 100 3702077 2016548042 38261634 10323065
0b000f01 0b00c901 10002 100 167675 2025891431 28944969 10026739
0b000101 0b00c301 10001 100 674339 2008746337 46213833 10069219
0b000b01 0b00c901 10000 100 5834 2008679614 46284588 10013169
0b000a01 0b00cf01 10004 100 60925 2039548603 15421457 10017788
0b000801 0b00c601 10004 100 31781 2040142611 14828122 10015345
0b000a01 0b00cf01 10002 100 6351 2015166787 39837354 10013214
0b000e01 0b00c701 10006 100 635000 2025676014 29367532 10065918
0b000c01 0b00c701 10000 100 23691 2007086485 48061335 10014667
0b000c01 0b00c301 10003 100 14455 2027857941 27330829 10013894
0b000d01 0b00ce01 10005 100 25894 2028066007 27176230 10014851
0b000801 0b00c301 10001 100 871887 2025132519 30163053 10085779
0b000601 0b00c101 10003 100 48770 2027687188 27633712 10016769
0b000201 0b00c701 10003 100 101065 2040849356 14506441 10021156
0b000d01 0b00c501 10002 100 71713 2017310033 38105519 10018693
0b000501 0b00ce01 10004 100 846949 2025837360 29615532 10083688
0b000a01 0b00c301 10001 100 107109 2017009586 38461071 10021663
0b000701 0b00c101 10004 100 7395 2037930133 17599432 10013302
0b000101 0b00ce01 10003 100 6623 2019461203 36077998 10013236
0b000101 0b00cf01 10000 100 11635 2019334712 36204988 10013656
0b000801 0b00c501 10002 100 6150790 2016206324 39357422 10528363
0b000201 0b00c801 10002 100 46800 2009584336 45993772 10016604
0b000501 0b00c101 10005 100 75471 2018736720 36849449 10019009
0b000c01 0b00c801 10004 100 26755 2031685702 23925537 10014924
0b000a01 0b00ce01 10004 100 34362 2038445298 17248788 10015563
0b000001 0b00c901 10000 100 772450 2010804670 44949169 10077444
0b000201 0b00c101 10002 100 19255 2007795124 48011510 10014297
0b000c01 0b00cf01 10000 100 26300 2006535492 49301776 10014887
0b000501 0b00c701 10002 100 4630802 2009730852 46133351 10400927
0b000d01 0b00cb01 10003 100 747328 2030981478 24906888 10075338
0b000801 0b00c401 10005 100 7396 2027511642 28381669 10013302
0b000601 0b00c901 10005 100 67848 2027903815 28027455 10018368
0b000d01 0b00cf01 10003 100 24976 2017716956 38215254 10014774
0b000301 0b00c701 10003 100 1301114 2014854263 41160495 10121768
0b000901 0b00c301 10001 100 1063627 2008925593 47140402 10101855
0b000601 0b00c101 10004 100 6857 2027722879 28359725 10013255
0b000001 0b00c001 10003 100 549080 2015636103 40463614 10058718
0b000d01 0b00ce01 10003 100 35402 2011222742 44943308 10015650
0b000e01 0b00c101 10001 100 1904477 2015490321 40726599 10172353
0b000101 0b00c401 10004 100 324609 2029295158 26957923 10039896
0b000301 0b00cc01 10002 100 44014 2020525757 35760780 10016373
0b000701 0b00c701 10009 100 46079 2030497420 25806552 10016546
0b000901 0b00cc01 10002 100 825 2010021168 46289086 10012749
0b000601 0b00c801 10002 100 55985 2016810893 39554944 10017373
0b000f01 0b00c501 10001 100 4422 2020239629 36259466 10013052
0b000101 0b00c501 10002 100 14019 2028803690 27710628 10013859
0b000a01 0b00cb01 10001 100 4310574 2004552152 51999882 10374080
0b000001 0b00c101 10002 100 62928 2029703925 26877635 10017956
0b000c01 0b00cc01 10000 100 50210 2007172936 49416843 10016892
0b000401 0b00ca01 10003 100 9691 2018146306 38447520 10013493
0b000401 0b00c601 10000 100 1940 2018260317 38346098 10012842
0b000501 0b00cc01 10000 100 29748 2006947955 49658578 10015175
0b000501 0b00c501 10000 100 51563 2006272275 50365505 10017004
0b000701 0b00cc01 10003 100 25363 2020122956 36600984 10014808
0b000601 0b00cf01 10002 100 41320 2028563966 28187682 10016146
0b000d01 0b00cf01 10007 100 709008 2031302548 25537879 10072127
0b000101 0b00ca01 10003 100 29729 2012046268 44813486 10015173
0b000901 0b00c401 10000 100 28646 2020388754 36516101 10015083
0b000c01 0b00cb01 10004 100 14960 2029886395 27128211 10013934
0b000401 0b00cf01 10005 100 28772 2018858129 38160405 10015093
0b000601 0b00ca01 10000 100 19713 2009780244 47264211 10014333
0b000c01 0b00ca01 10000 100 62984 2010620509 46470799 10017960
0b000001 0b00c401 10002 100 131750 2041975319 15213789 10023726
0b000b01 0b00c201 10003 100 22514 2032041802 25159545 10014569
0b000b01 0b00c301 10001 100 909 2018946679 38310447 10012756
0b000a01 0b00c901 10001 100 5373 2018668498 38609915 10013132
0b000701 0b00c501 10004 100 426782 2026974861 30325462 10048462
0b000e01 0b00c801 10010 100 74008 2040858728 16459259 10018888
0b000f01 0b00c701 10002 100 2734 2018377665 38975479 10012910
0b000901 0b00cb01 10002 100 35388 2028691114 28689220 10015649
0b000701 0b00c001 10007 100 19679 2043251711 14157220 10014331
0b000d01 0b00ce01 10007 100 23642 2034018005 23432129 10014663
0b000801 0b00ce01 10005 100 158322 2031794667 25695206 10025956
0b000a01 0b00ce01 10003 100 35121 2032215925 25300397 10015627
0b000a01 0b00c701 10005 100 44086 2034629998 22943245 10016379
0b000d01 0b00cc01 10000 100 939458 2013553495 44035326 10091446
0b000a01 0b00cb01 10002 100 1902319 2005349623 52329548 10172173
0b000701 0b00ca01 10002 100 63188 2031897002 25788598 10017980
0b000901 0b00c401 10003 100 2977 2032448238 25254999 10012929
0b000b01 0b00c501 10000 100 4204177 2009475796 48233342 10365161
0b000a01 0b00cf01 10005 100 41634 2042112706 15622018 10016172
0b000501 0b00c801 10006 100 29454 2029511351 28264193 10015151
0b000a01 0b00c701 10007 100 5647 2041163667 16668623 10013154
0b000001 0b00c201 10001 100 63805 2011154138 46691337 10018030
0b000501 0b00c501 10004 100 49736 2029680378 28165988 10016850
0b000101 0b00ce01 10001 100 61959 2008882673 48977692 10017874
0b000201 0b00cb01 10002 100 69460 2011159318 46715518 10018505
0b000701 0b00ce01 10006 100 47299 2034868200 23081174 10016648
0b000101 0b00c701 10006 100 38120 2039952029 18025239 10015879
0b000a01 0b00c101 10001 100 4488 2018800896 39182074 10013058
0b000601 0b00cd01 10003 100 2820 2008600566 49458976 10012917
0b000301 0b00c401 10003 100 21034 2019443418 38678599 10014447
0b000e01 0b00c601 10004 100 3812 2031266637 26860996 10013000
0b000601 0b00c201 10001 100 49636 2009541414 48614578 10016842
0b000701 0b00c501 10000 100 3811 2010491737 47693021 10013000
0b000801 0b00c801 10002 100 14911 2030051196 28142772 10013930
0b000a01 0b00cd01 10002 100 1193241 2013110177 45209670 10112724
0b000901 0b00c601 10004 100 82684 2042878627 15592853 10019613
0b000c01 0b00cd01 10001 100 4289 2020948134 37523436 10013042
0b000d01 0b00c301 10002 100 60773 2019622990 38861311 10017776
0b000101 0b00c201 10001 100 7422 2012360455 46139932 10013304
0b000501 0b00c501 10005 100 46727 2030394471 28124284 10016598
0b000c01 0b00cf01 10003 100 21302 2030356926 28213855 10014468
0b000c01 0b00cc01 10001 100 44534 2013549521 45029683 10016415
0b000601 0b00cb01 10001 100 9841217 2005220904 53385956 10837770
0b000601 0b00cd01 10005 100 150476 2011577047 47033131 10025297
0b000301 0b00cf01 10002 100 428237 2016268612 42353957 10048586
0b000e01 0b00c101 10003 100 27609 2031799105 26842642 10014996
0b000001 0b00cc01 10002 100 593773 2027604351 31072093 10062462
0b000301 0b00cc01 10003 100 43786 2022894056 35833406 10016351
0b000e01 0b00c701 10008 100 68277 2031517862 27260803 10018407
0b000301 0b00c901 10007 100 73770 2032167277 26674896 10018865
0b000d01 0b00c201 10000 100 29976 2013502735 45373457 10015193
0b000a01 0b00c801 10002 100 171387 2011038570 47841917 10027051
0b000c01 0b00c301 10002 100 68518 2011101849 47806234 10018426
0b000e01 0b00c101 10005 100 43500 2035278095 23678758 10016328
0b000a01 0b00cc01 10005 100 15266 2033937706 25026508 10013962
0b000b01 0b00cf01 10006 100 10499 2033862892 25223296 10013562
0b000b01 0b00c501 10004 100 1821760 2021306261 37862616 10165417
0b000e01 0b00c801 10002 100 1117966 2007477189 51764831 10106410
0b000401 0b00c401 10005 100 6149 2020898261 38420477 10013198
0b000c01 0b00c201 10008 100 27771 2031583341 27819149 10015009
0b000c01 0b00c901 10000 100 1289518 2005491695 53951525 10120795
0b000001 0b00cb01 10001 100 6610 2010590989 48858177 10013235
0b000601 0b00c601 10006 100 847734 2032644971 26823508 10083755
0b000e01 0b00c201 10002 100 180222 2010926367 48656894 10027792
0b000501 0b00c001 10003 100 10684 2030881581 28771872 10013576
0b000401 0b00c901 10003 100 57017 2021628411 38034894 10017464
0b000901 0b00cf01 10001 100 3370549 2016978469 42719664 10295268
0b000c01 0b00c201 10007 100 76725 2030909160 28794062 10019113
0b000301 0b00ca01 10006 100 21770 2033441502 26313131 10014506
0b000301 0b00ca01 10007 100 28397 2044922394 14836702 10015063
0b000901 0b00c301 10005 100 173614 2033288326 26529736 10027237
0b000f01 0b00cc01 10001 100 2173439 2010336473 49496171 10194903
0b000c01 0b00c601 10003 100 56468 2020320953 39542719 10017416
0b000501 0b00c301 10002 100 29814 2034687169 25270710 10015180
0b000b01 0b00ca01 10004 100 1715432 2012882765 47149922 10156504
0b000701 0b00c601 10003 100 43668 2020929648 39116392 10016342
0b000001 0b00c201 10004 100 3193004 2016100789 44001249 10280385
0b000501 0b00c901 10003 100 9262 2031033648 29080782 10013459
0b000f01 0b00c201 10005 100 62174 2032702326 27501022 10017895
0b000e01 0b00c601 10007 100 444 2036314249 23956500 10012719
0b000101 0b00c001 10001 100 87102 2014044585 46228800 10019986
0b000e01 0b00ce01 10002 100 316739 2039189186 21125245 10039236
0b000c01 0b00ce01 10013 100 41127 2032326054 27988697 10016131
0b000801 0b00c401 10002 100 1669164 2019151994 41203171 10152625
0b000301 0b00c501 10002 100 10294 2032374116 27986333 10013545
0b000d01 0b00c401 10002 100 65171 2021067722 39299806 10018147
0b000f01 0b00cf01 10006 100 39764 2033253917 27324812 10016014
0b000901 0b00ce01 10002 100 2378139 2013017317 47675789 10212066
0b000101 0b00c501 10006 100 48168 2035787508 24933806 10016721
0b000401 0b00c501 10004 100 21410 2012731013 48012747 10014477
0b000a01 0b00c701 10004 100 1628147 2020553751 40213744 10149187
0b000f01 0b00cf01 10005 100 85918 2033015949 27754416 10019883
0b000401 0b00cb01 10002 100 235209 2034844480 25945939 10032402
0b000e01 0b00c301 10003 100 29416 2034100420 26691531 10015148
0b000a01 0b00c101 10006 100 48867 2044967730 15831075 10016777
0b000301 0b00c301 10002 100 23003 2033317413 27536017 10014612
0b000101 0b00c001 10009 100 18154 2042865582 17992923 10014205
0b000f01 0b00cf01 10004 100 72250 2022134281 38744458 10018740
0b000001 0b00c201 10006 100 74975 2034205182 26719492 10018966
0b000201 0b00cc01 10003 100 2339516 2027094742 33859788 10208826
0b000201 0b00cc01 10005 100 4629 2036200324 24823073 10013069
0b000f01 0b00c301 10005 100 472510 2040706201 20340409 10052297
0b000c01 0b00c701 10005 100 5227 2022214191 38865854 10013121
0b000801 0b00ca01 10005 100 33913 2035818529 25265554 10015523
0b000701 0b00cd01 10003 100 21560 2022824475 38368438 10014489
0b000101 0b00c601 10001 100 191463 2012224455 48972802 10028734
0b000101 0b00c701 10004 100 1543677 2023129460 38112484 10142103
0b000601 0b00c901 10002 100 28021 2023148096 38101120 10015033
0b000601 0b00ca01 10003 100 6381 2046836242 14463230 10013217
0b000401 0b00c401 10004 100 182487 2011794695 49511828 10027981
0b000501 0b00c101 10003 100 1118788 2016707128 44701455 10106480
0b000e01 0b00c501 10007 100 6872 2034472269 27027123 10013256
0b000001 0b00cd01 10001 100 555937 2029636197 31982637 10059290
0b000b01 0b00c701 10002 100 661 2024404093 37324522 10012736
0b000201 0b00c401 10004 100 232595 2038868186 22943881 10032182
0b000401 0b00ce01 10005 100 170311 2021426266 40391718 10026961
0b000801 0b00c701 10006 100 13582 2046553224 15283040 10013820
0b000b01 0b00c501 10008 100 47723 2036052728 25801057 10016682
0b000701 0b00c901 10000 100 20953 2033246472 28757055 10014436
0b000301 0b00c601 10003 100 29193 2025071512 36939463 10015130
0b000b01 0b00cd01 10006 100 190922 2034757507 27268762 10028687
0b000601 0b00c501 10006 100 10978 2033749704 28291873 10013600
0b000f01 0b00c501 10002 100 25506 2024114498 37935617 10014820
0b000701 0b00ce01 10003 100 5395 2027106521 34970735 10013134
0b000001 0b00c701 10003 100 1044216 2024886565 37284864 10100230
0b000501 0b00c501 10009 100 43946 2036952938 25283490 10016364
0b000101 0b00c601 10003 100 22274 2026141727 36235669 10014550
0b000501 0b00c701 10004 100 50030 2033727368 28709955 10016878
0b000601 0b00cc01 10006 100 1330476 2026787661 35680956 10124229
0b000201 0b00c601 10004 100 29511 2047535534 14980268 10015156
0b000501 0b00c101 10012 100 40342 2043959826 18565027 10016064
0b000901 0b00c601 10003 100 2640 2037684432 24877816 10012902
0b000c01 0b00c401 10002 100 9907 2035316122 27257970 10013510
0b000701 0b00c301 10003 100 885985 2016415684 46184406 10086961
0b000401 0b00c901 10006 100 64639 2035564249 27073802 10018100
0b000301 0b00cb01 10007 100 42198 2040286182 22369808 10016220
0b000701 0b00ca01 10003 100 40350 2032888108 29781844 10016065
0b000401 0b00c601 10003 100 54718 2033020620 29657786 10017268
0b000901 0b00c901 10001 100 5997 2013381025 49304216 10013182
0b000801 0b00ca01 10003 100 352131 2027107541 35584367 10042206
0b000901 0b00c701 10000 100 1059323 2024682455 38037487 10101496
0b000701 0b00c001 10005 100 38826 2039992804 22738036 10015935
0b000701 0b00c501 10003 100 7618 2023801247 38938582 10013320
0b000c01 0b00ca01 10002 100 9832 2015609968 47152645 10013504
0b000301 0b00cf01 10005 100 750795 2029516877 33331979 10075627
0b000001 0b00ce01 10008 100 32577 2040439222 22454508 10015412
0b000f01 0b00cd01 10005 100 579064 2033180825 29876123 10061232
0b000301 0b00c701 10005 100 22213 2027496431 35578472 10014545
0b000d01 0b00cf01 10006 100 931392 2026095558 36989905 10090770
0b000f01 0b00cd01 10002 100 1919719 2018580642 44526690 10173630
0b000201 0b00cd01 10007 100 68677 2035077605 28042628 10018439
0b000c01 0b00ce01 10015 100 79490 2037824459 25337703 10019346
0b000601 0b00cc01 10004 100 169871 2024317762 38849892 10026922
0b000c01 0b00ce01 10006 100 50569 2015608766 47581559 10016921
0b000b01 0b00c901 10004 100 20811 2037120798 26087421 10014425
0b000101 0b00cb01 10002 100 1107659 2028126000 35113710 10105547
0b000801 0b00cb01 10005 100 5694 2038588772 24652900 10013158
0b000c01 0b00cd01 10005 100 4848 2027135765 36126563 10013087
0b000801 0b00c901 10001 100 10775 2037977708 25311558 10013584
0b000c01 0b00ca01 10006 100 76908 2025798147 37510446 10019128
0b000b01 0b00cb01 10000 100 2682846 2009246280 54174999 10237610
0b000d01 0b00cc01 10002 100 28364 2024267154 39207716 10015060
0b000001 0b00c301 10002 100 29660 2035372370 28165587 10015168
0b000501 0b00c001 10007 100 69587 2048150382 15403699 10018515
0b000c01 0b00c701 10001 100 1968928 2009576973 53983930 10177755
0b000a01 0b00cb01 10009 100 5281 2046321364 17243646 10013125
0b000301 0b00c201 10009 100 23383 2048820005 14898890 10014642
0b000701 0b00c201 10001 100 500403 2028433124 35337864 10054636
0b000701 0b00c401 10004 100 9625 2038929568 24902587 10013488
0b000301 0b00c001 10001 100 39921 2038132243 25717856 10016027
0b000701 0b00cf01 10006 100 46424 2038627210 25223446 10016574
0b000a01 0b00c601 10000 100 3364446 2012283567 51574498 10294757
0b000601 0b00c101 10002 100 26504 2027390673 36484130 10014904
0b000b01 0b00ce01 10006 100 42564 2048076046 15803561 10016250
0b000701 0b00c401 10003 100 28307 2029082301 34803071 10015055
0b000101 0b00cf01 10002 100 14469 2025866949 38051272 10013895
0b000101 0b00c101 10001 100 449947 2014467713 49521340 10050403
0b000701 0b00c201 10002 100 141571 2033016877 30975624 10024550
0b000901 0b00ca01 10001 100 197626 2017603486 46406898 10029250
0b000301 0b00cf01 10004 100 63038 2025198170 38814379 10017968
0b000401 0b00c001 10002 100 2726541 2010699869 53372347 10241274
0b000701 0b00c301 10006 100 150 2035778177 28298899 10012695
0b000a01 0b00ce01 10001 100 495444 2031306068 32827023 10054220
0b000c01 0b00c201 10002 100 43373 2014639462 49523138 10016318
0b000101 0b00c401 10006 100 199631 2037010962 27191646 10029418
0b000101 0b00c801 10002 100 1611763 2024107503 40170797 10147811
0b000c01 0b00cd01 10003 100 6537 2026297224 38095372 10013229
0b000801 0b00c601 10003 100 863462 2033779465 30735272 10085074
0b000701 0b00c901 10001 100 73745 2034464943 30141366 10018863
0b000501 0b00c101 10011 100 38197 2035490476 29176986 10015885
0b000401 0b00c801 10002 100 29602 2039621163 25052194 10015163
0b000b01 0b00cb01 10001 100 602993 2021432225 43269834 10063234
0b000301 0b00ca01 10005 100 22198 2025410048 39380096 10014544
0b000b01 0b00c701 10006 100 18858 2049426121 15393899 10014261
0b000901 0b00c801 10002 100 10677 2037103096 27917084 10013576
0b000c01 0b00ce01 10009 100 6124 2018337161 46685421 10013196
0b000401 0b00c501 10012 100 27240 2046167526 18930646 10014966
0b000701 0b00cb01 10008 100 79509 2024998521 40104967 10019347
0b000601 0b00c801 10001 100 703816 2013722759 51433237 10071688
0b000201 0b00c401 10003 100 58415 2036957275 28231576 10017579
0b000601 0b00c301 10001 100 14268 2026826389 38432616 10013879
0b000401 0b00c501 10011 100 5426 2036673484 28599399 10013137
0b000901 0b00c001 10003 100 5275 2028527727 36758161 10013125
0b000701 0b00c101 10005 100 18036 2043279597 22016886 10014195
0b000301 0b00c201 10007 100 77058 2039196223 26108473 10019144
0b000e01 0b00c401 10007 100 1340599 2024828223 40527885 10125077
0b000301 0b00c901 10003 100 284839 2014554418 50813955 10036561
0b000301 0b00c901 10008 100 29094 2040068665 25339904 10015122
0b000701 0b00c001 10006 100 5492 2040152657 25286951 10013142
0b000601 0b00cc01 10003 100 21032 2018884563 46569933 10014447
0b000801 0b00cb01 10003 100 163600 2027871967 37590544 10026397
0b000601 0b00cd01 10007 100 58205 2028570511 36905258 10017562
0b000001 0b00cc01 10003 100 66336 2029032616 36527147 10018244
0b000b01 0b00c301 10002 100 3225 2037800439 27776574 10012953
0b000801 0b00c201 10004 100 70414 2042111095 23472614 10018585
0b000401 0b00c501 10006 100 49614 2016262155 49418862 10016841
0b000b01 0b00c101 10003 100 159807 2036226817 29575956 10026078
0b000701 0b00c401 10000 100 14249 2026952021 38852360 10013877
0b000601 0b00c301 10000 100 6528 2019969371 45909351 10013229
0b000c01 0b00ce01 10008 100 1683 2016797711 49108378 10012822
0b000401 0b00c901 10000 100 5815528 2005628704 60293242 10500255
0b000501 0b00cf01 10004 100 63467 2046726727 19210492 10018003
0b000301 0b00c801 10003 100 44457 2017320010 48655928 10016409
0b000901 0b00cf01 10005 100 20085 2037240875 28786502 10014367
0b000901 0b00c401 10007 100 75073 2050492934 15632328 10018977
0b000201 0b00ca01 10006 100 74975 2037863073 28312360 10018966
0b000101 0b00c801 10001 100 1653201 2021577324 44609957 10151287
0b000e01 0b00c801 10012 100 5774 2042776807 23429536 10013164
0b000801 0b00c001 10008 100 27014 2041609239 24599265 10014948
0b000f01 0b00c501 10000 100 3943579 2006493284 59750743 10343311
0b000001 0b00ce01 10007 100 21502 2037550872 28717596 10014484
0b000901 0b00c601 10002 100 78899 2026791811 39505323 10019295
0b000501 0b00c601 10005 100 27774 2037698397 28601365 10015009
0b000301 0b00c701 10008 100 277560 2041288242 25016165 10035952
0b000001 0b00ce01 10003 100 231278 2028664694 37641561 10032073
0b000d01 0b00cb01 10002 100 23637 2030156814 36171067 10014663
0b000501 0b00c301 10007 100 8936 2051474009 14857318 10013429
0b000d01 0b00c401 10005 100 8811 2039573996 26835094 10013419
0b000501 0b00ce01 10006 100 62576 2029237676 37183754 10017928
0b000501 0b00c301 10004 100 449039 2035487515 30934846 10050331
0b000901 0b00c001 10005 100 548885 2035549683 30885392 10058698
0b000d01 0b00c701 10004 100 99086 2038394122 28093322 10020990
0b000c01 0b00c301 10007 100 33448 2039052691 27460735 10015486
0b000d01 0b00c801 10002 100 59603 2027810785 38737970 10017678
0b000601 0b00cb01 10006 100 6882 2029092346 37521041 10013257
0b000b01 0b00c101 10000 100 363872 2015947648 50675980 10043187
0b000701 0b00c601 10006 100 1545 2048523589 18148237 10012811
0b000601 0b00c901 10001 100 67334 2018596132 48152587 10018327
0b000801 0b00ce01 10002 100 1555835 2018429872 48368471 10143121
0b000501 0b00cc01 10003 100 69810 2020183027 46615452 10018533
0b000a01 0b00ca01 10004 100 564223 2031276540 35536689 10059987
0b000d01 0b00cc01 10005 100 141222 2038937642 27936154 10024523
0b000401 0b00c301 10002 100 559111 2032222147 34701604 10059559
0b000c01 0b00c301 10005 100 879 2029695209 37255662 10012754
0b000e01 0b00c001 10003 100 21580 2050525261 16455320 10014490
0b000001 0b00cf01 10003 100 69634 2027430111 39551670 10018519
0b000301 0b00c801 10004 100 26704 2031666545 35361979 10014920
0b000501 0b00ce01 10000 100 4481456 2011508032 55552326 10388407
0b000801 0b00c401 10009 100 10508 2049641149 17459687 10013562
0b000201 0b00ca01 10007 100 181229 2040275976 26948018 10027877
0b000401 0b00ce01 10004 100 1298 2019317481 47963269 10012791
0b000901 0b00c101 10001 100 4548259 2016570757 50740065 10394008
0b000401 0b00c201 10000 100 4049502 2007117959 60234403 10352192
0b000e01 0b00ca01 10002 100 49892 2018228172 49156292 10016863
0b000e01 0b00cf01 10004 100 1714114 2021937072 45448369 10156394
0b000901 0b00cf01 10002 100 7977 2019027909 48362993 10013348
0b000f01 0b00c401 10002 100 28237 2028862383 38544076 10015050
0b000101 0b00c901 10002 100 3836 2049356251 18051686 10013002
0b000401 0b00c201 10008 100 63741 2036788153 30664806 10018025
0b000401 0b00c801 10000 100 2548401 2012460895 55004895 10226340
0b000a01 0b00c201 10006 100 63357 2041162649 26324408 10017994
0b000301 0b00c701 10002 100 1306070 2014734493 52753191 10122184
0b000701 0b00cf01 10009 100 24983 2052505338 15006956 10014774
0b000101 0b00c601 10005 100 19574 2029630313 37883692 10014322
0b000101 0b00cd01 10004 100 19955 2041828708 25732576 10014353
0b000c01 0b00c301 10004 100 902143 2028253685 39334368 10088318
0b000801 0b00c401 10004 100 3666147 2026776805 40841349 10320053
0b000101 0b00c401 10003 100 640261 2024289315 43330617 10066362
0b000901 0b00c801 10001 100 48105 2031384858 36236276 10016716
0b000501 0b00c501 10008 100 32766 2033768326 33864437 10015428
0b000f01 0b00cd01 10000 100 1924739 2013904933 53796463 10174051
0b000a01 0b00cb01 10005 100 8567 2021841981 45875883 10013399
0b000b01 0b00c201 10000 100 342741 2019536640 48186864 10041416
0b000101 0b00c101 10002 100 749174 2035544140 32186026 10075493
0b000801 0b00c801 10005 100 14961 2044730487 23023200 10013934
0b000101 0b00c001 10007 100 41275 2041661429 26106499 10016143
0b000101 0b00cf01 10003 100 296068 2026625097 41163277 10037505
0b000801 0b00c101 10006 100 5 2053004255 14837645 10012684
0b000901 0b00cc01 10004 100 280 2050050823 17797604 10012706
0b000f01 0b00c201 10004 100 27225 2019180152 48681178 10014965
0b000d01 0b00c701 10005 100 54902 2041230527 26637926 10017283
0b000a01 0b00c901 10006 100 73885 2051994729 15907100 10018874
0b000101 0b00cf01 10001 100 1430 2019816319 48162355 10012802
0b000d01 0b00c601 10006 100 30023 2051438391 16573881 10015200
0b000a01 0b00cb01 10008 100 51260 2030074228 38072006 10016980
0b000d01 0b00c701 10002 100 28732 2029016039 39235720 10015089
0b000f01 0b00c401 10005 100 29857 2041969149 26328154 10015183
0b000a01 0b00c301 10002 100 45092 2019729163 48614028 10016464
0b000101 0b00c501 10003 100 28009 2029664507 38687627 10015032
0b000601 0b00c101 10007 100 21244 2053668206 14786683 10014464
0b000901 0b00c901 10004 100 4971 2040123122 28490746 10013096
0b000101 0b00cc01 10003 100 618664 2028395311 40264742 10064550
0b000b01 0b00c001 10004 100 635840 2026488871 42210901 10065989
0b000f01 0b00cf01 10007 100 1976 2041448232 27333650 10012845
0b000601 0b00c601 10003 100 523 2019840080 48943923 10012725
0b000401 0b00c501 10002 100 2900693 2007384990 61404487 10255875
0b000501 0b00ce01 10009 100 58451 2045609286 23198774 10017582
0b000401 0b00cc01 10001 100 8580 2046427755 22401423 10013400
0b000f01 0b00c401 10006 100 6932 2042127375 26778383 10013261
0b000a01 0b00c101 10000 100 523383 2018170696 50831604 10056562
0b000c01 0b00c501 10000 100 193206 2018218420 50824887 10028881
0b000001 0b00c001 10007 100 73205 2031722701 37351988 10018820
0b000201 0b00cd01 10012 100 2903 2053842980 15291701 10012923
0b000d01 0b00c601 10003 100 29013 2020613899 48684736 10015116
0b000601 0b00cc01 10012 100 17083 2053971935 15399548 10014115
0b000901 0b00cc01 10003 100 3345517 2034074871 35302643 10293170
0b000c01 0b00ce01 10011 100 5433 2022990822 46442897 10013137
0b000301 0b00cb01 10005 100 5105 2033184127 36317544 10013111
0b000201 0b00c401 10005 100 85258 2041385878 28168560 10019830
0b000601 0b00cb01 10007 100 7176 2041237296 28361369 10013284
0b000b01 0b00ce01 10004 100 372641 2046543084 23093927 10043923
0b000601 0b00ce01 10003 100 1924 2023355411 46347103 10012841
0b000b01 0b00c601 10008 100 77383 2043571006 26224095 10019170
0b000d01 0b00c501 10003 100 443653 2017946098 51870739 10049877
0b000b01 0b00cd01 10002 100 604001 2025526773 44290576 10063323
0b000001 0b00ce01 10006 100 17113 2031638236 38206327 10014118
0b000001 0b00ce01 10011 100 20784 2047324462 22570342 10014423
0b000f01 0b00c601 10005 100 4651 2043868003 26036138 10013071
0b000101 0b00c601 10006 100 1238725 2033456392 36460997 10116535
0b000d01 0b00cb01 10006 100 184608 2041344366 28592707 10028159
0b000c01 0b00c501 10001 100 86546 2022807575 47171401 10019937
0b000c01 0b00c201 10006 100 496510 2021989335 48069404 10054309
0b000d01 0b00c701 10006 100 61838 2044735057 25382098 10017865
0b000101 0b00cb01 10007 100 2683 2047754069 22369402 10012906
0b000901 0b00c301 10004 100 46080 2029675457 40506695 10016546
0b000a01 0b00c201 10005 100 643819 2021106378 49080160 10066658
0b000f01 0b00c001 10005 100 5228 2046805844 23408105 10013121
0b000101 0b00c401 10009 100 45132 2054639273 15585053 10016467
0b000001 0b00c101 10003 100 6588 2031036834 39254285 10013233
0b000301 0b00c601 10005 100 495223 2039175773 31117064 10054202
0b000401 0b00c001 10006 100 1664879 2020723826 49603597 10152263
0b000601 0b00c201 10005 100 116622 2040114195 30232082 10022459
0b000b01 0b00ce01 10002 100 129942 2034873403 35503255 10023574
0b000901 0b00ce01 10004 100 1851570 2041746698 28632693 10167917
0b000201 0b00c001 10001 100 67909 2030993041 39391234 10018373
0b000901 0b00cd01 10003 100 220858 2042350137 28199031 10031197
0b000a01 0b00cc01 10003 100 1020783 2033208517 37370428 10098263
0b000a01 0b00c501 10001 100 14757 2045546070 25038069 10013918
0b000301 0b00ca01 10004 100 1137378 2019660389 50932875 10108040
0b000401 0b00cf01 10007 100 1544 2034901253 35707145 10012811
0b000001 0b00cf01 10008 100 21350 2044760258 25857524 10014472
0b000d01 0b00c301 10003 100 1496026 2026695913 43940312 10138110
0b000901 0b00c401 10002 100 158948 2031679585 38991430 10026006
0b000301 0b00c801 10006 100 12883 2045726387 24963410 10013760
0b000f01 0b00c901 10004 100 130011 2032545181 38200466 10023583
0b000f01 0b00c301 10007 100 755353 2044721644 26113651 10076011
0b000b01 0b00c801 10002 100 68603 2044864934 26027242 10018433
0b000201 0b00c701 10004 100 28477 2046018360 24961050 10015069
0b000d01 0b00cb01 10004 100 22994 2032032966 39098654 10014607
0b000d01 0b00c301 10007 100 31840 2043017961 28145340 10015350
0b000401 0b00c701 10000 100 24681 2025891493 45311742 10014750
0b000501 0b00c701 10003 100 9628 2023042961 48162568 10013488
0b000f01 0b00cc01 10005 100 1136 2045426878 25792254 10012778
0b000901 0b00cb01 10001 100 2248853 2020212494 51009445 10201224
0b000001 0b00ca01 10003 100 49452 2036688236 34644857 10016828
0b000b01 0b00ce01 10005 100 49989 2047731946 23657898 10016871
0b000501 0b00cc01 10008 100 54263 2040770537 30656093 10017232
0b000a01 0b00ce01 10002 100 405655 2031505049 39949834 10046691
0b000801 0b00c001 10012 100 25363 2044214511 27242634 10014808
0b000401 0b00c501 10008 100 76023 2025455945 46023571 10019057
0b000c01 0b00c001 10006 100 42118 2032242060 39364772 10016214
0b000a01 0b00cd01 10006 100 61088 2034028376 37581052 10017805
0b000501 0b00ce01 10003 100 40164 2024919162 46803705 10016050
0b000401 0b00ce01 10007 100 48139 2024868107 46907394 10016719
0b000f01 0b00c701 10005 100 6166 2045114981 26664295 10013200
0b000501 0b00c301 10003 100 140 2034688173 37093340 10012695
0b000301 0b00ce01 10002 100 26791 2037040242 34749677 10014926
0b000f01 0b00c401 10003 100 19585 2035596405 36241169 10014323
0b000801 0b00cc01 10002 100 31593 2024640943 47201454 10015330
0b000501 0b00c801 10010 100 60889 2044505770 27339145 10017785
0b000901 0b00c201 10003 100 26457 2032014839 39833218 10014900
0b000401 0b00c201 10007 100 32907 2035699214 36180449 10015439
0b000801 0b00cb01 10006 100 190260 2045269221 26626529 10028634
0b000501 0b00c801 10007 100 1080901 2033270164 38674018 10103303
0b000e01 0b00c301 10004 100 87532 2045866123 26160940 10020020
0b000501 0b00c101 10010 100 28879 2034741127 37311009 10015101
0b000401 0b00c501 10007 100 25593 2023190216 48889680 10014827
0b000e01 0b00c601 10010 100 22174 2045244015 26842750 10014542
0b000701 0b00cb01 10010 100 65040 2033977772 38175436 10018136
0b000101 0b00c001 10003 100 144529 2022017181 50191664 10024799
0b000101 0b00c201 10004 100 10670 2025998212 46255354 10013575
0b000e01 0b00c801 10007 100 68199 2026159996 46121199 10018400
0b000c01 0b00c001 10004 100 1150768 2026032563 46276324 10109161
0b000a01 0b00cc01 10006 100 37193 2034659909 37654469 10015801
0b000901 0b00c501 10005 100 44113 2035346484 36985065 10016381
0b000c01 0b00c901 10004 100 306334 2051899083 20458425 10038365
0b000901 0b00c401 10004 100 1372577 2042013741 30400491 10127758
0b000801 0b00cf01 10001 100 569395 2041004904 31425183 10060420
0b000801 0b00c101 10003 100 2233657 2027998767 44460377 10199951
0b000701 0b00cc01 10009 100 31698 2053613438 18935065 10015338
0b000801 0b00cb01 10007 100 57288 2049387868 23230184 10017485
0b000301 0b00c201 10008 100 44480 2044241984 28393911 10016411
0b000501 0b00c801 10012 100 33604 2050155018 22485477 10015498
0b000601 0b00cf01 10003 100 25721 2033573386 39079170 10014837
0b000b01 0b00cb01 10002 100 2382346 2024598097 48078445 10212418
0b000801 0b00c301 10002 100 208056 2046117683 26630324 10030127
0b000901 0b00c101 10004 100 3426979 2032955193 39798855 10299998
0b000a01 0b00cb01 10007 100 56704 2028284562 44529108 10017435
0b000f01 0b00ce01 10002 100 785615 2037063075 35881523 10078547
0b000201 0b00ca01 10002 100 2506497 2018132835 54813946 10222826
0b000201 0b00c301 10003 100 41107 2047955857 25028277 10016129
0b000e01 0b00c801 10006 100 23799 2025000439 48002558 10014676
0b000001 0b00c001 10005 100 671431 2027266528 45839455 10068974
0b000601 0b00cd01 10004 100 5120690 2008808978 64354917 10441999
0b000601 0b00c601 10004 100 783916 2021814035 51350308 10078403
0b000801 0b00c801 10004 100 829754 2044652135 28553410 10082247
0b000001 0b00c801 10003 100 133618 2033836850 39368860 10023884
0b000101 0b00c601 10009 100 71615 2057149518 16056811 10018685
0b000001 0b00c301 10003 100 4030 2035555398 37707625 10013021
0b000901 0b00ce01 10007 100 28955 2057553631 15752893 10015107
0b000001 0b00cf01 10005 100 58734 2034428400 38885727 10017605
0b000101 0b00c501 10004 100 2077168 2031418398 41897028 10186832
0b000701 0b00cc01 10005 100 49492 2035767960 37565663 10016831
0b000d01 0b00c801 10004 100 2621 2038097522 35255485 10012901
0b000701 0b00ce01 10005 100 152470 2030851000 42518786 10025465
0b000801 0b00cf01 10004 100 130693 2054365520 19081867 10023638
0b000201 0b00cc01 10006 100 36588 2050635451 22818948 10015749
0b000901 0b00c101 10006 100 68781 2044235937 29221817 10018447
0b000901 0b00ca01 10003 100 1580507 2033905695 39584160 10145191
0b000101 0b00ce01 10006 100 1219875 2051974278 21581086 10114954
0b000f01 0b00cd01 10007 100 472445 2041098451 32512789 10052291
0b000801 0b00c201 10005 100 808735 2045297693 28423130 10080485
0b000701 0b00cb01 10012 100 51567 2054241606 19494074 10017005
0b000201 0b00c701 10005 100 51342 2050758940 22978749 10016987
0b000301 0b00c501 10003 100 50384 2033790627 39964696 10016906
0b000301 0b00cb01 10009 100 23703 2057751576 16028065 10014668
0b000001 0b00ca01 10004 100 21271 2045955037 27914971 10014466
0b000f01 0b00cd01 10008 100 27260 2049882852 24085246 10014968
0b000e01 0b00c101 10002 100 4474 2028724565 45263294 10013057
0b000401 0b00c901 10009 100 105717 2057403475 16606171 10021544
0b000301 0b00c801 10007 100 45241 2048762351 25283191 10016475
0b000a01 0b00cb01 10010 100 850 2046849089 27261622 10012751
0b000101 0b00cb01 10001 100 34689 2024819657 49385450 10015589
0b000a01 0b00ca01 10006 100 1016134 2034233592 39993038 10097876
0b000301 0b00c201 10004 100 854756 2029245620 45009042 10084343
0b000701 0b00c201 10003 100 23146 2037241246 37041889 10014623
0b000a01 0b00ca01 10007 100 3391 2038344958 35993767 10012966
0b000701 0b00cb01 10011 100 57038 2038144529 36247479 10017465
0b000101 0b00c201 10005 100 34539 2028267735 46204597 10015577
0b000101 0b00cf01 10005 100 23858 2038265188 36299924 10014680
0b000b01 0b00cf01 10008 100 7265 2049075207 25505292 10013291
0b000601 0b00cd01 10011 100 3342 2056168870 18422112 10012962
0b000901 0b00c301 10006 100 81976 2037198624 37401999 10019552
0b000601 0b00c401 10006 100 127400 2047996527 26665742 10023363
0b000501 0b00cf01 10005 100 249922 2047053529 27709181 10033633
0b000f01 0b00cc01 10004 100 86702 2036910757 37858315 10019950
0b000601 0b00cf01 10006 100 3357 2046392761 28411328 10012963
0b000c01 0b00c001 10005 100 36106 2028844968 45997333 10015710
0b000101 0b00cd01 10003 100 71050 2036566459 38304883 10018640
0b000f01 0b00cb01 10004 100 56826 2025380528 49584526 10017444
0b000401 0b00c201 10005 100 2805 2025503878 49478392 10012915
0b000c01 0b00c301 10006 100 67812 2034895128 40119049 10018366
0b000401 0b00c201 10009 100 26915 2046149365 28876649 10014936
0b000b01 0b00c601 10010 100 65069 2058591689 16483254 10018138
0b000701 0b00c101 10006 100 40921 2046077324 29001653 10016111
0b000f01 0b00c301 10004 100 43081 2028869058 46228063 10016295
0b000301 0b00cb01 10006 100 1678523 2035288293 39827968 10153409
0b000b01 0b00c001 10006 100 8050 2047876856 27256228 10013358
0b000301 0b00c801 10005 100 58800 2037728701 37539976 10017610
0b000e01 0b00c801 10014 100 33609 2047945893 27427860 10015499
0b000901 0b00c001 10004 100 653745 2032768497 42614622 10067490
0b000101 0b00c401 10002 100 2507308 2023951108 51526739 10222895
0b000301 0b00cb01 10008 100 72802 2047170556 28332840 10018784
0b000b01 0b00c601 10009 100 3723 2046252251 29255590 10012993
0b000f01 0b00c701 10003 100 1635377 2021604990 53933790 10149792
0b000101 0b00cc01 10006 100 1640607 2043384340 32174770 10150230
0b000501 0b00c801 10011 100 69587 2046588685 29003126 10018515
0b000901 0b00c401 10006 100 35766 2049802232 25820253 10015679
0b000201 0b00c901 10007 100 1560678 2029493382 46132888 10143528
0b000b01 0b00c701 10004 100 8150 2048107778 27524318 10013366
0b000201 0b00c501 10006 100 805495 2043506609 32209511 10080214
0b000701 0b00ce01 10008 100 73897 2049296471 26454023 10018875
0b000c01 0b00c301 10010 100 51142 2046115890 29688826 10016971
0b000501 0b00c301 10006 100 4830 2051246984 24575102 10013085
0b000401 0b00cb01 10004 100 17770 2047526182 28308448 10014170
0b000001 0b00ce01 10015 100 6148 2051316713 24626594 10013198
0b000001 0b00c601 10003 100 28413 2041669076 34295871 10015064
0b000401 0b00ce01 10012 100 19776 2060680157 15346486 10014338
0b000701 0b00c901 10004 100 415501 2052418923 23660003 10047517
0b000601 0b00c601 10005 100 27857 2026463752 49619310 10015016
0b000001 0b00cf01 10007 100 60682 2041790944 34311580 10017768
0b000f01 0b00c401 10008 100 79961 2048177238 27927806 10019384
0b000501 0b00ca01 10004 100 1448538 2034900368 41235944 10134127
0b000901 0b00cc01 10007 100 32710 2060180401 15974477 10015423
0b000201 0b00c001 10003 100 10570 2048054374 28102553 10013567
0b000a01 0b00c801 10006 100 83670 2049737373 26427438 10019696
0b000b01 0b00c601 10011 100 33823 2059840836 16326982 10015516
0b000901 0b00c901 10003 100 2235542 2030807438 45371552 10200109
0b000e01 0b00c401 10008 100 35285 2048774839 27409142 10015641
0b000801 0b00c101 10007 100 31992 2058463086 17908665 10015362
0b000e01 0b00c501 10008 100 28614 2051139243 25274083 10015080
0b000001 0b00ce01 10013 100 4169 2048607420 27820607 10013032
0b000c01 0b00ce01 10019 100 102872 2049794646 26636073 10021305
0b000c01 0b00c101 10007 100 3161 2048374793 28115920 10012948
0b000201 0b00c301 10002 100 326290 2026910478 49603198 10040038
0b000401 0b00c301 10004 100 189188 2046722893 29806133 10028544
0b000301 0b00cf01 10006 100 46267 2038860586 37671937 10016561
0b000901 0b00c201 10004 100 66141 2040022183 36533674 10018228
0b000201 0b00c201 10004 100 884894 2043614213 32952420 10086869
0b000301 0b00ca01 10009 100 46636 2050034307 26537475 10016591
0b000501 0b00c501 10010 100 115708 2038722173 37928025 10022382
0b000d01 0b00cd01 10003 100 1374236 2017933623 58725127 10127898
0b000601 0b00ce01 10004 100 28071 2027009646 49699777 10015037
0b000301 0b00c201 10003 100 45673 2027849316 48916440 10016510
0b000101 0b00c301 10003 100 59609 2027345278 49431288 10017679
0b000901 0b00c501 10007 100 29823 2049127642 27734558 10015181
0b000a01 0b00c101 10003 100 1064535 2033939435 42923094 10101932
0b000f01 0b00c601 10008 100 150696 2048816827 28054903 10025315
0b000601 0b00cc01 10009 100 46922 2045786741 31103434 10016614
0b000a01 0b00c901 10003 100 1858711 2024283061 52625438 10168515
0b000a01 0b00c301 10006 100 14896 2051851523 25070166 10013929
0b000f01 0b00cb01 10007 100 41561 2049532721 27392130 10016166
0b000901 0b00c101 10003 100 3559447 2023794538 53142157 10311106
0b000401 0b00c401 10006 100 2256 2027480161 49467425 10012872
0b000801 0b00c501 10003 100 24052 2049342364 27616718 10014700
0b000901 0b00c701 10001 100 1350854 2038155564 38863258 10125936
0b000801 0b00c801 10003 100 6722 2037136067 39893325 10013244
0b000701 0b00c801 10008 100 7269 2042511594 34572058 10013292
0b000d01 0b00ce01 10006 100 1807947 2029606371 47478560 10164258
0b000601 0b00c901 10008 100 812501 2040214767 36920985 10080802
0b000801 0b00c401 10007 100 507883 2034886060 42272502 10055261
0b000701 0b00cd01 10004 100 123541 2049783923 27433990 10023039
0b000f01 0b00ce01 10003 100 6739 2041976362 35287736 10013246
0b000c01 0b00c201 10005 100 427668 2020769253 56530772 10048536
0b000e01 0b00c701 10010 100 15227 2050324606 27056289 10013959
0b000301 0b00cd01 10004 100 27947 2032221895 45198170 10015023
0b000a01 0b00c301 10005 100 10432 2040433372 37011878 10013556
0b000501 0b00c401 10005 100 41493 2052493382 25009349 10016160
0b000601 0b00ca01 10005 100 77431 2048217805 29310450 10019174
0b000601 0b00c201 10004 100 13033 2040021685 37511015 10013776
0b000001 0b00c901 10001 100 69087 2028007952 49564051 10018475
0b000d01 0b00c401 10003 100 54902 2031476727 46114960 10017283
0b000901 0b00cd01 10002 100 165511 2029479401 48115068 10026558
0b000c01 0b00c701 10006 100 120570 2029606998 48189249 10022790
0b000701 0b00c901 10003 100 9198 2050645590 27180977 10013454
0b000901 0b00c201 10005 100 7558 2043069170 34834198 10013315
0b000901 0b00c801 10003 100 36349 2040119057 37795562 10015730
0b000601 0b00ce01 10005 100 74804 2027877747 50050725 10018952
0b000c01 0b00ce01 10016 100 18352 2038815817 39155654 10014221
0b000701 0b00c401 10006 100 63021 2048603840 29378331 10017967
0b000901 0b00cd01 10004 100 54006 2054820358 23166691 10017211
0b000901 0b00c801 10004 100 7666 2041414126 36595599 10013324
0b000201 0b00cb01 10006 100 418240 2046517430 31509143 10047748
0b000d01 0b00c801 10003 100 1610416 2031081781 46987723 10147699
0b000101 0b00c601 10008 100 29099 2038076408 40086361 10015123
0b000e01 0b00cf01 10007 100 5235 2060972034 17199183 10013121
0b000201 0b00c701 10007 100 65018 2061086533 17169201 10018134
0b000701 0b00c601 10005 100 4283 2037797584 40460055 10013041
0b000701 0b00c501 10006 100 36082 2052846800 25415183 10015708
0b000001 0b00ce01 10005 100 60073 2031564829 46701109 10017720
0b000301 0b00c101 10006 100 74267 2060866244 17469332 10018909
0b000001 0b00c101 10001 100 2810016 2015100648 63347371 10248275
0b000c01 0b00c401 10003 100 26928 2042678752 35859139 10014937
0b000c01 0b00c701 10007 100 620724 2029932835 48644768 10064722
0b000e01 0b00c001 10004 100 49256 2051589760 27009861 10016812
0b000201 0b00c301 10001 100 3743455 2021178449 57427203 10326533
0b000b01 0b00cb01 10004 100 693514 2042253662 36395682 10070826
0b000e01 0b00c601 10013 100 7056 2061529755 17164687 10013275
0b000e01 0b00ca01 10008 100 40900 2061073470 17646717 10016109
0b000801 0b00cd01 10003 100 520782 2050476350 28263420 10056343
0b000b01 0b00c601 10012 100 59307 2061594771 17199510 10017654
0b000901 0b00ce01 10006 100 844212 2056983188 21850148 10083461
0b000301 0b00c801 10008 100 37572 2050715579 28184324 10015831
0b000601 0b00c501 10004 100 26102 2029048368 49866708 10014871
0b000301 0b00c301 10005 100 940 2052012792 26914859 10012759
0b000501 0b00ce01 10008 100 48802 2041571266 37391886 10016772
0b000a01 0b00c601 10001 100 22811 2053811211 25155616 10014593
0b000401 0b00c301 10006 100 41300 2050121870 28850839 10016145
0b000d01 0b00c501 10005 100 74532 2051566751 27421668 10018930
0b000701 0b00c101 10007 100 45668 2059764525 19254706 10016510
0b000401 0b00c501 10009 100 1932 2031845557 47178876 10012842
0b000d01 0b00c101 10003 100 4750 2052399585 26647187 10013079
0b000201 0b00c801 10005 100 64384 2032403401 46674140 10018080
0b000f01 0b00c301 10010 100 78648 2061548648 17537299 10019275
0b000601 0b00ce01 10007 100 75727 2031272539 47817062 10019030
0b000401 0b00ce01 10008 100 105806 2030835728 48265742 10021551
0b000501 0b00c401 10003 100 156350 2034187221 44936683 10025790
0b000101 0b00c201 10003 100 1247799 2022036009 57137819 10117296
0b000f01 0b00c101 10010 100 38345 2052645781 26563293 10015897
0b000501 0b00c001 10005 100 39206 2041166098 38045265 10015970
0b000c01 0b00cc01 10002 100 66267 2051552140 27684391 10018238
0b000101 0b00c601 10004 100 1879896 2026486198 52770295 10170290
0b000901 0b00c201 10001 100 1274003 2024086339 55195233 10119496
0b000501 0b00cd01 10003 100 3525685 2015284647 64019330 10308274
0b000301 0b00c101 10007 100 23011 2061743954 17614726 10014613
0b000801 0b00c301 10004 100 4070 2051737965 27667796 10013024
0b000801 0b00cb01 10009 100 46097 2061619911 17920631 10016548
0b000d01 0b00cb01 10005 100 26843 2033544926 46047041 10014931
0b000f01 0b00ce01 10006 100 31629 2054869946 24741540 10015333
0b000801 0b00c201 10006 100 286933 2052841724 26823654 10036736
0b000101 0b00c401 10007 100 142566 2038540091 41170029 10024634
0b000401 0b00c701 10003 100 74829 2050323205 29438328 10018954
0b000501 0b00c101 10008 100 25966 2029530289 50252068 10014857
0b000c01 0b00cb01 10005 100 76216 2033104352 46700430 10019072
0b000101 0b00c501 10009 100 77388 2051572580 28261557 10019170
0b000101 0b00c501 10005 100 44381 2034869367 44966695 10016403
0b000901 0b00cc01 10006 100 18522 2054122331 25727351 10014234
0b000201 0b00c001 10004 100 24120 2051786498 28077085 10014705
0b000601 0b00c501 10005 100 2608 2029979629 49901831 10012900
0b000f01 0b00cd01 10004 100 73284 2030414528 49511717 10018826
0b000701 0b00ce01 10009 100 5653 2053471041 26512560 10013155
0b000f01 0b00cd01 10011 100 44062 2062606302 17429053 10016377
0b000901 0b00cb01 10004 100 14525 2050232797 29812117 10013899
0b000401 0b00ce01 10011 100 14476 2053548503 26502182 10013895
0b000f01 0b00c901 10007 100 18699 2053263638 26826107 10014248
0b000a01 0b00c001 10001 100 39112 2041857460 38250827 10015962
0b000701 0b00c401 10005 100 41008 2039375072 40794416 10016121
0b000c01 0b00c001 10007 100 14622 2051944623 28255366 10013907
0b000c01 0b00ce01 10007 100 1724219 2016244503 64014349 10157241
0b000301 0b00ca01 10012 100 43938 2063033036 17264272 10016364
0b000a01 0b00ca01 10005 100 28509 2032846444 47453468 10015072
0b000c01 0b00c401 10004 100 277017 2050071683 30256965 10035908
0b000501 0b00ce01 10013 100 17194 2064646096 15731511 10014124
0b000e01 0b00c901 10004 100 4312 2063814537 16588243 10013044
0b000401 0b00cb01 10006 100 146796 2053319092 27125787 10024988
0b000f01 0b00c601 10002 100 4125099 2011073062 69376698 10358531
0b000801 0b00c501 10004 100 141772 2054188072 26266174 10024567
0b000f01 0b00c101 10006 100 6224 2031656680 48830338 10013204
0b000301 0b00ce01 10003 100 79237 2045362266 35159868 10019326
0b000601 0b00c001 10003 100 1297 2062004642 18520290 10012791
0b000001 0b00c201 10007 100 60074 2042373589 38180657 10017720
0b000a01 0b00c901 10002 100 1587417 2023424732 57156342 10145771
0b000d01 0b00c001 10004 100 3066 2041782524 38825557 10012940
0b000c01 0b00c901 10002 100 591792 2020942183 59679311 10062296
0b000201 0b00ca01 10008 100 20584 2040791361 39842130 10014407
0b000c01 0b00ce01 10017 100 66507 2040774489 39859497 10018257
0b000f01 0b00c201 10007 100 92608 2062209505 18445143 10020445
0b000601 0b00c501 10003 100 3943657 2019984482 60740482 10343317
0b000601 0b00ce01 10008 100 65174 2032906414 47819457 10018147
0b000801 0b00cf01 10005 100 1080 2063650011 17103211 10012774
0b000201 0b00cc01 10004 100 2696044 2033280393 47498911 10238720
0b000e01 0b00cd01 10011 100 148611 2049019150 31834489 10025141
0b000d01 0b00ce01 10009 100 100661 2055247817 25640864 10021120
0b000101 0b00cb01 10009 100 62663 2063307997 17618723 10017934
0b000601 0b00c801 10008 100 62248 2057017350 23946103 10017901
0b000001 0b00cf01 10013 100 31132 2063549264 17465442 10015293
0b000601 0b00c601 10007 100 55453 2036330502 44748027 10017331
0b000801 0b00ca01 10004 100 3313147 2030942006 50185113 10290457
0b000a01 0b00c501 10003 100 166141 2053365056 27785424 10026612
0b000601 0b00c201 10007 100 170196 2058718750 22507284 10026952
0b000301 0b00c401 10004 100 57917 2036617694 44647676 10017536
0b000801 0b00c001 10010 100 8371 2042576187 38702267 10013384
0b000501 0b00c601 10003 100 41926 2030924849 50476140 10016195
0b000901 0b00c001 10007 100 6652 2037348881 44100764 10013239
0b000301 0b00c001 10002 100 1692284 2038977742 42476837 10154563
0b000b01 0b00c101 10004 100 43461 2053504209 27954309 10016325
0b000601 0b00c501 10012 100 68004 2061492137 19966488 10018385
0b000601 0b00c401 10004 100 306651 2029760403 51783193 10038390
0b000501 0b00c501 10007 100 77453 2031186003 50410750 10019175
0b000001 0b00c201 10009 100 50578 2063633267 18043279 10016922
0b000901 0b00c501 10006 100 3204906 2039637497 42078847 10281379
0b000001 0b00c901 10004 100 3787 2064593551 17169451 10012998
0b000201 0b00ca01 10005 100 30904 2033511723 48261762 10015271
0b000d01 0b00c301 10006 100 1000709 2042908332 38918196 10096580
0b000b01 0b00cc01 10010 100 53780 2053340583 28486441 10017189
0b000501 0b00ce01 10007 100 28823 2034167356 47671976 10015097
0b000101 0b00c601 10011 100 59845 2064592832 17296066 10017698
0b000c01 0b00c301 10008 100 64362 2042637125 39256903 10018078
0b000801 0b00c201 10007 100 45345 2055593591 26317331 10016484
0b000501 0b00cd01 10005 100 29257 2058470316 23469911 10015135
0b000901 0b00cf01 10007 100 34118 2055959017 25985046 10015543
0b000501 0b00c601 10004 100 1212009 2037686111 44259427 10114298
0b000501 0b00c501 10011 100 30488 2044828152 37127814 10015238
0b000301 0b00c701 10007 100 74606 2041113167 40853121 10018936
0b000a01 0b00ca01 10009 100 24357 2055732304 26242813 10014724
0b000a01 0b00cf01 10006 100 170994 2042195099 39800852 10027016
0b000f01 0b00c801 10004 100 21282 2035921935 46098363 10014467
0b000a01 0b00c701 10006 100 1021974 2037028471 45030079 10098362
0b000b01 0b00c701 10005 100 505432 2048873595 33212293 10055057
0b000c01 0b00c801 10005 100 50280 2042557030 39531464 10016898
0b000401 0b00c501 10018 100 46698 2063073029 19077430 10016596
0b000701 0b00cf01 10007 100 51584 2045148952 37007781 10017006
0b000901 0b00cd01 10006 100 436540 2056828258 25435165 10049281
0b000101 0b00c401 10005 100 8471 2033030938 49278079 10013392
0b000901 0b00cd01 10007 100 1114 2057275617 25050694 10012776
0b000901 0b00cf01 10006 100 40889 2054533284 27819361 10016108
0b000401 0b00c201 10003 100 693849 2024130559 58234735 10070852
0b000901 0b00c401 10005 100 5288 2044996774 37368674 10013126
0b000f01 0b00c701 10008 100 5384 2056069883 26317576 10013133
0b000d01 0b00c201 10001 100 1653800 2034296637 48109441 10151335
0b000001 0b00c401 10003 100 2890 2042550375 39888384 10012922
0b000101 0b00cd01 10006 100 582802 2053877795 28569132 10061542
0b000001 0b00c901 10006 100 3766 2065512179 16977622 10012996
0b000e01 0b00cd01 10009 100 2267 2043871708 38621926 10012872
0b000401 0b00c001 10007 100 2154 2042434840 40121357 10012863
0b000a01 0b00cb01 10012 100 90595 2064290570 18307068 10020277
0b000701 0b00c501 10005 100 41766 2041827077 40788660 10016182
0b000101 0b00c001 10004 100 1753005 2022299655 60323232 10159655
0b000801 0b00c201 10002 100 1965971 2034724235 48090273 10177507
0b000301 0b00c101 10004 100 615 2052768298 30053863 10012733
0b000101 0b00c101 10007 100 71207 2065227533 17647718 10018653
0b000301 0b00c601 10004 100 747538 2036276164 46623154 10075355
0b000d01 0b00cc01 10003 100 821033 2027515408 55394004 10081519
0b000701 0b00c301 10009 100 3698 2064898427 18110976 10012991
0b000201 0b00c401 10007 100 3063 2065955007 17089926 10012940
0b000801 0b00ce01 10009 100 810776 2051130721 31920513 10080656
0b000a01 0b00c401 10014 100 45635 2065914561 17215909 10016507
0b000e01 0b00ca01 10005 100 1330556 2035543774 47605844 10124235
0b000601 0b00c101 10006 100 2279 2046091745 37064747 10012873
0b000201 0b00c001 10006 100 20626 2065883171 17314745 10014410
0b000601 0b00ca01 10004 100 54096 2048171223 35046763 10017218
0b000801 0b00c201 10008 100 2708 2058130454 25171529 10012908
0b000d01 0b00c001 10006 100 73050 2055879914 27488978 10018808
0b000b01 0b00cb01 10005 100 49417 2045927972 37442169 10016825
0b000d01 0b00c901 10002 100 589618 2036465154 46954416 10062115
0b000f01 0b00cc01 10006 100 189445 2054781320 28683508 10028565
0b000801 0b00cc01 10005 100 2973 2059790374 23679547 10012929
0b000e01 0b00cd01 10008 100 991028 2041336550 42245680 10095771
0b000d01 0b00ce01 10008 100 3517 2035279928 48330814 10012976
0b000701 0b00cf01 10008 100 662199 2045246763 38399384 10068201
0b000d01 0b00c201 10008 100 15829 2066514913 17178671 10014007
0b000201 0b00c101 10005 100 21046 2046896804 36797939 10014448
0b000a01 0b00c601 10002 100 7772 2053981188 29852670 10013332
0b000d01 0b00c501 10006 100 54426 2057066320 26785106 10017245
0b000a01 0b00c101 10002 100 522006 2029192113 54667567 10056448
0b000a01 0b00c001 10000 100 64070 2038179458 45681146 10018055
0b000801 0b00c701 10005 100 2211339 2043866641 40021027 10198081
0b000e01 0b00c401 10010 100 57587 2056417091 27499594 10017509
0b000301 0b00cd01 10006 100 52487 2048905480 35017996 10017082
0b000301 0b00c301 10006 100 398196 2052593610 31375382 10046067
0b000501 0b00cc01 10013 100 68779 2060139402 23842633 10018447
0b000301 0b00c601 10008 100 286197 2052638613 31516856 10036677
0b000401 0b00c901 10007 100 57308 2035673639 48503988 10017487
0b000a01 0b00cb01 10000 100 9139316 2004330366 79856168 10778922
0b000801 0b00c201 10003 100 938797 2038084863 46109493 10091389
0b000401 0b00c601 10005 100 60084 2046076033 38207770 10017720
0b000701 0b00c901 10002 100 662397 2043338310 41014176 10068217
0b000301 0b00c501 10004 100 146938 2035720820 48641134 10024999
0b000001 0b00cf01 10006 100 64980 2036426215 47956338 10018128
0b000f01 0b00c601 10007 100 8322 2048790568 35738433 10013380
0b000901 0b00ca01 10004 100 5060 2045503948 39067879 10013107
0b000c01 0b00c601 10004 100 1191246 2040327702 44255856 10112556
0b000101 0b00c601 10007 100 1507 2034949698 49677787 10012808
0b000401 0b00cf01 10006 100 936 2034034624 50639852 10012758
0b000801 0b00ca01 10006 100 284809 2054754901 29924847 10036559
0b000e01 0b00c801 10016 100 8173 2058690417 26076837 10013368
0b000601 0b00c001 10000 100 34976 2037670209 47099744 10015612
0b000101 0b00c001 10011 100 57990 2058986403 25868807 10017541
0b000901 0b00c001 10009 100 63082 2067019839 17874915 10017972
0b000f01 0b00ca01 10003 100 2410431 2026176216 58794161 10214772
0b000c01 0b00cc01 10004 100 7371 2068239306 16751016 10013300
0b000201 0b00cd01 10013 100 165189 2055728060 29300278 10026532
0b000001 0b00c301 10006 100 6826 2057877189 27164593 10013252
0b000901 0b00c001 10001 100 2444842 2024583639 60458305 10217656
0b000301 0b00cd01 10008 100 112185 2056142422 28916577 10022088
0b000c01 0b00c501 10003 100 45992 2045538892 39532931 10016536
0b000601 0b00c601 10009 100 4917 2045047944 40077489 10013092
0b000001 0b00c501 10003 100 76673 2044649510 40574599 10019109
0b000f01 0b00c701 10004 100 2536 2037000839 48255007 10012894
0b000201 0b00cb01 10005 100 28939 2040924404 44372381 10015106
0b000f01 0b00c001 10007 100 3244 2068710365 16801835 10012954
0b000801 0b00c901 10003 100 63688 2047936496 37616761 10018020
0b000901 0b00c301 10009 100 41164 2058472162 27270990 10016134
0b000e01 0b00c701 10009 100 90626 2039303242 46467873 10020279
0b000c01 0b00c201 10010 100 24338 2046557999 39245737 10014723
0b000401 0b00c701 10002 100 107281 2033776797 52048580 10021677
0b000901 0b00c101 10005 100 4446818 2038116534 47750566 10385501
0b000101 0b00c001 10006 100 851301 2037693260 48175568 10084055
0b000d01 0b00cd01 10011 100 39295 2068648891 17241577 10015977
0b000501 0b00c101 10013 100 40240 2044872827 41029186 10016056
0b000f01 0b00c401 10004 100 77976 2036896444 49058465 10019217
0b000101 0b00cf01 10006 100 43971 2060308480 25715192 10016366
0b000401 0b00c301 10005 100 68260 2048292580 37758449 10018405
0b000601 0b00cf01 10007 100 30784 2049011704 37064080 10015261
0b000d01 0b00c201 10006 100 237666 2056387700 29783571 10032607
0b000801 0b00c001 10014 100 115821 2050673882 35506839 10022391
0b000501 0b00c801 10003 100 4503438 2016888502 69321192 10390250
0b000901 0b00cc01 10005 100 3619 2051704131 34628316 10012984
0b000d01 0b00c301 10008 100 142622 2058100036 28246082 10024638
0b000601 0b00cd01 10010 100 25258 2042384871 44034043 10014800
0b000d01 0b00cc01 10007 100 1252120 2044291116 42148285 10117661
0b000801 0b00cd01 10004 100 2736 2062336673 24126486 10012910
0b000101 0b00c001 10010 100 17416 2046451709 40031214 10014142
0b000001 0b00c801 10006 100 69878 2058698908 27798393 10018539
0b000801 0b00c001 10017 100 26119 2060935038 25581498 10014873
0b000601 0b00c101 10005 100 1135966 2042835521 43707811 10107919
0b000301 0b00c101 10005 100 6271 2056895953 29659198 10013208
0b000b01 0b00cc01 10011 100 4013 2061322328 25240934 10013020
0b000801 0b00c301 10006 100 45379 2059420494 27194292 10016486
0b000901 0b00c201 10009 100 7935 2069223639 17393249 10013345
0b000c01 0b00c801 10006 100 178302 2046104843 40672118 10027631
0b000001 0b00c401 10008 100 69284 2060002295 26782152 10018491
0b000601 0b00ca01 10007 100 8209 2059173656 27657937 10013371
0b000101 0b00c501 10008 100 24085 2046799624 40037378 10014702
0b000301 0b00cf01 10007 100 7548 2042415506 44449963 10013314
0b000101 0b00c701 10009 100 197097 2059708114 27180960 10029208
0b000501 0b00ce01 10014 100 78233 2067626241 19277757 10019242
0b000d01 0b00ca01 10005 100 3297 2037900628 49004904 10012959
0b000a01 0b00c001 10003 100 65407 2058991193 27927487 10018166
0b000901 0b00c201 10006 100 17842 2049786786 37161047 10014176
0b000501 0b00c901 10005 100 48128 2050151023 36814781 10016718
0b000501 0b00c101 10009 100 1436318 2031844750 55127082 10133103
0b000201 0b00cf01 10007 100 16918 2062870633 24115179 10014098
0b000401 0b00c901 10008 100 63883 2045840792 41212630 10018036
0b000701 0b00ca01 10005 100 39703 2061880928 25184679 10016009
0b000f01 0b00c501 10004 100 73814 2038340075 48748676 10018869
0b000c01 0b00ca01 10012 100 31540 2060334227 26770591 10015326
0b000a01 0b00c701 10002 100 4869038 2010735765 76392032 10420903
0b000101 0b00c301 10004 100 2508 2037430413 49726396 10012892
0b000101 0b00c301 10007 100 206 2061564246 25615285 10012700
0b000101 0b00cb01 10003 100 160340 2035863044 51328723 10026125
0b000601 0b00c601 10011 100 523092 2057361187 29906427 10056539
0b000a01 0b00ca01 10008 100 48990 2049744356 37681219 10016787
0b000e01 0b00cb01 10005 100 31297 2062256536 25206276 10015306
0b000501 0b00cf01 10006 100 1455 2047275189 40224447 10012804
0b000101 0b00c201 10009 100 35171 2070907780 16668734 10015631
0b000401 0b00c401 10007 100 70643 2035509214 52107069 10018604
0b000d01 0b00ca01 10008 100 120109 2069290864 18334367 10022753
0b000801 0b00c801 10008 100 25931 2061784767 25906521 10014854
0b000001 0b00cc01 10006 100 47028 2043072083 44645007 10016626
0b000e01 0b00ce01 10001 100 3636293 2014248539 73495777 10317549
0b000f01 0b00c101 10009 100 11712 2049678459 38093218 10013663
0b000801 0b00ce01 10011 100 8832 2062779772 24995306 10013421
0b000d01 0b00c201 10007 100 36046 2058407133 29411193 10015705
0b000801 0b00cc01 10006 100 129705 2061343250 26484155 10023555
0b000301 0b00c301 10003 100 169200 2036759716 51179516 10026868
0b000f01 0b00c001 10004 100 13443 2038850742 49095424 10013809
0b000f01 0b00c501 10007 100 21993 2049773202 38193814 10014523
0b000c01 0b00ce01 10014 100 1724501 2032489437 55492434 10157264
0b000b01 0b00c501 10010 100 72846 2071409001 16593174 10018788
0b000001 0b00cd01 10002 100 798472 2052641819 35481806 10079625
0b000c01 0b00ca01 10010 100 25246 2048824417 39306338 10014799
0b000701 0b00ce01 10012 100 9572 2072172999 15957880 10013484
0b000301 0b00c301 10004 100 8852 2048117811 40063989 10013422
0b000d01 0b00c901 10003 100 49582 2070820789 17446910 10016838
0b000201 0b00cd01 10011 100 17539 2051335723 36941208 10014152
0b000101 0b00c701 10008 100 79966 2053175545 35110899 10019384
0b000a01 0b00c901 10009 100 12038 2061808361 26492756 10013692
0b000701 0b00c301 10008 100 49753 2050461659 37847939 10016852
0b000d01 0b00cb01 10007 100 23142 2049984094 38328160 10014623
0b000601 0b00c801 10004 100 853173 2037727473 50594491 10084213
0b000b01 0b00cc01 10012 100 79335 2062640194 25698243 10019334
0b000401 0b00cd01 10007 100 2071 2047896941 40470229 10012857
0b000301 0b00c601 10009 100 1134 2060279223 28126275 10012778
0b000801 0b00cd01 10005 100 18186 2063443372 25006899 10014207
0b000e01 0b00c601 10011 100 54309 2059258461 29215134 10017235
0b000c01 0b00c801 10007 100 156220 2049134978 39421381 10025780
0b000601 0b00c801 10006 100 70652 2047280986 41281042 10018604
0b000e01 0b00cd01 10013 100 18648 2063913391 24676367 10014244
0b000a01 0b00cf01 10007 100 639184 2054635454 34015658 10066272
0b000501 0b00cf01 10003 100 225137 2044917034 43735911 10031558
0b000e01 0b00c101 10007 100 3377 2050629600 38062579 10012965
0b000601 0b00cf01 10005 100 39607 2041526653 47206106 10016002
0b000d01 0b00c601 10007 100 59649 2063511173 25319955 10017682
0b000a01 0b00cc01 10007 100 1422495 2035291186 53563747 10131943
0b000701 0b00ca01 10006 100 56623 2061976760 26881494 10017428
0b000301 0b00ca01 10003 100 3616706 2010208108 78678838 10315905
0b000101 0b00cc01 10005 100 220667 2038920876 49990650 10031182
0b000c01 0b00c301 10012 100 24948 2062430958 26501588 10014771
0b000301 0b00c701 10004 100 1906432 2023307069 65710067 10172517
0b000e01 0b00c401 10009 100 80193 2049362742 39667474 10019406
0b000701 0b00c701 10007 100 2056124 2015545857 73529022 10185068
0b000601 0b00c601 10012 100 65771 2064330909 24811712 10018195
0b000f01 0b00c701 10007 100 73015 2049319296 39849980 10018805
0b000301 0b00c901 10012 100 43498 2062852722 26351153 10016328
0b000b01 0b00c501 10007 100 458010 2034211539 55023384 10051083
0b000701 0b00c001 10008 100 6197 2052751488 36487131 10013202
0b000201 0b00cd01 10009 100 24488 2049025734 40223111 10014735
0b000501 0b00c101 10016 100 29850 2054475828 34824743 10015183
0b000101 0b00cc01 10008 100 978981 2054300553 35037517 10094757
0b000f01 0b00c901 10006 100 35889 2042917468 46428617 10015689
0b000201 0b00c901 10005 100 5070649 2018070947 71280289 10437804
0b000501 0b00cc01 10012 100 29433 2058371993 30992567 10015149
0b000601 0b00c001 10002 100 41119 2060848743 28550666 10016130
0b000801 0b00cf01 10002 100 26215 2041765974 47691057 10014880
0b000201 0b00c101 10006 100 851590 2061302459 28190264 10084078
0b000001 0b00ce01 10018 100 166023 2070160620 19340999 10026603
0b000f01 0b00ca01 10007 100 59124 2062339124 27172669 10017640
0b000601 0b00cb01 10008 100 67120 2063421071 26094063 10018310
0b000301 0b00c301 10007 100 185674 2060946702 28617962 10028248
0b000601 0b00c501 10011 100 29542 2061358819 28253077 10015158
0b000c01 0b00cf01 10005 100 587438 2040732095 48903213 10061932
0b000901 0b00c901 10005 100 48148 2049753233 39884838 10016720
0b000a01 0b00c301 10010 100 20835 2063530768 26130128 10014427
0b000701 0b00c201 10007 100 52393 2072460453 17231377 10017074
0b000401 0b00c301 10003 100 1212 2042549981 47194224 10012784
0b000601 0b00c401 10005 100 179704 2040342416 49435534 10027747
0b000401 0b00ce01 10009 100 24133 2045424026 44415832 10014706
0b000a01 0b00c401 10013 100 68277 2062702285 27148461 10018407
0b000b01 0b00c101 10005 100 28899 2059949226 29907705 10015103
0b000a01 0b00c001 10004 100 23817 2063771494 26096362 10014677
0b000501 0b00cc01 10007 100 30005 2038935995 50973578 10015199
0b000f01 0b00c401 10009 100 32143 2050873022 39092913 10015378
0b000c01 0b00ce01 10021 100 56636 2063062872 26907234 10017429
0b000e01 0b00cc01 10005 100 25456 2063339216 26637663 10014816
0b000501 0b00c401 10006 100 45910 2052849799 37255331 10016529
0b000e01 0b00c701 10012 100 1413 2053607411 36533360 10012800
0b000101 0b00ce01 10009 100 315249 2062672361 27481220 10039113
0b000801 0b00c301 10008 100 44403 2063428252 26857585 10016405
0b000901 0b00ce01 10005 100 56591 2052336543 38075141 10017426
0b000401 0b00c201 10010 100 9187 2050202147 40287101 10013453
0b000901 0b00c601 10005 100 687247 2057428192 33092279 10070301
0b000101 0b00cd01 10005 100 39547 2045692455 44865822 10015997
0b000d01 0b00cc01 10008 100 70904 2050852217 39758825 10018624
0b000401 0b00c601 10006 100 8462 2050314980 40302807 10013391
0b000a01 0b00c801 10008 100 4038 2053555697 37104388 10013022
0b000001 0b00ce01 10014 100 31695 2050128807 40532519 10015338
0b000001 0b00c401 10004 100 24582 2042969085 47715204 10014742
0b000401 0b00c601 10004 100 63733 2039257453 51434394 10018024
0b000f01 0b00c601 10011 100 27948 2073709334 17074347 10015023
0b000001 0b00c401 10010 100 29038 2064061543 26733717 10015118
0b000801 0b00c201 10009 100 1246340 2058247192 32562323 10117175
0b000301 0b00c201 10010 100 44901 2050163732 40648538 10016444
0b000001 0b00c401 10007 100 166924 2059510670 31337104 10026675
0b000101 0b00cb01 10004 100 1964289 2035932137 54942222 10177368
0b000b01 0b00c201 10004 100 1329203 2038066837 52816735 10124123
0b000601 0b00c501 10007 100 21591 2040316659 50573423 10014491
0b000101 0b00cb01 10005 100 549737 2042390870 48510010 10058770
0b000801 0b00c301 10003 100 24365 2051103051 39802689 10014725
0b000d01 0b00cd01 10008 100 75864 2044410839 46570663 10019040
0b000901 0b00c501 10011 100 41900 2065781310 25211975 10016193
0b000301 0b00ca01 10013 100 24414 2064874842 26120057 10014729
0b000101 0b00c001 10008 100 203770 2041701923 49316536 10029764
0b000d01 0b00c201 10002 100 637121 2044842012 46223486 10066099
0b000101 0b00cb01 10006 100 28079 2044338478 46835413 10015037
0b000501 0b00ce01 10011 100 16336 2052837348 38343964 10014052
0b000b01 0b00ce01 10010 100 14707 2065182800 26091303 10013914
0b000201 0b00c001 10005 100 195143 2052312230 38966488 10029044
0b000a01 0b00c301 10011 100 63576 2066275996 25012171 10018011
0b000501 0b00cf01 10009 100 19392 2074628263 16668374 10014308
0b000001 0b00c001 10008 100 499 2046822721 44481611 10012723
0b000801 0b00c101 10008 100 708 2065333595 26002181 10012740
0b000101 0b00c101 10003 100 528845 2035804360 55579678 10057018
0b000b01 0b00c201 10002 100 2397227 2028303370 63115675 10213666
0b000001 0b00c201 10010 100 64541 2073100353 18319388 10018092
0b000f01 0b00c301 10006 100 42948 2043077030 48380295 10016280
0b000c01 0b00c101 10008 100 74025 2051635935 39851195 10018890
0b000801 0b00c601 10009 100 1221 2076884891 14602270 10012785
0b000c01 0b00c201 10009 100 41653 2042728755 48787562 10016173
0b000601 0b00cf01 10009 100 6849 2063744897 27783908 10013254
0b000401 0b00c001 10008 100 154238 2048507761 43037485 10025614
0b000301 0b00c101 10008 100 28499 2065575305 26161107 10015071
0b000001 0b00c801 10009 100 10240 2065586338 26178002 10013541
0b000101 0b00c201 10007 100 19522 2067048266 24744586 10014318
0b000901 0b00c501 10012 100 24386 2066115534 25727662 10014726
0b000a01 0b00c201 10008 100 3286 2054966320 36893132 10012958
0b000501 0b00c701 10006 100 1490123 2037491108 54376370 10137615
0b000c01 0b00cd01 10006 100 52626 2045402173 46473740 10017093
0b000d01 0b00c401 10007 100 2284 2066163812 25724139 10012874
0b000e01 0b00cc01 10008 100 396577 2068250181 23719258 10045930
0b000501 0b00c501 10003 100 3817923 2019982519 72050808 10332774
0b000601 0b00cd01 10012 100 392534 2056512537 35591057 10045591
0b000c01 0b00c601 10006 100 4828 2053404952 38728005 10013085
0b000f01 0b00cf01 10008 100 72859 2065315261 26831860 10018789
0b000c01 0b00c301 10009 100 578380 2044231667 48057369 10061173
0b000101 0b00c801 10003 100 1708743 2026474659 65839855 10155942
0b000101 0b00cb01 10011 100 42681 2067147902 25212148 10016259
0b000f01 0b00cd01 10009 100 124888 2052247701 40127262 10023151
0b000901 0b00c301 10003 100 5905376 2026740569 65655359 10507789
0b000801 0b00c701 10007 100 57272 2052129960 40272666 10017484
0b000f01 0b00c501 10008 100 1172032 2052119498 40294415 10110946
0b000a01 0b00c101 10008 100 2099 2052784207 39739109 10012859
0b000901 0b00cb01 10005 100 1292137 2051168835 41415187 10121016
0b000a01 0b00c101 10011 100 67743 2065953432 26640794 10018360
0b000d01 0b00c501 10007 100 26142 2066289123 26348872 10014875
0b000201 0b00c801 10007 100 407 2052684804 39989010 10012716
0b000f01 0b00cb01 10006 100 8362 2044030938 48656426 10013383
0b000c01 0b00ce01 10023 100 782 2066849860 25850234 10012746
0b000101 0b00c601 10013 100 4035 2076142245 16562983 10013022
0b000b01 0b00ca01 10005 100 19825 2055473128 37292033 10014342
0b000701 0b00cf01 10011 100 28428 2067532788 25285753 10015065
0b000f01 0b00c501 10010 100 29109 2066651181 26194761 10015123
0b000a01 0b00c101 10005 100 954578 2041243268 51622549 10092713
0b000c01 0b00c401 10005 100 74059 2053996162 38895335 10018892
0b000401 0b00c401 10008 100 774 2042977855 49966487 10012745
0b000001 0b00c301 10005 100 86275 2054785589 38195862 10019916
0b000e01 0b00c701 10014 100 8554 2066725073 26292395 10013398
0b000501 0b00c601 10008 100 28690 2052406625 40651460 10015086
0b000f01 0b00cf01 10010 100 61977 2066190497 26885852 10017876
0b000c01 0b00ce01 10002 100 3825878 2006565786 86616372 10333442
0b000501 0b00cf01 10008 100 19650 2056582182 36811396 10014328
0b000a01 0b00c701 10008 100 21049 2048177872 45220339 10014448
0b000601 0b00c701 10006 100 360444 2061557010 31847829 10042901
0b000101 0b00cc01 10007 100 8381 2053737182 39697902 10013385
0b000a01 0b00c801 10012 100 9801 2078615722 14830867 10013502
0b000201 0b00ce01 10008 100 16570 2045451304 47997350 10014070
0b000001 0b00c801 10010 100 21631 2067022644 26428125 10014494
0b000901 0b00c801 10005 100 1369392 2047798869 45662665 10127492
0b000e01 0b00cd01 10012 100 35334 2056599368 36909489 10015644
0b000f01 0b00c601 10010 100 27162 2067168706 26364481 10014960
0b000601 0b00cc01 10014 100 27089 2065752242 27838235 10014954
0b000401 0b00ca01 10009 100 678 2066436501 27192310 10012738
0b000901 0b00cf01 10011 100 1702 2067396496 26287983 10012823
0b000901 0b00cb01 10006 100 6699 2056643696 37111856 10013242
0b000201 0b00c901 10011 100 83817 2066398905 27372601 10019707
0b000401 0b00c301 10007 100 1241 2053536927 40344744 10012786
0b000e01 0b00cf01 10010 100 29473 2067498974 26439040 10015153
0b000001 0b00cb01 10009 100 37960 2077430870 16560312 10015862
0b000801 0b00ce01 10014 100 5803 2075830686 18163704 10013167
0b000701 0b00cf01 10013 100 89231 2068995053 25008819 10020164
0b000201 0b00c801 10008 100 19423 2054250971 39758860 10014310
0b000d01 0b00cc01 10001 100 2842170 2023851130 70204630 10250970
0b000301 0b00cd01 10009 100 22240 2056538681 37618204 10014547
0b000a01 0b00ce01 10007 100 2702 2076078168 18081604 10012907
0b000901 0b00cd01 10005 100 76049 2056211128 37962194 10019059
0b000501 0b00ce01 10012 100 186974 2061058188 33151905 10028356
0b000701 0b00cc01 10007 100 21242 2043919460 50339916 10014463
0b000801 0b00c801 10009 100 58418 2066797129 27468107 10017580
0b000801 0b00c001 10013 100 5181 2047183635 47111422 10013117
0b000a01 0b00c301 10008 100 7585 2057019568 37292123 10013317
0b000b01 0b00cf01 10007 100 52282 2046530452 47786308 10017066
0b000901 0b00c901 10006 100 66389 2065160251 29232843 10018248
0b000301 0b00cb01 10012 100 21459 2078602328 15799523 10014481
0b000d01 0b00c801 10006 100 1123084 2053407098 40997273 10106842
0b000b01 0b00cd01 10007 100 53394 2044648142 49784905 10017158
0b000701 0b00c001 10009 100 79029 2068143333 26312103 10019309
0b000201 0b00ca01 10009 100 170697 2054710548 39758127 10026992
0b000b01 0b00c101 10006 100 3678 2065861282 28685598 10012989
0b000601 0b00c501 10009 100 7981 2054487454 40105032 10013349
0b000701 0b00c601 10008 100 74861 2066464344 28172409 10018956
0b000a01 0b00c201 10009 100 1117299 2065461761 29265263 10106357
0b000c01 0b00cb01 10006 100 7655 2056708153 38055869 10013323
0b000f01 0b00ce01 10008 100 60098 2068228109 26556750 10017722
0b000901 0b00cb01 10008 100 27873 2057381674 37411409 10015017
0b000201 0b00ce01 10009 100 27669 2056886770 37946976 10015001
0b000f01 0b00c801 10010 100 1388552 2062651638 32206279 10129097
0b000b01 0b00cf01 10009 100 66793 2056206321 38689124 10018280
0b000a01 0b00c801 10010 100 63215 2068812266 26106048 10017982
0b000801 0b00c901 10005 100 481316 2062903402 32063391 10053036
0b000301 0b00c901 10013 100 24819 2069020078 26042707 10014761
0b000501 0b00cd01 10006 100 32293 2059653385 35415086 10015390
0b000c01 0b00cd01 10008 100 27027 2048042677 47026183 10014949
0b000e01 0b00c801 10013 100 65673 2045289578 49793449 10018187
0b000201 0b00c901 10009 100 5999 2055528801 39587916 10013182
0b000301 0b00cc01 10005 100 49938 2056871081 38250349 10016867
0b000b01 0b00c801 10005 100 8738 2057512235 37627869 10013413
0b000101 0b00c501 10007 100 123713 2044182066 51050116 10023053
0b000501 0b00cc01 10006 100 3454712 2025436377 69852760 10302324
0b000601 0b00cc01 10010 100 27359 2047973224 47342147 10014976
0b000c01 0b00ce01 10028 100 26368 2078747552 16589203 10014893
0b000f01 0b00cf01 10011 100 24089 2069261582 26169082 10014703
0b000a01 0b00c401 10008 100 525 2046331793 49133539 10012725
0b000c01 0b00cf01 10006 100 64363 2046731212 48799998 10018078
0b000101 0b00ce01 10005 100 227 2051031356 44509849 10012702
0b000a01 0b00cc01 10009 100 26946 2047660431 47949796 10014939
0b000101 0b00c101 10004 100 27455 2055912237 39761022 10014983
0b000801 0b00c001 10011 100 1814521 2042957601 52715960 10164811
0b000201 0b00c401 10006 100 391122 2064897735 30808296 10045475
0b000f01 0b00cb01 10010 100 55582 2069547025 26280829 10017341
0b000501 0b00c501 10001 100 7279802 2008001358 87859643 10623019
0b000401 0b00cf01 10009 100 9914 2058541749 37422742 10013511
0b000c01 0b00c701 10009 100 29145 2048798719 47175294 10015126
0b000501 0b00c601 10013 100 24970 2079633176 16341822 10014773
0b000901 0b00c101 10007 100 7276 2058400542 37632118 10013292
0b000101 0b00c101 10009 100 7477 2069545337 26507974 10013308
0b000c01 0b00c501 10004 100 608177 2061542091 34560338 10063672
0b000501 0b00c601 10007 100 18951 2051301889 44826794 10014269
0b000201 0b00c101 10007 100 23399 2066710178 29425788 10014644
0b000501 0b00c201 10003 100 38574 2055719391 40459854 10015915
0b000301 0b00c501 10005 100 21017 2058751345 37436718 10014445
0b000001 0b00c601 10004 100 45959 2057959169 38289374 10016533
0b000d01 0b00cb01 10009 100 22271 2071321467 24944098 10014550
0b000c01 0b00c401 10007 100 37260 2057922145 38355149 10015806
0b000a01 0b00c401 10010 100 136485 2047383797 49006116 10024124
0b000b01 0b00ca01 10009 100 9146 2072986643 23438607 10013450
0b000a01 0b00c801 10005 100 133255 2049442361 46984304 10023854
0b000501 0b00c801 10013 100 282712 2056431786 40005323 10036383
0b000e01 0b00c901 10002 100 18751 2048134838 48344914 10014253
0b000f01 0b00ce01 10007 100 1801 2060366844 36143949 10012831
0b000f01 0b00cf01 10012 100 20860 2071680691 24831665 10014429
0b000701 0b00ce01 10007 100 70564 2047506117 49006877 10018597
0b000601 0b00c501 10014 100 9274 2069557661 26968049 10013460
0b000601 0b00cd01 10009 100 1444339 2040538934 56003567 10133775
0b000301 0b00c701 10009 100 113110 2055435373 41111739 10022166
0b000801 0b00c101 10009 100 24091 2069429856 27166329 10014703
0b000e01 0b00c401 10013 100 146109 2068094635 28503170 10024933
0b000f01 0b00cd01 10012 100 6494 2071986324 24669975 10013226
0b000c01 0b00c701 10008 100 23074 2047469249 49194244 10014618
0b000101 0b00ca01 10005 100 8334 2049996011 46685610 10013381
0b000e01 0b00c601 10012 100 7722 2059655188 37026697 10013328
0b000201 0b00c201 10005 100 135114 2050828134 45885678 10024011
0b000a01 0b00c901 10010 100 65936 2070862808 25857061 10018208
0b000b01 0b00c201 10001 100 3692402 2020449807 76270291 10322253
0b000301 0b00cc01 10008 100 104561 2079754281 16980899 10021448
0b000901 0b00ca01 10006 100 56680 2057411563 39361553 10017433
0b000501 0b00c401 10009 100 21741 2080411787 16425337 10014503
0b000701 0b00c201 10005 100 962972 2055125680 41910530 10093415
0b000b01 0b00c101 10007 100 69577 2066510767 30534071 10018514
0b000701 0b00c901 10005 100 454 2071647825 25404007 10012720
0b000101 0b00ce01 10011 100 12444 2071889454 25175032 10013725
0b000a01 0b00c201 10004 100 3054137 2018446058 78666033 10268742
0b000501 0b00c701 10007 100 42814 2050193697 46934616 10016270
0b000a01 0b00cc01 10013 100 14702 2070368301 26765287 10013913
0b000601 0b00c901 10009 100 27470 2059391198 37797400 10014985
0b000001 0b00c101 10006 100 36443 2080714951 16521389 10015737
0b000501 0b00c101 10015 100 1457959 2050403402 46851521 10134915
0b000e01 0b00c901 10005 100 67030 2070359432 26908177 10018303
0b000401 0b00c101 10006 100 16332 2071607489 25667768 10014051
0b000701 0b00c201 10004 100 1267949 2050735421 46584131 10118985
0b000501 0b00c701 10014 100 7788 2072056354 25274835 10013333
0b000001 0b00cf01 10012 100 27233 2060920167 36439493 10014966
0b000801 0b00c401 10011 100 1570241 2055105006 42281180 10144331
0b000301 0b00c001 10003 100 9635 2047572184 49904646 10013489
0b000301 0b00c101 10012 100 36707 2081282191 16202736 10015758
0b000601 0b00c401 10012 100 7668 2070638493 26850391 10013324
0b000201 0b00cd01 10010 100 45510 2050413584 47078279 10016497
0b000e01 0b00c201 10011 100 28795 2071012899 26500804 10015094
0b000301 0b00c801 10009 100 1340275 2052101305 45416957 10125051
0b000701 0b00cb01 10013 100 43587 2071836889 25716227 10016335
0b000301 0b00c701 10010 100 41199 2058299797 39327205 10016137
0b000301 0b00c201 10011 100 4301 2050854925 46784972 10013043
0b000a01 0b00c101 10004 100 1920658 2037794234 59862367 10173709
0b000f01 0b00ce01 10004 100 3389 2049834179 47891201 10012966
0b000e01 0b00c401 10011 100 6792 2059659250 38078310 10013250
0b000101 0b00cd01 10008 100 26120 2058901269 38837188 10014873
0b000601 0b00cc01 10007 100 1439704 2031362484 66412864 10133385
0b000e01 0b00c201 10006 100 171489 2046613021 51168522 10027059
0b000601 0b00c401 10007 100 156672 2048858405 48969527 10025816
0b000c01 0b00ce01 10010 100 1627919 2022806280 75061865 10149165
0b000e01 0b00cd01 10014 100 67950 2071853581 26092203 10018377
0b000201 0b00c601 10009 100 66570 2068529288 29444623 10018262
0b000a01 0b00c401 10011 100 2080 2048655248 49327866 10012857
0b000c01 0b00c701 10010 100 8725 2048992585 49029624 10013412
0b000301 0b00c601 10010 100 66542 2068524287 29529554 10018260
0b000a01 0b00c801 10007 100 57889 2049856945 48210831 10017533
0b000501 0b00c201 10004 100 318491 2065573639 32556243 10039384
0b000a01 0b00c101 10009 100 1020419 2056910541 41409768 10098234
0b000801 0b00ce01 10008 100 77303 2050362054 47967752 10019163
0b000c01 0b00ca01 10011 100 189777 2049136751 49201776 10028591
0b000801 0b00c201 10010 100 30135 2058452055 39898867 10015209
0b000b01 0b00c901 10007 100 2573 2059566525 38904396 10012897
0b000001 0b00cf01 10009 100 14315 2050369901 48180470 10013882
0b000201 0b00c301 10005 100 612691 2053037552 45539994 10064049
0b000301 0b00c401 10005 100 4180 2059857400 38765875 10013033
0b000d01 0b00ca01 10009 100 54265 2071934709 26774032 10017232
0b000901 0b00c301 10011 100 9076 2073036241 25688793 10013444
0b000001 0b00cc01 10004 100 3138954 2031749544 67006686 10275850
0b000a01 0b00c901 10008 100 27992 2059373830 39390916 10015026
0b000801 0b00cf01 10006 100 85630 2070533471 28259350 10019860
0b000c01 0b00c901 10006 100 40435 2062250612 36598375 10016072
0b000301 0b00c401 10008 100 173172 2070624677 28233432 10027201
0b000701 0b00c401 10008 100 49050 2071342168 27524662 10016796
0b000401 0b00cf01 10012 100 60611 2073054845 25835159 10017763
0b000b01 0b00ca01 10007 100 71424 2069986513 28935951 10018670
0b000101 0b00c901 10001 100 10671 2048864480 50067752 10013575
0b000f01 0b00cd01 10010 100 1660773 2054647656 44336832 10151920
0b000a01 0b00c701 10013 100 52625 2073915362 25079612 10017093
0b000f01 0b00c801 10012 100 40623 2074529571 24474615 10016087
0b000d01 0b00c001 10007 100 10239 2070234232 28847431 10013541
0b000e01 0b00ce01 10003 100 114875 2073203361 25901138 10022311
0b000b01 0b00c501 10012 100 10893 2074437785 24679424 10013593
0b000801 0b00c401 10010 100 8353 2049833750 49311582 10013382
0b000e01 0b00c101 10010 100 188832 2070260425 28887107 10028512
0b000a01 0b00c101 10010 100 855159 2065325394 33842742 10084379
0b000c01 0b00c801 10008 100 57980 2062167860 37038533 10017541
0b000b01 0b00cb01 10006 100 122143 2059822308 39416831 10022923
0b000a01 0b00c401 10016 100 28298 2085140677 14387384 10015055
0b000301 0b00c401 10009 100 29360 2070887127 28658943 10015144
0b000001 0b00cb01 10003 100 3876266 2025467207 74082672 10337668
0b000201 0b00c201 10006 100 101621 2072715813 26863209 10021201
0b000801 0b00cd01 10006 100 26237 2076816999 22821807 10014882
0b000801 0b00c201 10011 100 75915 2061225823 38464516 10019045
0b000f01 0b00c401 10011 100 77662 2072943744 26802664 10019192
0b000f01 0b00c501 10012 100 268722 2080164514 19604565 10035210
0b000401 0b00c301 10008 100 21946 2060047885 39767455 10014520
0b000501 0b00cc01 10009 100 1632975 2045678978 54138597 10149588
0b000e01 0b00c601 10015 100 49070 2072999440 26869408 10016797
0b000501 0b00c701 10009 100 775315 2062510281 37507299 10077685
0b000b01 0b00c801 10006 100 23056 2060999622 39019308 10014616
0b000401 0b00c901 10010 100 746311 2059235858 40790870 10075253
0b000501 0b00c901 10006 100 978148 2059611238 40472824 10094691
0b000b01 0b00c001 10010 100 810 2072702662 27417591 10012748
0b000501 0b00c501 10012 100 1458601 2050833384 49304939 10134970
0b000d01 0b00ca01 10007 100 89223 2060813689 39339050 10020163
0b000901 0b00c501 10016 100 51177 2075298286 24856115 10016973
0b000c01 0b00c001 10003 100 1901870 2023228007 76950182 10172133
0b000f01 0b00ca01 10004 100 42384 2053436431 46774515 10016235
0b000001 0b00c401 10005 100 3493 2050227986 50018709 10012974
0b000201 0b00c801 10009 100 2960 2062821714 37484589 10012928
0b000901 0b00c201 10008 100 33300 2061827576 38519309 10015474
0b000d01 0b00c001 10008 100 47535 2073459864 26911028 10016667
0b000301 0b00cc01 10006 100 21696 2063661692 36734229 10014500
0b000801 0b00c501 10006 100 31452 2074265556 26142399 10015319
0b000001 0b00ca01 10007 100 51696 2070415126 30000301 10017015
0b000301 0b00cf01 10009 100 1505 2064039574 36417464 10012808
0b000501 0b00cd01 10007 100 3765 2060064784 40442970 10012996
0b000b01 0b00c901 10006 100 1009157 2057543805 43059963 10097290
0b000c01 0b00c101 10002 100 3281546 2010480826 90131688 10287806
0b000001 0b00cf01 10010 100 943262 2059463431 41223948 10091765
0b000c01 0b00c001 10008 100 13283 2062928016 37837828 10013796
0b000701 0b00c601 10009 100 178903 2071448970 29398168 10027679
0b000201 0b00c301 10007 100 64965 2061584003 39332336 10018126
0b000701 0b00c201 10009 100 1496 2075267234 25653438 10012807
0b000301 0b00cd01 10001 100 3441553 2011648656 89285972 10301221
0b000201 0b00c601 10007 100 744071 2063771844 37180331 10075066
0b000901 0b00ca01 10005 100 1792059 2054747342 46293467 10162929
0b000701 0b00cd01 10006 100 1534810 2050439941 50642302 10141359
0b000a01 0b00c901 10011 100 161645 2075228760 25868063 10026233
0b000801 0b00c901 10006 100 72668 2081844697 19264681 10018773
0b000a01 0b00ce01 10006 100 74014 2072778586 28336868 10018889
0b000c01 0b00ca01 10007 100 2153179 2030617551 70526683 10193205
0b000d01 0b00c201 10005 100 57440 2052614929 48575638 10017497
0b000901 0b00ca01 10007 100 27077 2061875107 39322222 10014953
0b000201 0b00c401 10009 100 38609 2071643196 29566467 10015918
0b000601 0b00c701 10003 100 63814 2053009154 48201053 10018030
0b000001 0b00ca01 10006 100 1270692 2054527197 46694196 10119216
0b000101 0b00c701 10011 100 6080 2075549089 25686347 10013193
0b000001 0b00ce01 10004 100 3411005 2029779254 71462451 10298662
0b000301 0b00cb01 10002 100 3961336 2008271371 92985445 10344800
0b000b01 0b00c001 10008 100 41625 2064263632 37006153 10016171
0b000a01 0b00c901 10007 100 23954 2053997895 47285163 10014688
0b000701 0b00c201 10008 100 22068 2072756739 28558202 10014533
0b000101 0b00ca01 10009 100 115633 2074967468 26365747 10022376
0b000301 0b00c601 10011 100 8419 2073149642 28285609 10013388
0b000401 0b00c901 10012 100 48193 2076363784 25075162 10016723
0b000401 0b00cd01 10005 100 1242755 2041969337 59473030 10116873
0b000301 0b00c801 10012 100 37359 2085054513 16391704 10015814
0b000201 0b00ce01 10012 100 46281 2085005774 16460419 10016562
0b000f01 0b00c201 10006 100 53276 2051920879 49547290 10017149
0b000d01 0b00cb01 10008 100 398275 2069911370 31602479 10046074
0b000b01 0b00c301 10004 100 929276 2049841618 51683050 10090593
0b000601 0b00c501 10013 100 6269 2063869189 37659592 10013208
0b000e01 0b00cc01 10003 100 1680654 2030785676 70761253 10153587
0b000801 0b00c601 10011 100 82145 2081958182 19693133 10019570
0b000b01 0b00ce01 10012 100 32100 2086678605 14982289 10015374
0b000b01 0b00cb01 10009 100 22952 2083103713 18582994 10014604
0b000101 0b00c701 10005 100 3291755 2031366119 70351766 10288661
0b000801 0b00cd01 10002 100 3424989 2030228983 71556670 10299831
0b000401 0b00c501 10014 100 3635 2051512284 50280056 10012986
0b000901 0b00c301 10014 100 195 2084138090 17709905 10012699
0b000001 0b00c301 10007 100 22015 2063720543 38127686 10014529
0b000001 0b00c401 10009 100 24026 2062363818 39562073 10014698
0b000e01 0b00ca01 10006 100 529348 2045061920 56870063 10057063
0b000901 0b00c501 10010 100 53587 2063272067 38713712 10017174
0b000101 0b00ce01 10012 100 20562 2073706421 28289231 10014405
0b000201 0b00c501 10007 100 1473167 2055219865 46776249 10136193
0b000401 0b00c601 10002 100 1070816 2032535772 69470051 10102457
0b000d01 0b00c801 10007 100 20683 2065126868 36913730 10014415
0b000f01 0b00c601 10012 100 21016 2077273470 24776015 10014445
0b000f01 0b00c101 10014 100 63597 2076678246 25395375 10018013
0b000a01 0b00c801 10011 100 15770 2077814995 24260863 10014003
0b000e01 0b00c801 10017 100 57418 2075026561 27106120 10017496
0b000001 0b00cf01 10011 100 890567 2059603011 42534558 10087346
0b000101 0b00c401 10011 100 6069 2075766885 26379757 10013192
0b000f01 0b00c201 10008 100 64013 2062788244 39442227 10018050
0b000401 0b00cc01 10002 100 4350 2055608000 46683413 10013047
0b000901 0b00cb01 10007 100 62300 2056717873 45626246 10017905
0b000701 0b00c001 10010 100 54113 2073165890 29216320 10017220
0b000c01 0b00ce01 10012 100 1550948 2024489888 77918491 10142711
0b000001 0b00ce01 10016 100 86700 2054306069 48117692 10019950
0b000301 0b00c601 10006 100 2089490 2040207339 62219922 10187864
0b000701 0b00c401 10009 100 789089 2073691637 28743392 10078840
0b000901 0b00c301 10007 100 1707143 2042616717 59821897 10155810
0b000a01 0b00c501 10007 100 20450 2074762041 27726592 10014396
0b000b01 0b00c201 10009 100 6331 2084753361 17754464 10013213
0b000401 0b00c501 10013 100 871031 2050604007 51912819 10085710
0b000101 0b00ca01 10004 100 1610002 2043198582 59361083 10147666
0b000a01 0b00c301 10012 100 142482 2086495765 16110207 10024627
0b000b01 0b00c101 10001 100 2890666 2028429143 74263834 10255034
0b000a01 0b00cc01 10016 100 166031 2086323054 16379847 10026603
0b000701 0b00c601 10002 100 2940532 2015421411 87321760 10259216
0b000e01 0b00c801 10009 100 2106179 2032572238 70176493 10189265
0b000d01 0b00c801 10009 100 8591 2076412066 26380604 10013401
0b000401 0b00ce01 10010 100 445261 2046267585 56526223 10050013
0b000f01 0b00c601 10004 100 2798621 2025185970 77629287 10247317
0b000601 0b00c701 10004 100 5825 2056244283 46611881 10013169
0b000b01 0b00cd01 10010 100 32823 2074723924 28159720 10015432
0b000901 0b00c301 10012 100 349046 2078842627 24058967 10041947
0b000501 0b00c801 10008 100 1930859 2034058040 68884580 10174563
0b000101 0b00cd01 10012 100 64136 2072937636 30048305 10018060
0b000e01 0b00c301 10010 100 61399 2085125195 17869013 10017830
0b000401 0b00ca01 10007 100 751515 2039228716 63854493 10075688
0b000401 0b00cd01 10012 100 2905 2079105182 24035619 10012923
0b000301 0b00ce01 10005 100 24246 2065997497 37176538 10014715
0b000e01 0b00cd01 10015 100 76588 2075881863 27327516 10019102
0b000001 0b00c801 10007 100 47338 2064250305 38997904 10016651
0b000501 0b00c101 10018 100 20939 2078536920 24749929 10014435
0b000001 0b00c601 10001 100 3615186 2021053884 82384645 10315780
0b000b01 0b00c901 10011 100 3151 2079181042 24272465 10012947
0b000201 0b00cb01 10011 100 35961 2078290462 25182000 10015695
0b000701 0b00c501 10008 100 106892 2077870099 25630142 10021642
0b000401 0b00ca01 10011 100 62961 2078183944 25346197 10017958
0b000d01 0b00c701 10008 100 63774 2054515245 49016883 10018027
0b000101 0b00ce01 10007 100 694913 2058887346 44671008 10070941
0b000d01 0b00c701 10009 100 5740 2079651464 23984978 10013162
0b000401 0b00c101 10005 100 2507 2055218308 48429248 10012892
0b000a01 0b00c201 10011 100 55925 2075225915 28422006 10017369
0b000001 0b00ca01 10005 100 25315 2054020304 49748108 10014805
0b000e01 0b00c301 10008 100 9662 2078126958 25681909 10013491
0b000b01 0b00ce01 10011 100 42457 2079887107 23926122 10016241
0b000c01 0b00c301 10014 100 29203 2074463725 29439372 10015131
0b000901 0b00c401 10008 100 924822 2052679115 51253159 10090217
0b000e01 0b00cb01 10008 100 11810 2077508555 26437567 10013670
0b000a01 0b00cb01 10013 100 17196 2066828699 37121674 10014124
0b000101 0b00c101 10011 100 28956 2077868415 26083022 10015107
0b000f01 0b00c701 10012 100 197482 2077234467 26727688 10029238
0b000801 0b00cb01 10011 100 71624 2066924063 37043440 10018686
0b000101 0b00c101 10005 100 1129185 2057080077 46895883 10107354
0b000101 0b00cd01 10013 100 4280 2078570872 25463960 10013041
0b000901 0b00c201 10007 100 26965 2058308894 45733150 10014940
0b000f01 0b00c301 10008 100 307084 2051109601 52980238 10038429
0b000d01 0b00c101 10009 100 65766 2086294652 17826393 10018194
0b000301 0b00cb01 10013 100 756 2080299473 23851144 10012744
0b000501 0b00cd01 10009 100 4747 2088252992 15953497 10013078
0b000a01 0b00c001 10006 100 78814 2085194915 19037002 10019288
0b000601 0b00c301 10003 100 102608 2076713295 27699193 10021284
0b000701 0b00c701 10010 100 184807 2050195535 54254532 10028174
0b000a01 0b00c301 10007 100 25934 2054809062 49802748 10014854
0b000401 0b00c701 10001 100 1871387 2027990066 76813810 10169579
0b000e01 0b00ce01 10004 100 6706 2078870266 25936401 10013243
0b000b01 0b00cb01 10007 100 59048 2066620884 38212310 10017634
0b000c01 0b00c901 10005 100 77937 2055414411 49456157 10019214
0b000501 0b00c301 10001 100 4099054 2023295726 81617796 10356348
0b000401 0b00c401 10009 100 48636 2063600837 41340740 10016759
0b000001 0b00cf01 10017 100 75765 2078368500 26606592 10019033
0b000f01 0b00c601 10009 100 28692 2056052417 48927349 10015086
0b000301 0b00ca01 10010 100 63027 2054521525 50520430 10017967
0b000f01 0b00cd01 10014 100 8846 2080912314 24155734 10013422
0b000f01 0b00cf01 10009 100 73235 2065428004 39691749 10018822
0b000c01 0b00c401 10006 100 893 2057360302 47947630 10012755
0b000901 0b00c101 10009 100 27880 2077074295 28245063 10015017
0b000601 0b00c501 10010 100 43308 2057684998 47671348 10016313
0b000401 0b00cb01 10007 100 56598 2054680976 50739243 10017426
0b000c01 0b00c901 10007 100 16900 2067260894 38193691 10014097
0b000a01 0b00cc01 10008 100 1581978 2043284781 62229949 10145313
0b000201 0b00c501 10009 100 36133 2067312283 38204209 10015712
0b000001 0b00cc01 10011 100 350760 2075683671 29859761 10042088
0b000401 0b00cb01 10008 100 755958 2056227407 49335424 10076059
0b000401 0b00c701 10005 100 620490 2056268623 49310165 10064703
0b000a01 0b00c701 10009 100 9099 2055797387 49785635 10013446
0b000a01 0b00cc01 10014 100 101782 2079655928 26019587 10021214
0b000701 0b00cd01 10009 100 193518 2085998655 19704797 10028906
0b000301 0b00cf01 10010 100 9528 2068835815 36905957 10013480
0b000c01 0b00c701 10012 100 40328 2068492169 37256576 10016063
0b000c01 0b00c501 10005 100 120271 2065993992 39774057 10022766
0b000e01 0b00cf01 10009 100 25133 2066701832 39108531 10014790
0b000501 0b00cc01 10010 100 1029090 2054164672 51704068 10098962
0b000b01 0b00ca01 10011 100 12396 2081460826 24441886 10013721
0b000b01 0b00ca01 10006 100 181082 2065471222 40438529 10027865
0b000501 0b00c601 10011 100 2646 2077825526 28153376 10012903
0b000e01 0b00cf01 10008 100 817308 2066164168 39887836 10081205
0b000401 0b00cf01 10010 100 10836 2059193796 46859084 10013589
0b000601 0b00cc01 10015 100 441649 2071940473 34113571 10049709
0b000f01 0b00c701 10011 100 269479 2076555735 29522975 10035275
0b000a01 0b00c701 10014 100 68694 2090796847 15309091 10018440
0b000501 0b00cc01 10014 100 173059 2077115044 29009953 10027192
0b000a01 0b00c501 10006 100 77513 2069390572 36788298 10019180
0b000401 0b00cd01 10004 100 1900123 2025928812 80290582 10171989
0b000101 0b00c101 10006 100 836186 2059988146 46262509 10082788
0b000401 0b00cb01 10011 100 158024 2086845986 19416820 10025932
0b000d01 0b00c301 10010 100 41413 2077231470 29033858 10016154
0b000a01 0b00c901 10005 100 891576 2043270139 63057087 10087431
0b000a01 0b00ca01 10002 100 4325220 2013509791 92821810 10375309
0b000f01 0b00c801 10008 100 173032 2057162731 49203843 10027190
0b000d01 0b00cc01 10011 100 62377 2079720830 26694521 10017912
0b000a01 0b00c101 10013 100 25689 2068634211 37796162 10014834
0b000301 0b00c501 10006 100 41591 2068695359 37760525 10016168
0b000301 0b00c401 10007 100 3112 2067510089 39001829 10012944
0b000e01 0b00c201 10010 100 690314 2068763489 37758139 10070558
0b000e01 0b00c301 10002 100 2668869 2023599738 82927769 10236438
0b000501 0b00c701 10012 100 35222 2068352122 38209985 10015636
0b000f01 0b00c901 10010 100 24861 2089190093 17397764 10014764
0b000b01 0b00cc01 10013 100 28274 2078034774 28605714 10015053
0b000b01 0b00c601 10016 100 11423 2078694059 27956261 10013639
0b000301 0b00c201 10013 100 22867 2082475665 24183913 10014597
0b000101 0b00cc01 10004 100 3047486 2028963054 77700946 10268183
0b000d01 0b00c801 10000 100 4525965 2012244216 94422320 10392137
0b000001 0b00ca01 10009 100 57791 2081846542 24834273 10017526
0b000701 0b00c201 10006 100 792519 2067252635 39430039 10079126
0b000c01 0b00cd01 10011 100 7477 2067831582 38889862 10013308
0b000f01 0b00c101 10015 100 54065 2079997575 26730998 10017216
0b000b01 0b00ce01 10007 100 708437 2056703333 50026439 10072077
0b000b01 0b00c101 10009 100 1053 2082321754 24418507 10012771
0b000301 0b00ca01 10015 100 52690 2080456872 26289890 10017098
0b000e01 0b00ca01 10007 100 25757 2058070225 48749431 10014840
0b000201 0b00c601 10006 100 1249795 2062728485 44108837 10117463
0b000401 0b00c401 10012 100 638411 2069038249 37862294 10066206
0b000d01 0b00c701 10001 100 2950049 2018641451 88303864 10260015
0b000b01 0b00c001 10013 100 44649 2079902091 27092667 10016424
0b000001 0b00c201 10011 100 23205 2080627681 26391597 10014628
0b000501 0b00c501 10014 100 1064216 2062933285 44134729 10101906
0b000501 0b00c401 10007 100 74561 2056150083 50921970 10018932
0b000901 0b00cb01 10003 100 4669123 2044522360 62576013 10404142
0b000d01 0b00c201 10004 100 1537540 2048905539 58214854 10141589
0b000601 0b00cf01 10008 100 403622 2049928486 57201806 10046521
0b000f01 0b00c801 10006 100 936219 2046049211 61122304 10091175
0b000201 0b00c001 10007 100 13400 2070910410 36330844 10013805
0b000b01 0b00c801 10009 100 36026 2078220818 29039098 10015704
0b000f01 0b00c101 10008 100 1874428 2037247123 70039372 10169834
0b000b01 0b00cf01 10011 100 39335 2078110892 29177460 10015980
0b000a01 0b00cc01 10011 100 30095 2059461306 47895161 10015206
0b000001 0b00cb01 10011 100 172378 2080567417 26839302 10027134
0b000f01 0b00c101 10016 100 114521 2082143417 25265217 10022283
0b000801 0b00cd01 10012 100 45030 2092142174 15323426 10016459
0b000f01 0b00cd01 10015 100 9046 2081555498 25970538 10013442
0b000401 0b00cb01 10012 100 20409 2090796815 16844852 10014393
0b000e01 0b00ce01 10005 100 3491 2081642233 26070522 10012974
0b000801 0b00c201 10014 100 1115330 2063975875 43743349 10106191
0b000701 0b00c401 10013 100 7063 2081930298 25862246 10013275
0b000101 0b00cb01 10008 100 99219 2059597106 48211046 10021001
0b000e01 0b00c901 10010 100 135921 2089994831 17815315 10024075
0b000801 0b00c001 10015 100 15839 2058645401 49167293 10014008
0b000b01 0b00cd01 10009 100 76171 2068080117 39755634 10019069
0b000a01 0b00ce01 10005 100 833611 2070683776 37177672 10082571
0b000001 0b00cb01 10005 100 784100 2052000327 55970598 10078422
0b000101 0b00cf01 10007 100 27258 2060929336 47059025 10014968
0b000401 0b00cc01 10000 100 938253 2045282900 62742995 10091346
0b000c01 0b00cc01 10005 100 9895 2069712535 38357210 10013510
0b000501 0b00c301 10009 100 71745 2066846319 41278207 10018696
0b000701 0b00cd01 10002 100 2798273 2016092383 92101537 10247290
0b000b01 0b00c001 10012 100 265478 2075469401 32759895 10034939
0b000101 0b00c301 10006 100 26015 2059004852 49238682 10014864
0b000f01 0b00ce01 10010 100 3190 2084573220 23728576 10012950
0b000b01 0b00c801 10007 100 68729 2070320762 38005214 10018443
0b000901 0b00cb01 10009 100 81047 2092181292 16189486 10019478
0b000101 0b00cc01 10011 100 28330 2083982778 24456945 10015057
0b000c01 0b00c301 10011 100 14946 2059935406 48519086 10013933
0b000a01 0b00c601 10005 100 4128 2093964983 14538403 10013029
0b000701 0b00ca01 10008 100 28774 2080363891 28189938 10015093
0b000d01 0b00ce01 10010 100 572839 2063975194 44662920 10060707
0b000d01 0b00c801 10010 100 18129 2080426097 28227056 10014203
0b000801 0b00cc01 10007 100 28312 2068965298 39702171 10015056
0b000701 0b00cf01 10010 100 197587 2058409751 50284811 10029247
0b000101 0b00ca01 10011 100 50127 2082031576 26706972 10016886
0b000301 0b00c701 10011 100 362324 2065519183 43220588 10043059
0b000101 0b00c501 10012 100 1872 2070390065 38352616 10012837
0b000701 0b00ca01 10004 100 1474233 2034227275 74555516 10136282
0b000401 0b00c601 10011 100 583 2092444881 16348632 10012730
0b000701 0b00c801 10010 100 176775 2078320594 30508340 10027501
0b000201 0b00c901 10012 100 8495 2082881994 26002337 10013394
0b000901 0b00c901 10009 100 6995 2080886099 28057854 10013266
0b000e01 0b00c301 10007 100 46802 2069468602 39513687 10016604
0b000301 0b00c001 10006 100 27661 2093028363 16113172 10015000
0b000001 0b00ce01 10017 100 1112002 2063351023 45808700 10105914
0b000c01 0b00c501 10007 100 21066 2070641532 38519860 10014449
0b000301 0b00c901 10015 100 47593 2084688997 24522489 10016671
0b000601 0b00cc01 10008 100 1790262 2037592474 71629131 10162778
0b000d01 0b00c101 10007 100 21379 2081005226 28224235 10014474
0b000401 0b00c801 10005 100 33070 2070788459 38468063 10015456
0b000a01 0b00c501 10004 100 1571713 2063327986 45986035 10144453
0b000201 0b00c601 10010 100 15710 2070847212 38485548 10013998
0b000701 0b00c601 10007 100 23623 2064055396 45286109 10014662
0b000f01 0b00c801 10009 100 129650 2060068160 49292010 10023551
0b000601 0b00cf01 10012 100 50204 2084121693 25272180 10016892
0b000d01 0b00c901 10004 100 96749 2080399201 29039940 10020792
0b000701 0b00c401 10012 100 163553 2081085498 28451121 10026394
0b000e01 0b00c601 10009 100 1268199 2039674817 69864350 10119008
0b000a01 0b00c001 10005 100 11713 2071952704 37609889 10013663
0b000801 0b00c301 10012 100 4855 2079947124 29758710 10013087
0b000001 0b00ca01 10010 100 6959 2083677312 26103269 10013263
0b000601 0b00cc01 10013 100 18952 2064172945 45628996 10014269
0b000601 0b00c101 10014 100 46227 2085298020 24508299 10016558
0b000701 0b00c001 10002 100 2018750 2032231840 77603391 10181932
0b000701 0b00c301 10012 100 71859 2083266651 26629419 10018705
0b000901 0b00ce01 10008 100 21394 2063103914 46896732 10014476
0b000f01 0b00c401 10007 100 2286180 2043982538 66058735 10204356
0b000401 0b00ce01 10013 100 5511 2070569797 39474765 10013143
0b000501 0b00c601 10010 100 36658 2072112650 37946356 10015754
0b000901 0b00c301 10010 100 43795 2061287581 48818577 10016352
0b000c01 0b00c101 10011 100 21870 2062047976 48066072 10014514
0b000601 0b00c101 10011 100 50734 2070559205 39557528 10016934
0b000901 0b00cf01 10008 100 1117531 2057566700 52634690 10106375
0b000e01 0b00c901 10009 100 4580 2082255587 28077790 10013065
0b000e01 0b00cb01 10006 100 24572 2062426832 47934453 10014741
0b000701 0b00c901 10007 100 963 2084215449 26188497 10012760
0b000f01 0b00c101 10017 100 15538 2084779042 25701684 10013984
0b000001 0b00c801 10005 100 315434 2058660928 51889957 10039128
0b000101 0b00ce01 10008 100 1223445 2061116440 49440406 10115255
0b000401 0b00cc01 10003 100 526093 2075750895 34819644 10056791
0b000d01 0b00c001 10002 100 4811303 2008588560 102062072 10416062
0b000801 0b00c201 10012 100 878908 2061579844 49085251 10086368
0b000b01 0b00cb01 10008 100 7887 2074032875 36634786 10013341
0b000201 0b00ce01 10011 100 79328 2072614489 38128019 10019333
0b000a01 0b00c701 10011 100 28882 2062160951 48663258 10015101
0b000901 0b00c701 10006 100 22271 2096187833 14636789 10014550
0b000901 0b00ca01 10012 100 32968 2095820654 15004117 10015444
0b000801 0b00c601 10014 100 26715 2095704872 15120263 10014920
0b000f01 0b00cb01 10008 100 29898 2062213535 48648112 10015187
0b000501 0b00ca01 10007 100 718084 2072828680 38059791 10072887
0b000401 0b00cd01 10008 100 44299 2064620848 46309001 10016396
0b000001 0b00c701 10004 100 201235 2059382525 51610537 10029554
0b000801 0b00cb01 10012 100 87564 2083193763 27856024 10020023
0b000b01 0b00c801 10008 100 78760 2072980613 38072090 10019284
0b000d01 0b00cc01 10009 100 1666740 2054287565 56814502 10152420
0b000201 0b00c301 10006 100 1740198 2060787926 50334812 10158581
0b000101 0b00cd01 10009 100 1366623 2066140362 45076556 10127259
0b000601 0b00c701 10009 100 18876 2074239780 37008985 10014263
0b000c01 0b00c001 10012 100 67957 2086531545 24730104 10018377
0b000501 0b00c801 10015 100 24319 2086666278 24617244 10014721
0b000801 0b00c901 10008 100 14967 2086557609 24746069 10013934
0b000a01 0b00ca01 10012 100 238148 2093973999 17346300 10032649
0b000c01 0b00ce01 10024 100 71728 2071168687 40182017 10018694
0b000d01 0b00cf01 10011 100 5793 2085789672 25576617 10013166
0b000001 0b00c801 10013 100 13521 2073220898 38267067 10013815
0b000501 0b00c301 10008 100 7955 2064965472 46527122 10013347
0b000d01 0b00c401 10011 100 22718 2085814806 25691318 10014585
0b000501 0b00c501 10017 100 441576 2077534793 34025670 10049703
0b000901 0b00ce01 10012 100 44740 2092947824 18634244 10016432
0b000201 0b00c801 10013 100 9233 2094735114 16888242 10013457
0b000001 0b00ce01 10019 100 493912 2079423782 32268400 10054089
0b000801 0b00cd01 10009 100 13751 2083534402 28218562 10013833
0b000101 0b00cf01 10009 100 579917 2079385970 32395155 10061300
0b000301 0b00c701 10012 100 43685 2074243223 37574008 10016343
0b000801 0b00c901 10007 100 20740 2083677347 28155358 10014419
0b000b01 0b00c001 10011 100 471860 2072711985 39123180 10052241
0b000201 0b00c301 10012 100 77937 2095503154 16398237 10019214
0b000201 0b00cf01 10009 100 30930 2075715504 36187726 10015273
0b000401 0b00c901 10014 100 45112 2082843190 29102101 10016465
0b000a01 0b00ce01 10013 100 9032 2087637592 24308880 10013440
0b000301 0b00c901 10011 100 84784 2062360452 49609503 10019789
0b000f01 0b00ce01 10012 100 18226 2097119054 14875039 10014211
0b000601 0b00c801 10011 100 9274 2073661260 38348878 10013460
0b000801 0b00c701 10008 100 39009 2064767723 47275749 10015954
0b000f01 0b00c101 10018 100 34082 2086595398 25465576 10015540
0b000e01 0b00c401 10016 100 44449 2084463284 27600072 10016408
0b000b01 0b00ca01 10012 100 8405 2085656458 26418247 10013386
0b000701 0b00c001 10012 100 7942 2088017132 24178248 10013346
0b000a01 0b00cf01 10009 100 19451 2065736564 46517143 10014312
0b000f01 0b00c501 10009 100 12202 2064332567 47950745 10013706
0b000801 0b00cb01 10010 100 167562 2062010732 50347417 10026730
0b000f01 0b00cf01 10015 100 22765 2087291220 25161164 10014589
0b000a01 0b00cc01 10018 100 134890 2092729893 19744813 10023989
0b000e01 0b00c201 10007 100 1348323 2051507394 60988648 10125726
0b000901 0b00cf01 10009 100 2130858 2062048508 50449305 10191331
0b000001 0b00cd01 10004 100 44660 2065060997 47451268 10016425
0b000101 0b00c701 10012 100 7863 2075658246 36863101 10013339
0b000d01 0b00c801 10008 100 1025705 2074660957 37916099 10098676
0b000f01 0b00c501 10013 100 23529 2084853068 27778738 10014654
0b000b01 0b00cc01 10001 100 7106087 2009004259 103639742 10608457
0b000801 0b00cd01 10011 100 124867 2086407230 26264180 10023149
0b000c01 0b00c301 10013 100 8888 2064238313 48439730 10013425
0b000a01 0b00cd01 10008 100 217243 2061234354 51460346 10030896
0b000901 0b00c601 10007 100 36378 2088265741 24505971 10015732
0b000301 0b00c501 10010 100 2875 2084908321 27863859 10012921
0b000601 0b00c401 10014 100 7100 2088250983 24577727 10013278
0b000d01 0b00c501 10009 100 42080 2085570865 27285268 10016211
0b000501 0b00ca01 10005 100 952807 2059394681 53481250 10092564
0b000801 0b00ce01 10017 100 6508 2088619346 24304745 10013227
0b000901 0b00cc01 10008 100 1123986 2064793647 48205039 10106915
0b000401 0b00c001 10004 100 3182539 2017596425 95419286 10279505
0b000001 0b00c801 10008 100 47290 2064272938 48768692 10016647
0b000c01 0b00c001 10010 100 22257 2084477899 28625516 10014548
0b000801 0b00c201 10013 100 187496 2063796646 49310224 10028401
0b000801 0b00c801 10011 100 35791 2076513611 36609728 10015681
0b000a01 0b00c901 10012 100 68285 2088022456 25116136 10018407
0b000401 0b00cf01 10011 100 862838 2070266172 42878304 10085020
0b000f01 0b00c401 10014 100 167097 2087434097 25760989 10026692
0b000f01 0b00c201 10010 100 33194 2087412738 25798335 10015466
0b000d01 0b00c101 10008 100 120615 2086144054 27085399 10022793
0b000f01 0b00c101 10011 100 13369 2065254379 47985504 10013803
0b000201 0b00ce01 10013 100 4751 2087237605 26036242 10013079
0b000c01 0b00ce01 10020 100 1309596 2058671535 54633388 10122478
0b000001 0b00c901 10005 100 40458 2064641280 48674530 10016074
0b000e01 0b00ca01 10009 100 74120 2073848220 39518679 10018897
0b000601 0b00c101 10010 100 101851 2064176073 49211744 10021219
0b000f01 0b00cd01 10013 100 2893 2076856290 36565916 10012922
0b000901 0b00c701 10002 100 33349 2065412990 48032031 10015478
0b000601 0b00ce01 10012 100 163337 2094194861 19295866 10026376
0b000001 0b00c801 10015 100 64842 2084465739 29057567 10018116
0b000201 0b00c001 10012 100 5678 2096545014 16988452 10013157
0b000401 0b00ca01 10010 100 36750 2075029945 38563492 10015762
0b000c01 0b00ce01 10026 100 17769 2075002357 38605953 10014170
0b000601 0b00c501 10015 100 13718 2089333958 24300596 10013831
0b000f01 0b00c701 10010 100 910284 2075827546 37896892 10089000
0b000101 0b00c201 10006 100 65634 2065225746 48549140 10018184
0b000b01 0b00cf01 10012 100 5041 2087671972 26157854 10013106
0b000701 0b00c001 10013 100 71087 2088710687 25157268 10018643
0b000501 0b00cf01 10007 100 1927273 2047736248 66150390 10174265
0b000601 0b00c601 10008 100 1235031 2043448111 70472926 10116228
0b000d01 0b00cb01 10010 100 76629 2074430709 39560808 10019106
0b000e01 0b00c401 10012 100 583737 2065686526 48305440 10061621
0b000c01 0b00c701 10013 100 66159 2084066972 29950368 10018230
0b000c01 0b00c401 10009 100 20967 2075908055 38327395 10014438
0b000701 0b00ca01 10009 100 134935 2085664529 28589611 10023993
0b000901 0b00c101 10011 100 1621 2090012182 24242875 10012817
0b000401 0b00c201 10012 100 4804 2088408291 26079572 10013083
0b000a01 0b00c401 10017 100 27920 2086214861 28306038 10015021
0b000601 0b00c001 10004 100 24706 2076373189 38257170 10014752
0b000501 0b00ce01 10017 100 72399 2087136040 27512247 10018752
0b000f01 0b00c101 10019 100 36077 2088935672 25822715 10015708
0b000601 0b00c001 10005 100 685813 2078532080 36227195 10070179
0b000101 0b00c401 10012 100 13753 2078091643 36688177 10013834
0b000e01 0b00c001 10006 100 233084 2063259963 51538381 10032225
0b000301 0b00cd01 10011 100 36826 2075818211 38983655 10015768
0b000201 0b00c501 10008 100 54242 2066010352 48841436 10017230
0b000c01 0b00cf01 10009 100 34035 2076109259 38762264 10015537
0b000701 0b00cf01 10003 100 2026420 2025350281 89596148 10182577
0b000b01 0b00cc01 10016 100 45468 2096136400 18815221 10016494
0b000d01 0b00c601 10011 100 33186 2096258777 18714154 10015465
0b000f01 0b00c901 10008 100 64309 2066081098 48982062 10018074
0b000201 0b00cf01 10008 100 3160 2068342660 46746265 10012948
0b000b01 0b00c201 10010 100 11101 2088641208 26460985 10013614
0b000101 0b00c001 10013 100 341431 2074360353 40809444 10041307
0b000f01 0b00c001 10006 100 185975 2064735408 50449998 10028272
0b000101 0b00ce01 10010 100 29674 2066699954 48538418 10015169
0b000201 0b00ce01 10018 100 182472 2097516107 17777618 10027980
0b000c01 0b00ce01 10027 100 46157 2076603968 38694797 10016553
0b000d01 0b00cf01 10010 100 7461 2077074451 38248941 10013307
0b000c01 0b00cd01 10012 100 186139 2075353209 40016293 10028289
0b000501 0b00c301 10017 100 26059 2098512980 16966074 10014868
0b000201 0b00c401 10012 100 43161 2090982587 24504966 10016301
0b000201 0b00c101 10011 100 4601 2089397060 26131969 10013067
0b000f01 0b00cc01 10007 100 161948 2075391290 40145400 10026257
0b000001 0b00cf01 10014 100 133659 2065586012 49970704 10023887
0b000b01 0b00ce01 10013 100 223 2087758161 27929601 10012701
0b000801 0b00c101 10012 100 30209 2085411902 30305584 10015215
0b000201 0b00c701 10008 100 5351 2069401006 46455744 10013131
0b000701 0b00cd01 10007 100 1323583 2056368094 59507015 10123650
0b000201 0b00c301 10008 100 77068 2076395644 39525244 10019144
0b000201 0b00c301 10009 100 69640 2076489758 39431243 10018520
0b000101 0b00cc01 10013 100 20067 2089768385 26221540 10014366
0b000f01 0b00cc01 10010 100 9921 2090943300 25047758 10013512
0b000b01 0b00c901 10013 100 20722 2087618770 28498780 10014418
0b000101 0b00ca01 10008 100 2822 2068083112 48042844 10012917
0b000501 0b00c701 10015 100 216510 2074894507 41239615 10030834
0b000b01 0b00c601 10017 100 55612 2090864713 25329618 10017344
0b000a01 0b00ca01 10003 100 2908545 2026319282 89977455 10256534
0b000a01 0b00c101 10007 100 1726962 2052048339 64254274 10157468
0b000301 0b00c301 10008 100 20129 2089618218 26714612 10014370
0b000201 0b00c001 10009 100 4831 2088205186 28152452 10013085
0b000e01 0b00c301 10011 100 48942 2090635653 25731478 10016783
0b000801 0b00c701 10011 100 30944 2088109842 28287996 10015274
0b000f01 0b00c401 10015 100 65907 2092639348 23798333 10018206
0b000101 0b00c101 10008 100 29923 2067905103 48539209 10015189
0b000201 0b00c101 10013 100 17911 2092606122 23850004 10014182
0b000101 0b00c401 10008 100 3681110 2049469939 67081254 10321307
0b000601 0b00c001 10006 100 1518 2078904175 37681376 10012809
0b000901 0b00c901 10008 100 59927 2079496408 37094789 10017704
0b000801 0b00c601 10010 100 75886 2078661813 38016221 10019042
0b000001 0b00c101 10007 100 48019 2088015341 28759334 10016709
0b000601 0b00cb01 10011 100 17734 2088576503 28305470 10014167
0b000e01 0b00cc01 10009 100 25400 2078479505 38453443 10014811
0b000801 0b00cf01 10009 100 69589 2093098819 23917989 10018515
0b000e01 0b00c801 10015 100 1230084 2049595288 67445957 10115813
0b000301 0b00cd01 10010 100 288438 2073987321 43144742 10036864
0b000c01 0b00c101 10014 100 38149 2080469100 36701793 10015881
0b000b01 0b00c001 10015 100 37964 2092079170 25260359 10015863
0b000901 0b00ca01 10011 100 5742 2093103703 24276387 10013162
0b000d01 0b00c101 10005 100 20141 2070728755 46697479 10014371
0b000201 0b00ce01 10016 100 54075 2090894324 26607594 10017217
0b000201 0b00cd01 10016 100 23440 2091431215 26070905 10014647
0b000701 0b00c401 10007 100 142077 2066447276 51065180 10024595
0b000e01 0b00c501 10009 100 22263 2069340438 48172629 10014549
0b000f01 0b00c901 10009 100 129086 2077838590 39675673 10023506
0b000301 0b00cb01 10016 100 212258 2088508161 29022537 10030478
0b000201 0b00c301 10011 100 14950 2093981002 23553444 10013933
0b000b01 0b00c101 10008 100 26985 2080521928 37114921 10014942
0b000401 0b00cb01 10005 100 1125682 2051587850 66094117 10107058
0b000901 0b00cd01 10008 100 9740 2070649884 47060217 10013497
0b000a01 0b00c701 10016 100 603304 2096191401 21569560 10063263
0b000b01 0b00ca01 10013 100 71462 2091928382 25895545 10018673
0b000001 0b00c701 10005 100 61810 2069721121 48120654 10017862
0b000c01 0b00c801 10012 100 56013 2094383609 23510211 10017379
0b000001 0b00c401 10013 100 16711 2091298017 26674674 10014082
0b000601 0b00c001 10008 100 10851 2091888287 26116443 10013590
0b000801 0b00c501 10009 100 15411 2089985144 28065735 10013974
0b000d01 0b00ce01 10012 100 736359 2069130910 49017565 10074418
0b000001 0b00c901 10008 100 15904 2070630140 47573745 10014013
0b000301 0b00cb01 10010 100 69456 2068935277 49275184 10018505
0b000201 0b00c101 10014 100 5346 2094617173 23605289 10013130
0b000501 0b00c201 10006 100 317887 2086451181 31798926 10039332
0b000301 0b00ce01 10004 100 2523670 2045875061 72382945 10224265
0b000801 0b00c301 10011 100 20770 2079654448 38634950 10014422
0b000601 0b00c601 10014 100 961524 2075574907 42728252 10093296
0b000301 0b00cb01 10018 100 2498 2092566757 25757410 10012891
0b000501 0b00c301 10013 100 12028 2080680199 37680795 10013692
0b000301 0b00c201 10012 100 1371176 2072160896 46260892 10127642
0b000c01 0b00cd01 10010 100 349241 2066092197 52330918 10041963
0b000301 0b00c401 10010 100 505828 2071986610 46473518 10055089
0b000f01 0b00c301 10014 100 88467 2098367918 20093489 10020099
0b000001 0b00c501 10005 100 1813 2072598564 45886927 10012832
0b000701 0b00cb01 10015 100 6558 2094132972 24445571 10013231
0b000e01 0b00cc01 10012 100 5474 2089396391 29184479 10013140
0b000901 0b00cf01 10010 100 848761 2066421983 52163233 10083841
0b000001 0b00c201 10014 100 321558 2094386651 24223794 10039641
0b000e01 0b00c301 10012 100 73782 2092729432 25892061 10018866
0b000801 0b00c101 10011 100 21114 2078674775 39975190 10014453
0b000d01 0b00c601 10008 100 65333 2069941093 48753039 10018160
0b000b01 0b00cb01 10011 100 26921 2092225668 26524587 10014937
0b000901 0b00c901 10007 100 9357 2070023925 48784653 10013466
0b000901 0b00c801 10009 100 45428 2093878020 24948879 10016490
0b000201 0b00c501 10010 100 9552 2080589681 38243212 10013482
0b000c01 0b00c401 10008 100 4876 2070751554 48098201 10013089
0b000b01 0b00c601 10007 100 2433289 2037348286 81683039 10216689
0b000d01 0b00c801 10011 100 53349 2080691054 38453984 10017155
0b000201 0b00c101 10012 100 712718 2090068460 29080625 10072435
0b000001 0b00c601 10008 100 2801 2093562951 25586508 10012915
0b000e01 0b00c501 10010 100 382470 2082985692 36220045 10044748
0b000601 0b00c701 10008 100 36719 2071090705 48124979 10015759
0b000f01 0b00c801 10015 100 288209 2088248645 31054509 10036846
0b000801 0b00c801 10012 100 8540 2092906659 26449264 10013397
0b000101 0b00cd01 10011 100 1419367 2071861063 47539292 10131682
0b000201 0b00ce01 10017 100 15905 2093524536 25892970 10014013
0b000c01 0b00cd01 10013 100 36421 2082365395 37070467 10015735
0b000301 0b00c901 10016 100 22714 2093602438 25857619 10014585
0b000301 0b00c601 10012 100 59914 2090819551 28649256 10017703
0b000801 0b00c601 10007 100 4298 2072794157 46739237 10013043
0b000601 0b00c101 10012 100 879624 2075635938 43934878 10086429
0b000d01 0b00c101 10012 100 189788 2097418122 22237169 10028592
0b000a01 0b00ca01 10010 100 412 2091835581 27830567 10012716
0b000c01 0b00ca01 10014 100 66454 2080253184 39444163 10018253
0b000b01 0b00c601 10014 100 269621 2073811357 45902470 10035286
0b000f01 0b00c701 10009 100 7004 2073484450 46234084 10013271
0b000001 0b00cb01 10008 100 57526 2071049288 48694493 10017504
0b000501 0b00cd01 10011 100 36888 2091022605 28722518 10015773
0b000101 0b00c701 10010 100 582949 2064979598 54791567 10061554
0b000201 0b00c501 10013 100 18156 2094094259 25688042 10014205
0b000701 0b00c601 10012 100 8625 2095392055 24453871 10013404
0b000601 0b00c901 10007 100 1858166 2035723356 84188343 10168471
0b000601 0b00cd01 10015 100 71794 2092445172 27632365 10018700
0b000501 0b00c701 10008 100 1513135 2057459045 62679145 10139544
0b000901 0b00ce01 10011 100 199285 2090072833 30175212 10029390
0b000201 0b00ce01 10010 100 354150 2066564516 53696517 10042375
0b000101 0b00ca01 10006 100 593200 2065324409 54965985 10062416
0b000101 0b00cb01 10012 100 657938 2082590503 37872193 10067841
0b000001 0b00c901 10010 100 157196 2090981531 29496423 10025862
0b000c01 0b00cd01 10014 100 28614 2083505510 36985416 10015080
0b000001 0b00cf01 10015 100 1062913 2069067812 51455603 10101794
0b000c01 0b00c001 10009 100 57191 2071154903 49368537 10017478
0b000c01 0b00c801 10009 100 2133 2072463588 48117328 10012862
0b000201 0b00ca01 10011 100 27634 2094738529 25892649 10014998
0b000301 0b00c101 10010 100 513 2074631076 46009766 10012724
0b000601 0b00ce01 10009 100 397615 2077425638 43248621 10046017
0b000001 0b00c701 10008 100 12683 2097182673 23495577 10013744
0b000901 0b00c201 10012 100 50928 2095354609 25374239 10016950
0b000601 0b00c001 10001 100 1546012 2044525049 76209072 10142301
0b000601 0b00cd01 10013 100 10139 2074603492 46131216 10013533
0b000301 0b00c001 10005 100 25930 2091827917 28991645 10014854
0b000f01 0b00c101 10013 100 4497 2073100434 47777586 10013058
0b000301 0b00ce01 10008 100 7518 2096031309 24858970 10013312
0b000301 0b00c401 10015 100 12091 2095681437 25283407 10013697
0b000501 0b00c501 10016 100 258757 2067727731 53258134 10034375
0b000d01 0b00c001 10012 100 21499 2094656806 26355036 10014484
0b000a01 0b00cc01 10010 100 1457193 2053925426 67126791 10134854
0b000c01 0b00c501 10008 100 55661 2073829396 47224881 10017347
0b000601 0b00c901 10010 100 714440 2069736939 51340792 10072580
0b000601 0b00c401 10015 100 192257 2094299937 26806162 10028801
0b000901 0b00cb01 10011 100 53719 2097653720 23476384 10017184
0b000a01 0b00cc01 10015 100 157333 2082034548 39175325 10025873
0b000b01 0b00c901 10008 100 1062348 2063643535 57567385 10101749
0b000f01 0b00c401 10013 100 32170 2083092258 38225736 10015380
0b000601 0b00cf01 10015 100 26484 2097363107 23990548 10014902
0b000c01 0b00c101 10012 100 1068397 2071125203 50232433 10102256
0b000301 0b00c501 10008 100 1639383 2070080756 51295834 10150128
0b000c01 0b00cd01 10016 100 57479 2084563420 36867139 10017501
0b000e01 0b00ca01 10010 100 74634 2092006383 29424646 10018938
0b000e01 0b00ca01 10011 100 9484 2095285624 26184471 10013477
0b000f01 0b00cf01 10014 100 654256 2086325766 35151976 10067535
0b000301 0b00c001 10007 100 6484 2098381541 23142599 10013225
0b000001 0b00ce01 10021 100 17360 2096382757 25193769 10014137
0b000f01 0b00c001 10008 100 27492 2073144152 48443675 10014986
0b000801 0b00cb01 10014 100 64383 2086043457 35564087 10018080
0b000f01 0b00cf01 10013 100 1797 2086144909 35465985 10012831
0b000901 0b00ce01 10009 100 63298 2086291394 35329106 10017989
0b000001 0b00cc01 10015 100 25508 2095798933 25901712 10014820
0b000301 0b00cd01 10015 100 8650 2096341391 25421051 10013406
0b000301 0b00cd01 10012 100 815144 2081350736 40434916 10081024
0b000201 0b00c701 10009 100 9767 2083605520 38205545 10013499
0b000901 0b00cf01 10013 100 64382 2081065419 40795363 10018080
0b000c01 0b00c501 10012 100 1974 2095660876 26220502 10012845
0b000b01 0b00c401 10006 100 399449 2086568199 35387813 10046171
0b000401 0b00cf01 10013 100 20008 2074937379 47025325 10014361
0b000701 0b00c001 10011 100 20393 2073271409 48735728 10014392
0b000e01 0b00c101 10011 100 30988 2097094679 24952781 10015278
0b000e01 0b00c501 10012 100 4441 2092346945 29781409 10013054
0b000301 0b00cd01 10013 100 18739 2084126701 38021423 10014252
0b000301 0b00c901 10014 100 21491 2073376799 48780739 10014483
0b000e01 0b00cc01 10011 100 47460 2083519982 38724716 10016661
0b000901 0b00c301 10015 100 3645 2098067161 24186131 10012986
0b000201 0b00c401 10013 100 4776 2095371403 26892768 10013081
0b000f01 0b00c101 10021 100 125625 2096770011 25568369 10023213
0b000101 0b00c401 10010 100 172091 2071528396 50973794 10027111
0b000001 0b00c301 10010 100 74919 2095871598 26666304 10018961
0b000a01 0b00c401 10005 100 2604183 2031388717 91154719 10231017
0b000601 0b00c701 10012 100 7079 2098870477 23708170 10013277
0b000f01 0b00c901 10005 100 2927967 2033988533 88594245 10258160
0b000a01 0b00cc01 10019 100 20609 2096476551 26217704 10014409
0b000701 0b00c301 10013 100 11812 2096038356 26674979 10013671
0b000601 0b00cb01 10009 100 25555 2075710062 47042919 10014824
0b000601 0b00c201 10010 100 12483 2074521902 48231394 10013728
0b000401 0b00c001 10010 100 24042 2094829550 27925606 10014699
0b000b01 0b00c901 10005 100 1831105 2051113152 71682776 10166203
0b000501 0b00c301 10016 100 43553 2094363592 28434819 10016333
0b000901 0b00ce01 10014 100 23238 2096382973 26491166 10014631
0b000201 0b00cf01 10011 100 9448 2084683763 38219701 10013474
0b000101 0b00c701 10013 100 1019013 2082591423 40332369 10098117
0b000a01 0b00ce01 10008 100 75526 2077285874 45658213 10019013
0b000f01 0b00c301 10015 100 49699 2099364033 23609773 10016847
0b000301 0b00cf01 10012 100 29864 2086631816 36408414 10015184
0b000a01 0b00c401 10015 100 58732 2082095107 40946771 10017605
0b000d01 0b00c401 10010 100 2665 2085369551 37678248 10012904
0b000e01 0b00cb01 10007 100 25096 2075016762 48080837 10014787
0b000d01 0b00cd01 10012 100 27294 2076043791 47075614 10014971
0b000201 0b00c901 10010 100 697076 2065168943 58024765 10071126
0b000501 0b00c701 10017 100 24209 2098771242 24426596 10014712
0b000c01 0b00cf01 10007 100 1374460 2066374477 56877636 10127916
0b000c01 0b00c901 10008 100 406662 2077194841 46105129 10046775
0b000d01 0b00c701 10010 100 42963 2084451056 39002636 10016282
0b000601 0b00c701 10011 100 22980 2096652662 26830145 10014606
0b000f01 0b00c201 10012 100 5671 2095630626 27888315 10013156
0b000501 0b00c301 10005 100 1861162 2048329750 75211011 10168723
0b000701 0b00c501 10007 100 494 2075591977 47971486 10012723
0b000701 0b00c701 10015 100 143008 2073139990 50455178 10024673
0b000601 0b00c401 10010 100 896864 2056176831 67468120 10087873
0b000d01 0b00ce01 10013 100 45675 2084571690 39076617 10016510
0b000a01 0b00c301 10013 100 14662 2087382712 36297942 10013910
0b000701 0b00c701 10016 100 6487 2075838828 47917506 10013225
0b000f01 0b00c001 10009 100 13641 2076345282 47501089 10013825
0b000001 0b00cc01 10009 100 699163 2062232810 61640087 10071301
0b000e01 0b00cd01 10016 100 894609 2078434232 45456127 10087685
0b000701 0b00cc01 10006 100 2024509 2037145767 86801737 10182416
0b000e01 0b00c901 10007 100 76393 2075259372 48697171 10019087
0b000301 0b00cf01 10011 100 56695 2085118918 38869458 10017434
0b000e01 0b00cb01 10009 100 15834 2088567293 35425653 10014008
0b000c01 0b00c201 10011 100 294989 2069884253 54165257 10037411
0b000d01 0b00c401 10008 100 374758 2070908365 53277402 10044100
0b000c01 0b00c201 10013 100 30914 2085351100 38992828 10015272
0b000001 0b00c101 10005 100 1546786 2059491579 64974352 10142363
0b000801 0b00c301 10010 100 48994 2077341784 47192595 10016787
0b000301 0b00c501 10011 100 21420 2088441281 36199310 10014478
0b000201 0b00c001 10008 100 1053281 2074459078 50201850 10100989
0b000901 0b00c801 10008 100 28778 2088231480 36449608 10015093
0b000101 0b00c701 10014 100 7746 2086759102 37935865 10013330
0b000701 0b00c301 10014 100 681084 2099245849 25511979 10069785
0b000501 0b00c301 10010 100 1296509 2073353958 51407414 10121381
0b000501 0b00c001 10004 100 3255316 2031389722 93404010 10285608
0b000d01 0b00c501 10008 100 591305 2069475968 55374200 10062257
0b000701 0b00c201 10012 100 7226 2099227023 25665383 10013288
0b000901 0b00cf01 10014 100 31982 2084487412 40447840 10015361
0b000e01 0b00c001 10008 100 48846 2095901238 29072184 10016775
0b000301 0b00ca01 10014 100 342843 2071713980 53325155 10041424
0b000001 0b00c601 10006 100 6133 2077714245 47345485 10013197
0b000501 0b00cc01 10011 100 1969131 2055580503 69586827 10177775
0b000a01 0b00c201 10010 100 1866135 2072254859 52969172 10169140
0b000101 0b00c201 10010 100 6484 2086992443 38233251 10013225
0b000501 0b00c501 10015 100 1415560 2064885691 60344710 10131362
0b000401 0b00c701 10007 100 9242 2077162523 48074971 10013457
0b000a01 0b00c101 10014 100 92000 2089987291 35294795 10020393
0b000401 0b00c101 10000 100 3022260 2022010080 103298192 10266069
0b000f01 0b00ca01 10008 100 100955 2085370279 39996413 10021144
0b000101 0b00c801 10005 100 50785 2078937364 46616006 10016938
0b000d01 0b00c201 10009 100 55989 2096034824 29533953 10017374
0b000001 0b00c701 10007 100 6462 2096673935 28919409 10013223
0b000101 0b00c601 10014 100 68116 2086276745 39317892 10018394
0b000501 0b00ce01 10018 100 39587 2089119263 36674982 10016000
0b000f01 0b00c301 10012 100 28602 2097476658 28336149 10015079
0b000c01 0b00cf01 10010 100 17933 2077890646 47961587 10014183
0b000401 0b00c801 10006 100 70049 2098336321 27530093 10018556
0b000d01 0b00cc01 10014 100 74761 2096009892 30058201 10018948
0b000001 0b00c501 10008 100 23589 2098528749 27545897 10014659
0b000201 0b00c101 10016 100 34510 2098479944 27642780 10015575
0b000601 0b00c001 10007 100 977645 2078915751 47224092 10094647
0b000901 0b00c901 10011 100 32056 2097872924 28347385 10015371
0b000201 0b00c201 10009 100 37502 2098671293 27550866 10015826
0b000f01 0b00cb01 10011 100 73091 2086311318 39911574 10018811
0b000c01 0b00c101 10013 100 14026 2078345501 47902811 10013859
0b000301 0b00cc01 10007 100 1127715 2071652005 54640192 10107228
0b000601 0b00cb01 10010 100 44757 2077523203 48807040 10016433
0b000501 0b00cd01 10010 100 25738 2089933634 36400717 10014838
0b000301 0b00c001 10004 100 30527 2087843310 38538872 10015241
0b000901 0b00c701 10005 100 54676 2087510406 38877858 10017265
0b000d01 0b00cc01 10012 100 365522 2082709895 43709235 10043327
0b000201 0b00c401 10010 100 106348 2076747935 49733293 10021598
0b000801 0b00c301 10009 100 1116875 2076402485 50087474 10106319
0b000201 0b00c501 10012 100 400273 2092538361 34134180 10046241
0b000101 0b00c701 10016 100 24517 2097470325 29483248 10014737
0b000401 0b00cd01 10010 100 328992 2074640018 52336297 10040262
0b000801 0b00c501 10010 100 8013 2090616080 36376419 10013355
0b000401 0b00c501 10019 100 1066412 2079491120 47502709 10102090
0b000e01 0b00c401 10017 100 46376 2089053912 38090632 10016570
0b000101 0b00ce01 10016 100 13717 2089333520 37858066 10013831
0b000b01 0b00c901 10012 100 2387 2087252864 39974842 10012882
0b000c01 0b00c501 10009 100 5385 2079340677 47910798 10013133
0b000401 0b00c901 10013 100 9916 2079393935 47897529 10013511
0b000201 0b00c801 10012 100 1186035 2077340739 49951042 10112120
0b000401 0b00cd01 10013 100 448 2081490300 45811341 10012719
0b000101 0b00cc01 10010 100 3233 2079727330 47668340 10012954
0b000c01 0b00cd01 10018 100 121496 2097168673 30271377 10022868
0b000001 0b00c601 10007 100 47836 2088790246 38665682 10016691
0b000001 0b00c301 10008 100 145326 2076881885 50588974 10024866
0b000401 0b00c501 10020 100 58248 2088210145 39441138 10017566
0b000f01 0b00cd01 10017 100 47616 2088090231 39659896 10016673
0b000001 0b00ca01 10008 100 6751 2079840118 47928425 10013246
0b000f01 0b00c101 10012 100 1811894 2068574771 59196901 10164589
0b000601 0b00ca01 10008 100 1735050 2073224379 54553420 10158150
0b000a01 0b00cd01 10010 100 36688 2077267362 50534040 10015757
0b000201 0b00ca01 10010 100 704758 2069720291 58123223 10071767
0b000201 0b00ce01 10014 100 5778 2089704499 38213784 10013165
0b000201 0b00cd01 10015 100 53847 2089206777 38735902 10017195
0b000f01 0b00c701 10014 100 68297 2098321115 29716753 10018408
0b000701 0b00ce01 10010 100 719818 2070500965 57560067 10073030
0b000801 0b00c301 10013 100 19069 2081509009 46636709 10014282
0b000901 0b00c301 10013 100 49942 2081108823 47043184 10016867
0b000701 0b00c701 10017 100 50913 2081773039 46470155 10016948
0b000e01 0b00c201 10005 100 2350039 2036671190 91728220 10209710
0b000801 0b00cd01 10007 100 7896 2078558418 49992277 10013342
0b000101 0b00ca01 10010 100 38487 2080416153 48151012 10015908
0b000501 0b00c101 10019 100 175241 2087723809 40936366 10027375
0b000301 0b00c201 10015 100 445202 2096201588 32598288 10050008
0b000301 0b00cf01 10013 100 448723 2095298510 33501511 10050302
0b000801 0b00c501 10007 100 49149 2081487623 47356236 10016803
0b000c01 0b00c701 10014 100 4475 2089777542 39085056 10013057
0b000301 0b00c701 10013 100 9585 2090497300 38389540 10013485
0b000901 0b00cf01 10015 100 1549586 2093055582 35858820 10142598
0b000901 0b00c701 10003 100 1123518 2075145705 53795358 10106877
0b000101 0b00cd01 10016 100 1640 2090833948 38123173 10012818
0b000101 0b00ca01 10013 100 9787 2090585225 38382153 10013501
0b000f01 0b00c701 10013 100 161459 2095280530 33718677 10026218
0b000101 0b00cd01 10014 100 68111 2080059133 48967836 10018393
0b000501 0b00cb01 10004 100 1304115 2078483438 50550315 10122020
0b000001 0b00c401 10001 100 3563392 2033836168 95255566 10311437
0b000d01 0b00c701 10003 100 3471783 2034007458 95139327 10303755
0b000801 0b00cf01 10003 100 2935984 2046190567 83018296 10258832
0b000d01 0b00c101 10006 100 1322221 2078436282 50885523 10123538
0b000301 0b00ca01 10008 100 2227760 2046522641 82803516 10199456
0b000401 0b00c101 10004 100 1633058 2054776889 74558591 10149599
0b000401 0b00c701 10009 100 70239 2081974917 47462936 10018571
0b000001 0b00cb01 10010 100 1187736 2079808923 49723738 10112260
0b000401 0b00cf01 10014 100 50460 2082746481 46899669 10016912
0b000301 0b00cb01 10014 100 568 2083723188 46036089 10012729
0b000001 0b00c101 10009 100 490989 2094823225 35062607 10053844
0b000001 0b00cb01 10012 100 618132 2081476120 48457086 10064507
0b000801 0b00cd01 10008 100 34410 2082904230 47128007 10015567
0b000501 0b00cf01 10010 100 25910 2091559586 38542009 10014852
0b000601 0b00c101 10013 100 4014 2082085732 48178491 10013020
0b000401 0b00c701 10008 100 108471 2080302849 49979326 10021776
0b000001 0b00c401 10012 100 642614 2083410837 46933896 10066558
0b000701 0b00c101 10008 100 584508 2082126536 48252532 10061687
0b000201 0b00cd01 10014 100 55067 2081941596 48491249 10017300
0b000201 0b00cc01 10007 100 2729010 2051156601 79302062 10241484
0b000a01 0b00cb01 10014 100 68665 2095415033 35206155 10018438
0b000401 0b00cc01 10004 100 107117 2089927471 40755984 10021664
0b000301 0b00c501 10007 100 895462 2068784323 61929170 10087757
0b000001 0b00cc01 10013 100 658159 2089902860 41030746 10067863
0b000101 0b00ce01 10015 100 32645 2082536769 48426330 10015418
0b000c01 0b00c801 10010 100 701577 2086750816 44228267 10071501
0b000801 0b00cf01 10007 100 35132 2082277717 48706699 10015628
0b000301 0b00c501 10009 100 576701 2084035045 47084766 10061031
0b000301 0b00ce01 10007 100 12661 2092651635 38559488 10013742
0b000c01 0b00cf01 10012 100 24432 2092905489 38392894 10014730
0b000d01 0b00c401 10009 100 1019193 2084503826 46797919 10098132
0b000601 0b00ce01 10010 100 5667 2085490442 45829593 10013156
0b000501 0b00cf01 10011 100 77628 2091614122 39734662 10019189
0b000201 0b00c001 10010 100 43122 2092895117 38511354 10016298
0b000f01 0b00c501 10006 100 2346419 2047865387 83566515 10209406
0b000e01 0b00c201 10009 100 1654867 2063768438 67815919 10151424
0b000101 0b00cf01 10012 100 1012 2096222577 35373973 10012768
0b000d01 0b00c801 10012 100 668421 2096515777 35090361 10068722
0b000401 0b00cd01 10011 100 1096011 2077118272 54503306 10104573
0b000201 0b00c101 10010 100 76446 2084568203 47090138 10019091
0b000301 0b00c401 10014 100 79492 2093325686 38527309 10019346
0b000301 0b00c801 10011 100 12308 2083758432 48163793 10013714
0b000901 0b00c201 10011 100 905834 2088328889 43627662 10088625
0b000101 0b00ce01 10013 100 1568936 2081354307 50606902 10144219
0b000301 0b00c501 10012 100 142369 2091185911 40831040 10024618
0b000d01 0b00c601 10010 100 60075 2091214917 40860661 10017720
0b000501 0b00cc01 10016 100 127781 2082222428 49885147 10023394
0b000a01 0b00c101 10016 100 3359 2095890541 36248285 10012964
0b000d01 0b00cc01 10013 100 194229 2082939903 49233448 10028967
0b000901 0b00ca01 10010 100 5083 2085531373 46685612 10013109
0b000101 0b00cd01 10015 100 77548 2083008777 49238797 10019183
0b000e01 0b00c501 10011 100 79155 2090835987 41418633 10019319
0b000b01 0b00c101 10010 100 4610 2094438164 38035411 10013068
0b000301 0b00c401 10013 100 199193 2090941732 41632367 10029383
0b000801 0b00c801 10013 100 91502 2093796876 38893159 10020353
0b000c01 0b00ce01 10029 100 44571 2085238917 47562662 10016418
0b000901 0b00c801 10007 100 14344 2086454534 46350852 10013885
0b000801 0b00c701 10010 100 28709 2082408650 50423641 10015088
0b000b01 0b00cc01 10014 100 70310 2085183518 47668846 10018577
0b000301 0b00c701 10006 100 2993639 2038474354 94418877 10263668
0b000201 0b00c301 10010 100 157768 2082829364 50093055 10025908
0b000b01 0b00ce01 10009 100 1447257 2064426710 68506524 10134020
0b000201 0b00c101 10009 100 1261210 2077392872 55575652 10118422
0b000401 0b00c201 10013 100 20132 2094954312 38027611 10014371
0b000601 0b00c201 10013 100 7242 2094648548 38530840 10013290
0b000501 0b00c401 10011 100 25679 2094636885 38591963 10014834
0b000601 0b00cf01 10013 100 69024 2085689003 47560086 10018470
0b000d01 0b00c101 10010 100 78469 2091853742 41456203 10019260
0b000c01 0b00c501 10010 100 24200 2085459268 47933638 10014712
0b000801 0b00cd01 10010 100 50202 2086217759 47309306 10016892
0b000501 0b00ce01 10016 100 15427 2085112799 48451833 10013975
0b000101 0b00c401 10014 100 60141 2094161007 39478158 10017725
0b000101 0b00c701 10015 100 32912 2086870283 46804320 10015439
0b000801 0b00c601 10008 100 788451 2073589813 60139642 10078785
0b000c01 0b00ca01 10015 100 26181 2084715831 49104939 10014878
0b000f01 0b00c201 10009 100 70602 2084419463 49415325 10018600
0b000001 0b00c901 10007 100 1478211 2068946624 65033712 10136616
0b000601 0b00c201 10011 100 823854 2082359702 51637300 10081752
0b000a01 0b00c901 10014 100 30572 2097702974 36488574 10015244
0b000c01 0b00cd01 10017 100 7120 2094169567 40027248 10013280
0b000601 0b00cf01 10014 100 1466677 2087811604 46389053 10135647
0b000701 0b00c201 10010 100 618406 2084978672 49238672 10064529
0b000401 0b00c601 10009 100 72216 2084795519 49440479 10018737
0b000701 0b00cc01 10010 100 1587468 2062075217 72192707 10145775
0b000101 0b00c901 10005 100 62616 2085254856 49104364 10017931
0b000001 0b00c201 10013 100 3997 2088198628 46190003 10013015
0b000a01 0b00cf01 10010 100 352024 2081223865 53362353 10042197
0b000101 0b00c501 10011 100 1713021 2067524412 67115833 10156303
0b000d01 0b00ce01 10016 100 24713 2094255226 40444715 10014753
0b000a01 0b00c201 10012 100 951975 2095486348 39242979 10092493
0b000b01 0b00c001 10014 100 797533 2091699098 43090715 10079546
0b000601 0b00ce01 10013 100 34497 2095942518 38927557 10015574
0b000001 0b00c201 10012 100 75529 2085623538 49326075 10019014
0b000601 0b00c801 10010 100 1529102 2069952933 65050508 10140883
0b000b01 0b00c501 10009 100 1227251 2068212364 66794823 10115575
0b000f01 0b00c401 10017 100 108705 2096082336 38974714 10021794
0b000701 0b00cf01 10014 100 1088 2089089743 45969756 10012774
0b000b01 0b00c401 10007 100 1743 2098435423 36643578 10012827
0b000801 0b00cb01 10013 100 74409 2085758520 49387811 10018920
0b000c01 0b00ca01 10016 100 13120 2090017496 45166884 10013783
0b000c01 0b00cd01 10007 100 2069385 2046973719 88218438 10186179
0b000601 0b00c401 10013 100 9931 2087364766 47905265 10013512
0b000201 0b00cf01 10012 100 1505140 2093599479 41838336 10138874
0b000c01 0b00c301 10015 100 43677 2089681435 45873106 10016343
0b000c01 0b00c201 10015 100 105662 2093321828 42312827 10021540
0b000601 0b00cc01 10011 100 1894660 2048156780 87521348 10171529
0b000701 0b00cb01 10016 100 982647 2095101845 40685967 10095066
0b000501 0b00c101 10020 100 192270 2094121184 41668825 10028802
0b000801 0b00c301 10015 100 50509 2088638648 47162986 10016916
0b000701 0b00c401 10015 100 62077 2088752465 47189667 10017888
0b000a01 0b00cb01 10011 100 2655180 2055593671 80561573 10235293
0b000a01 0b00ce01 10015 100 68978 2098949837 37221336 10018463
0b000501 0b00c001 10008 100 73972 2087155099 49049372 10018881
0b000d01 0b00c001 10010 100 1508922 2080061450 56397705 10139188
0b000a01 0b00c901 10013 100 8822 2096615372 39990379 10013420
0b000001 0b00cd01 10005 100 7838 2090525622 46084096 10013337
0b000101 0b00cb01 10014 100 929464 2085737470 50891114 10090608
0b000301 0b00c901 10009 100 2177428 2052684777 83972446 10195237
0b000601 0b00cd01 10018 100 23316 2098139315 38544036 10014637
0b000601 0b00ce01 10011 100 1737161 2087129786 49559624 10158326
0b000001 0b00c401 10014 100 48680 2096724127 40025174 10016762
0b000f01 0b00c801 10007 100 2552675 2048024648 88762979 10226697
0b000001 0b00c901 10011 100 790876 2094539727 42384482 10078987
0b000801 0b00c801 10014 100 5805 2098924327 38037738 10013167
0b000301 0b00c401 10012 100 751903 2088490374 48471867 10075719
0b000901 0b00c101 10010 100 6966 2089071520 47918636 10013264
0b000201 0b00c601 10005 100 3355555 2049608888 87502556 10294011
0b000101 0b00c201 10008 100 1474960 2067967598 69156129 10136340
0b000001 0b00c501 10007 100 254749 2094854772 42349676 10034039
0b000301 0b00cb01 10017 100 396 2091095241 46187134 10012715
0b000d01 0b00cf01 10012 100 2718 2090199049 47220106 10012908
0b000701 0b00c701 10012 100 2167489 2057227827 80252459 10194404
0b000901 0b00c501 10013 100 1373950 2069594610 67932483 10127872
0b000f01 0b00c001 10010 100 1739104 2079090834 58446988 10158489
0b000501 0b00c301 10014 100 1474899 2088347967 49293425 10136335
0b000001 0b00c801 10004 100 2337956 2055834539 81822075 10208694
0b000801 0b00c401 10013 100 975 2091400228 46270405 10012761
0b000801 0b00ce01 10016 100 748969 2085730947 51943194 10075473
0b000d01 0b00cd01 10007 100 2922137 2033019084 104663313 10257675
0b000501 0b00c901 10009 100 3963 2099320652 38415752 10013012
0b000e01 0b00c201 10013 100 66564 2096503965 41341874 10018262
0b000301 0b00cc01 10010 100 8804 2098668743 39195546 10013418
0b000d01 0b00c401 10013 100 5872 2089074463 48951721 10013172
0b000301 0b00c801 10010 100 1092614 2074814991 63384116 10104286
0b000b01 0b00ca01 10008 100 1199456 2071537656 66698809 10113244
0b000701 0b00c701 10018 100 374326 2083498366 54746049 10044066
0b000201 0b00c701 10010 100 271442 2086498951 51755591 10035439
0b000301 0b00c201 10006 100 3714888 2039018222 99324291 10324136
0b000601 0b00ca01 10009 100 1007 2090211779 48147900 10012768
0b000b01 0b00cc01 10015 100 99930 2086320482 52119942 10021058
0b000a01 0b00c101 10012 100 2154609 2067578828 70903476 10193323
0b000701 0b00c301 10002 100 4969851 2010745566 127915200 10429352
0b000c01 0b00c801 10011 100 4352 2091829831 46862742 10013047
0b000f01 0b00c801 10013 100 1101308 2075858521 62842676 10105016
0b000601 0b00c201 10012 100 907792 2086823383 52001796 10088790
0b000201 0b00c401 10008 100 1575208 2068669025 70315076 10144748
0b000901 0b00c901 10010 100 33688 2088563449 50507622 10015505
0b000f01 0b00cd01 10018 100 75108 2091077654 48058832 10018980
0b000c01 0b00ca01 10008 100 2891701 2033806706 105374239 10255121
0b000201 0b00cb01 10013 100 1897132 2097899111 41316794 10171738
0b000601 0b00c701 10010 100 158747 2088483513 50744001 10025990
0b000501 0b00c201 10002 100 2276235 2050583355 88671524 10203522
0b000501 0b00c701 10005 100 3382791 2034114664 105218393 10296294
0b000101 0b00cf01 10010 100 558 2092932562 46408416 10012728
0b000901 0b00cd01 10009 100 1110260 2082989232 56530372 10105767
0b000401 0b00c001 10009 100 1929058 2054242090 85481118 10174415
0b000d01 0b00cd01 10014 100 1258813 2090779555 48984889 10118219
0b000701 0b00cf01 10015 100 31799 2092919925 47027386 10015346
0b000901 0b00c501 10017 100 29492 2089622273 50332426 10015154
0b000d01 0b00c601 10005 100 3053434 2039906215 100063422 10268682
0b000c01 0b00c201 10001 100 3204029 2013893264 126286036 10281309
0b000001 0b00cc01 10007 100 3248827 2044858093 95428850 10285062
0b000c01 0b00c501 10011 100 188951 2089924018 50437640 10028521
0b000801 0b00ce01 10019 100 16784 2091993929 48413675 10014088
0b000a01 0b00c701 10010 100 2536947 2058809946 81666183 10225377
0b000201 0b00c001 10011 100 1536861 2094393456 46123360 10141530
0b000701 0b00c601 10010 100 54334 2091334028 49226465 10017237
0b000c01 0b00cf01 10011 100 11781 2091305469 49553621 10013668
0b000901 0b00c201 10010 100 1408103 2079826700 61158099 10130738
0b000501 0b00c701 10010 100 1907068 2067274669 73825553 10172572
0b000401 0b00c701 10010 100 64775 2091421709 49745525 10018111
0b000901 0b00ce01 10010 100 193215 2087745792 53478062 10028882
0b000d01 0b00cb01 10011 100 1072035 2090424113 50897355 10102563
0b000c01 0b00c701 10011 100 1535744 2065203432 76422006 10141437
0b000d01 0b00ce01 10011 100 2381825 2064486029 77313857 10212372
0b000401 0b00cf01 10015 100 627189 2082856864 58947383 10065266
0b000b01 0b00ce01 10008 100 1608787 2060762355 81061583 10147561
0b000501 0b00c901 10008 100 1838 2094476369 47366488 10012834
0b000201 0b00cc01 10011 100 722595 2098286836 43686643 10073263
0b000d01 0b00c901 10005 100 21165 2091901319 50124759 10014457
0b000d01 0b00cf01 10013 100 33881 2096799959 45269010 10015521
0b000c01 0b00cb01 10009 100 1945102 2061703757 80393636 10175760
0b000801 0b00c401 10012 100 1427356 2072395026 69732316 10132352
0b000501 0b00c201 10007 100 1781878 2092605955 49524975 10162073
0b000301 0b00c301 10010 100 14413 2094521118 47640568 10013890
0b000c01 0b00cc01 10006 100 1174917 2071311490 70885094 10111185
0b000201 0b00cc01 10010 100 152477 2090856446 51388580 10025465
0b000601 0b00ca01 10010 100 79772 2092662530 49619356 10019368
0b000701 0b00c201 10011 100 296809 2088128896 54198494 10037565
0b000301 0b00c101 10011 100 1037388 2080539711 62075555 10099656
0b000401 0b00c501 10021 100 21763 2094847054 47857334 10014505
0b000401 0b00cb01 10013 100 26719 2096594994 46115420 10014921
0b000801 0b00c801 10006 100 1951666 2058788636 83985495 10176308
0b000f01 0b00c001 10011 100 51583 2095395916 47409093 10017006
0b000101 0b00cb01 10013 100 1605717 2085035142 57925473 10147304
0b000601 0b00cd01 10016 100 33430 2096603063 46358430 10015484
0b000101 0b00cf01 10011 100 1579920 2095963111 47036647 10145140
0b000201 0b00cf01 10010 100 964060 2082967202 60076688 10093510
0b000801 0b00c501 10008 100 422807 2088307826 54749789 10048128
0b000601 0b00c201 10009 100 1761244 2060972632 82146321 10160345
0b000801 0b00c101 10013 100 69589 2097010078 46222385 10018515
0b000c01 0b00cc01 10009 100 501161 2098041047 45304376 10054700
0b000001 0b00cc01 10014 100 54505 2094973846 48510550 10017251
0b000c01 0b00ce01 10025 100 1479150 2073122049 70421952 10136695
0b000301 0b00c301 10011 100 2465 2096595809 46966029 10012888
0b000f01 0b00c901 10011 100 56270 2092811573 50885438 10017400
0b000401 0b00c501 10016 100 1994832 2058944868 84926953 10179927
0b000d01 0b00ce01 10017 100 63715 2095750575 48150848 10018022
0b000901 0b00c001 10006 100 8826520 2036180610 107925303 10752697
0b000701 0b00ce01 10016 100 31949 2095381956 48845322 10015358
0b000c01 0b00c701 10003 100 3722682 2012730094 131620159 10324790
0b000b01 0b00c901 10016 100 57985 2093191344 51190149 10017541
0b000401 0b00cf01 10016 100 27245 2095627016 48764930 10014967
0b000101 0b00ce01 10017 100 187862 2093259355 51230817 10028430
0b000401 0b00cd01 10014 100 60891 2097130250 47502073 10017785
0b000401 0b00c501 10022 100 580689 2097166355 47529126 10061366
0b000401 0b00c401 10015 100 13628 2098019094 46677441 10013824
0b000801 0b00c901 10009 100 1097497 2098560899 46175950 10104696
0b000801 0b00cb01 10008 100 3108044 2053817135 90990238 10273262
0b000a01 0b00cd01 10011 100 71354 2093978520 50879549 10018664
0b000a01 0b00cf01 10011 100 989408 2086033454 59100396 10095634
0b000801 0b00cf01 10008 100 378799 2089041180 56097485 10044439
0b000401 0b00c301 10009 100 1299071 2089215220 55993978 10121597
0b000401 0b00cf01 10008 100 2559045 2051141762 94068116 10227234
0b000b01 0b00cd01 10008 100 2664678 2045668275 99579864 10236087
0b000601 0b00c801 10012 100 2166843 2078454933 66865895 10194348
0b000c01 0b00c001 10014 100 880056 2092806793 52569469 10086467
0b000f01 0b00c901 10003 100 4005285 2028592827 116801400 10348485
0b000a01 0b00c501 10005 100 1942693 2067217411 78269633 10175556
0b000701 0b00c301 10004 100 3691158 2017212579 128680966 10322149
0b000e01 0b00cf01 10011 100 1610195 2073554103 72390201 10147681
0b000f01 0b00c401 10016 100 8611 2095927282 50021859 10013403
0b000101 0b00c301 10008 100 23770 2096860641 49101353 10014673
0b000601 0b00ca01 10001 100 4432807 2025244944 120799035 10384327
0b000401 0b00cd01 10015 100 23431 2098200337 47923186 10014646
0b000701 0b00cf01 10016 100 32672 2097396065 48769352 10015420
0b000d01 0b00c601 10012 100 158211 2098229796 48096460 10025947
0b000001 0b00c701 10009 100 666 2099706664 46653377 10012737
0b000f01 0b00cb01 10013 100 25075 2097939761 48432518 10014785
0b000c01 0b00c201 10014 100 1052438 2088828654 57559302 10100918
0b000601 0b00c401 10008 100 2477425 2050757248 95738684 10220389
0b000f01 0b00ce01 10005 100 3142483 2053671619 92906796 10276147
0b000601 0b00c601 10016 100 52975 2097431117 49170855 10017121
0b000c01 0b00cc01 10008 100 1503306 2077077742 69675362 10138719
0b000301 0b00c301 10001 100 6381767 2007540628 139216723 10547728
0b000701 0b00c501 10010 100 61828 2098454139 48503096 10017864
0b000901 0b00c401 10010 100 26356 2096883792 50132730 10014892
0b000d01 0b00ce01 10018 100 38082 2098161241 48865031 10015876
0b000001 0b00c201 10015 100 966020 2094969648 52109756 10093674
0b000a01 0b00c501 10008 100 17059 2097252178 49831879 10014113
0b000401 0b00ce01 10014 100 1774679 2081279668 66045960 10161470
0b000b01 0b00c701 10009 100 1217845 2079986786 67492065 10114784
0b000301 0b00c401 10017 100 1283070 2099176974 48373576 10120256
0b000501 0b00c601 10006 100 3416395 2046220536 101345075 10299112
0b000401 0b00ce01 10016 100 9921 2099091855 48481904 10013512
0b000d01 0b00c401 10012 100 491122 2087297568 60298125 10053859
0b000201 0b00c301 10013 100 3126577 2098709284 48983994 10274813
0b000d01 0b00c101 10011 100 734335 2092701292 55009433 10074249
0b000801 0b00c801 10007 100 2002843 2060571889 87180410 10180598
0b000d01 0b00cc01 10004 100 3271279 2038342113 109449212 10286946
0b000201 0b00c201 10008 100 2521303 2076365184 71449899 10224068
0b000201 0b00cb01 10010 100 1659030 2074438983 73603123 10151776
0b000701 0b00cf01 10017 100 65680 2098567676 49523169 10018187
0b000901 0b00c501 10014 100 2531555 2074498015 73907201 10224927
0b000c01 0b00c001 10013 100 828162 2087386115 61030376 10082116
0b000e01 0b00c601 10017 100 1082039 2092983473 55486448 10103401
0b000501 0b00ce01 10019 100 555211 2091258272 57216055 10059231
0b000201 0b00c501 10011 100 1800541 2090896698 57584789 10163639
0b000a01 0b00c501 10009 100 69246 2097957850 50808136 10018488
0b000e01 0b00cc01 10007 100 1621791 2064797946 83996925 10148651
0b000301 0b00ca01 10017 100 6221 2099430282 49414057 10013204
0b000a01 0b00cc01 10012 100 2539594 2064479234 84833548 10225601
0b000201 0b00c701 10011 100 1742611 2089279680 60168670 10158782
0b000001 0b00cc01 10012 100 1291693 2089190138 60655406 10120976
0b000a01 0b00c401 10007 100 3832581 2041636769 108215093 10334005
0b000c01 0b00c801 10001 100 3998254 2016439239 133485679 10347896
0b000b01 0b00c601 10019 100 1451381 2097524104 52821241 10134366
0b000c01 0b00c001 10015 100 54858 2099285039 51073008 10017279
0b000f01 0b00c401 10010 100 3080403 2063645052 86810862 10270943
0b000101 0b00cc01 10012 100 1981406 2089650988 60818692 10178803
0b000601 0b00c401 10009 100 3302204 2050828780 99642432 10289539
0b000401 0b00c901 10015 100 1964542 2085828724 64715395 10177388
0b000101 0b00c201 10011 100 3000466 2098715869 52183849 10264241
0b000a01 0b00c401 10006 100 3504237 2031457362 119572051 10306478
0b000c01 0b00c001 10001 100 3818042 2022495720 128549155 10332788
0b000c01 0b00cb01 10010 100 1958752 2074699727 76401600 10176902
0b000101 0b00ce01 10018 100 1479506 2097195344 53933495 10136723
0b000501 0b00c801 10016 100 963026 2092324984 58931420 10093423
0b000c01 0b00c101 10017 100 101715 2099235525 52035183 10021208
0b000401 0b00c401 10013 100 1670664 2072615888 78828685 10152749
0b000f01 0b00cc01 10009 100 1011772 2090543802 60956501 10097507
0b000001 0b00c801 10016 100 1833853 2086439742 65404921 10166430
0b000501 0b00ca01 10009 100 929388 2085144979 66715485 10090602
0b000401 0b00c901 10011 100 1923625 2063146751 88915016 10173958
0b000c01 0b00cf01 10001 100 4179801 2014734379 137348065 10363115
0b000001 0b00c401 10011 100 2879277 2064925710 87190327 10254081
0b000901 0b00cb01 10010 100 532701 2092453719 59749992 10057342
0b000201 0b00c401 10014 100 1390095 2096796687 55425885 10129229
0b000801 0b00ce01 10007 100 3877798 2041210371 111104762 10337795
0b000801 0b00ce01 10013 100 1397134 2074768731 77645084 10129819
0b000701 0b00cd01 10010 100 727195 2093157430 59355008 10073651
0b000001 0b00c201 10003 100 7230682 2014967872 137719391 10618901
0b000301 0b00ca01 10016 100 1897602 2094293411 58490701 10171776
0b000801 0b00c201 10015 100 876081 2086055887 66775917 10086134
0b000301 0b00c101 10002 100 4974437 2011296968 141702929 10429738
0b000301 0b00c201 10001 100 5179216 2015971597 137220278 10446908
0b000601 0b00c301 10005 100 2027771 2098631627 54599370 10182689
0b000801 0b00c601 10013 100 942960 2093115649 60127703 10091737
0b000a01 0b00cd01 10005 100 3795044 2029863129 123398572 10330860
0b000c01 0b00c401 10001 100 5659323 2008002112 145300727 10487160
0b000501 0b00cf01 10012 100 972356 2098255436 55164038 10094204
0b000b01 0b00cf01 10001 100 9869125 2007980218 145488869 10840110
0b000001 0b00c801 10011 100 1805932 2068728451 84768525 10164089
0b000701 0b00ce01 10011 100 1971374 2070911623 82614706 10177962
0b000601 0b00c401 10011 100 4008644 2058059270 95744588 10348766
0b000501 0b00cb01 10003 100 2249442 2069066705 85022703 10201275
0b000601 0b00c301 10004 100 2696358 2083533894 70627698 10238745
0b000201 0b00ce01 10015 100 2479134 2090546565 63714573 10220533
0b000001 0b00cb01 10013 100 792780 2091112611 63252982 10079147
0b000101 0b00c901 10006 100 2039917 2094609977 59860803 10183706
0b000001 0b00c601 10009 100 1810827 2098709586 55802714 10164500
0b000c01 0b00c701 10004 100 3050907 2019888808 134625451 10268468
0b000c01 0b00ca01 10013 100 1889726 2071074263 83493797 10171115
0b000d01 0b00ca01 10004 100 3743110 2035002491 119627978 10326505
0b000c01 0b00c301 10016 100 2167253 2091572894 63066279 10194385
0b000101 0b00cc01 10009 100 3186402 2074311185 80545229 10279830
0b000501 0b00c801 10014 100 1451601 2077716994 77224921 10134383
0b000101 0b00c901 10004 100 2500782 2083539662 71419295 10222346
0b000b01 0b00c901 10009 100 2128732 2066935115 88217005 10191153
0b000d01 0b00c001 10013 100 1750060 2095337327 60083797 10159408
0b000501 0b00c501 10019 100 680831 2095611411 60563288 10069761
0b000601 0b00c901 10004 100 4694659 2025892422 130411306 10406281
0b000301 0b00c901 10006 100 6166265 2020084401 136408705 10529662
0b000601 0b00cd01 10017 100 993758 2097578225 59134701 10095997
0b000e01 0b00c901 10006 100 1786735 2073199981 83523597 10162480
0b000701 0b00c701 10008 100 3626247 2024203060 132560183 10316707
0b000c01 0b00c101 10016 100 1164777 2094031740 62942532 10110335
0b000f01 0b00c601 10006 100 4147239 2046673225 110334157 10360387
0b000301 0b00cd01 10003 100 4533360 2025702481 131430005 10392759
0b000b01 0b00cb01 10010 100 1618361 2089171374 68072408 10148365
0b000601 0b00c101 10008 100 3742054 2061049754 96235202 10326417
0b000d01 0b00c301 10011 100 1744368 2087532152 69789085 10158930
0b000401 0b00c401 10016 100 855146 2099762608 57707272 10084378
0b000401 0b00c401 10014 100 1572690 2089898267 67739058 10144535
0b000d01 0b00c301 10009 100 3218225 2073459623 84220738 10282498
0b000f01 0b00ce01 10009 100 1304760 2084082820 73606661 10122072
0b000e01 0b00c401 10015 100 1536114 2077745467 80396532 10141471
0b000e01 0b00c201 10003 100 3733868 2022878557 135553320 10325728
0b000d01 0b00c401 10006 100 3917161 2063723576 95081649 10341098
0b000701 0b00cb01 10009 100 2865831 2032919451 125889386 10252951
0b000201 0b00c901 10008 100 3878312 2043034631 115966008 10337840
0b000a01 0b00c801 10009 100 4260560 2064089109 94956056 10369887
0b000e01 0b00cf01 10005 100 3425738 2028000351 131084359 10299894
0b000a01 0b00c701 10012 100 3214828 2073375965 85900018 10282211
0b000801 0b00c901 10002 100 4853540 2046633406 112848122 10419602
0b000c01 0b00c201 10000 100 5017260 2008487087 151049925 10433329
0b000201 0b00c601 10008 100 3319061 2067458606 92097779 10290953
0b000e01 0b00c101 10009 100 1822932 2066888242 92945463 10165514
0b000701 0b00c901 10006 100 1868754 2082318329 77548965 10169357
0b000001 0b00cd01 10006 100 878989 2097519568 62369346 10086374
0b000301 0b00c101 10013 100 1839890 2088665381 71283612 10166936
0b000101 0b00c001 10005 100 7642332 2025205809 134785548 10653415
0b000501 0b00c301 10011 100 3022736 2074858487 85209770 10266107
0b000601 0b00cf01 10010 100 2901295 2072821912 87358176 10255927
0b000b01 0b00c901 10001 100 5563848 2019096204 141171544 10479153
0b000b01 0b00cc01 10007 100 3848089 2030950992 129342312 10335307
0b000001 0b00c901 10003 100 4911768 2038890856 121468833 10424483
0b000d01 0b00c001 10009 100 1936954 2076011288 84521317 10175074
0b000001 0b00c201 10005 100 6002266 2019111706 141545521 10515912
0b000c01 0b00c001 10011 100 1444951 2084940872 76015842 10133824
0b000d01 0b00ca01 10010 100 2060599 2094733188 66315016 10185442
0b000501 0b00ca01 10010 100 2475341 2089683552 71549742 10220215
0b000901 0b00cc01 10010 100 1500586 2095294753 65943312 10138490
0b000c01 0b00c001 10002 100 4938278 2022508374 138779045 10426708
0b000d01 0b00c601 10009 100 1723579 2083346276 78016836 10157186
0b000501 0b00c901 10007 100 3452226 2077581835 83923095 10302117
0b000101 0b00c501 10013 100 1961577 2084953725 76585112 10177140
0b000f01 0b00c401 10012 100 2481172 2075807949 85858440 10220704
0b000401 0b00cd01 10002 100 4227894 2021419112 140363597 10367147
0b000701 0b00cf01 10005 100 2673991 2038509834 123831523 10236867
0b000301 0b00c101 10009 100 5131677 2072694532 89734522 10442921
0b000501 0b00c601 10009 100 6924085 2069137716 93412194 10593198
0b000001 0b00c501 10006 100 2779333 2082388955 80733625 10245701
0b000801 0b00c701 10009 100 1487700 2078362574 84775303 10137409
0b000b01 0b00c501 10003 100 6499693 2014833551 148311366 10557615
0b000901 0b00c401 10009 100 8763647 2070928723 92355078 10747425
0b000501 0b00c501 10006 100 4504230 2031123167 132168758 10390317
0b000f01 0b00cd01 10001 100 6568436 2016489899 146837824 10563379
0b000e01 0b00c401 10014 100 1991763 2076341736 87202259 10179670
0b000701 0b00c301 10010 100 2427107 2066860559 96707633 10216172
0b000001 0b00c401 10000 100 5695131 2021199016 142483855 10490163
0b000201 0b00cb01 10007 100 4814565 2046740506 117024950 10416334
0b000601 0b00c401 10016 100 2179252 2094343546 69474029 10195391
0b000801 0b00ca01 10010 100 1216103 2092720352 71434161 10114641
0b000501 0b00ce01 10010 100 3969229 2052020509 112199430 10345463
0b000501 0b00c301 10015 100 1382871 2092422544 72058356 10128620
0b000501 0b00c301 10012 100 7191628 2076017868 88469337 10615627
0b000c01 0b00cf01 10008 100 2490623 2071307823 93202397 10221495
0b000701 0b00cb01 10014 100 2751945 2078414174 86328513 10243403
0b000301 0b00c401 10016 100 1879052 2097822633 66987028 10170223
0b000c01 0b00ce01 10001 100 9417180 2005204446 159880043 10802219
0b000901 0b00ca01 10013 100 5364416 2097097418 68062379 10462434
0b000801 0b00ca01 10009 100 1767444 2092646189 72992483 10160864
0b000c01 0b00c601 10005 100 3515111 2044950494 120736262 10307390
0b000f01 0b00c601 10014 100 1732152 2088281450 77668064 10157906
0b000b01 0b00c901 10015 100 1672124 2092401988 73575409 10152874
0b000e01 0b00c201 10004 100 3343979 2029192962 136887358 10293039
0b000701 0b00c601 10004 100 3264841 2031994982 134205693 10286404
0b000d01 0b00cd01 10001 100 8931814 2006673160 159682943 10761524
0b000c01 0b00c001 10000 100 4119649 2016929768 149837355 10358072
0b000901 0b00ce01 10013 100 8753307 2093058969 73740301 10746559
0b000301 0b00cb01 10015 100 3261085 2086526677 80310127 10286092
0b000f01 0b00cd01 10003 100 6414624 2023724919 143303554 10550483
0b000b01 0b00c601 10002 100 5485934 2014931468 152179201 10472620
0b000401 0b00cf01 10001 100 11926226 2004723937 162713594 11012577
0b000901 0b00c601 10006 100 3308934 2087942925 79781211 10290101
0b000101 0b00c601 10012 100 2913451 2074475870 93416877 10256945
0b000901 0b00c501 10015 100 4032536 2075077561 93346339 10350769
0b000401 0b00c601 10010 100 1902732 2089748195 78803106 10172206
0b000601 0b00c901 10006 100 5556920 2033873425 134724502 10478572
0b000c01 0b00cb01 10002 100 6662804 2007127439 161658770 10571290
0b000301 0b00cd01 10014 100 1742361 2092310390 76577434 10158762
0b000001 0b00cc01 10010 100 2981652 2073351258 95538858 10262663
0b000801 0b00c301 10005 100 4643175 2058967442 110008691 10401966
0b000e01 0b00c301 10013 100 1322292 2098244881 70754179 10123543
0b000101 0b00c801 10006 100 2576464 2099847093 69156375 10228692
0b000101 0b00cc01 10014 100 2843876 2096437918 72569655 10251111
0b000001 0b00c301 10009 100 1697755 2087818888 81797077 10155020
0b000001 0b00cf01 10004 100 6478796 2033124751 136511739 10555863
0b000f01 0b00cd01 10016 100 2220095 2086263579 83478012 10198816
0b000101 0b00c801 10004 100 7003308 2030946736 138961532 10599840
0b000601 0b00c801 10003 100 4178160 2033427757 136498739 10362980
0b000501 0b00c001 10009 100 1735595 2098118041 71923635 10158193
0b000601 0b00c801 10007 100 3373010 2054689767 115555878 10295476
0b000301 0b00c801 10013 100 2308029 2086213659 84156406 10206188
0b000801 0b00cd01 10013 100 1623386 2096379381 74044465 10148787
0b000a01 0b00c101 10015 100 3467386 2095669683 75040076 10303388
0b000b01 0b00cd01 10011 100 1913352 2082007810 88876911 10173097
0b000801 0b00ce01 10015 100 1768191 2085030584 85889327 10160928
0b000601 0b00c201 10006 100 3435522 2046754765 124246042 10300716
0b000e01 0b00c201 10008 100 2841080 2054659275 116591865 10250879
0b000a01 0b00cc01 10017 100 4370660 2087649631 83720302 10379117
0b000f01 0b00c301 10013 100 1702233 2097728291 73822033 10155398
0b000801 0b00c401 10014 100 2003423 2099487530 72108557 10180649
0b000801 0b00c901 10004 100 5051549 2049606802 122072944 10436203
0b000501 0b00cb01 10002 100 5742152 2038926658 132885408 10494105
0b000601 0b00cf01 10004 100 4609392 2041200417 130681456 10399133
0b000101 0b00c001 10012 100 7124564 2067108758 104981667 10610005
0b000d01 0b00cd01 10009 100 3598436 2054615435 117599692 10314375
0b000e01 0b00cc01 10002 100 4255397 2025880551 146354023 10369454
0b000f01 0b00c401 10001 100 4381224 2027461643 145412978 10380004
0b000101 0b00cf01 10008 100 3507643 2062593863 110300276 10306762
0b000901 0b00c701 10004 100 4813858 2086679490 86333264 10416274
0b000801 0b00c801 10010 100 2629288 2076201651 96923429 10233122
0b000601 0b00c301 10002 100 2708968 2051966397 121561837 10239800
0b000801 0b00c501 10011 100 1666157 2092890417 80682604 10152373
0b000f01 0b00c001 10003 100 4823268 2038383896 135490721 10417065
0b000b01 0b00c101 10002 100 4094936 2036180303 137753113 10355999
0b000f01 0b00ce01 10011 100 2323605 2095859735 78242869 10207492
0b000501 0b00c501 10018 100 1933469 2088107921 86161596 10174784
0b000401 0b00cb01 10003 100 4055974 2035372379 138916029 10352732
0b000401 0b00ce01 10006 100 3462492 2024288600 150051444 10302977
0b000001 0b00cd01 10003 100 2101424 2064265241 110079807 10188865
0b000701 0b00c401 10017 100 1814071 2097269884 77211636 10164775
0b000d01 0b00c101 10004 100 4499025 2063921275 110923913 10389882
0b000b01 0b00c601 10006 100 4804676 2032132026 142781287 10415505
0b000b01 0b00c201 10006 100 3022364 2050499841 124615924 10266077
0b000b01 0b00c301 10005 100 1663872 2081488621 93692110 10152179
0b000401 0b00c901 10016 100 1897397 2098235712 77037335 10171760
0b000601 0b00ca01 10006 100 3739137 2053203893 122235053 10326172
0b000701 0b00c401 10011 100 4025171 2079224809 96431696 10350153
0b000b01 0b00c001 10007 100 2998823 2055033020 120740153 10264102
0b000b01 0b00c501 10002 100 7087559 2014133087 161982492 10606902
0b000c01 0b00c101 10009 100 2392905 2056277140 120008548 10213301
0b000e01 0b00c801 10018 100 1853567 2075975187 100453825 10168084
0b000b01 0b00ce01 10003 100 3696653 2042957041 133709857 10322608
0b000701 0b00c601 10011 100 2301410 2094601841 82290553 10205632
0b000801 0b00c001 10009 100 5048542 2041766798 135239295 10435951
0b000001 0b00c301 10004 100 4846666 2046648929 130588052 10419025
0b000f01 0b00c301 10009 100 3875201 2054169117 124099612 10337579
0b000801 0b00c601 10012 100 2085186 2084812315 93682219 10187505
0b000501 0b00c801 10009 100 3531417 2034400338 144341344 10308756
0b000801 0b00c101 10004 100 5551785 2030134587 148818371 10478142
0b000101 0b00c701 10007 100 8684464 2051318442 128000943 10740787
0b000501 0b00cc01 10017 100 2138533 2096067192 83276096 10191976
0b000401 0b00c101 10001 100 6202084 2027241389 152102560 10532666
0b000c01 0b00c401 10010 100 4576741 2091131273 88458646 10396394
0b000f01 0b00c501 10003 100 7947522 2032373084 147321002 10679002
0b000401 0b00c001 10005 100 4605972 2020119929 159667972 10398844
0b000901 0b00c301 10008 100 9383102 2050574770 129289924 10799362
0b000301 0b00cb01 10003 100 7382542 2010877860 169487109 10631634
0b000e01 0b00cc01 10004 100 3220442 2040141310 140659606 10282684
0b000a01 0b00c401 10009 100 6555451 2047207965 133672754 10562291
0b000401 0b00c501 10010 100 3317880 2031984097 149168321 10290851
0b000901 0b00c501 10009 100 4330903 2059593296 121622488 10375783
0b000401 0b00c901 10005 100 3030167 2032473636 149049126 10266732
0b000201 0b00ca01 10004 100 7825779 2032602338 148974725 10668794
0b000e01 0b00ce01 10007 100 1905736 2099301651 82519179 10172457
0b000201 0b00cc01 10009 100 3392473 2059173304 122671757 10297106
0b000901 0b00c001 10008 100 4604907 2061782319 120149951 10398755
0b000701 0b00c501 10009 100 3955454 2087141400 95741912 10344307
0b000901 0b00ca01 10008 100 3002436 2064905898 118035758 10264406
0b000801 0b00ce01 10018 100 1779202 2090760202 92289713 10161851
0b000501 0b00c401 10004 100 5551328 2037130052 146738187 10478105
0b000c01 0b00c701 10002 100 6824515 2010680622 173458085 10584849
0b000e01 0b00c701 10011 100 3179894 2053399454 130897063 10279282
0b000c01 0b00cb01 10008 100 3810680 2058801262 125807848 10332168
0b000801 0b00c301 10014 100 3729448 2081781209 102931544 10325359
0b000701 0b00c701 10011 100 3986084 2053359994 131869349 10346876
0b000f01 0b00cc01 10008 100 4014877 2080391952 104925156 10349287
0b000a01 0b00c301 10009 100 4512757 2059706511 125780692 10391030
0b000c01 0b00ce01 10022 100 4540631 2065106847 120449191 10393367
0b000d01 0b00ca01 10006 100 5482321 2040035479 145706870 10472320
0b000e01 0b00c201 10012 100 2692838 2090348731 95436822 10238448
0b000a01 0b00ca01 10011 100 4904026 2092068028 93777833 10423837
0b000201 0b00cc01 10008 100 4396034 2054411362 131983540 10381247
0b000401 0b00cd01 10006 100 3147253 2045314870 141484339 10276548
0b000501 0b00c001 10006 100 5204310 2043810967 143088270 10449012
0b000501 0b00c401 10008 100 8049105 2064082344 122863615 10687520
0b000f01 0b00c701 10006 100 5124140 2045461726 141638313 10442291
0b000d01 0b00ce01 10015 100 4071218 2087509755 99826488 10354013
0b000301 0b00cf01 10008 100 4948181 2051645249 136450210 10427538
0b000f01 0b00cd01 10019 100 2356097 2095514973 92686136 10210218
0b000801 0b00c501 10005 100 4365342 2055356580 132856491 10378672
0b000101 0b00c501 10010 100 8558810 2055187270 133130104 10730251
0b000601 0b00c101 10009 100 3615606 2062815179 126111530 10315813
0b000201 0b00cb01 10012 100 4102794 2092324615 96792162 10356659
0b000001 0b00c301 10001 100 6342369 2024750923 164462488 10544426
0b000c01 0b00c201 10004 100 6425226 2017517359 172101272 10551373
0b000401 0b00ca01 10005 100 6246783 2020870453 169060475 10536411
0b000d01 0b00ce01 10014 100 3229021 2086402121 104189235 10283404
0b000401 0b00c601 10007 100 2602087 2051799611 138859580 10230842
0b000801 0b00ce01 10012 100 3891361 2068468951 122248886 10338934
0b000601 0b00c601 10015 100 7396284 2090587044 100149868 10632787
0b000501 0b00c701 10013 100 7122729 2069109788 121750378 10609850
0b000b01 0b00c701 10007 100 1833089 2075787406 115485266 10166369
0b000801 0b00ca01 10007 100 4042069 2090087519 101344661 10351570
0b000401 0b00cd01 10009 100 3687848 2065822354 125934317 10321869
0b000c01 0b00c101 10010 100 4998733 2057689089 134174591 10431774
0b000d01 0b00c201 10003 100 7475913 2047443062 144538923 10639460
0b000801 0b00ca01 10008 100 4816392 2092036824 100103594 10416488
0b000a01 0b00c701 10003 100 11384170 2014962206 177193711 10967132
0b000201 0b00cf01 10004 100 8382695 2029754507 163119510 10715486
0b000f01 0b00c601 10013 100 4227936 2084206019 108775117 10367150
0b000a01 0b00c201 10007 100 3374276 2049921212 143184847 10295582
0b000c01 0b00cb01 10007 100 4617042 2057192595 136086179 10399776
0b000d01 0b00cb01 10001 100 10203913 2019049859 174443351 10868176
0b000b01 0b00c801 10003 100 4460512 2049270758 144578142 10386651
0b000d01 0b00cf01 10009 100 4402708 2060328328 133639647 10381804
0b000a01 0b00c001 10002 100 8150570 2043089123 150969330 10696025
0b000301 0b00c101 10003 100 3939195 2050444342 143821368 10342945
0b000401 0b00c801 10004 100 3645855 2068986595 125299758 10318349
0b000201 0b00c101 10008 100 4227008 2071145747 123319224 10367076
0b000c01 0b00c801 10002 100 6585669 2025560410 169761696 10564823
0b000701 0b00c001 10003 100 5659204 2034302992 161065882 10487150
0b000801 0b00c401 10008 100 4604576 2046556607 148984349 10398729
0b000501 0b00cf01 10002 100 7176017 2040530223 155118388 10614321
0b000701 0b00ce01 10014 100 2337932 2079106464 116808578 10208692
0b000601 0b00cd01 10006 100 9109193 2025893491 170141019 10776397
0b000501 0b00ca01 10006 100 7415436 2062421613 133915306 10634392
0b000701 0b00ca01 10001 100 5338172 2016810356 179716524 10460235
0b000501 0b00c701 10011 100 5040882 2067471795 129299316 10435308
0b000e01 0b00c501 10003 100 6222799 2018667804 178205444 10534400
0b000201 0b00cb01 10008 100 7845690 2048452908 148647844 10670463
0b000c01 0b00cc01 10003 100 4703025 2067777942 129345054 10406985
0b000b01 0b00cf01 10010 100 3938725 2078073407 119092826 10342903
0b000601 0b00cd01 10014 100 4277534 2074774269 122575699 10371310
0b000b01 0b00c701 10008 100 4063569 2076819174 120655917 10353371
0b000501 0b00c501 10013 100 7509853 2060003357 137670750 10642306
0b000001 0b00c801 10012 100 3243309 2071636529 126154483 10284601
0b000401 0b00cb01 10009 100 4078518 2069411988 128413797 10354624
0b000301 0b00cf01 10000 100 8404389 2008149566 189714669 10717306
0b000a01 0b00cf01 10008 100 3860628 2055287981 142626197 10336356
0b000f01 0b00cb01 10012 100 6315421 2092370225 105546679 10542167
0b000e01 0b00c901 10001 100 4981963 2046259068 151895240 10430367
0b000b01 0b00c301 10003 100 5489027 2041043306 157211180 10472883
0b000d01 0b00cc01 10010 100 4642155 2073991490 124546104 10401881
0b000501 0b00c601 10012 100 3698411 2078163522 121028378 10322757
0b000601 0b00c201 10008 100 9131367 2059610950 139591351 10778256
0b000e01 0b00c001 10005 100 4774181 2056191636 143154624 10412950
0b000001 0b00c701 10002 100 14791406 2008139315 191238574 11252793
0b000301 0b00ca01 10002 100 8230681 2007557343 193017779 10702741
0b000501 0b00c901 10004 100 8199352 2035975221 164690907 10700116
0b000c01 0b00ca01 10009 100 5043835 2037323595 163471799 10435555
0b000d01 0b00c001 10011 100 2945294 2093478524 107418620 10259616
0b000001 0b00cf01 10016 100 3056420 2074975150 126027003 10268932
0b000201 0b00c001 10002 100 7495555 2037070678 163933822 10641109
0b000a01 0b00c101 10017 100 6916606 2099280563 102046038 10592569
0b000601 0b00c701 10005 100 2858115 2056520922 144972378 10252307
0b000801 0b00c301 10007 100 4978501 2061505637 140208963 10430079
0b000101 0b00ca01 10012 100 9486201 2084419929 117390598 10808006
0b000f01 0b00c001 10002 100 9292537 2017083228 184884007 10791768
0b000401 0b00c701 10006 100 3281304 2057884403 144127086 10287787
0b000501 0b00c101 10017 100 9498184 2064406994 137645259 10809010
0b000e01 0b00c101 10006 100 3940986 2045153265 157037105 10343092
0b000601 0b00c601 10013 100 4989937 2070211092 132118323 10431036
0b000901 0b00c101 10008 100 9674148 2065311733 137731205 10823763
0b000d01 0b00c701 10007 100 9515852 2053525189 149846195 10810489
0b000101 0b00cd01 10007 100 4757070 2054442449 149021982 10411516
0b000201 0b00cd01 10008 100 6031509 2043642370 159847582 10518363
0b000201 0b00c701 10006 100 9037222 2058551066 145153033 10770363
0b000c01 0b00cc01 10007 100 5336147 2076225232 127784822 10460065
0b000a01 0b00ce01 10014 100 7690378 2089730416 114428010 10657443
0b000a01 0b00c501 10002 100 7373180 2049058158 155105099 10630850
0b000b01 0b00c001 10005 100 5223733 2041851536 162391851 10450638
0b000e01 0b00cd01 10006 100 5123194 2033101648 171199353 10442211
0b000d01 0b00c101 10002 100 6849437 2011903726 193662833 10586938
0b000e01 0b00cb01 10004 100 5390572 2051549626 154029690 10464627
0b000401 0b00c701 10004 100 4338708 2052419683 153190373 10376438
0b000601 0b00cc01 10005 100 9749130 2025351478 180365695 10830050
0b000301 0b00ca01 10011 100 3858638 2055519321 150498072 10336189
0b000801 0b00cc01 10008 100 3297242 2084575684 121533780 10289123
0b000601 0b00c401 10003 100 8952978 2027803007 178337672 10763297
0b000601 0b00c501 10008 100 5902743 2043381295 163392255 10507566
0b000e01 0b00c901 10008 100 3153589 2081485105 125496288 10277078
0b000901 0b00cc01 10009 100 8164413 2069891355 137268065 10697186
0b000001 0b00cf01 10002 100 8986965 2014055728 193144805 10766147
0b000f01 0b00ca01 10005 100 10967511 2057719688 149516155 10932198
0b000201 0b00c201 10007 100 7450177 2073473019 134278442 10637306
0b000f01 0b00ca01 10006 100 3610800 2059325052 148495469 10315410
0b000901 0b00ca01 10009 100 9874350 2084287789 123649177 10840548
0b000201 0b00c801 10011 100 5039688 2074266688 133700739 10435208
0b000d01 0b00c801 10001 100 7720047 2022385267 186025849 10659932
0b000d01 0b00cd01 10004 100 8759721 2019959150 188461575 10747096
0b000d01 0b00c401 10004 100 6458115 2034188660 174354671 10554131
0b000e01 0b00c701 10015 100 3683453 2069662820 138888387 10321502
0b000001 0b00c501 10002 100 5572387 2027639054 180974886 10479871
0b000801 0b00c001 10016 100 6867973 2058698154 149943320 10588490
0b000d01 0b00cf01 10008 100 4352180 2054844791 154227334 10377569
0b000e01 0b00cb01 10001 100 7136731 2021102675 188712447 10611024
0b000701 0b00ca01 10007 100 4915156 2070596672 139380929 10424769
0b000601 0b00cd01 10008 100 8024766 2036360818 174030250 10685477
0b000f01 0b00c501 10011 100 20696861 2077341396 133058713 11747905
0b000f01 0b00c801 10005 100 11797067 2041250180 169235412 11001749
0b000e01 0b00c301 10006 100 3442869 2061825763 149061622 10301330
0b000001 0b00c601 10005 100 5022226 2072814090 138162607 10433746
0b000e01 0b00c901 10003 100 5138185 2051085157 160052619 10443468
0b000501 0b00cd01 10008 100 4881735 2083461258 127879756 10421965
0b000401 0b00c101 10002 100 8008621 2045260262 166315783 10684124
0b000001 0b00c201 10008 100 4709018 2055136882 156579762 10407487
0b000801 0b00c001 10007 100 9983656 2027704567 184152093 10849711
0b000b01 0b00cc01 10006 100 9366151 2028376703 183720805 10797941
0b000501 0b00cc01 10015 100 5555629 2077529772 134658452 10478465
0b000401 0b00ce01 10002 100 9365895 2006484777 205963532 10797917
0b000a01 0b00cc01 10002 100 6820968 2028105376 184905906 10584550
0b000c01 0b00ce01 10018 100 8566007 2042483154 170583675 10730857
0b000f01 0b00cf01 10002 100 9019927 2019630139 193623890 10768910
0b000001 0b00cc01 10005 100 8722883 2032355084 180946147 10744006
0b000e01 0b00c701 10007 100 6575361 2026210304 187267113 10563960
0b000001 0b00c401 10006 100 4488260 2054063418 159507295 10388978
0b000a01 0b00c801 10013 100 8026243 2094090898 119526166 10685603
0b000201 0b00cb01 10009 100 5679235 2064224777 149527552 10488830
0b000601 0b00ca01 10011 100 7917492 2094906045 119090854 10676484
0b000c01 0b00c201 10012 100 6369748 2076766468 137462740 10546720
0b000f01 0b00cd01 10006 100 9935685 2036367461 177863735 10845689
0b000e01 0b00c301 10005 100 4591157 2055944218 158459783 10397605
0b000d01 0b00ce01 10002 100 8638689 2011145304 203367295 10736948
0b000001 0b00c901 10009 100 5700854 2082399183 132314905 10490640
0b000001 0b00ce01 10009 100 7915644 2043455543 171368984 10676328
0b000101 0b00cb01 10010 100 5926844 2063917891 151366491 10509587
0b000f01 0b00cb01 10005 100 6699886 2039229398 176216236 10574398
0b000d01 0b00c501 10010 100 8631323 2090830287 125261779 10736332
0b000f01 0b00cf01 10000 100 19556017 2004261066 212245484 11652260
0b000f01 0b00c101 10020 100 7545809 2093126487 124076920 10645321
0b000801 0b00c601 10006 100 8998277 2062871016 154664493 10767098
0b000601 0b00c701 10002 100 9649577 2041394819 176529739 10821702
0b000801 0b00c101 10010 100 3077463 2076125279 142011540 10270696
0b000e01 0b00cd01 10010 100 6322079 2046055072 172141517 10542726
0b000101 0b00cc01 10002 100 20272100 2018268373 200057206 11712296
0b000401 0b00c901 10001 100 8106820 2012969044 205455987 10692356
0b000101 0b00cd01 10010 100 5234654 2070586002 147937414 10451554
0b000e01 0b00cb01 10002 100 6935732 2029231323 189406080 10594172
0b000a01 0b00c701 10015 100 6741067 2091657859 127007275 10577854
0b000101 0b00c401 10013 100 9806830 2091463878 127423642 10834885
0b000f01 0b00c301 10011 100 6345549 2066218511 152712273 10544692
0b000501 0b00ce01 10015 100 7996166 2074841601 144308264 10683081
0b000b01 0b00c901 10014 100 8289264 2090961362 128538451 10707654
0b000501 0b00ca01 10008 100 6092928 2082229380 137353244 10523511
0b000e01 0b00c601 10014 100 5393422 2072211452 147549186 10464866
0b000201 0b00c101 10015 100 7977359 2097887159 122166576 10681504
0b000e01 0b00cc01 10010 100 4615542 2082641559 138352497 10399648
0b000b01 0b00c601 10018 100 6010729 2091493067 129614433 10516620
0b000401 0b00ca01 10008 100 7527772 2064204595 156942266 10643809
0b000e01 0b00c901 10011 100 3732763 2098571939 122721939 10325635
0b000601 0b00c601 10010 100 10489704 2055902543 165783703 10892137
0b000b01 0b00c401 10005 100 9631346 2044768035 177041563 10820174
0b000f01 0b00c501 10005 100 11759955 2045484261 176360853 10998634
0b000c01 0b00cd01 10015 100 7387854 2083718317 138149567 10632078
0b000401 0b00cb01 10010 100 6414978 2080450463 141555603 10550511
0b000101 0b00ce01 10014 100 8365468 2081475729 140589990 10714042
0b000e01 0b00ce01 10006 100 9882772 2089071559 133083109 10841252
0b000401 0b00c101 10003 100 9697541 2047954779 174571925 10825723
0b000c01 0b00c601 10002 100 19799821 2016115007 206667033 11672697
0b000501 0b00c201 10005 100 8885462 2081631520 141870865 10757639
0b000801 0b00c601 10005 100 6896282 2061685799 162031980 10590867
0b000501 0b00c401 10010 100 9159367 2087916880 135979915 10780603
0b000d01 0b00c401 10014 100 6314218 2091138943 133078883 10542067
0b000401 0b00c801 10003 100 8266549 2054012086 170335613 10705749
0b000501 0b00c701 10016 100 4868603 2075982554 148444952 10420865
0b000401 0b00c501 10015 100 7842988 2058278431 166361118 10670236
0b000601 0b00c801 10009 100 9814234 2057755439 167034767 10835508
0b000e01 0b00c601 10005 100 7402483 2034560905 190378050 10633306
0b000601 0b00c701 10007 100 6716995 2067313877 157662540 10575832
0b000e01 0b00c301 10009 100 7154730 2079562076 145494241 10612533
0b000901 0b00c501 10008 100 9523749 2059385333 166068960 10811152
0b000f01 0b00c801 10011 100 4322029 2071990931 153577111 10375042
0b000301 0b00c301 10009 100 8017401 2093095234 132612311 10684861
0b000701 0b00c001 10014 100 5894179 2091489108 134529882 10506851
0b000701 0b00c701 10019 100 3607172 2099436918 126650589 10315108
0b000001 0b00c001 10009 100 6219395 2065334313 160789569 10534116
0b000a01 0b00ce01 10012 100 22427197 2082232031 143925107 11892979
0b000201 0b00cf01 10006 100 13898109 2034445498 191736172 11177900
0b000301 0b00cd01 10005 100 10158897 2037945236 188294824 10864402
0b000d01 0b00c301 10004 100 9202815 2031362512 194880071 10784244
0b000b01 0b00c201 10005 100 7846569 2041488567 185349512 10670538
0b000e01 0b00c601 10008 100 25482347 2036773759 190121893 12149122
0b000301 0b00cd01 10007 100 9574665 2054237517 173127558 10815421
0b000601 0b00cf01 10011 100 13158936 2078629124 148817961 11115925
0b000d01 0b00c001 10005 100 15612924 2053859853 174201944 11321667
0b000f01 0b00cc01 10011 100 11347432 2099482671 129060253 10964050
0b000e01 0b00cf01 10006 100 20988599 2049669258 178884974 11772365
0b000401 0b00c101 10007 100 9524980 2079926348 148834055 10811254
0b000701 0b00cc01 10002 100 8740586 2016743030 212372865 10745492
0b000501 0b00c101 10014 100 14887129 2045781435 183381992 11260820
0b000f01 0b00cb01 10009 100 13775365 2068379898 161201899 11167609
0b000101 0b00c901 10003 100 10927579 2066957502 163183823 10928849
0b000401 0b00c501 10017 100 8015048 2060031720 170385904 10684665
0b000301 0b00c901 10005 100 9122079 2016675628 213754743 10777478
0b000801 0b00c601 10002 100 15843287 2019455543 211852555 11340983
0b000e01 0b00c701 10013 100 9536253 2058691801 172715236 10812202
0b000301 0b00cb01 10019 100 7949505 2099047448 132371226 10679168
0b000e01 0b00c101 10012 100 5246639 2099397238 132172543 10452559
0b000b01 0b00c301 10006 100 7730639 2091968473 139767867 10660818
0b000b01 0b00cc01 10009 100 9655218 2045063340 186944957 10822176
0b000701 0b00ce01 10013 100 9298967 2076928033 155468463 10792305
0b000c01 0b00c501 10006 100 8616581 2069753903 162724456 10735095
0b000e01 0b00c001 10007 100 7527578 2088392041 144791351 10643793
0b000801 0b00ce01 10004 100 23022790 2031734800 201659767 11942911
0b000401 0b00ca01 10006 100 17640138 2031604365 201798792 11491632
0b000a01 0b00ce01 10010 100 4941179 2079260199 154391748 10426951
0b000d01 0b00c801 10005 100 9292008 2040533273 193235053 10791725
0b000301 0b00c401 10011 100 8197438 2082441885 151938002 10699955
0b000e01 0b00c001 10009 100 8292122 2096067715 138367944 10707894
0b000d01 0b00c301 10005 100 7882354 2042383783 192422742 10673539
0b000d01 0b00cd01 10013 100 5398273 2085602510 149342265 10465274
0b000301 0b00cb01 10011 100 7906822 2069215405 166021201 10675588
0b000701 0b00cf01 10004 100 9182230 2038224350 197275998 10782521
0b000e01 0b00c401 10018 100 9031591 2092453390 143055697 10769890
0b000201 0b00c801 10010 100 8530001 2071036201 164672816 10727839
0b000801 0b00ce01 10010 100 7238387 2061564431 174188688 10619548
0b000a01 0b00cd01 10007 100 20524036 2047528116 188247423 11733418
0b000701 0b00c801 10009 100 9410026 2045230972 190870550 10801620
0b000901 0b00cf01 10012 100 24752505 2079663687 156483403 12087931
0b000401 0b00c601 10008 100 4752738 2077870713 158448760 10411150
0b000901 0b00c801 10006 100 24259065 2078549613 157777291 12046563
0b000901 0b00cf01 10016 100 27663230 2093231151 143509969 12331968
0b000801 0b00c201 10016 100 9765538 2092573391 144233217 10831424
0b000701 0b00cd01 10008 100 9643529 2067961656 169010890 10821195
0b000001 0b00ce01 10020 100 8081433 2089328158 148043331 10690229
0b000201 0b00c801 10006 100 13825757 2035840510 201638490 11171832
0b000f01 0b00c801 10014 100 26261644 2088224406 149597984 12214457
0b000601 0b00c501 10016 100 6689487 2094112749 144294968 10573528
0b000b01 0b00cc01 10008 100 29455109 2033745358 204735435 12482199
0b000a01 0b00ce01 10011 100 7694398 2081315941 157703296 10657780
0b000e01 0b00c101 10008 100 7451066 2064307537 175621550 10637380
0b000101 0b00ca01 10007 100 27106430 2065483841 174666564 12285285
0b000d01 0b00cd01 10010 100 8996650 2063549469 176687415 10766960
0b000001 0b00c001 10010 100 6925251 2086111810 154159358 10593295
0b000c01 0b00c101 10015 100 7274208 2089403136 151009213 10622552
0b000e01 0b00c901 10000 100 7674546 2045445910 195012208 10656115
0b000f01 0b00c201 10011 100 5889653 2091073807 149406716 10506469
0b000b01 0b00ca01 10014 100 6206485 2096970924 143534743 10533033
0b000001 0b00cc01 10008 100 8347297 2058738944 182374750 10712520
0b000701 0b00cf01 10012 100 13729376 2067978609 174210578 11163753
0b000201 0b00c301 10004 100 11463391 2052203411 190889721 10973773
0b000201 0b00c601 10002 100 17852391 2018222439 225017819 11509426
0b000701 0b00c701 10013 100 15072841 2064573640 178971483 11276387
0b000701 0b00c901 10008 100 6244945 2096929531 146736277 10536256
0b000601 0b00ca01 10002 100 21590814 2028429245 215420485 11822854
0b000c01 0b00c401 10011 100 9589299 2098946195 145210181 10816649
0b000d01 0b00cc01 10006 100 23669982 2042335092 202336121 11997171
0b000b01 0b00c501 10011 100 19557491 2071571030 173153241 11652382
0b000b01 0b00c501 10013 100 9534402 2090430424 154436043 10812046
0b000a01 0b00c601 10004 100 27902524 2077345423 167865156 12352029
0b000401 0b00c801 10001 100 19555568 2036643951 208926240 11652220
0b000e01 0b00c501 10006 100 9394514 2025931829 219818510 10800317
0b000e01 0b00c601 10016 100 6177503 2076174716 170330919 10530603
0b000e01 0b00cd01 10005 100 7682547 2029553825 217778463 10656786
0b000301 0b00ce01 10006 100 18446724 2083660896 163875454 11559254
0b000e01 0b00c701 10016 100 11554732 2075073154 173203552 10981429
0b000701 0b00c301 10011 100 4799874 2080283469 168359891 10415101
0b000a01 0b00c401 10012 100 19649712 2059048197 190607660 11660112
0b000a01 0b00cd01 10009 100 9517160 2068615279 181409809 10810601
0b000001 0b00cb01 10006 100 8919610 2061929361 188490663 10760501
0b000201 0b00c901 10006 100 27534209 2022309346 228181050 12321151
0b000301 0b00cf01 10003 100 13430858 2019724319 230788741 11138723
0b000301 0b00c401 10006 100 12718430 2067471704 183827928 11078995
0b000701 0b00c101 10003 100 10981048 2021942157 229381266 10933334
0b000b01 0b00c801 10004 100 9888742 2049421428 202151883 10841753
0b000401 0b00c201 10011 100 24571699 2058002865 193943436 12072772
0b000e01 0b00cc01 10006 100 19946862 2063989713 188055872 11685025
0b000001 0b00ce01 10010 100 28603706 2044191123 208009325 12410815
0b000701 0b00ca01 10000 100 13004828 2010864980 241502108 11103005
0b000c01 0b00cd01 10009 100 27386931 2049594118 203560615 12308800
0b000101 0b00c301 10005 100 19037512 2054710856 199482559 11608786
0b000701 0b00ce01 10015 100 6303847 2093493019 160783516 10541195
0b000701 0b00c801 10007 100 9070114 2030108513 224347393 10773121
0b000b01 0b00c201 10008 100 7840240 2069381240 185138758 10670008
0b000301 0b00cc01 10004 100 19850602 2042516076 212208076 11676956
0b000b01 0b00cd01 10003 100 23917012 2027907654 227264764 12017886
0b000a01 0b00c601 10003 100 27712635 2066714056 188485292 12336108
0b000b01 0b00c201 10007 100 9418998 2056807848 198473672 10802368
0b000401 0b00c401 10011 100 14662584 2067660768 187651539 11241992
0b000401 0b00ce01 10015 100 14060312 2084702131 170917256 11191499
0b000701 0b00c401 10010 100 6359225 2075515515 180306316 10545840
0b000701 0b00cd01 10001 100 24972570 2012775439 243152681 12106381
0b000e01 0b00c001 10002 100 9589806 2047609680 208703107 10816690
0b000701 0b00c401 10014 100 6950124 2087400616 169834501 10595381
0b000301 0b00c201 10005 100 21684062 2037710124 220224746 11830675
0b000c01 0b00c101 10006 100 29890517 2048092760 210140333 12518702
0b000701 0b00c701 10014 100 7769663 2072375231 186019149 10664089
0b000f01 0b00c701 10000 100 25282714 2007605943 251176295 12132383
0b000a01 0b00ce01 10009 100 15915918 2077382640 181415327 11347070
0b000701 0b00cc01 10008 100 20257280 2047152238 212356458 11711053
0b000b01 0b00c901 10010 100 9556646 2076525363 183023356 10813910
0b000b01 0b00cb01 10003 100 17552715 2025097166 235651096 11484300
0b000001 0b00ce01 10012 100 22833996 2047786513 212985643 11927082
0b000001 0b00cb01 10007 100 9983212 2067456851 193842643 10849675
0b000001 0b00c801 10014 100 22662222 2082643957 178853404 11912683
0b000701 0b00cf01 10000 100 17360474 2009700663 252776840 11468184
0b000701 0b00cd01 10005 100 21770973 2050082913 212883104 11837958
0b000001 0b00c101 10008 100 16495215 2091877227 171878978 11395641
0b000101 0b00c101 10010 100 29751570 2072392058 192224686 12507053
0b000b01 0b00c001 10009 100 2849913 2069525080 196722901 10251617
0b000801 0b00cb01 10015 100 23522937 2093799833 172937681 11984843
0b000b01 0b00c601 10013 100 9762465 2065728174 201476864 10831167
0b000701 0b00c701 10006 100 24013079 2012377598 255452153 12025940
0b000101 0b00c601 10010 100 23686184 2063564990 204555470 11998532
0b000b01 0b00ca01 10010 100 27707372 2073924712 197132907 12335668
0b000101 0b00c701 10017 100 27639285 2098285054 172925827 12329960
0b000b01 0b00c601 10015 100 9545127 2074082660 197131009 10812946
0b000c01 0b00ca01 10005 100 24965380 2025313876 246310768 12105779
0b000701 0b00c001 10004 100 19374682 2036643434 237338098 11637054
0b000b01 0b00c701 10010 100 29965001 2088184215 186030894 12524949
0b000e01 0b00c801 10011 100 29689078 2042213888 232526831 12501815
0b000c01 0b00c101 10005 100 28698117 2038234871 237261599 12418733
0b000701 0b00c401 10016 100 23347215 2090961517 185368209 11970113
0b000001 0b00c701 10006 100 29338443 2080030868 197527816 12472417
0b000301 0b00cc01 10009 100 9654362 2086189595 193932282 10822104
0b000201 0b00c401 10011 100 16031876 2086251252 194719045 11356792
0b000e01 0b00c601 10001 100 27221478 2009186403 279712267 12294930
0b000301 0b00c201 10014 100 19871681 2094817968 198922758 11678722
0b000301 0b00c601 10007 100 20224412 2051881671 245813734 11708296
0b000401 0b00c401 10010 100 23417662 2066633502 235963111 11976018
0b000301 0b00c901 10010 100 27386061 2059014529 244205399 12308730
0b000001 0b00c501 10004 100 12237717 2062717212 242737440 11038691
