0b000201 0b00cd01 10000 100 16464 2000042828 10016290 10014062
0b000201 0b00c101 10000 100 121938 2000075262 10022796 10022903
0b000801 0b00c201 10000 100 68303 2000191967 10027167 10018409
0b000c01 0b00cd01 10000 100 25347 2000208967 10018213 10014807
0b000601 0b00cd01 10000 100 132195 2000339760 10043092 10023766
0b000401 0b00c601 10000 100 9528 2000428133 10157585 10013480
0b000701 0b00c601 10000 100 44555 2000444556 10205219 10016417
0b000201 0b00cf01 10000 100 26789 2000569173 10425419 10014926
0b000f01 0b00c901 10000 100 42865 2000669113 10586368 10016274
0b000a01 0b00cc01 10001 100 3046 2000830010 10744892 10012939
0b000701 0b00c901 10000 100 70008 2000945483 11518173 10018553
0b000901 0b00c701 10000 100 614 2001161767 11337467 10012732
0b000101 0b00ce01 10000 100 6213 2001228411 11330930 10013203
0b000601 0b00c701 10001 100 29077 2001067213 11658277 10015121
0b000a01 0b00c401 10000 100 4190 2001231789 11555269 10013034
0b000701 0b00cc01 10000 100 42483 2001142331 11793233 10016243
0b000401 0b00cf01 10000 100 9825 2001156329 11802852 10013504
0b000a01 0b00c201 10000 100 3456 2001347453 11646270 10012971
0b000401 0b00cb01 10001 100 8340 2002773769 11886288 10013381
0b000a01 0b00c301 10002 100 1413314 2002835762 12179226 10131174
0b000801 0b00c101 10000 100 14173 2003629253 11943450 10013871
0b000b01 0b00c101 10000 100 17537 2003929160 12039026 10014152
0b000001 0b00c401 10003 100 60903 2003195794 12886223 10017786
0b000701 0b00c801 10002 100 2504677 2002569654 13552971 10222673
0b000001 0b00c001 10001 100 121886 2001976605 14244191 10022899
0b000a01 0b00c401 10001 100 10762 2002028956 14409384 10013583
0b000a01 0b00cf01 10000 100 972242 2002180368 14456739 10094195
0b000001 0b00cc01 10000 100 780753 2002549918 14158288 10078139
0b000c01 0b00c101 10001 100 1851412 2001367230 15591509 10167904
0b000901 0b00c801 10002 100 59519 2002879210 14234880 10017671
0b000801 0b00c601 10001 100 858422 2003515011 14493407 10084652
0b000201 0b00c801 10001 100 4644 2001761740 16372613 10013070
0b000101 0b00cd01 10000 100 2571 2000166477 18012943 10012897
0b000c01 0b00c101 10000 100 59358 2000318043 18017980 10017659
0b000401 0b00ce01 10000 100 8769 2006139403 12345508 10013416
0b000501 0b00c001 10000 100 1612365 2001874363 16630810 10147863
0b000001 0b00cb01 10000 100 1340246 2000400072 18426212 10125049
0b000101 0b00c001 10001 100 22470 2002244339 16600114 10014565
0b000b01 0b00cd01 10001 100 76788 2004456042 14517022 10019118
0b000b01 0b00c301 10000 100 7182 2004572947 14403943 10013285
0b000101 0b00c501 10001 100 7362 2003902422 15304738 10013299
0b000001 0b00c401 10000 100 3730 2000744500 18658145 10012993
0b000701 0b00c201 10000 100 196106 2000729970 18675738 10029124
0b000e01 0b00cc01 10000 100 14767 2003602449 15898638 10013918
0b000d01 0b00c101 10000 100 74246 2003917457 15673572 10018907
0b000c01 0b00ce01 10000 100 886 2000862494 18783612 10012754
0b000901 0b00c701 10001 100 48991 2003096622 16832811 10016787
0b000c01 0b00c101 10002 100 8092 2004071301 16018162 10013361
0b000f01 0b00c501 10003 100 336106 2004714286 15388718 10040862
0b000c01 0b00c201 10001 100 47173 2004363208 15944059 10016638
0b000401 0b00c501 10001 100 18025 2001041685 19302452 10014194
0b000c01 0b00c801 10002 100 4052 2007010971 13444548 10013023
0b000601 0b00c001 10000 100 62078 2001047666 19571662 10017888
0b000d01 0b00c401 10003 100 23321 2004923686 15756839 10014637
0b000e01 0b00ca01 10000 100 23292 2004495100 16219369 10014635
0b000e01 0b00c001 10003 100 36422 2004982844 15977648 10015735
0b000901 0b00c201 10001 100 17626 2007979364 13354409 10014159
0b000901 0b00ce01 10000 100 56685 2003597679 17792712 10017433
0b000a01 0b00c301 10004 100 22562 2007201295 14366087 10014573
0b000301 0b00ca01 10001 100 208 2009585717 12037870 10012700
0b000901 0b00cd01 10001 100 487367 2003933057 17712482 10053543
0b000901 0b00c301 10000 100 5276 2001525619 20140213 10013125
0b000901 0b00ce01 10001 100 79475 2008002289 13991456 10019345
0b000501 0b00c801 10000 100 16726 2007232557 14768481 10014083
0b000601 0b00c901 10000 100 13016 2000098722 22015622 10013775
0b000501 0b00ca01 10001 100 39903 2007279615 14850856 10016025
0b000101 0b00c101 10000 100 480034 2001716704 20436054 10052929
0b000201 0b00ce01 10001 100 34366 2006897991 15356387 10015563
0b000401 0b00c701 10000 100 2164019 2003548904 18747359 10194115
0b000501 0b00cf01 10000 100 939 2000286392 22012633 10012758
0b000501 0b00cc01 10003 100 168157 2005700784 16673488 10026781
0b000801 0b00cc01 10001 100 965119 2006699169 15722940 10093598
0b000001 0b00c001 10000 100 4102156 2001897302 20684849 10356608
0b000301 0b00cf01 10001 100 20963 2002171226 20412986 10014437
0b000801 0b00c901 10000 100 9433 2004847853 17959263 10013473
0b000101 0b00ce01 10001 100 32019 2002007794 20817988 10015368
0b000b01 0b00cf01 10000 100 1386755 2000366059 22622334 10128946
0b000901 0b00c301 10001 100 20691 2004791619 18215101 10014415
0b000201 0b00c301 10000 100 73129 2000603089 22510071 10018814
0b000501 0b00c901 10000 100 10225 2002957090 20233088 10013540
0b000301 0b00c901 10000 100 11740 2002564612 20680169 10013665
0b000a01 0b00ca01 10000 100 24947 2000677229 22682545 10014771
0b000801 0b00c801 10000 100 6770 2006376899 16985658 10013248
0b000a01 0b00ca01 10005 100 15595 2009726990 13748549 10013989
0b000d01 0b00c301 10001 100 71709 2005893259 17726876 10018693
0b000a01 0b00c401 10002 100 859402 2005044526 18582992 10084734
0b000a01 0b00c901 10001 100 43705 2002138162 21617254 10016345
0b000601 0b00cc01 10000 100 8865 2002262501 21586081 10013423
0b000901 0b00c501 10000 100 1035152 2002431038 21429699 10099470
0b000601 0b00ce01 10002 100 17315 2010535062 13398462 10014134
0b000f01 0b00cb01 10001 100 1143 2002282942 21655924 10012779
0b000601 0b00c801 10000 100 21493 2006350518 17590952 10014483
0b000601 0b00c001 10001 100 69753 2004108157 19848236 10018529
0b000101 0b00cd01 10003 100 187331 2007833982 16204094 10028388
0b000f01 0b00c001 10000 100 85537 2002790135 21281187 10019853
0b000d01 0b00c401 10000 100 11793 2001025117 23049706 10013669
0b000101 0b00ce01 10003 100 57335 2008370123 15956674 10017489
0b000601 0b00c001 10003 100 47752 2010737579 13614089 10016684
0b000801 0b00cb01 10000 100 3405117 2001664664 22744705 10298168
0b000901 0b00c001 10001 100 46140 2003743926 20670768 10016551
0b000e01 0b00c901 10000 100 7673443 2000339245 24106878 10656023
0b000901 0b00c801 10000 100 13214 2001199118 23260953 10013790
0b000201 0b00cf01 10002 100 729681 2001102533 23436207 10073857
0b000501 0b00cb01 10000 100 6058 2002604788 21987017 10013191
0b000c01 0b00c001 10004 100 3631 2010686708 13998609 10012985
0b000601 0b00c701 10000 100 1933904 2000908792 23843819 10174818
0b000401 0b00cb01 10000 100 7201 2001341084 23439693 10013286
0b000e01 0b00c801 10000 100 597244 2001886052 22933808 10062755
0b000301 0b00c801 10002 100 29836 2004000480 20877381 10015182
0b000401 0b00c501 10002 100 25172 2001235601 23703662 10014793
0b000701 0b00c701 10001 100 350115 2002394440 22546733 10042037
0b000301 0b00c401 10000 100 10620804 2000322901 24781331 10903128
0b000801 0b00cd01 10000 100 71894 2001545214 23660974 10018708
0b000901 0b00c401 10001 100 15540 2008529798 17102612 10013984
0b000301 0b00cf01 10000 100 19040 2001954019 23759604 10014280
0b000101 0b00cd01 10001 100 35764 2004868783 20901224 10015679
0b000101 0b00ce01 10005 100 65761 2009866898 15924199 10018194
0b000701 0b00c101 10003 100 32259 2005706609 20296807 10015387
0b000b01 0b00cc01 10002 100 22516 2008243999 17877372 10014569
0b000801 0b00ca01 10001 100 20863 2008616861 17507915 10014429
0b000301 0b00c301 10000 100 154229 2003310965 22924420 10025613
0b000001 0b00c301 10000 100 2645781 2003104603 23148052 10234503
0b000701 0b00c701 10002 100 71528 2003059501 23208094 10018678
0b000301 0b00cd01 10001 100 60246 2007085631 19231150 10017733
0b000e01 0b00c001 10002 100 123337 2003639140 22768201 10023023
0b000901 0b00c101 10000 100 189820 2001971294 24487591 10028595
0b000101 0b00cf01 10000 100 249982 2005541147 20962107 10033638
0b000701 0b00c801 10000 100 53578 2000400094 26109385 10017173
0b000101 0b00c101 10001 100 13216 2002442779 24111786 10013791
0b000e01 0b00cf01 10005 100 68913 2011376185 15185872 10018458
0b000701 0b00cf01 10001 100 65280 2010550862 16055920 10018155
0b000b01 0b00ce01 10001 100 302 2002750787 23985897 10012708
0b000201 0b00c901 10002 100 39594 2010436717 16377103 10016001
0b000101 0b00c501 10000 100 2585 2002284139 24560991 10012898
0b000c01 0b00c401 10001 100 626 2009031928 17840765 10012733
0b000c01 0b00ca01 10002 100 49035 2012254931 14661486 10016794
0b000b01 0b00cb01 10002 100 189279 2004235512 22707639 10028551
0b000e01 0b00c401 10000 100 8902 2002063376 24984921 10013426
0b000501 0b00c601 10001 100 102805 2004227649 22940428 10021299
0b000801 0b00ce01 10002 100 69221 2009322889 17851763 10018486
0b000f01 0b00ca01 10000 100 37660 2003340158 23853291 10015838
0b000301 0b00cc01 10000 100 1211 2006786357 20497206 10012784
0b000001 0b00c701 10003 100 45853 2011857870 15618375 10016524
0b000d01 0b00c901 10000 100 144948 2005088820 22551664 10024832
0b000501 0b00c101 10001 100 713 2003501797 24205128 10012740
0b000401 0b00ca01 10001 100 1424911 2003422561 24332927 10132144
0b000a01 0b00c301 10005 100 39153 2009825177 17938508 10015965
0b000201 0b00c101 10001 100 65176 2001733913 26133576 10018147
0b000e01 0b00c901 10001 100 60938 2002166491 25717198 10017789
0b000301 0b00c201 10001 100 4661 2008688139 19351075 10013072
0b000e01 0b00c201 10001 100 3418 2003332059 24718958 10012968
0b000701 0b00cd01 10000 100 63309 2004094772 24013836 10017990
0b000b01 0b00c301 10002 100 29096 2009912155 18215962 10015122
0b000901 0b00c801 10004 100 9479 2010189583 18020353 10013476
0b000201 0b00c501 10000 100 26146 2012314395 15970058 10014875
0b000001 0b00cf01 10001 100 27294 2011985436 16465028 10014971
0b000b01 0b00cd01 10000 100 742758 2003480300 25011710 10074953
0b000601 0b00cb01 10001 100 56787 2004767232 23800856 10017441
0b000801 0b00c201 10001 100 1512602 2002146065 26526491 10139498
0b000f01 0b00c001 10001 100 3686 2003320653 25373157 10012990
0b000601 0b00c401 10002 100 69419 2007352793 21341481 10018502
0b000001 0b00c701 10000 100 7932 2002832671 26016377 10013345
0b000a01 0b00c701 10000 100 61119 2007200484 21775454 10017807
0b000001 0b00c901 10003 100 38440 2013209305 15805759 10015904
0b000001 0b00c401 10002 100 188101 2003052424 26164310 10028453
0b000001 0b00c701 10002 100 23686 2006529098 22754196 10014667
0b000601 0b00ce01 10001 100 50564 2005335896 23956011 10016920
0b000001 0b00c701 10005 100 16384 2013959493 15369277 10014056
0b000f01 0b00cb01 10000 100 59276 2002147599 27225863 10017652
0b000b01 0b00c801 10000 100 790501 2002920558 26513268 10078957
0b000301 0b00cb01 10001 100 172485 2012974503 16462248 10027143
0b000c01 0b00c901 10000 100 48275 2007242752 22201084 10016730
0b000e01 0b00ca01 10001 100 6628 2004861084 24590856 10013237
0b000901 0b00ca01 10004 100 614 2011391231 18289798 10012732
0b000d01 0b00c301 10005 100 35310 2014884925 14912084 10015643
0b000d01 0b00c401 10002 100 9950 2004701525 25141498 10013514
0b000501 0b00ce01 10001 100 20444 2005963652 23986883 10014396
0b000501 0b00c301 10001 100 24238 2005924219 24033859 10014715
0b000101 0b00cc01 10000 100 1257983 2004098878 25895430 10118149
0b000801 0b00c201 10002 100 2098970 2006880256 23132447 10188657
0b000e01 0b00c101 10000 100 51429 2000067897 30016848 10016994
0b000d01 0b00c301 10003 100 25230 2011335172 18776218 10014798
0b000001 0b00cd01 10003 100 44511 2009558868 20615864 10016413
0b000f01 0b00c601 10005 100 15078 2015642933 14644156 10013947
0b000301 0b00cd01 10000 100 173892 2002650571 27682096 10027259
0b000c01 0b00cb01 10000 100 57317 2000330128 30019564 10017488
0b000901 0b00c001 10005 100 31592 2016221947 14310519 10015330
0b000401 0b00c001 10002 100 42305 2007468686 23112723 10016229
0b000201 0b00c401 10000 100 54910 2009801206 20810441 10017284
0b000c01 0b00c901 10001 100 7466 2011968054 18651349 10013308
0b000901 0b00c101 10002 100 135629 2010053729 20618477 10024052
0b000101 0b00cc01 10002 100 67112 2010077426 20640331 10018310
0b000501 0b00c001 10003 100 47577 2018170137 12587142 10016670
0b000d01 0b00cc01 10000 100 926 2000366767 30399240 10012757
0b000e01 0b00c301 10001 100 37773 2008695757 22162378 10015847
0b000701 0b00c001 10000 100 358495 2002628678 28242930 10042738
0b000701 0b00c801 10004 100 17091 2007397714 23503064 10014116
0b000c01 0b00c901 10005 100 4649 2018005322 12917221 10013071
0b000201 0b00cc01 10001 100 23249 2015088914 15852783 10014632
0b000301 0b00c101 10001 100 556158 2004930056 26051018 10059311
0b000201 0b00ca01 10001 100 9959 2007556153 23435921 10013515
0b000801 0b00c501 10000 100 279816 2004947389 26057111 10036140
0b000f01 0b00c701 10001 100 22393 2006262636 24771162 10014559
0b000a01 0b00c301 10000 100 557540 2000525651 30589617 10059425
0b000f01 0b00c401 10001 100 3113 2009406133 21796650 10012944
0b000801 0b00cd01 10003 100 8509 2009523305 21682981 10013395
0b000e01 0b00cc01 10001 100 543907 2005026711 26193970 10058281
0b000c01 0b00c201 10000 100 45386 2000561525 30680298 10016487
0b000501 0b00c601 10000 100 14821 2000668553 30583615 10013923
0b000901 0b00ca01 10002 100 483131 2006268637 25027206 10053189
0b000801 0b00ce01 10001 100 3349 2009280378 22057858 10012963
0b000d01 0b00c301 10000 100 90541 2000715716 30636936 10020272
0b000101 0b00cf01 10001 100 67652 2010943756 20467118 10018353
0b000501 0b00cc01 10000 100 64006 2000752294 30679612 10018050
0b000201 0b00cb01 10001 100 45293 2006913143 24522819 10016480
0b000101 0b00c801 10002 100 15843 2018876526 12568837 10014008
0b000401 0b00ce01 10002 100 34288 2007216568 24251967 10015557
0b000d01 0b00cb01 10001 100 4021 2012648700 18954387 10013020
0b000301 0b00c601 10000 100 68722 2000867997 30806526 10018442
0b000f01 0b00c001 10003 100 90603 2006400097 25334091 10020277
0b000101 0b00cb01 10000 100 32035 2005135935 26624794 10015369
0b000001 0b00cb01 10002 100 64456 2018871988 12993254 10018086
0b000601 0b00cf01 10003 100 9617 2009696679 22205896 10013487
0b000601 0b00cc01 10001 100 2123 2008643827 23293052 10012861
0b000a01 0b00cc01 10000 100 1640553 2000814048 31146993 10150225
0b000601 0b00c701 10003 100 28136 2006812200 25150975 10015042
0b000101 0b00cf01 10002 100 51948 2011621818 20348416 10017035
0b000f01 0b00c501 10004 100 55997 2006114202 25861730 10017374
0b000601 0b00c001 10006 100 26325 2019565888 12464104 10014889
0b000d01 0b00c401 10008 100 3977 2010428427 21687092 10013013
0b000601 0b00c701 10002 100 197503 2004410533 27723233 10029240
0b000b01 0b00c301 10003 100 45880 2010510819 21686694 10016527
0b000c01 0b00c401 10000 100 10596 2000226560 32018602 10013569
0b000f01 0b00c601 10000 100 3508 2000268401 32074791 10012976
0b000601 0b00c701 10005 100 8750 2011665201 20723878 10013414
0b000601 0b00c301 10000 100 9738 2008404316 24038277 10013497
0b000001 0b00c901 10001 100 1692343 2009539672 22952285 10154568
0b000e01 0b00cf01 10003 100 16765 2007616328 24886158 10014086
0b000f01 0b00c201 10003 100 846890 2005495240 27051871 10083683
0b000401 0b00c901 10001 100 75661 2001137250 31487569 10019024
0b000401 0b00c101 10002 100 64129 2015623075 17104147 10018059
0b000e01 0b00c101 10003 100 6599 2010648005 22089965 10013234
0b000201 0b00c401 10001 100 44916 2011159313 21589751 10016446
0b000201 0b00c801 10000 100 413242 2001260638 31497922 10047329
0b000d01 0b00c601 10000 100 1392337 2000228141 32538830 10129416
0b000201 0b00cf01 10007 100 3262 2012184693 20583464 10012956
0b000b01 0b00c701 10000 100 44644 2007015700 25787438 10016424
0b000001 0b00c801 10003 100 657906 2012594243 20341243 10067839
0b000001 0b00c701 10006 100 31273 2017546523 15409762 10015304
0b000e01 0b00c101 10004 100 23410 2010962501 22112866 10014644
0b000f01 0b00cb01 10004 100 5370 2013550979 19535120 10013132
0b000601 0b00c201 10002 100 49023 2015531900 17631358 10016793
0b000d01 0b00c801 10000 100 735294 2004941527 28232596 10074329
0b000b01 0b00ce01 10002 100 18299 2002902221 30319624 10014216
0b000901 0b00cb01 10001 100 71696 2010059715 23163608 10018692
0b000101 0b00cc01 10001 100 31064 2009499955 23774654 10015288
0b000801 0b00cc01 10000 100 9209 2000543324 32757749 10013455
0b000301 0b00cc01 10002 100 14134 2015177303 18153069 10013868
0b000d01 0b00cb01 10000 100 8672 2004825274 28557243 10013408
0b000e01 0b00cb01 10000 100 80672 2000541360 32894235 10019444
0b000201 0b00cf01 10004 100 7247 2009021311 24425973 10013290
0b000301 0b00c001 10001 100 40391 2009550173 23907871 10016068
0b000701 0b00c101 10002 100 53566 2004866140 28600690 10017172
0b000001 0b00c701 10001 100 475451 2003200024 30306466 10052543
0b000a01 0b00c601 10000 100 3709 2008036059 25516338 10012992
0b000801 0b00c001 10001 100 577001 2005515294 28044241 10061059
0b000b01 0b00ce01 10000 100 20238 2001638271 31923508 10014379
0b000c01 0b00c701 10000 100 4025 2000711933 32851656 10013021
0b000b01 0b00c101 10002 100 2588 2008487044 25090479 10012898
0b000c01 0b00c301 10000 100 20235 2007124693 26465088 10014379
0b000b01 0b00cc01 10003 100 9356 2008505259 25163784 10013466
0b000001 0b00cd01 10001 100 44856 2006830587 26974975 10016441
0b000a01 0b00c001 10002 100 3111 2020282647 13581017 10012944
0b000f01 0b00ce01 10001 100 163250 2007161003 26740294 10026369
0b000001 0b00c801 10000 100 804579 2000709592 33247092 10080137
0b000401 0b00c501 10005 100 38626 2009823907 24145249 10015919
0b000001 0b00c801 10002 100 5210 2010129177 23913690 10013119
0b000801 0b00cf01 10000 100 49705 2007784030 26325161 10016848
0b000f01 0b00c501 10005 100 3376 2008887497 25290957 10012965
0b000b01 0b00c101 10005 100 28662 2014458330 19750111 10015084
0b000101 0b00c001 10002 100 43261 2010166760 24086319 10016309
0b000401 0b00c501 10000 100 711858 2000754617 33520945 10072362
0b000901 0b00c601 10001 100 29708 2007146082 27169582 10015171
0b000901 0b00c801 10005 100 8467 2014774282 19551224 10013391
0b000c01 0b00cc01 10000 100 23474 2000999310 33343678 10014650
0b000701 0b00c801 10001 100 2583 2001022312 33376030 10012898
0b000401 0b00cf01 10001 100 9751 2006070620 28358395 10013498
0b000401 0b00cb01 10002 100 57468 2006033149 28553224 10017500
0b000401 0b00c501 10007 100 153848 2018599163 16021084 10025579
0b000f01 0b00c701 10003 100 79912 2015162306 19458258 10019380
0b000301 0b00c501 10003 100 34057 2014118197 20537628 10015538
0b000d01 0b00c601 10001 100 1184807 2004619153 30193721 10112014
0b000a01 0b00c301 10001 100 60080 2001187373 33641080 10017720
0b000901 0b00c501 10002 100 797930 2002994011 31881205 10079578
0b000301 0b00c501 10000 100 36205 2004285560 30590489 10015718
0b000401 0b00c701 10001 100 615174 2006958426 27918329 10064259
0b000301 0b00ce01 10002 100 21617 2018999425 15923371 10014493
0b000501 0b00c001 10002 100 28117 2012712025 22227794 10015040
0b000c01 0b00c001 10000 100 83601 2001129890 33813674 10019690
0b000001 0b00ce01 10000 100 1339034 2007554528 27429772 10124948
0b000001 0b00c101 10006 100 13185 2011096858 23914445 10013788
0b000701 0b00c301 10004 100 19799 2010346279 24678639 10014340
0b000301 0b00ce01 10001 100 3736 2013934332 21108215 10012994
0b000701 0b00c401 10005 100 37979 2010263514 24794228 10015864
0b000701 0b00c701 10000 100 155614 2001217180 33872890 10025728
0b000801 0b00cd01 10001 100 41559 2005158870 29938164 10016166
0b000801 0b00c701 10000 100 1068488 2009314488 25809488 10102264
0b000201 0b00cf01 10001 100 2032695 2001041310 34084462 10183102
0b000001 0b00c901 10004 100 23582 2016546014 18645344 10014658
0b000001 0b00c601 10000 100 684711 2001104886 34325555 10070087
0b000501 0b00cb01 10001 100 11424 2003394008 32064861 10013640
0b000a01 0b00c701 10001 100 45838 2009376942 26150517 10016523
0b000901 0b00cf01 10003 100 835706 2009528439 26011065 10082746
0b000d01 0b00c401 10006 100 29545 2009146271 26393882 10015158
0b000901 0b00cf01 10007 100 16142 2022056148 13497544 10014036
0b000001 0b00c101 10003 100 144905 2010255319 25308716 10024829
0b000d01 0b00cd01 10000 100 1073 2006285761 29278705 10012773
0b000f01 0b00cb01 10002 100 1804922 2003397613 32306948 10164004
0b000a01 0b00c801 10000 100 7599 2009703775 26041372 10013318
0b000f01 0b00ca01 10002 100 121 2013947147 21817614 10012693
0b000901 0b00c901 10002 100 16945 2010051994 25738823 10014100
0b000c01 0b00c101 10003 100 7952 2009628391 26173483 10013346
0b000601 0b00c801 10007 100 851 2020202983 15664541 10012751
0b000901 0b00c101 10005 100 138109 2014014179 21912365 10024262
0b000c01 0b00c501 10001 100 7736 2023092682 12840859 10013329
0b000701 0b00c301 10005 100 1911 2017616580 18331688 10012840
0b000e01 0b00c201 10000 100 17163 2002713603 33279790 10014122
0b000b01 0b00c401 10001 100 20278 2006361898 29642431 10014382
0b000801 0b00c501 10001 100 560508 2008656075 27433344 10059674
0b000e01 0b00c101 10006 100 5422 2015400553 20702094 10013136
0b000901 0b00c801 10001 100 67098 2001621017 34559818 10018308
0b000f01 0b00cb01 10005 100 329765 2018262750 17922242 10040328
0b000801 0b00cc01 10005 100 5781 2014136081 22091292 10013165
0b000601 0b00c201 10000 100 17117 2009946021 26331421 10014118
0b000201 0b00c701 10004 100 5989 2014903991 21404889 10013182
0b000401 0b00ca01 10000 100 16051 2002205395 34219697 10014029
0b000d01 0b00c501 10003 100 165147 2013688698 22835902 10026529
0b000401 0b00c201 10000 100 28620 2002275126 34280274 10015080
0b000401 0b00c401 10000 100 32736 2017816466 18833692 10015425
0b000601 0b00c301 10001 100 58893 2009904865 26790910 10017618
0b000301 0b00c901 10002 100 24252 2015786783 20931143 10014716
0b000e01 0b00c801 10005 100 14108 2015447830 21321314 10013866
0b000b01 0b00c401 10002 100 959223 2006644189 30134895 10093104
0b000201 0b00c201 10001 100 118844 2003156333 33632584 10022644
0b000001 0b00ca01 10000 100 5671 2001434189 35450320 10013156
0b000b01 0b00c801 10001 100 1038480 2006744761 30154262 10099748
0b000301 0b00c801 10003 100 31636 2004070180 32836605 10015333
0b000d01 0b00c401 10007 100 47450 2010274256 26664537 10016660
0b000a01 0b00cb01 10000 100 4945 2002681326 34263848 10013094
0b000601 0b00c801 10001 100 116534 2008899291 28142827 10022452
0b000401 0b00cc01 10000 100 913272 2001609225 35449395 10089251
0b000201 0b00c701 10001 100 73455 2002838716 34329054 10018840
0b000f01 0b00ce01 10002 100 82294 2014200240 22986107 10019582
0b000901 0b00c001 10006 100 28608 2016892765 20298973 10015080
0b000301 0b00c301 10001 100 296830 2013612379 23580219 10037566
0b000c01 0b00ce01 10003 100 23708 2011173637 26046029 10014668
0b000c01 0b00c601 10001 100 54993 2002158813 35274138 10017290
0b000901 0b00c001 10002 100 431632 2003871455 33602073 10048869
0b000401 0b00c501 10006 100 6693 2013880324 23596795 10013242
0b000d01 0b00cd01 10001 100 65761 2015542747 21973993 10018194
0b000001 0b00c401 10001 100 38283 2002680923 34848840 10015892
0b000f01 0b00c201 10000 100 800581 2001964747 35587777 10079802
0b000601 0b00c901 10002 100 804348 2007042681 30564183 10080119
0b000a01 0b00c901 10009 100 22673 2017232110 20399441 10014582
0b000001 0b00c001 10002 100 2261389 2004585320 33083507 10202277
0b000c01 0b00c001 10003 100 985617 2005616938 32063383 10095315
0b000101 0b00ca01 10001 100 31538 2018672685 19055729 10015325
0b000501 0b00c001 10005 100 8535 2019243974 18541654 10013397
0b000901 0b00c201 10003 100 71535 2010274550 27511401 10018679
0b000401 0b00c801 10000 100 51671 2004490752 33341866 10017013
0b000c01 0b00c401 10002 100 35978 2011890354 25954682 10015696
0b000c01 0b00cd01 10001 100 1203071 2001581580 36282897 10113549
0b000c01 0b00c601 10000 100 76198 2001696649 36180238 10019071
0b000201 0b00cc01 10007 100 4198 2022090735 15815273 10013035
0b000a01 0b00cc01 10003 100 49652 2017011799 20964681 10016844
0b000e01 0b00cc01 10005 100 44744 2011644748 26347663 10016432
0b000001 0b00c801 10005 100 20332 2025339965 12662908 10014387
0b000f01 0b00ce01 10000 100 102244 2002126681 35911667 10021255
0b000701 0b00c401 10008 100 76693 2017102527 21041839 10019111
0b000401 0b00ca01 10004 100 67850 2012200626 25975463 10018369
0b000a01 0b00c901 10005 100 804402 2009470109 28716990 10080123
0b000101 0b00c701 10001 100 1325 2013874292 24365309 10012793
0b000f01 0b00c901 10006 100 5753 2019214990 19045155 10013163
0b000401 0b00c301 10001 100 108288 2005273367 33014352 10021761
0b000401 0b00c301 10002 100 10448 2010633063 27705568 10013558
0b000201 0b00cd01 10002 100 49551 2003629001 34736079 10016836
0b000901 0b00c701 10004 100 5929 2016523566 21894781 10013177
0b000801 0b00cd01 10006 100 2474 2012496211 25938251 10012889
0b000b01 0b00cb01 10001 100 309068 2004213220 34236056 10038595
0b000101 0b00c001 10003 100 3730 2010495553 27995125 10012993
0b000801 0b00cd01 10008 100 26913 2016580746 21936104 10014936
0b000501 0b00c201 10000 100 1582439 2002624584 35899743 10145353
0b000501 0b00c001 10010 100 9540 2026207213 12342925 10013481
0b000501 0b00ca01 10000 100 927892 2006599603 31980390 10090474
0b000401 0b00ca01 10007 100 368 2019699478 18898884 10012713
0b000b01 0b00cf01 10001 100 7902 2002249782 36422433 10013342
0b000e01 0b00c001 10006 100 9918 2016035089 22667610 10013511
0b000501 0b00c201 10004 100 171148 2023311561 15396471 10027032
0b000901 0b00ca01 10007 100 51891 2018527735 20272580 10017030
0b000301 0b00c201 10002 100 162533 2012575650 26228177 10026308
0b000f01 0b00cc01 10001 100 93770 2012053027 26757890 10020542
0b000b01 0b00c301 10004 100 5403 2017307467 21556076 10013135
0b000601 0b00c301 10007 100 25892 2026452836 12414484 10014851
0b000001 0b00c701 10004 100 4630 2013897991 25026623 10013069
0b000701 0b00c601 10003 100 6075 2017413450 21548866 10013192
0b000101 0b00cc01 10005 100 7262 2018621693 20422142 10013291
0b000b01 0b00c401 10000 100 1808100 2001809965 37257429 10164274
0b000f01 0b00c501 10001 100 216 2003890479 35203179 10012701
0b000d01 0b00c801 10002 100 362851 2010192029 28913002 10043102
0b000c01 0b00ce01 10001 100 8551 2009396832 29724360 10013398
0b000b01 0b00c901 10002 100 878941 2007473994 31655212 10086370
0b000901 0b00c501 10008 100 5233 2017113909 22015389 10013121
0b000c01 0b00c201 10010 100 2951 2027281254 11935601 10012927
0b000601 0b00c201 10001 100 13019 2010012485 29356132 10013775
0b000201 0b00c801 10002 100 60279 2002923989 36462015 10017736
0b000c01 0b00cf01 10001 100 129982 2011306727 28092460 10023577
0b000101 0b00cd01 10006 100 28902 2020533322 18866445 10015103
0b000901 0b00cf01 10002 100 52331 2009039677 30446491 10017070
0b000d01 0b00c001 10001 100 63688 2016211434 23292696 10018020
0b000301 0b00c901 10003 100 118376 2022016058 17509185 10022607
0b000701 0b00c301 10002 100 24281 2007855643 31709435 10014718
0b000c01 0b00c501 10002 100 66022 2023623398 16054334 10018219
0b000001 0b00c401 10004 100 46754 2014863628 24849746 10016600
0b000801 0b00cc01 10006 100 251983 2016867679 22866789 10033806
0b000201 0b00ce01 10000 100 1060490 2004948136 34815150 10101593
0b000301 0b00c501 10001 100 43757 2004633757 35185011 10016349
0b000f01 0b00c901 10003 100 52050 2013082681 26737655 10017047
0b000d01 0b00c501 10000 100 14534 2003942336 35893865 10013900
0b000001 0b00c801 10001 100 15238 2003235441 36606335 10013960
0b000c01 0b00ca01 10003 100 6013 2017259580 22599039 10013187
0b000a01 0b00c701 10002 100 5786 2013109634 26843079 10013165
0b000f01 0b00c501 10008 100 20318 2018624678 21365939 10014386
0b000d01 0b00c201 10000 100 79999 2002625425 37403907 10019387
0b000601 0b00c201 10003 100 3516 2019821326 20305888 10012976
0b000001 0b00c301 10002 100 28536 2014415929 25718223 10015074
0b000601 0b00c601 10002 100 56570 2006132635 34027877 10017424
0b000d01 0b00cf01 10003 100 4844 2028097412 12072876 10013086
0b000901 0b00cf01 10004 100 95293 2011861295 28319445 10020672
0b000001 0b00cf01 10002 100 4158 2019844167 20342653 10013031
0b000b01 0b00cc01 10000 100 4900831 2001477443 38728578 10423566
0b000d01 0b00cc01 10001 100 71030 2004215061 35995829 10018638
0b000401 0b00c101 10000 100 21992 2000240182 40019103 10014523
0b000d01 0b00c301 10006 100 15599 2018975868 21353191 10013989
0b000301 0b00c401 10004 100 195255 2011893306 28491121 10029053
0b000401 0b00ce01 10006 100 27811 2028130963 12323930 10015012
0b000601 0b00c801 10003 100 10535 2014696052 25770051 10013565
0b000a01 0b00cd01 10006 100 10121 2018815617 21711012 10013531
0b000a01 0b00c601 10004 100 13697 2018356145 22175912 10013829
0b000d01 0b00c001 10002 100 38413 2019229237 21339789 10015902
0b000f01 0b00c801 10004 100 23169 2028251419 12330765 10014625
0b000901 0b00cb01 10000 100 4788501 2001536595 39084789 10414149
0b000901 0b00cf01 10005 100 6941 2014811932 25986554 10013262
0b000301 0b00c301 10002 100 93549 2019582830 21294007 10020524
0b000801 0b00c001 10000 100 7797 2004316021 36572624 10013334
0b000001 0b00c201 10002 100 58247 2015854844 25041287 10017566
0b000e01 0b00ca01 10004 100 26121 2021223362 19698036 10014873
0b000001 0b00c101 10000 100 78678 2004164579 36760279 10019277
0b000601 0b00c601 10000 100 8877 2003637175 37309177 10013424
0b000501 0b00c101 10000 100 121615 2000532202 40492459 10022877
0b000901 0b00cf01 10000 100 1022182 2003984726 37066395 10098382
0b000901 0b00c601 10000 100 1204913 2003269244 37790569 10113700
0b000a01 0b00cf01 10002 100 62484 2014595245 26505583 10017920
0b000e01 0b00c601 10002 100 2193 2020345906 20767201 10012866
0b000301 0b00c401 10009 100 119471 2027292560 13845705 10022698
0b000d01 0b00c301 10007 100 26936 2019337461 21828155 10014938
0b000e01 0b00c801 10006 100 9604 2028912581 12280768 10013486
0b000001 0b00c901 10000 100 179564 2000646865 40625709 10027736
0b000101 0b00c101 10007 100 8369 2029336393 12002178 10013384
0b000101 0b00ca01 10000 100 27386 2016435126 24904056 10014978
0b000101 0b00cf01 10003 100 7267 2014051902 27293644 10013292
0b000201 0b00c201 10002 100 5315 2006946640 34405457 10013128
0b000d01 0b00c501 10001 100 632978 2009396967 31975535 10065748
0b000801 0b00c201 10005 100 63646 2019700722 21684323 10018017
0b000f01 0b00cc01 10000 100 4032968 2000199473 41213538 10350804
0b000e01 0b00c901 10003 100 28958 2019256812 22159828 10015108
0b000201 0b00c801 10003 100 9831 2007185912 34238030 10013504
0b000d01 0b00c201 10001 100 168553 2003574363 37854198 10026813
0b000101 0b00c901 10000 100 5828 2007382954 34110952 10013169
0b000e01 0b00cf01 10001 100 70488 2006644537 34881860 10018591
0b000901 0b00c101 10001 100 1048383 2004201769 37365545 10100578
0b000701 0b00c001 10002 100 4377 2019228919 22364268 10013049
0b000f01 0b00c601 10001 100 676910 2003242630 38395008 10069432
0b000101 0b00c101 10002 100 60692 2006420036 35218017 10017769
0b000d01 0b00c201 10003 100 8683 2019966844 21771437 10013409
0b000901 0b00c301 10004 100 23509 2015432421 26337826 10014652
0b000501 0b00cc01 10006 100 28309 2020342977 21516919 10015056
0b000901 0b00c601 10003 100 27387 2015679806 26184364 10014978
0b000a01 0b00c901 10000 100 4306713 2000390818 41506564 10373755
0b000d01 0b00cc01 10005 100 23137 2025917379 16049924 10014623
0b000501 0b00c301 10003 100 37350 2013483283 28493021 10015813
0b000f01 0b00cd01 10000 100 36874 2000878998 41115946 10015772
0b000901 0b00c801 10008 100 4635 2029604589 12395415 10013070
0b000501 0b00c301 10002 100 59287 2013329281 28680843 10017653
0b000901 0b00ce01 10008 100 19015 2029743735 12367196 10014278
0b000a01 0b00cd01 10000 100 40730 2000902377 41239896 10016095
0b000601 0b00c001 10002 100 687452 2007983499 34179326 10070318
0b000001 0b00c901 10005 100 2746 2017788556 24400228 10012911
0b000801 0b00cc01 10003 100 1495 2012087447 30120341 10012807
0b000d01 0b00ca01 10002 100 47314 2016860852 25386915 10016649
0b000201 0b00cb01 10004 100 232782 2018642099 23650855 10032197
0b000701 0b00c101 10001 100 1460485 2004426534 37913115 10135129
0b000f01 0b00c501 10006 100 21569 2011784392 30567075 10014490
0b000801 0b00c001 10003 100 42091 2020676261 21689361 10016212
0b000401 0b00ca01 10003 100 106108 2011260705 31145895 10021579
0b000701 0b00cd01 10001 100 57525 2005505666 36910884 10017504
0b000801 0b00c101 10009 100 23666 2027706622 14742037 10014665
0b000601 0b00c401 10000 100 1715909 2000764149 41700378 10156542
0b000801 0b00c901 10002 100 9678 2016731903 25783507 10013492
0b000c01 0b00c801 10000 100 1486723 2002694811 39943370 10137327
0b000501 0b00cd01 10000 100 1837075 2005738784 36906929 10166703
0b000001 0b00cd01 10002 100 33439 2007070287 35585371 10015485
0b000301 0b00cb01 10004 100 66884 2015443273 27212563 10018288
0b000001 0b00c501 10000 100 516956 2004930011 37725965 10056021
0b000a01 0b00c401 10006 100 4052 2016982463 25700616 10013023
0b000a01 0b00cd01 10001 100 106936 2004675922 38041734 10021645
0b000201 0b00c801 10007 100 4868 2023739630 19005655 10013088
0b000a01 0b00c501 10003 100 74131 2020242862 22516070 10018898
0b000c01 0b00ca01 10000 100 5474 2007366675 35408841 10013140
0b000f01 0b00c201 10005 100 42812 2017353428 25465521 10016270
0b000b01 0b00cd01 10002 100 14669 2006267053 36605385 10013911
0b000e01 0b00ce01 10001 100 20996 2006808055 36128379 10014440
0b000b01 0b00c501 10000 100 70273 2008389364 34570574 10018574
0b000401 0b00c601 10002 100 33557 2006124432 36856875 10015495
0b000a01 0b00c901 10002 100 29075 2004440026 38552322 10015121
0b000601 0b00c101 10001 100 169976 2007707051 35299732 10026930
0b000801 0b00c901 10008 100 19454 2030314329 12695054 10014313
0b000401 0b00cd01 10000 100 4280730 2000681247 42342622 10371577
0b000b01 0b00c801 10003 100 38338 2016718827 26344577 10015896
0b000201 0b00c001 10003 100 3515 2022596313 20540376 10012976
0b000301 0b00c901 10001 100 1939 2010733501 32461259 10012842
0b000801 0b00cf01 10001 100 399188 2014094941 29132445 10046151
0b000a01 0b00cf01 10005 100 57793 2019833757 23413511 10017526
0b000501 0b00cc01 10007 100 246 2022584569 20735916 10012703
0b000001 0b00ce01 10002 100 11173 2016324775 26999688 10013619
0b000b01 0b00cf01 10003 100 40558 2012852599 30540021 10016082
0b000e01 0b00cb01 10004 100 7313 2022830556 20601147 10013295
0b000b01 0b00c901 10005 100 27919 2015486161 27964196 10015021
0b000101 0b00c701 10000 100 29859 2010912774 32562662 10015183
0b000901 0b00c801 10003 100 9751 2004430009 39055757 10013498
0b000901 0b00c201 10005 100 77660 2020812915 22696661 10019192
0b000d01 0b00c101 10003 100 13478 2016429125 27171407 10013812
0b000801 0b00c601 10000 100 41704 2001557591 42155654 10016177
0b000701 0b00c801 10003 100 218175 2005751505 37965172 10030974
0b000801 0b00cd01 10004 100 35784 2009672300 34075530 10015680
0b000f01 0b00c901 10004 100 52918 2016774158 26982280 10017116
0b000301 0b00c401 10008 100 21097 2023551175 20232314 10014452
0b000d01 0b00c801 10004 100 6300 2017227989 26567304 10013210
0b000b01 0b00c401 10003 100 74107 2015316208 28485489 10018896
0b000b01 0b00c201 10002 100 26609 2023321816 20498939 10014912
0b000b01 0b00c001 10000 100 74822 2007575253 36261055 10018953
0b000701 0b00c801 10011 100 23987 2023141005 20698518 10014691
0b000f01 0b00c101 10001 100 841449 2005225711 38620669 10083229
0b000901 0b00c501 10003 100 77590 2006732529 37342045 10019186
0b000201 0b00c101 10003 100 170158 2016366140 27726764 10026949
0b000b01 0b00c801 10006 100 7624 2024297347 19874831 10013320
0b000701 0b00cb01 10004 100 27230 2020689448 23577676 10014965
0b000001 0b00c601 10007 100 26470 2020668534 23607061 10014901
0b000601 0b00c401 10001 100 36664 2001504274 42773963 10015755
0b000a01 0b00c901 10004 100 34553 2007922788 36381164 10015578
0b000001 0b00c201 10006 100 142094 2025776725 18542476 10024596
0b000d01 0b00c601 10008 100 38489 2023053847 21277016 10015908
0b000d01 0b00c801 10003 100 48219 2015368005 28999114 10016725
0b000701 0b00c801 10009 100 18022 2019698453 24669771 10014194
0b000e01 0b00c101 10001 100 69088 2000272250 44100341 10018475
0b000901 0b00ca01 10001 100 5521 2006257816 38118302 10013144
0b000201 0b00c101 10007 100 9355 2028561466 15819692 10013466
0b000601 0b00c901 10003 100 39902 2019805298 24585585 10016025
0b000301 0b00ca01 10000 100 6947 2007294582 37109536 10013262
0b000d01 0b00ce01 10000 100 52380 2005876186 38533291 10017073
0b000e01 0b00cc01 10003 100 137546 2008519306 35909963 10024213
0b000301 0b00ce01 10000 100 67175 2007814286 36656122 10018315
0b000901 0b00ce01 10007 100 111704 2028913476 15571411 10022046
0b000c01 0b00c201 10007 100 131842 2018110414 26394042 10023734
0b000801 0b00ce01 10004 100 58742 2018530595 26021833 10017605
0b000001 0b00c901 10010 100 4437 2032688527 12011731 10013054
0b000901 0b00ce01 10005 100 4623 2023785036 20924391 10013069
0b000d01 0b00c701 10003 100 9391 2013343675 31368899 10013469
0b000701 0b00c401 10003 100 9581 2007202314 37588620 10013484
0b000701 0b00c801 10007 100 63135 2018503969 26326840 10017976
0b000e01 0b00c001 10000 100 58316 2000478183 44358480 10017571
0b000901 0b00c501 10007 100 48949 2013198416 31649017 10016784
0b000b01 0b00c101 10003 100 60371 2010689510 34202285 10017743
0b000801 0b00c401 10000 100 1995093 2004693921 40198227 10179952
0b000501 0b00c101 10005 100 5668 2017265806 27637053 10013156
0b000601 0b00c501 10003 100 20181 2028212551 16732047 10014375
0b000c01 0b00cf01 10000 100 73749 2008850955 36104874 10018864
0b000701 0b00c301 10006 100 45679 2019589685 25375245 10016510
0b000901 0b00cb01 10003 100 129123 2023279092 21730553 10023509
0b000501 0b00cd01 10001 100 26077 2011031696 33994051 10014869
0b000f01 0b00ca01 10006 100 48816 2019336478 25717004 10016773
0b000a01 0b00c601 10003 100 28783 2014593595 30464030 10015094
0b000a01 0b00cd01 10002 100 92507 2006996825 38074893 10020437
0b000701 0b00cc01 10001 100 43250 2008050722 37029858 10016308
0b000501 0b00c501 10000 100 23998 2000562393 44529138 10014692
0b000101 0b00c001 10008 100 76081 2023648697 21498490 10019062
0b000201 0b00cb01 10007 100 39780 2020545085 24605964 10016016
0b000e01 0b00c001 10005 100 53909 2008786172 36427706 10017200
0b000f01 0b00c101 10000 100 1720189 2001274345 44015198 10156903
0b000001 0b00c501 10002 100 69328 2020495470 24835484 10018495
0b000f01 0b00c701 10004 100 239313 2018903063 26470226 10032746
0b000501 0b00cb01 10004 100 149362 2019189711 26193061 10025204
0b000001 0b00cd01 10004 100 26857 2015355514 30125056 10014932
0b000501 0b00cc01 10001 100 1560333 2004125651 41384786 10143500
0b000101 0b00c301 10002 100 77587 2020752229 24770057 10019186
0b000701 0b00c701 10006 100 5721 2012160627 33362957 10013160
0b000b01 0b00c101 10006 100 19300 2015228840 30297729 10014300
0b000101 0b00cc01 10004 100 131967 2016787968 28757315 10023744
0b000c01 0b00c101 10006 100 44623 2025756039 19856713 10016422
0b000301 0b00c001 10000 100 65615 2006211911 39412197 10018182
0b000501 0b00cb01 10003 100 22538 2008952580 36704122 10014571
0b000701 0b00c301 10000 100 22326 2005936158 39733535 10014554
0b000801 0b00c601 10003 100 50319 2017261385 28470685 10016901
0b000101 0b00cb01 10001 100 102358 2007837165 37896610 10021264
0b000501 0b00c901 10001 100 26024 2009183587 36596270 10014865
0b000e01 0b00c401 10002 100 7189 2011267847 34542087 10013285
0b000201 0b00c201 10004 100 99967 2021839833 24047851 10021061
0b000401 0b00c001 10001 100 679483 2007221375 38690373 10069649
0b000d01 0b00c401 10005 100 145160 2005993668 39959357 10024853
0b000f01 0b00c201 10001 100 50323 2002161162 43868606 10016901
0b000601 0b00c001 10007 100 57833 2025032872 21064573 10017529
0b000b01 0b00c101 10008 100 61773 2020267871 25851512 10017859
0b000a01 0b00ce01 10000 100 167348 2003848595 42277387 10026712
0b000a01 0b00c201 10005 100 329817 2025401474 20732270 10040332
0b000101 0b00c401 10000 100 57703 2016866853 29295975 10017518
0b000901 0b00c601 10005 100 25493 2025561875 20602512 10014819
0b000401 0b00c901 10005 100 48893 2021136487 25048128 10016779
0b000b01 0b00c201 10004 100 4825 2032055896 14135865 10013085
0b000801 0b00c601 10004 100 179037 2017555623 28647136 10027694
0b000201 0b00c301 10002 100 47277 2012980601 33256422 10016646
0b000901 0b00c901 10003 100 22152 2011950043 34297610 10014540
0b000501 0b00c601 10003 100 192573 2018605632 27656575 10028826
0b000c01 0b00c101 10004 100 32421 2012467596 33794617 10015400
0b000301 0b00c001 10004 100 54663 2025745276 20551063 10017264
0b000d01 0b00c301 10008 100 6233 2026219390 20077632 10013205
0b000601 0b00ce01 10006 100 34919 2025264696 21050809 10015607
0b000701 0b00cf01 10002 100 61998 2015433754 30882010 10017877
0b000801 0b00c901 10004 100 90442 2018841898 27486604 10020264
0b000a01 0b00c101 10004 100 8016 2033457084 12872059 10013355
0b000e01 0b00cd01 10001 100 74554 2020071091 26307134 10018932
0b000801 0b00ce01 10000 100 3408926 2005404364 41011354 10298484
0b000c01 0b00cc01 10003 100 7475 2019505039 26918204 10013308
0b000301 0b00c401 10001 100 6625 2001187665 45237387 10013236
0b000001 0b00c601 10004 100 38739 2015222701 31227141 10015928
0b000701 0b00cf01 10004 100 33678 2022117006 24335333 10015504
0b000801 0b00ca01 10002 100 64510 2010707452 35781647 10018090
0b000301 0b00ce01 10003 100 8193 2019169461 27350399 10013370
0b000001 0b00c801 10009 100 32714 2033905921 12668759 10015423
0b000101 0b00c601 10004 100 76480 2021482778 25153892 10019094
0b000a01 0b00ca01 10002 100 1255037 2004477511 42165011 10117906
0b000401 0b00c201 10003 100 4953 2019391328 27297154 10013095
0b000c01 0b00c201 10008 100 29217 2019585960 27123026 10015132
0b000c01 0b00ca01 10004 100 8730 2022181922 24545082 10013412
0b000701 0b00c601 10006 100 181413 2021590237 25140182 10027891
0b000c01 0b00cc01 10004 100 6787 2019875717 26854730 10013249
0b000801 0b00c301 10002 100 9252 2024282137 22456365 10013458
0b000301 0b00cc01 10001 100 432976 2007748541 38990954 10048980
0b000d01 0b00cf01 10001 100 13202 2022124210 24635825 10013789
0b000901 0b00c901 10000 100 122906 2003614268 43158966 10022984
0b000e01 0b00c201 10004 100 26656 2026017218 20784742 10014916
0b000101 0b00c901 10003 100 9696 2023212974 23591300 10013494
0b000101 0b00c601 10005 100 15699 2026853312 19959913 10013997
0b000d01 0b00c601 10007 100 76815 2022472829 24351339 10019120
0b000401 0b00c001 10004 100 130122 2017366831 29499042 10023592
0b000f01 0b00ce01 10003 100 19100 2014559136 32331154 10014284
0b000201 0b00ca01 10004 100 31971 2011731817 35168824 10015360
0b000401 0b00c901 10002 100 1146967 2005158406 41788369 10108841
0b000b01 0b00c701 10001 100 26020 2021512245 25448557 10014865
0b000501 0b00c401 10000 100 183990 2023335835 23642063 10028105
0b000c01 0b00cd01 10003 100 20361 2011258777 35745808 10014389
0b000f01 0b00ca01 10008 100 24870 2026561941 20446883 10014765
0b000901 0b00c401 10000 100 484677 2006743866 40344612 10053316
0b000301 0b00ca01 10003 100 188452 2020648849 26557892 10028481
0b000d01 0b00c901 10003 100 23434 2020039373 27204688 10014646
0b000d01 0b00cc01 10006 100 4793 2027222682 20043364 10013082
0b000901 0b00cc01 10002 100 264 2026727430 20626231 10012704
0b000b01 0b00ca01 10002 100 53599 2015194442 32247997 10017175
0b000501 0b00c301 10000 100 868961 2001684802 45813777 10085533
0b000001 0b00c301 10003 100 13442 2023683641 23880913 10013809
0b000401 0b00cb01 10005 100 8095 2013468232 34182365 10013362
0b000001 0b00cb01 10001 100 2244082 2008324104 39330066 10200827
0b000901 0b00c201 10002 100 50474 2009029463 38640779 10016913
0b000501 0b00cb01 10010 100 65841 2034216908 13493315 10018200
0b000101 0b00c301 10003 100 17186 2023742042 24000717 10014124
0b000001 0b00c201 10000 100 65010 2007898915 39910018 10018134
0b000c01 0b00ce01 10005 100 14488 2024421080 23403866 10013896
0b000201 0b00c001 10001 100 65867 2014071069 33964551 10018202
0b000d01 0b00c001 10003 100 72801 2019931144 28171593 10018784
0b000701 0b00c201 10004 100 71624 2019134537 28970034 10018686
0b000601 0b00c301 10003 100 71928 2012157768 36072665 10018710
0b000301 0b00c601 10005 100 25190 2020526514 27737112 10014795
0b000101 0b00c301 10000 100 2762069 2003138770 45143749 10244255
0b000a01 0b00c701 10007 100 8388 2027383685 20973606 10013385
0b000801 0b00cb01 10001 100 39080 2002361372 46099998 10015960
0b000a01 0b00c401 10003 100 151166 2005640386 42829828 10025356
0b000501 0b00c101 10003 100 5231 2013601436 34884679 10013121
0b000301 0b00cb01 10002 100 29141 2013937920 34561442 10015126
0b000401 0b00c201 10004 100 51124 2022478709 26027916 10016969
0b000701 0b00c701 10007 100 28190 2014163464 34348681 10015046
0b000201 0b00cf01 10003 100 26148 2005520955 43063590 10014875
0b000d01 0b00c401 10009 100 17978 2012331829 36282816 10014187
0b000901 0b00c301 10006 100 4172 2026024900 22625488 10013032
0b000501 0b00c001 10004 100 283033 2019223520 29442811 10036413
0b000f01 0b00c301 10009 100 26049 2036142588 12525385 10014867
0b000101 0b00c001 10000 100 27329 2001463479 47227765 10014973
0b000e01 0b00cd01 10004 100 9785 2024298941 24400330 10013501
0b000d01 0b00c301 10004 100 120302 2012027364 36705086 10022768
0b000601 0b00c401 10003 100 78113 2009680084 39069786 10019232
0b000501 0b00ca01 10008 100 76471 2026477956 22274761 10019093
0b000401 0b00c501 10004 100 199326 2006285292 42473577 10029394
0b000101 0b00cb01 10002 100 15261 2013410898 35389849 10013962
0b000201 0b00c201 10007 100 63755 2030842115 17961168 10018026
0b000901 0b00c001 10008 100 40092 2033701146 15130620 10016044
0b000901 0b00ce01 10002 100 26568 2014446532 34402718 10014909
0b000a01 0b00c101 10000 100 3221 2015029886 33842841 10012953
0b000a01 0b00c401 10005 100 24383 2012781021 36091866 10014726
0b000801 0b00c701 10007 100 2755 2024103007 24811138 10012911
0b000401 0b00cc01 10004 100 39589 2021584944 27357140 10016000
0b000301 0b00c101 10002 100 41605 2021558784 27398896 10016169
0b000d01 0b00cb01 10007 100 35967 2021307483 27654443 10015695
0b000f01 0b00c601 10004 100 60586 2015292126 33670751 10017761
0b000a01 0b00cf01 10008 100 61998 2035000838 13997540 10017877
0b000701 0b00cf01 10000 100 46751 2003100906 45924755 10016600
0b000701 0b00c701 10009 100 20593 2021706824 27342526 10014408
0b000101 0b00ce01 10006 100 23584 2011752479 37314303 10014658
0b000a01 0b00c701 10005 100 58394 2021512893 27556568 10017578
0b000501 0b00cd01 10003 100 20871 2011663312 37440401 10014430
0b000901 0b00c501 10004 100 480125 2007627713 41477384 10052937
0b000f01 0b00c801 10001 100 28561 2015710320 33400542 10015076
0b000b01 0b00ca01 10001 100 1287 2013384733 35730197 10012790
0b000701 0b00c901 10001 100 19050 2002956033 46172918 10014280
0b000f01 0b00c601 10002 100 22102 2012878993 36323879 10014536
0b000e01 0b00ce01 10000 100 28711 2005320778 43888059 10015088
0b000c01 0b00c201 10003 100 34125 2014496545 34733716 10015544
0b000301 0b00c601 10006 100 74477 2021461507 27771409 10018926
0b000e01 0b00c501 10008 100 6684 2025010427 24234877 10013241
0b000c01 0b00c701 10008 100 25627 2028921029 20395649 10014830
0b000901 0b00cd01 10002 100 64853 2012405282 36914748 10018117
0b000b01 0b00c301 10010 100 23577 2028294187 21062475 10014658
0b000301 0b00c001 10002 100 51726 2024841730 24565327 10017017
0b000301 0b00cf01 10005 100 4908 2025607472 23875999 10013091
0b000d01 0b00c501 10002 100 5530 2013327733 36227350 10013145
0b000201 0b00c701 10003 100 213730 2008541302 41014239 10030600
0b000e01 0b00c301 10002 100 36508 2011216643 38341079 10015742
0b000601 0b00c001 10008 100 21007 2025720487 23854381 10014445
0b000b01 0b00c601 10001 100 66534 2013058067 36517061 10018260
0b000501 0b00c301 10004 100 10815 2015528504 34071595 10013587
0b000f01 0b00c501 10009 100 25842 2022134910 27476503 10014847
0b000801 0b00c301 10004 100 33422 2036261607 13368313 10015484
0b000b01 0b00c301 10008 100 1009 2025074210 24586445 10012768
0b000201 0b00c101 10002 100 275686 2010782751 38955885 10035794
0b000a01 0b00ce01 10001 100 40224 2022515209 27252912 10016055
0b000f01 0b00c301 10003 100 6784 2025612504 24174568 10013249
0b000101 0b00ce01 10011 100 59840 2025095294 24714594 10017697
0b000b01 0b00cb01 10000 100 805334 2003575157 46235903 10080201
0b000b01 0b00c901 10001 100 3068 2006802485 43038004 10012940
0b000301 0b00c301 10003 100 217416 2022134002 27722413 10030910
0b000101 0b00c201 10001 100 174594 2011611645 38266829 10027319
0b000e01 0b00cc01 10002 100 4772 2005419831 44468739 10013080
0b000d01 0b00ca01 10000 100 43711 2001979227 47934553 10016345
0b000901 0b00c201 10004 100 252 2016154853 33772161 10012704
0b000a01 0b00c201 10001 100 22876 2003765208 46243060 10014598
0b000501 0b00c001 10001 100 77345 2012492935 37526334 10019167
0b000301 0b00c401 10007 100 42279 2021693137 28366762 10016227
0b000a01 0b00c601 10002 100 17751 2014292843 35816861 10014169
0b000801 0b00ca01 10000 100 14558 2006969110 43169173 10013902
0b000e01 0b00c001 10004 100 820958 2005157649 45060444 10081509
0b000f01 0b00c301 10001 100 3975 2023075352 27162627 10013013
0b000301 0b00c201 10006 100 21255 2026359170 23946966 10014464
0b000801 0b00c701 10003 100 2469 2016546024 33807493 10012889
0b000001 0b00c201 10004 100 27234 2023270225 27168439 10014966
0b000a01 0b00c001 10003 100 17077 2022172293 28279898 10014115
0b000401 0b00c301 10000 100 1248628 2002360914 48190770 10117366
0b000b01 0b00cc01 10006 100 9389 2025781070 24780964 10013469
0b000e01 0b00c101 10010 100 5949 2029931713 20676579 10013178
0b000b01 0b00c901 10007 100 68697 2024987823 25621867 10018440
0b000a01 0b00c501 10002 100 344557 2019968194 30654543 10041569
0b000101 0b00cd01 10002 100 3945487 2005000898 45634784 10343471
0b000f01 0b00c101 10003 100 17639 2015895133 34749095 10014160
0b000901 0b00c201 10008 100 7362 2029996389 20648158 10013299
0b000901 0b00c501 10006 100 988413 2011318698 39338444 10095550
0b000601 0b00c401 10004 100 1038241 2010822325 39870353 10099729
0b000b01 0b00c401 10004 100 21099 2023746088 26946640 10014452
0b000c01 0b00c701 10004 100 7307 2013267846 37482864 10013295
0b000801 0b00c401 10003 100 8769 2017141171 33661552 10013416
0b000b01 0b00c701 10002 100 823682 2023326470 27476848 10081738
0b000c01 0b00c601 10004 100 55101 2015161256 35668238 10017303
0b000701 0b00cf01 10003 100 42652 2015564099 35267721 10016257
0b000901 0b00c501 10011 100 74622 2020363414 30511998 10018937
0b000c01 0b00c101 10005 100 70328 2017075066 33818961 10018578
0b000801 0b00c201 10004 100 29401 2014970458 35935946 10015147
0b000901 0b00cd01 10006 100 7144 2036329908 14621207 10013282
0b000d01 0b00ce01 10004 100 8573 2038941361 12012672 10013400
0b000601 0b00c101 10000 100 28495 2004754322 46238760 10015070
0b000a01 0b00cc01 10002 100 1259001 2007854915 43146628 10118238
0b000601 0b00c501 10002 100 182254 2023249416 27762186 10027963
0b000701 0b00cd01 10003 100 59735 2016862253 34170136 10017689
0b000b01 0b00c001 10001 100 7876 2015149243 35890249 10013340
0b000f01 0b00c901 10010 100 23608 2038499716 12541129 10014660
0b000001 0b00c501 10008 100 77076 2037289600 13757624 10019145
0b000501 0b00cc01 10002 100 16350 2005180562 45886765 10014053
0b000301 0b00c701 10000 100 24706 2008054065 43024317 10014752
0b000001 0b00c201 10005 100 2051 2023492789 27596824 10012855
0b000801 0b00c201 10003 100 290815 2013398459 37714254 10037062
0b000101 0b00cf01 10004 100 804472 2015480183 35686033 10080128
0b000e01 0b00cc01 10008 100 42822 2015880715 35290368 10016270
0b000001 0b00ca01 10002 100 139582 2015462202 35719701 10024384
0b000b01 0b00ce01 10006 100 48608 2027593127 23635040 10016756
0b000b01 0b00c301 10011 100 29654 2028694137 22543995 10015167
0b000201 0b00c801 10004 100 311805 2008388083 42893298 10038822
0b000501 0b00c301 10007 100 10020 2020293407 31005895 10013523
0b000901 0b00c101 10004 100 228137 2011764734 39556357 10031810
0b000201 0b00c101 10004 100 54123 2019439444 32001608 10017221
0b000a01 0b00cd01 10005 100 32798 2017204131 34287034 10015430
0b000b01 0b00ca01 10000 100 65779 2007094690 44407320 10018195
0b000801 0b00c101 10001 100 7344 2006918742 44584386 10013298
0b000401 0b00c401 10001 100 59988 2019959007 31545338 10017709
0b000301 0b00cf01 10003 100 46312 2009202209 42410246 10016565
0b000f01 0b00c101 10002 100 64761 2010910336 40725026 10018110
0b000d01 0b00cd01 10004 100 20016 2038992735 12648794 10014361
0b000601 0b00cf01 10011 100 4263 2039822022 11931680 10013040
0b000e01 0b00ca01 10002 100 7419 2007967090 43824360 10013304
0b000301 0b00c501 10005 100 7143 2023752734 28055075 10013282
0b000601 0b00c201 10005 100 28899 2038615304 13208098 10015103
0b000801 0b00cf01 10002 100 1560 2025283670 26544076 10012812
0b000901 0b00ca01 10010 100 44060 2030019299 21847388 10016377
0b000d01 0b00c901 10004 100 192708 2024421724 27456680 10028837
0b000501 0b00ca01 10002 100 20573 2013816541 38069342 10014406
0b000f01 0b00c301 10002 100 44827 2023861521 28036768 10016438
0b000601 0b00c401 10007 100 7181 2027313425 24597437 10013285
0b000401 0b00c701 10002 100 14013 2008666101 43277051 10013858
0b000a01 0b00cf01 10003 100 72603 2015607596 36359771 10018768
0b000001 0b00c601 10002 100 11569 2009826766 42148653 10013651
0b000401 0b00c601 10003 100 50028 2009898402 42089371 10016878
0b000f01 0b00c201 10002 100 5530 2004099881 47959756 10013145
0b000001 0b00cb01 10005 100 74658 2038458093 13611804 10018940
0b000101 0b00c001 10006 100 5876 2017676597 34482248 10013173
0b000801 0b00c401 10001 100 16360 2008122961 44148701 10014054
0b000801 0b00cb01 10002 100 6485 2021841579 30474393 10013225
0b000701 0b00c201 10006 100 22131 2021274501 31098170 10014538
0b000201 0b00c401 10002 100 4344 2015286901 37103735 10013046
0b000601 0b00c601 10008 100 21159 2036654224 15750049 10014457
0b000301 0b00c201 10003 100 2021 2015750312 36665873 10012853
0b000301 0b00c201 10007 100 1279 2028558374 23895501 10012790
0b000801 0b00c101 10003 100 47727 2011830441 40625504 10016682
0b000301 0b00c601 10008 100 7465 2028475402 23981464 10013307
0b000501 0b00cc01 10010 100 4904 2036849007 15625229 10013091
0b000d01 0b00c901 10002 100 35234 2008492461 44011740 10015636
0b000901 0b00c501 10014 100 15904 2025824813 26855634 10014013
0b000f01 0b00cd01 10001 100 48432 2005120121 47569858 10016742
0b000501 0b00c501 10005 100 6669 2032702879 19993912 10013240
0b000f01 0b00c401 10002 100 54527 2031165420 21551399 10017253
0b000901 0b00c501 10005 100 546280 2010799023 42038110 10058482
0b000c01 0b00c901 10004 100 9635 2017853038 35004453 10013489
0b000b01 0b00ca01 10005 100 9352 2026249132 26677723 10013466
0b000c01 0b00c801 10004 100 15061 2016146346 36792829 10013946
0b000401 0b00c501 10009 100 2420 2029084394 23896419 10012885
0b000001 0b00cd01 10000 100 51136 2004575967 48409342 10016970
0b000601 0b00c001 10005 100 1749 2018556336 34464301 10012827
0b000c01 0b00c701 10002 100 13524 2009119822 43903236 10013815
0b000c01 0b00c601 10008 100 27765 2028704253 24322571 10015008
0b000301 0b00c101 10004 100 44186 2040324365 12704769 10016387
0b000901 0b00ca01 10009 100 1161 2028554326 24475810 10012780
0b000601 0b00cd01 10001 100 742951 2011841192 41229285 10074969
0b000501 0b00ca01 10003 100 51977 2015287285 37787233 10017037
0b000c01 0b00c901 10006 100 70427 2021107447 32000431 10018586
0b000501 0b00ca01 10004 100 13282 2015528012 37586008 10013796
0b000801 0b00c101 10005 100 12567 2012410669 40721288 10013735
0b000301 0b00c601 10002 100 1019520 2015928134 37271503 10098158
0b000601 0b00cf01 10005 100 33417 2017190284 36022164 10015483
0b000301 0b00c401 10003 100 646598 2011722570 41513187 10066892
0b000501 0b00c601 10004 100 25957 2019657002 33615800 10014856
0b000e01 0b00c801 10007 100 16122 2029003621 24270347 10014035
0b000001 0b00cc01 10008 100 73557 2027827144 25479092 10018848
0b000b01 0b00c201 10001 100 293003 2013037906 40295096 10037249
0b000601 0b00cf01 10006 100 18415 2017689820 35652832 10014226
0b000601 0b00cb01 10000 100 1788378 2004345981 49243824 10162620
0b000a01 0b00cf01 10001 100 9353 2009818942 43779505 10013466
0b000a01 0b00c901 10007 100 4842 2012866568 40739911 10013086
0b000501 0b00ce01 10004 100 62110 2022057617 31609015 10017890
0b000701 0b00cf01 10006 100 19970 2029073351 24637452 10014354
0b000501 0b00c601 10006 100 32685 2025841725 27950346 10015421
0b000301 0b00c401 10006 100 300148 2021245631 32557887 10037847
0b000e01 0b00cf01 10006 100 73372 2015975721 37882092 10018833
0b000301 0b00cc01 10007 100 22420 2032664162 21202568 10014561
0b000301 0b00cb01 10006 100 395238 2019962753 33929808 10045819
0b000f01 0b00cb01 10006 100 27954 2018650558 35270772 10015023
0b000a01 0b00c901 10014 100 138026 2026453631 27484506 10024255
0b000001 0b00ca01 10004 100 164255 2029150396 24801962 10026454
0b000901 0b00c201 10007 100 1145 2027676265 26327123 10012779
0b000501 0b00ce01 10002 100 1829 2011721581 42304044 10012834
0b000901 0b00ca01 10006 100 993 2018379509 35663975 10012763
0b000e01 0b00cb01 10003 100 63573 2021496820 32565143 10018011
0b000001 0b00c801 10004 100 69311 2016370175 37695753 10018493
0b000a01 0b00c301 10007 100 5932 2020867194 33221436 10013177
0b000801 0b00c401 10006 100 51598 2026973485 27120813 10017007
0b000001 0b00c701 10008 100 22027 2030025133 24101621 10014530
0b000301 0b00cb01 10000 100 45899 2008340186 45802879 10016528
0b000501 0b00c901 10003 100 311612 2026342013 27814326 10038807
0b000c01 0b00c401 10004 100 17948 2017244419 36938455 10014184
0b000601 0b00ca01 10002 100 60853 2025460461 28777793 10017782
0b000b01 0b00cf01 10002 100 14793 2010133510 44160179 10013921
0b000301 0b00cb01 10003 100 957745 2015094116 39217158 10092978
0b000f01 0b00c801 10003 100 172972 2025553522 28766075 10027182
0b000801 0b00c501 10006 100 181146 2029185823 25133829 10027870
0b000e01 0b00c001 10008 100 26771 2022534175 31817899 10014925
0b000e01 0b00cf01 10000 100 28501 2005962772 48390135 10015071
0b000201 0b00c301 10004 100 20605 2021583418 32773625 10014409
0b000a01 0b00c801 10002 100 6116 2026162659 28195603 10013196
0b000601 0b00c901 10004 100 56120 2028024645 26342224 10017388
0b000401 0b00c901 10004 100 7561 2020087150 34285234 10013315
0b000c01 0b00c201 10006 100 10064 2017483175 36898189 10013527
0b000701 0b00c801 10013 100 26917 2038169012 16220941 10014937
0b000e01 0b00ca01 10006 100 73157 2021586693 32870049 10018816
0b000201 0b00cf01 10014 100 51501 2041075064 13489988 10016999
0b000b01 0b00c001 10005 100 21393 2031007577 23563956 10014475
0b000601 0b00c501 10001 100 42425 2017045099 37547491 10016239
0b000e01 0b00c701 10002 100 243258 2014859244 39750719 10033077
0b000201 0b00c101 10005 100 9555 2026773175 27852128 10013482
0b000901 0b00ce01 10004 100 371572 2015718343 38987969 10043834
0b000b01 0b00c301 10007 100 1787 2024496720 30268529 10012830
0b000601 0b00cf01 10009 100 86584 2029637350 25173673 10019940
0b000c01 0b00c701 10009 100 47508 2030080724 24731070 10016664
0b000c01 0b00ca01 10001 100 619403 2010935176 44024557 10064613
0b000601 0b00cd01 10002 100 1313 2012456835 42595697 10012792
0b000d01 0b00cb01 10008 100 59646 2021561440 33507672 10017682
0b000f01 0b00cd01 10002 100 6408 2020240473 34843032 10013219
0b000f01 0b00ca01 10001 100 14093 2007021865 48087710 10013865
0b000c01 0b00cb01 10001 100 1756556 2010617195 44522299 10159951
0b000201 0b00cc01 10015 100 56181 2041258934 13908924 10017393
0b000301 0b00ce01 10005 100 15399 2030295074 24886279 10013973
0b000e01 0b00cf01 10002 100 5595 2006990807 48191164 10013150
0b000301 0b00cf01 10002 100 1125313 2005727896 49465667 10107028
0b000401 0b00c801 10001 100 27092 2023563526 31651582 10014954
0b000101 0b00ce01 10004 100 154997 2008371801 46858105 10025674
0b000501 0b00c201 10002 100 7179 2019017555 36269071 10013285
0b000901 0b00c301 10002 100 42379 2007009566 48307836 10016235
0b000a01 0b00c901 10015 100 64558 2033446355 21921205 10018094
0b000e01 0b00c501 10009 100 48668 2026439722 28936164 10016761
0b000d01 0b00c501 10004 100 7640 2034122202 21292026 10013321
0b000901 0b00c701 10006 100 16434 2019964744 35484080 10014060
0b000901 0b00c801 10009 100 56943 2030157618 25300863 10017454
0b000401 0b00c901 10000 100 4007611 2000344053 55135012 10348679
0b000801 0b00ce01 10009 100 558 2033536144 21962925 10012728
0b000601 0b00c801 10012 100 20339 2030401292 25110489 10014387
0b000101 0b00ca01 10004 100 181534 2031215749 24356702 10027901
0b000501 0b00c401 10002 100 44836 2030100693 25568712 10016439
0b000701 0b00c301 10001 100 1992 2006121756 49552293 10012847
0b000701 0b00c501 10005 100 31606 2023863459 31834271 10015331
0b000001 0b00c101 10001 100 284502 2008354474 47371429 10036534
0b000801 0b00c101 10010 100 42259 2033284029 22469043 10016225
0b000201 0b00cc01 10011 100 60461 2030158489 25599920 10017751
0b000d01 0b00cd01 10003 100 57764 2030644000 25165233 10017523
0b000b01 0b00cd01 10003 100 5254 2022820360 33017274 10013123
0b000b01 0b00c301 10013 100 55051 2034245974 21601414 10017299
0b000501 0b00cb01 10009 100 56937 2031405519 24460752 10017453
0b000901 0b00c701 10005 100 765 2017848343 38037284 10012745
0b000701 0b00c701 10004 100 31071 2009812383 46105071 10015288
0b000501 0b00ce01 10005 100 8671 2024368717 31551042 10013408
0b000501 0b00cd01 10005 100 23082 2018502980 37425655 10014618
0b000301 0b00c701 10003 100 651559 2029041041 26951445 10067308
0b000c01 0b00c201 10005 100 156241 2017086460 38938311 10025782
0b000201 0b00ca01 10010 100 5996 2043726751 12342775 10013182
0b000d01 0b00c601 10002 100 12208 2008147665 47928192 10013706
0b000901 0b00c201 10010 100 170305 2039567739 16511558 10026961
0b000b01 0b00cb01 10005 100 65674 2020060571 36047724 10018187
0b000e01 0b00c601 10003 100 84379 2026137155 29992162 10019756
0b000601 0b00cd01 10004 100 159605 2031384398 24825666 10026062
0b000901 0b00cd01 10004 100 50960 2029307354 26919833 10016952
0b000f01 0b00cc01 10004 100 7446 2021230091 34999440 10013306
0b000401 0b00ca01 10008 100 646976 2023778595 32491390 10066922
0b000f01 0b00c801 10006 100 13614 2036088686 20183969 10013822
0b000c01 0b00c901 10002 100 3335 2012090311 44236241 10012962
0b000201 0b00ca01 10006 100 3841 2022117850 34239910 10013002
0b000901 0b00c501 10009 100 906590 2017761601 38605012 10088690
0b000b01 0b00cb01 10006 100 46836 2029697126 26688505 10016607
0b000001 0b00c101 10008 100 3543 2019107336 37304110 10012978
0b000a01 0b00ce01 10003 100 34364 2035172065 21277727 10015563
0b000601 0b00ce01 10007 100 4341 2032334785 24160025 10013046
0b000001 0b00c501 10005 100 40237 2027827202 28679802 10016056
0b000201 0b00c701 10002 100 453172 2007412972 49099452 10050677
0b000e01 0b00cc01 10011 100 13211 2031165144 25356261 10013790
0b000b01 0b00cf01 10004 100 76907 2026719511 29841624 10019128
0b000501 0b00c801 10005 100 10730 2022219167 34344155 10013580
0b000801 0b00c401 10007 100 5145 2034501344 22103542 10013114
0b000c01 0b00c701 10003 100 12027 2012413625 44202063 10013692
0b000801 0b00c901 10009 100 2626 2032295174 24331671 10012901
0b000901 0b00cf01 10013 100 9895 2034236309 22405026 10013510
0b000c01 0b00c001 10006 100 125104 2018304511 38383440 10023172
0b000501 0b00c101 10009 100 375312 2025212064 31477426 10044148
0b000901 0b00c901 10006 100 486557 2032932542 23762144 10053474
0b000201 0b00ca01 10003 100 11513 2010494685 46223325 10013647
0b000001 0b00cc01 10005 100 6583 2022668216 34078927 10013233
0b000301 0b00c401 10012 100 34038 2036480043 20272306 10015537
0b000a01 0b00ca01 10003 100 1193786 2005470509 51429404 10112767
0b000801 0b00c901 10001 100 591733 2013494118 43485073 10062291
0b000101 0b00c501 10004 100 28494 2019389663 37626893 10015070
0b000801 0b00cb01 10006 100 43851 2034215720 22897252 10016357
0b000201 0b00cc01 10005 100 52300 2019425288 37722400 10017067
0b000101 0b00c701 10003 100 49130 2019199502 37969445 10016802
0b000201 0b00cb01 10005 100 28797 2018998821 38181808 10015095
0b000701 0b00cf01 10008 100 7019 2041541028 15683398 10013272
0b000c01 0b00c801 10007 100 5416 2022644262 34598711 10013136
0b000a01 0b00c001 10005 100 7565 2028289103 28958865 10013315
0b000701 0b00cb01 10006 100 26973 2035830173 21436575 10014941
0b000801 0b00cb01 10004 100 47872 2030349186 26920258 10016694
0b000f01 0b00c301 10006 100 90392 2031529364 25742658 10020260
0b000401 0b00cc01 10003 100 164453 2018558287 38729177 10026469
0b000401 0b00cb01 10007 100 79589 2024066990 33224044 10019354
0b000501 0b00c001 10011 100 26429 2035647807 21677225 10014898
0b000501 0b00c001 10012 100 24141 2035685416 21664491 10014707
0b000101 0b00ca01 10005 100 9745 2041643439 15754377 10013498
0b000601 0b00c801 10009 100 9524 2023122203 34278926 10013480
0b000e01 0b00cf01 10012 100 9303 2022704078 34702418 10013462
0b000901 0b00c901 10007 100 21936 2033498151 23909560 10014519
0b000f01 0b00cb01 10008 100 421 2028933755 28484309 10012717
0b000801 0b00cc01 10004 100 78303 2013310816 44154874 10019247
0b000d01 0b00cb01 10003 100 7490 2018621866 38845807 10013309
0b000f01 0b00c601 10008 100 11430 2032187635 25292289 10013640
0b000301 0b00c701 10007 100 20946 2035630443 21855066 10014436
0b000b01 0b00c101 10016 100 43421 2041912921 15583745 10016322
0b000f01 0b00c501 10012 100 13333 2025070867 32427229 10013800
0b000801 0b00cd01 10002 100 198951 2008907059 48592113 10029360
0b000501 0b00c701 10000 100 58807 2017568309 39935114 10017611
0b000501 0b00ca01 10009 100 8488 2036102307 21433683 10013393
0b000a01 0b00c601 10007 100 1556 2028936343 28610362 10012812
0b000e01 0b00c801 10004 100 709506 2011901798 45684828 10072166
0b000001 0b00cb01 10004 100 112167 2027615806 29996088 10022087
0b000701 0b00c801 10006 100 6753 2017326247 40303471 10013247
0b000b01 0b00c801 10002 100 1389977 2012969297 44710906 10129215
0b000501 0b00cf01 10002 100 34872 2015513734 42194277 10015604
0b000b01 0b00c101 10011 100 22184 2032898155 24815754 10014543
0b000d01 0b00cf01 10000 100 149116 2011917047 45868472 10025185
0b000e01 0b00cc01 10007 100 72023 2013478425 44316049 10018722
0b000401 0b00ce01 10007 100 2809 2029337627 28461341 10012916
0b000d01 0b00c701 10004 100 64562 2020199794 37608013 10018094
0b000001 0b00cd01 10008 100 5024 2020497393 37328594 10013104
0b000601 0b00c101 10002 100 58333 2013528631 44321401 10017573
0b000601 0b00cb01 10007 100 8753 2033861873 24015558 10013414
0b000901 0b00c601 10002 100 813073 2010215253 47667248 10080851
0b000901 0b00c501 10010 100 84930 2020302678 37629119 10019800
0b000301 0b00c501 10002 100 5698 2011499477 46443726 10013158
0b000501 0b00cd01 10002 100 126398 2011593394 46359264 10023279
0b000d01 0b00cb01 10009 100 497744 2023428083 34524969 10054411
0b000c01 0b00c201 10013 100 9977 2033990053 23977097 10013516
0b000b01 0b00cc01 10007 100 52317 2030996717 26973364 10017068
0b000801 0b00c601 10008 100 2450 2037357139 20638120 10012887
0b000d01 0b00c901 10011 100 17747 2036413231 21617664 10014168
0b000a01 0b00cb01 10002 100 21761 2014065656 43983408 10014505
0b000401 0b00cb01 10010 100 52349 2045306404 12758653 10017071
0b000f01 0b00c901 10001 100 977970 2007221218 50871400 10094673
0b000c01 0b00c101 10011 100 27434 2041651199 16448727 10014982
0b000201 0b00ce01 10005 100 414733 2018428066 39692497 10047452
0b000401 0b00c101 10007 100 27594 2029794148 28332022 10014995
0b000901 0b00cb01 10007 100 22324 2034152869 23974885 10014554
0b000701 0b00c301 10008 100 77257 2027819483 30310097 10019160
0b000e01 0b00c901 10004 100 2262 2021222568 36969485 10012872
0b000c01 0b00c001 10011 100 67238 2033422014 24952433 10018320
0b000901 0b00c401 10003 100 54976 2019215586 39159608 10017289
0b000601 0b00ce01 10003 100 63115 2011443449 46968179 10017974
0b000e01 0b00c101 10008 100 7971 2020964123 37501378 10013348
0b000c01 0b00c701 10001 100 1138052 2004631285 53846049 10108097
0b000201 0b00cb01 10009 100 68399 2036075542 22422014 10018416
0b000e01 0b00cf01 10011 100 148521 2020765851 37739337 10025133
0b000801 0b00cf01 10004 100 39783 2028942439 29601768 10016016
0b000c01 0b00ce01 10002 100 26035 2010511627 48038677 10014866
0b000701 0b00c901 10003 100 45774 2011631361 46945721 10016518
0b000601 0b00c101 10005 100 77031 2025625198 32984762 10019142
0b000d01 0b00c401 10010 100 436832 2019206945 39413181 10049304
0b000e01 0b00cd01 10000 100 5643303 2000813838 57823777 10485817
0b000801 0b00cc01 10010 100 2566 2037903456 20801071 10012896
0b000e01 0b00cb01 10007 100 20406 2038113733 20595151 10014393
0b000001 0b00ce01 10003 100 22292 2019316787 39422923 10014551
0b000a01 0b00c601 10005 100 21324 2023405775 35359045 10014470
0b000001 0b00c501 10004 100 52771 2026035461 32729665 10017105
0b000a01 0b00cb01 10008 100 24280 2035963456 22854174 10014718
0b000101 0b00c801 10000 100 1925907 2009960990 48896937 10174148
0b000001 0b00c701 10009 100 63087 2033762761 25121453 10017972
0b000401 0b00c601 10006 100 63066 2035635466 23275694 10017971
0b000501 0b00c001 10008 100 44412 2023247952 35666683 10016405
0b000001 0b00ca01 10007 100 5815 2033781595 25138129 10013168
0b000901 0b00c401 10004 100 27592 2035999034 22931309 10014994
0b000001 0b00cd01 10006 100 367192 2020054463 38884788 10043468
0b000701 0b00cb01 10000 100 171842 2009919796 49048164 10027087
0b000b01 0b00ca01 10004 100 93934 2023037654 35933857 10020555
0b000a01 0b00c801 10003 100 3008 2027965786 31011758 10012936
0b000901 0b00cd01 10000 100 1493378 2002693637 56290100 10137887
0b000a01 0b00c801 10004 100 20372 2032517138 26467081 10014390
0b000701 0b00c701 10011 100 48141 2026055225 32932956 10016719
0b000c01 0b00c301 10005 100 61678 2034110778 24919526 10017852
0b000a01 0b00c301 10003 100 2504358 2003829671 55202190 10222647
0b000401 0b00c901 10006 100 8196 2027121672 31943666 10013370
0b000701 0b00c701 10014 100 36475 2038145275 20979305 10015740
0b000201 0b00cd01 10005 100 168776 2020616652 38552652 10026831
0b000f01 0b00ce01 10006 100 12791 2027418119 31777446 10013753
0b000901 0b00c201 10006 100 7242 2022530705 36715869 10013290
0b000901 0b00ce01 10003 100 3224 2015259452 44002931 10012953
0b000f01 0b00c601 10007 100 35588 2030637519 28626328 10015665
0b000901 0b00ce01 10006 100 581 2026606070 32659694 10012730
0b000801 0b00c001 10010 100 835 2037139021 22183017 10012750
0b000101 0b00c601 10000 100 5393 2013137919 46188549 10013134
0b000901 0b00c601 10004 100 224250 2017132002 42196046 10031484
0b000401 0b00c201 10009 100 1806 2035473479 23855312 10012832
0b000d01 0b00c301 10012 100 66481 2032500941 26835833 10018255
0b000901 0b00c601 10009 100 52838 2034352111 24987133 10017110
0b000001 0b00c401 10007 100 26254 2035275036 24067692 10014884
0b000d01 0b00c901 10008 100 5999 2030536811 28808653 10013182
0b000401 0b00c801 10005 100 46804 2033469017 25949256 10016604
0b000701 0b00cd01 10006 100 79778 2023639354 35782746 10019369
0b000b01 0b00cd01 10004 100 2304 2026767105 32661062 10012875
0b000701 0b00cd01 10007 100 17405 2024711144 34732596 10014141
0b000f01 0b00ca01 10010 100 41558 2036955069 22490238 10016165
0b000501 0b00c901 10004 100 25748 2031231167 28223811 10014839
0b000201 0b00c201 10011 100 66257 2041643940 17852664 10018237
0b000101 0b00cb01 10004 100 47586 2029699474 29798360 10016671
0b000b01 0b00c001 10002 100 99680 2021740944 37773794 10021038
0b000d01 0b00c401 10015 100 24431 2043344536 16191706 10014730
0b000801 0b00c701 10001 100 837242 2011858107 47679593 10082877
0b000d01 0b00c201 10005 100 23989 2031226729 28317515 10014691
0b000b01 0b00c301 10014 100 191711 2035273230 24296991 10028754
0b000801 0b00cd01 10009 100 773111 2017801631 41768718 10077501
0b000301 0b00c001 10006 100 41465 2035295040 24295611 10016158
0b000a01 0b00c201 10004 100 189177 2021524159 38089193 10028543
0b000801 0b00c501 10005 100 57889 2027488196 32153712 10017533
0b000301 0b00cc01 10003 100 6719 2017130927 42574357 10013244
0b000801 0b00c801 10001 100 71620 2016924550 42787115 10018686
0b000f01 0b00c101 10009 100 987 2034769849 24948666 10012762
0b000801 0b00c501 10008 100 72463 2033879735 25876876 10018757
0b000f01 0b00c001 10010 100 35150 2034926936 24912634 10015630
0b000b01 0b00c901 10004 100 138085 2014590564 45260947 10024260
0b000901 0b00ce01 10009 100 2485 2030755760 29096994 10012890
0b000601 0b00c701 10006 100 8191 2016217167 43649629 10013369
0b000401 0b00cb01 10004 100 45124 2011889280 48057004 10016466
0b000001 0b00c301 10004 100 10064 2024399631 35548986 10013527
0b000001 0b00c201 10001 100 1273182 2008280345 51685635 10119426
0b000401 0b00c001 10008 100 35125 2031589732 28381638 10015628
0b000801 0b00c101 10004 100 1653683 2011900513 48090715 10151326
0b000501 0b00c501 10004 100 24510 2031774614 28217927 10014736
0b000201 0b00c201 10003 100 76114 2018463420 41568659 10019064
0b000901 0b00c001 10009 100 6649 2033711337 26331908 10013238
0b000801 0b00c101 10007 100 208900 2022337400 37741667 10030194
0b000101 0b00ca01 10006 100 11200 2047647508 12440118 10013622
0b000e01 0b00c801 10003 100 739218 2011432452 48692703 10074659
0b000701 0b00ce01 10001 100 70738 2010282471 49846241 10018611
0b000401 0b00c001 10007 100 67185 2030459994 29682879 10018315
0b000101 0b00c701 10004 100 88307 2021367981 38875133 10020086
0b000b01 0b00c101 10012 100 49036 2033334330 26939841 10016794
0b000601 0b00c901 10008 100 182365 2032738263 27563506 10027971
0b000101 0b00c901 10007 100 30716 2038246581 22057411 10015256
0b000401 0b00ca01 10002 100 10127 2010527908 49810770 10013532
0b000801 0b00c601 10002 100 22475 2016394769 43976072 10014566
0b000f01 0b00c701 10002 100 40323 2012762495 47623084 10016063
0b000301 0b00c701 10006 100 74875 2035028570 25369945 10018958
0b000401 0b00cf01 10006 100 469 2026194647 34284842 10012721
0b000101 0b00c301 10004 100 8527 2028481386 32010145 10013396
0b000b01 0b00c001 10007 100 274560 2039928973 20663074 10035700
0b000c01 0b00c301 10003 100 29293 2024830790 35813396 10015138
0b000601 0b00ca01 10004 100 28562 2032737942 27920271 10015076
0b000501 0b00c501 10003 100 4413 2028114775 32543795 10013052
0b000001 0b00c201 10003 100 671859 2021951387 38792167 10069009
0b000f01 0b00c601 10006 100 9415 2023475831 37272361 10013471
0b000d01 0b00c101 10002 100 1297626 2010669748 50175592 10121474
0b000b01 0b00c301 10006 100 57619 2023588419 37280472 10017512
0b000201 0b00c601 10009 100 28188 2025488429 35419642 10015046
0b000701 0b00c301 10012 100 76279 2046329360 14581928 10019078
0b000a01 0b00cb01 10004 100 335029 2018672194 42290380 10040772
0b000701 0b00c201 10008 100 5843 2028168226 32812171 10013170
0b000601 0b00c601 10007 100 6997 2035310244 25681091 10013266
0b000e01 0b00cf01 10016 100 68883 2027742711 33274739 10018455
0b000901 0b00c101 10010 100 6959 2034576871 26476700 10013263
0b000f01 0b00ce01 10005 100 25737 2025083938 35984269 10014838
0b000a01 0b00c301 10011 100 40470 2037961885 23111707 10016075
0b000b01 0b00cc01 10005 100 806990 2025457062 35632619 10080338
0b000301 0b00cd01 10003 100 3594 2027170304 33928018 10012982
0b000301 0b00c801 10004 100 59838 2032669922 28476309 10017697
0b000801 0b00c501 10004 100 40193 2023941869 37215510 10016052
0b000501 0b00ca01 10005 100 69402 2019973974 41210171 10018500
0b000f01 0b00c001 10014 100 32515 2038460069 22743736 10015407
0b000e01 0b00c701 10003 100 788534 2018856348 42359265 10078792
0b000b01 0b00c101 10013 100 1220 2036822717 24400012 10012785
0b000801 0b00c001 10004 100 19810 2024481349 36749113 10014341
0b000f01 0b00c401 10004 100 7007 2037522602 23848304 10013271
0b000601 0b00c301 10004 100 7277 2013642647 47736903 10013292
0b000d01 0b00c001 10010 100 7401 2041310193 20076554 10013302
0b000201 0b00ce01 10004 100 49891 2017818901 43569979 10016863
0b000401 0b00c101 10011 100 18118 2036894666 24501997 10014202
0b000c01 0b00c801 10005 100 706632 2018668166 42742524 10071925
0b000501 0b00c701 10001 100 79087 2027003521 34410884 10019314
0b000201 0b00cc01 10010 100 33318 2028222551 33250190 10015476
0b000d01 0b00ce01 10001 100 44143 2012753490 48728343 10016384
0b000001 0b00c501 10006 100 1864 2033891242 27611516 10012836
0b000601 0b00cf01 10004 100 178152 2012985929 48519431 10027619
0b000001 0b00cc01 10001 100 1798368 2007847697 53665863 10163457
0b000101 0b00c201 10004 100 13004 2033590647 27975873 10013774
0b000c01 0b00c001 10009 100 71991 2027598463 33975812 10018715
0b000101 0b00c001 10013 100 58730 2036248952 25329787 10017604
0b000301 0b00c401 10002 100 1616947 2008802377 52832016 10148245
0b000a01 0b00ca01 10004 100 893550 2008781912 52862087 10087596
0b000f01 0b00c501 10010 100 169628 2022974376 38708165 10026903
0b000c01 0b00ce01 10004 100 8812 2014423433 47280903 10013419
0b000601 0b00c801 10014 100 46113 2039454588 22268899 10016549
0b000d01 0b00ca01 10003 100 81744 2030708317 31032814 10019534
0b000c01 0b00cc01 10007 100 79178 2038082349 23708991 10019321
0b000401 0b00c101 10008 100 49158 2031816404 29980354 10016804
0b000a01 0b00c401 10009 100 9047 2037647799 24172953 10013442
0b000201 0b00c201 10009 100 61733 2036163138 25676131 10017856
0b000401 0b00cb01 10006 100 251483 2019890905 41969661 10033766
0b000001 0b00c201 10008 100 60576 2036772483 25119132 10017760
0b000301 0b00c201 10011 100 9633 2046322101 15600773 10013489
0b000c01 0b00c201 10009 100 25354 2024338950 37599389 10014808
0b000701 0b00c501 10001 100 25386 2005259570 56689338 10014810
0b000e01 0b00cf01 10018 100 40829 2039276333 22686568 10016103
0b000b01 0b00ce01 10005 100 40200 2027124732 34877571 10016053
0b000e01 0b00c101 10009 100 29172 2025495403 36511977 10015128
0b000c01 0b00c701 10007 100 28656 2024357879 37709574 10015083
0b000801 0b00c801 10003 100 29621 2039268046 22822665 10015164
0b000301 0b00c001 10007 100 57507 2037375658 24721168 10017503
0b000701 0b00c601 10010 100 24522 2027729835 34419405 10014737
0b000001 0b00ca01 10010 100 393589 2040447369 21788111 10045680
0b000c01 0b00c901 10008 100 924 2034679038 27563517 10012757
0b000401 0b00ca01 10012 100 58753 2041378545 20881622 10017606
0b000b01 0b00c301 10001 100 13478 2006024588 56245616 10013812
0b000401 0b00c201 10007 100 174065 2030983371 31300607 10027277
0b000701 0b00cc01 10008 100 177214 2032007853 30278551 10027540
0b000e01 0b00cb01 10002 100 1470 2019493387 42815326 10012805
0b000f01 0b00cc01 10005 100 210183 2022862562 39485308 10030304
0b000f01 0b00c901 10009 100 76774 2038138465 24230584 10019117
0b000601 0b00c601 10001 100 2348318 2005005763 57403899 10209565
0b000501 0b00cb01 10007 100 18061 2028149689 34278850 10014197
0b000d01 0b00c101 10006 100 30791 2039986215 22488623 10015262
0b000101 0b00ca01 10003 100 55174 2023706709 38791863 10017308
0b000101 0b00c001 10012 100 143989 2034884562 27615346 10024752
0b000c01 0b00c201 10004 100 149757 2015933062 46574179 10025236
0b000801 0b00ce01 10008 100 44137 2031968367 30539025 10016383
0b000c01 0b00c601 10012 100 32244 2041685261 20850938 10015386
0b000801 0b00c001 10005 100 14519 2025695110 36844611 10013899
0b000201 0b00cb01 10006 100 590 2020234632 42334034 10012731
0b000201 0b00c201 10005 100 66533 2022468272 40131986 10018259
0b000301 0b00c601 10001 100 70767 2012658012 49963701 10018614
0b000101 0b00c101 10003 100 1499797 2012856456 49871042 10138423
0b000001 0b00c901 10007 100 8481 2028681082 34047016 10013393
0b000a01 0b00c701 10006 100 682941 2023966339 38780165 10069938
0b000c01 0b00c401 10003 100 801339 2013988835 48758133 10079866
0b000701 0b00cb01 10005 100 34907 2035815497 26956415 10015606
0b000001 0b00cd01 10007 100 21790 2020328881 42492011 10014507
0b000201 0b00ca01 10007 100 14389 2024589643 38241988 10013888
0b000801 0b00c801 10004 100 27096 2040051671 22955071 10014955
0b000501 0b00c001 10009 100 48007 2025226335 37819723 10016708
0b000801 0b00cd01 10007 100 712390 2013072728 49981833 10072409
0b000201 0b00c701 10000 100 1475050 2002415099 60646210 10136351
0b000b01 0b00ce01 10007 100 59913 2030835173 32231414 10017703
0b000201 0b00c101 10006 100 73938 2027740838 35357607 10018879
0b000901 0b00c701 10009 100 40909 2039721557 23421616 10016110
0b000501 0b00c801 10002 100 2410 2019138293 44044000 10012884
0b000101 0b00c501 10010 100 55205 2036439258 26748831 10017311
0b000701 0b00ce01 10002 100 14657 2017760233 45447718 10013910
0b000501 0b00c501 10002 100 633064 2022150158 41066971 10065759
0b000101 0b00c501 10007 100 5461 2029153913 34066033 10013139
0b000e01 0b00cf01 10013 100 96444 2027120524 36121744 10020768
0b000901 0b00ca01 10012 100 2604 2040824703 22433348 10012899
0b000501 0b00cf01 10006 100 38179 2028808820 34461674 10015884
0b000f01 0b00c901 10014 100 23761 2040845024 22442425 10014673
0b000301 0b00c401 10005 100 1143124 2020683597 42603989 10108522
0b000d01 0b00c201 10002 100 42140 2014523281 48778967 10016216
0b000701 0b00ca01 10006 100 2921 2051088271 12220968 10012925
0b000801 0b00ce01 10005 100 14963 2019612298 43727189 10013934
0b000001 0b00cc01 10011 100 28173 2037232873 26125442 10015045
0b000701 0b00c401 10009 100 3475 2030548825 32810507 10012973
0b000101 0b00c001 10005 100 754897 2017138393 46235058 10075970
0b000201 0b00cf01 10011 100 65406 2033447579 29938521 10018165
0b000801 0b00ca01 10005 100 29934 2020238426 43155001 10015189
0b000c01 0b00cb01 10008 100 27923 2047059358 16396038 10015021
0b000f01 0b00ce01 10012 100 11754 2047746292 15714888 10013666
0b000701 0b00c001 10008 100 38903 2037138065 26337410 10015942
0b000401 0b00c601 10005 100 15879 2027916746 35567024 10014011
0b000f01 0b00cc01 10009 100 35694 2033630480 29876290 10015673
0b000101 0b00c201 10002 100 28231 2014319069 49217820 10015049
0b000301 0b00cd01 10005 100 29421 2035516952 28036689 10015148
0b000301 0b00c301 10008 100 45297 2043112015 20454239 10016480
0b000601 0b00ca01 10001 100 64982 2024025861 39613529 10018128
0b000a01 0b00c101 10009 100 188 2048378154 15263490 10012698
0b000601 0b00c001 10009 100 70094 2036835074 26809763 10018560
0b000801 0b00cf01 10006 100 29084 2040478897 23236803 10015121
0b000801 0b00c001 10008 100 9624 2033690367 30037868 10013488
0b000901 0b00cb01 10002 100 21498 2015549196 48222018 10014484
0b000501 0b00cb01 10008 100 2924 2029844810 33945247 10012925
0b000c01 0b00c001 10010 100 67502 2030796204 33011770 10018341
0b000401 0b00c701 10006 100 54298 2047331253 16497265 10017235
0b000601 0b00c001 10010 100 1563 2040027332 23843175 10012812
0b000401 0b00c801 10007 100 2108 2039595439 24283597 10012860
0b000901 0b00c601 10008 100 178816 2033597352 30308143 10027672
0b000101 0b00c901 10006 100 44839 2035222001 28711215 10016439
0b000501 0b00c601 10009 100 68357 2035404655 28537509 10018413
0b000101 0b00cc01 10007 100 51144 2028875172 35100103 10016971
0b000a01 0b00cd01 10013 100 10287 2051542512 12433649 10013545
0b000501 0b00ce01 10006 100 25008 2026731741 37290720 10014780
0b000001 0b00ce01 10005 100 16973 2039702544 24322007 10014103
0b000901 0b00ce01 10015 100 3470 2048772758 15269744 10012972
0b000e01 0b00cf01 10009 100 76851 2018813038 45314789 10019123
0b000f01 0b00c101 10006 100 440 2026714260 37421457 10012719
0b000401 0b00c401 10002 100 13551 2042883767 21268219 10013817
0b000a01 0b00cf01 10007 100 198662 2033410348 30793162 10029337
0b000501 0b00cf01 10003 100 43871 2016996967 47230858 10016358
0b000f01 0b00c201 10007 100 54848 2026936581 37382682 10017279
0b000801 0b00ce01 10003 100 17384 2016400079 47973699 10014139
0b000f01 0b00cb01 10007 100 70499 2028758616 35643152 10018592
0b000801 0b00c901 10007 100 57046 2027170968 37246603 10017466
0b000601 0b00c101 10011 100 20342 2043966446 20451777 10014388
0b000e01 0b00ca01 10003 100 68590 2020388701 44030799 10018432
0b000b01 0b00c901 10010 100 71609 2038309556 26118969 10018685
0b000c01 0b00c801 10003 100 1453796 2015561939 48893061 10134567
0b000201 0b00cb01 10008 100 5788 2028319749 36146783 10013166
0b000b01 0b00c401 10005 100 36477 2033752994 30720671 10015740
0b000201 0b00ca01 10008 100 61875 2028162349 36323559 10017868
0b000201 0b00c901 10005 100 172408 2023892936 40610673 10027136
0b000b01 0b00cc01 10013 100 168935 2045136832 19375680 10026843
0b000d01 0b00c901 10010 100 9771 2035332572 29251344 10013500
0b000201 0b00cd01 10009 100 3081 2044633063 19958857 10012941
0b000401 0b00c301 10005 100 48548 2048358299 16262563 10016752
0b000f01 0b00c001 10005 100 45059 2015576069 49067039 10016461
0b000c01 0b00cc01 10001 100 2264395 2006160109 58493556 10202529
0b000201 0b00c901 10007 100 25215 2040212894 24446182 10014797
0b000c01 0b00c201 10014 100 14593 2035349157 29328644 10013905
0b000a01 0b00ca01 10010 100 24527 2048797469 15944527 10014738
0b000601 0b00c701 10004 100 1073158 2010104758 54637525 10102656
0b000701 0b00cb01 10010 100 13858 2040995938 23758496 10013842
0b000501 0b00c501 10007 100 23376 2042343264 22419890 10014642
0b000a01 0b00c101 10008 100 81116 2042187656 22621474 10019484
0b000e01 0b00cc01 10014 100 12103 2040724158 24100712 10013698
0b000c01 0b00c901 10003 100 8887 2016153575 48683926 10013425
0b000d01 0b00c701 10005 100 17482 2026858955 37986114 10014147
0b000a01 0b00c101 10006 100 128476 2037424326 27421048 10023453
0b000101 0b00cb01 10003 100 45105 2022994977 41863964 10016465
0b000a01 0b00cd01 10007 100 192683 2028578534 36297219 10028835
0b000601 0b00c301 10005 100 230878 2019171088 45720277 10032037
0b000401 0b00ca01 10005 100 1290365 2013506508 51406479 10120866
0b000e01 0b00cc01 10010 100 24870 2030585738 34350401 10014765
0b000801 0b00c401 10008 100 1314 2042393430 22551827 10012792
0b000801 0b00c501 10007 100 6234 2030528576 34438093 10013205
0b000d01 0b00c601 10004 100 1572239 2010361512 54608795 10144499
0b000301 0b00c401 10010 100 48268 2030919439 34068421 10016729
0b000b01 0b00ca01 10006 100 63212 2029750336 35238299 10017982
0b000701 0b00c701 10012 100 12798 2031572543 33421463 10013753
0b000601 0b00c101 10006 100 42131 2027479000 37557279 10016215
0b000b01 0b00ca01 10007 100 190762 2038750567 26299413 10028674
0b000d01 0b00ce01 10003 100 34471 2028667872 36400565 10015572
0b000301 0b00c401 10013 100 65564 2041666273 23425750 10018178
0b000801 0b00c301 10005 100 112807 2038178116 26936943 10022138
0b000a01 0b00c201 10009 100 47706 2041437597 23702846 10016680
0b000f01 0b00c201 10011 100 7405 2040907633 24250980 10013303
0b000201 0b00c201 10008 100 247500 2032752061 32418282 10033432
0b000001 0b00c801 10007 100 21592 2032941672 32252148 10014491
0b000601 0b00c501 10006 100 60449 2040754589 24531413 10017750
0b000001 0b00c301 10006 100 77918 2029637187 35706814 10019212
0b000301 0b00cd01 10009 100 8963 2041834924 23574064 10013431
0b000801 0b00c001 10002 100 319854 2017222338 48221346 10039497
0b000901 0b00c101 10011 100 67676 2039396791 26051541 10018355
0b000801 0b00cc01 10009 100 65841 2029942366 35522011 10018200
0b000d01 0b00c001 10008 100 11638 2037672376 27843305 10013657
0b000901 0b00cc01 10007 100 73446 2037283368 28241504 10018839
0b000201 0b00cb01 10003 100 26834 2015919826 49610925 10014930
0b000001 0b00c301 10009 100 3162 2053171156 12383872 10012948
0b000501 0b00cc01 10008 100 562453 2031404316 34160787 10059838
0b000001 0b00c701 10007 100 7354 2029620399 35947859 10013299
0b000801 0b00c401 10004 100 41599 2022027292 43542959 10016169
0b000701 0b00cd01 10002 100 1116271 2008035459 57538042 10106270
0b000301 0b00cd01 10006 100 70338 2038516278 27066143 10018579
0b000001 0b00c501 10001 100 28110 2019908499 45690169 10015040
0b000c01 0b00c501 10005 100 24227 2037485382 28158017 10014714
0b000301 0b00cb01 10005 100 914542 2018343654 47310753 10089356
0b000f01 0b00ca01 10012 100 7784 2045348716 20322474 10013333
0b000801 0b00cd01 10010 100 10080 2022450142 43238630 10013528
0b000701 0b00c701 10008 100 4316 2015832506 49865376 10013044
0b000e01 0b00c501 10000 100 1729428 2004234224 61490949 10157677
0b000b01 0b00c901 10011 100 64913 2043829398 21932943 10018122
0b000b01 0b00c801 10010 100 24633 2042686345 23077920 10014746
0b000a01 0b00c901 10018 100 22888 2042597676 23170173 10014599
0b000c01 0b00cf01 10002 100 147402 2029976476 35816370 10025040
0b000801 0b00c301 10003 100 348634 2031259879 34538743 10041910
0b000001 0b00c201 10009 100 133957 2038218060 27584370 10023911
0b000701 0b00cf01 10005 100 5239 2023560529 42269103 10013122
0b000c01 0b00c201 10012 100 28071 2031531810 34299779 10015037
0b000c01 0b00c301 10007 100 73506 2036599588 29241696 10018844
0b000f01 0b00ca01 10009 100 9308 2032765157 33078727 10013463
0b000801 0b00ce01 10007 100 60063 2028763233 37117505 10017719
0b000601 0b00c801 10002 100 1268963 2010706474 55185354 10119070
0b000e01 0b00c501 10006 100 33445 2020080747 45889924 10015486
0b000e01 0b00cd01 10008 100 163377 2041466827 24540889 10026379
0b000a01 0b00ce01 10004 100 46942 2036458466 29598051 10016615
0b000c01 0b00c701 10005 100 68729 2020802282 45258868 10018443
0b000f01 0b00c901 10013 100 46452 2040604538 25492598 10016576
0b000f01 0b00c101 10011 100 12993 2040014702 26109960 10013769
0b000e01 0b00ca01 10005 100 185 2021288354 44915472 10012698
0b000d01 0b00cd01 10002 100 42996 2027684369 38545621 10016284
0b000501 0b00c401 10006 100 34845 2041947566 24318959 10015602
0b000601 0b00c401 10006 100 76590 2025998390 40281020 10019102
0b000601 0b00c601 10010 100 45668 2050450925 15848988 10016510
0b000701 0b00c701 10016 100 6886 2043709290 22604876 10013257
0b000201 0b00c001 10002 100 335526 2016560859 49756956 10040812
0b000a01 0b00c401 10007 100 184 2023538728 42789334 10012698
0b000d01 0b00c401 10012 100 1820 2030364710 35965304 10012833
0b000c01 0b00c601 10005 100 77440 2020455972 45874196 10019174
0b000401 0b00ca01 10016 100 3478 2050838449 15492363 10012973
0b000901 0b00c601 10007 100 97484 2030698255 35684146 10020855
0b000001 0b00c801 10008 100 1654 2033397385 32985102 10012820
0b000d01 0b00c401 10013 100 413265 2031932079 34458871 10047330
0b000b01 0b00ce01 10009 100 6971 2039896509 26538769 10013264
0b000a01 0b00c801 10005 100 7297 2039892392 26555856 10013294
0b000b01 0b00c901 10009 100 174805 2038240569 28224420 10027336
0b000901 0b00c201 10011 100 21893 2043150661 23323179 10014515
0b000a01 0b00c501 10004 100 12282 2031757355 34718507 10013712
0b000401 0b00cd01 10004 100 482146 2033834446 32661609 10053106
0b000d01 0b00cc01 10013 100 22984 2053456932 13057393 10014607
0b000d01 0b00c301 10016 100 34623 2045292052 21234290 10015584
0b000401 0b00c701 10003 100 599651 2014220581 52318671 10062956
0b000001 0b00c101 10004 100 8081 2010542045 56091909 10013361
0b000b01 0b00c501 10001 100 30411 2008892256 57796495 10015231
0b000301 0b00cd01 10004 100 915 2033869923 32830869 10012757
0b000501 0b00c801 10004 100 29998 2020722130 46010025 10015195
0b000a01 0b00c701 10004 100 14121 2018496595 48236314 10013867
0b000201 0b00c201 10012 100 18270 2042132973 24608499 10014214
0b000f01 0b00ca01 10004 100 48083 2017703314 49077007 10016714
0b000801 0b00c801 10002 100 1707 2030236235 36570576 10012824
0b000701 0b00c801 10014 100 11609 2042504640 24302490 10013654
0b000501 0b00cf01 10009 100 29348 2039091151 27880867 10015143
0b000901 0b00ce01 10012 100 7555 2035119309 31855705 10013315
0b000e01 0b00ce01 10006 100 50550 2028318238 38658717 10016919
0b000601 0b00c701 10009 100 67176 2030904631 36080538 10018315
0b000001 0b00ca01 10006 100 62069 2032301846 34705610 10017887
0b000401 0b00c801 10006 100 22804 2034672943 32344063 10014592
0b000f01 0b00ce01 10010 100 20858 2042785155 24279408 10014429
0b000601 0b00c101 10012 100 61406 2044694928 22371986 10017830
0b000101 0b00cd01 10007 100 31182 2024560355 42515070 10015297
0b000c01 0b00c301 10002 100 44811 2021404063 45675721 10016437
0b000601 0b00c501 10007 100 9286 2042090609 25003828 10013461
0b000801 0b00c401 10005 100 19481 2024073067 43029464 10014315
0b000901 0b00ca01 10005 100 153395 2016819105 50365010 10025542
0b000801 0b00c101 10008 100 441566 2024792869 42454821 10049702
0b000c01 0b00c801 10010 100 104031 2040375453 26883185 10021405
0b000b01 0b00c101 10014 100 4212 2036997169 30270906 10013036
0b000101 0b00c401 10002 100 6878 2043195494 24108493 10013257
0b000601 0b00c701 10008 100 74745 2027611895 39732808 10018947
0b000001 0b00cf01 10006 100 70284 2028197234 39147543 10018575
0b000e01 0b00c001 10009 100 3192 2039733422 27635272 10012950
0b000201 0b00cc01 10009 100 467937 2027675261 39751507 10051912
0b000701 0b00c501 10002 100 1386724 2009617983 57809640 10128944
0b000201 0b00c101 10012 100 975 2047332908 20117677 10012761
0b000101 0b00c001 10011 100 29900 2029898898 37592923 10015187
0b000601 0b00cf01 10008 100 647319 2027721794 39796347 10066953
0b000f01 0b00c001 10012 100 77611 2037454252 30092875 10019188
0b000e01 0b00cb01 10009 100 48254 2042582093 24984768 10016728
0b000e01 0b00ca01 10007 100 35803 2024787636 42792612 10015682
0b000c01 0b00c301 10001 100 48042 2009485879 58097665 10016711
0b000f01 0b00c501 10011 100 832 2023015529 44568520 10012750
0b000601 0b00c801 10016 100 70857 2046243963 21351485 10018621
0b000701 0b00cd01 10008 100 64327 2032072687 35548199 10018075
0b000601 0b00c801 10011 100 20332 2025329058 42303608 10014387
0b000201 0b00c101 10011 100 8346 2043510498 24128047 10013382
0b000501 0b00c801 10006 100 57529 2034541826 33115714 10017505
0b000a01 0b00cb01 10003 100 598658 2014310878 53355878 10062872
0b000401 0b00cf01 10007 100 2691 2029970393 37701787 10012906
0b000901 0b00c101 10014 100 459 2041192344 26495151 10012720
0b000b01 0b00c001 10008 100 6447 2044809878 22877875 10013222
0b000a01 0b00cb01 10001 100 372338 2007121746 60574253 10043899
0b000001 0b00c101 10012 100 220406 2042048804 25688348 10031161
0b000f01 0b00c101 10012 100 26838 2042977676 24784252 10014930
0b000f01 0b00ce01 10009 100 309555 2037612674 30158581 10038634
0b000501 0b00c301 10006 100 9197 2018350081 49422345 10013454
0b000401 0b00c201 10008 100 20870 2032332500 35452274 10014430
0b000e01 0b00c701 10006 100 236150 2037525591 30293580 10032482
0b000101 0b00c701 10005 100 46244 2024956428 42882819 10016560
0b000201 0b00ce01 10008 100 55079 2031874423 36057409 10017301
0b000b01 0b00c301 10012 100 628931 2029845020 38092073 10065409
0b000b01 0b00c101 10010 100 557230 2032136153 35835922 10059401
0b000101 0b00c001 10007 100 268526 2021137704 46845827 10035195
0b000701 0b00c901 10011 100 484 2052963828 15032416 10012722
0b000e01 0b00c901 10005 100 1365 2026443913 41561642 10012796
0b000301 0b00ce01 10006 100 28561 2035778103 32237934 10015076
0b000a01 0b00cf01 10009 100 77865 2043116468 24926850 10019208
0b000101 0b00c101 10011 100 3649 2045646995 22429146 10012987
0b000a01 0b00c901 10010 100 4623 2020894473 47199982 10013069
0b000301 0b00c801 10005 100 9399 2035925283 32249081 10013470
0b000301 0b00c601 10007 100 21691 2026054799 42138544 10014499
0b000601 0b00ca01 10005 100 30278 2034465662 33758358 10015221
0b000801 0b00c001 10007 100 89255 2032635611 35634342 10020166
0b000e01 0b00cd01 10002 100 19523 2022961399 45313586 10014318
0b000001 0b00cc01 10016 100 13519 2052834819 15460196 10013815
0b000b01 0b00cc01 10009 100 31459 2033066456 35228620 10015319
0b000801 0b00ca01 10010 100 4625 2045224156 23078938 10013069
0b000601 0b00c301 10010 100 35113 2034749452 33588445 10015627
0b000c01 0b00cf01 10005 100 55176 2043082340 25264834 10017309
0b000b01 0b00c001 10009 100 112004 2045274990 23090656 10022074
0b000b01 0b00c801 10005 100 888690 2021233560 47199166 10087188
0b000801 0b00c101 10002 100 1924223 2010106352 58339674 10174009
0b000c01 0b00c001 10012 100 198095 2037107384 31387815 10029291
0b000701 0b00cd01 10010 100 54312 2054860784 13679961 10017236
0b000501 0b00c901 10008 100 72539 2050123237 18446782 10018763
0b000101 0b00c701 10008 100 177971 2036313852 32308437 10027601
0b000f01 0b00c301 10012 100 2558 2040598888 28045134 10012896
0b000301 0b00c201 10004 100 277711 2018827731 49820377 10035964
0b000301 0b00c701 10005 100 176981 2033734503 35009550 10027518
0b000001 0b00c701 10011 100 1991 2045316022 23438286 10012846
0b000b01 0b00c401 10014 100 931 2056761697 12016659 10012758
0b000b01 0b00c401 10010 100 169397 2042095479 26762507 10026884
0b000a01 0b00cd01 10009 100 79288 2041406936 27475284 10019330
0b000401 0b00ce01 10004 100 585233 2016569673 52329497 10061748
0b000101 0b00cd01 10011 100 33934 2038569540 30352752 10015525
0b000701 0b00c401 10010 100 66563 2032624112 36309800 10018262
0b000901 0b00c401 10006 100 74821 2043918762 25103786 10018953
0b000f01 0b00c101 10005 100 61935 2019152569 49881901 10017872
0b000501 0b00c001 10016 100 2888 2044971434 24090666 10012922
0b000901 0b00c601 10006 100 27166 2026073993 42994732 10014960
0b000201 0b00c901 10010 100 3043 2056413145 12660246 10012938
0b000401 0b00ca01 10009 100 689582 2031020835 38058258 10070496
0b000501 0b00c701 10005 100 167226 2041854432 27276529 10026703
0b000b01 0b00c901 10006 100 495828 2017444821 51695203 10054250
0b000801 0b00c701 10014 100 3774 2053432084 15711169 10012997
0b000b01 0b00cc01 10004 100 6174 2020803200 48417951 10013200
0b000101 0b00ca01 10010 100 375 2056731958 12508601 10012713
0b000701 0b00c601 10008 100 72222 2024953340 44290079 10018738
0b000d01 0b00c801 10012 100 5347 2053890840 15361413 10013130
0b000801 0b00ca01 10009 100 170569 2031735986 37520704 10026982
0b000101 0b00cf01 10007 100 96346 2033056209 36213265 10020760
0b000701 0b00ca01 10004 100 6877 2035139175 34177137 10013257
0b000901 0b00cd01 10007 100 19553 2038628484 30715826 10014321
0b000b01 0b00ca01 10008 100 6306 2038890523 30463664 10013211
0b000201 0b00c701 10010 100 20098 2045328157 24099031 10014368
0b000401 0b00c201 10005 100 137455 2024695267 44769947 10024206
0b000901 0b00cd01 10005 100 7181 2032725609 36739984 10013285
0b000b01 0b00cc01 10014 100 45433 2045550187 23930565 10016491
0b000301 0b00cc01 10009 100 7671 2046955581 22589660 10013324
0b000101 0b00cf01 10006 100 21770 2019845918 49726749 10014506
0b000101 0b00c501 10011 100 36749 2041018334 28661309 10015762
0b000901 0b00c901 10004 100 68823 2021617444 48076190 10018450
0b000401 0b00cc01 10012 100 6621 2054299612 15396301 10013236
0b000c01 0b00c001 10008 100 46798 2023953650 45749377 10016604
0b000201 0b00c601 10007 100 25992 2023323348 46396184 10014859
0b000001 0b00c101 10002 100 148962 2008874544 60845062 10025169
0b000701 0b00c201 10009 100 8812 2045908795 23826535 10013419
0b000c01 0b00c201 10021 100 8915 2054237826 15532299 10013427
0b000801 0b00cf01 10007 100 15216 2046216037 23564640 10013958
0b000e01 0b00c801 10008 100 8914 2033767920 36018573 10013427
0b000d01 0b00c301 10015 100 26407 2042984431 26854048 10014896
0b000f01 0b00c401 10003 100 4791 2036554746 33315568 10013082
0b000701 0b00c801 10008 100 59284 2019686545 50206152 10017653
0b000001 0b00c401 10008 100 184549 2038672196 31244052 10028154
0b000301 0b00c301 10006 100 56116 2031284863 38647514 10017388
0b000401 0b00c001 10011 100 327050 2042825461 27119468 10040103
0b000101 0b00cd01 10009 100 8502 2032243116 37706016 10013394
0b000301 0b00ce01 10011 100 25216 2056830516 13119830 10014797
0b000e01 0b00cc01 10013 100 9127 2036513654 33443237 10013448
0b000a01 0b00c701 10012 100 64648 2041652009 28336074 10018101
0b000e01 0b00ce01 10008 100 45379 2036918324 33072230 10016486
0b000001 0b00c101 10009 100 154824 2022120484 47875076 10025661
0b000f01 0b00c101 10007 100 171963 2033625478 36393674 10027097
0b000101 0b00ce01 10012 100 27820 2035376751 34650481 10015013
0b000601 0b00c801 10004 100 619123 2015396870 54641272 10064590
0b000a01 0b00c901 10008 100 1378857 2014546594 55518219 10128283
0b000a01 0b00cb01 10006 100 786199 2021758118 48324102 10078598
0b000601 0b00c001 10018 100 6221 2054888191 15215506 10013204
0b000901 0b00c801 10010 100 78842 2044808172 25315403 10019290
0b000b01 0b00c601 10006 100 36909 2039261937 30900182 10015774
0b000501 0b00cb01 10011 100 19966 2042173179 28038323 10014354
0b000e01 0b00c901 10007 100 49970 2034997150 35226792 10016869
0b000201 0b00ce01 10006 100 64592 2026041144 44249450 10018096
0b000401 0b00c101 10010 100 43901 2034137439 36208973 10016361
0b000401 0b00cb01 10015 100 44682 2053763597 16631721 10016427
0b000601 0b00c801 10017 100 30037 2054497855 15902883 10015202
0b000201 0b00cd01 10003 100 353478 2007920704 62530543 10042317
0b000801 0b00c301 10001 100 1251991 2017770962 52685830 10117646
0b000701 0b00c601 10004 100 670405 2020711502 49748034 10068889
0b000801 0b00c001 10009 100 53292 2035828769 34677260 10017150
0b000c01 0b00c901 10012 100 36538 2046654365 23862614 10015745
0b000c01 0b00c601 10006 100 4036 2024192434 46347046 10013022
0b000501 0b00cd01 10004 100 4521 2014374777 56179467 10013060
0b000b01 0b00c401 10006 100 123329 2033957006 36612530 10023022
0b000501 0b00c801 10007 100 22350 2038089182 32482107 10014556
0b000401 0b00ca01 10006 100 1269531 2016204456 54498954 10119119
0b000801 0b00c301 10008 100 58512 2056433715 14270424 10017587
0b000d01 0b00cc01 10007 100 47457 2030077455 40628879 10016660
0b000501 0b00cb01 10005 100 65524 2022707950 48032822 10018175
0b000d01 0b00c401 10014 100 53899 2035561003 35239504 10017199
0b000901 0b00c501 10012 100 23732 2023777819 47045058 10014670
0b000601 0b00ca01 10008 100 2482 2047274827 23561890 10012890
0b000601 0b00c001 10012 100 78154 2043845011 26998638 10019235
0b000901 0b00cc01 10008 100 646 2045253479 25619498 10012735
0b000001 0b00c501 10003 100 199517 2024770283 46125072 10029409
0b000901 0b00cf01 10012 100 42354 2033711183 37226208 10016233
0b000901 0b00c101 10008 100 39587 2026017250 44960322 10016000
0b000c01 0b00c101 10015 100 40655 2056768093 14216449 10016089
0b000401 0b00ca01 10013 100 38243 2044150861 26834587 10015889
0b000601 0b00c801 10010 100 9004 2025175560 45817051 10013438
0b000201 0b00c901 10006 100 23400 2024096601 46897501 10014644
0b000901 0b00cc01 10005 100 5563 2034545476 36487266 10013148
0b000d01 0b00c401 10018 100 10512 2046872496 24195141 10013563
0b000801 0b00c201 10006 100 29200 2022226900 48845833 10015131
0b000401 0b00cc01 10001 100 1548908 2012214127 58868969 10142540
0b000a01 0b00c501 10005 100 8691 2034704615 36379127 10013409
0b000501 0b00cc01 10009 100 2886 2035519970 35628403 10012922
0b000a01 0b00cc01 10006 100 10189 2036790748 34379226 10013537
0b000401 0b00c901 10007 100 4311 2033354591 37844318 10013044
0b000f01 0b00c201 10012 100 178800 2045374542 25924165 10027671
0b000401 0b00c101 10009 100 9760 2033506265 37847804 10013499
0b000501 0b00cd01 10010 100 29393 2043200525 28182793 10015146
0b000701 0b00ce01 10006 100 201775 2030979603 40424896 10029597
0b000c01 0b00c601 10007 100 79447 2024549165 46871455 10019342
0b000d01 0b00ce01 10012 100 2388 2058793640 12638373 10012882
0b000801 0b00c701 10010 100 24272 2038692585 32743814 10014717
0b000601 0b00cc01 10004 100 337129 2042392800 29049368 10040948
0b000601 0b00ce01 10008 100 36586 2034036015 37430174 10015748
0b000301 0b00c701 10004 100 69378 2032757641 38719029 10018499
0b000c01 0b00c801 10009 100 2256 2038014541 33465313 10012872
0b000c01 0b00cb01 10007 100 33541 2046526789 24978820 10015493
0b000301 0b00cc01 10011 100 8597 2058784456 12771672 10013402
0b000901 0b00cd01 10009 100 46265 2046215097 25417712 10016561
0b000d01 0b00c601 10010 100 323801 2031242152 40403708 10039828
0b000f01 0b00c901 10015 100 63990 2042001151 29679463 10018044
0b000701 0b00c401 10000 100 2266738 2004384200 67343988 10202724
0b000401 0b00cf01 10012 100 9994 2046985674 24803323 10013517
0b000b01 0b00c301 10009 100 30307 2027090433 44801977 10015223
0b000901 0b00ca01 10008 100 1289683 2019556866 52355171 10120808
0b000401 0b00c001 10012 100 248660 2044109580 27804938 10033528
0b000f01 0b00c501 10007 100 58526 2013082393 58910441 10017588
0b000801 0b00ce01 10013 100 30847 2048057893 23973295 10015266
0b000901 0b00c801 10012 100 463 2051966514 20065006 10012720
0b000d01 0b00ce01 10005 100 30987 2044558467 27477833 10015278
0b000d01 0b00c001 10007 100 76845 2032294728 39816117 10019123
0b000401 0b00c501 10011 100 7645 2051725137 20407622 10013322
0b000b01 0b00c201 10005 100 21937 2047240244 24936364 10014519
0b000701 0b00c401 10011 100 74490 2042020996 30171001 10018927
0b000c01 0b00c801 10008 100 7946 2026768017 45463691 10013346
0b000b01 0b00c001 10006 100 24966 2035400391 36847587 10014773
0b000401 0b00c901 10010 100 29247 2045396402 26865014 10015134
0b000901 0b00ca01 10013 100 66756 2046025819 26322004 10018277
0b000a01 0b00c101 10001 100 61338 2022690034 49662635 10017825
0b000301 0b00c201 10008 100 338055 2032087375 40337675 10041026
0b000101 0b00c901 10009 100 35205 2043696278 28808425 10015634
0b000301 0b00cd01 10010 100 56406 2043824691 28697113 10017411
0b000401 0b00cc01 10005 100 72510 2033977697 38688510 10018761
0b000e01 0b00c501 10011 100 23597 2040024256 32687856 10014659
0b000201 0b00c401 10006 100 65255 2042921144 29793421 10018153
0b000601 0b00c101 10008 100 76403 2039615197 33205874 10019087
0b000d01 0b00c601 10006 100 432590 2017666794 55209939 10048949
0b000001 0b00c001 10007 100 6091 2049594904 23306973 10013194
0b000c01 0b00c301 10011 100 64710 2058007008 14924155 10018106
0b000a01 0b00c201 10010 100 4425 2052767439 20175097 10013053
0b000601 0b00c301 10011 100 12812 2037168255 35774680 10013754
0b000a01 0b00cc01 10007 100 53776 2039085690 33952345 10017189
0b000701 0b00c701 10017 100 76875 2047073698 25985837 10019125
0b000801 0b00c101 10012 100 277 2038742725 34323810 10012706
0b000701 0b00cb01 10009 100 23061 2040768644 32315334 10014617
0b000a01 0b00c101 10005 100 40369 2035762252 37378631 10016066
0b000f01 0b00c201 10013 100 81203 2047124194 26019546 10019491
0b000401 0b00c901 10003 100 58227 2013051524 60107045 10017564
0b000001 0b00ca01 10009 100 8950 2039121737 34040883 10013430
0b000901 0b00c801 10011 100 5070 2046035552 27140493 10013108
0b000e01 0b00c901 10014 100 25648 2059688347 13498927 10014831
0b000901 0b00cc01 10006 100 4541 2036798047 36426750 10013062
0b000b01 0b00cb01 10009 100 3613 2036755121 36477856 10012984
0b000e01 0b00c001 10007 100 837779 2016703086 56560388 10082920
0b000001 0b00cc01 10014 100 29639 2045025530 28263321 10015166
0b000201 0b00cc01 10002 100 8523 2016486303 56810266 10013396
0b000401 0b00c101 10012 100 508 2039658580 33679443 10012724
0b000c01 0b00ce01 10007 100 104131 2047099423 26266539 10021413
0b000701 0b00ca01 10003 100 32310 2029991106 43416121 10015391
0b000601 0b00c401 10010 100 60699 2040172613 33235875 10017770
0b000601 0b00c401 10009 100 73702 2036480592 36928697 10018860
0b000101 0b00ce01 10010 100 198809 2023957658 49462291 10029348
0b000001 0b00cd01 10011 100 175474 2057027112 16393010 10027393
0b000d01 0b00cb01 10010 100 26546 2057941893 15516238 10014907
0b000501 0b00c701 10006 100 20932 2049718321 23745668 10014435
0b000201 0b00c901 10009 100 25198 2049553287 23921473 10014795
0b000c01 0b00c001 10014 100 14630 2049618643 23869488 10013908
0b000701 0b00c901 10007 100 64992 2031161646 42353404 10018128
0b000301 0b00cd01 10007 100 23613 2039362495 34215753 10014661
0b000801 0b00cd01 10011 100 37588 2030457268 43128863 10015832
0b000b01 0b00c401 10008 100 24596 2036791806 36796884 10014743
0b000401 0b00c801 10008 100 11399 2045847355 27747154 10013638
0b000101 0b00c001 10014 100 21154 2037529591 36165692 10014456
0b000301 0b00cd01 10008 100 41441 2039786481 33934020 10016156
0b000901 0b00c101 10015 100 52805 2041845565 31898055 10017107
0b000501 0b00c301 10013 100 74817 2046786996 26967267 10018953
0b000d01 0b00c301 10014 100 2815 2041756486 32026063 10012916
0b000701 0b00c601 10014 100 28335 2052620742 21212899 10015058
0b000501 0b00c601 10005 100 1106799 2020257763 53579593 10105474
0b000b01 0b00c401 10011 100 62999 2046054843 27788814 10017961
0b000801 0b00c601 10006 100 15498 2029561086 44285598 10013981
0b000201 0b00c001 10004 100 3880 2031840097 42020817 10013005
0b000501 0b00cc01 10015 100 51580 2051252778 22627084 10017006
0b000d01 0b00c201 10007 100 28530 2039426954 34452996 10015073
0b000701 0b00c601 10007 100 3610 2024582168 49344710 10012984
0b000b01 0b00cf01 10009 100 11877 2049440487 24553117 10013676
0b000001 0b00c601 10003 100 52370 2014109192 59893766 10017073
0b000201 0b00c701 10007 100 29099 2027401065 46646176 10015123
0b000001 0b00cd01 10010 100 2455 2036434524 37629875 10012887
0b000301 0b00cb01 10009 100 62782 2037342564 36723776 10017944
0b000f01 0b00c501 10015 100 289679 2050375509 23736181 10036967
0b000801 0b00cc01 10008 100 9591 2027414804 46814971 10013485
0b000a01 0b00c101 10007 100 67505 2038351372 35905510 10018341
0b000b01 0b00c301 10016 100 1631 2039863104 34397434 10012818
0b000f01 0b00cc01 10010 100 41173 2046101004 28168843 10016135
0b000801 0b00ca01 10011 100 74197 2048810303 25501994 10018903
0b000501 0b00cf01 10007 100 278253 2030902758 43444106 10036011
0b000b01 0b00ce01 10011 100 57066 2049119785 25258726 10017468
0b000901 0b00c701 10011 100 20103 2053436533 20952367 10014368
0b000601 0b00ca01 10006 100 12108 2036715248 37684878 10013698
0b000f01 0b00cf01 10002 100 17369 2046143198 28299060 10014138
0b000001 0b00c901 10014 100 69027 2049436430 25029048 10018470
0b000a01 0b00c001 10004 100 68533 2024777059 49717740 10018427
0b000401 0b00c601 10008 100 15596 2039921800 34612901 10013989
0b000201 0b00c501 10004 100 32693 2035620189 38937160 10015422
0b000701 0b00c101 10006 100 3985 2032451996 42171388 10013014
0b000f01 0b00ce01 10007 100 39002 2028120919 46546113 10015953
0b000c01 0b00ce01 10006 100 133779 2046831839 27838500 10023896
0b000f01 0b00c501 10013 100 15546 2036766999 37940092 10013985
0b000801 0b00ce01 10012 100 37768 2046489472 28294670 10015847
0b000a01 0b00c001 10007 100 3273 2038678861 36128984 10012957
0b000d01 0b00c601 10009 100 1615 2025416862 49454003 10012816
0b000901 0b00cf01 10011 100 19754 2030692214 44202137 10014337
0b000b01 0b00c201 10007 100 2034 2059088458 15811468 10012854
0b000801 0b00cc01 10013 100 35929 2049470117 25459329 10015692
0b000501 0b00c401 10008 100 43770 2046458878 28493305 10016350
0b000f01 0b00c001 10011 100 58362 2035802864 39158760 10017575
0b000601 0b00c201 10008 100 76489 2046999625 27968882 10019094
0b000201 0b00c501 10005 100 126182 2036703076 38269763 10023262
0b000901 0b00c701 10003 100 68185 2016135466 58851434 10018399
0b000001 0b00cc01 10002 100 1516560 2009893783 65126689 10139830
0b000201 0b00c501 10002 100 125487 2024048771 50989587 10023202
0b000f01 0b00c801 10002 100 469923 2020297191 54768347 10052078
0b000b01 0b00cf01 10010 100 26778 2050508005 24581471 10014925
0b000501 0b00c901 10009 100 23875 2050402563 24689371 10014682
0b000401 0b00cf01 10005 100 1314580 2011725617 63371649 10122896
0b000c01 0b00cb01 10005 100 458937 2035452337 39646909 10051157
0b000c01 0b00c501 10004 100 26272 2036970982 38143487 10014885
0b000e01 0b00c701 10004 100 3671 2033157067 41958601 10012989
0b000d01 0b00c601 10012 100 29347 2046805655 28330794 10015142
0b000301 0b00c401 10014 100 66267 2046684767 28469765 10018238
0b000801 0b00c801 10007 100 1789 2047934066 27226977 10012830
0b000f01 0b00c901 10007 100 309887 2032240370 42927954 10038661
0b000701 0b00c301 10011 100 151689 2046197053 28988093 10025398
0b000a01 0b00ca01 10009 100 36041 2039617332 35597587 10015705
0b000c01 0b00c701 10013 100 178322 2045778442 29459559 10027633
0b000401 0b00c301 10006 100 25989 2053905406 21335653 10014858
0b000201 0b00c301 10008 100 60953 2033364510 41876859 10017790
0b000601 0b00cb01 10005 100 13597 2028838442 46409342 10013821
0b000e01 0b00c501 10012 100 241 2041549772 33723988 10012703
0b000d01 0b00cc01 10004 100 112210 2023845671 51582975 10022090
0b000201 0b00cd01 10008 100 22731 2042637526 32803676 10014586
0b000001 0b00c501 10009 100 6239 2043364808 32078980 10013206
0b000301 0b00c701 10011 100 31798 2047263152 28182940 10015346
0b000401 0b00cf01 10013 100 97182 2049096865 26368981 10020830
0b000c01 0b00ca01 10007 100 67230 2028431917 47042773 10018319
0b000b01 0b00c101 10020 100 8947 2051849754 23632675 10013430
0b000301 0b00ca01 10011 100 155049 2058798636 16700689 10025682
0b000001 0b00c701 10015 100 176205 2056869658 18665032 10027456
0b000a01 0b00cd01 10016 100 13842 2055515386 20146184 10013841
0b000601 0b00c901 10006 100 4589 2032420044 43253517 10013066
0b000c01 0b00c701 10015 100 37043 2050253913 25554944 10015789
0b000c01 0b00c201 10016 100 155756 2047424428 28403064 10025739
0b000d01 0b00ca01 10006 100 77191 2045367838 30483560 10019154
0b000401 0b00ce01 10010 100 9168 2047707608 28157502 10013451
0b000e01 0b00c101 10012 100 69043 2032262134 43612734 10018472
0b000b01 0b00ce01 10008 100 3796 2031777947 44102233 10012999
0b000601 0b00c801 10013 100 30062 2032101754 43781344 10015204
0b000101 0b00cc01 10008 100 2724 2041847778 34035814 10012909
0b000601 0b00c801 10005 100 1081243 2016444179 59455557 10103334
0b000d01 0b00c001 10006 100 447728 2030568242 45402985 10050218
0b000b01 0b00c001 10011 100 71619 2050444865 25533776 10018686
0b000701 0b00c001 10007 100 7371 2035927840 40062935 10013300
0b000b01 0b00ce01 10010 100 66362 2042206858 33817910 10018246
0b000201 0b00c701 10014 100 41771 2061858648 14204172 10016182
0b000901 0b00ca01 10011 100 134616 2038535348 37559176 10023967
0b000901 0b00cb01 10004 100 363431 2025286651 50814022 10043152
0b000101 0b00cd01 10004 100 1321260 2014541867 61559754 10123457
0b000201 0b00c001 10005 100 66914 2046527000 29631868 10018290
0b000401 0b00c701 10007 100 25993 2048958912 27244434 10014859
0b000401 0b00c701 10004 100 22212 2034090786 42166163 10014545
0b000f01 0b00ca01 10013 100 43727 2047641662 28618350 10016347
0b000f01 0b00cd01 10007 100 9829 2048617915 27642503 10013504
0b000401 0b00c101 10006 100 49898 2029133428 47128095 10016863
0b000601 0b00c301 10013 100 5092 2044238188 32024957 10013110
0b000c01 0b00cd01 10008 100 50457 2040964766 35357167 10016912
0b000001 0b00c101 10011 100 29875 2041809381 34522248 10015185
0b000b01 0b00c001 10010 100 185362 2047960771 28391347 10028223
0b000101 0b00cd01 10016 100 24171 2047382105 28992034 10014709
0b000601 0b00c101 10016 100 5163 2051824809 24560528 10013116
0b000c01 0b00c301 10009 100 403274 2040651843 35765310 10046493
0b000101 0b00c301 10001 100 30249 2017129152 59314745 10015218
0b000901 0b00c001 10012 100 70274 2050401148 26102133 10018574
0b000b01 0b00c401 10012 100 31056 2047451616 29075108 10015287
0b000001 0b00c301 10007 100 9530 2038664900 37875932 10013480
0b000801 0b00c401 10012 100 9895 2052229897 24336031 10013510
0b000b01 0b00ce01 10004 100 401391 2024257335 52313249 10046334
0b000201 0b00c401 10005 100 125638 2038595337 38020129 10023214
0b000d01 0b00c001 10012 100 32140 2045254464 31366965 10015377
0b000d01 0b00c801 10010 100 32600 2052650027 24006885 10015414
0b000801 0b00cb01 10007 100 1535 2040251615 36408825 10012810
0b000701 0b00ca01 10005 100 6131 2038857684 37803671 10013197
0b000401 0b00c001 10019 100 2760 2056153371 20517713 10012912
0b000301 0b00ca01 10007 100 43897 2044378360 32306597 10016360
0b000a01 0b00cc01 10009 100 19197 2048979479 27796949 10014292
0b000f01 0b00cf01 10000 100 10100 2034546268 42281691 10013530
0b000d01 0b00cc01 10010 100 23888 2038813671 38035582 10014683
0b000301 0b00cf01 10007 100 125496 2040316264 36559212 10023203
0b000001 0b00c401 10011 100 24974 2044804081 32118089 10014773
0b000001 0b00c801 10012 100 1158 2050049894 26895325 10012780
0b000c01 0b00c601 10011 100 2906 2037374504 39584977 10012924
0b000d01 0b00cf01 10008 100 53214 2051115650 25867679 10017144
0b000501 0b00c401 10004 100 22020 2034132447 42863003 10014529
0b000f01 0b00c601 10010 100 120790 2048820746 28176340 10022807
0b000a01 0b00c201 10008 100 31977 2039794013 37285083 10015361
0b000e01 0b00c101 10015 100 75702 2050680607 26413083 10019028
0b000c01 0b00cc01 10009 100 5628 2049584170 27514734 10013153
0b000901 0b00c901 10009 100 42951 2042680820 34424611 10016281
0b000401 0b00c901 10009 100 59684 2039734284 37398146 10017685
0b000c01 0b00c301 10010 100 65053 2050628709 26504220 10018137
0b000c01 0b00c201 10011 100 21738 2027410017 49777387 10014503
0b000001 0b00c401 10010 100 81139 2044623913 32568884 10019486
0b000101 0b00c601 10007 100 177205 2050142538 27097858 10027539
0b000a01 0b00c101 10003 100 55640 2032423179 44818063 10017346
0b000501 0b00cf01 10011 100 62114 2050411637 26842108 10017891
0b000e01 0b00ca01 10008 100 712566 2025776293 51499276 10072423
0b000301 0b00c701 10008 100 70542 2040451099 36828260 10018596
0b000601 0b00c001 10015 100 5896 2046540121 30755232 10013174
0b000201 0b00c501 10006 100 26282 2042412473 34887575 10014886
0b000001 0b00c801 10013 100 17907 2053147898 24200606 10014181
0b000f01 0b00c401 10006 100 13458 2046300490 31082155 10013810
0b000101 0b00ca01 10008 100 44168 2048706553 28683429 10016386
0b000e01 0b00c101 10011 100 27469 2031058330 46351209 10014985
0b000901 0b00c001 10011 100 2462 2044145802 33276911 10012888
0b000d01 0b00c701 10006 100 58048 2029975702 47453935 10017550
0b000701 0b00c101 10008 100 10021 2053798741 23633378 10013523
0b000101 0b00c101 10010 100 615 2035538429 41910758 10012733
0b000301 0b00cd01 10013 100 3760 2053551568 23934202 10012996
0b000001 0b00cc01 10007 100 16477 2027697751 49811032 10014063
0b000f01 0b00c901 10008 100 65646 2033901650 43611374 10018185
0b000f01 0b00cd01 10005 100 125547 2043069084 34444689 10023207
0b000101 0b00c801 10007 100 1375 2039952382 37563598 10012797
0b000001 0b00c001 10008 100 13572 2062389671 15129355 10013819
0b000301 0b00cc01 10010 100 142253 2050269876 27267913 10024609
0b000401 0b00cd01 10003 100 883646 2031558571 46023709 10086766
0b000d01 0b00c401 10016 100 8780 2043441597 34143489 10013416
0b000e01 0b00c501 10013 100 9604 2045784076 31801498 10013486
0b000401 0b00c301 10012 100 7624 2064613696 13017233 10013320
0b000501 0b00c801 10008 100 65195 2038945119 38689903 10018149
0b000e01 0b00c001 10010 100 230361 2047400999 30348431 10031995
0b000701 0b00ca01 10002 100 5020 2028077419 49695617 10013104
0b000601 0b00c801 10015 100 27406 2039767734 38022375 10014980
0b000301 0b00ca01 10008 100 601 2053531143 24304377 10012731
0b000601 0b00cd01 10008 100 29892 2049936968 28008420 10015186
0b000b01 0b00cf01 10014 100 72865 2056081471 21864726 10018789
0b000501 0b00ca01 10014 100 43005 2061279375 16685859 10016289
0b000b01 0b00c801 10014 100 9399 2057850880 20119666 10013470
0b000c01 0b00c101 10007 100 172219 2029022632 48984462 10027121
0b000101 0b00c701 10012 100 89962 2047689118 30342438 10020222
0b000a01 0b00c201 10003 100 595494 2012917177 65114477 10062608
0b000b01 0b00c701 10005 100 7072 2034181623 43862523 10013276
0b000201 0b00c101 10009 100 384711 2038234536 39823567 10044935
0b000c01 0b00c901 10007 100 1114524 2022277991 55814412 10106123
0b000101 0b00cb01 10006 100 75981 2041806170 36296735 10019050
0b000301 0b00c301 10005 100 42373 2030618920 47513234 10016234
0b000801 0b00c901 10006 100 477086 2022497727 55667043 10052682
0b000301 0b00c801 10007 100 7182 2040602251 37585219 10013285
0b000501 0b00cf01 10005 100 55085 2027221004 51022173 10017301
0b000301 0b00cc01 10006 100 52803 2027860750 50386284 10017107
0b000501 0b00c801 10011 100 152502 2051621304 26635708 10025467
0b000601 0b00ce01 10012 100 45836 2052166927 26099431 10016523
0b000301 0b00cc01 10005 100 69170 2020834245 57441250 10018482
0b000c01 0b00c001 10013 100 12145 2040160996 38114896 10013701
0b000301 0b00c501 10006 100 34068 2037855377 40563345 10015539
0b000d01 0b00cc01 10016 100 41291 2062566390 15881272 10016144
0b000d01 0b00c201 10009 100 19225 2053544577 24940295 10014294
0b000c01 0b00c901 10013 100 4840 2047638887 30859232 10013086
0b000f01 0b00c101 10013 100 30222 2053314283 25257873 10015216
0b000c01 0b00c701 10010 100 32463 2031951123 46669282 10015403
0b000501 0b00c601 10008 100 43535 2032133525 46548600 10016331
0b000501 0b00c001 10021 100 24885 2064930937 13767982 10014766
0b000401 0b00c101 10014 100 30206 2042310896 36403517 10015215
0b000b01 0b00cf01 10005 100 820108 2028929286 49791935 10081441
0b000d01 0b00c901 10015 100 38228 2045576834 33174014 10015888
0b000601 0b00c201 10006 100 3891 2038762964 40000153 10013006
0b000d01 0b00c501 10009 100 8134 2054378867 24468404 10013365
0b000a01 0b00c801 10008 100 7425 2051100787 27794576 10013304
0b000601 0b00cf01 10015 100 6313 2051453014 27462381 10013211
0b000e01 0b00c301 10006 100 57916 2050275438 28641137 10017536
0b000401 0b00c001 10010 100 17595 2040958133 38011837 10014156
0b000d01 0b00c601 10011 100 44041 2043663541 35317509 10016376
0b000801 0b00c701 10015 100 27334 2054139693 24881162 10014974
0b000501 0b00c001 10018 100 45722 2049893754 29132414 10016514
0b000e01 0b00cb01 10010 100 10147 2050449211 28595440 10013534
0b000401 0b00cc01 10008 100 67025 2044105634 34949923 10018303
0b000b01 0b00ca01 10011 100 5790 2054911699 24231668 10013166
0b000b01 0b00c701 10003 100 425787 2029365225 49780640 10048378
0b000201 0b00c901 10004 100 271068 2023090444 56056133 10035409
0b000c01 0b00c501 10003 100 14739 2036683430 42467992 10013916
0b000d01 0b00ca01 10009 100 33206 2050936710 28253676 10015467
0b000b01 0b00c401 10007 100 48733 2035837058 43386610 10016766
0b000801 0b00c901 10011 100 5904 2042551555 36697639 10013175
0b000101 0b00cf01 10009 100 23253 2041058923 38251419 10014632
0b000c01 0b00cf01 10006 100 79940 2049464237 29850617 10019382
0b000e01 0b00c601 10005 100 63216 2046792968 32648457 10017983
0b000b01 0b00c101 10021 100 39841 2054197320 25254442 10016020
0b000201 0b00c801 10011 100 3716 2058916206 20647810 10012992
0b000601 0b00c801 10008 100 923891 2022023569 57605662 10090139
0b000501 0b00c501 10010 100 26090 2055503152 24126485 10014870
0b000801 0b00c001 10013 100 15561 2055273936 24363763 10013986
0b000201 0b00cc01 10013 100 60874 2035541872 44187420 10017784
0b000301 0b00cb01 10007 100 1563461 2025507622 54232289 10143762
0b000801 0b00c901 10010 100 217065 2039883484 39864471 10030882
0b000e01 0b00c801 10013 100 75917 2063801864 15948875 10019045
0b000501 0b00ce01 10009 100 128970 2047031711 32720977 10023492
0b000f01 0b00c401 10009 100 3912 2055299253 24493021 10013008
0b000001 0b00c401 10006 100 2801 2033862887 45949803 10012915
0b000301 0b00ca01 10005 100 9545 2042086299 37779725 10013482
0b000601 0b00c301 10014 100 32733 2044464790 35440207 10015425
0b000701 0b00c701 10015 100 43292 2041271813 38694901 10016312
0b000701 0b00c001 10009 100 24157 2041821446 38145289 10014708
0b000801 0b00ce01 10011 100 33065 2044823118 35164746 10015455
0b000301 0b00cb01 10010 100 4223 2044366623 35635255 10013037
0b000b01 0b00cb01 10010 100 12649 2037143236 42878639 10013741
0b000301 0b00c601 10017 100 31625 2054957566 25071881 10015332
0b000e01 0b00ca01 10010 100 71568 2036366633 43673420 10018681
0b000b01 0b00c301 10005 100 1142198 2018501810 61598474 10108444
0b000a01 0b00cd01 10015 100 911 2052613458 27531027 10012756
0b000a01 0b00c001 10006 100 29471 2035151037 45008929 10015152
0b000401 0b00c601 10011 100 2865 2048111138 32064731 10012920
0b000b01 0b00ca01 10013 100 34857 2055248041 24958642 10015602
0b000701 0b00c901 10006 100 25512 2030255475 50048537 10014820
0b000601 0b00c401 10005 100 1444271 2011917984 68393396 10133770
0b000601 0b00ce01 10013 100 20306 2055084028 25248002 10014385
0b000801 0b00c501 10011 100 47248 2051214406 29131994 10016644
0b000301 0b00c601 10012 100 23840 2045356813 35007187 10014679
0b000b01 0b00c901 10012 100 40797 2051914023 28450756 10016101
0b000501 0b00c801 10010 100 5975 2042777549 37597574 10013181
0b000701 0b00cb01 10013 100 28012 2043583774 36817284 10015032
0b000c01 0b00c201 10022 100 25565 2056515834 23900807 10014825
0b000a01 0b00c901 10017 100 62312 2036297375 44145287 10017906
0b000a01 0b00c301 10014 100 9969 2052700821 27759054 10013515
0b000201 0b00ce01 10014 100 2611 2067795315 12672270 10012900
0b000d01 0b00c401 10026 100 7359 2066614386 13876744 10013299
0b000001 0b00c701 10014 100 23347 2055534168 24997358 10014639
0b000301 0b00c301 10013 100 39560 2058915535 21625377 10015998
0b000601 0b00c101 10013 100 249536 2045554135 34989156 10033602
0b000301 0b00c601 10004 100 1589949 2019745730 60804250 10145981
0b000f01 0b00c201 10006 100 7576 2024137735 56427342 10013316
0b000201 0b00c801 10006 100 67665 2022054991 58558089 10018354
0b000301 0b00ca01 10006 100 41323 2044356998 36258762 10016147
0b000601 0b00c101 10017 100 10140 2052310954 28352182 10013533
0b000501 0b00c601 10013 100 56258 2045524127 35144933 10017399
0b000201 0b00c501 10007 100 58604 2043090850 37584536 10017594
0b000701 0b00cc01 10009 100 78402 2050658204 30036092 10019255
0b000401 0b00cd01 10006 100 9286 2057339392 23380075 10013461
0b000b01 0b00cf01 10008 100 31095 2048856231 31896050 10015290
0b000f01 0b00c001 10017 100 3298 2056193810 24604580 10012959
0b000d01 0b00ca01 10007 100 59093 2046899848 33921999 10017637
0b000501 0b00c001 10017 100 164059 2049659350 31199562 10026438
0b000601 0b00cc01 10005 100 11341 2046740869 34118823 10013633
0b000a01 0b00cb01 10009 100 4417 2049368872 31499803 10013052
0b000401 0b00c301 10008 100 18370 2060046513 20833798 10014222
0b000001 0b00c601 10009 100 4506 2053753633 27138862 10013059
0b000301 0b00c601 10018 100 31677 2057292743 23643053 10015337
0b000501 0b00ca01 10011 100 79633 2041201381 39748998 10019357
0b000601 0b00c101 10018 100 19886 2052998897 28018474 10014347
0b000201 0b00c501 10009 100 72631 2044666153 36356900 10018770
0b000501 0b00c101 10008 100 28366 2024425354 56628424 10015060
0b000701 0b00c601 10012 100 48455 2043928311 37137851 10016744
0b000501 0b00c301 10010 100 195401 2034958098 46147936 10029064
0b000101 0b00cd01 10015 100 61442 2047333650 33778097 10017833
0b000601 0b00cb01 10012 100 43544 2046473397 34648287 10016332
0b000101 0b00c701 10013 100 28610 2052848666 28309320 10015080
0b000201 0b00c601 10006 100 57103 2020111399 61087034 10017470
0b000401 0b00c101 10004 100 543411 2024690392 56522797 10058241
0b000e01 0b00c901 10006 100 68210 2033587542 47650602 10018401
0b000a01 0b00c301 10009 100 63896 2033251812 47992215 10018037
0b000001 0b00c801 10015 100 76543 2054742221 26508919 10019099
0b000501 0b00ca01 10010 100 12593 2040911624 40372128 10013737
0b000001 0b00cf01 10009 100 100914 2054454401 26844190 10021140
0b000001 0b00ca01 10014 100 35020 2059858463 21457630 10015619
0b000b01 0b00cc01 10015 100 97684 2050879203 30448144 10020871
0b000401 0b00c101 10003 100 1488164 2019720210 61609230 10137450
0b000901 0b00cd01 10011 100 2033 2057130767 24202000 10012854
0b000701 0b00c701 10021 100 49021 2056534119 24848814 10016793
0b000801 0b00c001 10006 100 141068 2032476299 48919384 10024510
0b000c01 0b00ce01 10009 100 75320 2053847037 27553206 10018997
0b000d01 0b00c801 10011 100 27758 2053148957 28255681 10015008
0b000b01 0b00c701 10008 100 3207 2046793355 34627007 10012951
0b000e01 0b00ce01 10013 100 24363 2056395027 25065758 10014725
0b000201 0b00c801 10009 100 21499 2053414775 28071700 10014484
0b000c01 0b00cb01 10009 100 20303 2053433649 28079220 10014384
0b000101 0b00c501 10015 100 2774 2054363296 27214317 10012913
0b000a01 0b00c401 10010 100 18962 2044374168 37250459 10014269
0b000301 0b00c701 10002 100 1665078 2018458868 63316913 10152283
0b000601 0b00ce01 10005 100 24684 2024214784 57569411 10014750
0b000e01 0b00c701 10007 100 129401 2051015784 30777886 10023531
0b000801 0b00c601 10010 100 45568 2056005156 25799309 10016502
0b000e01 0b00c401 10007 100 181321 2055871369 25954303 10027884
0b000001 0b00cc01 10015 100 317550 2051695191 30183959 10039305
0b000201 0b00c401 10009 100 21885 2058147992 23742740 10014515
0b000601 0b00c601 10004 100 1000175 2016642095 65255307 10096537
0b000401 0b00c001 10013 100 21486 2046845912 35051960 10014483
0b000e01 0b00cd01 10006 100 645048 2036984043 44927391 10066764
0b000201 0b00c201 10015 100 26347 2054099852 27884353 10014891
0b000201 0b00ce01 10011 100 103752 2055497286 26490170 10021379
0b000001 0b00c901 10002 100 1819560 2012033905 69953817 10165233
0b000d01 0b00ce01 10011 100 21633 2058467053 23540840 10014495
0b000601 0b00cd01 10009 100 192829 2051219708 30801745 10028847
0b000701 0b00c701 10019 100 33191 2053764735 28269559 10015465
0b000201 0b00c101 10010 100 68159 2041959686 40094035 10018397
0b000f01 0b00cf01 10008 100 2902 2067986057 14101105 10012923
0b000a01 0b00c801 10010 100 37831 2057287030 24867296 10015852
0b000a01 0b00c001 10008 100 38432 2046584741 35570003 10015904
0b000401 0b00c401 10004 100 13128 2054846653 27333352 10013784
0b000f01 0b00cd01 10009 100 1767 2050973149 31223228 10012829
0b000401 0b00c401 10003 100 73136 2053146324 29071717 10018815
0b000e01 0b00c801 10012 100 19417 2046963407 35293680 10014310
0b000c01 0b00c401 10008 100 38260 2046296539 35969025 10015890
0b000c01 0b00ca01 10011 100 78457 2052321962 29969772 10019259
0b000201 0b00ce01 10002 100 1272884 2008252269 74099244 10119399
0b000401 0b00cb01 10011 100 9810 2047010917 35387032 10013503
0b000a01 0b00c901 10016 100 498471 2035967750 46473008 10054473
0b000801 0b00c301 10006 100 10100 2039681169 42790778 10013530
0b000a01 0b00cc01 10008 100 241112 2041959759 40524709 10032898
0b000001 0b00cc01 10004 100 1654066 2016468978 66050220 10151360
0b000a01 0b00c701 10013 100 77138 2046156515 36369490 10019150
0b000401 0b00c001 10020 100 50601 2058536988 24001982 10016923
0b000701 0b00c201 10010 100 37157 2054442241 28098554 10015798
0b000e01 0b00c901 10008 100 38515 2036008476 46540222 10015910
0b000101 0b00ce01 10013 100 78266 2045859743 36691277 10019244
0b000601 0b00cc01 10003 100 31071 2031871761 50684919 10015288
0b000d01 0b00cc01 10008 100 533174 2035783463 46776612 10057384
0b000201 0b00c001 10006 100 12324 2050738622 31852913 10013715
0b000e01 0b00c401 10005 100 26248 2032535267 50068128 10014883
0b000501 0b00c101 10015 100 37587 2057836142 24784331 10015832
0b000d01 0b00c401 10017 100 3100 2044939966 37685272 10012943
0b000601 0b00c301 10015 100 21811 2057730695 24904207 10014509
0b000301 0b00c001 10005 100 975205 2030802195 51839576 10094444
0b000301 0b00c601 10013 100 193759 2047649813 34993455 10028925
0b000b01 0b00c801 10007 100 189015 2036582044 46071735 10028530
0b000301 0b00cb01 10013 100 30228 2053772370 28966572 10015217
0b000e01 0b00cd01 10003 100 6965 2023496387 59254502 10013264
0b000401 0b00ca01 10010 100 85801 2034349031 48438594 10019874
0b000001 0b00c701 10012 100 54229 2047228969 35566848 10017229
0b000501 0b00c201 10005 100 16028 2053886984 28931526 10014027
0b000501 0b00cd01 10009 100 676 2040888809 41941102 10012737
0b000c01 0b00cb01 10011 100 4422 2058110820 24733296 10013052
0b000101 0b00c701 10006 100 606752 2032675364 50206870 10063551
0b000701 0b00c601 10013 100 6538 2047082087 35805778 10013229
0b000601 0b00c901 10016 100 69141 2065972820 16929828 10018480
0b000c01 0b00ca01 10013 100 25682 2068263979 14661817 10014834
0b000a01 0b00c001 10011 100 44809 2049781577 33208579 10016437
0b000d01 0b00ca01 10015 100 42143 2067733988 15262732 10016216
0b000f01 0b00c101 10016 100 6637 2060002850 23029633 10013237
0b000001 0b00c801 10021 100 265681 2065029749 18018395 10034955
0b000401 0b00cb01 10018 100 53319 2061312958 21739872 10017152
0b000d01 0b00c801 10014 100 37717 2059200950 23883407 10015843
0b000601 0b00c901 10017 100 51811 2067002658 16285134 10017024
0b000b01 0b00ce01 10015 100 64228 2057964232 25324336 10018067
0b000001 0b00c501 10010 100 195442 2043637422 39656639 10029068
0b000e01 0b00c501 10014 100 27504 2050389397 32920256 10014987
0b000501 0b00cd01 10012 100 182202 2048145939 35166215 10027958
0b000701 0b00cc01 10011 100 64292 2053934908 29383867 10018072
0b000001 0b00c601 10008 100 158274 2039330987 43990205 10025952
0b000e01 0b00c101 10013 100 46988 2036234195 47098515 10016619
0b000f01 0b00c001 10015 100 3128 2051508597 31829764 10012945
0b000c01 0b00cc01 10010 100 24911 2050316092 33022469 10014768
0b000401 0b00c601 10001 100 1673433 2004774961 78573505 10152982
0b000c01 0b00c501 10008 100 92678 2058843314 24508081 10020451
0b000701 0b00c301 10010 100 75898 2038921568 44444433 10019043
0b000001 0b00cf01 10007 100 1027490 2030982505 52404041 10098826
0b000801 0b00c001 10014 100 5485 2055340694 28108293 10013141
0b000801 0b00c001 10011 100 20315 2048691981 34770262 10014385
0b000101 0b00c701 10014 100 29084 2054954438 28541333 10015121
0b000e01 0b00ca01 10013 100 60129 2054132005 29397984 10017724
0b000601 0b00ce01 10009 100 964 2037938086 45619860 10012760
0b000501 0b00c501 10008 100 6943 2045865995 37708466 10013262
0b000d01 0b00c801 10001 100 2241004 2008645684 74937653 10200569
0b000801 0b00c501 10010 100 9188 2046988188 36601706 10013453
0b000f01 0b00cd01 10004 100 34438 2042909164 40684519 10015569
0b000001 0b00c901 10006 100 7537 2023895800 59739645 10013313
0b000e01 0b00ce01 10010 100 7936 2045914339 37725293 10013345
0b000901 0b00c801 10014 100 2602 2059069105 24600100 10012899
0b000001 0b00cb01 10009 100 164720 2059434679 24276436 10026491
0b000301 0b00cf01 10013 100 7742 2060774186 22943404 10013330
0b000201 0b00ca01 10011 100 13720 2045079798 38680489 10013831
0b000901 0b00c001 10014 100 73004 2053556291 30214530 10018804
0b000401 0b00c501 10013 100 33325 2056021735 27755825 10015476
0b000701 0b00c601 10001 100 1279798 2013017155 70773797 10119979
0b000a01 0b00cd01 10017 100 26923 2055655268 28137876 10014937
0b000101 0b00c501 10014 100 68735 2049254367 34591054 10018443
0b000801 0b00c001 10012 100 28105 2054827767 29066208 10015039
0b000d01 0b00c201 10008 100 262925 2040138627 43762388 10034723
0b000e01 0b00cd01 10005 100 2178 2027767888 56136337 10012865
0b000901 0b00c601 10011 100 49654 2048326211 35614184 10016844
0b000101 0b00cb01 10008 100 68862 2044503494 39474189 10018453
0b000301 0b00c801 10006 100 932181 2039866180 44129604 10090837
0b000e01 0b00cf01 10022 100 16175 2058332093 25702115 10014039
0b000101 0b00cd01 10010 100 34209 2036026281 48026104 10015551
0b000c01 0b00c701 10014 100 20285 2048597172 35465562 10014383
0b000301 0b00c601 10010 100 719105 2036893060 47195431 10072973
0b000501 0b00c801 10012 100 126031 2052052750 32050005 10023250
0b000301 0b00c801 10009 100 9790 2056934229 27199346 10013501
0b000201 0b00cc01 10019 100 44059 2051591462 32542118 10016377
0b000901 0b00c401 10008 100 53787 2045575050 38585067 10017190
0b000901 0b00c401 10007 100 9086 2044968249 39191966 10013445
0b000e01 0b00c301 10005 100 55311 2044067397 40116574 10017319
0b000501 0b00cd01 10013 100 35258 2056004075 28187960 10015638
0b000201 0b00ce01 10013 100 22366 2060465053 23753820 10014557
0b000c01 0b00cf01 10004 100 5739 2042200589 42036988 10013162
0b000d01 0b00ce01 10013 100 7004 2059333134 24953892 10013271
0b000b01 0b00c401 10009 100 9794 2039774009 44557139 10013501
0b000401 0b00ca01 10011 100 954184 2034833449 49588572 10092681
0b000e01 0b00cb01 10013 100 35031 2062332689 22125564 10015620
0b000d01 0b00c001 10013 100 18703 2056417070 28084769 10014249
0b000b01 0b00c501 10003 100 19390 2035811993 48720064 10014308
0b000201 0b00cc01 10012 100 450233 2035138057 49411499 10050430
0b000d01 0b00c601 10005 100 1233362 2016702475 67937602 10116087
0b000301 0b00ce01 10010 100 53195 2056537738 28103551 10017142
0b000d01 0b00c601 10019 100 45460 2062043410 22604425 10016493
0b000401 0b00cc01 10006 100 32327 2034678695 50045311 10015392
0b000001 0b00c101 10014 100 2161 2049593146 35136010 10012864
0b000501 0b00c901 10002 100 1340227 2015442720 69299491 10125047
0b000401 0b00cf01 10011 100 315436 2040359045 44387345 10039128
0b000c01 0b00cd01 10009 100 61720 2043655520 41108539 10017855
0b000e01 0b00c801 10010 100 167257 2041505884 43262921 10026705
0b000101 0b00c001 10019 100 29273 2059278769 25498514 10015137
0b000201 0b00c201 10010 100 55037 2039314586 45524950 10017298
0b000101 0b00cb01 10014 100 20675 2059651484 25253381 10014414
0b000b01 0b00c101 10026 100 79180 2067393136 17519527 10019321
0b000801 0b00c201 10010 100 2703 2050756489 34164345 10012907
0b000601 0b00cb01 10014 100 715 2062023385 22930877 10012741
0b000101 0b00c101 10012 100 47728 2047836059 37195939 10016682
0b000101 0b00cb01 10010 100 8107 2049821388 35219769 10013363
0b000d01 0b00ca01 10011 100 52443 2055887989 29176046 10017078
0b000b01 0b00cf01 10018 100 44692 2071716134 13369920 10016428
0b000001 0b00c001 10006 100 69375 2041285826 43845162 10018498
0b000b01 0b00c201 10006 100 21110 2052830377 32303993 10014453
0b000e01 0b00cf01 10019 100 78398 2045453288 39683560 10019255
0b000c01 0b00ca01 10009 100 36570 2042020418 43116606 10015747
0b000401 0b00c801 10002 100 1258628 2024009255 61148042 10118204
0b000801 0b00c901 10014 100 4596 2049645212 35515178 10013066
0b000a01 0b00c501 10007 100 65303 2046287770 38897395 10018157
0b000a01 0b00c001 10009 100 47512 2046710324 38485923 10016665
0b000c01 0b00c101 10017 100 43094 2069558053 15672561 10016296
0b000e01 0b00c601 10009 100 25683 2070421854 14852098 10014834
0b000f01 0b00c101 10010 100 55063 2037874447 47409580 10017300
0b000d01 0b00c301 10018 100 9364 2050738217 34563246 10013467
0b000a01 0b00c801 10009 100 4735 2053292562 32009463 10013078
0b000501 0b00c601 10017 100 41445 2058442172 26868100 10016156
0b000701 0b00c501 10011 100 74503 2057647772 27666638 10018928
0b000301 0b00c701 10010 100 25480 2043055336 42259245 10014818
0b000d01 0b00c301 10021 100 21843 2059856590 25462218 10014511
0b000801 0b00ce01 10016 100 69436 2058690998 26662605 10018503
0b000a01 0b00c901 10019 100 49243 2056547574 28843707 10016811
0b000601 0b00c001 10017 100 76446 2049920367 35476254 10019091
0b000001 0b00ca01 10012 100 36308 2050467194 34930754 10015726
0b000b01 0b00c801 10012 100 199440 2056193835 29204951 10029403
0b000501 0b00cc01 10014 100 34413 2049269725 36143128 10015567
0b000201 0b00c601 10014 100 26699 2059082915 26330826 10014919
0b000901 0b00c401 10013 100 5320 2057776287 27641938 10013128
0b000001 0b00cf01 10000 100 2726323 2010798269 74623146 10241257
0b000501 0b00c901 10014 100 624 2062462727 22961665 10012733
0b000101 0b00c601 10010 100 28246 2063669491 21773775 10015051
0b000a01 0b00c601 10010 100 810357 2041818491 43649457 10080622
0b000201 0b00cc01 10017 100 55571 2048589022 36887430 10017340
0b000e01 0b00c901 10009 100 11796 2051152792 34379666 10013669
0b000201 0b00c401 10008 100 78844 2051456879 34100800 10019290
0b000a01 0b00c001 10001 100 1042698 2017457306 68139379 10100100
0b000d01 0b00c301 10017 100 7055 2050107226 35492412 10013275
0b000801 0b00cd01 10018 100 5758 2061519940 24131771 10013163
0b000301 0b00c901 10011 100 63642 2071414568 14238687 10018017
0b000501 0b00c601 10018 100 3903 2058444870 27216385 10013007
0b000601 0b00cf01 10012 100 33831 2045979718 39683355 10015517
0b000601 0b00cf01 10013 100 42541 2047304809 38359311 10016248
0b000201 0b00c301 10010 100 62390 2046127594 39589998 10017913
0b000d01 0b00c001 10009 100 671204 2040732650 45050361 10068956
0b000c01 0b00c901 10009 100 63751 2038140207 47655807 10018025
0b000001 0b00c101 10015 100 336355 2050405233 35441610 10040882
0b000c01 0b00c801 10012 100 39437 2057614597 28237399 10015988
0b000b01 0b00c401 10015 100 4264 2065701817 20159251 10013040
0b000701 0b00cd01 10009 100 55511 2049929650 35937204 10017335
0b000801 0b00cf01 10005 100 63590 2038082478 47801044 10018012
0b000b01 0b00c101 10018 100 23565 2048116573 37775391 10014657
0b000d01 0b00c101 10008 100 157910 2045792937 40105877 10025919
0b000e01 0b00c301 10004 100 699514 2040944393 44962108 10071329
0b000701 0b00ca01 10009 100 81737 2060462720 25460548 10019533
0b000d01 0b00cf01 10011 100 46208 2061871119 24074319 10016557
0b000501 0b00ca01 10013 100 13651 2058228832 27769805 10013825
0b000801 0b00cc01 10012 100 4343 2048613415 37419086 10013046
0b000e01 0b00cf01 10008 100 1211281 2016914841 69149236 10114236
0b000901 0b00cf01 10010 100 29966 2029336772 56755124 10015192
0b000301 0b00ce01 10004 100 54980 2025959547 60144334 10017289
0b000201 0b00c501 10011 100 41298 2056861378 29251437 10016145
0b000b01 0b00c801 10004 100 1928573 2018307924 67805465 10174373
0b000701 0b00c501 10007 100 22455 2042911773 43229370 10014564
0b000f01 0b00c201 10018 100 2572 2050934276 35261283 10012897
0b000e01 0b00cd01 10009 100 79827 2049770559 36445861 10019373
0b000c01 0b00c501 10007 100 122813 2054992717 31250107 10022977
0b000201 0b00cc01 10003 100 535646 2017776264 68497613 10057589
0b000f01 0b00c101 10004 100 1229856 2017930248 68371888 10115791
0b000b01 0b00ca01 10010 100 81917 2052427393 33931305 10019548
0b000b01 0b00c601 10004 100 460579 2031125138 55245459 10051296
0b000b01 0b00c101 10015 100 14162 2039443680 46928040 10013870
0b000201 0b00c301 10009 100 75023 2036163195 50216511 10018973
0b000a01 0b00ce01 10007 100 26600 2050165590 36258920 10014911
0b000001 0b00c801 10014 100 9106 2053853129 32574785 10013446
0b000401 0b00c801 10003 100 876522 2028062840 58376516 10086169
0b000f01 0b00cd01 10010 100 22199 2053560899 32895558 10014544
0b000b01 0b00c801 10016 100 64866 2060207495 26339072 10018118
0b000401 0b00c601 10009 100 137646 2041782448 44796160 10024221
0b000e01 0b00cb01 10011 100 70136 2052583702 34079830 10018563
0b000e01 0b00c601 10004 100 180356 2032653314 54048799 10027803
0b000b01 0b00cf01 10011 100 992 2051324113 35385533 10012763
0b000501 0b00c501 10006 100 55872 2040887017 45882026 10017364
0b000401 0b00c301 10009 100 59219 2060655221 26113905 10017647
0b000101 0b00c501 10013 100 40344 2046518945 40298201 10016064
0b000901 0b00cc01 10004 100 983079 2030009122 56816784 10095104
0b000301 0b00c601 10015 100 5701 2051505334 35330488 10013159
0b000d01 0b00c301 10009 100 1703 2027248354 59607932 10012823
0b000801 0b00c201 10012 100 21304 2052154280 34703812 10014468
0b000c01 0b00c501 10006 100 37565 2053101557 33775992 10015831
0b000901 0b00c101 10022 100 52327 2070000357 16992310 10017069
0b000c01 0b00c201 10017 100 22918 2048893979 38108020 10014601
0b000001 0b00c501 10012 100 21335 2060946429 26069872 10014471
0b000401 0b00cf01 10009 100 21764 2036609610 50438652 10014505
0b000601 0b00c101 10014 100 193232 2049350109 37718011 10028883
0b000b01 0b00c001 10004 100 6684 2028914541 58192027 10013241
0b000901 0b00c801 10013 100 44989 2053474914 33678828 10016451
0b000401 0b00cf01 10010 100 173536 2037791254 49367816 10027231
0b000d01 0b00c501 10005 100 28007 2040563394 46658611 10015031
0b000e01 0b00c201 10005 100 153753 2037761108 49471502 10025571
0b000301 0b00cf01 10009 100 47039 2055236995 32039624 10016627
0b000701 0b00c901 10012 100 78548 2057690365 29604003 10019267
0b000301 0b00c701 10014 100 45915 2070557331 16739141 10016529
0b000e01 0b00c401 10010 100 28086 2065016077 22280606 10015038
0b000901 0b00c101 10023 100 5648 2071814665 15507293 10013154
0b000801 0b00cb01 10009 100 49683 2051889481 35462006 10016846
0b000301 0b00c401 10016 100 104512 2059945502 27443738 10021444
0b000b01 0b00ca01 10012 100 4381 2055162453 32229795 10013049
0b000101 0b00c201 10008 100 6323 2071847394 15555971 10013212
0b000801 0b00ca01 10014 100 7369 2067112685 20305732 10013300
0b000601 0b00c301 10017 100 1735 2073447273 13985528 10012826
0b000d01 0b00c601 10015 100 198037 2053403767 34054593 10029287
0b000501 0b00c401 10012 100 32845 2061247783 26252132 10015434
0b000401 0b00c001 10006 100 748495 2029205247 58295637 10075435
0b000001 0b00c801 10016 100 47792 2059566821 27979858 10016687
0b000401 0b00cb01 10017 100 63973 2058368177 29214307 10018043
0b000601 0b00c501 10004 100 571777 2028452483 59172705 10060618
0b000d01 0b00cd01 10008 100 48151 2058648670 29009665 10016720
0b000e01 0b00cd01 10007 100 23144 2039517653 48144854 10014623
0b000f01 0b00c301 10010 100 6362 2037946493 49716069 10013215
0b000101 0b00c701 10011 100 64593 2041875536 45804354 10018097
0b000901 0b00c101 10024 100 22679 2071912038 15800912 10014582
0b000801 0b00c901 10016 100 21283 2066824671 20910455 10014467
0b000701 0b00ce01 10008 100 76050 2051022758 36719192 10019059
0b000d01 0b00ca01 10005 100 30943 2044925774 42937392 10015274
0b000901 0b00c801 10007 100 1408319 2022888087 64993784 10130756
0b000101 0b00c801 10008 100 2856 2043728280 44166160 10012920
0b000a01 0b00c401 10008 100 1005645 2023851658 64048862 10096994
0b000001 0b00cb01 10008 100 5844 2055183299 32734878 10013170
0b000e01 0b00c801 10011 100 63833 2044366955 43673767 10018032
0b000301 0b00c101 10008 100 189410 2066260903 21827251 10028562
0b000301 0b00c601 10016 100 3754 2053716566 34388242 10012995
0b000d01 0b00cb01 10005 100 1032599 2020800755 67307721 10099254
0b000001 0b00c901 10016 100 2280 2053730664 34387091 10012873
0b000501 0b00cb01 10012 100 431571 2045218950 42964925 10048864
0b000401 0b00c101 10013 100 67641 2041608238 46614535 10018352
0b000001 0b00c801 10023 100 137896 2073047197 15181729 10024241
0b000601 0b00ca01 10009 100 44453 2051677885 36583544 10016409
0b000801 0b00c701 10018 100 21174 2060066919 28221478 10014458
0b000901 0b00ca01 10000 100 2617000 2004734872 83555382 10232089
0b000a01 0b00c701 10014 100 292672 2046344457 41962489 10037218
0b000001 0b00cf01 10011 100 141931 2062342323 25974672 10024579
0b000301 0b00cb01 10012 100 30516 2053451701 34895889 10015240
0b000b01 0b00c601 10000 100 2577404 2011834112 76567434 10228771
0b000d01 0b00c801 10013 100 137902 2059041026 29412375 10024242
0b000a01 0b00c901 10006 100 1318528 2010725118 77736720 10123227
0b000a01 0b00c601 10009 100 722477 2035075316 53388791 10073254
0b000f01 0b00ce01 10013 100 61225 2064359629 24132311 10017816
0b000001 0b00c101 10016 100 49723 2060709763 27861730 10016849
0b000301 0b00c101 10005 100 21615 2046121563 42456188 10014493
0b000801 0b00c801 10006 100 191641 2045161739 43456312 10028748
0b000a01 0b00cc01 10010 100 73983 2054652888 33973996 10018882
0b000d01 0b00c601 10020 100 45107 2062052586 26598530 10016465
0b000f01 0b00c201 10017 100 54680 2050621311 38039584 10017265
0b000101 0b00cb01 10015 100 20041 2059965319 28712429 10014363
0b000301 0b00c001 10008 100 598113 2041501407 47254195 10062829
0b000e01 0b00ce01 10012 100 97557 2051493827 37262049 10020860
0b000701 0b00c701 10024 100 313346 2057201172 31589857 10038953
0b000a01 0b00c101 10002 100 7366 2030671040 58129559 10013300
0b000101 0b00c901 10013 100 8528 2063839193 24973128 10013396
0b000c01 0b00ca01 10010 100 172270 2048656275 40190020 10027125
0b000101 0b00c101 10016 100 9752 2062667588 26236197 10013498
0b000601 0b00c401 10011 100 14239 2042672121 46250947 10013876
0b000701 0b00ca01 10007 100 63516 2051348314 37633060 10018007
0b000f01 0b00cb01 10016 100 45216 2073811821 15191318 10016473
0b000101 0b00cf01 10008 100 31768 2038813294 50215186 10015344
0b000801 0b00c401 10010 100 471645 2047892753 41145075 10052224
0b000901 0b00cf01 10009 100 910696 2026643136 62423249 10089033
0b000401 0b00ce01 10013 100 49964 2055819642 33285163 10016869
0b000701 0b00c501 10009 100 58297 2055171968 34005866 10017570
0b000601 0b00c501 10011 100 5463 2054785771 34421124 10013140
0b000801 0b00c201 10013 100 24536 2059503494 29738776 10014738
0b000601 0b00c201 10007 100 57577 2045588514 43680762 10017508
0b000101 0b00cb01 10013 100 9514 2058187694 31139563 10013479
0b000101 0b00c401 10005 100 163721 2048784029 40589209 10026407
0b000b01 0b00c801 10013 100 3540 2057299905 32125145 10012978
0b000201 0b00c701 10011 100 24464 2053501847 35985380 10014733
0b000701 0b00c501 10008 100 199863 2051487444 38015963 10029437
0b000101 0b00ca01 10002 100 1116748 2023602427 65918898 10106309
0b000101 0b00c001 10016 100 45577 2052772422 36804739 10016502
0b000401 0b00ce01 10012 100 26569 2052190138 37393644 10014909
0b000a01 0b00c701 10008 100 1123363 2027581341 62025393 10106865
0b000301 0b00c701 10009 100 64731 2042798815 46841158 10018108
0b000c01 0b00c501 10010 100 72835 2060388330 29290465 10018787
0b000501 0b00cc01 10011 100 35021 2039390880 50309168 10015619
0b000201 0b00c801 10010 100 19010 2056479513 33226656 10014277
0b000501 0b00c001 10014 100 79953 2039261644 50461813 10019383
0b000301 0b00cf01 10008 100 115717 2042120267 47743746 10022382
0b000201 0b00c901 10011 100 30140 2057749623 32140662 10015210
0b000601 0b00c001 10011 100 540146 2040830726 49073834 10057969
0b000c01 0b00ce01 10008 100 136672 2050820327 39118396 10024139
0b000001 0b00ca01 10008 100 804700 2038080558 51864198 10080147
0b000001 0b00c201 10017 100 36913 2076717466 13230604 10015775
0b000301 0b00c301 10014 100 361 2059009414 30948826 10012712
0b000701 0b00c701 10013 100 66261 2038103631 51878549 10018238
0b000401 0b00cc01 10007 100 15206 2043784572 46199153 10013957
0b000801 0b00c701 10008 100 1009826 2030576900 59452779 10097344
0b000301 0b00c001 10010 100 49231 2050253799 39784795 10016810
0b000901 0b00c901 10015 100 8091 2066242890 23797193 10013361
0b000801 0b00c901 10015 100 29529 2053365915 36676057 10015157
0b000501 0b00c701 10012 100 7621 2068533696 21575064 10013320
0b000201 0b00c601 10011 100 7153 2047987718 42183181 10013282
0b000e01 0b00c601 10007 100 27753 2054864446 35316373 10015007
0b000401 0b00c501 10015 100 13718 2063199909 27045016 10013831
0b000101 0b00c001 10017 100 23158 2056998704 33277385 10014624
0b000b01 0b00c501 10005 100 16909 2042911504 47368399 10014098
0b000901 0b00c001 10015 100 381009 2053859058 36434141 10044627
0b000001 0b00c401 10015 100 15266 2064024112 26292310 10013962
0b000e01 0b00c501 10016 100 19850 2063159367 27182948 10014344
0b000701 0b00cf01 10007 100 8246 2040675785 49769539 10013374
0b000b01 0b00c101 10019 100 162964 2051776873 38729467 10026343
0b000401 0b00c001 10023 100 30704 2068099098 22418937 10015255
0b000b01 0b00c001 10012 100 6489 2056283775 34241795 10013226
0b000401 0b00cf01 10016 100 29305 2068171367 22377988 10015139
0b000001 0b00c801 10006 100 784204 2025575809 64982236 10078430
0b000c01 0b00c701 10012 100 31836 2041527961 49031048 10015349
0b000101 0b00ce01 10015 100 2703 2066040372 24572655 10012907
0b000f01 0b00c501 10019 100 2177 2054388222 36245786 10012865
0b000201 0b00cc01 10020 100 3218 2057907092 32747856 10012952
0b000101 0b00c101 10017 100 15946 2066999068 23661986 10014017
0b000f01 0b00c401 10008 100 7407 2054409505 36288326 10013303
0b000c01 0b00cb01 10006 100 8766 2045004867 45694806 10013415
0b000901 0b00cb01 10012 100 23662 2065705547 25007011 10014665
0b000601 0b00c501 10010 100 53235 2054348399 36401475 10017146
0b000101 0b00cf01 10005 100 1469684 2018201812 72560830 10135899
0b000101 0b00cf01 10011 100 60920 2063740377 27043154 10017787
0b000901 0b00c501 10024 100 15 2067245112 23580490 10012685
0b000301 0b00cd01 10014 100 1005 2056219537 34664478 10012768
0b000201 0b00c001 10008 100 7270 2066083563 24806333 10013292
0b000c01 0b00c401 10009 100 35437 2047917089 42982369 10015653
0b000b01 0b00ca01 10003 100 678432 2022674834 68232291 10069561
0b000101 0b00c901 10016 100 32127 2077062997 13867352 10015376
0b000501 0b00c301 10014 100 17657 2061981326 28960904 10014161
0b000601 0b00c901 10005 100 649235 2030822489 60121520 10067114
0b000c01 0b00c401 10014 100 76769 2061849656 29214373 10019117
0b000b01 0b00c501 10008 100 40623 2058395673 32694415 10016087
0b000101 0b00c401 10003 100 240282 2047508823 43594965 10032828
0b000701 0b00c301 10015 100 3189 2059942273 31164378 10012950
0b000201 0b00c301 10007 100 952083 2024624779 66527520 10092506
0b000501 0b00c401 10003 100 22658 2030706225 60447460 10014580
0b000d01 0b00ca01 10010 100 20767 2054942909 36232945 10014422
0b000101 0b00c401 10011 100 48318 2066166683 25040017 10016733
0b000f01 0b00c001 10016 100 38361 2055582502 35680226 10015898
0b000201 0b00c801 10016 100 2567 2078902407 12366217 10012896
0b000401 0b00c201 10012 100 26589 2056330105 34988152 10014910
0b000801 0b00cb01 10011 100 6755 2055037464 36305483 10013247
0b000d01 0b00c601 10016 100 59485 2054044581 37316985 10017669
0b000d01 0b00c101 10015 100 45660 2064449188 26923563 10016509
0b000f01 0b00cb01 10014 100 47548 2063065968 28306990 10016668
0b000a01 0b00c501 10009 100 7745 2055217881 36160159 10013330
0b000e01 0b00c901 10011 100 5470 2054125581 37307791 10013140
0b000001 0b00ca01 10015 100 19416 2067933044 23545894 10014310
0b000901 0b00c401 10012 100 149874 2050103132 41385038 10025245
0b000001 0b00c101 10013 100 42632 2044506285 47002822 10016255
0b000001 0b00c901 10018 100 61936 2055098720 36416876 10017872
0b000101 0b00cc01 10013 100 53145 2061136798 30411838 10017138
0b000901 0b00c901 10012 100 55603 2053531852 38018110 10017343
0b000c01 0b00c901 10011 100 32067 2045061345 46502439 10015372
0b000d01 0b00c501 10008 100 133905 2052218228 39350116 10023906
0b000a01 0b00cd01 10018 100 6783 2065990815 25582528 10013249
0b000d01 0b00c501 10010 100 75712 2061174196 30399325 10019028
0b000e01 0b00c701 10009 100 32645 2064237349 27337590 10015418
0b000401 0b00ce01 10015 100 75732 2064591666 26990398 10019030
0b000601 0b00ce01 10014 100 57897 2064194479 27400723 10017534
0b000601 0b00c401 10014 100 27664 2054049850 37553928 10015000
0b000f01 0b00c301 10005 100 829517 2031182305 60440771 10082228
0b000501 0b00c401 10010 100 48569 2055509037 36122239 10016753
0b000901 0b00cc01 10013 100 38226 2052640123 38992522 10015887
0b000901 0b00c101 10019 100 9396 2053645507 37987876 10013470
0b000d01 0b00c301 10023 100 17685 2064229108 27444715 10014163
0b000001 0b00ce01 10007 100 7530 2057018414 34736184 10013313
0b000301 0b00c301 10015 100 7227 2064517488 27241042 10013288
0b000c01 0b00c801 10013 100 95650 2062804952 28958121 10020700
0b000e01 0b00c001 10013 100 30871 2055945982 35841567 10015268
0b000501 0b00c601 10023 100 890 2065098917 26705932 10012755
0b000501 0b00c901 10011 100 26817 2055909468 35924343 10014929
0b000701 0b00cd01 10005 100 329364 2022977473 68882383 10040296
0b000101 0b00c701 10016 100 1735 2067316413 24556310 10012826
0b000e01 0b00ca01 10014 100 37909 2065171987 26722787 10015858
0b000201 0b00cc01 10021 100 65535 2058724817 33185931 10018176
0b000d01 0b00c101 10019 100 2642 2077565037 14359130 10012902
0b000501 0b00ca01 10018 100 38276 2076982264 14972719 10015891
0b000201 0b00c101 10017 100 49747 2064015916 27956663 10016851
0b000301 0b00ce01 10012 100 70991 2066326284 25664666 10018631
0b000f01 0b00c701 10010 100 75782 2061574708 30462122 10019034
0b000e01 0b00c401 10009 100 24409 2063355833 28765251 10014728
0b000d01 0b00c101 10009 100 79188 2047513588 44626212 10019322
0b000001 0b00cf01 10013 100 3067 2067516334 24646911 10012940
0b000201 0b00c901 10008 100 536960 2046949544 45241315 10057698
0b000701 0b00c701 10022 100 72679 2056780986 35466818 10018774
0b000601 0b00cd01 10007 100 504300 2049472253 42803209 10054963
0b000f01 0b00c601 10011 100 53549 2055039921 37348128 10017171
0b000901 0b00c801 10020 100 22517 2076791308 15603336 10014569
0b000901 0b00cd01 10008 100 503076 2042657348 49795107 10054861
0b000d01 0b00cd01 10010 100 4448 2066196262 26259200 10013055
0b000b01 0b00c601 10008 100 108560 2041378261 51099157 10021783
0b000001 0b00c901 10009 100 70564 2031340258 61229837 10018597
0b000c01 0b00c701 10016 100 139556 2054144237 38433858 10024382
0b000301 0b00cf01 10010 100 7134 2055484793 37136404 10013281
0b000201 0b00c001 10007 100 34409 2065244560 27386614 10015567
0b000301 0b00c401 10020 100 68890 2065671503 26994939 10018456
0b000401 0b00ca01 10017 100 31925 2065224122 27450145 10015356
0b000401 0b00c401 10011 100 5009 2078503249 14252983 10013103
0b000e01 0b00cf01 10024 100 112361 2075963622 16808350 10022102
0b000501 0b00c001 10013 100 71044 2035761855 57083538 10018640
0b000201 0b00c501 10013 100 4675 2061923672 30929752 10013073
0b000c01 0b00c601 10017 100 14143 2065322531 27535786 10013869
0b000c01 0b00c601 10016 100 2439 2055644456 37230038 10012886
0b000701 0b00c101 10005 100 27447 2031948143 60966533 10014983
0b000f01 0b00c001 10019 100 25317 2069899353 23018527 10014805
0b000801 0b00c701 10017 100 22884 2059205599 33721066 10014599
0b000701 0b00c401 10015 100 6485 2057566221 35380837 10013225
0b000801 0b00c401 10011 100 48960 2049278040 43713674 10016784
0b000d01 0b00c201 10010 100 9575 2067256793 25760955 10013484
0b000901 0b00c901 10010 100 8231 2047563727 45492220 10013373
0b000001 0b00c501 10011 100 9717 2046775524 46284295 10013495
0b000501 0b00c201 10007 100 631 2071243069 21897771 10012734
0b000b01 0b00cf01 10007 100 76496 2044914186 48258410 10019095
0b000101 0b00c501 10019 100 185146 2061591394 31662794 10028205
0b000401 0b00c801 10011 100 299944 2059708940 33551682 10037827
0b000601 0b00ca01 10014 100 77644 2068556474 24705799 10019191
0b000101 0b00cb01 10017 100 146142 2061309319 31982250 10024935
0b000a01 0b00c701 10011 100 739758 2040812412 52492593 10074702
0b000601 0b00cb01 10010 100 179037 2038201722 55107098 10027694
0b000601 0b00cc01 10006 100 887 2047221733 46105550 10012754
0b000d01 0b00c701 10015 100 7578 2067507814 25838748 10013316
0b000401 0b00cf01 10014 100 123968 2057514299 35838097 10023073
0b000001 0b00cc01 10021 100 5703 2070168972 23209789 10013159
0b000601 0b00cf01 10018 100 22269 2065590945 27809567 10014549
0b000301 0b00c201 10009 100 170247 2042173687 51257847 10026956
0b000001 0b00cf01 10012 100 31356 2063935072 29519317 10015311
0b000a01 0b00cf01 10006 100 1537438 2019900282 73572709 10141580
0b000f01 0b00c701 10009 100 48863 2058258750 35235427 10016777
0b000501 0b00cd01 10011 100 295194 2046969215 46530536 10037432
0b000801 0b00c701 10020 100 73063 2067384060 26165602 10018809
0b000b01 0b00c301 10022 100 3957 2067563406 26035226 10013011
0b000701 0b00c101 10012 100 67394 2064515087 29093792 10018332
0b000d01 0b00c701 10012 100 20844 2065722667 27886738 10014428
0b000d01 0b00c601 10014 100 58281 2052774454 40857458 10017569
0b000a01 0b00c301 10015 100 23626 2057574221 36069397 10014662
0b000901 0b00c501 10023 100 9108 2053660239 39990673 10013447
0b000201 0b00cc01 10018 100 64224 2049695568 44020136 10018067
0b000501 0b00c501 10011 100 24739 2055961057 37875246 10014755
0b000801 0b00c701 10016 100 14385 2057950148 35910885 10013888
0b000c01 0b00c401 10011 100 48931 2055085018 38781434 10016782
0b000801 0b00ca01 10012 100 51582 2055925400 37964134 10017006
0b000e01 0b00c201 10007 100 179980 2042822940 51080024 10027769
0b000001 0b00c201 10015 100 60636 2069272921 24648677 10017765
0b000f01 0b00ca01 10011 100 671252 2037870412 56115835 10068960
0b000a01 0b00cd01 10011 100 26374 2048155710 45846461 10014893
0b000f01 0b00ce01 10018 100 27680 2079038676 14993578 10015001
0b000001 0b00cd01 10014 100 7285 2078622111 15470701 10013293
0b000101 0b00cb01 10012 100 51153 2055476869 38628428 10016971
0b000a01 0b00cf01 10019 100 77315 2076262052 17867750 10019164
0b000101 0b00c901 10010 100 66511 2046368618 47809488 10018258
0b000a01 0b00c101 10012 100 22497 2061536778 32683498 10014568
0b000601 0b00cc01 10007 100 349632 2048475498 45750512 10041994
0b000201 0b00c501 10012 100 5148 2059317989 34916263 10013114
0b000601 0b00cf01 10019 100 2719 2080094442 14181744 10012909
0b000101 0b00c901 10012 100 52626 2063388134 30911042 10017093
0b000901 0b00cc01 10015 100 7257 2060213110 34092530 10013291
0b000901 0b00cb01 10010 100 28344 2057924177 36388603 10015058
0b000a01 0b00c701 10015 100 38538 2048227403 46101235 10015912
0b000901 0b00c001 10000 100 3228961 2001958103 92374386 10283396
0b000701 0b00c901 10009 100 67747 2047441640 46900904 10018360
0b000001 0b00ca01 10013 100 56168 2056246531 38099805 10017392
0b000401 0b00c901 10014 100 1010 2067983976 26406813 10012768
0b000401 0b00c301 10007 100 5132 2059713680 34693158 10013113
0b000401 0b00cb01 10009 100 179524 2045265649 49176182 10027733
0b000901 0b00c901 10011 100 8363 2048982601 45539085 10013383
0b000101 0b00c301 10006 100 49339 2050311355 44223170 10016819
0b000001 0b00ce01 10009 100 198540 2063221389 31317922 10029327
0b000701 0b00c501 10017 100 42666 2066552005 27990596 10016258
0b000a01 0b00c701 10019 100 4470 2066166298 28379833 10013056
0b000601 0b00c101 10019 100 35049 2058431199 36131889 10015622
0b000601 0b00c401 10017 100 315990 2057185395 37424730 10039172
0b000201 0b00c101 10016 100 27958 2059985666 34646497 10015024
0b000201 0b00c501 10010 100 9884 2048954801 45679749 10013509
0b000901 0b00c901 10018 100 50830 2069546873 25099873 10016942
0b000d01 0b00c901 10019 100 78152 2062670364 31978930 10019235
0b000a01 0b00ce01 10010 100 68161 2065476741 29190542 10018397
0b000b01 0b00cd01 10011 100 32450 2070602109 24141779 10015402
0b000701 0b00c101 10010 100 57108 2058079771 36672150 10017471
0b000f01 0b00c401 10011 100 28471 2057100833 37673029 10015069
0b000301 0b00ca01 10002 100 1693680 2018021655 76783115 10154679
0b000501 0b00c701 10009 100 55701 2064355292 30472266 10017351
0b000301 0b00c001 10012 100 21072 2060635185 34241277 10014450
0b000901 0b00cd01 10012 100 21245 2060240803 34649737 10014464
0b000d01 0b00c401 10025 100 24276 2065929589 28980467 10014718
0b000401 0b00c601 10007 100 1018031 2036605935 58317523 10098035
0b000b01 0b00cc01 10019 100 6797 2070495440 24441968 10013250
0b000b01 0b00c401 10018 100 24972 2070134492 24811659 10014773
0b000e01 0b00c901 10010 100 197906 2052603196 42377878 10029272
0b000201 0b00c801 10012 100 56780 2059342208 35645937 10017441
0b000a01 0b00c701 10003 100 1128383 2017030561 77962884 10107286
0b000101 0b00c501 10020 100 8160 2062039529 32970617 10013367
0b000d01 0b00c401 10021 100 47368 2057122445 37990182 10016653
0b000c01 0b00ce01 10010 100 54411 2065101852 30010813 10017244
0b000401 0b00c301 10013 100 7281 2067683757 27451407 10013293
0b000201 0b00c301 10011 100 39197 2048631721 46527290 10015969
0b000801 0b00ce01 10018 100 12267 2065273180 29924588 10013711
0b000101 0b00ca01 10012 100 3282 2061449511 33753735 10012957
0b000101 0b00c601 10008 100 25733 2059793775 35465332 10014838
0b000501 0b00ca01 10017 100 8748 2068800304 26462270 10013414
0b000b01 0b00c501 10006 100 25961 2046691774 48595288 10014856
0b000d01 0b00ce01 10018 100 66545 2065372250 29951834 10018260
0b000001 0b00c201 10010 100 401742 2040140826 55219515 10046363
0b000c01 0b00c801 10015 100 7484 2073715802 21655412 10013309
0b000101 0b00c101 10015 100 112574 2061925190 33475298 10022119
0b000801 0b00cd01 10017 100 37424 2058837565 36573409 10015819
0b000901 0b00cc01 10016 100 64878 2067063028 28384155 10018119
0b000d01 0b00c101 10010 100 41913 2048011310 47454079 10016194
0b000a01 0b00c901 10012 100 1028010 2025183589 70296417 10098872
0b000c01 0b00c601 10013 100 14040 2045430135 50052077 10013860
0b000501 0b00c901 10007 100 4188 2046708565 48791892 10013034
0b000801 0b00c101 10006 100 1599084 2020170005 75367605 10146750
0b000a01 0b00ca01 10012 100 142560 2064148428 31422751 10024633
0b000f01 0b00c201 10008 100 31180 2035283457 60300495 10015297
0b000901 0b00c001 10018 100 37969 2074530693 21092703 10015863
0b000301 0b00c301 10017 100 21404 2065960792 29728313 10014476
0b000c01 0b00c601 10010 100 704556 2036079410 59649050 10071751
0b000901 0b00ce01 10018 100 47402 2066517686 29217857 10016656
0b000801 0b00c401 10015 100 183028 2068268462 27518647 10028028
0b000501 0b00cd01 10015 100 59480 2058766348 37026890 10017668
0b000101 0b00c301 10007 100 3372 2050316034 45492951 10012965
0b000f01 0b00c601 10003 100 1746923 2012900045 82932563 10159142
0b000e01 0b00cf01 10004 100 1581373 2009766642 86089322 10145264
0b000901 0b00cc01 10018 100 11352 2080716719 15176854 10013634
0b000301 0b00ce01 10014 100 28823 2071709542 24271557 10015097
0b000001 0b00c701 10013 100 1989 2049789477 46206036 10012846
0b000401 0b00c101 10015 100 163792 2053016984 42996422 10026413
0b000d01 0b00ce01 10017 100 70653 2065339128 30713887 10018604
0b000601 0b00c501 10009 100 34131 2048044132 48031112 10015544
0b000401 0b00c901 10011 100 493031 2051748982 44328787 10054019
0b000a01 0b00cc01 10013 100 3842 2068416905 27702068 10013002
0b000201 0b00cf01 10017 100 53766 2063197946 32933564 10017188
0b000f01 0b00c401 10015 100 23740 2073728301 22412167 10014671
0b000501 0b00cc01 10019 100 24455 2066248589 29957979 10014732
0b000701 0b00c101 10011 100 9503 2061398767 34851843 10013478
0b000101 0b00ca01 10011 100 24538 2060495287 35808182 10014739
0b000a01 0b00cf01 10014 100 27056 2061684993 34714832 10014952
0b000f01 0b00cc01 10012 100 35646 2058547286 37905272 10015669
0b000f01 0b00c401 10005 100 170067 2042430369 54037314 10026942
0b000301 0b00c201 10012 100 9147 2046790893 49701531 10013450
0b000d01 0b00cf01 10007 100 13490 2050444383 46067969 10013812
0b000101 0b00cc01 10012 100 34747 2060341649 36179487 10015594
0b000e01 0b00c801 10014 100 68159 2064605763 31931061 10018397
0b000d01 0b00c901 10006 100 788661 2027201349 69339105 10078802
0b000f01 0b00c001 10020 100 9486 2074856794 21694648 10013477
0b000f01 0b00c701 10005 100 1266783 2021504252 75056111 10118887
0b000601 0b00cf01 10014 100 47167 2048549491 48044277 10016637
0b000701 0b00cf01 10010 100 47306 2058272445 38361505 10016648
0b000401 0b00ce01 10001 100 2562191 2006337552 90311580 10227497
0b000801 0b00c701 10019 100 7501 2060741789 35922557 10013310
0b000501 0b00c601 10014 100 605369 2048133414 48551551 10063436
0b000a01 0b00c301 10012 100 8455 2040242353 56474187 10013390
0b000301 0b00c901 10006 100 116813 2057919710 38819758 10022474
0b000501 0b00c701 10011 100 27328 2068259255 28514794 10014973
0b000d01 0b00ce01 10014 100 58435 2060311820 36473411 10017581
0b000d01 0b00c901 10020 100 55295 2067058756 29730463 10017318
0b000b01 0b00c301 10024 100 73509 2070375148 26436268 10018844
0b000701 0b00cf01 10011 100 8989 2059595562 37259413 10013433
0b000a01 0b00ce01 10009 100 214384 2064133114 32734255 10030656
0b000301 0b00c601 10003 100 1805872 2016466664 80440066 10164084
0b000f01 0b00c901 10019 100 46423 2058649292 38292273 10016574
0b000801 0b00c101 10021 100 39182 2080235409 16754918 10015968
0b000f01 0b00cd01 10017 100 48731 2073081156 23951889 10016766
0b000801 0b00ce01 10017 100 41621 2063359576 33713905 10016170
0b000301 0b00ce01 10013 100 21350 2067086821 29989506 10014472
0b000501 0b00c601 10019 100 79524 2061147388 35930482 10019349
0b000b01 0b00cc01 10016 100 53379 2065818869 31268526 10017157
0b000701 0b00c001 10016 100 7738 2075089676 22015484 10013329
0b000101 0b00cb01 10018 100 11864 2072348455 24765906 10013675
0b000b01 0b00ca01 10015 100 22244 2064474296 32650005 10014547
0b000401 0b00c301 10010 100 4819 2063027995 34108924 10013084
0b000f01 0b00ca01 10015 100 51023 2058694500 38447288 10016961
0b000801 0b00c201 10011 100 4156 2051476726 45668774 10013031
0b000401 0b00ce01 10003 100 1785592 2011279259 85870672 10162385
0b000f01 0b00c801 10009 100 62720 2045916088 51295277 10017939
0b000e01 0b00c501 10007 100 1201450 2021284411 75977015 10113411
0b000101 0b00c801 10003 100 1102561 2029079714 68199399 10105120
0b000901 0b00c701 10002 100 2204100 2011985704 85295032 10197475
0b000501 0b00ca01 10016 100 119232 2063808016 33526191 10022679
0b000801 0b00c601 10012 100 37452 2061858908 35494040 10015822
0b000a01 0b00c201 10007 100 479000 2039628147 57731233 10052839
0b000f01 0b00c201 10016 100 78208 2049321899 48082235 10019240
0b000001 0b00cc01 10019 100 46065 2061715759 35691279 10016545
0b000701 0b00c801 10020 100 15625 2071021855 26394487 10013991
0b000901 0b00c801 10006 100 1518022 2018583013 78843634 10139954
0b000101 0b00c401 10001 100 21994 2040921817 56518942 10014524
0b000a01 0b00cc01 10015 100 13903 2076413255 21030469 10013846
0b000f01 0b00c501 10016 100 4076 2051242938 46209596 10013025
0b000901 0b00c901 10014 100 125773 2065599563 31901634 10023225
0b000d01 0b00cf01 10012 100 40741 2081714689 15856644 10016096
0b000c01 0b00c201 10024 100 24064 2061713440 35931358 10014701
0b000001 0b00c201 10019 100 1339 2077236746 20423444 10012794
0b000401 0b00cb01 10012 100 702746 2050846463 46893702 10071599
0b000201 0b00c901 10014 100 2685 2074486729 23288203 10012906
0b000d01 0b00c001 10005 100 693106 2030231076 67549411 10070793
0b000901 0b00cf01 10008 100 1536547 2022345554 75496165 10141505
0b000c01 0b00c901 10015 100 9550 2055157846 42686567 10013482
0b000d01 0b00c901 10014 100 162249 2043269599 54615274 10026285
0b000401 0b00c201 10011 100 18035 2055257892 42729671 10014195
0b000a01 0b00ca01 10011 100 186458 2055935808 42057035 10028314
0b000701 0b00c401 10012 100 834 2042042111 55970518 10012750
0b000f01 0b00c101 10017 100 56191 2060443381 37585809 10017394
0b000b01 0b00c101 10025 100 13535 2065540447 32500062 10013816
0b000401 0b00cb01 10019 100 33771 2071317683 26779359 10015512
0b000a01 0b00cf01 10010 100 741104 2044689272 53447413 10074817
0b000e01 0b00ca01 10017 100 6673 2076660862 21567898 10013240
0b000e01 0b00c001 10014 100 44260 2060254589 37985760 10016393
0b000801 0b00cd01 10021 100 12917 2065920438 32376672 10013763
0b000c01 0b00cc01 10005 100 1295836 2024636097 73668815 10121323
0b000b01 0b00c101 10029 100 36317 2076777364 21545226 10015727
0b000d01 0b00cd01 10006 100 225072 2056529027 41821073 10031553
0b000001 0b00c001 10012 100 54772 2073856876 24493960 10017272
0b000201 0b00c101 10018 100 68012 2068676378 29690414 10018385
0b000601 0b00cb01 10003 100 1203509 2021956380 76413868 10113584
0b000501 0b00c701 10004 100 693589 2039179165 59258563 10070832
0b000001 0b00c401 10009 100 9606 2042175546 56262482 10013486
0b000c01 0b00cb01 10010 100 23184 2055188321 43279378 10014626
0b000b01 0b00c601 10014 100 23329 2070354667 28122584 10014638
0b000701 0b00c501 10014 100 51355 2059443834 39034394 10016988
0b000a01 0b00c801 10007 100 24845 2048511820 50031154 10014763
0b000b01 0b00cb01 10012 100 5810 2060954580 37660242 10013167
0b000a01 0b00c601 10015 100 40821 2070113638 28516186 10016103
0b000901 0b00c001 10019 100 22195 2083113088 15523646 10014543
0b000b01 0b00cc01 10012 100 279458 2042937339 55725884 10036111
0b000901 0b00c901 10017 100 54186 2069521502 29175099 10017226
0b000e01 0b00c201 10009 100 7085 2048985506 49717815 10013277
0b000101 0b00c601 10011 100 914 2064080693 34648727 10012756
0b000001 0b00ce01 10012 100 104502 2072402515 26370777 10021443
0b000201 0b00c201 10013 100 49591 2051751725 47039932 10016839
0b000f01 0b00c601 10013 100 24018 2061152322 37688109 10014697
0b000801 0b00cd01 10020 100 8240 2063092913 35754197 10013373
0b000401 0b00cc01 10014 100 26806 2061717610 37178734 10014928
0b000d01 0b00c501 10011 100 73867 2070063708 28843970 10018873
0b000c01 0b00cc01 10013 100 62795 2060068150 38923337 10017945
0b000901 0b00cc01 10010 100 55598 2051264891 47767038 10017342
0b000b01 0b00c101 10027 100 46727 2071050982 28021423 10016598
0b000501 0b00ca01 10021 100 9606 2085314207 13787861 10013486
0b000b01 0b00cd01 10008 100 1975 2061526565 37636120 10012845
0b000801 0b00ce01 10014 100 21342 2052780884 46384800 10014471
0b000701 0b00c501 10013 100 37493 2058855739 40351652 10015825
0b000a01 0b00c201 10013 100 65035 2065545187 33703838 10018136
0b000f01 0b00c801 10010 100 42195 2061395246 37854358 10016220
0b000801 0b00c701 10023 100 20889 2077857131 21448848 10014431
0b000601 0b00ce01 10010 100 30115 2042093396 57281295 10015208
0b000501 0b00c701 10008 100 72863 2059438962 39941048 10018789
0b000001 0b00c001 10011 100 15924 2071934864 27556362 10014015
0b000901 0b00ca01 10014 100 26591 2065112313 34462363 10014910
0b000e01 0b00ca01 10011 100 601560 2040680110 58912250 10063116
0b000d01 0b00ce01 10007 100 54016 2048634303 50965301 10017212
0b000101 0b00c901 10005 100 1107101 2027423687 72221706 10105502
0b000f01 0b00c501 10022 100 241940 2069368353 30284503 10032964
0b000501 0b00cc01 10016 100 56906 2054922123 44732196 10017451
0b000801 0b00c601 10013 100 10341 2069437858 30240513 10013549
0b000d01 0b00c101 10013 100 47186 2061594064 38098629 10016639
0b000d01 0b00c601 10013 100 194103 2047405697 52312910 10028957
0b000701 0b00c201 10012 100 27567 2064153209 35605493 10014992
0b000701 0b00c401 10017 100 9886 2070978066 28789893 10013509
0b000101 0b00cf01 10010 100 192701 2046260130 53514307 10028837
0b000301 0b00c901 10012 100 26030 2075507711 24320431 10014866
0b000f01 0b00cc01 10013 100 60687 2068994151 30870512 10017769
0b000701 0b00c801 10015 100 560242 2045990951 54020971 10059653
0b000a01 0b00ce01 10008 100 8936 2057934772 42080059 10013429
0b000901 0b00cc01 10012 100 54739 2052053126 47978944 10017270
0b000201 0b00c401 10012 100 6475 2076529011 23509349 10013224
0b000c01 0b00c101 10018 100 4760 2069857219 30186151 10013080
0b000401 0b00c501 10012 100 258 2053786292 46268462 10012704
0b000a01 0b00c101 10011 100 535338 2054401384 45667844 10057565
0b000e01 0b00c401 10012 100 44776 2077549230 22572502 10016434
0b000c01 0b00c501 10009 100 134627 2059656508 40475926 10023968
0b000101 0b00c301 10008 100 592410 2050612552 49579740 10062349
0b000001 0b00c401 10016 100 62313 2068971692 31238733 10017906
0b000d01 0b00cc01 10015 100 32974 2060635201 39649700 10015444
0b000d01 0b00c001 10019 100 60729 2072474961 27840267 10017772
0b000701 0b00c101 10013 100 60904 2068368550 31984568 10017786
0b000401 0b00c001 10025 100 28733 2073779839 26612323 10015090
0b000c01 0b00cb01 10014 100 83406 2072105501 28295059 10019675
0b000501 0b00c601 10031 100 2500 2086195604 14213127 10012891
0b000b01 0b00c801 10015 100 52775 2058270033 42147952 10017105
0b000001 0b00c201 10012 100 564118 2060134135 40321182 10059979
0b000801 0b00c801 10005 100 78538 2040275072 60240461 10019266
0b000301 0b00cb01 10011 100 12420 2051360203 49157214 10013723
0b000101 0b00c401 10009 100 74327 2060936835 39591156 10018914
0b000b01 0b00cb01 10015 100 42567 2075078575 25458915 10016250
0b000e01 0b00c901 10016 100 8403 2063798599 36739148 10013386
0b000901 0b00c301 10005 100 1383461 2022768339 77780606 10128671
0b000d01 0b00c801 10015 100 17806 2064077891 36483278 10014173
0b000e01 0b00c701 10008 100 17206 2061445127 39164783 10014125
0b000901 0b00c201 10016 100 119663 2070145651 30466061 10022713
0b000001 0b00cb01 10010 100 69367 2064977422 35642156 10018498
0b000d01 0b00c901 10018 100 73906 2061696539 38942195 10018876
0b000701 0b00c301 10014 100 19237 2050910129 49743125 10014295
0b000601 0b00c901 10015 100 3967 2065806917 34854535 10013012
0b000b01 0b00c301 10021 100 29369 2062742205 37959412 10015144
0b000901 0b00c801 10022 100 6469 2085595490 15108261 10013224
0b000101 0b00c601 10017 100 48781 2083009237 17713475 10016770
0b000d01 0b00c601 10021 100 30358 2066098365 34664772 10015227
0b000f01 0b00c201 10010 100 686097 2040586288 60203835 10070205
0b000301 0b00c801 10010 100 157270 2060047634 40784295 10025868
0b000601 0b00c401 10012 100 177964 2049431945 51420207 10027600
0b000701 0b00c001 10011 100 9029 2054121896 46731109 10013440
0b000201 0b00c201 10018 100 9780 2070585319 30301967 10013500
0b000001 0b00c901 10017 100 31716 2055096543 45809077 10015340
0b000601 0b00c201 10009 100 37520 2062437910 38469016 10015827
0b000901 0b00c601 10013 100 380661 2061151880 39756697 10044595
0b000001 0b00c901 10022 100 20093 2076101458 24812221 10014368
0b000701 0b00c701 10018 100 408506 2051563508 49359144 10046931
0b000101 0b00c801 10010 100 2099 2062017340 38922218 10012859
0b000d01 0b00c701 10013 100 40424 2066094264 34865896 10016071
0b000201 0b00c601 10004 100 1183567 2014454071 86510119 10111911
0b000b01 0b00ce01 10018 100 26782 2068737682 32235135 10014926
0b000601 0b00c801 10006 100 1335221 2019979171 81013724 10124627
0b000001 0b00c301 10008 100 686792 2051040829 49959341 10070261
0b000501 0b00c901 10010 100 16526 2054864946 46145643 10014067
0b000601 0b00ca01 10015 100 41286 2070812249 30204969 10016144
0b000c01 0b00c101 10014 100 41104 2054646190 46372638 10016129
0b000701 0b00c501 10015 100 31719 2059622774 41405646 10015340
0b000b01 0b00c401 10016 100 164721 2069201656 31827906 10026491
0b000e01 0b00ce01 10015 100 875 2064695903 36372834 10012753
0b000f01 0b00ca01 10016 100 38961 2063470150 37604664 10015946
0b000101 0b00c801 10015 100 9469 2070871515 30266741 10013475
0b000a01 0b00c301 10016 100 148721 2060907684 40307441 10025149
0b000801 0b00c001 10015 100 500789 2061085765 40134114 10054666
0b000a01 0b00cc01 10012 100 3498 2063908008 37327638 10012975
0b000801 0b00c801 10010 100 63297 2061388388 39848165 10017989
0b000701 0b00c301 10018 100 1038 2072595869 28693145 10012770
0b000a01 0b00c601 10014 100 2470 2067202957 34112594 10012889
0b000601 0b00c301 10006 100 774108 2022966457 78371858 10077584
0b000b01 0b00cf01 10023 100 97707 2086185904 15206536 10020872
0b000401 0b00c901 10020 100 29174 2086695064 14722879 10015129
0b000e01 0b00c201 10006 100 947188 2040187909 61242518 10092095
0b000e01 0b00c301 10007 100 73433 2062839176 38592959 10018838
0b000701 0b00c601 10016 100 38987 2057808705 43655123 10015948
0b000201 0b00c401 10010 100 202 2064704615 36775512 10012700
0b000e01 0b00cb01 10005 100 1039410 2032852090 68638316 10099826
0b000201 0b00c401 10007 100 670445 2045367553 56135624 10068892
0b000101 0b00c701 10015 100 6738 2061096503 40423962 10013245
0b000201 0b00c601 10016 100 40364 2063303299 38256694 10016066
0b000101 0b00c101 10005 100 1041737 2026463784 75098780 10100020
0b000c01 0b00ce01 10011 100 75375 2070741933 30821972 10019001
0b000c01 0b00c401 10013 100 35160 2060424419 41150005 10015631
0b000d01 0b00c001 10011 100 284621 2043650820 57974690 10036544
0b000c01 0b00cd01 10011 100 176582 2050334170 51330925 10027486
0b000e01 0b00c101 10027 100 44788 2086545237 15211667 10016435
0b000a01 0b00c601 10013 100 39457 2066807089 34950703 10015990
0b000e01 0b00c501 10017 100 14723 2079083870 22695017 10013915
0b000101 0b00c601 10009 100 39409 2060221395 41564951 10015986
0b000e01 0b00cf01 10017 100 834077 2035261557 66667409 10082612
0b000f01 0b00cb01 10013 100 384835 2062259082 39740832 10044945
0b000f01 0b00c501 10020 100 45370 2060666212 41341216 10016486
0b000d01 0b00ce01 10019 100 20576 2065916320 36122683 10014406
0b000401 0b00c901 10013 100 59917 2065360921 36693492 10017703
0b000301 0b00ce01 10009 100 71343 2051338850 50715910 10018663
0b000101 0b00c001 10022 100 289970 2075714979 26348433 10036991
0b000a01 0b00c901 10022 100 49437 2065465539 36610171 10016826
0b000201 0b00c001 10011 100 24248 2076740060 25354544 10014715
0b000f01 0b00cd01 10016 100 4672 2072997168 29106153 10013072
0b000f01 0b00c501 10017 100 27010 2052012452 50113618 10014948
0b000c01 0b00cc01 10008 100 27723 2045632426 56494048 10015005
0b000801 0b00c301 10011 100 29969 2073759201 28380127 10015192
0b000d01 0b00c401 10019 100 161619 2047971824 54177766 10026231
0b000c01 0b00c501 10011 100 37160 2066968655 35192019 10015798
0b000301 0b00c301 10009 100 446366 2048166455 53996705 10050105
0b000901 0b00c901 10016 100 117366 2067934243 34238711 10022522
0b000001 0b00cd01 10009 100 1257178 2021042167 81136930 10118084
0b000801 0b00ca01 10007 100 861090 2027788006 74467151 10084877
0b000d01 0b00c701 10011 100 65484 2051175216 51107380 10018172
0b000501 0b00ca01 10006 100 1353528 2020897816 81418647 10126161
0b000d01 0b00c901 10017 100 75082 2050882058 51449571 10018978
0b000901 0b00c601 10012 100 178189 2058996771 43345761 10027622
0b000201 0b00c901 10003 100 1280765 2012304274 90040025 10120060
0b000c01 0b00ca01 10015 100 71829 2077525169 24862411 10018702
0b000601 0b00cb01 10016 100 410801 2064738000 37659674 10047122
0b000501 0b00c601 10022 100 25079 2065045543 37389743 10014786
0b000301 0b00c401 10015 100 29373 2052831997 49766260 10015145
0b000901 0b00c201 10009 100 659574 2030549500 72075663 10067980
0b000101 0b00c501 10012 100 231180 2045075070 57552421 10032065
0b000701 0b00c701 10031 100 8696 2088837128 13799524 10013410
0b000201 0b00cf01 10013 100 617478 2033849095 68803963 10064451
0b000f01 0b00c201 10029 100 57556 2085840011 16822332 10017507
0b000701 0b00cc01 10018 100 3514 2077039184 25634303 10012976
0b000001 0b00c201 10013 100 35937 2067328616 35356692 10015693
0b000601 0b00c101 10022 100 3858 2067368719 35336642 10013004
0b000b01 0b00cd01 10010 100 7730 2065056422 37651257 10013329
0b000901 0b00c401 10002 100 1799699 2018855751 83859924 10163567
0b000701 0b00c101 10014 100 4517 2076498345 26232273 10013060
0b000401 0b00ce01 10014 100 259489 2062283122 40483496 10034437
0b000701 0b00c601 10020 100 22195 2066662718 36116149 10014543
0b000901 0b00c001 10017 100 134028 2068339544 34439798 10023920
0b000a01 0b00cb01 10011 100 168725 2064656090 38132873 10026826
0b000c01 0b00cc01 10017 100 785 2069032103 33791684 10012746
0b000601 0b00cd01 10012 100 10883 2067159731 35716199 10013592
0b000001 0b00cf01 10003 100 1310957 2023542341 79334901 10122590
0b000501 0b00ca01 10015 100 84857 2063292477 39604603 10019794
0b000901 0b00c201 10014 100 39233 2059643041 43256211 10015972
0b000101 0b00cb01 10011 100 27953 2052692904 50235525 10015023
0b000501 0b00c901 10023 100 18812 2088754529 14227882 10014257
0b000a01 0b00cb01 10013 100 99739 2069816621 33174580 10021043
0b000101 0b00c701 10021 100 4207 2079534361 23471981 10013035
0b000901 0b00c201 10020 100 23843 2081650863 21400265 10014679
0b000601 0b00c901 10018 100 13316 2067256682 35821553 10013799
0b000601 0b00c301 10025 100 4663 2088841396 14244662 10013072
0b000501 0b00c001 10023 100 73316 2074251467 28878682 10018829
0b000501 0b00c001 10006 100 1405135 2020064468 83121833 10130489
0b000901 0b00ce01 10023 100 22697 2087387178 15803305 10014584
0b000c01 0b00c101 10016 100 195209 2059932029 43259748 10029049
0b000601 0b00c001 10026 100 14287 2089214922 13983435 10013880
0b000201 0b00ca01 10013 100 15464 2075017080 28224357 10013978
0b000401 0b00c501 10016 100 4088 2066664691 36589195 10013026
0b000f01 0b00ca01 10014 100 44787 2057090070 46191889 10016435
0b000d01 0b00c801 10016 100 24915 2066308097 36988978 10014769
0b000701 0b00c601 10015 100 53101 2056211656 47087850 10017135
0b000701 0b00c601 10026 100 30092 2087503422 15798589 10015206
0b000d01 0b00c801 10018 100 75478 2070880003 32422125 10019010
0b000101 0b00c301 10005 100 849634 2028853052 74458388 10083914
0b000b01 0b00c301 10018 100 552721 2058053681 45345176 10059021
0b000001 0b00cb01 10013 100 63095 2077604159 25849317 10017973
0b000b01 0b00ca01 10016 100 4072 2065918174 37547291 10013024
0b000d01 0b00c701 10014 100 15239 2067042740 36430564 10013960
0b000601 0b00c501 10013 100 43956 2065297898 38194249 10016365
0b000d01 0b00c701 10001 100 2787377 2005681497 97858933 10246376
0b000d01 0b00c201 10016 100 60741 2086779389 16790079 10017773
0b000601 0b00c701 10014 100 34328 2066110243 37591314 10015560
0b000901 0b00c001 10016 100 27599 2057275488 46433888 10014995
0b000501 0b00c901 10016 100 43544 2066742661 37000906 10016332
0b000e01 0b00c401 10006 100 906883 2036076281 67705795 10088713
0b000101 0b00c201 10007 100 7272 2066989758 36811075 10013292
0b000c01 0b00cd01 10014 100 190751 2067755002 36060214 10028673
0b000501 0b00c401 10011 100 47467 2055578425 48327261 10016661
0b000301 0b00ca01 10013 100 5422 2061042924 42865225 10013136
0b000e01 0b00c901 10018 100 23221 2073220485 30697274 10014629
0b000401 0b00cc01 10011 100 63527 2053108885 50818132 10018007
0b000d01 0b00c301 10024 100 27897 2065645766 38339735 10015019
0b000101 0b00c901 10021 100 15756 2080079819 24033397 10014001
0b000501 0b00c401 10016 100 16340 2078055525 26089537 10014052
0b000901 0b00ce01 10010 100 900319 2033334870 70812964 10088165
0b000001 0b00c701 10016 100 2133 2057472763 46678060 10012862
0b000f01 0b00c901 10016 100 23485 2053991127 50166693 10014650
0b000401 0b00c501 10018 100 6833 2068547929 35621659 10013253
0b000a01 0b00cf01 10013 100 1292 2058686776 45493928 10012791
0b000b01 0b00cc01 10017 100 5412 2068535203 35646232 10013136
0b000901 0b00c901 10013 100 28324 2056827602 47383182 10015057
0b000b01 0b00c601 10017 100 4749 2083360257 20861980 10013079
0b000a01 0b00cf01 10015 100 57666 2065364784 38877733 10017516
0b000401 0b00cd01 10009 100 80754 2075199286 29071836 10019451
0b000c01 0b00ce01 10013 100 2249 2075284401 29015549 10012871
0b000001 0b00c401 10017 100 164482 2076043777 28273497 10026472
0b000d01 0b00c601 10028 100 19984 2089976479 14370528 10014355
0b000d01 0b00ce01 10009 100 84697 2052834423 51544180 10019782
0b000101 0b00ce01 10019 100 3828 2079938009 24467623 10013001
0b000601 0b00ca01 10017 100 170742 2083770804 20635684 10026996
0b000101 0b00cf01 10012 100 63915 2066788020 37623476 10018038
0b000b01 0b00ca01 10017 100 43256 2069107100 35381048 10016309
0b000501 0b00c001 10022 100 47318 2073523125 30986986 10016649
0b000a01 0b00c901 10024 100 14579 2068581129 35935336 10013903
0b000901 0b00cf01 10018 100 9678 2077280539 27246594 10013492
0b000f01 0b00c501 10018 100 66324 2053317918 51210968 10018243
0b000101 0b00c801 10011 100 437730 2062938958 41613019 10049380
0b000b01 0b00c001 10015 100 8807 2079629048 24951178 10013419
0b000b01 0b00cf01 10012 100 64235 2053078136 51508212 10018068
0b000401 0b00c701 10010 100 93209 2068009929 36578126 10020497
0b000001 0b00cd01 10015 100 26835 2080579984 24018904 10014930
0b000001 0b00ca01 10018 100 73504 2075303202 29304084 10018844
0b000b01 0b00ce01 10013 100 69066 2052844386 51799629 10018474
0b000401 0b00c901 10012 100 59795 2054248498 50403278 10017694
0b000001 0b00c301 10016 100 53882 2090502503 14188814 10017197
0b000101 0b00c901 10014 100 87212 2064184442 40512320 10019994
0b000c01 0b00c901 10018 100 10202 2082908930 21803728 10013538
0b000101 0b00c701 10009 100 470461 2039526144 65247082 10052125
0b000001 0b00c301 10011 100 55258 2066428907 38366410 10017315
0b000b01 0b00c301 10017 100 976441 2041544137 63257176 10094546
0b000e01 0b00c301 10010 100 38947 2081165426 23644717 10015945
0b000d01 0b00c801 10017 100 18842 2068165539 36671289 10014260
0b000c01 0b00c801 10014 100 8191 2068792866 36067390 10013369
0b000701 0b00c601 10022 100 24402 2074658920 30212072 10014728
0b000c01 0b00c801 10016 100 28096 2074282085 30612611 10015039
0b000f01 0b00c701 10012 100 19761 2079025557 25881285 10014337
0b000a01 0b00c901 10023 100 69162 2065558157 39358951 10018481
0b000001 0b00c801 10024 100 32715 2076470819 28494219 10015423
0b000e01 0b00c601 10006 100 55635 2054285253 50686796 10017345
0b000501 0b00c401 10014 100 56547 2069565084 35434258 10017422
0b000401 0b00c901 10021 100 58915 2089248539 15782005 10017619
0b000901 0b00cb01 10013 100 22005 2072158270 32882967 10014528
0b000e01 0b00c401 10013 100 31747 2081667754 23377280 10015342
0b000701 0b00c701 10027 100 7426 2075546651 29502058 10013304
0b000701 0b00ca01 10011 100 8839 2079225893 25857610 10013421
0b000101 0b00c301 10010 100 71056 2077487591 27606444 10018640
0b000901 0b00c201 10022 100 8416 2084106327 20993158 10013387
0b000601 0b00c101 10023 100 17228 2070540020 34579242 10014127
0b000701 0b00c801 10021 100 53366 2073720156 31400347 10017156
0b000a01 0b00c101 10010 100 197542 2053890045 51239327 10029243
0b000101 0b00c001 10020 100 29005 2069321925 35838707 10015115
0b000a01 0b00c401 10013 100 512365 2063168108 42000664 10055639
0b000e01 0b00cc01 10016 100 851423 2046463711 58710141 10084065
0b000a01 0b00ca01 10014 100 29824 2081201457 24035736 10015181
0b000101 0b00c401 10010 100 66746 2062051991 43203295 10018276
0b000b01 0b00cf01 10020 100 75531 2078565753 26713330 10019014
0b000501 0b00c701 10014 100 8354 2075950505 29336769 10013382
0b000201 0b00ca01 10009 100 896777 2037367467 67953401 10087866
0b000801 0b00c101 10016 100 5232 2058560855 46761217 10013121
0b000b01 0b00ce01 10014 100 75744 2053378737 51965445 10019031
0b000501 0b00c101 10014 100 56072 2056553420 48817973 10017384
0b000c01 0b00cc01 10011 100 512551 2050770781 54603136 10055654
0b000301 0b00c001 10011 100 5398 2060329823 45047245 10013134
0b000a01 0b00c001 10021 100 4106 2090053091 15333529 10013027
0b000901 0b00c201 10018 100 27221 2077590466 27798658 10014965
0b000f01 0b00c201 10021 100 21755 2061689042 43727606 10014504
0b000b01 0b00ce01 10017 100 37737 2066665073 38775089 10015844
0b000901 0b00c001 10013 100 550250 2052492716 52970934 10058815
0b000e01 0b00c401 10011 100 1594 2069375962 36097799 10012815
0b000f01 0b00c401 10010 100 5051 2055780691 49713310 10013107
0b000801 0b00cb01 10010 100 151088 2054499018 51036379 10025350
0b000801 0b00c801 10017 100 13842 2092713727 12848858 10013841
0b000701 0b00c301 10003 100 1933382 2008749932 96832228 10174777
0b000a01 0b00c901 10026 100 51940 2073174455 32448179 10017034
0b000b01 0b00c301 10028 100 7413 2084790576 20855729 10013303
0b000501 0b00c501 10015 100 62648 2077343045 28315662 10017933
0b000e01 0b00cf01 10025 100 10090 2080011274 25665173 10013529
0b000c01 0b00cf01 10008 100 29299 2057388041 48322622 10015139
0b000501 0b00c201 10010 100 248176 2082208238 23577620 10033490
0b000a01 0b00cd01 10019 100 56158 2066732768 39073989 10017391
0b000901 0b00c401 10022 100 56010 2088402846 17403997 10017379
0b000b01 0b00c601 10018 100 32384 2084330349 21482503 10015397
0b000c01 0b00c401 10016 100 43724 2068579870 37254712 10016346
0b000201 0b00c601 10013 100 46389 2055369298 50472114 10016571
0b000d01 0b00c001 10014 100 70506 2060514332 45347953 10018593
0b000901 0b00c401 10017 100 454 2075150949 30714525 10012720
0b000101 0b00ca01 10016 100 5171 2081325770 24547532 10013116
0b000f01 0b00c601 10017 100 47478 2075204773 30742049 10016662
0b000e01 0b00c101 10002 100 2588528 2003162408 102795880 10229704
0b000701 0b00c001 10017 100 32540 2075299456 30680744 10015409
0b000d01 0b00cf01 10009 100 55022 2059706579 46275892 10017296
0b000201 0b00c801 10014 100 22283 2076961099 29041027 10014550
0b000401 0b00cc01 10015 100 55782 2068436632 37589327 10017357
0b000101 0b00cd01 10027 100 37505 2092089705 13939175 10015826
0b000401 0b00c001 10015 100 6360 2049804201 56250604 10013215
0b000401 0b00cf01 10015 100 248139 2064874646 41217634 10033487
0b000001 0b00c801 10018 100 79309 2061837571 44291212 10019331
0b000c01 0b00c001 10015 100 550356 2050293935 55860914 10058824
0b000b01 0b00c401 10021 100 773 2083349049 22815769 10012745
0b000501 0b00cb01 10015 100 586148 2055034298 51136084 10061825
0b000901 0b00c401 10011 100 542816 2049822808 56375189 10058190
0b000301 0b00cb01 10017 100 356566 2068478872 37742906 10042576
0b000d01 0b00c301 10025 100 3525 2076271021 29966072 10012977
0b000601 0b00c401 10021 100 31031 2078881668 27357985 10015285
0b000d01 0b00c101 10020 100 70305 2078301740 27975282 10018577
0b000e01 0b00c601 10001 100 1715936 2006521264 99806431 10156544
0b000801 0b00c501 10020 100 21391 2080765010 25617472 10014475
0b000301 0b00c901 10010 100 44855 2067581032 38832580 10016441
0b000d01 0b00cf01 10010 100 57679 2060007455 46443106 10017517
0b000f01 0b00c701 10008 100 43172 2056357225 50121002 10016302
0b000901 0b00c201 10015 100 29478 2059985526 46496098 10015153
0b000401 0b00cd01 10011 100 6635 2080134296 26351557 10013237
0b000601 0b00c401 10013 100 27091 2049563271 56952933 10014954
0b000a01 0b00c501 10012 100 9251 2068416501 38147925 10013458
0b000a01 0b00ce01 10012 100 78312 2069849410 36743989 10019248
0b000901 0b00c401 10014 100 75419 2065987429 40609036 10019005
0b000901 0b00cd01 10013 100 73969 2066348119 40250194 10018881
0b000c01 0b00c301 10017 100 12483 2079814720 26791816 10013728
0b000a01 0b00c901 10025 100 43975 2070059484 36570263 10016366
0b000101 0b00c001 10023 100 75608 2075960825 30701072 10019020
0b000b01 0b00cc01 10020 100 39768 2078826156 27863407 10016015
0b000901 0b00c301 10016 100 91926 2076361787 30381235 10020387
0b000d01 0b00c601 10025 100 185995 2085226710 21561892 10028273
0b000101 0b00c501 10023 100 76476 2079795175 27038875 10019093
0b000401 0b00c901 10016 100 8613 2070936933 35903291 10013403
0b000201 0b00c101 10024 100 420 2094500431 12352284 10012717
0b000201 0b00c801 10013 100 6635 2060038966 46814652 10013237
0b000f01 0b00c401 10012 100 394356 2057777112 49145138 10045745
0b000801 0b00c401 10009 100 620922 2044393595 62545472 10064738
0b000601 0b00c001 10023 100 92706 2077472372 29486418 10020453
0b000f01 0b00c601 10016 100 188066 2070861180 36114722 10028451
0b000401 0b00cf01 10019 100 125791 2076867879 30114530 10023227
0b000901 0b00cf01 10020 100 7690 2083779827 23219472 10013325
0b000401 0b00cd01 10014 100 7199 2084685459 22346701 10013286
0b000f01 0b00cf01 10009 100 37510 2069391534 37653195 10015826
0b000701 0b00cb01 10014 100 652581 2046563755 60487066 10067394
0b000d01 0b00c001 10021 100 17369 2076164776 30954331 10014138
0b000201 0b00c701 10013 100 41921 2056683642 50453568 10016194
0b000101 0b00ce01 10021 100 15980 2083073965 24076361 10014019
0b000601 0b00ce01 10015 100 8033 2070843250 36310375 10013357
0b000d01 0b00cd01 10005 100 42829 2056361143 50828618 10016271
0b000901 0b00c501 10022 100 756496 2042887749 64310946 10076106
0b000b01 0b00cf01 10016 100 6479 2065029180 42183150 10013225
0b000a01 0b00cd01 10010 100 17725 2047579044 59647391 10014167
0b000301 0b00ca01 10021 100 23308 2082028390 25261716 10014636
0b000801 0b00ce01 10015 100 23599 2056855207 50450909 10014660
0b000c01 0b00c601 10019 100 121230 2067153360 40201268 10022846
0b000601 0b00ca01 10013 100 113211 2067129167 40234968 10022174
0b000b01 0b00ca01 10009 100 874056 2048118720 59251505 10085964
0b000d01 0b00c401 10027 100 119707 2067418113 40004227 10022717
0b000301 0b00c001 10016 100 21713 2074265870 33181972 10014501
0b000f01 0b00cb01 10012 100 20151 2058084920 49403879 10014372
0b000001 0b00ce01 10011 100 14289 2068076845 39418565 10013880
0b000e01 0b00c001 10011 100 591153 2047772810 59728635 10062245
0b000a01 0b00cd01 10023 100 65319 2081649710 25868984 10018158
0b000101 0b00c501 10017 100 40978 2057481721 50069183 10016115
0b000701 0b00c801 10018 100 75424 2055912654 51673796 10019005
0b000901 0b00c501 10026 100 22414 2076093704 31502237 10014561
0b000f01 0b00ca01 10005 100 1383671 2017852582 89744847 10128688
0b000b01 0b00c001 10014 100 28167 2069402810 38208542 10015044
0b000701 0b00cf01 10009 100 25288 2056673916 50990574 10014802
0b000901 0b00c601 10015 100 11685 2076326472 31354030 10013660
0b000f01 0b00cc01 10011 100 42098 2056743739 50958242 10016212
0b000101 0b00c301 10013 100 27062 2086554737 21166773 10014952
0b000101 0b00cf01 10015 100 25476 2078344559 29378936 10014817
0b000b01 0b00c101 10023 100 5283 2060750377 46973772 10013125
0b000c01 0b00cb01 10016 100 26390 2080405723 27328354 10014894
0b000e01 0b00c901 10019 100 13479 2077083001 30694901 10013812
0b000801 0b00ce01 10020 100 2424 2079002129 28842405 10012885
0b000001 0b00cb01 10016 100 53291 2082134351 25719327 10017150
0b000e01 0b00c601 10011 100 3533 2078421206 29457205 10012978
0b000101 0b00cc01 10018 100 29705 2078284749 29594917 10015171
0b000701 0b00c701 10029 100 53305 2079798622 28111126 10017151
0b000401 0b00c501 10025 100 22306 2092813303 15106927 10014552
0b000d01 0b00c801 10019 100 52536 2076634360 31345461 10017086
0b000201 0b00c901 10016 100 32009 2078958255 29108842 10015367
0b000601 0b00c801 10020 100 179937 2079854824 28271533 10027766
0b000f01 0b00c901 10022 100 11150 2071653813 36492686 10013618
0b000301 0b00cb01 10024 100 199745 2078713366 29446830 10029427
0b000101 0b00c001 10028 100 16291 2092341741 15875874 10014048
0b000f01 0b00c501 10023 100 351546 2074184376 34115002 10042155
0b000e01 0b00c201 10008 100 1034555 2044490414 63875954 10099418
0b000b01 0b00cd01 10009 100 3493 2062775741 45652076 10012974
0b000901 0b00cb01 10015 100 164493 2079367314 29064910 10026473
0b000401 0b00c001 10016 100 735000 2054812284 53646065 10074302
0b000501 0b00c701 10010 100 355856 2066001098 42460101 10042515
0b000b01 0b00c401 10019 100 24413 2070308865 38161282 10014729
0b000901 0b00c401 10018 100 25532 2076859305 31611575 10014822
0b000901 0b00c301 10011 100 236332 2060738435 47737533 10032496
0b000501 0b00ce01 10015 100 51196 2076274382 32219745 10016975
0b000d01 0b00c101 10026 100 8459 2094150518 14374564 10013391
0b000b01 0b00cb01 10018 100 9338 2092906941 15627200 10013465
0b000701 0b00c201 10001 100 1602082 2009930564 98607277 10147002
0b000d01 0b00ce01 10015 100 191965 2062027812 46530721 10028774
0b000801 0b00c701 10021 100 29149 2070047510 38565156 10015127
0b000501 0b00c301 10015 100 4895 2074912374 33741234 10013090
0b000a01 0b00c201 10012 100 25668 2062605544 46054616 10014833
0b000701 0b00c501 10012 100 40856 2058508014 50202202 10016105
0b000501 0b00c501 10016 100 19004 2077706676 31017991 10014277
0b000701 0b00c001 10015 100 26703 2074099515 34641423 10014919
0b000f01 0b00c001 10018 100 24087 2060354395 48388000 10014702
0b000001 0b00ca01 10016 100 65177 2069934807 38848567 10018147
0b000e01 0b00c201 10002 100 2171271 2004743653 104045460 10194722
0b000401 0b00c401 10006 100 25000 2060801785 48008064 10014776
0b000601 0b00c401 10016 100 619213 2056730572 52087704 10064597
0b000501 0b00ca01 10020 100 59126 2084271741 24598600 10017640
0b000801 0b00c401 10020 100 29409 2076675512 32235781 10015147
0b000c01 0b00c601 10024 100 3994 2079434180 29483126 10013014
0b000701 0b00c201 10013 100 50061 2070975890 37943851 10016880
0b000101 0b00ca01 10007 100 624242 2048411674 60530170 10065019
0b000201 0b00c601 10025 100 3523 2093577634 15444433 10012977
0b000501 0b00c601 10021 100 39092 2062924178 46160834 10015960
0b000101 0b00c601 10006 100 690531 2049422878 59698316 10070575
0b000a01 0b00c201 10016 100 61367 2090276323 18853213 10017827
0b000801 0b00c201 10017 100 5478 2074594900 34590090 10013141
0b000201 0b00cf01 10016 100 44056 2062644536 46555033 10016377
0b000d01 0b00c101 10017 100 7001 2065621616 43588467 10013270
0b000e01 0b00cc01 10021 100 109550 2070656737 38585835 10021866
0b000501 0b00ce01 10019 100 13916 2083129057 26126178 10013847
0b000101 0b00c601 10018 100 197569 2085652907 23615248 10029245
0b000d01 0b00c601 10018 100 26679 2059798977 49500517 10014918
0b000601 0b00c001 10022 100 32966 2072436800 36879332 10015444
0b000c01 0b00cc01 10022 100 113200 2090675742 18658531 10022173
0b000001 0b00c501 10014 100 1476 2081951415 27387869 10012805
0b000701 0b00c101 10007 100 813677 2046440404 62915564 10080899
0b000b01 0b00c901 10013 100 58598 2070332839 39026727 10017594
0b000c01 0b00c701 10017 100 60478 2071899317 37470892 10017752
0b000a01 0b00c001 10016 100 73796 2065628616 43942867 10018867
0b000101 0b00cc01 10016 100 6949 2077773539 31818401 10013262
0b000d01 0b00c101 10012 100 401071 2061076316 48582261 10046309
0b000101 0b00c601 10015 100 69226 2077653027 32008517 10018486
0b000301 0b00cf01 10011 100 48990 2058583252 51093003 10016787
0b000b01 0b00c401 10017 100 73596 2069202300 40476270 10018851
0b000401 0b00cd01 10007 100 70900 2060440131 49396209 10018624
0b000301 0b00c001 10015 100 5365 2071470415 38408840 10013132
0b000d01 0b00c001 10016 100 455103 2069865711 40025663 10050839
0b000c01 0b00c901 10017 100 53943 2077382346 32523026 10017202
0b000f01 0b00c601 10020 100 5291 2095984603 13952722 10013126
0b000801 0b00c401 10017 100 75784 2075293484 34656119 10019034
0b000201 0b00cd01 10014 100 9349 2085428979 24590540 10013466
0b000701 0b00c201 10011 100 6776 2062210943 47832287 10013248
0b000301 0b00ce01 10016 100 39733 2074221937 35844625 10016012
0b000501 0b00c501 10009 100 26684 2049929297 60139407 10014918
0b000201 0b00cb01 10015 100 60941 2083860535 26249970 10017789
0b000a01 0b00c901 10020 100 61963 2061684443 48464601 10017875
0b000f01 0b00ce01 10015 100 49555 2074971077 35201369 10016836
0b000401 0b00c401 10010 100 25734 2072752240 37460378 10014838
0b000801 0b00c401 10023 100 16631 2084845328 25367998 10014075
0b000201 0b00cb01 10014 100 46720 2061913237 48336098 10016598
0b000d01 0b00cd01 10013 100 3205 2083771039 26480947 10012951
0b000701 0b00c501 10018 100 28691 2073288794 37008452 10015086
0b000901 0b00cc01 10021 100 21218 2097359996 12944016 10014461
0b000001 0b00c201 10014 100 375333 2068045892 42263086 10044150
0b000d01 0b00c801 10007 100 758735 2042932425 67402409 10076293
0b000d01 0b00c001 10023 100 48732 2082081694 28253712 10016766
0b000201 0b00c901 10013 100 8141 2070846116 39499044 10013365
0b000501 0b00c101 10019 100 49623 2086679579 23680861 10016841
0b000d01 0b00cd01 10012 100 66307 2072290451 38091170 10018241
0b000c01 0b00c701 10019 100 4671 2084102440 26327795 10013072
0b000301 0b00ca01 10017 100 21307 2075313833 35122156 10014469
0b000301 0b00ca01 10024 100 71604 2086751152 23689272 10018684
0b000501 0b00c001 10026 100 73458 2085865472 24600436 10018840
0b000101 0b00c001 10025 100 30421 2081651491 28831628 10015232
0b000101 0b00ca01 10013 100 514412 2063819792 46685895 10055810
0b000c01 0b00c201 10023 100 28713 2059683288 50826202 10015088
0b000701 0b00c601 10023 100 6927 2076275487 34255050 10013261
0b000001 0b00ce01 10010 100 58603 2066813622 43719364 10017594
0b000d01 0b00c601 10022 100 715 2074274095 36276917 10012741
0b000801 0b00ca01 10018 100 89389 2086130847 24462070 10020176
0b000801 0b00c701 10006 100 1670111 2023833766 86785843 10152705
0b000801 0b00cd01 10012 100 1166852 2033629769 76990948 10110509
0b000201 0b00c501 10015 100 21124 2074488978 36148231 10014454
0b000501 0b00c601 10027 100 13713 2074499696 36154171 10013830
0b000d01 0b00cc01 10019 100 34815 2095302479 15396837 10015599
0b000d01 0b00cd01 10014 100 28197 2087207895 23497292 10015047
0b000d01 0b00c401 10004 100 3067927 2005654408 105065589 10269895
0b000f01 0b00cd01 10015 100 138794 2072274092 38471875 10024317
0b000101 0b00ce01 10022 100 55275 2084152487 26618445 10017317
0b000f01 0b00cd01 10013 100 622832 2063283649 47504860 10064898
0b000b01 0b00c601 10016 100 25391 2079182719 31636258 10014811
0b000701 0b00cc01 10017 100 22158 2073877734 36944936 10014540
0b000701 0b00c201 10019 100 5137 2088431979 22407471 10013114
0b000a01 0b00c801 10015 100 46664 2092625239 18234358 10016593
0b000301 0b00cd01 10015 100 68048 2063855472 47038578 10018388
0b000f01 0b00cf01 10010 100 126573 2071854799 39072663 10023293
0b000e01 0b00ca01 10020 100 26191 2083493609 27435342 10014878
0b000501 0b00c601 10032 100 36846 2087255009 23725436 10015769
0b000a01 0b00c701 10022 100 68857 2080929257 30060194 10018453
0b000501 0b00cb01 10013 100 729025 2048142969 62852603 10073805
0b000801 0b00c501 10014 100 107268 2061534478 49507717 10021676
0b000901 0b00c901 10021 100 6921 2083919288 27131981 10013260
0b000301 0b00c601 10021 100 2880 2064358679 46717804 10012921
0b000301 0b00c601 10022 100 49485 2067773757 43320179 10016830
0b000101 0b00c001 10027 100 17178 2086116796 24999167 10014123
0b000501 0b00c901 10005 100 767801 2036149324 74974162 10077053
0b000a01 0b00c101 10016 100 4098 2076435392 34700465 10013027
0b000901 0b00c201 10023 100 3094 2090604706 20613795 10012942
0b000001 0b00c101 10018 100 71583 2072454019 38790224 10018683
0b000601 0b00cd01 10011 100 37772 2062942528 48312274 10015847
0b000201 0b00ca01 10000 100 2046311 2004093635 107176221 10184245
0b000101 0b00ce01 10017 100 91839 2073013951 38279816 10020380
0b000801 0b00c101 10020 100 5537 2079356660 31962150 10013146
0b000f01 0b00c101 10022 100 47847 2087742535 23666781 10016692
0b000d01 0b00ce01 10026 100 191921 2081743771 29675495 10028770
0b000401 0b00cc01 10018 100 63329 2082919201 28515552 10017992
0b000901 0b00c301 10018 100 9399 2082499066 28991569 10013470
0b000201 0b00c201 10019 100 137011 2073816664 37676195 10024170
0b000801 0b00c101 10019 100 50817 2070640495 40874081 10016941
0b000e01 0b00c601 10012 100 12359 2080133710 31391581 10013718
0b000101 0b00c001 10021 100 76660 2071022625 40549111 10019108
0b000701 0b00cc01 10016 100 10211 2066785353 44811040 10013539
0b000501 0b00c501 10013 100 69976 2064715073 46888590 10018546
0b000301 0b00c601 10019 100 66552 2061019277 50618572 10018261
0b000f01 0b00ca01 10022 100 1094 2078232480 33435585 10012775
0b000301 0b00cb01 10020 100 70496 2072955787 38789349 10018592
0b000a01 0b00cf01 10011 100 954968 2046768519 65010571 10092744
0b000f01 0b00cf01 10007 100 359525 2063653226 48171552 10042824
0b000d01 0b00ce01 10023 100 34551 2076307558 35524455 10015578
0b000001 0b00c801 10020 100 3050 2062894752 48984652 10012939
0b000801 0b00c101 10014 100 1120853 2038888420 73017127 10106652
0b000b01 0b00cd01 10012 100 255146 2076326234 35621839 10034074
0b000901 0b00c301 10020 100 64902 2084898454 27073105 10018121
0b000b01 0b00c601 10010 100 481871 2049829687 62163588 10053080
0b000501 0b00c601 10028 100 60945 2076264745 35743824 10017789
0b000001 0b00c101 10017 100 5429 2069644160 42476244 10013137
0b000201 0b00c501 10018 100 192617 2079137696 32994727 10028830
0b000f01 0b00ca01 10021 100 761 2074699644 37438302 10012744
0b000f01 0b00c901 10020 100 31787 2062807805 49421688 10015345
0b000001 0b00c101 10020 100 6217 2079780411 32476473 10013204
0b000401 0b00c701 10015 100 2991 2078799823 33462793 10012930
0b000f01 0b00c101 10015 100 283761 2059142872 53136719 10036471
0b000f01 0b00cd01 10003 100 910815 2039320621 72979208 10089043
0b000401 0b00cc01 10016 100 12605 2074928496 37385505 10013738
0b000e01 0b00ce01 10018 100 81541 2083624041 28701986 10019518
0b000d01 0b00c501 10017 100 3408 2090227860 22145046 10012968
0b000201 0b00c101 10025 100 30037 2095490943 16902415 10015202
0b000601 0b00c601 10003 100 1701433 2014003810 98407467 10155330
0b000a01 0b00c001 10013 100 768280 2057718706 54708101 10077095
0b000f01 0b00cb01 10010 100 775911 2050694981 61792334 10077732
0b000c01 0b00c401 10017 100 476775 2070152933 42349567 10052653
0b000a01 0b00c601 10012 100 78643 2061456936 51048834 10019274
0b000501 0b00cc01 10017 100 5711 2055929820 56627157 10013159
0b000701 0b00ce01 10015 100 47716 2096871923 15723345 10016681
0b000901 0b00cd01 10015 100 48155 2083822689 28773870 10016720
0b000701 0b00c301 10017 100 32548 2067958905 44641678 10015410
0b000301 0b00ca01 10019 100 70612 2077370570 35234764 10018601
0b000101 0b00cc01 10019 100 20519 2079426551 33201727 10014402
0b000801 0b00c201 10024 100 27956 2088284412 24371817 10015024
0b000201 0b00cd01 10012 100 11780 2072931474 39734145 10013668
0b000a01 0b00ce01 10014 100 9270 2077705186 34969888 10013460
0b000b01 0b00c801 10017 100 22388 2077129037 35593498 10014559
0b000001 0b00cd01 10020 100 34085 2098733242 14022347 10015541
0b000501 0b00c301 10017 100 22971 2080750792 32033890 10014606
0b000801 0b00c701 10022 100 47188 2076198395 36614500 10016639
0b000601 0b00ce01 10016 100 8762 2074480147 38333165 10013415
0b000d01 0b00c201 10013 100 7509 2081225915 31617237 10013311
0b000201 0b00c901 10019 100 76948 2088446323 24410731 10019131
0b000f01 0b00cd01 10014 100 24835 2068353157 44567689 10014762
0b000101 0b00c701 10020 100 21328 2077549607 35387624 10014470
0b000501 0b00c601 10020 100 50852 2062572555 50370536 10016944
0b000f01 0b00c201 10025 100 19778 2080986406 31971814 10014339
0b000801 0b00c201 10028 100 56140 2094158472 18800822 10017390
0b000201 0b00c201 10020 100 62423 2080521264 32450728 10017915
0b000d01 0b00ca01 10019 100 9280 2086512937 26493069 10013460
0b000601 0b00c401 10018 100 46544 2063111815 49896195 10016584
0b000901 0b00ca01 10016 100 943 2075724361 37358692 10012759
0b000101 0b00c901 10022 100 1044 2080730985 32363336 10012771
0b000101 0b00cc01 10014 100 64801 2075051297 38085668 10018113
0b000101 0b00c501 10016 100 21041 2055938612 57204008 10014447
0b000a01 0b00c501 10010 100 29250 2056329535 56898766 10015135
0b000b01 0b00cb01 10016 100 40483 2080139686 33094332 10016076
0b000201 0b00cd01 10018 100 3470 2089573541 23675001 10012972
0b000d01 0b00cc01 10018 100 3708 2082814829 30516246 10012992
0b000b01 0b00c501 10009 100 517346 2064825025 48565921 10056056
0b000201 0b00c501 10016 100 37296 2074493756 38926623 10015809
0b000e01 0b00ca01 10016 100 27009 2074868955 38572260 10014948
0b000a01 0b00c701 10021 100 49388 2076631574 36856709 10016823
0b000301 0b00cd01 10016 100 392934 2063988017 49501144 10045623
0b000a01 0b00ce01 10017 100 3427 2097788566 15723193 10012969
0b000b01 0b00c001 10016 100 20033 2083122638 30413252 10014363
0b000301 0b00ce01 10020 100 69397 2080928258 32618408 10018500
0b000601 0b00cd01 10015 100 25380 2086461825 27094129 10014810
0b000501 0b00c201 10009 100 35841 2076177432 37393527 10015685
0b000801 0b00c101 10017 100 9753 2067651419 45958719 10013498
0b000b01 0b00c601 10019 100 8882 2086600439 27064271 10013425
0b000601 0b00c301 10019 100 4021 2076029054 37706658 10013020
0b000901 0b00ce01 10017 100 421622 2064647648 49102969 10048030
0b000101 0b00c801 10019 100 22712 2084528963 29254973 10014585
0b000401 0b00c701 10014 100 21215 2075815933 37971892 10014461
0b000401 0b00c901 10019 100 40804 2086468673 27319671 10016101
0b000501 0b00cb01 10016 100 167299 2081345594 32444094 10026709
0b000a01 0b00ce01 10018 100 1482 2098280619 15513962 10012806
0b000c01 0b00c901 10020 100 6519 2087523345 26307319 10013228
0b000801 0b00cf01 10014 100 40636 2074994155 38864979 10016088
0b000301 0b00ca01 10010 100 25521 2056748191 57150480 10014821
0b000001 0b00c601 10010 100 18450 2068404812 45498088 10014228
0b000901 0b00c801 10016 100 503636 2068493521 45416844 10054906
0b000f01 0b00c201 10027 100 49334 2082790451 31143024 10016818
0b000201 0b00ca01 10020 100 23877 2089234967 24738085 10014682
0b000801 0b00c201 10026 100 33170 2092133914 21841930 10015464
0b000801 0b00cd01 10019 100 47287 2062650602 51344272 10016647
0b000301 0b00cc01 10015 100 5835 2089670963 24327624 10013169
0b000801 0b00cd01 10024 100 6483 2079259911 34825443 10013225
0b000e01 0b00c101 10022 100 34121 2074931647 39196668 10015544
0b000f01 0b00c301 10019 100 65978 2097754393 16380228 10018211
0b000901 0b00cc01 10014 100 330557 2056868210 57301049 10040395
0b000301 0b00ce01 10021 100 56388 2083268739 30919929 10017409
0b000801 0b00c501 10016 100 2337 2074884291 39313083 10012878
0b000201 0b00c101 10021 100 76004 2077795025 36429337 10019056
0b000c01 0b00ca01 10014 100 37582 2069038300 45225708 10015832
0b000a01 0b00c401 10020 100 77323 2078853735 35416075 10019165
0b000701 0b00c601 10009 100 1002272 2026965258 87332462 10096713
0b000001 0b00ce01 10014 100 75050 2082493441 31810912 10018975
0b000701 0b00c501 10004 100 1455967 2017208393 97152832 10134748
0b000501 0b00ce01 10014 100 68254 2075771508 38618592 10018405
0b000f01 0b00c101 10021 100 2402 2081126993 33328702 10012883
0b000001 0b00cd01 10016 100 40608 2085045006 29423878 10016086
0b000101 0b00c101 10021 100 28289 2078877669 35592708 10015054
0b000e01 0b00cc01 10023 100 63705 2086574167 27899252 10018022
0b000801 0b00c101 10023 100 5328 2081839832 32656456 10013129
0b000701 0b00c401 10018 100 15560 2077762229 36803727 10013986
0b000a01 0b00cb01 10014 100 99458 2080117824 34498322 10021020
0b000f01 0b00c201 10023 100 541154 2068816532 45814002 10058053
0b000f01 0b00cc01 10017 100 47146 2086952724 27728750 10016636
0b000601 0b00c301 10016 100 5647 2064057887 50625289 10013154
0b000901 0b00c201 10019 100 53971 2078769176 35959062 10017205
0b000f01 0b00c301 10017 100 5122 2085231759 29522879 10013112
0b000a01 0b00c901 10027 100 62967 2075990121 38787527 10017959
0b000401 0b00c001 10024 100 44028 2069792844 45023270 10016375
0b000d01 0b00c101 10007 100 831516 2041439356 73416667 10082396
0b000301 0b00c801 10013 100 2367 2072557197 42309227 10012880
0b000a01 0b00cd01 10021 100 69453 2070471100 44398438 10018505
0b000001 0b00c801 10025 100 24227 2080018738 34856898 10014714
0b000701 0b00c201 10020 100 46190 2099163616 15729626 10016555
0b000601 0b00c501 10016 100 110187 2085289237 29610714 10021921
0b000301 0b00c601 10023 100 72577 2076727038 38254478 10018766
0b000101 0b00c601 10020 100 9913 2091113852 23875320 10013511
0b000601 0b00c101 10027 100 51276 2091542271 23457709 10016981
0b000901 0b00c801 10019 100 8231 2075746964 39256328 10013373
0b000001 0b00c201 10018 100 27527 2077142688 37955301 10014989
0b000501 0b00c601 10030 100 3004 2081568857 33566855 10012935
0b000701 0b00cb01 10019 100 18408 2088037982 27116551 10014225
0b000e01 0b00c901 10024 100 34457 2099810908 15361931 10015570
0b000e01 0b00c101 10017 100 512500 2052202889 62976111 10055649
0b000801 0b00c501 10026 100 2005 2090529575 24664594 10012851
0b000b01 0b00c301 10023 100 175484 2068077788 47219446 10027394
0b000f01 0b00c301 10011 100 1110402 2038262575 77094053 10105778
0b000901 0b00cf01 10023 100 13487 2091403243 23961675 10013812
0b000a01 0b00ca01 10013 100 16711 2068776447 46590417 10014082
0b000b01 0b00ca01 10020 100 56591 2098165457 17242585 10017426
0b000201 0b00cf01 10005 100 1196304 2010382847 105025939 10112980
0b000c01 0b00c601 10027 100 7705 2084272733 31197075 10013327
0b000b01 0b00c801 10019 100 75492 2089277979 26195371 10019011
0b000c01 0b00c601 10020 100 593596 2068534350 46947780 10062448
0b000901 0b00ca01 10022 100 9422 2090978477 24567750 10013472
0b000d01 0b00c701 10016 100 338408 2079671439 35884670 10041054
0b000101 0b00ce01 10020 100 45431 2080355234 35203062 10016491
0b000c01 0b00c201 10026 100 9697 2065269948 50298024 10013494
0b000801 0b00c501 10019 100 1911 2080666534 34943382 10012840
0b000e01 0b00c201 10014 100 44154 2099588132 16023699 10016385
0b000401 0b00ce01 10019 100 238401 2079978489 35666320 10032669
0b000301 0b00c301 10022 100 63644 2098829546 16820191 10018017
0b000101 0b00c001 10024 100 7897 2081058266 34598953 10013342
0b000601 0b00c301 10021 100 10365 2081843466 33814111 10013551
0b000a01 0b00cc01 10020 100 69793 2088703693 26963049 10018532
0b000b01 0b00ce01 10019 100 34384 2077929165 37743397 10015565
0b000901 0b00c301 10009 100 1287457 2035031220 80697118 10120622
0b000101 0b00c301 10015 100 62296 2088842732 26969475 10017905
0b000d01 0b00cc01 10014 100 445772 2054537786 61284513 10050054
0b000e01 0b00c101 10021 100 73363 2070258568 45612054 10018833
0b000601 0b00cc01 10011 100 32963 2092375162 23502936 10015443
0b000101 0b00c501 10021 100 33672 2068079855 47802582 10015504
0b000501 0b00c101 10018 100 24216 2077504584 38399443 10014713
0b000001 0b00c201 10016 100 39254 2075371434 40535039 10015973
0b000001 0b00cf01 10025 100 37781 2090391975 25528219 10015848
0b000701 0b00cd01 10012 100 31933 2076529461 39430630 10015357
0b000301 0b00ca01 10015 100 61679 2071724753 44277548 10017852
0b000001 0b00cb01 10015 100 44095 2081594031 34425179 10016380
0b000101 0b00cb01 10020 100 18811 2091902904 24150855 10014257
0b000101 0b00c501 10018 100 312736 2059113883 56950280 10038900
0b000001 0b00c301 10012 100 8937 2066897147 49203190 10013429
0b000001 0b00c901 10025 100 8285 2081575992 34525522 10013377
0b000301 0b00c201 10016 100 4583 2082689337 33417811 10013065
0b000301 0b00c201 10015 100 186811 2072518957 43658706 10028342
0b000e01 0b00c601 10016 100 15743 2093907671 22310713 10014000
0b000b01 0b00c201 10013 100 173731 2091608030 24612732 10027246
0b000001 0b00cb01 10011 100 9094 2066939554 49286290 10013445
0b000801 0b00cc01 10020 100 47812 2097840249 18396306 10016689
0b000d01 0b00ce01 10020 100 250327 2071273584 44976955 10033670
0b000501 0b00cd01 10007 100 1098709 2029187455 87067099 10104796
0b000501 0b00c901 10017 100 42902 2076411139 39846157 10016277
0b000801 0b00c501 10028 100 10731 2095689536 20611935 10013580
0b000701 0b00c001 10018 100 11269 2084288120 32024751 10013627
0b000a01 0b00cd01 10020 100 2341 2068389711 47953212 10012878
0b000801 0b00c501 10025 100 184711 2087131818 29212029 10028167
0b000f01 0b00cd01 10020 100 57223 2088112413 28233416 10017480
0b000101 0b00c901 10019 100 7943 2079790716 36614690 10013346
0b000801 0b00c901 10019 100 76472 2078534413 37923771 10019093
0b000401 0b00c401 10012 100 64706 2088324554 28162603 10018106
0b000901 0b00c301 10014 100 67514 2068738600 47784150 10018342
0b000601 0b00c401 10020 100 9491 2078555533 38009814 10013477
0b000901 0b00c301 10019 100 24082 2084682842 31914646 10014702
0b000a01 0b00cf01 10020 100 3558 2079609914 36988246 10012980
0b000301 0b00c901 10009 100 54559 2065677700 50933817 10017255
0b000b01 0b00c001 10003 100 1890263 2028582773 88032742 10171162
0b000201 0b00ca01 10017 100 35175 2079365457 37255708 10015632
0b000901 0b00ce01 10025 100 30790 2092054795 24586196 10015262
0b000001 0b00cd01 10018 100 1679 2092366843 24289553 10012822
0b000c01 0b00cd01 10015 100 177039 2074201187 42517489 10027526
0b000001 0b00cf01 10017 100 28815 2081799129 34939420 10015096
0b000401 0b00c401 10005 100 949763 2055317613 61428184 10092309
0b000801 0b00c901 10017 100 191881 2075623434 41124281 10028767
0b000201 0b00ca01 10019 100 20965 2083474602 33322076 10014437
0b000401 0b00c601 10014 100 47518 2071486467 45329933 10016665
0b000a01 0b00c801 10011 100 7503 2081764152 35061707 10013310
0b000301 0b00c801 10016 100 59859 2079889877 36944649 10017699
0b000f01 0b00c101 10020 100 36681 2080208888 36681505 10015756
0b000701 0b00cd01 10004 100 1277300 2022351052 94566044 10119771
0b000101 0b00c501 10006 100 1536141 2024471550 92446070 10141473
0b000201 0b00c601 10021 100 2659 2083372681 33545862 10012904
0b000c01 0b00cb01 10015 100 7751 2075033717 41900956 10013330
0b000c01 0b00c601 10009 100 967333 2035029477 81964445 10093783
0b000301 0b00cd01 10018 100 13691 2080143586 36868515 10013829
0b000601 0b00c501 10015 100 37680 2078095953 38933090 10015840
0b000801 0b00c201 10021 100 22344 2085434129 31631576 10014555
0b000101 0b00c901 10017 100 6522 2077193303 39876257 10013228
0b000701 0b00c601 10018 100 639243 2059010860 58083816 10066277
0b000c01 0b00ce01 10016 100 1979 2080861812 36236984 10012846
0b000d01 0b00c201 10011 100 488095 2071328596 45786325 10053605
0b000201 0b00c201 10017 100 534298 2061854105 55296240 10057478
0b000601 0b00ca01 10016 100 353 2079033132 38239676 10012712
0b000f01 0b00cb01 10015 100 27849 2072739788 44553047 10015015
0b000701 0b00c201 10015 100 15441 2081096274 36258412 10013976
0b000901 0b00c101 10025 100 250000 2084005013 33372607 10033640
0b000601 0b00cf01 10021 100 529 2091894681 25486581 10012726
0b000401 0b00c001 10027 100 93389 2078464239 38928774 10020512
0b000401 0b00c501 10023 100 8499 2084783435 32610165 10013394
0b000101 0b00c901 10018 100 31282 2079328893 38071079 10015305
0b000401 0b00c901 10017 100 19781 2078950573 38503781 10014339
0b000801 0b00c001 10018 100 5687 2086226084 31319338 10013158
0b000a01 0b00c101 10021 100 24835 2096303835 21258401 10014762
0b000501 0b00c601 10025 100 15900 2068945779 48659954 10014013
0b000a01 0b00c801 10012 100 52300 2084422125 33192017 10017067
0b000a01 0b00c001 10022 100 29949 2092350435 25265439 10015191
0b000a01 0b00c301 10010 100 1206698 2037460110 80168682 10113850
0b000401 0b00c001 10022 100 424423 2067726323 49915619 10048265
0b000601 0b00c201 10012 100 1137 2079896339 37812835 10012778
0b000d01 0b00cc01 10017 100 42464 2082530366 35188721 10016242
0b000f01 0b00ca01 10020 100 25360 2072682357 45079919 10014808
0b000e01 0b00c101 10020 100 653312 2064255890 53508226 10067456
0b000001 0b00c701 10020 100 5139 2097179214 20614595 10013114
0b000e01 0b00c701 10012 100 1062 2085287172 32510395 10012772
0b000c01 0b00c501 10012 100 37963 2068719631 49083431 10015862
0b000001 0b00c701 10019 100 55914 2092249459 25588785 10017368
0b000501 0b00cd01 10021 100 1244 2081803541 36085683 10012787
0b000901 0b00c101 10021 100 65986 2069608104 48315799 10018212
0b000001 0b00c901 10021 100 168955 2068871146 49056646 10026845
0b000a01 0b00c901 10029 100 23225 2081875294 36056479 10014630
0b000501 0b00c201 10008 100 4302 2076087541 41854778 10013043
0b000901 0b00cb01 10005 100 1220575 2033218438 84885399 10115014
0b000a01 0b00c701 10018 100 850707 2058769972 59351301 10084004
0b000201 0b00c301 10005 100 1145227 2022626745 95526282 10108698
0b000c01 0b00c301 10015 100 21563 2076318904 41835244 10014489
0b000801 0b00c401 10025 100 76137 2093788527 24373524 10019066
0b000d01 0b00c201 10015 100 52047 2086306314 31897855 10017047
0b000301 0b00cb01 10019 100 2903 2072798269 45408903 10012923
0b000101 0b00cc01 10009 100 836122 2044589059 73623014 10082783
0b000601 0b00ce01 10018 100 23654 2091001600 27232951 10014664
0b000601 0b00c801 10021 100 72773 2081365518 36871413 10018782
0b000701 0b00c701 10032 100 75432 2091864054 26378312 10019006
0b000901 0b00ca01 10018 100 149699 2080676985 37567197 10025231
0b000101 0b00ce01 10023 100 42485 2092249551 26013574 10016243
0b000901 0b00ca01 10024 100 58564 2095671541 22656303 10017591
0b000d01 0b00c401 10030 100 359 2084079829 34255238 10012712
0b000b01 0b00c601 10011 100 1142167 2053239931 65107991 10108442
0b000b01 0b00c201 10010 100 75797 2085453365 32937343 10019035
0b000101 0b00c501 10024 100 58204 2080086885 38313499 10017562
0b000b01 0b00c601 10015 100 731415 2072249237 46155190 10074004
0b000f01 0b00c601 10012 100 29714 2058700179 59741657 10015172
0b000c01 0b00c401 10018 100 55842 2072332917 46115935 10017362
0b000001 0b00c101 10023 100 24931 2084001988 34510856 10014770
0b000a01 0b00c201 10019 100 4853 2098342552 20206950 10013087
0b000201 0b00c701 10006 100 985662 2024708922 93867084 10095319
0b000401 0b00cf01 10023 100 60345 2095134848 23478849 10017741
0b000801 0b00c201 10020 100 46140 2083235189 35434016 10016551
0b000801 0b00c201 10025 100 2991 2091345727 27349275 10012930
0b000e01 0b00c001 10017 100 5618 2085820723 32877636 10013152
0b000201 0b00c601 10026 100 25218 2094106560 24603566 10014797
0b000e01 0b00c001 10016 100 12945 2080068749 38655876 10013765
0b000d01 0b00ca01 10018 100 608 2082525430 36273698 10012732
0b000e01 0b00c301 10015 100 590 2093130034 25680625 10012731
0b000001 0b00c701 10018 100 38227 2086795507 32017346 10015887
0b000f01 0b00ce01 10017 100 63426 2075628921 43245826 10017999
0b000901 0b00c001 10020 100 55675 2083286440 35599287 10017349
0b000c01 0b00ce01 10015 100 26616 2079768040 39128712 10014912
0b000301 0b00c801 10014 100 153541 2076770826 42131100 10025554
0b000b01 0b00ca01 10014 100 1058618 2056157778 62760215 10101436
0b000501 0b00c301 10018 100 43039 2083717736 35203331 10016292
0b000801 0b00cc01 10018 100 62467 2075770835 43180904 10017919
0b000201 0b00cc01 10022 100 21826 2081680557 37277479 10014510
0b000401 0b00cf01 10022 100 27552 2091679263 27432022 10014991
0b000101 0b00c901 10028 100 10038 2091336736 27782946 10013525
0b000b01 0b00c601 10013 100 66830 2068748288 50377221 10018283
0b000201 0b00c301 10013 100 8220 2081316097 37819579 10013372
0b000801 0b00c601 10014 100 194807 2075966344 43182941 10029013
0b000001 0b00cc01 10024 100 9590 2091575396 27575698 10013485
0b000d01 0b00c501 10012 100 9524 2075464527 43698705 10013480
0b000901 0b00c501 10028 100 114295 2083655417 35552662 10022265
0b000d01 0b00c101 10021 100 1437 2083932581 35304916 10012802
0b000501 0b00cf01 10008 100 990078 2032683621 86647897 10095691
0b000601 0b00cb01 10011 100 902623 2042529002 76810115 10088357
0b000501 0b00cb01 10021 100 5350 2096905861 22465861 10013131
0b000201 0b00cc01 10025 100 4085 2087183597 32205209 10013026
0b000f01 0b00c901 10026 100 193961 2098399344 21001742 10028941
0b000d01 0b00c301 10027 100 5440 2086302696 33102499 10013138
0b000901 0b00c401 10015 100 28957 2068954173 50453455 10015107
0b000801 0b00c401 10021 100 36607 2080995119 38413361 10015750
0b000b01 0b00cc01 10018 100 23087 2069274798 50165904 10014619
0b000101 0b00cb01 10009 100 818707 2046644060 72853830 10081321
0b000f01 0b00cc01 10018 100 33955 2092364995 27169335 10015526
0b000f01 0b00c201 10026 100 18917 2082719996 36822260 10014266
0b000801 0b00ca01 10024 100 34611 2093689592 25925842 10015583
0b000301 0b00c601 10020 100 253134 2062490543 57224168 10033906
0b000c01 0b00cc01 10021 100 74137 2090625676 29091142 10018898
0b000701 0b00c801 10025 100 33616 2082624468 37148428 10015499
0b000e01 0b00c401 10014 100 15181 2084940529 34900118 10013955
0b000701 0b00c801 10024 100 59458 2081300516 38546469 10017667
0b000801 0b00ca01 10025 100 34943 2093957303 25982597 10015609
0b000001 0b00c101 10022 100 20292 2083880446 36066911 10014384
0b000c01 0b00c601 10026 100 73090 2081998758 37961782 10018811
0b000101 0b00c901 10025 100 4117 2082657080 37307230 10013028
0b000401 0b00c701 10017 100 107588 2090159904 29811732 10021701
0b000801 0b00cd01 10023 100 44101 2078326617 41711963 10016380
0b000301 0b00cc01 10014 100 106995 2080756955 39306511 10021650
0b000401 0b00c501 10021 100 71052 2081812166 38252722 10018640
0b000501 0b00c701 10015 100 184245 2077209867 42871158 10028130
0b000b01 0b00cb01 10014 100 6518 2071285774 48807319 10013228
0b000c01 0b00ca01 10016 100 59754 2079775095 40359875 10017690
0b000401 0b00c201 10013 100 32526 2085481745 34692390 10015408
0b000f01 0b00cd01 10019 100 67463 2084333007 35889384 10018338
0b000901 0b00c601 10014 100 17750 2074760659 45482143 10014169
0b000901 0b00c501 10025 100 79794 2069147308 51096408 10019370
0b000e01 0b00cf01 10030 100 8924 2097968666 22285742 10013428
0b000801 0b00c501 10022 100 33990 2082174279 38092705 10015529
0b000b01 0b00ca01 10018 100 7204 2085562889 34756726 10013287
0b000501 0b00c601 10034 100 47324 2088132622 32216295 10016650
0b000901 0b00c801 10018 100 191 2070845792 49517472 10012699
0b000901 0b00c801 10017 100 147823 2069885154 50498138 10025074
0b000701 0b00c401 10020 100 70785 2082493117 37921390 10018615
0b000e01 0b00cb01 10015 100 60792 2083737939 36719602 10017777
0b000301 0b00ca01 10016 100 23438 2073352739 47123745 10014647
0b000601 0b00c901 10020 100 48918 2081087836 39421894 10016781
0b000201 0b00c401 10011 100 63487 2075379975 45165383 10018004
0b000801 0b00ca01 10019 100 15463 2087061711 33489897 10013978
0b000501 0b00cc01 10018 100 606527 2056431662 64123670 10063533
0b000801 0b00c501 10018 100 6124 2080507600 40138985 10013196
0b000d01 0b00c801 10005 100 1594985 2018778822 101874873 10146403
0b000401 0b00cc01 10019 100 9167 2087280209 33400129 10013451
0b000b01 0b00c501 10014 100 74903 2087346517 33387950 10018960
0b000301 0b00c901 10014 100 17693 2084449559 36310168 10014164
0b000701 0b00c801 10022 100 260142 2075055465 45717908 10034493
0b000b01 0b00c001 10017 100 6524 2089277285 31514768 10013228
0b000f01 0b00c201 10032 100 18789 2094113354 26678790 10014256
0b000601 0b00c701 10017 100 150486 2088637658 32168282 10025298
0b000101 0b00c101 10022 100 74935 2086605893 34230655 10018962
0b000201 0b00c401 10013 100 8244 2078110360 42732597 10013374
0b000f01 0b00c201 10009 100 1113063 2035840105 85028044 10106002
0b000a01 0b00cc01 10014 100 506415 2068964176 51923568 10055140
0b000401 0b00cd01 10015 100 69882 2085571106 35338565 10018539
0b000501 0b00cd01 10020 100 4844 2077303673 43644210 10013086
0b000101 0b00c101 10006 100 1291284 2028446699 92511064 10120944
0b000c01 0b00cd01 10019 100 107659 2094997585 25989833 10021707
0b000501 0b00cd01 10019 100 2021 2076826431 44163307 10012853
0b000a01 0b00ce01 10016 100 128444 2086841804 34172466 10023450
0b000b01 0b00c401 10022 100 3880 2086296998 34717388 10013005
0b000801 0b00ca01 10008 100 1624713 2029123542 91891888 10148897
0b000a01 0b00c801 10016 100 25767 2096116725 24944477 10014841
0b000f01 0b00c501 10024 100 5836 2095296492 25845646 10013169
0b000301 0b00cf01 10012 100 791418 2060074403 61091899 10079034
0b000601 0b00ca01 10022 100 23150 2097678805 23499249 10014624
0b000501 0b00cb01 10020 100 24090 2094041985 27190252 10014703
0b000501 0b00c101 10025 100 29523 2097643925 23604843 10015157
0b000c01 0b00c101 10013 100 727163 2052540060 68723486 10073648
0b000901 0b00cf01 10017 100 26524 2071901125 49453485 10014905
0b000b01 0b00c701 10010 100 252734 2077521361 43833894 10033870
0b000b01 0b00c601 10021 100 10253 2097106992 24271357 10013542
0b000901 0b00c701 10008 100 1631223 2029201460 92181615 10149444
0b000601 0b00cd01 10019 100 43217 2097186927 24272583 10016306
0b000301 0b00c601 10027 100 25590 2085635218 35918372 10014827
0b000101 0b00c701 10018 100 25815 2074078774 47484127 10014845
0b000001 0b00cf01 10018 100 51414 2082699026 38875272 10016992
0b000601 0b00cf01 10017 100 27632 2063757949 57816397 10014998
0b000501 0b00c301 10021 100 16728 2095717959 25883217 10014083
0b000101 0b00c901 10020 100 22326 2079965499 41652757 10014554
0b000f01 0b00c401 10017 100 105160 2082096160 39550004 10021499
0b000401 0b00c901 10018 100 519 2085632014 36031765 10012725
0b000b01 0b00c701 10009 100 22001 2071825666 49875338 10014528
0b000101 0b00ce01 10016 100 12765 2069672848 52048970 10013751
0b000101 0b00c701 10023 100 43181 2088388693 33349754 10016303
0b000d01 0b00c901 10021 100 4561 2077358418 44403262 10013064
0b000f01 0b00c301 10016 100 176644 2081326985 40435990 10027491
0b000e01 0b00c801 10019 100 48521 2093837054 27968728 10016749
0b000101 0b00c001 10026 100 26268 2086050292 35815027 10014885
0b000d01 0b00c201 10012 100 75358 2071380690 50489361 10019000
0b000601 0b00cf01 10010 100 1197096 2035342763 86575813 10113048
0b000901 0b00cc01 10020 100 65671 2091664315 30291473 10018187
0b000001 0b00cb01 10006 100 1564672 2040904542 81079171 10143863
0b000201 0b00c701 10017 100 158661 2086331905 35686315 10025983
0b000201 0b00c801 10017 100 12389 2083992058 38077026 10013721
0b000201 0b00cf01 10028 100 2623 2098983447 23117832 10012901
0b000501 0b00c101 10023 100 940 2092728337 29376495 10012759
0b000001 0b00cf01 10022 100 24146 2087069875 35044552 10014707
0b000c01 0b00cf01 10011 100 68685 2083371239 38776375 10018439
0b000001 0b00cb01 10020 100 76219 2087935751 34212558 10019073
0b000801 0b00c501 10023 100 4292 2085024493 37125002 10013042
0b000801 0b00c201 10023 100 33220 2086259462 35937806 10015468
0b000701 0b00cd01 10014 100 16939 2083192067 39016233 10014100
0b000201 0b00cf01 10021 100 208031 2077224601 44996257 10030125
0b000e01 0b00c901 10023 100 23326 2099211025 23061612 10014638
0b000c01 0b00cb01 10020 100 32321 2098962757 23330677 10015392
0b000d01 0b00c501 10013 100 79792 2079430879 42883116 10019370
0b000901 0b00c501 10021 100 840831 2042195602 80136012 10083175
0b000201 0b00c201 10024 100 59533 2094456382 27907216 10017673
0b000b01 0b00cf01 10027 100 550 2098297446 24085882 10012727
0b000401 0b00c801 10012 100 5818 2065334733 57061235 10013168
0b000401 0b00c701 10019 100 23776 2095207059 27271049 10014674
0b000b01 0b00c301 10029 100 15864 2087414910 35086457 10014010
0b000d01 0b00c401 10031 100 20365 2085420166 37095375 10014389
0b000a01 0b00c901 10031 100 39215 2084194049 38337761 10015970
0b000d01 0b00c001 10022 100 5464 2078938595 43611039 10013140
0b000a01 0b00cb01 10017 100 46082 2082405023 40181784 10016547
0b000401 0b00c601 10015 100 17676 2079928589 42707439 10014163
0b000801 0b00c201 10014 100 670928 2059760912 62891258 10068930
0b000201 0b00c601 10012 100 751196 2053715046 68977048 10075663
0b000f01 0b00c401 10016 100 370687 2081169382 41541283 10043759
0b000601 0b00c201 10004 100 1524979 2020828653 101882681 10140534
0b000901 0b00c001 10010 100 1076088 2042402046 80333685 10102902
0b000901 0b00cb01 10019 100 20194 2098423889 24351314 10014376
0b000c01 0b00cd01 10017 100 9245 2088836021 33948835 10013458
0b000801 0b00ca01 10017 100 23138 2085034000 37756391 10014623
0b000501 0b00c901 10022 100 18581 2087833359 34982987 10014239
0b000701 0b00c701 10010 100 1000575 2025307184 97540103 10096569
0b000401 0b00cb01 10020 100 3108 2086583634 36264020 10012944
0b000b01 0b00ca01 10019 100 65960 2086449276 36405513 10018210
0b000501 0b00c101 10020 100 51996 2087795735 35131474 10017039
0b000f01 0b00c401 10020 100 60804 2094316671 28611704 10017778
0b000a01 0b00ce01 10013 100 122404 2075730143 47215446 10022944
0b000c01 0b00c601 10021 100 41391 2078189016 44810526 10016152
0b000001 0b00c901 10029 100 445 2095734735 27306022 10012719
0b000201 0b00cc01 10023 100 29492 2082329426 40731168 10015154
0b000401 0b00c801 10013 100 11865 2089665097 33406011 10013675
0b000d01 0b00cf01 10013 100 2326 2089448303 33654068 10012877
0b000d01 0b00c001 10024 100 58085 2086984752 36135440 10017553
0b000101 0b00c301 10012 100 6332 2085462897 37666253 10013213
0b000001 0b00c301 10019 100 8181 2095494819 27662187 10013369
0b000701 0b00ce01 10011 100 79777 2075598118 47600282 10019369
0b000401 0b00ce01 10017 100 23627 2074480782 48722677 10014662
0b000801 0b00cc01 10021 100 78905 2098550055 24677577 10019295
0b000901 0b00cb01 10017 100 27303 2090263871 32968786 10014971
0b000c01 0b00c601 10022 100 5031 2078737690 44499929 10013105
0b000301 0b00ca01 10018 100 24680 2077039736 46202375 10014750
0b000d01 0b00c701 10019 100 6843 2087537175 35721775 10013254
0b000901 0b00cc01 10011 100 681723 2051361065 71899022 10069836
0b000e01 0b00c901 10020 100 18655 2078469494 44806441 10014245
0b000d01 0b00c501 10016 100 20804 2083356098 39921457 10014424
0b000c01 0b00c601 10018 100 368908 2066259991 57028296 10043609
0b000701 0b00ce01 10014 100 45073 2085432142 37892997 10016462
0b000101 0b00c801 10009 100 520900 2057378047 65948149 10056352
0b000f01 0b00c401 10019 100 122811 2087950039 35500110 10022977
0b000101 0b00c201 10010 100 54553 2083652541 39828833 10017255
0b000101 0b00c401 10015 100 56123 2085463386 38036571 10017388
0b000101 0b00c401 10004 100 878997 2048483524 75057185 10086375
0b000a01 0b00c401 10018 100 26397 2070583420 52977101 10014895
0b000801 0b00cb01 10012 100 25942 2066642326 56925569 10014855
0b000c01 0b00c001 10018 100 9471 2089147985 34441375 10013476
0b000b01 0b00c101 10033 100 18716 2088467157 35136809 10014250
0b000a01 0b00c001 10019 100 179940 2075458985 48162598 10027766
0b000701 0b00c001 10014 100 53502 2073777859 49847808 10017167
0b000301 0b00ce01 10019 100 186105 2080565335 43113629 10028286
0b000d01 0b00c401 10024 100 714365 2062402743 61279497 10072574
0b000e01 0b00ce01 10019 100 67112 2087434544 36252758 10018310
0b000d01 0b00c001 10020 100 232753 2075745883 47960366 10032194
0b000201 0b00c501 10022 100 18238 2098135131 25651457 10014212
0b000601 0b00ce01 10022 100 14789 2097976323 25816211 10013920
0b000801 0b00ce01 10021 100 20303 2088396556 35419181 10014384
0b000e01 0b00cc01 10020 100 275076 2068636081 55204774 10035745
0b000901 0b00c901 10023 100 4526 2096110817 27737783 10013061
0b000b01 0b00c101 10030 100 10535 2080865331 42987776 10013565
0b000f01 0b00c801 10014 100 253475 2083014619 40853754 10033933
0b000c01 0b00cf01 10003 100 1003181 2035317465 88565254 10096789
0b000a01 0b00c101 10013 100 882698 2061763152 62126021 10086686
0b000201 0b00c901 10017 100 5970 2086203931 37725892 10013180
0b000601 0b00ca01 10018 100 44570 2088236869 35790018 10016418
0b000501 0b00cc01 10023 100 26381 2096745202 27292309 10014894
0b000101 0b00cf01 10014 100 44961 2076756352 47288689 10016449
0b000501 0b00ce01 10020 100 61130 2083983485 40090322 10017808
0b000e01 0b00c501 10018 100 124219 2083063090 41023787 10023097
0b000601 0b00c901 10011 100 882807 2051786751 72326033 10086695
0b000801 0b00c601 10016 100 26136 2095171781 28941453 10014874
0b000e01 0b00c101 10023 100 435864 2075279710 48888393 10049223
0b000901 0b00c201 10025 100 15526 2091444668 32777539 10013983
0b000101 0b00c401 10016 100 24645 2091214028 33015683 10014747
0b000501 0b00cf01 10012 100 21821 2079411761 44830216 10014510
0b000801 0b00c701 10024 100 25853 2088336389 35907087 10014848
0b000b01 0b00c401 10020 100 541 2080427548 43842239 10012727
0b000901 0b00cb01 10014 100 57361 2077999507 46302635 10017491
0b000d01 0b00c701 10010 100 811698 2049879305 74484583 10080733
0b000b01 0b00cf01 10017 100 851113 2067574299 56802677 10084040
0b000701 0b00cd01 10013 100 149942 2080959813 43417398 10025251
0b000d01 0b00cb01 10013 100 379048 2068052649 56339563 10044463
0b000501 0b00c901 10026 100 45302 2096225712 28182719 10016480
0b000101 0b00cf01 10013 100 20851 2067017392 57440049 10014428
0b000101 0b00ce01 10018 100 56111 2079437752 45048776 10017387
0b000501 0b00c401 10017 100 92573 2087532935 36975360 10020442
0b000b01 0b00c201 10008 100 422747 2078935691 45605406 10048124
0b000801 0b00c201 10019 100 102445 2079183748 45407443 10021271
0b000f01 0b00c401 10007 100 970059 2048116010 76558578 10094013
0b000a01 0b00cf01 10023 100 32426 2095352539 29358115 10015400
0b000801 0b00c001 10021 100 7447 2092208024 32505250 10013306
0b000c01 0b00c001 10017 100 9314 2088173806 36545146 10013463
0b000601 0b00c101 10003 100 1830959 2014713674 110012884 10166187
0b000201 0b00ca01 10018 100 53911 2079684202 45120457 10017200
0b000d01 0b00c101 10005 100 1239559 2031507297 93304584 10116606
0b000e01 0b00cf01 10029 100 75105 2095745232 29075847 10018980
0b000f01 0b00c201 10022 100 8852 2066500870 58370616 10013422
0b000e01 0b00cc01 10022 100 66466 2082842337 42033414 10018254
0b000d01 0b00cb01 10015 100 78396 2082318852 42591851 10019255
0b000d01 0b00c301 10029 100 105888 2090868166 34071600 10021558
0b000401 0b00c501 10020 100 199831 2080927534 44017899 10029434
0b000c01 0b00cf01 10015 100 26909 2098275688 26670292 10014936
0b000c01 0b00c601 10025 100 159239 2081559851 43401706 10026033
0b000301 0b00c501 10018 100 64371 2092747220 32278552 10018079
0b000501 0b00c901 10019 100 71951 2086463455 38577342 10018712
0b000a01 0b00c201 10017 100 21904 2091686677 33401333 10014516
0b000301 0b00ca01 10020 100 83778 2081680008 43421060 10019704
0b000c01 0b00c901 10022 100 35843 2089702985 35451504 10015685
0b000901 0b00c301 10012 100 338043 2061382152 63775891 10041025
0b000401 0b00cc01 10020 100 281301 2087414725 37802583 10036266
0b000e01 0b00c101 10029 100 10142 2088730362 36505368 10013533
0b000d01 0b00c301 10033 100 7187 2098973219 26266222 10013285
0b000b01 0b00ce01 10021 100 74036 2099808369 25481155 10018890
0b000a01 0b00cb01 10018 100 189948 2087633316 37758200 10028605
0b000c01 0b00c901 10023 100 137468 2097890506 27507382 10024207
0b000f01 0b00c301 10015 100 44186 2076515665 48894588 10016387
0b000b01 0b00cd01 10013 100 31687 2088228473 37193659 10015337
0b000d01 0b00ce01 10031 100 63970 2096931098 28502749 10018043
0b000c01 0b00c101 10022 100 74454 2088609094 36849450 10018924
0b000c01 0b00cf01 10013 100 6661 2089111815 36373677 10013239
0b000201 0b00cf01 10025 100 25984 2091592654 33893711 10014858
0b000c01 0b00c201 10020 100 412357 2052576292 72934213 10047254
0b000901 0b00ca01 10025 100 59354 2098497914 27017582 10017658
0b000101 0b00c201 10011 100 6478 2093066874 32500003 10013225
0b000901 0b00c601 10019 100 12900 2093739761 31917101 10013761
0b000601 0b00c401 10022 100 5384 2085281417 40403073 10013133
0b000501 0b00c001 10028 100 63642 2087703800 37998079 10018017
0b000701 0b00c201 10016 100 22030 2081128064 44578444 10014530
0b000e01 0b00c501 10015 100 900763 2057973893 67762359 10088200
0b000901 0b00c701 10014 100 37739 2087214792 38639657 10015845
0b000101 0b00cd01 10026 100 46007 2089645536 36221322 10016541
0b000e01 0b00ca01 10021 100 79419 2088597255 37271294 10019340
0b000801 0b00cc01 10007 100 1664990 2026105492 99799051 10152272
0b000401 0b00cd01 10012 100 6891 2081562777 44343871 10013258
0b000d01 0b00c901 10022 100 40605 2084639786 41306581 10016085
0b000701 0b00c901 10015 100 2557 2087842934 38199544 10012896
0b000a01 0b00c701 10025 100 41732 2088640520 37404861 10016179
0b000a01 0b00c701 10020 100 27487 2076092500 49985239 10014986
0b000901 0b00c501 10032 100 34367 2089552374 36595423 10015563
0b000a01 0b00cc01 10017 100 7174 2084725170 41441224 10013284
0b000e01 0b00cd01 10012 100 69056 2083697334 42523146 10018473
0b000e01 0b00c701 10011 100 463745 2081116209 45118492 10051561
0b000701 0b00cf01 10016 100 61668 2088476813 37770039 10017851
0b000001 0b00c101 10024 100 5791 2084353199 41942829 10013166
0b000401 0b00c001 10029 100 33319 2090753998 35589498 10015476
0b000501 0b00c701 10016 100 216114 2078350272 48004988 10030802
0b000801 0b00cf01 10015 100 10657 2081112287 45276762 10013574
0b000a01 0b00cf01 10021 100 9721 2087085631 39324825 10013496
0b000b01 0b00cf01 10025 100 508 2092235427 34243699 10012724
0b000c01 0b00cd01 10018 100 25535 2089574972 36922437 10014822
0b000201 0b00c201 10021 100 66342 2090085676 36424140 10018244
0b000401 0b00cb01 10014 100 1093113 2053183918 73356598 10104330
0b000401 0b00ce01 10020 100 54095 2081029588 45515341 10017218
0b000f01 0b00c301 10014 100 6491 2068591470 57970749 10013226
0b000801 0b00c801 10016 100 23916 2090111199 36506835 10014685
0b000001 0b00cc01 10022 100 87837 2085938474 40700081 10020044
0b000901 0b00c401 10019 100 459598 2077056621 49591025 10051214
0b000d01 0b00c401 10001 100 4907971 2003102759 123549289 10424164
0b000601 0b00c001 10025 100 440507 2087403772 39280258 10049614
0b000901 0b00cf01 10025 100 95628 2098248300 28437813 10020698
0b000a01 0b00ce01 10015 100 6803 2083816301 42895944 10013251
0b000b01 0b00c701 10011 100 2243 2077560512 49162446 10012870
0b000a01 0b00c901 10036 100 30390 2097330136 29427526 10015230
0b000301 0b00cc01 10008 100 1589021 2035963784 90959783 10145907
0b000301 0b00cd01 10022 100 48720 2096780084 30189710 10016765
0b000e01 0b00c601 10008 100 816247 2064757798 62242232 10081117
0b000e01 0b00c701 10014 100 2711 2090846244 36175115 10012908
0b000401 0b00c401 10014 100 24060 2092766292 34323493 10014700
0b000401 0b00c401 10008 100 22882 2068941037 58154159 10014598
0b000d01 0b00c101 10018 100 7122 2075137965 51997745 10013280
0b000401 0b00c101 10020 100 23823 2089983038 37208604 10014678
0b000301 0b00c801 10017 100 183216 2082331098 44882785 10028043
0b000801 0b00cd01 10025 100 46112 2086128292 41150090 10016549
0b000501 0b00c401 10013 100 729252 2064803833 62478472 10073823
0b000201 0b00c401 10016 100 181029 2093359844 34041184 10027861
0b000601 0b00cb01 10021 100 46870 2098751657 28710697 10016610
0b000d01 0b00c501 10021 100 109842 2096904944 30571337 10021889
0b000301 0b00c001 10014 100 478330 2066590930 60952910 10052785
0b000501 0b00cd01 10025 100 196040 2099034602 28521283 10029119
0b000101 0b00c401 10013 100 113569 2085219503 42366018 10022203
0b000401 0b00c501 10024 100 13862 2090795584 36803536 10013842
0b000e01 0b00ce01 10003 100 2288898 2008415134 119219738 10204581
0b000a01 0b00c101 10022 100 17831 2099202592 28433742 10014175
0b000801 0b00cb01 10013 100 186862 2083713515 43930039 10028347
0b000401 0b00c701 10011 100 466726 2070129308 57530001 10051811
0b000701 0b00c601 10027 100 6243 2089010551 38675790 10013206
0b000e01 0b00c101 10031 100 52649 2099568085 28123476 10017095
0b000401 0b00c701 10016 100 27699 2079234837 48462409 10015003
0b000301 0b00c501 10015 100 147558 2078714791 49008288 10025052
0b000f01 0b00c801 10012 100 612154 2068323844 59456722 10064006
0b000501 0b00ce01 10017 100 566753 2079832219 47965598 10060197
0b000601 0b00c701 10019 100 2068 2092885059 34915403 10012856
0b000001 0b00c601 10013 100 186937 2087535166 40281442 10028353
0b000201 0b00c901 10015 100 78310 2078317944 49544094 10019248
0b000101 0b00c301 10014 100 41501 2088645850 39249790 10016161
0b000b01 0b00cf01 10022 100 55356 2083972052 43941102 10017323
0b000501 0b00c801 10013 100 27845 2079418029 48501167 10015015
0b000701 0b00cb01 10007 100 1082783 2035937161 91996545 10103461
0b000601 0b00c801 10023 100 101846 2089768911 38165725 10021219
0b000301 0b00c501 10016 100 98492 2088314003 39621207 10020939
0b000c01 0b00c601 10029 100 123660 2097027718 30935505 10023048
0b000d01 0b00ce01 10028 100 23304 2086635374 41331056 10014636
0b000401 0b00c001 10026 100 3343 2076101433 51904818 10012962
0b000c01 0b00cf01 10010 100 60869 2081404941 46626452 10017783
0b000701 0b00c901 10002 100 1963737 2007304522 120739274 10177320
0b000f01 0b00c301 10018 100 24811 2090832654 37234823 10014760
0b000501 0b00ce01 10013 100 121511 2066022557 62052969 10022869
0b000f01 0b00c201 10031 100 60463 2091253736 36880003 10017751
0b000c01 0b00ca01 10012 100 828754 2058771742 69421626 10082163
0b000501 0b00cf01 10013 100 39592 2097370321 30880996 10016000
0b000e01 0b00c301 10014 100 6367 2092034615 36238420 10013216
0b000601 0b00c701 10013 100 811043 2064110289 64224133 10080681
0b000a01 0b00c701 10009 100 1370432 2036134227 92217023 10127579
0b000201 0b00c101 10023 100 21403 2080978184 47378520 10014476
0b000301 0b00c401 10011 100 1500577 2034246721 94168519 10138490
0b000301 0b00c701 10017 100 37811 2099168860 29391158 10015850
0b000f01 0b00c001 10023 100 320119 2089604479 38972761 10039522
0b000501 0b00ca01 10019 100 53186 2082446999 46180119 10017142
0b000d01 0b00c601 10024 100 54400 2083014223 45626830 10017243
0b000601 0b00c501 10019 100 28496 2093434686 35213945 10015071
0b000f01 0b00c601 10015 100 25920 2070045837 58631249 10014853
0b000801 0b00c101 10025 100 5536 2091226346 37468637 10013145
0b000801 0b00c301 10015 100 25499 2093148325 35553789 10014819
0b000101 0b00c201 10012 100 198195 2096627003 32081339 10029299
0b000c01 0b00c501 10014 100 246168 2092809668 35960122 10033321
0b000701 0b00cc01 10020 100 24784 2091988741 36809189 10014758
0b000a01 0b00c601 10001 100 2331381 2008086887 120721419 10208145
0b000b01 0b00c701 10013 100 77904 2081670230 47145581 10019211
0b000f01 0b00cb01 10018 100 27586 2091677404 37219037 10014994
0b000901 0b00cf01 10022 100 80641 2088582527 40338292 10019442
0b000201 0b00ca01 10016 100 7291 2079273172 49656089 10013294
0b000601 0b00ca01 10020 100 1887 2094656483 34284228 10012838
0b000501 0b00c901 10024 100 28620 2091592062 37357402 10015080
0b000a01 0b00c701 10026 100 11095 2092858623 36103720 10013613
0b000001 0b00cc01 10025 100 9598 2095342583 33625827 10013486
0b000901 0b00ca01 10017 100 274951 2078403311 50623769 10035732
0b000301 0b00cd01 10020 100 20715 2094729313 34336828 10014417
0b000101 0b00cd01 10023 100 56195 2081067940 48070456 10017394
0b000401 0b00c101 10019 100 78888 2089546981 39606411 10019294
0b000f01 0b00c201 10020 100 596422 2061136354 68086793 10062686
0b000a01 0b00c901 10030 100 37345 2082634040 46664764 10015813
0b000f01 0b00c401 10000 100 2745166 2008231066 121069362 10242837
0b000601 0b00cb01 10020 100 6409 2094873037 34502071 10013219
0b000a01 0b00c901 10035 100 60768 2094269993 35172092 10017775
0b000301 0b00c401 10024 100 546 2087228305 42305137 10012727
0b000a01 0b00c401 10017 100 17100 2069692712 59886778 10014117
0b000601 0b00c701 10018 100 3799 2092069887 37522933 10012999
0b000601 0b00cc01 10012 100 44347 2094566216 35030390 10016400
0b000201 0b00ce01 10016 100 321126 2076068360 53536814 10039606
0b000d01 0b00c301 10031 100 18440 2094107145 35509804 10014228
0b000001 0b00cf01 10023 100 27681 2089222077 40396907 10015002
0b000b01 0b00cf01 10021 100 37678 2081914711 47712671 10015840
0b000201 0b00c901 10018 100 187311 2086746433 42914918 10028386
0b000301 0b00c401 10025 100 52047 2091462826 38211223 10017047
0b000a01 0b00c701 10024 100 33304 2088528015 41200537 10015474
0b000e01 0b00c601 10015 100 15571 2093425174 36345007 10013987
0b000b01 0b00c901 10017 100 28573 2096236388 33543037 10015077
0b000c01 0b00ce01 10019 100 27599 2094904391 34895200 10014995
0b000001 0b00c401 10022 100 26053 2095313693 34517481 10014867
0b000301 0b00cc01 10016 100 14089 2091575186 38261642 10013864
0b000a01 0b00c501 10001 100 1972873 2016595517 113252157 10178086
0b000801 0b00c801 10015 100 122432 2089549337 40311070 10022946
0b000601 0b00cf01 10022 100 8975 2092171025 37735094 10013432
0b000d01 0b00c101 10023 100 29511 2087142057 42811668 10015156
0b000601 0b00c401 10023 100 75067 2090744990 39288399 10018977
0b000c01 0b00c201 10030 100 37977 2087334468 42717709 10015864
0b000f01 0b00c101 10024 100 49973 2093310852 36824568 10016869
0b000e01 0b00c901 10017 100 118688 2069191153 60964756 10022632
0b000701 0b00c801 10026 100 23255 2085475757 44688439 10014632
0b000e01 0b00cd01 10014 100 63115 2092794909 37399418 10017974
0b000d01 0b00c301 10030 100 34131 2090879009 39364496 10015544
0b000b01 0b00c101 10035 100 28603 2095544713 34722402 10015079
0b000b01 0b00c201 10009 100 320618 2079256496 51030591 10039562
0b000e01 0b00cf01 10028 100 3009 2094169897 36118722 10012936
0b000701 0b00c901 10016 100 6763 2089206368 41103106 10013247
0b000201 0b00cd01 10015 100 99728 2087658964 42723698 10021042
0b000901 0b00cc01 10019 100 584406 2082465141 47933802 10061678
0b000501 0b00c301 10020 100 79072 2091837876 38562506 10019312
0b000701 0b00c301 10019 100 17264 2094238381 36175185 10014130
0b000601 0b00c901 10021 100 24554 2096171180 34271023 10014740
0b000601 0b00ce01 10020 100 1324 2097081038 33361183 10012793
0b000101 0b00cc01 10020 100 172088 2089226224 41242669 10027111
0b000b01 0b00c201 10014 100 58568 2096786498 33760816 10017592
0b000c01 0b00c601 10028 100 74093 2092954034 37648521 10018895
0b000501 0b00c801 10016 100 70963 2086043827 44560421 10018629
0b000601 0b00c401 10026 100 15594 2095623282 35010023 10013988
0b000001 0b00c301 10017 100 122155 2091213993 39425820 10022924
0b000401 0b00cd01 10017 100 20565 2095421324 35225238 10014405
0b000301 0b00c401 10022 100 15596 2083757787 46937141 10013989
0b000c01 0b00cc01 10020 100 20491 2086548751 44173524 10014399
0b000b01 0b00c701 10014 100 10540 2088052863 42699056 10013565
0b000c01 0b00c801 10018 100 38030 2088286391 42500084 10015872
0b000a01 0b00cc01 10019 100 2252 2088395707 42448285 10012871
0b000d01 0b00c801 10020 100 94548 2091885995 38959368 10020608
0b000201 0b00cb01 10016 100 4435 2088661447 42217790 10013054
0b000301 0b00c301 10021 100 7708 2098023798 32906047 10013327
0b000101 0b00cb01 10019 100 69993 2090720979 40215100 10018548
0b000b01 0b00c101 10032 100 38143 2087483181 43477698 10015881
0b000c01 0b00c201 10019 100 1013620 2050538643 80520060 10097663
0b000501 0b00c601 10035 100 12258 2088887968 42284182 10013710
0b000901 0b00cd01 10016 100 9479 2085299796 45902734 10013476
0b000201 0b00c701 10018 100 6890 2093531279 37720600 10013258
0b000401 0b00c501 10017 100 752898 2068088319 63194158 10075803
0b000201 0b00c801 10015 100 66231 2078347165 52977728 10018235
0b000e01 0b00cc01 10024 100 13177 2089157688 42173174 10013787
0b000201 0b00cf01 10022 100 303856 2081199080 50203740 10038155
0b000a01 0b00cd01 10025 100 56745 2096282324 35161350 10017438
0b000001 0b00cf01 10028 100 14935 2094263465 37188190 10013932
0b000c01 0b00c801 10021 100 9765 2096210371 35343273 10013499
0b000b01 0b00c301 10027 100 192392 2083874462 47728738 10028812
0b000801 0b00c501 10024 100 28866 2085486243 46162904 10015100
0b000001 0b00ca01 10001 100 4918056 2006641747 125014530 10425013
0b000d01 0b00c301 10028 100 130269 2088351944 43329211 10023604
0b000301 0b00cb01 10027 100 16108 2098153168 33560184 10014033
0b000301 0b00c801 10018 100 283227 2082787762 48984642 10036428
0b000001 0b00cd01 10013 100 24758 2077674431 54098320 10014756
0b000001 0b00c401 10023 100 7640 2097043424 34750898 10013321
0b000401 0b00c701 10018 100 77046 2091255937 40540291 10019143
0b000b01 0b00c301 10030 100 64906 2090133868 41668084 10018122
0b000901 0b00ca01 10023 100 2753 2094290952 37558015 10012911
0b000f01 0b00c401 10014 100 684606 2071374201 60493594 10070078
0b000701 0b00c001 10020 100 8894 2095831701 36111648 10013426
0b000901 0b00c601 10018 100 26539 2093333193 38654543 10014906
0b000701 0b00cb01 10020 100 78073 2091533129 40577502 10019229
0b000001 0b00cb01 10021 100 2095 2089948373 42179826 10012859
0b000b01 0b00cd01 10005 100 1528460 2043806072 88329902 10140828
0b000c01 0b00ce01 10017 100 195646 2088226805 43917948 10029084
0b000301 0b00c401 10026 100 16775 2091851527 40297908 10014087
0b000f01 0b00c801 10011 100 749812 2063830251 68343782 10075544
0b000a01 0b00c901 10033 100 8102 2086838428 45358434 10013362
0b000001 0b00c801 10011 100 1814647 2045018606 87181845 10164821
0b000f01 0b00c601 10019 100 25333 2095523342 36692520 10014806
0b000601 0b00c801 10022 100 416157 2088287938 43952501 10047573
0b000f01 0b00cc01 10020 100 66279 2095478001 36766140 10018239
0b000b01 0b00cf01 10026 100 7649 2092705908 39598381 10013322
0b000901 0b00c301 10024 100 8348 2096085747 36223420 10013382
0b000601 0b00ce01 10021 100 9969 2097290005 35022897 10013515
0b000401 0b00cc01 10009 100 1384768 2048284650 84083150 10128779
0b000601 0b00c601 10013 100 1055 2096608842 35772742 10012772
0b000e01 0b00c101 10030 100 167953 2091121493 41263957 10026761
0b000d01 0b00c501 10020 100 3258 2096754314 35664854 10012956
0b000101 0b00c901 10027 100 23275 2085979728 46527299 10014634
0b000f01 0b00ca01 10019 100 553583 2068350038 64181800 10059094
0b000001 0b00c601 10011 100 6442 2078596086 54013396 10013222
0b000101 0b00cd01 10021 100 58453 2070918291 61705015 10017582
0b000401 0b00ce01 10023 100 6699 2097315764 35339763 10013242
0b000d01 0b00c001 10026 100 14782 2096496404 36209513 10013920
0b000f01 0b00c901 10025 100 47623 2095088832 37641740 10016674
0b000101 0b00cb01 10021 100 93603 2094314204 38423020 10020529
0b000201 0b00c901 10021 100 74278 2093915876 38873010 10018910
0b000a01 0b00c001 10024 100 1017 2095116169 37723237 10012769
0b000001 0b00ca01 10022 100 52745 2088716235 44123985 10017103
0b000d01 0b00c701 10017 100 19892 2080094292 52766075 10014348
0b000d01 0b00c001 10025 100 24459 2096205440 36674346 10014732
0b000b01 0b00c901 10016 100 47893 2094053294 38862870 10016695
0b000a01 0b00c301 10019 100 5699 2073516136 59400857 10013158
0b000a01 0b00cc01 10018 100 32813 2085681643 47357648 10015431
0b000c01 0b00c001 10002 100 3157735 2004950721 128099872 10277425
0b000b01 0b00c001 10018 100 16442 2098865743 34210070 10014060
0b000b01 0b00ce01 10020 100 23514 2097014203 36132760 10014653
0b000001 0b00c701 10017 100 26362 2086638384 46566738 10014892
0b000001 0b00c401 10019 100 565431 2087350940 45867032 10060087
0b000201 0b00c101 10026 100 2421 2095893762 37383918 10012885
0b000601 0b00c201 10013 100 12260 2098370377 34940195 10013710
0b000e01 0b00c601 10010 100 46271 2073795173 59532706 10016562
0b000a01 0b00c301 10020 100 74171 2089175673 44166965 10018901
0b000101 0b00ca01 10014 100 681431 2067843611 65507533 10069813
0b000d01 0b00c101 10025 100 20728 2090588561 42779735 10014418
0b000301 0b00c101 10015 100 78350 2099642912 33744489 10019251
0b000e01 0b00c001 10020 100 29891 2096776259 36646923 10015186
0b000901 0b00c801 10021 100 529946 2083791648 49634706 10057110
0b000201 0b00cf01 10019 100 198570 2070992225 62488150 10029329
0b000501 0b00cd01 10023 100 119519 2091384676 42147693 10022702
0b000601 0b00c301 10023 100 45448 2087676816 45936804 10016492
0b000001 0b00ce01 10017 100 150446 2098444725 35193603 10025295
0b000a01 0b00c601 10018 100 28339 2089042785 44692549 10015058
0b000d01 0b00c801 10024 100 6225 2099860492 33927347 10013204
0b000501 0b00c401 10020 100 346 2098818961 35061729 10012711
0b000601 0b00c601 10012 100 129377 2091351991 42563812 10023529
0b000601 0b00cf01 10016 100 800871 2062316594 71631016 10079825
0b000801 0b00c201 10008 100 1469069 2030692002 103264753 10135850
0b000d01 0b00c401 10029 100 130745 2080429661 53576491 10023642
0b000601 0b00c501 10017 100 14868 2090097808 43954224 10013927
0b000601 0b00c401 10028 100 3480 2097756243 36437178 10012973
0b000501 0b00c301 10022 100 47899 2099142078 35058060 10016696
0b000501 0b00c501 10020 100 5585 2098732141 35506957 10013149
0b000e01 0b00c801 10020 100 50996 2098021970 36308913 10016955
0b000e01 0b00c301 10017 100 76882 2095048010 39338407 10019126
0b000c01 0b00c401 10021 100 585504 2085802683 48601707 10061770
0b000601 0b00cc01 10010 100 4718 2090790724 43622848 10013076
0b000501 0b00c501 10019 100 27703 2098146705 36301768 10015003
0b000b01 0b00c201 10011 100 26820 2088776966 45730536 10014929
0b000f01 0b00cc01 10019 100 130043 2093393609 41141702 10023586
0b000901 0b00c501 10029 100 47147 2083858182 50738838 10016636
0b000b01 0b00c801 10009 100 1418177 2037660091 96962373 10131583
0b000001 0b00c601 10015 100 5042 2090843277 43887631 10013106
0b000401 0b00ca01 10022 100 102796 2094372058 40421100 10021299
0b000801 0b00c901 10020 100 12657 2085496523 49318539 10013742
0b000001 0b00c101 10025 100 9551 2097278145 37550098 10013482
0b000d01 0b00c401 10036 100 13278 2098307047 36567583 10013796
0b000301 0b00c301 10018 100 578798 2073282755 61608073 10061207
0b000101 0b00cb01 10022 100 3638 2099623741 35268857 10012986
0b000501 0b00c101 10022 100 6000 2092270493 42628917 10013183
0b000601 0b00cb01 10018 100 286458 2092095050 42852613 10036698
0b000101 0b00ce01 10002 100 3937512 2007287707 127666143 10342802
0b000e01 0b00ca01 10012 100 1164661 2043472208 91519048 10110326
0b000701 0b00cf01 10017 100 26766 2089283690 45724621 10014924
0b000901 0b00c301 10023 100 51767 2089153039 45866333 10017021
0b000401 0b00c001 10030 100 19677 2098995779 36055446 10014330
0b000d01 0b00ce01 10030 100 110553 2094705992 40388097 10021950
0b000001 0b00cf01 10005 100 1722534 2027528987 107584854 10157099
0b000101 0b00c601 10023 100 39974 2098861673 36314597 10016031
0b000d01 0b00ce01 10010 100 972778 2057474861 77706309 10094238
0b000601 0b00c701 10011 100 1283106 2037574020 97616902 10120259
0b000301 0b00c401 10023 100 97420 2084364809 50853064 10020849
0b000901 0b00cd01 10017 100 53920 2090872735 44414400 10017200
0b000601 0b00c901 10022 100 30510 2097656886 37687525 10015239
0b000601 0b00c701 10015 100 51771 2085255747 50142468 10017021
0b000a01 0b00cc01 10016 100 173725 2081258570 54145939 10027246
0b000001 0b00c901 10031 100 39743 2099058902 36365566 10016013
0b000c01 0b00cb01 10021 100 416226 2099538340 35891684 10047579
0b000c01 0b00c701 10018 100 76761 2074709760 60745456 10019116
0b000c01 0b00c301 10018 100 75432 2085181398 50300606 10019006
0b000b01 0b00c601 10020 100 73678 2088566392 46934879 10018858
0b000f01 0b00cb01 10019 100 185275 2093914677 41636822 10028216
0b000e01 0b00c801 10017 100 27875 2090785594 44856472 10015017
0b000701 0b00c601 10028 100 108787 2093560940 42219726 10021801
0b000101 0b00c301 10017 100 735 2098469077 37350964 10012742
0b000501 0b00c401 10019 100 43953 2091388350 44491786 10016365
0b000001 0b00cd01 10017 100 8429 2086040521 49841446 10013388
0b000e01 0b00c801 10018 100 156182 2092939090 43017891 10025777
0b000201 0b00c801 10018 100 51559 2090777683 45186776 10017004
0b000101 0b00c901 10023 100 8347 2081035083 54947931 10013382
0b000901 0b00c401 10023 100 46097 2094413152 41573043 10016548
0b000e01 0b00c401 10015 100 40354 2091849512 44144136 10016065
0b000d01 0b00c201 10018 100 73570 2098795310 37198783 10018849
0b000501 0b00c501 10017 100 128875 2083089675 52911989 10023485
0b000901 0b00c401 10025 100 4510 2098342172 37912315 10013060
0b000701 0b00ce01 10004 100 1476354 2022917071 113342238 10136460
0b000501 0b00c401 10018 100 83821 2090972280 45328085 10019708
0b000101 0b00c601 10019 100 140321 2086379056 49944709 10024447
0b000101 0b00c601 10001 100 2580857 2013477379 122873665 10229059
0b000b01 0b00c301 10032 100 162853 2097835852 38517835 10026334
0b000801 0b00c901 10021 100 283657 2096334203 40052418 10036463
0b000101 0b00c701 10024 100 20942 2098293951 38101458 10014436
0b000c01 0b00cf01 10009 100 794942 2070444761 66070660 10079328
0b000f01 0b00c401 10018 100 44555 2086312834 50209331 10016417
0b000501 0b00c701 10017 100 8883 2083207584 53322165 10013425
0b000901 0b00cf01 10014 100 1107231 2043917008 92650004 10105513
0b000301 0b00c201 10014 100 1066781 2055169277 81449254 10102119
0b000b01 0b00c801 10008 100 1813462 2036656423 100246286 10164722
0b000701 0b00c401 10021 100 155409 2084758400 52155299 10025711
0b000d01 0b00ce01 10027 100 361206 2085442469 51475475 10042966
0b000401 0b00cd01 10016 100 6853 2088487810 48432001 10013255
0b000e01 0b00cf01 10026 100 56985 2090634537 46421186 10017457
0b000901 0b00c601 10016 100 36771 2089113590 48002787 10015763
0b000001 0b00c901 10024 100 27792 2081398016 55719600 10015010
0b000401 0b00c601 10019 100 38748 2098779815 38369600 10015929
0b000f01 0b00c701 10013 100 4460 2099037040 38169119 10013056
0b000801 0b00c801 10018 100 47741 2093943959 43269242 10016683
0b000201 0b00cd01 10011 100 796927 2060899430 76398568 10079494
0b000801 0b00c001 10017 100 75902 2085007578 52295614 10019044
0b000901 0b00cf01 10019 100 74618 2078877138 58432199 10018937
0b000401 0b00cd01 10005 100 1457498 2033877937 103507582 10134878
0b000301 0b00c901 10015 100 22554 2094923670 42547936 10014572
0b000e01 0b00cf01 10027 100 72964 2090732066 46799256 10018797
0b000001 0b00c001 10013 100 529279 2074124079 63459175 10057057
0b000701 0b00c901 10020 100 20479 2099529919 38132917 10014398
0b000701 0b00c801 10027 100 14702 2089623325 48067886 10013913
0b000201 0b00c201 10023 100 550 2093410764 44307874 10012727
0b000801 0b00c701 10025 100 56324 2088812030 49132183 10017404
0b000f01 0b00cf01 10011 100 284782 2080229378 57731455 10036556
0b000801 0b00c501 10027 100 9823 2093135504 44893528 10013504
0b000601 0b00c201 10014 100 25326 2099675728 38404093 10014805
0b000e01 0b00cb01 10018 100 299078 2099593668 38486192 10037758
0b000501 0b00ce01 10023 100 60847 2099287894 38802959 10017782
0b000b01 0b00cc01 10022 100 60021 2091254730 46895898 10017715
0b000c01 0b00cc01 10024 100 78888 2098166587 40014312 10019294
0b000101 0b00ca01 10021 100 77833 2098880290 39636174 10019206
0b000201 0b00c801 10019 100 59884 2097807549 40741517 10017701
0b000201 0b00cc01 10027 100 8670 2092695518 45892123 10013408
0b000301 0b00c501 10022 100 68319 2096210550 42398313 10018410
0b000e01 0b00c901 10021 100 7085 2092457705 46300606 10013277
0b000501 0b00c001 10030 100 339085 2099215998 39569953 10041112
0b000901 0b00ce01 10024 100 74310 2089501949 49325796 10018912
0b000601 0b00c001 10027 100 152041 2096192176 42724660 10025430
0b000c01 0b00c401 10010 100 1241206 2049785081 89305221 10116745
0b000f01 0b00c701 10006 100 1664850 2023920641 115198005 10152261
0b000401 0b00cf01 10003 100 2501004 2007841106 131282271 10222368
0b000501 0b00c901 10015 100 783052 2065949305 73181079 10078334
0b000801 0b00cd01 10026 100 6649 2089827641 49329626 10013238
0b000201 0b00c901 10022 100 8147 2094211941 44995953 10013366
0b000801 0b00c201 10027 100 24602 2093248101 46027230 10014744
0b000901 0b00ca01 10019 100 20708 2082054505 57285747 10014417
0b000301 0b00c601 10029 100 209202 2091316123 48027227 10030222
0b000601 0b00c801 10024 100 94921 2091285350 48108590 10020638
0b000201 0b00c601 10023 100 8083 2091103178 48295855 10013361
0b000001 0b00ce01 10015 100 10866 2089491672 49957087 10013591
0b000c01 0b00c401 10019 100 85018 2079138851 60338224 10019811
0b000c01 0b00c201 10031 100 245155 2092437149 47135581 10033237
0b000701 0b00cc01 10010 100 997669 2053718137 85894723 10096325
0b000101 0b00c001 10010 100 1515718 2027347124 112290101 10139758
0b000a01 0b00c901 10011 100 1915839 2021568433 118194034 10173304
0b000101 0b00ce01 10026 100 2661 2094835316 44935900 10012904
0b000601 0b00ce01 10004 100 1945175 2017060841 122890500 10175766
0b000e01 0b00c701 10015 100 2295 2096070206 43995468 10012875
0b000501 0b00cb01 10022 100 45386 2099839133 40251572 10016487
0b000c01 0b00c801 10019 100 692184 2089277791 50841896 10070715
0b000501 0b00ce01 10022 100 73453 2089937957 50203202 10018840
0b000701 0b00c701 10023 100 911771 2056892507 83361127 10089123
0b000f01 0b00cc01 10021 100 178625 2096328331 43951853 10027657
0b000901 0b00cc01 10022 100 52027 2099260757 41079319 10017045
0b000401 0b00c601 10018 100 15933 2095988426 44368542 10014016
0b000301 0b00cc01 10018 100 2561 2098383131 41999719 10012896
0b000d01 0b00c401 10032 100 43275 2094592511 45796819 10016310
0b000101 0b00c601 10014 100 75515 2077591673 62875665 10019013
0b000701 0b00ca01 10012 100 54206 2083770042 56803538 10017227
0b000501 0b00c001 10024 100 603510 2083920131 56721883 10063280
0b000401 0b00c101 10021 100 25789 2093738475 46998717 10014842
0b000301 0b00c601 10030 100 203367 2092089747 48650416 10029732
0b000c01 0b00c001 10019 100 64217 2094115866 46662265 10018066
0b000301 0b00c801 10021 100 1511 2092713204 48091786 10012808
0b000401 0b00c001 10028 100 26 2086353144 54605806 10012685
0b000301 0b00cb01 10028 100 384244 2098671716 42318964 10044897
0b000301 0b00cb01 10026 100 26876 2094551339 46548992 10014933
0b000a01 0b00c701 10023 100 16148 2083579891 57541179 10014037
0b000301 0b00c601 10026 100 365707 2083344932 57820788 10043342
0b000301 0b00c001 10018 100 85515 2099789845 41389224 10019851
0b000901 0b00c901 10020 100 55049 2083596351 57647753 10017298
0b000a01 0b00c801 10017 100 102480 2096838324 44474861 10021273
0b000c01 0b00c501 10016 100 25410 2096225025 45103638 10014812
0b000801 0b00ca01 10020 100 276320 2087279114 54062546 10035849
0b000a01 0b00c801 10014 100 23078 2090885504 50553679 10014618
0b000f01 0b00c201 10004 100 2056959 2014691714 126922215 10185135
0b000001 0b00ca01 10019 100 85446 2080133690 61484495 10019845
0b000101 0b00cd01 10025 100 769105 2088218916 53414958 10077165
0b000f01 0b00cc01 10016 100 341890 2083224436 58418059 10041344
0b000601 0b00cc01 10009 100 412905 2078701538 62967814 10047298
0b000501 0b00cd01 10016 100 802699 2065503395 76279216 10079979
0b000e01 0b00c701 10010 100 950660 2069574755 72220553 10092384
0b000e01 0b00c501 10021 100 51096 2095634975 46162069 10016967
0b000701 0b00cf01 10013 100 670107 2070304553 71566005 10068865
0b000301 0b00c201 10018 100 23430 2095323991 46558650 10014646
0b000101 0b00c501 10008 100 1403500 2032344838 109587770 10130351
0b000301 0b00c101 10013 100 4125 2092390062 49584188 10013029
0b000401 0b00cd01 10013 100 9570 2083561517 58484947 10013484
0b000c01 0b00cc01 10016 100 1085503 2065939774 76116593 10103690
0b000601 0b00c501 10012 100 919065 2059075496 83036259 10089738
0b000a01 0b00ca01 10017 100 195797 2095825995 46338409 10029096
0b000301 0b00c501 10019 100 47125 2093002178 49182516 10016634
0b000601 0b00c401 10019 100 701408 2072303912 70037031 10071488
0b000b01 0b00cc01 10021 100 608608 2089161015 53231098 10063707
0b000701 0b00ce01 10012 100 498651 2079258162 63180372 10054488
0b000e01 0b00cf01 10014 100 1695268 2027231979 115438813 10154814
0b000b01 0b00cf01 10015 100 1156984 2058865815 83809417 10109681
0b000e01 0b00c501 10022 100 27449 2097885817 44842639 10014983
0b000d01 0b00c301 10032 100 9912 2098828070 43925927 10013511
0b000b01 0b00c301 10025 100 1087160 2072315446 70464711 10103830
0b000901 0b00c901 10025 100 85594 2097110541 45779004 10019857
0b000901 0b00c401 10020 100 41774 2084590642 58382789 10016183
0b000c01 0b00c301 10014 100 828819 2068575346 74415431 10082168
0b000d01 0b00c501 10019 100 69104 2096016838 47058827 10018477
0b000401 0b00ca01 10024 100 649597 2097652375 45424135 10067143
0b000201 0b00c701 10020 100 372167 2098843893 44266751 10043885
0b000d01 0b00c701 10022 100 588314 2093961157 49152193 10062006
0b000d01 0b00ca01 10004 100 1248755 2038696065 104509862 10117376
0b000e01 0b00c501 10001 100 1950948 2008818124 134397636 10176247
0b000201 0b00c901 10012 100 943406 2058487174 84750578 10091777
0b000b01 0b00c501 10002 100 1833395 2032887094 110357446 10166394
0b000401 0b00c201 10016 100 22887 2099311811 43995806 10014599
0b000401 0b00c701 10013 100 655483 2074572665 68773278 10067637
0b000701 0b00c701 10033 100 7907 2096455626 46913202 10013343
0b000701 0b00c801 10029 100 15190 2099405211 44025285 10013956
0b000901 0b00c901 10024 100 20006 2096679968 46764440 10014361
0b000001 0b00c201 10021 100 113321 2093154881 50302718 10022183
0b000301 0b00c301 10019 100 177258 2087761838 55807939 10027544
0b000101 0b00c901 10024 100 565703 2082547429 61070859 10060109
0b000e01 0b00c601 10018 100 7307 2099393819 44253740 10013295
0b000601 0b00c701 10016 100 2101 2086096915 57594924 10012859
0b000b01 0b00c501 10012 100 74314 2085123234 58620905 10018913
0b000901 0b00cb01 10009 100 1102379 2041196552 102560974 10105105
0b000101 0b00cf01 10016 100 5521 2090432396 53629104 10013144
0b000401 0b00c001 10009 100 1815714 2034669806 109476050 10164910
0b000401 0b00c901 10023 100 53786 2093865585 50332323 10017190
0b000901 0b00c501 10030 100 78896 2084634428 59583639 10019295
0b000001 0b00c801 10027 100 182431 2090096894 54136980 10027977
0b000b01 0b00c901 10018 100 916243 2096502500 47788481 10089500
0b000d01 0b00ce01 10024 100 156085 2079701308 64653991 10025769
0b000101 0b00c701 10025 100 57426 2099514768 44857812 10017496
0b000a01 0b00cb01 10025 100 48111 2092687074 51734008 10016717
0b000701 0b00c401 10019 100 377404 2079333698 65141461 10044323
0b000f01 0b00c201 10033 100 54997 2098653631 45890898 10017290
0b000a01 0b00c801 10013 100 24958 2084570465 59987284 10014772
0b000001 0b00c301 10018 100 8534 2095330511 49254674 10013397
0b000001 0b00ca01 10021 100 31779 2086491833 58117863 10015345
0b000c01 0b00cf01 10014 100 32112 2095734252 48954815 10015375
0b000201 0b00c501 10020 100 6464 2090843163 53911505 10013224
0b000601 0b00c401 10027 100 17024 2095815415 48976413 10014111
0b000301 0b00c001 10009 100 1334941 2046722686 98090122 10124601
0b000501 0b00c401 10001 100 1670107 2025348269 119548552 10152705
0b000c01 0b00cb01 10017 100 60513 2084435517 60464600 10017755
0b000d01 0b00cf01 10014 100 32340 2095525083 49426848 10015393
0b000101 0b00c201 10013 100 329902 2096711857 48376684 10040339
0b000f01 0b00c501 10002 100 3882421 2004513783 140618453 10338184
0b000f01 0b00ca01 10024 100 15782 2096685465 48643241 10014004
0b000a01 0b00ca01 10015 100 55673 2086180564 59153282 10017348
0b000501 0b00c001 10025 100 393949 2084179387 61205967 10045708
0b000701 0b00c901 10019 100 79718 2096265795 49232556 10019364
0b000501 0b00c601 10029 100 819316 2079117338 66459273 10081374
0b000401 0b00ca01 10023 100 39790 2096955829 48686966 10016016
0b000d01 0b00c501 10022 100 41229 2099774104 45916224 10016139
0b000901 0b00c001 10023 100 47159 2097911322 47840715 10016637
0b000001 0b00c901 10013 100 1348617 2042721457 103206487 10125749
0b000e01 0b00c701 10016 100 26991 2097229532 48705233 10014942
0b000101 0b00cd01 10014 100 1089018 2042928203 103035415 10103987
0b000901 0b00c001 10022 100 4369 2096208142 49770913 10013048
0b000101 0b00c601 10016 100 506366 2079959488 66025662 10055136
0b000a01 0b00c201 10006 100 1827015 2026331249 119665165 10165860
0b000101 0b00c801 10018 100 726091 2081248589 64821334 10073558
0b000b01 0b00c701 10015 100 65575 2098308531 47854824 10018179
0b000001 0b00c901 10030 100 7176 2096602142 49575627 10013284
0b000501 0b00c901 10012 100 884592 2056100172 90162049 10086845
0b000601 0b00c101 10026 100 4255 2091141524 55328990 10013039
0b000901 0b00cc01 10023 100 94007 2099596047 47039369 10020565
0b000c01 0b00ca01 10008 100 1690230 2031900954 114813435 10154391
0b000c01 0b00c601 10030 100 8947 2098433673 48281245 10013430
0b000f01 0b00c801 10015 100 6992 2088287283 58447138 10013266
0b000101 0b00cb01 10016 100 938671 2060490715 86377095 10091379
0b000401 0b00cb01 10016 100 1430984 2058226835 88820564 10132653
0b000301 0b00ce01 10022 100 463955 2083914435 63136385 10051578
0b000001 0b00c001 10016 100 151875 2098145131 49174187 10025413
0b000301 0b00c101 10014 100 96154 2097435002 49944591 10020744
0b000501 0b00c601 10015 100 1239766 2053209802 94316511 10116622
0b000b01 0b00c101 10034 100 830252 2090508336 57168989 10082291
0b000601 0b00c301 10027 100 22576 2098357292 49369689 10014574
0b000301 0b00cc01 10004 100 2541816 2018975136 128822172 10225786
0b000401 0b00c601 10017 100 447693 2082488161 65384507 10050215
0b000501 0b00c201 10011 100 26801 2088744519 59263325 10014927
0b000f01 0b00c301 10008 100 1529891 2035775195 112324784 10140946
0b000701 0b00c501 10016 100 997824 2062848019 85332658 10096338
0b000601 0b00ce01 10017 100 1499 2090831640 57489264 10012807
0b000801 0b00ce01 10023 100 44799 2099181696 49337614 10016436
0b000201 0b00c601 10020 100 608612 2078022273 70700071 10063707
0b000001 0b00c301 10015 100 409785 2087685846 61054945 10047037
0b000c01 0b00ce01 10018 100 22904 2091885549 56869857 10014600
0b000201 0b00cf01 10018 100 711947 2064474253 84385117 10072369
0b000501 0b00cb01 10006 100 1573823 2023982322 124997219 10144630
0b000d01 0b00cb01 10016 100 61301 2088310373 60703336 10017822
0b000601 0b00c801 10025 100 95001 2097636333 51451250 10020648
0b000201 0b00c601 10003 100 1761185 2011239799 137921138 10160340
0b000101 0b00ca01 10019 100 137677 2097642537 51906958 10024224
0b000301 0b00c801 10022 100 176796 2096010074 53642642 10027503
0b000901 0b00ce01 10027 100 186934 2096206787 53769150 10028352
0b000701 0b00ce01 10003 100 1546461 2018811683 131201272 10142337
0b000201 0b00c801 10008 100 1139901 2030229002 119786766 10108249
0b000601 0b00c401 10030 100 496140 2098678067 51352092 10054279
0b000301 0b00ce01 10025 100 202468 2099866432 50324572 10029656
0b000b01 0b00cb01 10017 100 680130 2086502514 63787935 10069705
0b000a01 0b00cb01 10026 100 356267 2094945346 55436990 10042552
0b000c01 0b00c201 10029 100 954809 2079027330 71364787 10092731
0b000501 0b00c901 10020 100 688616 2086906463 63534207 10070415
0b000001 0b00ca01 10025 100 58131 2098899337 51596846 10017557
0b000601 0b00cd01 10010 100 955251 2053890596 96656961 10092771
0b000401 0b00cf01 10021 100 847573 2081380227 69178859 10083742
0b000201 0b00cd01 10013 100 631477 2073416240 77307186 10065625
0b000e01 0b00c401 10016 100 137606 2096652236 54174034 10024218
0b000f01 0b00cc01 10014 100 913871 2070146999 80852797 10089299
0b000f01 0b00c801 10016 100 372723 2091020111 60146410 10043930
0b000d01 0b00ca01 10020 100 234175 2095421286 55935137 10032316
0b000001 0b00c301 10001 100 2854846 2013588734 137776883 10252030
0b000a01 0b00cf01 10016 100 773598 2067536032 83915847 10077540
0b000701 0b00cd01 10017 100 55592 2090423373 61233006 10017342
0b000201 0b00c501 10021 100 35323 2091519485 60363008 10015644
0b000b01 0b00cc01 10008 100 2542803 2032643997 119394506 10225869
0b000b01 0b00cf01 10024 100 1244554 2090091687 62039205 10117025
0b000501 0b00c301 10008 100 2174617 2020743432 131629980 10195001
0b000c01 0b00c701 10006 100 1951138 2022347243 130265104 10176266
0b000001 0b00ce01 10016 100 535030 2094504376 58402880 10057540
0b000e01 0b00ce01 10022 100 615338 2095237089 57731739 10064272
0b000b01 0b00cd01 10015 100 946709 2093206694 59779139 10092053
0b000d01 0b00c301 10026 100 674519 2086000358 67002884 10069233
0b000a01 0b00c501 10015 100 632475 2080233349 72876654 10065708
0b000d01 0b00cb01 10006 100 1837126 2021165866 132048827 10166708
0b000701 0b00cb01 10003 100 1452900 2020458306 132767856 10134491
0b000b01 0b00cb01 10013 100 1231094 2069398823 84005215 10115898
0b000101 0b00c801 10016 100 663578 2077323203 76115849 10068316
0b000101 0b00c001 10029 100 49513 2095244790 58205317 10016833
0b000401 0b00c201 10010 100 1694474 2048323651 105205003 10154746
0b000701 0b00cf01 10018 100 116197 2089852580 63718618 10022425
0b000c01 0b00c101 10021 100 627536 2085507750 68175605 10065294
0b000d01 0b00c101 10024 100 692752 2087603244 66262740 10070761
0b000001 0b00c101 10026 100 536331 2099488421 54791834 10057648
0b000801 0b00cd01 10014 100 1265289 2039988813 114399919 10118764
0b000401 0b00cc01 10010 100 1582570 2052791705 101641716 10145364
0b000e01 0b00c701 10017 100 145498 2098910302 55967485 10024880
0b000501 0b00ca01 10023 100 816 2096689065 58208303 10012749
0b000701 0b00cc01 10005 100 1691109 2021107044 133854053 10154466
0b000701 0b00c701 10020 100 898301 2055273321 99892734 10087996
0b000201 0b00c101 10013 100 1102006 2049733773 105440540 10105076
0b000b01 0b00c501 10004 100 1819189 2041972601 113265054 10165203
0b000a01 0b00cb01 10019 100 136025 2088377948 66907054 10024088
0b000201 0b00c901 10024 100 111439 2097664318 57756021 10022025
0b000e01 0b00c601 10014 100 436715 2092721146 62844579 10049295
0b000901 0b00ce01 10020 100 1017527 2076940551 78653150 10097991
0b000c01 0b00cc01 10014 100 1252734 2061005355 94591640 10117710
0b000801 0b00cf01 10018 100 357601 2090159329 65543847 10042662
0b000401 0b00c901 10024 100 606018 2097718449 58033638 10063492
0b000101 0b00cc01 10017 100 776979 2077915329 77930093 10077822
0b000c01 0b00c601 10002 100 4673778 2002893703 153168656 10404530
0b000201 0b00cf01 10024 100 532399 2091480155 64723597 10057318
0b000701 0b00c801 10028 100 104001 2092285507 63967910 10021403
0b000401 0b00cb01 10008 100 1978955 2044726409 111840159 10178595
0b000401 0b00c301 10004 100 1654059 2045500254 111185080 10151359
0b000301 0b00c801 10008 100 1565668 2049995664 106869629 10143946
0b000b01 0b00cb01 10007 100 2391612 2031719890 125268239 10213194
0b000601 0b00c801 10026 100 25470 2098768289 58392389 10014817
0b000401 0b00c601 10012 100 1107473 2061370248 95913410 10105532
0b000501 0b00c401 10009 100 1335147 2049444273 108024700 10124622
0b000801 0b00c101 10011 100 1509872 2036584476 120918984 10139268
0b000d01 0b00c701 10018 100 639878 2080424741 77356289 10066327
0b000701 0b00c801 10012 100 1338520 2033446704 124374710 10124903
0b000e01 0b00c101 10026 100 411993 2082569899 75343919 10047221
0b000c01 0b00c201 10028 100 940689 2075063855 83072938 10091548
0b000201 0b00cf01 10008 100 1772324 2016581724 141699721 10161274
0b000a01 0b00cb01 10021 100 179133 2088839344 69572443 10027701
0b000801 0b00c801 10020 100 74751 2097602553 60877772 10018948
0b000401 0b00c201 10015 100 421012 2098111089 60397472 10047981
0b000701 0b00c001 10019 100 690669 2084778758 73820938 10070586
0b000b01 0b00c101 10036 100 121840 2099256437 59431375 10022895
0b000201 0b00cd01 10007 100 1442521 2040367092 118344980 10133622
0b000201 0b00c001 10013 100 12176 2098592722 60401526 10013704
0b000e01 0b00c301 10013 100 641320 2088696731 70363383 10066450
0b000301 0b00c001 10017 100 286544 2095659539 63509116 10036705
0b000c01 0b00c301 10006 100 1842043 2035942539 123261886 10167120
0b000f01 0b00c101 10023 100 758263 2088620251 70831318 10076255
0b000601 0b00cc01 10013 100 289825 2098489944 60977329 10036979
0b000f01 0b00c401 10021 100 1008620 2097799379 61813347 10097244
0b000801 0b00c901 10013 100 1368886 2043950092 115731965 10127447
0b000f01 0b00ca01 10026 100 65444 2099313388 60729894 10018168
0b000601 0b00cd01 10014 100 890678 2073411357 86646066 10087355
0b000501 0b00c901 10025 100 897276 2092440257 67729908 10087910
0b000a01 0b00cd01 10014 100 1341573 2051743624 108499119 10125159
0b000d01 0b00c501 10007 100 1366474 2051284841 109116901 10127247
0b000c01 0b00ce01 10012 100 1323957 2074801209 85639292 10123680
0b000b01 0b00cd01 10014 100 1227584 2091650129 69018572 10115602
0b000a01 0b00c001 10025 100 42742 2098115427 62735852 10016264
0b000c01 0b00cd01 10016 100 1202949 2074462769 86416066 10113535
0b000801 0b00c601 10007 100 1449905 2035778881 125118407 10134240
0b000601 0b00c901 10023 100 327573 2099282318 61719598 10040145
0b000f01 0b00c001 10024 100 870791 2093206380 67981963 10085687
0b000e01 0b00c701 10005 100 1533031 2035348052 126166873 10141213
0b000701 0b00c901 10004 100 1954652 2025462164 136101867 10176559
0b000e01 0b00c501 10020 100 849274 2093651846 67984690 10083885
0b000c01 0b00cc01 10023 100 716662 2093013281 68692042 10072766
0b000a01 0b00c301 10022 100 574297 2099684357 62222586 10060831
0b000501 0b00cd01 10006 100 2423521 2019767535 142419965 10215869
0b000801 0b00c101 10018 100 874306 2070050483 92215156 10085984
0b000a01 0b00c401 10011 100 1568000 2051360852 110925204 10144141
0b000a01 0b00c401 10021 100 631556 2093889208 68412367 10065631
0b000c01 0b00c801 10020 100 1070486 2095085572 67230076 10102431
0b000c01 0b00c201 10002 100 2755264 2014011732 148503716 10243684
0b000c01 0b00c901 10010 100 1212495 2042643924 120153278 10114337
0b000d01 0b00ce01 10006 100 1482442 2048526821 114281366 10136970
0b000401 0b00ce01 10005 100 2619119 2027316545 135502227 10232270
0b000801 0b00c201 10007 100 1881801 2025640935 137523011 10170450
0b000e01 0b00cc01 10025 100 456449 2092373240 70803140 10050950
0b000901 0b00c101 10026 100 896829 2089375715 73925197 10087870
0b000e01 0b00c301 10009 100 878829 2077024996 86461966 10086361
0b000a01 0b00ca01 10001 100 6421829 2003526518 160173082 10551086
0b000601 0b00c401 10029 100 1034119 2097788904 66269662 10099383
0b000501 0b00c701 10007 100 1029791 2052836092 111329886 10099018
0b000901 0b00c701 10012 100 1634846 2053466151 110765700 10149746
0b000401 0b00cc01 10002 100 2917079 2014137578 150105099 10257251
0b000101 0b00c601 10002 100 2252190 2015205229 149612980 10201506
0b000601 0b00c301 10024 100 471637 2088490564 76365024 10052223
0b000b01 0b00c101 10022 100 1771581 2054623691 110296314 10161210
0b000e01 0b00cb01 10012 100 1341335 2055306940 109614206 10125140
0b000801 0b00cb01 10017 100 172589 2099190031 65801307 10027151
0b000701 0b00cb01 10008 100 1758706 2038424196 126644808 10160131
0b000a01 0b00c901 10034 100 789043 2088449459 76721343 10078837
0b000b01 0b00c701 10012 100 1711639 2081185177 84003182 10156185
0b000a01 0b00c901 10021 100 1219734 2063628877 101877039 10114943
0b000801 0b00c801 10021 100 159632 2099082860 66631337 10026064
0b000101 0b00c401 10017 100 198524 2097719526 68016649 10029326
0b000a01 0b00c901 10013 100 2117041 2025239223 140530495 10190176
0b000a01 0b00cd01 10022 100 937572 2079389223 86556814 10091287
0b000301 0b00c201 10000 100 9453064 2001182805 164795156 10805228
0b000201 0b00c601 10017 100 990135 2065707494 100511579 10095696
0b000401 0b00ce01 10024 100 237550 2098506731 67750297 10032597
0b000101 0b00c901 10011 100 1016328 2049769734 116505564 10097891
0b000201 0b00c201 10025 100 576745 2096672702 69643617 10061035
0b000e01 0b00c401 10004 100 2089630 2017359449 149043429 10187876
0b000a01 0b00c501 10017 100 509285 2095213510 71213618 10055381
0b000f01 0b00cd01 10012 100 1466233 2058018119 108579531 10135611
0b000e01 0b00c101 10019 100 1195401 2063502457 103233262 10112904
0b000001 0b00c901 10011 100 1758308 2036137960 130796663 10160099
0b000001 0b00cf01 10008 100 2274360 2049583870 117458899 10203364
0b000301 0b00c501 10021 100 675129 2095871798 71231798 10069286
0b000a01 0b00c001 10017 100 1116531 2070618325 96674691 10106291
0b000601 0b00c001 10014 100 1977750 2046382603 120921364 10178495
0b000601 0b00c401 10015 100 1382434 2054929700 112424657 10128585
0b000501 0b00c401 10005 100 1702642 2041193833 126217970 10155430
0b000a01 0b00cd01 10012 100 1935745 2049607668 117901912 10174973
0b000101 0b00cd01 10013 100 1435257 2041019014 126633405 10133014
0b000d01 0b00c101 10022 100 891493 2084166414 83555848 10087424
0b000801 0b00cd01 10028 100 755040 2091000494 76743967 10075986
0b000601 0b00c501 10008 100 1894896 2043813194 124093042 10171548
0b000501 0b00cc01 10005 100 2588281 2016148953 151860808 10229684
0b000401 0b00c301 10016 100 651480 2083822564 84331270 10067302
0b000801 0b00c301 10007 100 1247381 2044863995 123328046 10117262
0b000301 0b00cd01 10019 100 744049 2081696710 86688491 10075064
0b000101 0b00cd01 10019 100 1327437 2066264759 102168356 10123974
0b000701 0b00ca01 10001 100 1719557 2027476354 141120973 10156849
0b000701 0b00c601 10021 100 727701 2073131232 95660419 10073691
0b000e01 0b00c301 10011 100 812167 2086530883 82369116 10080775
0b000901 0b00c101 10017 100 1506812 2045480213 123651858 10139011
0b000801 0b00c401 10022 100 849691 2081364073 87780822 10083919
0b000f01 0b00c301 10007 100 2239839 2035464263 133820882 10200468
0b000601 0b00c001 10016 100 1948626 2049870948 119427216 10176054
0b000d01 0b00c301 10002 100 2487501 2011125961 158262567 10221234
0b000701 0b00cb01 10018 100 995674 2069594539 99819521 10096158
0b000b01 0b00c801 10018 100 1210529 2087662364 81782392 10114172
0b000d01 0b00c401 10034 100 375019 2095580235 73903745 10044125
0b000001 0b00cf01 10004 100 2560522 2025831425 143844292 10227356
0b000301 0b00c101 10006 100 1946387 2046361486 123315227 10175867
0b000701 0b00c301 10013 100 1392824 2047975318 121814439 10129455
0b000301 0b00ce01 10023 100 845097 2085426952 84633847 10083536
0b000701 0b00cc01 10003 100 1966132 2017584806 152796420 10177523
0b000201 0b00ce01 10007 100 1559556 2027212072 143206992 10143434
0b000601 0b00c901 10007 100 1580621 2032447812 138044505 10145200
0b000501 0b00c901 10018 100 826005 2081890975 88745874 10081936
0b000f01 0b00c601 10014 100 948399 2064087427 106558854 10092196
0b000b01 0b00c101 10009 100 3113265 2029499077 141209826 10273698
0b000701 0b00cc01 10014 100 1262652 2061188753 110361038 10118542
0b000601 0b00c301 10018 100 909054 2074094881 97459600 10088898
0b000801 0b00c201 10009 100 1774699 2038282564 133298117 10161471
0b000a01 0b00c401 10014 100 1514614 2063379752 108350997 10139666
0b000701 0b00c801 10005 100 1741525 2015068519 156668427 10158691
0b000b01 0b00c501 10011 100 1656320 2085009215 86928337 10151548
0b000201 0b00c301 10016 100 599543 2093520659 78483459 10062947
0b000001 0b00cf01 10015 100 1281640 2072322071 99823604 10120134
0b000c01 0b00cf01 10012 100 1554378 2085276894 86893853 10143001
0b000c01 0b00c401 10015 100 1302210 2066943994 105439177 10121860
0b000c01 0b00c301 10020 100 1168000 2087263354 85195779 10110605
0b000f01 0b00c901 10017 100 1517750 2057163312 115329552 10139929
0b000b01 0b00c201 10003 100 3681391 2023969891 148542338 10321330
0b000101 0b00cd01 10012 100 1977207 2039303970 133260952 10178452
0b000501 0b00cc01 10004 100 4288972 2006593441 165977520 10372267
0b000d01 0b00c601 10023 100 943470 2074750444 97830983 10091782
0b000401 0b00ca01 10015 100 1685768 2049978197 122713087 10154015
0b000901 0b00cb01 10016 100 1345084 2082789906 90049527 10125455
0b000401 0b00c601 10010 100 2211092 2042896819 130026019 10198061
0b000a01 0b00c701 10017 100 1496222 2054278355 118940057 10138126
0b000f01 0b00c201 10015 100 1813154 2048716575 124512342 10164698
0b000401 0b00c001 10018 100 1794390 2056075169 117612533 10163124
0b000601 0b00c801 10019 100 1010253 2072186481 101503508 10097382
0b000701 0b00c801 10017 100 1667825 2052613748 121186619 10152511
0b000b01 0b00c801 10011 100 3068643 2044522297 129381887 10269956
0b000f01 0b00c101 10018 100 1274905 2068101791 105815824 10119568
0b000e01 0b00c001 10001 100 5981067 2002983754 171084411 10514136
0b000901 0b00c501 10018 100 2189533 2038291228 135785148 10196252
0b000001 0b00cc01 10020 100 1710329 2064694902 109554267 10156076
0b000101 0b00cc01 10011 100 1711059 2048514212 125777438 10156138
0b000101 0b00c701 10007 100 1847824 2033267013 141499721 10167602
0b000f01 0b00c401 10013 100 1297760 2063349371 111423682 10121485
0b000501 0b00c101 10002 100 3042481 2012453487 162434415 10267763
0b000501 0b00cd01 10017 100 1761178 2066585240 108312233 10160340
0b000601 0b00c201 10010 100 1426136 2069074572 106018990 10132250
0b000a01 0b00c001 10023 100 720009 2094413213 80716437 10073049
0b000d01 0b00ca01 10014 100 1308926 2066421547 109181417 10122420
0b000e01 0b00c401 10008 100 1274930 2059674847 115992724 10119570
0b000401 0b00c401 10007 100 993908 2067625935 108136459 10096009
0b000901 0b00c301 10010 100 1746834 2060489582 115298702 10159135
0b000001 0b00cf01 10027 100 474094 2094126365 81799491 10052431
0b000601 0b00c301 10002 100 2799135 2011090759 165007884 10247362
0b000701 0b00ce01 10009 100 1424871 2061951634 114171218 10132141
0b000101 0b00c001 10015 100 1863176 2049662461 126634133 10168891
0b000901 0b00c401 10010 100 1994278 2048135745 128174911 10179883
0b000301 0b00c801 10019 100 653689 2083507398 92842380 10067486
0b000a01 0b00ce01 10005 100 2507138 2039505375 136953628 10222881
0b000b01 0b00c701 10004 100 3087454 2030263526 146201816 10271534
0b000101 0b00c001 10004 100 2692191 2014806151 161716858 10238396
0b000d01 0b00c001 10015 100 1141662 2066531142 110035174 10108398
0b000701 0b00c201 10014 100 984565 2073731219 103203204 10095227
0b000a01 0b00ca01 10016 100 788134 2094397031 82662746 10078760
0b000801 0b00cc01 10002 100 3161824 2011030519 166178223 10277768
0b000601 0b00cc01 10008 100 1604083 2054482120 122776405 10147169
0b000f01 0b00cd01 10021 100 1491389 2094477185 82951128 10137720
0b000801 0b00ca01 10015 100 875989 2074710644 102807177 10086122
0b000601 0b00ca01 10007 100 1700266 2038275298 139718372 10155233
0b000f01 0b00c901 10021 100 1888887 2063186092 114819455 10171044
0b000c01 0b00ca01 10005 100 1936044 2027238285 150794377 10175001
0b000801 0b00cf01 10003 100 1987416 2027745846 150364510 10179307
0b000a01 0b00cb01 10024 100 985103 2092132045 86075168 10095274
0b000e01 0b00c701 10001 100 2462236 2011999267 166219754 10219116
0b000701 0b00cc01 10013 100 1453464 2059280635 118982438 10134540
0b000701 0b00c601 10005 100 1890224 2021187337 157113727 10171159
0b000501 0b00c601 10010 100 1835058 2036450508 141856553 10166534
0b000f01 0b00cf01 10001 100 1516555 2035192723 143326194 10139829
0b000001 0b00c001 10015 100 1173288 2092995747 85770060 10111051
0b000301 0b00c801 10020 100 1172999 2088658482 90289397 10111024
0b000e01 0b00c801 10016 100 1250083 2086083694 92992610 10117490
0b000401 0b00ce01 10011 100 2289721 2049292110 129866395 10204651
0b000801 0b00cf01 10011 100 1150729 2065500268 113887630 10109158
0b000b01 0b00c801 10021 100 1561255 2097733482 81787944 10143578
0b000e01 0b00ce01 10014 100 1997315 2056618455 123062467 10180137
0b000c01 0b00c601 10023 100 1037887 2079121020 100722773 10099696
0b000101 0b00c901 10004 100 1935252 2026442220 153426497 10174934
0b000b01 0b00c601 10002 100 3816632 2016546441 163426889 10332667
0b000f01 0b00cf01 10005 100 1657326 2058853229 121132422 10151632
0b000101 0b00c101 10013 100 1378947 2057993071 122094976 10128291
0b000601 0b00ca01 10003 100 1678101 2025897307 154342475 10153375
0b000601 0b00c501 10000 100 3302530 2008455774 171787101 10289565
0b000801 0b00c901 10012 100 1474037 2042644372 137731163 10136266
0b000a01 0b00c101 10019 100 1177803 2093575641 86902830 10111427
0b000c01 0b00c301 10013 100 1906656 2064026683 116570578 10172535
0b000901 0b00c301 10015 100 1483420 2069497101 111195008 10137052
0b000301 0b00c401 10029 100 1052984 2099239630 81603550 10100962
0b000e01 0b00cf01 10023 100 1786180 2058792529 122061158 10162436
0b000701 0b00ce01 10007 100 2162131 2044338753 136522283 10193956
0b000a01 0b00c701 10010 100 1893640 2037215159 144018599 10171444
0b000f01 0b00cb01 10011 100 1346530 2051313085 129989097 10125574
0b000801 0b00c401 10018 100 933189 2075589005 105829906 10090921
0b000401 0b00ce01 10022 100 1886251 2095835407 85781938 10170826
0b000201 0b00c501 10008 100 1586942 2044348149 137495539 10145729
0b000401 0b00c701 10009 100 1315399 2065361160 116531665 10122965
0b000301 0b00c501 10009 100 1822815 2045797508 136183585 10165505
0b000701 0b00ca01 10014 100 964959 2098206344 83850419 10093582
0b000001 0b00c901 10023 100 1330757 2077729746 104490722 10124251
0b000001 0b00cb01 10012 100 1302641 2068088985 114394559 10121894
0b000401 0b00c501 10026 100 1349542 2098351407 84134059 10125827
0b000b01 0b00cb01 10019 100 2155745 2097482938 85443554 10193418
0b000b01 0b00cf01 10006 100 2810849 2035055391 148194057 10248342
0b000b01 0b00c701 10007 100 3585657 2042533753 140943605 10313302
0b000c01 0b00cc01 10015 100 1029039 2064988361 118545375 10098958
0b000d01 0b00c101 10029 100 875353 2099707380 84067809 10086072
0b000001 0b00c201 10020 100 1292378 2080987090 103017942 10121035
0b000701 0b00c401 10014 100 1487310 2050678321 133423151 10137378
0b000801 0b00c201 10022 100 796218 2085942129 98358740 10079437
0b000901 0b00c101 10006 100 2827032 2015379811 169022466 10249702
0b000201 0b00c501 10019 100 838589 2080177899 104284953 10082988
0b000001 0b00c401 10020 100 926627 2088462540 96046030 10090369
0b000501 0b00cd01 10022 100 1058259 2089714943 94938795 10101407
0b000301 0b00c201 10010 100 1897108 2044686482 139990677 10171736
0b000001 0b00c501 10013 100 1629645 2077078622 107688513 10149310
0b000a01 0b00c401 10012 100 2669008 2058587139 126327492 10236453
0b000f01 0b00c801 10000 100 2763489 2015705277 169420134 10244372
0b000b01 0b00ce01 10003 100 3116898 2021738685 163570861 10274001
0b000d01 0b00ce01 10016 100 1624594 2062825722 122497351 10148887
0b000c01 0b00c901 10019 100 1346193 2086924981 98654200 10125547
0b000801 0b00c701 10004 100 3039334 2017000732 168600627 10267500
0b000401 0b00ca01 10018 100 1424641 2066509035 119138865 10132123
0b000801 0b00cf01 10009 100 1815752 2057903345 127850422 10164913
0b000001 0b00c601 10005 100 2420720 2019569328 166217119 10215634
0b000401 0b00c901 10015 100 1793548 2069335809 116811810 10163052
0b000801 0b00ce01 10022 100 786544 2089655678 96597067 10078625
0b000b01 0b00c101 10007 100 3048688 2016908133 169432633 10268283
0b000e01 0b00ce01 10005 100 2955127 2017325098 169138335 10260441
0b000801 0b00c301 10014 100 1108907 2091983013 94619247 10105651
0b000d01 0b00c501 10006 100 1933804 2043282057 143558906 10174810
0b000801 0b00c701 10011 100 1816199 2042529523 144454581 10164953
0b000d01 0b00ce01 10029 100 1140816 2093355235 93744752 10108326
0b000501 0b00c101 10016 100 1482206 2072168172 115388954 10136951
0b000301 0b00c901 10004 100 1889014 2056023145 131691525 10171058
0b000801 0b00c801 10011 100 1436504 2068788834 119084538 10133118
0b000001 0b00cf01 10016 100 1295714 2076414366 111661011 10121313
0b000d01 0b00ce01 10025 100 874604 2081106364 107386226 10086008
0b000f01 0b00cf01 10004 100 2537486 2048127474 140548043 10225424
0b000701 0b00cb01 10002 100 1842814 2016171712 172556255 10167182
0b000b01 0b00cd01 10007 100 1803970 2055551046 133346143 10163924
0b000801 0b00c301 10012 100 1118169 2074409699 114650512 10106430
0b000801 0b00cf01 10013 100 1323634 2069987526 119089891 10123654
0b000c01 0b00c701 10020 100 1304160 2097155691 92254523 10122024
0b000301 0b00cd01 10017 100 1524041 2072916386 116591184 10140459
0b000501 0b00ce01 10018 100 1189533 2081870376 107666090 10112412
0b000201 0b00cb01 10012 100 1505035 2053821426 135721569 10138865
0b000601 0b00ce01 10023 100 1268655 2098999838 90615373 10119045
0b000301 0b00c801 10000 100 6200879 2001514080 188148936 10532562
0b000e01 0b00cb01 10017 100 836094 2095231775 94498934 10082781
0b000801 0b00ce01 10006 100 3280259 2020659778 169103559 10287699
0b000301 0b00c401 10027 100 879078 2092410913 97550356 10086385
0b000501 0b00c601 10026 100 1650425 2070662964 119299221 10151053
0b000e01 0b00c601 10000 100 3599235 2003935896 186060773 10314442
0b000101 0b00c801 10012 100 2553362 2065758038 124384916 10226756
0b000701 0b00cc01 10007 100 1864580 2026759188 163928324 10169008
0b000401 0b00c201 10006 100 2548236 2025661389 165136262 10226327
0b000001 0b00c001 10010 100 2458835 2066172669 124672591 10218829
0b000401 0b00ca01 10019 100 2226789 2066748184 124131940 10199374
0b000f01 0b00c101 10014 100 1422354 2057314112 133687943 10131932
0b000001 0b00cc01 10009 100 1906456 2031783515 159230566 10172519
0b000301 0b00cf01 10017 100 788110 2081787627 109237300 10078758
0b000001 0b00c801 10017 100 2804367 2060901796 130206267 10247800
0b000601 0b00c901 10012 100 1428649 2057404195 133767290 10132459
0b000b01 0b00c501 10007 100 2371466 2053514037 137712093 10211505
0b000001 0b00cb01 10014 100 1685804 2078926633 112384160 10154018
0b000c01 0b00ce01 10014 100 1143276 2075580303 115841055 10108535
0b000b01 0b00c201 10000 100 4955707 2010503685 181316214 10428167
0b000701 0b00c901 10010 100 1437587 2049314209 142507684 10133208
0b000f01 0b00ca01 10017 100 1831984 2065831435 126026112 10166273
0b000c01 0b00c001 10020 100 1104516 2098532064 93636447 10105284
0b000d01 0b00ca01 10008 100 1997902 2046927610 145445683 10180184
0b000301 0b00cb01 10008 100 3824306 2034957100 157602232 10333312
0b000d01 0b00c001 10004 100 2765525 2027459820 165178022 10244543
0b000701 0b00c201 10017 100 1228277 2082853388 109802832 10115661
0b000e01 0b00ce01 10017 100 1324588 2079493316 113231273 10123735
0b000701 0b00ce01 10013 100 1095392 2079999234 112791611 10104520
0b000d01 0b00c401 10028 100 1003297 2069114302 123692321 10096799
0b000401 0b00c901 10008 100 1920522 2038963311 153846803 10173698
0b000901 0b00c501 10001 100 3975399 2002971099 189949755 10345979
0b000f01 0b00c001 10022 100 1840713 2085828028 107521731 10167006
0b000d01 0b00cf01 10005 100 2147207 2037161540 156234028 10192704
0b000101 0b00ca01 10009 100 1498686 2052879012 140759618 10138331
0b000001 0b00c401 10012 100 2383428 2051784231 142112116 10212508
0b000b01 0b00c301 10019 100 2916467 2060634787 133289989 10257198
0b000c01 0b00cc01 10006 100 2775789 2026323026 167674812 10245402
0b000101 0b00ce01 10008 100 2842549 2014152403 179931258 10251001
0b000a01 0b00c001 10012 100 1790193 2057709211 136522224 10162772
0b000901 0b00c401 10005 100 2080837 2036230863 158082702 10187138
0b000e01 0b00ce01 10016 100 1683592 2075446904 119029190 10153833
0b000301 0b00c301 10020 100 921141 2092399683 102178464 10089911
0b000001 0b00cf01 10021 100 1660342 2086916566 107958514 10151885
0b000501 0b00c301 10012 100 2325289 2042090776 153010425 10207634
0b000101 0b00c601 10021 100 1500831 2091725137 103458711 10138510
0b000801 0b00cd01 10013 100 2136580 2038456129 157035469 10191812
0b000401 0b00ce01 10016 100 1603535 2073973762 121609545 10147122
0b000e01 0b00ce01 10004 100 2206579 2015153585 180517343 10197681
0b000601 0b00cd01 10013 100 1871323 2068022414 127981753 10169574
0b000f01 0b00cb01 10009 100 1877045 2029179382 166981356 10170055
0b000f01 0b00c601 10018 100 1566442 2095368506 100931104 10144012
0b000c01 0b00c301 10004 100 2132629 2026640576 169675540 10191481
0b000101 0b00c101 10009 100 1943130 2032113309 164347787 10175595
0b000601 0b00c901 10014 100 1557914 2064741968 131742169 10143295
0b000601 0b00c101 10009 100 2349478 2043055847 153507416 10209662
0b000e01 0b00c301 10003 100 3054654 2017161655 179491639 10268783
0b000601 0b00c901 10009 100 1727766 2036554864 160142474 10157536
0b000201 0b00ca01 10014 100 1326276 2075669040 121030871 10123877
0b000b01 0b00c101 10028 100 3203311 2071212167 125508575 10281248
0b000001 0b00cd01 10021 100 1079856 2099532604 97249649 10103215
0b000601 0b00c001 10013 100 1919824 2046257621 150540077 10173638
0b000201 0b00ce01 10012 100 1378852 2057338105 139474492 10128283
0b000101 0b00cb01 10005 100 2252109 2037722272 159096788 10201500
0b000001 0b00cc01 10010 100 3382803 2035977989 161234155 10296294
0b000801 0b00c801 10022 100 878008 2099183453 98095878 10086296
0b000801 0b00ce01 10010 100 1689283 2038927575 158408883 10154312
0b000801 0b00c501 10009 100 1994414 2045215364 152600690 10179893
0b000a01 0b00c201 10015 100 1081877 2088870181 108990574 10103385
0b000601 0b00cd01 10003 100 3446235 2017668242 180419004 10301615
0b000601 0b00cb01 10017 100 1581693 2080616660 117668613 10145290
0b000f01 0b00c901 10005 100 2749420 2018962016 179388502 10243193
0b000601 0b00c501 10018 100 1215119 2091461316 106972419 10114558
0b000801 0b00cf01 10012 100 1461807 2069371186 129319623 10135238
0b000101 0b00ca01 10015 100 1756652 2071430454 127392268 10159959
0b000301 0b00cc01 10017 100 1066941 2091989975 107121248 10102132
0b000901 0b00c201 10021 100 1507524 2082634327 116600284 10139072
0b000101 0b00c101 10019 100 1000349 2073686146 125575770 10096551
0b000801 0b00c701 10012 100 1878575 2043687817 155711735 10170181
0b000b01 0b00c501 10010 100 3897987 2070413473 129096130 10339487
0b000901 0b00ce01 10011 100 1917104 2034402904 165109056 10173413
0b000f01 0b00cf01 10013 100 1779595 2082672832 116878862 10161882
0b000401 0b00c901 10022 100 1661821 2090124927 109585782 10152007
0b000801 0b00c801 10013 100 1800128 2079882752 119975358 10163606
0b000101 0b00c201 10005 100 3279726 2045355833 154624887 10287653
0b000d01 0b00ca01 10012 100 1563313 2059279520 140913685 10143750
0b000701 0b00c701 10030 100 1887089 2082870247 117456829 10170897
0b000a01 0b00c601 10016 100 1312928 2080128245 120253681 10122756
0b000401 0b00c301 10015 100 1241075 2081395994 119048031 10116735
0b000d01 0b00c301 10010 100 2821512 2030240304 170562428 10249237
0b000201 0b00cd01 10010 100 1600327 2048051338 153037243 10146854
0b000701 0b00c801 10010 100 2525185 2023140684 178252125 10224394
0b000b01 0b00c801 10020 100 3215565 2090650956 111212512 10282274
0b000c01 0b00ca01 10006 100 2886541 2027887450 174067364 10254689
0b000d01 0b00c301 10020 100 1760556 2058169071 144064534 10160286
0b000c01 0b00c101 10012 100 2798142 2043408217 158926784 10247279
0b000e01 0b00c401 10001 100 3126645 2006979170 195481381 10274819
0b000601 0b00c901 10001 100 4483548 2004906633 197636173 10388582
0b000e01 0b00cb01 10014 100 1606642 2075412522 127168977 10147382
0b000e01 0b00c001 10018 100 1323336 2089926644 112659546 10123631
0b000c01 0b00c301 10016 100 1639222 2078180457 124548454 10150115
0b000701 0b00c601 10017 100 1925817 2058125099 144834235 10174141
0b000e01 0b00c201 10010 100 1379770 2078636060 124489893 10128360
0b000401 0b00cd01 10018 100 1226660 2098571907 104920969 10115524
0b000b01 0b00cb01 10008 100 4377017 2031899570 171899266 10379652
0b000d01 0b00cb01 10004 100 3522340 2020502228 183373524 10307995
0b000301 0b00ce01 10018 100 1525805 2079945034 124456065 10140604
0b000701 0b00c101 10009 100 1703903 2054962982 149439636 10155535
0b000101 0b00c701 10002 100 3236135 2015697369 188723727 10284000
0b000501 0b00ce01 10016 100 1486115 2077316072 127147914 10137279
0b000901 0b00c001 10021 100 1208515 2085335433 119189802 10114003
0b000b01 0b00c601 10003 100 4784024 2026916094 177615318 10413776
0b000901 0b00c201 10026 100 1233837 2099223170 105329506 10116125
0b000d01 0b00c801 10008 100 2211794 2043530066 161038935 10198117
0b000f01 0b00c001 10004 100 3294567 2009765188 194856158 10288898
0b000701 0b00c201 10018 100 2318060 2084645823 120025446 10207029
0b000a01 0b00c301 10017 100 1563082 2067593884 137257223 10143732
0b000d01 0b00c501 10015 100 1652813 2083033014 121990569 10151252
0b000101 0b00c601 10012 100 1370717 2068336935 137036994 10127602
0b000301 0b00c301 10004 100 3153196 2027495258 177926237 10277047
0b000b01 0b00c701 10006 100 4170807 2042066262 163414520 10362361
0b000001 0b00ca01 10003 100 4024087 2016877013 188992719 10350062
0b000b01 0b00c401 10013 100 2189932 2049905896 155990475 10196284
0b000901 0b00c501 10019 100 2532694 2039795146 166289408 10225022
0b000601 0b00c401 10008 100 2525547 2030762693 175373714 10224423
0b000001 0b00c601 10001 100 5262705 2008577561 197711300 10453906
0b000e01 0b00c101 10024 100 1739825 2075677622 130656127 10158547
0b000b01 0b00c101 10031 100 1460460 2082565595 124001366 10135127
0b000601 0b00c301 10022 100 1882425 2084819170 121755942 10170504
0b000b01 0b00c301 10026 100 2878263 2082472439 124133511 10253996
0b000e01 0b00c901 10012 100 2613792 2055092177 151693244 10231821
0b000301 0b00cb01 10025 100 1141895 2091497887 115504727 10108416
0b000e01 0b00ce01 10002 100 3464609 2008196027 198886257 10303154
0b000401 0b00cc01 10013 100 1921481 2056113633 151181914 10173778
0b000801 0b00cc01 10011 100 2188668 2045435562 162137285 10196179
0b000d01 0b00ce01 10021 100 1440529 2072926986 134736425 10133455
0b000801 0b00c901 10022 100 1007022 2097128103 110580905 10097112
0b000101 0b00c001 10018 100 1912549 2058506046 149213901 10173029
0b000201 0b00c401 10004 100 2439370 2023719659 184172461 10217199
0b000c01 0b00c901 10021 100 1692193 2087653103 120310329 10154556
0b000d01 0b00c601 10027 100 1740063 2087856385 120111427 10158570
0b000f01 0b00c501 10014 100 1816003 2044954610 163033218 10164937
0b000401 0b00c301 10003 100 4606757 2017000696 191122726 10398911
0b000801 0b00c401 10013 100 1945039 2058235700 150050634 10175755
0b000201 0b00c301 10001 100 1887294 2012960547 195367165 10170913
0b000e01 0b00cd01 10011 100 1465274 2079909053 128605212 10135531
0b000601 0b00c301 10020 100 2068339 2079604471 129121100 10186092
0b000301 0b00c101 10007 100 1658221 2059631738 149111916 10151708
0b000201 0b00c101 10019 100 1364847 2072969882 136310738 10127109
0b000f01 0b00c001 10021 100 1952682 2085454786 124304533 10176394
0b000d01 0b00cc01 10011 100 2487768 2038987596 170790746 10221255
0b000801 0b00c601 10015 100 1474689 2086704442 123254658 10136319
0b000b01 0b00c301 10015 100 2835032 2035450539 174549858 10250372
0b000201 0b00c201 10026 100 1355188 2099625014 110746024 10126302
0b000b01 0b00c601 10009 100 3132877 2042834936 168221682 10275340
0b000401 0b00c901 10025 100 1821763 2099356643 111808044 10165417
0b000d01 0b00c701 10020 100 1380498 2090498320 121100038 10128422
0b000e01 0b00cc01 10019 100 1993992 2068154073 143546333 10179856
0b000701 0b00cb01 10012 100 2679318 2043476832 168244537 10237316
0b000001 0b00c801 10010 100 3592303 2040008923 171756575 10313861
0b000401 0b00c001 10003 100 4259276 2008972725 203052000 10369780
0b000801 0b00ca01 10003 100 3924931 2014846212 197183349 10341746
0b000701 0b00c501 10019 100 1332397 2082905584 129130543 10124390
0b000d01 0b00c701 10008 100 2531710 2033673438 178551213 10224939
0b000b01 0b00cc01 10001 100 8334544 2006274857 206151036 10711449
0b000401 0b00cf01 10008 100 2642076 2036519640 175952712 10234195
0b000f01 0b00c801 10008 100 3153947 2038007979 174507868 10277107
0b000401 0b00c401 10015 100 1611190 2096633896 115980938 10147765
0b000001 0b00c201 10022 100 1545681 2094089328 118697275 10142271
0b000401 0b00cf01 10018 100 1141538 2074809023 138364624 10108388
0b000001 0b00cf01 10026 100 1625083 2092886774 120341918 10148930
0b000101 0b00cb01 10023 100 1728276 2099807546 113613072 10157581
0b000101 0b00c501 10009 100 1991147 2034168068 179341920 10179621
0b000501 0b00ca01 10022 100 2196441 2095292492 118361017 10196831
0b000d01 0b00c801 10009 100 1982479 2045764179 167962750 10178893
0b000b01 0b00c301 10031 100 3520855 2090377606 123758933 10307869
0b000901 0b00c301 10022 100 1381683 2087491930 126653236 10128521
0b000801 0b00c601 10017 100 1464726 2097349847 117344327 10135483
0b000e01 0b00c301 10016 100 1882223 2093897050 121145571 10170488
0b000c01 0b00cb01 10019 100 2174816 2097395048 117867088 10195017
0b000401 0b00cb01 10003 100 4714106 2010150073 205260203 10407914
0b000201 0b00c601 10001 100 4021263 2005215098 210219057 10349825
0b000601 0b00ca01 10011 100 2524277 2060073454 155528462 10224318
0b000c01 0b00c201 10018 100 1620640 2049476793 166144475 10148555
0b000e01 0b00ca01 10018 100 1568690 2082382529 133291991 10144200
0b000301 0b00c601 10025 100 1277921 2080074870 135718194 10119821
0b000501 0b00cf01 10001 100 4777210 2009526637 206425880 10413204
0b000601 0b00c301 10012 100 3288376 2038921879 177143284 10288379
0b000101 0b00c701 10010 100 2708546 2040912425 175230101 10239766
0b000001 0b00c901 10012 100 3660641 2037418528 179079062 10319589
0b000d01 0b00cc01 10002 100 3408155 2019179734 197578606 10298422
0b000001 0b00cb01 10022 100 2131318 2096022302 120765473 10191372
0b000d01 0b00c601 10017 100 2613486 2055480970 161337369 10231796
0b000301 0b00cb01 10015 100 1925351 2058378215 158620713 10174103
0b000801 0b00c301 10013 100 1214348 2085010446 132161672 10114493
0b000601 0b00c801 10018 100 2609507 2061364978 155931997 10231462
0b000401 0b00cc01 10017 100 1538104 2081501820 136050119 10141638
0b000301 0b00c201 10013 100 1763153 2053325472 164285284 10160506
0b000601 0b00c601 10009 100 1757110 2048331918 169449161 10159999
0b000501 0b00c801 10009 100 2508619 2039222988 179496933 10223004
0b000b01 0b00cc01 10011 100 3871217 2037308116 181505141 10337245
0b000a01 0b00cc01 10022 100 1800949 2095268397 123739557 10163671
0b000e01 0b00c801 10009 100 3070780 2034155279 185092306 10270135
0b000b01 0b00ce01 10012 100 4768068 2050368302 168918219 10412438
0b000001 0b00cf01 10024 100 2604664 2090373011 128988308 10231056
0b000701 0b00c601 10025 100 1785026 2081051539 138497395 10162340
0b000e01 0b00cf01 10007 100 2590688 2016236388 203476541 10229884
0b000201 0b00cd01 10006 100 1757383 2026402125 193589023 10160021
0b000901 0b00c401 10021 100 1396380 2085250913 134760323 10129754
0b000801 0b00c701 10013 100 1640112 2045913751 174227161 10150190
0b000001 0b00c401 10013 100 3827051 2052895196 167521435 10333543
0b000a01 0b00cc01 10011 100 1825294 2063378468 157314880 10165715
0b000401 0b00c201 10014 100 1458852 2096624090 124352015 10134990
0b000c01 0b00c001 10016 100 3196104 2053217644 167830990 10280644
0b000d01 0b00cb01 10014 100 1956854 2079538690 141652724 10176743
0b000001 0b00cc01 10017 100 2232236 2053322598 167885666 10199833
0b000301 0b00c301 10011 100 1991220 2051962876 169389255 10179626
0b000001 0b00c601 10006 100 2571091 2019993411 201379211 10228243
0b000801 0b00ca01 10026 100 913219 2094110275 127361445 10089247
0b000f01 0b00c701 10007 100 2998604 2050991129 170508757 10264084
0b000d01 0b00c801 10006 100 3644079 2027967595 193601334 10318203
0b000101 0b00cc01 10015 100 1670271 2075699505 145885388 10152718
0b000d01 0b00c401 10035 100 1948022 2096471105 125462922 10176005
0b000101 0b00c801 10006 100 3066010 2039156456 182876039 10269738
0b000301 0b00c901 10013 100 1863715 2084308839 137759926 10168934
0b000301 0b00cd01 10012 100 3007057 2050572858 171546771 10264795
0b000901 0b00c701 10010 100 2898484 2043406351 178756200 10255690
0b000901 0b00c101 10007 100 2874180 2016995732 205389624 10253654
0b000e01 0b00cb01 10016 100 2529202 2090462678 132537379 10224731
0b000801 0b00c601 10005 100 2950774 2027054311 196124175 10260073
0b000d01 0b00c201 10019 100 1848595 2098871262 124454820 10167667
0b000b01 0b00c201 10015 100 3379885 2098529203 124962015 10296050
0b000c01 0b00cd01 10006 100 3809718 2035260454 188263136 10332087
0b000501 0b00c901 10021 100 1862633 2087691654 135967059 10168844
0b000e01 0b00c101 10028 100 1401392 2088626773 135075204 10130175
0b000c01 0b00c801 10011 100 4078067 2047037899 177342932 10354588
0b000001 0b00cc01 10013 100 3462839 2039682678 185051040 10303005
0b000801 0b00c101 10013 100 2434138 2038813451 186342298 10216761
0b000601 0b00c501 10005 100 3361592 2036066770 189431031 10294517
0b000701 0b00ca01 10008 100 1656732 2058156208 167372520 10151581
0b000201 0b00cb01 10010 100 2705551 2040675133 184865015 10239515
0b000501 0b00c701 10002 100 2845141 2029630008 196218044 10251219
0b000601 0b00ca01 10019 100 2180157 2094498600 131440469 10195467
0b000301 0b00ca01 10025 100 1356878 2088071982 138047447 10126441
0b000f01 0b00cf01 10012 100 2960133 2082401047 143790261 10260860
0b000901 0b00c101 10018 100 3061752 2046476080 180186563 10269378
0b000101 0b00ca01 10020 100 1862027 2098322103 128378594 10168796
0b000301 0b00cc01 10013 100 1524783 2077161543 149602016 10140518
0b000d01 0b00c101 10028 100 2215557 2095088634 131742246 10198434
0b000f01 0b00c701 10000 100 5256318 2006156921 220763620 10453372
0b000b01 0b00c901 10008 100 3791824 2035850316 191323351 10330587
0b000301 0b00c801 10012 100 2038282 2066598141 160612764 10183572
0b000d01 0b00ce01 10008 100 1843451 2050747578 176655861 10167237
0b000101 0b00c201 10006 100 1753790 2064121704 163407776 10159718
0b000701 0b00cf01 10019 100 1468333 2098107923 129445352 10135787
0b000501 0b00c801 10014 100 2255449 2081343165 146214280 10201778
0b000501 0b00cc01 10024 100 2570773 2097946301 129884053 10228214
0b000601 0b00cf01 10002 100 4461585 2005601174 222235376 10386740
0b000601 0b00cb01 10002 100 4072187 2015152695 212702052 10354095
0b000b01 0b00c901 10015 100 3228663 2075549958 152448275 10283372
0b000601 0b00c701 10012 100 2199158 2051471068 177004473 10197060
0b000501 0b00c101 10013 100 2401859 2055924846 172998820 10214052
0b000001 0b00c401 10005 100 3678371 2023652708 205528639 10321077
0b000501 0b00c601 10002 100 4141651 2011910633 217365066 10359917
0b000d01 0b00ca01 10013 100 2555505 2060751801 168624704 10226935
0b000c01 0b00c301 10019 100 2101680 2085615123 143912637 10188886
0b000f01 0b00c001 10013 100 3788820 2038220921 191409676 10330335
0b000e01 0b00c701 10000 100 3867389 2008933285 220757151 10336924
0b000a01 0b00ca01 10007 100 2531601 2031541494 198218860 10224930
0b000601 0b00ce01 10019 100 1752484 2096151843 133703445 10159610
0b000801 0b00cb01 10015 100 1346915 2088202984 142196227 10125605
0b000901 0b00c301 10021 100 1683711 2085537310 145761712 10153843
0b000b01 0b00cb01 10004 100 7258000 2010840501 220503671 10621190
0b000201 0b00cb01 10000 100 7047282 2001289528 230102642 10603526
0b000101 0b00ce01 10014 100 3128312 2064342696 167243651 10274960
0b000301 0b00c501 10013 100 1820942 2074691969 157093518 10165348
0b000101 0b00cc01 10003 100 3785726 2016246252 215539478 10330076
0b000101 0b00c901 10002 100 3027215 2015724227 216349640 10266484
0b000d01 0b00ce01 10002 100 3844258 2019491581 212613534 10334985
0b000401 0b00cd01 10010 100 3005357 2076982135 155211307 10264651
0b000801 0b00ca01 10013 100 2786056 2064204931 168076711 10246266
0b000e01 0b00cf01 10020 100 2457537 2045920530 186399318 10218721
0b000301 0b00c101 10010 100 1123521 2085183993 147139493 10106877
0b000701 0b00ca01 10010 100 2909830 2070161723 162288244 10256640
0b000501 0b00c101 10006 100 3568151 2018290138 214172578 10311837
0b000b01 0b00c401 10023 100 3336804 2094399441 138303317 10292438
0b000b01 0b00c101 10024 100 4953118 2063942920 169045267 10427952
0b000201 0b00c701 10012 100 2661614 2054567850 178678280 10235831
0b000e01 0b00c101 10007 100 3535808 2020962652 212416809 10309122
0b000601 0b00cf01 10000 100 5722826 2002993406 230413333 10492482
0b000601 0b00cd01 10005 100 3238271 2041779210 191642157 10284179
0b000001 0b00c201 10011 100 2885133 2047377192 186429679 10254572
0b000501 0b00c101 10024 100 1471822 2097591943 136584175 10136078
0b000b01 0b00c201 10016 100 5127712 2099516910 134677758 10442588
0b000901 0b00cb01 10006 100 3545733 2033648486 200661293 10309955
0b000a01 0b00c601 10011 100 3432886 2050782836 183544409 10300493
0b000701 0b00c401 10013 100 3012438 2049547346 184925921 10265244
0b000001 0b00cc01 10018 100 3402261 2054303251 180233550 10297928
0b000101 0b00c501 10003 100 3608811 2018516394 216324155 10315243
0b000f01 0b00ce01 10004 100 4009870 2019307985 215618857 10348868
0b000901 0b00c301 10008 100 3685791 2032409018 202725499 10321697
0b000101 0b00c601 10003 100 4082142 2016334344 218813592 10354930
0b000e01 0b00c301 10000 100 4789051 2005385570 229829545 10414197
0b000101 0b00c301 10009 100 3673941 2054105846 181171576 10320703
0b000201 0b00c101 10022 100 2149744 2080776200 154716676 10192915
0b000f01 0b00c901 10012 100 4220088 2040244865 195275163 10366495
0b000a01 0b00cd01 10024 100 1769014 2087788517 147779068 10160997
0b000401 0b00cd01 10008 100 3500358 2065973721 169749094 10306152
0b000101 0b00c301 10016 100 2991463 2091690521 144301445 10263486
0b000801 0b00c001 10020 100 1311547 2089924246 146146440 10122641
0b000701 0b00cc01 10004 100 3361973 2017956986 218254145 10294547
0b000001 0b00c801 10022 100 2749985 2069554715 166968770 10243238
0b000701 0b00c401 10004 100 4301610 2007245595 229449663 10373328
0b000601 0b00c101 10010 100 4118715 2043831573 192989998 10357994
0b000f01 0b00cc01 10006 100 3669345 2026143824 210887403 10320320
0b000501 0b00ce01 10011 100 1897322 2064729727 172616371 10171754
0b000801 0b00c101 10024 100 2354322 2085999414 151469168 10210068
0b000c01 0b00c101 10010 100 4769008 2041290705 196681496 10412517
0b000601 0b00cb01 10009 100 3316820 2037862093 200166323 10290762
0b000a01 0b00c901 10028 100 1712928 2079968744 158115882 10156292
0b000601 0b00c101 10007 100 2797679 2039280595 199172838 10247238
0b000001 0b00ca01 10023 100 2503333 2095501759 143076187 10222562
0b000901 0b00c001 10003 100 4349411 2009397245 229204861 10377336
0b000101 0b00c301 10011 100 2929441 2077959250 160706589 10258286
0b000e01 0b00cf01 10031 100 3327326 2098884051 139963916 10291645
0b000c01 0b00c001 10007 100 4919655 2018980389 219887176 10425145
0b000601 0b00c301 10026 100 1532135 2090631988 148366751 10141137
0b000901 0b00cd01 10018 100 2909291 2096003179 143225427 10256597
0b000f01 0b00c501 10021 100 2561547 2068366799 171027925 10227441
0b000301 0b00c801 10015 100 1518348 2077297232 162203979 10139980
0b000901 0b00c401 10024 100 1823806 2097231800 142283895 10165588
0b000a01 0b00c801 10006 100 3846453 2047502385 192089199 10335168
0b000e01 0b00c901 10002 100 4058581 2007796542 231829366 10352953
0b000901 0b00cc01 10017 100 3601728 2072783231 166881625 10314649
0b000c01 0b00c501 10000 100 3726942 2007969232 232724037 10325147
0b000601 0b00c001 10020 100 2843805 2060965912 179797063 10251105
0b000601 0b00cd01 10018 100 1502662 2094877507 145946032 10138664
0b000d01 0b00ca01 10016 100 1638825 2077157933 163811584 10150079
0b000001 0b00ca01 10024 100 1926041 2098480647 142539231 10174162
0b000001 0b00c601 10014 100 2465478 2088017321 153122086 10219387
0b000a01 0b00cb01 10005 100 3615946 2020974920 220915644 10315841
0b000601 0b00c001 10021 100 2509956 2068860937 173157361 10223114
0b000c01 0b00cc01 10002 100 6701642 2014489912 227863878 10574547
0b000201 0b00c001 10010 100 1543665 2075351620 167075555 10142102
0b000501 0b00c201 10001 100 4800959 2008115477 234559702 10415192
0b000701 0b00c001 10012 100 3417119 2058825104 183858123 10299174
0b000e01 0b00cf01 10015 100 3814523 2027579028 215135562 10332491
0b000501 0b00c601 10012 100 3384182 2045042995 197707773 10296412
0b000901 0b00cc01 10003 100 4679055 2029209949 213700642 10404975
0b000701 0b00c501 10022 100 2488034 2096118521 146921196 10221280
0b000701 0b00c101 10015 100 3342678 2082867541 160348471 10292931
0b000901 0b00cd01 10014 100 2954733 2081427092 161797738 10260405
0b000d01 0b00c601 10026 100 1571632 2085569313 157715645 10144447
0b000a01 0b00ce01 10011 100 1911336 2066606918 176683463 10172928
0b000701 0b00cc01 10012 100 1871537 2059041183 184295024 10169591
0b000701 0b00c901 10013 100 1327664 2060476642 182976525 10123992
0b000d01 0b00c301 10011 100 4059552 2031990089 211628568 10353034
0b000901 0b00cf01 10021 100 2130675 2086601659 157017765 10191317
0b000001 0b00c901 10026 100 2018772 2084668150 158967000 10181934
0b000501 0b00cc01 10021 100 1436982 2070216851 173669080 10133156
0b000f01 0b00c001 10002 100 6651237 2004684512 239509398 10570322
0b000501 0b00cc01 10013 100 3287312 2047935745 196291907 10288290
0b000201 0b00cd01 10016 100 1382258 2088824591 155427132 10128571
0b000701 0b00c601 10002 100 3966934 2013998695 230352016 10345268
0b000c01 0b00cd01 10005 100 2785709 2028208718 216392088 10246234
0b000501 0b00cc01 10022 100 2469374 2075247461 169388560 10219714
0b000c01 0b00c401 10022 100 2511586 2095233293 149403012 10223252
0b000d01 0b00c801 10021 100 1953755 2093286988 151590042 10176483
0b000101 0b00ce01 10009 100 4206402 2022702255 222415912 10365347
0b000a01 0b00c901 10032 100 2617761 2085861899 159279526 10232154
0b000a01 0b00ca01 10018 100 1477814 2099153422 146335821 10136580
0b000301 0b00c501 10011 100 3318149 2060879749 184876619 10290876
0b000b01 0b00c101 10017 100 6111315 2045670490 200128515 10525055
0b000d01 0b00cc01 10020 100 2522166 2095930371 150069186 10224141
0b000601 0b00ca01 10012 100 4447353 2061363373 184906901 10385548
0b000801 0b00ca01 10022 100 1785857 2090125528 156304693 10162406
0b000601 0b00c601 10006 100 4516304 2029786692 216646177 10391329
0b000d01 0b00c401 10011 100 4369926 2023842866 222978529 10379054
0b000501 0b00c501 10001 100 5292420 2007335572 239523161 10456398
0b000e01 0b00ca01 10015 100 2100392 2065581211 181346556 10188779
0b000401 0b00c401 10009 100 1927306 2068997228 178081227 10174268
0b000b01 0b00c901 10003 100 5800608 2007643943 239482589 10499004
0b000101 0b00cc01 10006 100 2439825 2028756953 218452975 10217235
0b000101 0b00c701 10017 100 1724772 2071853518 175409979 10157285
0b000401 0b00ce01 10018 100 3423885 2077548794 169787719 10299738
0b000e01 0b00c501 10019 100 1550718 2091205453 156318414 10142693
0b000101 0b00cd01 10018 100 3930869 2065152846 182624460 10342244
0b000901 0b00c101 10020 100 3280308 2065238287 183189154 10287703
0b000a01 0b00c501 10008 100 4302918 2051081390 197463103 10373436
0b000001 0b00cd01 10012 100 4649398 2066199121 182417216 10402487
0b000d01 0b00c301 10019 100 3889547 2053268890 195550973 10338781
0b000701 0b00c201 10007 100 4132354 2023885796 225004953 10359139
0b000601 0b00ce01 10000 100 9888946 2002715815 246395571 10841769
0b000301 0b00c401 10018 100 3966364 2061399268 187753948 10345222
0b000101 0b00c601 10013 100 3774481 2074577973 174664101 10329134
0b000801 0b00cb01 10003 100 4494300 2028592521 220970156 10389484
0b000101 0b00cf01 10017 100 3817897 2092645558 157449004 10332772
0b000d01 0b00cf01 10006 100 3978234 2040567154 209785232 10346218
0b000e01 0b00c101 10025 100 2326660 2076067012 174619346 10207748
0b000001 0b00c901 10020 100 4278735 2067792798 183707501 10371410
0b000a01 0b00c501 10011 100 4085803 2058682641 193047601 10355234
0b000901 0b00c801 10015 100 4302441 2063233534 188551147 10373398
0b000501 0b00c101 10010 100 3773769 2025559503 226588212 10329073
0b000d01 0b00c201 10014 100 2729646 2081256397 171088826 10241534
0b000f01 0b00c101 10019 100 3717022 2077174262 175231947 10324318
0b000c01 0b00cb01 10013 100 1792613 2064139412 188557830 10162974
0b000301 0b00cf01 10014 100 1917527 2062915095 190084704 10173447
0b000b01 0b00cc01 10010 100 8136173 2034008318 219452557 10694819
0b000e01 0b00c401 10003 100 4489966 2015135730 238438850 10389118
0b000401 0b00cd01 10001 100 4841922 2021862798 231777018 10418627
0b000501 0b00c501 10012 100 3545800 2059790791 193970639 10309960
0b000101 0b00cf01 10018 100 4098479 2096339835 157534858 10356298
0b000901 0b00ce01 10019 100 3182596 2072386853 181726294 10279510
0b000301 0b00cd01 10002 100 3185315 2021100163 233294057 10279739
0b000401 0b00c001 10021 100 1819007 2067165575 187343776 10165189
0b000901 0b00cf01 10016 100 4615708 2071120083 183845956 10399662
0b000001 0b00ca01 10005 100 3471129 2029394577 225577253 10303702
0b000d01 0b00c901 10016 100 2999867 2048554542 206470303 10264189
0b000801 0b00c501 10012 100 2782581 2052415016 203013366 10245973
0b000b01 0b00cf01 10013 100 7236711 2055074085 200494891 10619406
0b000501 0b00cb01 10002 100 4140665 2007782608 247814063 10359834
0b000001 0b00c001 10014 100 4120466 2087826109 167879571 10358141
0b000701 0b00c401 10001 100 4978636 2006774594 249104212 10430090
0b000101 0b00cd01 10008 100 3775234 2029810342 226119277 10329198
0b000f01 0b00ce01 10011 100 4067838 2045885414 210171781 10353728
0b000401 0b00cf01 10020 100 2981299 2080916365 175155056 10262634
0b000b01 0b00c901 10000 100 8660954 2006391969 249710810 10738814
0b000401 0b00cc01 10021 100 4555447 2094987285 161167213 10394610
0b000a01 0b00cf01 10018 100 2890054 2075643831 180646127 10254985
0b000e01 0b00c001 10019 100 4180068 2090959146 165520584 10363140
0b000c01 0b00c601 10014 100 3911027 2048833430 207714858 10340584
0b000601 0b00cd01 10016 100 4843066 2086560291 170138502 10418726
0b000e01 0b00cb01 10006 100 4923912 2034433094 222810728 10425501
0b000a01 0b00cc01 10005 100 2855514 2025215825 232283987 10252088
0b000c01 0b00c201 10027 100 5308331 2072541623 184981184 10457733
0b000901 0b00c001 10007 100 4183367 2028602527 228938141 10363415
0b000201 0b00ce01 10003 100 3975014 2010104978 247532916 10345948
0b000301 0b00cf01 10015 100 2656652 2073271799 184764857 10235415
0b000801 0b00c901 10018 100 2902211 2076006748 182621855 10256004
0b000901 0b00c701 10007 100 5676504 2025330568 233461295 10488600
0b000d01 0b00c001 10018 100 3182184 2071812833 187067603 10279477
0b000001 0b00cf01 10029 100 3180146 2096843359 162071948 10279306
0b000501 0b00c601 10036 100 2663805 2098156357 160889413 10236014
0b000b01 0b00c201 10012 100 8521740 2091074934 167990368 10727143
0b000701 0b00c401 10022 100 4119056 2090519684 168582700 10358025
0b000f01 0b00c801 10007 100 5289047 2037333654 222302395 10456117
0b000501 0b00c201 10003 100 4457893 2019295150 240879807 10386430
0b000001 0b00c901 10028 100 2724210 2089340943 170991778 10241080
0b000101 0b00c101 10020 100 4559118 2074606564 185870459 10394919
0b000201 0b00c601 10024 100 1518977 2091354493 169224581 10140031
0b000001 0b00cb01 10017 100 2481283 2082191218 178459250 10220713
0b000201 0b00c401 10014 100 1514216 2089907288 170827416 10139634
0b000b01 0b00c901 10014 100 12165954 2074366529 186555391 11032673
0b000b01 0b00c601 10007 100 4164456 2041130095 219793139 10361830
0b000001 0b00c101 10005 100 5880192 2010845141 250424420 10505678
0b000001 0b00ce01 10004 100 4925211 2024054725 237704679 10425612
0b000e01 0b00c101 10018 100 3345132 2058735363 203192784 10293139
0b000801 0b00cd01 10015 100 3182156 2041200282 220865181 10279475
0b000401 0b00c301 10014 100 4974341 2073022384 189063440 10429731
0b000901 0b00c601 10010 100 2755705 2038749231 223380122 10243719
0b000501 0b00ce01 10003 100 4431933 2019278041 243105558 10384253
0b000901 0b00ca01 10003 100 5032738 2010383297 252016755 10434625
0b000501 0b00c001 10027 100 2895708 2087336646 175221402 10255457
0b000801 0b00cc01 10017 100 2619801 2075481175 187218657 10232324
0b000401 0b00c701 10005 100 6654305 2040750624 221980682 10570579
0b000201 0b00c601 10018 100 1893443 2076376312 186506514 10171428
0b000301 0b00c901 10007 100 3621031 2060114973 202939753 10316270
0b000201 0b00c901 10020 100 3069674 2088627930 174522688 10270042
0b000801 0b00c501 10002 100 4859649 2011546818 251740885 10420114
0b000401 0b00c801 10004 100 6022854 2032105909 231315576 10517636
0b000101 0b00c401 10018 100 3873172 2098181614 165264691 10337409
0b000301 0b00c801 10001 100 6443850 2003497202 260025929 10552932
0b000001 0b00c501 10007 100 2733242 2035661519 227882287 10241837
0b000b01 0b00c101 10004 100 9508762 2010885271 252792689 10809895
0b000a01 0b00cb01 10023 100 2055908 2091796659 172033490 10185047
0b000e01 0b00c001 10015 100 3776208 2072701817 191342418 10329280
0b000901 0b00c201 10013 100 2881667 2057483810 207097990 10254280
0b000201 0b00ce01 10010 100 3975679 2053248985 211445502 10346002
0b000001 0b00cd01 10019 100 4240236 2096374587 168326725 10368184
0b000701 0b00c201 10002 100 5197840 2011776988 253359206 10448467
0b000901 0b00c101 10003 100 6702938 2010383825 255049099 10574654
0b000c01 0b00cb01 10018 100 4148257 2089491864 175987514 10360472
0b000901 0b00c201 10012 100 4347625 2052087035 213396657 10377186
0b000901 0b00c201 10017 100 4253702 2076872230 188778326 10369311
0b000901 0b00c501 10031 100 2722222 2089319182 176430200 10240914
0b000c01 0b00c901 10014 100 5330672 2051181734 214712080 10459604
0b000c01 0b00c201 10025 100 4378370 2062340692 204238498 10379764
0b000001 0b00c901 10027 100 3742738 2085156001 181635591 10326472
0b000101 0b00c201 10009 100 3844304 2083259861 183745428 10334989
0b000b01 0b00c001 10013 100 6994854 2061354784 205668564 10599129
0b000301 0b00cf01 10016 100 1417193 2076267715 190974928 10131500
0b000301 0b00c401 10017 100 2947119 2061163843 206670072 10259769
0b000d01 0b00cf01 10004 100 3661701 2035188832 232686130 10319678
0b000301 0b00c501 10004 100 4300383 2017303029 250771326 10373226
0b000b01 0b00cd01 10006 100 9579384 2054831926 213307893 10815817
0b000901 0b00c701 10013 100 3457938 2083852534 184404864 10302593
0b000901 0b00c501 10027 100 2969014 2079817795 188506084 10261605
0b000c01 0b00cd01 10020 100 4805052 2097297608 171204642 10415539
0b000e01 0b00c501 10002 100 5443504 2010073546 258435514 10469065
0b000801 0b00ca01 10023 100 2851017 2093257105 175330138 10251713
0b000401 0b00c401 10013 100 2546094 2091487497 178217047 10226148
0b000d01 0b00cd01 10015 100 3942181 2089691345 180225064 10343195
0b000401 0b00ce01 10009 100 7751246 2047479253 222589035 10662547
0b000c01 0b00c101 10009 100 3073929 2041154992 228914747 10270398
0b000c01 0b00c401 10012 100 5698783 2059371334 210708481 10490466
0b000c01 0b00cc01 10018 100 1836015 2075134471 195135990 10166615
0b000201 0b00c901 10023 100 2067952 2094894609 175636249 10186057
0b000c01 0b00c901 10016 100 4674018 2062752150 207900345 10404553
0b000401 0b00ca01 10021 100 7083082 2091044518 179614066 10606529
0b000501 0b00cb01 10018 100 3832355 2083803802 187713014 10333987
0b000001 0b00c001 10009 100 4941422 2063471838 208373755 10426971
0b000b01 0b00c601 10005 100 9511795 2034271221 237980380 10810149
0b000101 0b00c501 10005 100 4915715 2022128003 250239965 10424814
0b000201 0b00c701 10015 100 2308356 2062924885 209512601 10206215
0b000c01 0b00c501 10015 100 4678079 2095107885 177518163 10404893
0b000b01 0b00cf01 10019 100 7486434 2076384170 196499131 10640344
0b000001 0b00c601 10016 100 3376952 2091544304 181464760 10295803
0b000201 0b00c301 10015 100 2575054 2087320769 185854691 10228576
0b000f01 0b00c301 10004 100 4218338 2025946913 247462283 10366348
0b000101 0b00c601 10022 100 5568595 2095037582 178923103 10479552
0b000701 0b00ca01 10000 100 2801882 2020105263 254454148 10247590
0b000f01 0b00c201 10024 100 2097612 2069642802 205126686 10188545
0b000801 0b00cd01 10005 100 6670506 2010107222 264669158 10571937
0b000e01 0b00ce01 10020 100 3377353 2090699450 184282686 10295839
0b000601 0b00cf01 10001 100 4547497 2005218607 269821211 10393944
0b000601 0b00c901 10019 100 4862749 2074415977 200812235 10420373
0b000201 0b00c701 10009 100 2010910 2042369588 233168544 10181275
0b000601 0b00cc01 10002 100 7734136 2015035367 260575020 10661113
0b000401 0b00c201 10001 100 9596338 2014692515 260964474 10817239
0b000f01 0b00ca01 10025 100 3196273 2097954704 178045124 10280658
0b000301 0b00c701 10012 100 2472628 2068081806 208135314 10219986
0b000601 0b00cb01 10019 100 3777760 2094574240 181694818 10329408
0b000301 0b00c501 10017 100 3231513 2092534177 183903854 10283611
0b000201 0b00c401 10003 100 4783561 2017753362 259533285 10413735
0b000401 0b00cc01 10022 100 2793207 2096587159 180727373 10246865
0b000701 0b00cb01 10001 100 5933803 2010817734 266565703 10510170
0b000701 0b00c301 10007 100 4015406 2025438816 252129079 10349333
0b000001 0b00c101 10010 100 5534490 2036959287 241114215 10476693
0b000a01 0b00cb01 10012 100 2146479 2067189987 211112847 10192642
0b000d01 0b00c201 10004 100 3040874 2020100302 258234528 10267627
0b000c01 0b00c601 10015 100 4173244 2051346179 227028652 10362567
0b000001 0b00c301 10010 100 5740793 2059067932 219383440 10493988
0b000d01 0b00c101 10014 100 3739286 2062199942 216267266 10326184
0b000b01 0b00c501 10013 100 6944721 2085910972 192959892 10594926
0b000701 0b00c401 10023 100 3798303 2095263794 183624607 10331132
0b000e01 0b00ce01 10007 100 4939842 2036235819 242946868 10426836
0b000001 0b00cb01 10019 100 4936216 2085816434 193379827 10426535
0b000a01 0b00cf01 10004 100 4848987 2018033631 261221489 10419219
0b000301 0b00c701 10015 100 1873293 2078213252 201109057 10169739
0b000c01 0b00c001 10005 100 8166868 2011136801 268313383 10697390
0b000f01 0b00c901 10023 100 3948908 2072249825 207419621 10343756
0b000a01 0b00c801 10001 100 4535230 2017318686 262744234 10392916
0b000801 0b00c501 10013 100 3523333 2053834509 226306640 10308078
0b000601 0b00c401 10025 100 3645776 2093449876 186705491 10318342
0b000d01 0b00c301 10022 100 4369502 2063512982 216860294 10379020
0b000d01 0b00ca01 10001 100 7113699 2007718287 272794785 10609093
0b000a01 0b00ca01 10006 100 5817505 2011348568 269250089 10500421
0b000101 0b00c101 10008 100 4966839 2030462523 250314173 10429100
0b000201 0b00c201 10014 100 2341377 2053714777 227372507 10208983
0b000401 0b00c501 10008 100 9282966 2019868188 261403881 10790964
0b000201 0b00cb01 10017 100 2142194 2092205481 189136924 10192284
0b000201 0b00c601 10027 100 1647178 2094410595 187212035 10150782
0b000d01 0b00c701 10007 100 5412726 2033170111 249169950 10466484
0b000f01 0b00c001 10007 100 6218328 2024109310 258365227 10534027
0b000f01 0b00c001 10009 100 5675771 2031763032 250920194 10488537
0b000801 0b00c401 10002 100 4902278 2015744332 267886479 10423689
0b000601 0b00cf01 10007 100 6356340 2021392237 262541669 10545598
0b000a01 0b00cc01 10004 100 4640852 2022165814 261959323 10401769
0b000d01 0b00c801 10022 100 3761065 2097921189 186283318 10328011
0b000201 0b00c601 10008 100 2766233 2023720191 260544666 10244603
0b000501 0b00cf01 10010 100 4821843 2048135229 236248629 10416943
0b000801 0b00c201 10015 100 3705851 2067091580 217453019 10323379
0b000701 0b00c001 10010 100 2919680 2053422288 231132906 10257467
0b000a01 0b00c201 10018 100 3961347 2094853914 189722841 10344801
0b000e01 0b00c801 10015 100 2904899 2072096686 212588545 10256227
0b000101 0b00c801 10004 100 8559162 2031485476 253327339 10730283
0b000301 0b00c601 10031 100 3954174 2094746631 190159265 10344201
0b000901 0b00ce01 10013 100 4673574 2040316124 244973300 10404514
0b000f01 0b00c901 10018 100 5059399 2057875194 227448214 10436862
0b000001 0b00c301 10005 100 4408057 2026606294 258758427 10382255
0b000301 0b00cf01 10004 100 5455816 2024254430 261213271 10470096
0b000401 0b00ce01 10021 100 9772385 2090008588 195482080 10831999
0b000f01 0b00ce01 10008 100 4028002 2036608015 248926128 10350391
0b000501 0b00c601 10007 100 5762176 2027409513 258315750 10495784
0b000a01 0b00cc01 10021 100 4584298 2092571335 193210788 10397030
0b000901 0b00c301 10007 100 5928282 2029842803 255983065 10509709
0b000601 0b00c301 10009 100 4784481 2029350786 256625315 10413812
0b000401 0b00c101 10005 100 4306723 2027096082 259291129 10373756
0b000501 0b00cd01 10024 100 3971088 2093312694 193238800 10345619
0b000901 0b00cc01 10009 100 4502097 2050743966 235850019 10390139
0b000d01 0b00ca01 10017 100 4256894 2078709475 207946763 10369578
0b000301 0b00c101 10012 100 3837912 2089490843 197340230 10334450
0b000801 0b00c701 10005 100 5352066 2021058027 266271079 10461400
0b000101 0b00ca01 10018 100 5788249 2088530035 198847473 10497969
0b000301 0b00ce01 10015 100 3910563 2073851342 213941951 10340543
0b000001 0b00cf01 10019 100 6206560 2083855831 203975667 10533039
0b000e01 0b00ce01 10009 100 6221505 2039939121 248201873 10534292
0b000901 0b00c901 10019 100 4027651 2083371306 205069926 10350359
0b000e01 0b00c501 10004 100 6075613 2014974243 273602703 10522060
0b000801 0b00cf01 10017 100 3439393 2089590396 199072182 10301041
0b000201 0b00c601 10022 100 2490991 2083418616 205450542 10221524
0b000c01 0b00cb01 10012 100 6652039 2060410753 228495382 10570390
0b000101 0b00ca01 10017 100 5190315 2087562951 201345718 10447838
0b000f01 0b00cb01 10017 100 6155876 2082820127 206233958 10528789
0b000301 0b00c101 10003 100 6554969 2028061129 261219924 10562248
0b000201 0b00cc01 10026 100 4461232 2091735422 197688696 10386712
0b000101 0b00c901 10015 100 4988401 2076090567 213678085 10430909
0b000a01 0b00c501 10013 100 4204150 2068586627 221436519 10365159
0b000701 0b00c801 10016 100 2520622 2051462583 238566139 10224010
0b000701 0b00c601 10019 100 3304845 2066231532 224271741 10289758
0b000201 0b00c901 10000 100 4813707 2003803924 286895744 10416262
0b000801 0b00cb01 10016 100 3631825 2093332014 197483273 10317172
0b000601 0b00c101 10015 100 6143984 2050395137 240963654 10527791
0b000201 0b00c301 10012 100 4119648 2063653900 227873172 10358072
0b000201 0b00c101 10008 100 4562956 2032451861 259112958 10395238
0b000b01 0b00c301 10020 100 2550365 2062103104 229612289 10226505
0b000a01 0b00c401 10019 100 4303226 2078658786 213059528 10373465
0b000801 0b00c601 10011 100 2267443 2060112818 231683171 10202784
0b000301 0b00ca01 10023 100 4291732 2085011994 207076890 10372499
0b000d01 0b00cd01 10011 100 4103790 2070079483 222256905 10356742
0b000101 0b00cd01 10020 100 5385923 2069024579 223603558 10464236
0b000201 0b00c301 10006 100 5171975 2023017110 269738295 10446298
0b000701 0b00c001 10006 100 4027853 2031827257 261238445 10350375
0b000701 0b00c001 10013 100 4516277 2059593675 233530986 10391327
0b000001 0b00c101 10019 100 6017984 2075874478 217827239 10517227
0b000a01 0b00c001 10018 100 2060211 2073993039 219974651 10185411
0b000c01 0b00c101 10019 100 6983125 2071803732 222287411 10598148
0b000301 0b00c401 10028 100 1831796 2097246494 196990597 10166258
0b000501 0b00ca01 10012 100 4763053 2044101178 250463918 10412018
0b000101 0b00c501 10025 100 6789660 2084725232 209897190 10581926
0b000201 0b00c501 10003 100 5684726 2028127948 266636847 10489288
0b000d01 0b00c501 10018 100 5695638 2095857012 198918616 10490203
0b000e01 0b00cf01 10010 100 6978708 2019077134 275732677 10597776
0b000901 0b00cf01 10001 100 7068724 2008372319 286498723 10605322
0b000f01 0b00c601 10009 100 6230246 2043498975 251621899 10535026
0b000f01 0b00ce01 10016 100 3271493 2075447446 219716006 10286963
0b000301 0b00cb01 10014 100 3570862 2056465358 239310058 10312061
0b000d01 0b00c901 10009 100 3421862 2032827065 263121038 10299569
0b000f01 0b00c201 10030 100 6880075 2088283394 207692276 10589509
0b000401 0b00ca01 10020 100 4739386 2087212646 208768380 10410032
0b000e01 0b00cc01 10015 100 4000256 2044754669 251320232 10348064
0b000001 0b00c001 10005 100 6957167 2033577150 262634398 10595972
0b000901 0b00c301 10013 100 5522951 2066712982 229838236 10475724
0b000401 0b00c101 10017 100 4775145 2065270772 231551409 10413031
0b000801 0b00c401 10016 100 2832518 2068943732 228065565 10250160
0b000201 0b00cf01 10009 100 2264409 2018243818 278773178 10202530
0b000101 0b00c101 10018 100 7397572 2069084201 227947132 10632894
0b000801 0b00c301 10009 100 4894056 2059351849 237696913 10423001
0b000101 0b00c901 10008 100 6873888 2042449278 254754991 10588987
0b000e01 0b00c601 10017 100 3852831 2097202513 200270857 10335702
0b000a01 0b00cf01 10017 100 5048768 2068082653 229424053 10435969
0b000f01 0b00cc01 10007 100 8611709 2028057157 269557096 10734686
0b000d01 0b00c001 10000 100 5821318 2013799910 284370486 10500741
0b000f01 0b00ce01 10014 100 3870154 2065128545 233194970 10337156
0b000501 0b00c001 10015 100 3696319 2041767447 256590770 10322582
0b000801 0b00cb01 10005 100 2909957 2033556874 264816954 10256650
0b000301 0b00ca01 10012 100 3413610 2059468982 239084887 10298878
0b000001 0b00c901 10008 100 6189193 2029764716 269517803 10531585
0b000201 0b00cc01 10024 100 2327121 2085453499 214249678 10207789
0b000901 0b00cf01 10015 100 5448686 2049435142 250823097 10469499
0b000301 0b00ce01 10017 100 8007914 2079875717 220400788 10684063
0b000301 0b00c001 10003 100 7366092 2025706666 274725867 10630256
0b000c01 0b00c101 10008 100 8585573 2038348887 262106833 10732496
0b000401 0b00c601 10016 100 2982291 2080086087 220460032 10262718
0b000a01 0b00c101 10020 100 5470057 2095914633 204647566 10471293
0b000c01 0b00c401 10005 100 9671812 2029269148 271404932 10823565
0b000101 0b00c701 10022 100 3626100 2085707697 215015937 10316695
0b000c01 0b00c401 10007 100 4984477 2037248544 263529426 10430580
0b000301 0b00ca01 10004 100 8816810 2031072035 269746613 10751882
0b000001 0b00c801 10028 100 3456270 2090797379 210450626 10302456
0b000001 0b00ce01 10006 100 4823198 2040795761 260867621 10417060
0b000301 0b00c501 10014 100 4629440 2074897889 227000216 10400814
0b000001 0b00ce01 10008 100 6782160 2057770683 244681814 10581299
0b000d01 0b00c901 10013 100 6385910 2042029922 260467264 10548075
0b000601 0b00ca01 10021 100 5942025 2095850620 207007511 10510863
0b000401 0b00c701 10012 100 3600795 2072796767 230117891 10314571
0b000201 0b00c001 10000 100 7295069 2003388860 299691719 10624302
0b000401 0b00cb01 10013 100 4612448 2051229059 251884983 10399389
0b000c01 0b00cd01 10002 100 8160879 2002109696 301173752 10696888
0b000a01 0b00c401 10016 100 4600935 2067156594 236261261 10398422
0b000701 0b00c801 10023 100 4143085 2075459423 228082406 10360039
0b000f01 0b00cd01 10006 100 6352882 2045383386 258287760 10545306
0b000501 0b00c901 10013 100 4388762 2056576106 247504285 10380634
0b000501 0b00cd01 10008 100 2563502 2039606404 265199086 10227605
0b000001 0b00ca01 10020 100 7052307 2086282923 218702152 10603948
0b000001 0b00c401 10014 100 2989062 2062714555 242298255 10263286
0b000301 0b00c801 10011 100 4915824 2065982319 239689150 10424823
0b000a01 0b00cd01 10008 100 4909674 2038751630 266933301 10424308
0b000701 0b00c901 10008 100 7635351 2044609944 261262381 10652830
0b000d01 0b00cf01 10002 100 4945223 2027037432 278876123 10427290
0b000201 0b00ca01 10015 100 3498139 2075674735 230541361 10305967
0b000401 0b00c501 10003 100 7833932 2003707589 302550129 10669477
0b000901 0b00cd01 10010 100 4341133 2049163910 257117203 10376643
0b000201 0b00ce01 10015 100 3247390 2075201568 231428374 10284943
0b000c01 0b00c401 10020 100 7846958 2079590274 227204152 10670569
0b000101 0b00c801 10014 100 5128210 2070592115 236720165 10442632
0b000d01 0b00ce01 10022 100 5690835 2074596885 232820806 10489800
0b000501 0b00c401 10007 100 5350982 2045974305 261468289 10461306
0b000001 0b00c701 10010 100 7933934 2034152553 273533885 10677861
0b000001 0b00c401 10021 100 2332973 2093108768 214744624 10208276
0b000501 0b00c101 10011 100 5613239 2041033075 267074050 10483296
0b000d01 0b00cb01 10012 100 4493267 2067195739 240944695 10389398
0b000701 0b00c401 10006 100 7333742 2012666031 295603456 10627541
0b000101 0b00c801 10013 100 5774694 2066988987 241478872 10496831
0b000001 0b00cb01 10003 100 7557898 2024928743 283759662 10646334
0b000901 0b00c101 10009 100 7044656 2033282187 275565248 10603305
0b000d01 0b00cc01 10012 100 3950281 2050376105 258598690 10343874
0b000901 0b00c501 10013 100 8088494 2025074753 284194328 10690821
0b000f01 0b00c801 10013 100 6295043 2077496678 231791457 10540460
0b000301 0b00c201 10017 100 4678054 2089806777 219598694 10404891
0b000e01 0b00c501 10010 100 4642781 2034457848 275043528 10401931
0b000901 0b00cb01 10020 100 4773580 2099177456 210436640 10412898
0b000801 0b00ca01 10004 100 6371526 2016387063 293344708 10546870
0b000301 0b00c301 10016 100 9318488 2065888397 244430118 10793944
0b000901 0b00c301 10017 100 5814226 2081034500 229631785 10500147
0b000501 0b00cd01 10014 100 2676417 2058616127 252066352 10237073
0b000401 0b00c501 10022 100 2170060 2084386582 226297050 10194621
0b000301 0b00c401 10021 100 5639776 2079879399 230862496 10485519
0b000301 0b00c901 10008 100 17123328 2065637638 245142114 11448302
0b000501 0b00c701 10003 100 4199178 2038884459 272041506 10364742
0b000301 0b00c601 10009 100 14850522 2031248342 279710551 11257749
0b000801 0b00cd01 10022 100 4573171 2067485426 243581669 10396097
0b000f01 0b00c801 10005 100 4932480 2033017982 278096570 10426221
0b000701 0b00c701 10025 100 2410376 2067310663 243903475 10214768
0b000f01 0b00cf01 10003 100 7347976 2046310641 265429375 10628734
0b000501 0b00c001 10019 100 5184054 2053583571 258905943 10447314
0b000a01 0b00ca01 10019 100 3712957 2099321250 213540274 10323974
0b000701 0b00cd01 10011 100 5278833 2068497407 244674103 10455258
0b000601 0b00cb01 10013 100 8177457 2049678341 264076988 10698280
0b000e01 0b00c801 10001 100 6672376 2004003436 309932871 10572094
0b000b01 0b00c101 10001 100 15670281 2008032029 305965782 11326479
0b000201 0b00c601 10010 100 4354450 2029851893 284362731 10377759
0b000d01 0b00c101 10001 100 9494607 2009595739 304991343 10808709
0b000201 0b00cc01 10000 100 7536274 2003352597 311258416 10644524
0b000501 0b00c701 10013 100 5139112 2071640659 243206024 10443546
0b000d01 0b00c101 10027 100 5238013 2094855652 220094104 10451838
0b000901 0b00c501 10015 100 9355886 2031323683 283665452 10797077
0b000c01 0b00c801 10001 100 5510798 2003880301 311201716 10474706
0b000701 0b00c501 10006 100 2961933 2032303889 282986909 10261008
0b000f01 0b00ca01 10003 100 4683507 2016070721 299370309 10405347
0b000c01 0b00cd01 10012 100 9761265 2051209861 264349335 10831067
0b000601 0b00c001 10019 100 3843098 2056402325 259178276 10334888
0b000001 0b00c001 10003 100 7844632 2019516149 296194212 10670375
0b000001 0b00ca01 10017 100 5026241 2074045878 241687645 10434082
0b000f01 0b00c201 10019 100 8713427 2051722305 264073142 10743215
0b000701 0b00cb01 10011 100 2950882 2041891298 274370533 10260082
0b000101 0b00c901 10029 100 8079068 2098421586 217985034 10690032
0b000401 0b00c501 10019 100 2507673 2075281958 241260524 10222924
0b000801 0b00ca01 10016 100 5748118 2075244162 241347818 10494605
0b000001 0b00ca01 10011 100 4418838 2044336996 272458876 10383156
0b000101 0b00cc01 10021 100 8467810 2096228350 220733061 10722621
0b000501 0b00ce01 10008 100 4935027 2041851145 275342184 10426436
0b000501 0b00c601 10024 100 3007148 2065112432 252235950 10264802
0b000d01 0b00cd01 10007 100 7641225 2058253397 259483993 10653323
0b000301 0b00c101 10000 100 9508824 2003118215 314680600 10809900
0b000201 0b00cb01 10018 100 5931356 2099285285 219197159 10509967
0b000e01 0b00c201 10013 100 5112637 2087069968 231626859 10441324
0b000501 0b00cb01 10017 100 4985306 2082418962 236573709 10430650
0b000301 0b00cb01 10021 100 6096615 2076260496 242826545 10523821
0b000501 0b00c601 10033 100 5092511 2087433653 231658277 10439638
0b000a01 0b00c301 10018 100 7047575 2072408080 246750874 10603550
0b000c01 0b00c601 10031 100 9703256 2098999607 220241184 10826203
0b000501 0b00ce01 10000 100 9943617 2005168131 314104426 10846354
0b000801 0b00ca01 10021 100 4194440 2090053784 229421903 10364344
0b000001 0b00c901 10019 100 8530383 2056003919 264176327 10727869
0b000c01 0b00c801 10006 100 9570435 2019604048 300703682 10815067
0b000e01 0b00cd01 10013 100 7932793 2092482996 228115563 10677766
0b000d01 0b00c601 10003 100 9688859 2009314264 311866135 10824994
0b000f01 0b00c201 10028 100 6745870 2083843798 237358823 10578254
0b000401 0b00c601 10013 100 7099157 2064746505 257470079 10607876
0b000401 0b00c201 10002 100 15443871 2018945399 303573543 11307494
0b000c01 0b00cb01 10004 100 8386771 2031079318 291692828 10715827
0b000101 0b00cd01 10024 100 7800149 2083612427 239613261 10666647
0b000401 0b00c001 10017 100 3095914 2055418793 267893310 10272241
0b000801 0b00c801 10008 100 7406167 2049029195 274340584 10633616
0b000201 0b00cf01 10012 100 4990454 2033798587 289617230 10431081
0b000201 0b00cd01 10019 100 3302601 2099537275 223917451 10289571
0b000a01 0b00c501 10014 100 3801693 2078681428 244812659 10331415
0b000a01 0b00c301 10006 100 6161212 2010187349 313662954 10529239
0b000301 0b00c701 10016 100 4910214 2093390164 230823164 10424355
0b000201 0b00c901 10001 100 4297345 2008635818 316306874 10372971
0b000601 0b00c301 10008 100 6975516 2028475819 296534726 10597509
0b000d01 0b00ca01 10021 100 2617711 2099573701 225598057 10232150
0b000e01 0b00c901 10013 100 8166556 2059212221 266005107 10697365
0b000e01 0b00ce01 10011 100 5820824 2046206858 279058199 10500698
0b000a01 0b00c001 10020 100 3671787 2087433666 237899348 10320523
0b000401 0b00c001 10000 100 8916294 2005652337 320006573 10760224
0b000901 0b00ce01 10022 100 7453465 2087192103 238541693 10637580
0b000101 0b00c401 10008 100 4794578 2059262748 266603920 10414659
0b000201 0b00ca01 10012 100 7277599 2068948113 257859136 10622835
0b000601 0b00cf01 10020 100 6267474 2089377636 237699925 10538147
0b000e01 0b00c101 10005 100 9602342 2012607673 314546685 10817742
0b000701 0b00c501 10010 100 2785679 2056102328 271052045 10246232
0b000701 0b00c901 10014 100 6675118 2079414796 247745727 10572325
0b000101 0b00c501 10022 100 6961380 2073107692 254263809 10596324
0b000201 0b00cf01 10010 100 6572108 2028152137 299271859 10563688
0b000101 0b00c901 10026 100 8879088 2082921626 244630310 10757106
0b000201 0b00ce01 10017 100 4074651 2077499120 250130636 10354300
0b000801 0b00c601 10009 100 5627036 2045985630 282028569 10484454
0b000a01 0b00ca01 10008 100 5975563 2038716221 289751308 10513672
0b000101 0b00cd01 10022 100 8283574 2077071151 251422859 10707176
0b000701 0b00c901 10017 100 7116060 2092630751 236009765 10609294
0b000c01 0b00c401 10006 100 9606977 2034689355 294085034 10818129
0b000d01 0b00cc01 10021 100 6564337 2098489756 230456178 10563036
0b000a01 0b00c501 10006 100 2872812 2036458892 292562278 10253537
0b000201 0b00cd01 10017 100 3364541 2089016640 240174343 10294764
0b000001 0b00cf01 10020 100 9631127 2084915840 244382445 10820157
0b000701 0b00c501 10021 100 7321388 2094663864 234768720 10626507
0b000601 0b00cb01 10004 100 7818997 2025629718 303852005 10668224
0b000601 0b00ca01 10010 100 7054886 2055420958 274557952 10604162
0b000f01 0b00c001 10008 100 9770482 2026579154 303505409 10831839
0b000901 0b00c101 10013 100 5351379 2040199063 290174757 10461342
0b000801 0b00c001 10016 100 4048553 2075331268 255315379 10352112
0b000201 0b00c801 10005 100 4041975 2010486200 320187185 10351559
0b000701 0b00c401 10016 100 9954600 2060431675 270244194 10847275
0b000201 0b00c701 10005 100 3237623 2019647453 311568496 10284123
0b000201 0b00c201 10022 100 7139708 2092092817 239174397 10611274
0b000401 0b00c501 10014 100 8926822 2060893309 270543293 10761105
0b000f01 0b00cb01 10003 100 7091522 2010940650 320584321 10607235
0b000801 0b00ce01 10019 100 4075595 2077787743 253986249 10354379
0b000201 0b00c101 10020 100 7620939 2076416211 255361899 10651619
0b000401 0b00c601 10004 100 7661951 2025753428 306361140 10655058
0b000d01 0b00cb01 10017 100 16796519 2098667899 233571063 11420902
0b000a01 0b00cd01 10003 100 6004071 2011042511 321266253 10516064
0b000901 0b00c501 10016 100 8546308 2032607309 299885155 10729205
0b000901 0b00cb01 10011 100 13179215 2064206851 268306112 11117628
0b000901 0b00c301 10003 100 8353398 2010161486 322491803 10713031
0b000c01 0b00cd01 10007 100 7676024 2036054594 296934279 10656241
0b000a01 0b00c701 10016 100 6775055 2049598013 283430411 10580704
0b000801 0b00c101 10022 100 4867050 2080536984 252552961 10420737
0b000201 0b00cb01 10013 100 2775147 2056776442 276376326 10245351
0b000801 0b00c701 10009 100 4679248 2038569030 294941283 10404991
0b000301 0b00c101 10009 100 4890769 2081020461 252592786 10422722
0b000901 0b00ce01 10026 100 4868887 2093270831 240497691 10420887
0b000e01 0b00c301 10012 100 4049739 2087709593 246250361 10352211
0b000401 0b00c801 10010 100 11244557 2057303919 276820647 10955425
0b000901 0b00c301 10025 100 6027851 2099270704 235232397 10518055
0b000001 0b00c601 10012 100 4653846 2087357882 247152163 10402859
0b000c01 0b00cc01 10019 100 8122089 2078453738 256610890 10693639
0b000701 0b00c701 10028 100 4719030 2077199534 257987244 10408327
0b000a01 0b00cb01 10020 100 3983413 2088501337 246796811 10346651
0b000a01 0b00c001 10015 100 9981292 2064206757 271382379 10849514
0b000a01 0b00cb01 10007 100 5948782 2033772536 302335225 10511426
0b000301 0b00c401 10019 100 24003052 2063487519 272659569 12025099
0b000a01 0b00c601 10006 100 6661810 2026801494 309507088 10571206
0b000301 0b00cf01 10006 100 6946826 2034741126 302118450 10595102
0b000601 0b00c101 10025 100 6514659 2081559191 255343357 10558870
0b000201 0b00c401 10015 100 8734066 2090581373 246844519 10744947
0b000201 0b00c601 10005 100 3410570 2014694871 322735383 10298623
0b000401 0b00c001 10014 100 25138007 2047816918 290133831 12120254
0b000401 0b00c301 10017 100 8291297 2090573255 247391964 10707825
0b000e01 0b00ca01 10019 100 4289399 2083101651 255102176 10372305
0b000701 0b00c301 10020 100 7306388 2097403641 241054215 10625249
0b000c01 0b00c301 10008 100 15802898 2039450613 299507010 11337595
0b000901 0b00ca01 10015 100 11292036 2071141630 268213663 10959408
0b000401 0b00c301 10011 100 11409511 2064532376 274971970 10969255
0b000f01 0b00c301 10000 100 9292433 2005210959 334669518 10791759
0b000d01 0b00c501 10014 100 5139969 2082176104 258099559 10443615
0b000501 0b00c301 10005 100 8514140 2016709715 324045594 10726508
0b000d01 0b00cc01 10009 100 9249636 2037627330 304565957 10788170
0b000601 0b00cb01 10006 100 19834556 2031304094 311770660 11675610
0b000e01 0b00c801 10002 100 6431704 2010409330 333568066 10551915
0b000301 0b00c401 10030 100 9574834 2099591316 244430841 10815434
0b000601 0b00c601 10005 100 3248482 2026425527 317677153 10285034
0b000a01 0b00c501 10000 100 7434937 2006700915 337468681 10636025
0b000801 0b00c301 10010 100 5536262 2061161434 283063363 10476843
0b000401 0b00c301 10018 100 7819752 2093516043 251794605 10668288
0b000e01 0b00c901 10022 100 8757680 2093436161 252106549 10746925
0b000001 0b00cf01 10010 100 9513736 2060142225 285428979 10810312
0b000601 0b00c601 10011 100 4869680 2081856982 263746413 10420955
0b000f01 0b00cc01 10002 100 4463371 2012589586 333530194 10386891
0b000f01 0b00cd01 10008 100 9195349 2049309690 297245924 10783620
0b000001 0b00c801 10029 100 2789248 2094014705 252628832 10246533
0b000a01 0b00c301 10008 100 3749194 2026261525 320488089 10327015
0b000d01 0b00c101 10011 100 6514217 2049242773 297529976 10558834
0b000801 0b00cc01 10014 100 6363912 2053485712 293301377 10546230
0b000101 0b00c201 10000 100 29082701 2002508694 344449221 12450974
0b000301 0b00c501 10012 100 5693161 2068062106 280269668 10489997
0b000f01 0b00c901 10011 100 10641561 2038910868 309757615 10904870
0b000901 0b00ca01 10021 100 6977119 2090238006 258482845 10597645
0b000901 0b00cf01 10024 100 7320887 2094212166 254527282 10626463
0b000d01 0b00cb01 10002 100 9084397 2017697099 331786000 10774318
0b000301 0b00c501 10007 100 25696011 2039644828 310322101 12167037
0b000901 0b00c201 10024 100 6865203 2090898914 259073230 10588261
0b000001 0b00cc01 10023 100 4816602 2087790587 262398777 10416505
0b000401 0b00ce01 10008 100 29038623 2039826586 310536739 12447279
0b000901 0b00c501 10020 100 9347086 2040635071 310124537 10796343
0b000601 0b00c401 10024 100 6004794 2093280603 257501420 10516122
0b000a01 0b00c301 10021 100 2201186 2094061117 256885894 10197230
0b000d01 0b00c401 10020 100 6791852 2053279246 297698740 10582109
0b000801 0b00c801 10014 100 8466109 2089061025 262249672 10722482
0b000201 0b00c101 10014 100 6995859 2050670162 300721358 10599213
0b000201 0b00cf01 10015 100 7377083 2057598401 294461005 10631178
0b000701 0b00ce01 10010 100 4723287 2065397883 286677055 10408683
0b000a01 0b00c101 10017 100 4594127 2081373423 270967400 10397854
0b000a01 0b00cb01 10022 100 9421437 2090432325 261938568 10802575
0b000e01 0b00c201 10012 100 7865740 2083036422 269461833 10672144
0b000d01 0b00c701 10009 100 10586785 2041719372 311440300 10900276
0b000901 0b00c901 10022 100 6758161 2090119490 263201174 10579287
0b000601 0b00c901 10013 100 26214279 2061309780 292096857 12210487
0b000901 0b00ce01 10016 100 24295802 2062991436 290929351 12049640
0b000001 0b00cb01 10018 100 7018717 2083161275 270997221 10601130
0b000801 0b00c501 10003 100 9384391 2020848557 333526889 10799469
0b000501 0b00c501 10018 100 8527262 2091992492 262668720 10727608
0b000201 0b00cb01 10002 100 5791620 2007879089 346799712 10498250
0b000501 0b00c101 10004 100 9412743 2016754233 338101453 10801845
0b000701 0b00cb01 10015 100 7675414 2050456061 304570431 10656188
0b000801 0b00c701 10002 100 9339176 2015591254 339606859 10795679
0b000901 0b00c401 10016 100 7363441 2073199311 282035271 10630033
0b000501 0b00cb01 10014 100 7438951 2051011390 304558323 10636361
0b000801 0b00c901 10005 100 5399556 2021688596 333896492 10465380
0b000901 0b00cc01 10001 100 18391209 2016075893 339549458 11554602
0b000601 0b00c701 10007 100 17520417 2026275055 329362329 11481594
0b000d01 0b00c901 10007 100 7229158 2028489097 327273903 10618775
0b000b01 0b00cb01 10011 100 24894029 2049954357 306349884 12099799
0b000f01 0b00c101 10008 100 15000354 2033815678 322502306 11270312
0b000f01 0b00cf01 10006 100 9854397 2061053777 295514773 10838874
0b000101 0b00c701 10019 100 4860576 2074397230 282379566 10420192
0b000501 0b00c101 10012 100 4895570 2053763013 303405025 10423126
0b000b01 0b00cb01 10003 100 21594346 2010828913 346872218 11823152
0b000c01 0b00cd01 10013 100 9166713 2064847766 292871460 10781218
0b000501 0b00c301 10009 100 4945185 2021969191 336507228 10427287
0b000101 0b00c101 10004 100 8345424 2020955733 338528024 10712362
0b000901 0b00cb01 10008 100 8645448 2040777792 319162727 10737516
0b000301 0b00c501 10008 100 3583067 2044893302 315536243 10313087
0b000101 0b00cc01 10010 100 12219628 2044725859 315989559 11037175
0b000801 0b00cd01 10027 100 9560230 2090791097 270311171 10814212
0b000d01 0b00c401 10033 100 8518213 2095133444 266448809 10726850
0b000301 0b00c201 10005 100 6463628 2025315801 336298386 10554592
0b000d01 0b00c101 10016 100 10067108 2065016809 296828919 10856709
0b000101 0b00c401 10007 100 15134178 2052087719 310369221 11281532
0b000401 0b00c101 10001 100 15913621 2011150618 351735966 11346879
0b000201 0b00cc01 10014 100 3349074 2037179609 325867069 10293469
0b000c01 0b00c001 10001 100 21000703 2004238549 359192429 11773380
0b000801 0b00c401 10019 100 3785048 2076456644 287407196 10330022
0b000001 0b00c101 10007 100 24216425 2019094076 345005563 12042987
0b000d01 0b00c701 10002 100 15778656 2012751689 351513413 11335563
0b000a01 0b00cb01 10010 100 8832915 2056433697 308263450 10753231
0b000901 0b00cc01 10000 100 25163160 2010805078 354116592 12122362
0b000e01 0b00cc01 10009 100 6474442 2020505045 344588718 10555499
0b000401 0b00c701 10008 100 9502770 2064967832 300348087 10809393
0b000d01 0b00c901 10005 100 12625781 2026916040 338458452 11071226
0b000e01 0b00cd01 10010 100 7986535 2051475603 314310139 10682272
0b000c01 0b00c701 10011 100 21244121 2037959271 327973772 11793790
0b000901 0b00c001 10004 100 5992110 2010670123 355290578 10515061
0b000f01 0b00ca01 10007 100 8079947 2019408776 346598143 10690102
0b000f01 0b00cd01 10011 100 23264247 2057037220 309143399 11963157
0b000a01 0b00c301 10013 100 13186691 2043135005 323073352 11118253
0b000e01 0b00c301 10008 100 7026520 2073440227 293130498 10601785
0b000601 0b00c101 10021 100 9355071 2066273144 300491482 10797012
0b000701 0b00c501 10003 100 7874207 2010552818 356588513 10672856
0b000501 0b00cd01 10018 100 9985415 2073535123 293723941 10849859
0b000001 0b00c901 10015 100 13252741 2052770477 314497562 11123790
0b000c01 0b00cf01 10007 100 21182171 2054172165 313308020 11788596
0b000701 0b00c401 10002 100 4804496 2006995851 360794005 10415490
0b000c01 0b00c101 10020 100 3002973 2072281546 295629941 10264449
0b000801 0b00cd01 10029 100 7495613 2097869004 270474218 10641113
0b000201 0b00c701 10008 100 4737053 2031812036 336932268 10409838
0b000801 0b00cf01 10008 100 6828873 2051053854 317765676 10585213
0b000f01 0b00ca01 10023 100 8969691 2087994359 280901764 10764700
0b000f01 0b00cc01 10003 100 17827118 2013375932 355905515 11507308
0b000001 0b00c001 10004 100 15775765 2029723183 339643597 11335321
0b000101 0b00c101 10014 100 27105152 2058295713 311310003 12285179
0b000001 0b00c301 10014 100 15168355 2076144391 293813322 11284397
0b000e01 0b00cc01 10012 100 13033153 2032492081 337691406 11105382
0b000001 0b00ce01 10001 100 9033820 2011093799 359234312 10770076
0b000301 0b00cc01 10012 100 27226679 2072746340 297685770 12295366
0b000f01 0b00c901 10002 100 22838321 2008556748 362074404 11927447
0b000601 0b00c101 10024 100 12834873 2075408134 295297082 11088756
0b000801 0b00cf01 10016 100 2615244 2083362162 287790979 10231944
0b000701 0b00c401 10007 100 4990215 2016148435 355454007 10431062
0b000d01 0b00c201 10006 100 3553531 2036436877 335362194 10310609
0b000d01 0b00c401 10023 100 4489608 2060831069 311107185 10389090
0b000e01 0b00c601 10013 100 7262798 2082807528 289204743 10621593
0b000701 0b00cb01 10016 100 10086413 2066668745 305457539 10858327
0b000201 0b00c601 10015 100 5519102 2060332389 311875829 10475404
0b000801 0b00ca01 10006 100 16968694 2024000346 348224624 11435336
0b000401 0b00c501 10010 100 4169423 2048826200 323808888 10362246
0b000601 0b00c901 10010 100 3399541 2050538457 322127294 10297699
0b000501 0b00c301 10016 100 4593036 2080036401 293236291 10397763
0b000301 0b00cd01 10021 100 3949601 2095580795 277732955 10343816
0b000001 0b00cc01 10006 100 19722610 2023961864 350038442 11666225
0b000301 0b00c601 10024 100 9935485 2079213159 294804673 10845673
0b000901 0b00c501 10017 100 3641528 2035183704 339094840 10317987
0b000901 0b00c101 10016 100 4815319 2044001135 330466474 10416398
0b000301 0b00c601 10028 100 2725724 2088961516 285947227 10241205
0b000a01 0b00c201 10011 100 7515701 2061064372 314008913 10642797
0b000f01 0b00c801 10017 100 17473245 2098826499 276264705 11477639
0b000d01 0b00c301 10013 100 3642012 2038058440 337241024 10318030
0b000a01 0b00c901 10003 100 13074042 2005657095 369836589 11108811
0b000301 0b00c301 10010 100 6895193 2049440122 326384192 10590776
0b000601 0b00ce01 10011 100 8670995 2045101026 330874011 10739656
0b000d01 0b00cc01 10003 100 15735094 2022945597 353074872 11331913
0b000e01 0b00c101 10014 100 15819137 2050483578 325556351 11338959
0b000801 0b00cf01 10010 100 5627865 2061673852 314416410 10484520
0b000c01 0b00cb01 10003 100 28972395 2023606556 352623333 12441727
0b000801 0b00c401 10014 100 24373654 2059056479 317209618 12056168
0b000f01 0b00c201 10014 100 3428049 2047435538 329024401 10300091
0b000a01 0b00c401 10004 100 22448364 2006092907 371100470 11894753
0b000d01 0b00c701 10000 100 28914224 2001133047 376937305 12436851
0b000801 0b00c001 10019 100 8126630 2086304093 292422129 10694018
0b000301 0b00c301 10007 100 4568609 2041319765 337940459 10395713
0b000301 0b00ce01 10008 100 3858881 2043932106 335524704 10336209
0b000801 0b00c801 10019 100 24203651 2095301603 284399254 12041915
0b000501 0b00c901 10006 100 8648682 2036431268 343471008 10737786
0b000e01 0b00c001 10012 100 21700444 2054313290 325843486 11832047
0b000e01 0b00cf01 10021 100 8919269 2048327151 332626620 10760474
0b000e01 0b00c501 10003 100 17542801 2010362280 370729756 11483469
0b000e01 0b00c101 10016 100 14506631 2051115488 330238326 11228917
0b000501 0b00c201 10006 100 9213981 2064051065 317378373 10785180
0b000401 0b00cf01 10004 100 16204210 2008058507 373641753 11371244
0b000e01 0b00c701 10013 100 21188156 2089106149 292824650 11789098
0b000801 0b00c101 10015 100 14441373 2055955522 326130652 11223447
0b000701 0b00c501 10020 100 17107622 2093513057 288822034 11446984
0b000601 0b00c001 10024 100 12434844 2079305703 303770146 11055217
0b000e01 0b00c901 10015 100 27957813 2062968128 320513290 12356663
0b000201 0b00c501 10001 100 13272144 2022400692 361286552 11125419
0b000201 0b00c701 10016 100 6745839 2078183904 305884011 10578251
0b000101 0b00ce01 10024 100 10792205 2092315468 292151904 10917501
0b000d01 0b00cd01 10009 100 6460600 2059885652 324755527 10554338
0b000f01 0b00cc01 10008 100 24680684 2028953732 356218850 12081909
0b000a01 0b00cf01 10012 100 18712960 2054910242 330533908 11581574
0b000201 0b00c301 10014 100 16319383 2082223410 303353666 11380899
0b000401 0b00cd01 10002 100 4305147 2024105285 362913412 10373626
0b000901 0b00c901 10001 100 8075259 2005628970 381509694 10689712
0b000201 0b00cc01 10008 100 4350744 2025935566 361248105 10377447
0b000e01 0b00c201 10003 100 16885204 2024263471 362930415 11428338
0b000501 0b00ce01 10012 100 8414889 2065692155 321606601 10718184
0b000f01 0b00cc01 10015 100 24337586 2075723556 312148401 12053144
0b000401 0b00ca01 10014 100 28985226 2045386018 342558501 12442804
0b000601 0b00c701 10020 100 7607210 2093122178 294839803 10650471
0b000901 0b00c901 10005 100 7958976 2023725567 364701371 10679960
0b000a01 0b00c201 10002 100 22904601 2010802835 378279653 11933003
0b000001 0b00c401 10018 100 3415902 2080623151 308473584 10299069
0b000201 0b00c401 10017 100 8843870 2098230867 291929329 10754150
0b000001 0b00c301 10013 100 26521341 2071429875 318816481 12236231
0b000701 0b00cf01 10015 100 9101784 2076583888 314111972 10775774
0b000801 0b00cc01 10015 100 29216954 2062696174 328011793 12462229
0b000901 0b00cf01 10006 100 8255895 2017386727 373855000 10704854
0b000a01 0b00c601 10017 100 4127285 2085499227 305852235 10358714
0b000901 0b00ce01 10014 100 7557863 2041375123 350165140 10646331
0b000a01 0b00c601 10008 100 5220613 2031866153 359809647 10450377
0b000901 0b00cd01 10003 100 8571730 2028784759 362911453 10731334
0b000e01 0b00ce01 10021 100 3480677 2094667052 297101743 10304501
0b000d01 0b00c201 10017 100 3054459 2090203745 301944416 10268767
0b000a01 0b00c101 10015 100 25457679 2075162112 317011940 12147053
0b000d01 0b00c801 10023 100 3550705 2099594873 292674536 10310372
0b000c01 0b00c201 10015 100 24028457 2038778006 354129295 12027227
0b000c01 0b00cd01 10010 100 7379136 2048672584 344319574 10631350
0b000c01 0b00c501 10013 100 3845991 2090782954 302291542 10335127
0b000c01 0b00cd01 10004 100 23136462 2015470689 377765038 11952443
0b000901 0b00c601 10017 100 6317997 2091551148 301724309 10542380
0b000901 0b00cb01 10018 100 7796094 2092486221 300892131 10666308
0b000501 0b00c101 10021 100 27723869 2089812510 303712177 12337049
0b000e01 0b00c201 10011 100 6488355 2081302711 312323103 10556666
0b000e01 0b00cc01 10017 100 29318364 2051751798 341915868 12470734
0b000101 0b00cd01 10017 100 3402505 2064519020 329220901 10297947
0b000101 0b00c801 10001 100 4471877 2017355789 376508390 10387602
0b000101 0b00c801 10017 100 4066991 2078238015 315655883 10353656
0b000101 0b00c401 10012 100 7613593 2068426318 325489909 10651005
0b000c01 0b00c801 10017 100 4830244 2081745815 312291446 10417650
0b000701 0b00cc01 10015 100 3553620 2063928054 330332726 10310616
0b000401 0b00cf01 10017 100 5910728 2071523561 322759422 10508236
0b000601 0b00cf01 10023 100 2999638 2095085710 299539800 10264171
0b000901 0b00ce01 10021 100 13311290 2086732694 308129586 11128701
0b000301 0b00c001 10013 100 4060275 2064975356 330162848 10353096
0b000d01 0b00c901 10012 100 4903080 2038860548 356565218 10423757
0b000101 0b00c201 10003 100 4293075 2022256845 373246163 10372614
0b000901 0b00c201 10000 100 13109466 2003925602 391805662 11111779
0b000501 0b00c501 10014 100 4880170 2075139651 320960523 10421836
0b000d01 0b00c401 10022 100 4948855 2059457244 336664355 10427592
0b000101 0b00c401 10006 100 28325701 2050352520 345800164 12387507
0b000701 0b00c601 10024 100 5790365 2076786176 319614055 10498146
0b000301 0b00ca01 10014 100 3429510 2063816607 332709174 10300212
0b000601 0b00cd01 10017 100 3430213 2091847936 305304961 10300272
0b000201 0b00cf01 10026 100 24853424 2091936184 305332705 12096393
0b000501 0b00ca01 10007 100 19024876 2023451182 374598013 11607726
0b000101 0b00c401 10014 100 26810010 2085365324 312717299 12260435
0b000001 0b00c101 10021 100 3711670 2082118540 316039340 10323867
0b000201 0b00c701 10019 100 5100258 2097107017 301107717 10440288
0b000d01 0b00c001 10017 100 6026018 2070119549 328611485 10517905
0b000301 0b00c501 10020 100 5995446 2094391551 304826068 10515340
0b000501 0b00c601 10016 100 9724779 2055000611 344626198 10828006
0b000301 0b00cb01 10016 100 6435704 2067173057 332567774 10552250
0b000e01 0b00c501 10005 100 7922349 2020076303 379775536 10676892
0b000c01 0b00c301 10012 100 9090494 2061112709 338814618 10774828
0b000901 0b00ca01 10020 100 26936771 2085578390 314356222 12271059
0b000801 0b00cb01 10014 100 8478675 2084264659 315839529 10723533
0b000501 0b00c801 10015 100 23705928 2081843318 319188595 12000185
0b000501 0b00cc01 10020 100 23616810 2067673085 333410486 11992714
0b000801 0b00c501 10021 100 26163510 2081093689 320944836 12206230
0b000f01 0b00c001 10006 100 26447831 2022814534 379677439 12230066
0b000d01 0b00c901 10001 100 19270726 2006265062 396399646 11628338
0b000701 0b00cc01 10006 100 7373824 2022464627 380242726 10630902
0b000301 0b00cb01 10023 100 9461027 2076970347 325738493 10805896
0b000701 0b00c501 10023 100 6553231 2097713774 305132923 10562105
0b000701 0b00c901 10005 100 9092715 2026225805 377524103 10775014
0b000601 0b00cb01 10015 100 9581816 2062376503 341385377 10816020
0b000101 0b00cd01 10005 100 10133678 2017541151 386304749 10862288
0b000501 0b00c801 10001 100 9436286 2012435917 391676393 10803820
0b000601 0b00cb01 10008 100 8541852 2035673307 368481817 10728829
0b000101 0b00ce01 10007 100 15436443 2011874827 392710057 11306873
0b000301 0b00c901 10005 100 9696947 2057303216 347438914 10825672
0b000001 0b00cf01 10014 100 9418967 2069681173 335550853 10802366
0b000101 0b00c501 10002 100 14021936 2009264073 396466296 11188279
0b000801 0b00c201 10016 100 8674903 2071624055 334876412 10739984
0b000a01 0b00cd01 10004 100 28221333 2016060533 390683912 12378759
0b000701 0b00c701 10005 100 4549564 2011685092 395572335 10394117
0b000a01 0b00cc01 10023 100 6885651 2095773765 311808718 10589974
0b000b01 0b00c601 10012 100 28724560 2053835186 354135778 12420948
0b000801 0b00c301 10000 100 4975344 2014290541 394293200 10429815
0b000501 0b00c201 10012 100 20785731 2091798730 317916984 11755356
0b000201 0b00cc01 10004 100 4157375 2018570405 392530232 10361236
0b000701 0b00ca01 10013 100 17045065 2087680069 323980205 11441741
0b000301 0b00cd01 10011 100 4839642 2044670565 368412513 10418436
0b000801 0b00c901 10003 100 6557091 2017709743 395959135 10562430
0b000d01 0b00c101 10004 100 4556485 2027818615 386247683 10394697
0b000a01 0b00c001 10000 100 20225531 2006337155 408423970 11708390
0b000501 0b00ce01 10021 100 4987651 2087399365 328093972 10430846
0b000c01 0b00cc01 10012 100 7871341 2053745525 361782817 10672615
0b000401 0b00c101 10018 100 3546556 2075143240 340571604 10310024
0b000701 0b00cb01 10017 100 26233236 2067021761 348748753 12212077
0b000c01 0b00c601 10003 100 18757310 2013325973 402506188 11585295
0b000c01 0b00cb01 10002 100 8380971 2011451496 405107584 10715340
0b000301 0b00cb01 10018 100 7797924 2069068276 348077925 10666458
0b000201 0b00c601 10000 100 22952141 2001475237 415786080 11936990
0b000501 0b00ce01 10010 100 5478295 2059377762 358023112 10471982
0b000601 0b00c001 10004 100 4998726 2011387916 406293325 10431774
0b000201 0b00c601 10002 100 4927668 2007004432 410891050 10425816
0b000a01 0b00c401 10015 100 4629717 2066477621 351676529 10400836
0b000a01 0b00cf01 10022 100 4426537 2091039761 327130805 10383802
0b000a01 0b00c101 10018 100 5324589 2087402754 331115755 10459095
0b000501 0b00c301 10011 100 4881591 2039969460 379079108 10421954
0b000101 0b00cb01 10007 100 7141873 2042775558 377258346 10611455
0b000201 0b00c301 10003 100 17353482 2019265621 401070110 11467597
0b000501 0b00c301 10019 100 26057638 2090321670 330042435 12197353
0b000901 0b00c901 10008 100 6731067 2041164272 379209660 10577016
0b000501 0b00c001 10020 100 28944221 2054314504 366118123 12439366
0b000401 0b00c101 10016 100 4108271 2060496108 360036411 10357120
0b000e01 0b00cc01 10004 100 13847469 2011361743 409361965 11173653
0b000f01 0b00c301 10013 100 9751177 2066483074 354336567 10830221
0b000401 0b00c801 10009 100 7984694 2056949852 364428346 10682117
0b000d01 0b00c701 10021 100 5952547 2091425511 330167363 10511743
0b000201 0b00cb01 10011 100 23590957 2044783225 378205998 11990546
0b000501 0b00cb01 10019 100 26814305 2092785317 330799404 12260794
0b000501 0b00c801 10003 100 7136883 2019499119 404158415 10611036
0b000801 0b00c401 10024 100 19061460 2084975023 339060326 11610794
0b000701 0b00cd01 10015 100 3326351 2084091653 339956369 10291563
0b000201 0b00c201 10006 100 4442175 2025428302 398999385 10385115
0b000801 0b00cd01 10016 100 8770979 2050105073 374548735 10748038
0b000a01 0b00c001 10014 100 7730536 2058064040 367835788 10660809
0b000d01 0b00cb01 10011 100 7914223 2065852680 360237784 10676211
0b000001 0b00cc01 10003 100 9273175 2011796347 414380540 10790146
0b000001 0b00cb01 10007 100 8491781 2050424016 376800308 10724631
0b000101 0b00c901 10001 100 27699665 2010682588 416886230 12335021
0b000001 0b00c201 10007 100 17293159 2026157898 401500716 11462541
0b000101 0b00c001 10009 100 9841439 2027203279 400957893 10837788
0b000801 0b00c801 10012 100 26660813 2075540247 352806880 12247923
0b000701 0b00c301 10016 100 8759224 2061338935 367177071 10747056
0b000701 0b00ce01 10005 100 9417339 2024880110 403672885 10802232
0b000501 0b00ce01 10007 100 9589901 2038326665 390259627 10816697
0b000201 0b00c001 10009 100 8254972 2068704054 360073228 10704776
0b000301 0b00c701 10001 100 21327719 2016787202 412667371 11800797
0b000301 0b00cb01 10022 100 15470849 2076724925 352792177 11309756
0b000701 0b00c701 10026 100 8958326 2070717563 358824799 10763748
0b000001 0b00c801 10026 100 28818589 2080447712 349097610 12428832
0b000a01 0b00cb01 10016 100 24373167 2081711594 347910000 12056129
0b000201 0b00ca01 10005 100 4329741 2021526157 408178317 10375686
0b000b01 0b00cc01 10023 100 4651660 2098623497 331232161 10402676
0b000201 0b00c501 10014 100 4568123 2064383434 365487460 10395674
0b000301 0b00cf01 10018 100 5197008 2099378737 330597525 10448400
0b000101 0b00ce01 10025 100 29329330 2092630709 337395182 12471653
0b000501 0b00cc01 10012 100 19133699 2043690776 386506312 11616850
0b000001 0b00ce01 10013 100 14155427 2078127429 352500712 11199473
0b000701 0b00cf01 10014 100 8105040 2076551939 354896571 10692210
0b000201 0b00ce01 10009 100 19189346 2049422905 382480379 11621517
0b000701 0b00c301 10009 100 4222745 2030935866 400980954 10366715
0b000601 0b00c201 10011 100 18797092 2071147354 362112427 11588631
0b000901 0b00c101 10012 100 9305657 2040176182 393540500 10792867
0b000101 0b00c801 10005 100 17031077 2033063682 400956972 11440569
0b000601 0b00c701 10010 100 27809617 2033347774 403303395 12344239
0b000801 0b00cb01 10008 100 26522600 2040960586 396536130 12236336
0b000301 0b00c501 10010 100 24770362 2058823365 378852941 12089429
0b000001 0b00cc01 10012 100 14281974 2038605920 399101552 11210080
0b000701 0b00cc01 10019 100 9970284 2078185659 360984892 10848591
0b000001 0b00cd01 10005 100 8539544 2017881943 421686266 10728637
0b000a01 0b00c201 10014 100 3618075 2073047354 366591612 10316022
0b000301 0b00ce01 10007 100 17878377 2039693966 400470808 11511605
0b000301 0b00c101 10011 100 4200335 2088908255 352173644 10364838
0b000801 0b00c501 10017 100 5855177 2077790727 363373190 10503581
0b000501 0b00c101 10007 100 7444871 2022417509 419030391 10636858
0b000701 0b00c701 10003 100 7094849 2008227424 434090652 10607512
0b000f01 0b00c501 10000 100 26279182 2000881902 442163335 12215929
0b000f01 0b00c701 10011 100 9888537 2076824402 368086226 10841736
0b000801 0b00c201 10018 100 3832656 2074670987 370256973 10334011
0b000201 0b00c601 10019 100 7740106 2077621676 367853746 10661613
0b000a01 0b00c501 10016 100 3950631 2083327950 362159658 10343902
0b000a01 0b00c101 10014 100 4325781 2071806093 373863932 10375354
0b000201 0b00c201 10016 100 4838989 2057841825 388406869 10418380
0b000501 0b00c601 10011 100 5380846 2043690441 402805074 10463810
0b000801 0b00c501 10015 100 9242211 2065469388 381167002 10787550
0b000301 0b00ca01 10009 100 4951290 2054418715 392225058 10427798
0b000701 0b00c201 10003 100 5496113 2018404485 428355591 10473477
0b000801 0b00c901 10023 100 9554931 2099263775 347806407 10813765
0b000501 0b00c101 10017 100 18482289 2074359639 372837815 11562237
0b000701 0b00c001 10003 100 20635885 2023750805 423539980 11742793
0b000f01 0b00cd01 10018 100 20378340 2075274595 372177155 11721202
0b000f01 0b00c901 10024 100 16195094 2086529271 360981619 11370480
0b000401 0b00cf01 10002 100 7675628 2007537020 440291619 10656206
0b000301 0b00c601 10014 100 7612188 2049139849 399529148 10650888
0b000a01 0b00ce01 10002 100 8395101 2028278026 420498995 10716528
0b000201 0b00ca01 10002 100 9298302 2008099931 440984959 10792252
0b000201 0b00c101 10015 100 9014555 2052197717 397245781 10768462
0b000a01 0b00cb01 10015 100 8678707 2081535829 368308375 10740303
0b000701 0b00cc01 10002 100 7958513 2011332909 438607467 10679923
0b000f01 0b00ca01 10018 100 20949167 2067323867 382674767 11769061
0b000301 0b00c301 10012 100 8682338 2057502524 392538600 10740609
0b000701 0b00c801 10019 100 6856401 2059979607 390073912 10587522
0b000701 0b00c201 10005 100 7829261 2019998070 430214377 10669088
0b000701 0b00c001 10005 100 6510140 2030783028 419481784 10558493
0b000901 0b00c401 10009 100 9119022 2045647010 404681319 10777222
0b000801 0b00c801 10009 100 9137886 2056426983 393917490 10778800
0b000701 0b00c001 10004 100 9048417 2023862799 427143606 10771301
0b000301 0b00ce01 10024 100 9108836 2089024459 362304775 10776365
0b000701 0b00c101 10004 100 22955600 2026582227 424749301 11937279
0b000201 0b00cf01 10023 100 6241548 2083691340 367726860 10535973
0b000a01 0b00ce01 10006 100 13295960 2045725350 405829236 11127413
0b000701 0b00c601 10011 100 9661805 2031164217 420442998 10822726
0b000001 0b00c801 10019 100 17883187 2062188492 389575486 11512009
0b000201 0b00cd01 10004 100 7428577 2011060556 440739293 10635493
0b000701 0b00c101 10000 100 26097807 2001017147 451372885 12200720
0b000201 0b00cc01 10006 100 9337965 2020861860 431962112 10795575
0b000201 0b00cd01 10001 100 14749974 2002598272 450959824 11249317
0b000301 0b00ca01 10022 100 14417575 2083049739 370518332 11221451
0b000201 0b00cf01 10006 100 9789734 2012123738 441614809 10833452
0b000e01 0b00cc01 10018 100 27762467 2060416512 393397385 12340287
0b000301 0b00c701 10013 100 19645380 2070273368 383569607 11659751
0b000201 0b00c201 10000 100 19211094 2001525852 452495168 11623341
0b000201 0b00c501 10017 100 9465558 2078934727 375103251 10806274
0b000601 0b00c501 10014 100 10947818 2068484010 387084878 10930545
0b000e01 0b00ca01 10009 100 17273505 2034477112 421159405 11460892
0b000301 0b00c601 10011 100 9606703 2043377850 412355877 10818107
0b000201 0b00cf01 10020 100 25041703 2074807551 383936390 12112177
0b000e01 0b00cb01 10001 100 21850183 2004418537 455684402 11844602
0b000b01 0b00ce01 10016 100 25178280 2062339605 401281422 12123629
0b000701 0b00ce01 10000 100 21737469 2006933581 456962715 11835151
0b000201 0b00cf01 10027 100 10132186 2097334576 367861165 10862165
0b000401 0b00c001 10005 100 27177404 2026364050 440643592 12291235
0b000801 0b00cc01 10016 100 6943657 2073076166 394484381 10594837
0b000701 0b00cf01 10012 100 29247744 2065047901 404353521 12464811
0b000e01 0b00cb01 10008 100 15691185 2040961568 429540891 11328232
0b000701 0b00c901 10018 100 27972232 2096060438 374537586 12357874
0b000501 0b00c401 10015 100 8255244 2072168832 398860933 10704802
0b000501 0b00c001 10007 100 29485061 2021056021 453757447 12484711
0b000701 0b00c001 10001 100 29364134 2014099497 466135574 12474572
0b000e01 0b00cc01 10006 100 25784238 2013381461 467404256 12174433
0b000a01 0b00c001 10010 100 28668831 2046874223 436617035 12416275
0b000601 0b00cd01 10006 100 17258010 2049146073 434994956 11459595
0b000201 0b00c001 10012 100 22506547 2091783068 392651566 11899630
0b000201 0b00cc01 10016 100 5726429 2046338534 445675962 10492786
0b000801 0b00cc01 10019 100 22620029 2086199273 407634218 11909146
0b000701 0b00c501 10000 100 20986736 2005214269 490043451 11772208
0b000601 0b00ca01 10000 100 27824374 2009230258 486149297 12345477
0b000601 0b00c101 10020 100 22707192 2059175273 439552532 11916454
0b000601 0b00c101 10004 100 18561108 2016277441 482817268 11568846
0b000501 0b00c001 10029 100 25065566 2092427299 407266114 12114178
0b000501 0b00cf01 10004 100 27165787 2019648581 480322158 12290260
0b000701 0b00cd01 10016 100 10211660 2084869218 419389189 10868826
