0b000601 0b00c901 10000 100 13016 2000098722 34013606 10013775
0b000801 0b00c201 10000 100 68303 2000191967 34018194 10018409
0b000c01 0b00cd01 10000 100 25347 2000208967 34016671 10014807
0b000401 0b00c101 10000 100 21992 2000240182 34014349 10014523
0b000c01 0b00c101 10000 100 59358 2000318043 34017489 10017659
0b000c01 0b00cb01 10000 100 57317 2000330128 34019557 10017488
0b000201 0b00c301 10000 100 73129 2000603089 34510065 10018814
0b000a01 0b00c301 10000 100 557540 2000525651 34589570 10059425
0b000f01 0b00c901 10000 100 42865 2000669113 34586949 10016274
0b000401 0b00c901 10000 100 4007611 2000344053 34924345 10348679
0b000d01 0b00c301 10000 100 90541 2000715716 34636133 10020272
0b000a01 0b00ca01 10000 100 24947 2000677229 34680571 10014771
0b000001 0b00c401 10000 100 3730 2000744500 34658025 10012993
0b000301 0b00c601 10000 100 68722 2000867997 34806341 10018442
0b000f01 0b00cd01 10000 100 36874 2000878998 34802438 10015772
0b000a01 0b00cd01 10000 100 40730 2000902377 34926133 10016095
0b000701 0b00c901 10000 100 70008 2000945483 35278165 10018553
0b000901 0b00c701 10000 100 614 2001161767 35166673 10012732
0b000201 0b00cf01 10002 100 729681 2001102533 35436249 10073857
0b000401 0b00cd01 10000 100 4280730 2000681247 35923325 10371577
0b000401 0b00c901 10001 100 75661 2001137250 35487539 10019024
0b000401 0b00cf01 10000 100 9825 2001156329 35594394 10013504
0b000401 0b00cb01 10000 100 7201 2001341084 35439500 10013286
0b000a01 0b00c401 10000 100 4190 2001231789 35555119 10013034
0b000a01 0b00c201 10000 100 3456 2001347453 35441858 10012971
0b000001 0b00c601 10000 100 684711 2001104886 35856431 10070087
0b000301 0b00c401 10000 100 10620804 2000322901 36781090 10903128
0b000801 0b00cd01 10000 100 71894 2001545214 35660820 10018708
0b000801 0b00c601 10000 100 41704 2001557591 35700810 10016177
0b000901 0b00c301 10000 100 5276 2001525619 35745228 10013125
0b000301 0b00cf01 10000 100 19040 2001954019 35759573 10014280
0b000801 0b00cb01 10000 100 3405117 2001664664 36760512 10298168
0b000101 0b00c101 10001 100 13216 2002442779 36111735 10013791
0b000a01 0b00cb01 10000 100 4945 2002681326 36009022 10013094
0b000701 0b00c901 10001 100 19050 2002956033 35933740 10014280
0b000901 0b00c801 10002 100 59519 2002879210 36183396 10017671
0b000f01 0b00c101 10000 100 1720189 2001274345 37804820 10156903
0b000f01 0b00cb01 10000 100 59276 2002147599 37106763 10017652
0b000201 0b00c801 10001 100 4644 2001761740 37964420 10013070
0b000401 0b00ca01 10001 100 1424911 2003422561 36333085 10132144
0b000201 0b00c101 10001 100 65176 2001733913 38133772 10018147
0b000301 0b00cd01 10000 100 173892 2002650571 37234061 10027259
0b000a01 0b00c201 10001 100 22876 2003765208 36136880 10014598
0b000401 0b00c301 10000 100 1248628 2002360914 38121336 10117366
0b000901 0b00cb01 10000 100 4788501 2001536595 39084830 10414149
0b000a01 0b00cf01 10000 100 972242 2002180368 38456586 10094195
0b000f01 0b00c001 10001 100 3686 2003320653 37372942 10012990
0b000201 0b00c201 10001 100 118844 2003156333 37634220 10022644
0b000001 0b00c701 10000 100 7932 2002832671 38016088 10013345
0b000601 0b00c101 10000 100 28495 2004754322 36238754 10015070
0b000d01 0b00c101 10000 100 74246 2003917457 37287490 10018907
0b000001 0b00c401 10002 100 188101 2003052424 38163724 10028453
0b000201 0b00c801 10002 100 60279 2002923989 38461970 10017736
0b000001 0b00c801 10001 100 15238 2003235441 38606322 10013960
0b000301 0b00c301 10000 100 154229 2003310965 38924685 10025613
0b000101 0b00c301 10000 100 2762069 2003138770 39143609 10244255
0b000d01 0b00c401 10003 100 23321 2004923686 37363992 10014637
0b000e01 0b00c001 10003 100 36422 2004982844 37547933 10015735
0b000001 0b00c701 10002 100 23686 2006529098 36318301 10014667
0b000301 0b00c501 10000 100 36205 2004285560 38590385 10015718
0b000d01 0b00cb01 10000 100 8672 2004825274 38119908 10013408
0b000001 0b00cd01 10000 100 51136 2004575967 38409178 10016970
0b000a01 0b00c901 10002 100 29075 2004440026 38552240 10015121
0b000501 0b00ca01 10001 100 39903 2007279615 36087078 10016025
0b000201 0b00cb01 10001 100 45293 2006913143 36522834 10016480
0b000401 0b00ce01 10002 100 34288 2007216568 36251810 10015557
0b000501 0b00cc01 10003 100 168157 2005700784 37781163 10026781
0b000d01 0b00cd01 10000 100 1073 2006285761 37277867 10012773
0b000d01 0b00c901 10000 100 144948 2005088820 38544253 10024832
0b000101 0b00cb01 10000 100 32035 2005135935 38624759 10015369
0b000801 0b00c401 10000 100 1995093 2004693921 39115522 10179952
0b000801 0b00c501 10000 100 279816 2004947389 38942444 10036140
0b000201 0b00cd01 10000 100 16464 2000042828 44013890 10014062
0b000e01 0b00c101 10000 100 51429 2000067897 44016793 10016994
0b000201 0b00c101 10000 100 121938 2000075262 44024268 10022903
0b000801 0b00ca01 10000 100 14558 2006969110 37169139 10013902
0b000101 0b00cd01 10000 100 2571 2000166477 44012737 10012897
0b000c01 0b00c401 10000 100 10596 2000226560 44016342 10013569
0b000501 0b00cf01 10000 100 939 2000286392 44012606 10012758
0b000d01 0b00c301 10001 100 71709 2005893259 38419350 10018693
0b000f01 0b00c601 10000 100 3508 2000268401 44056932 10012976
0b000601 0b00cd01 10000 100 132195 2000339760 44039946 10023766
0b000f01 0b00c001 10003 100 90603 2006400097 38001573 10020277
0b000601 0b00c301 10000 100 9738 2008404316 36010346 10013497
0b000701 0b00c801 10000 100 53578 2000400094 44109253 10017173
0b000901 0b00c501 10000 100 1035152 2002431038 42105353 10099470
0b000401 0b00c601 10000 100 9528 2000428133 44155938 10013480
0b000001 0b00c501 10000 100 516956 2004930011 39718155 10056021
0b000601 0b00c001 10001 100 69753 2004108157 40565966 10018529
0b000d01 0b00c601 10000 100 1392337 2000228141 44469073 10129416
0b000d01 0b00cc01 10000 100 926 2000366767 44399222 10012757
0b000001 0b00cb01 10000 100 1340246 2000400072 44426574 10125049
0b000501 0b00c101 10000 100 121615 2000532202 44379006 10022877
0b000a01 0b00c701 10000 100 61119 2007200484 37774891 10017807
0b000b01 0b00cf01 10000 100 1386755 2000366059 44622284 10128946
0b000201 0b00cf01 10000 100 26789 2000569173 44424854 10014926
0b000301 0b00c701 10000 100 24706 2008054065 37024517 10014752
0b000f01 0b00ca01 10001 100 14093 2007021865 38087074 10013865
0b000801 0b00cc01 10000 100 9209 2000543324 44591260 10013455
0b000e01 0b00cf01 10003 100 16765 2007616328 37583679 10014086
0b000f01 0b00cc01 10000 100 4032968 2000199473 45016723 10350804
0b000e01 0b00cb01 10000 100 80672 2000541360 44694517 10019444
0b000c01 0b00c201 10000 100 45386 2000561525 44680130 10016487
0b000201 0b00cf01 10004 100 7247 2009021311 36221630 10013290
0b000701 0b00c101 10002 100 53566 2004866140 40391635 10017172
0b000a01 0b00c601 10000 100 3709 2008036059 37290016 10012992
0b000c01 0b00c701 10000 100 4025 2000711933 44622507 10013021
0b000c01 0b00c301 10000 100 20235 2007124693 38232780 10014379
0b000701 0b00c201 10000 100 196106 2000729970 44676129 10029124
0b000701 0b00c301 10000 100 22326 2005936158 39487047 10014554
0b000c01 0b00c901 10000 100 48275 2007242752 38203535 10016730
0b000a01 0b00c901 10000 100 4306713 2000390818 45205691 10373755
0b000c01 0b00ce01 10000 100 886 2000862494 44785318 10012754
0b000701 0b00c301 10001 100 1992 2006121756 39550699 10012847
0b000801 0b00cf01 10000 100 49705 2007784030 38014134 10016848
0b000901 0b00c001 10002 100 431632 2003871455 42006641 10048869
0b000501 0b00c301 10001 100 24238 2005924219 40053095 10014715
0b000a01 0b00cc01 10000 100 1640553 2000814048 45165984 10150225
0b000401 0b00c501 10000 100 711858 2000754617 45228888 10072362
0b000b01 0b00c101 10002 100 2588 2008487044 37502463 10012898
0b000c01 0b00cc01 10000 100 23474 2000999310 45045292 10014650
0b000b01 0b00cc01 10003 100 9356 2008505259 37562590 10013466
0b000d01 0b00c401 10000 100 11793 2001025117 45064354 10013669
0b000701 0b00c801 10001 100 2583 2001022312 45070067 10012898
0b000a01 0b00ca01 10002 100 1255037 2004477511 41787743 10117906
0b000401 0b00c301 10001 100 108288 2005273367 41014073 10021761
0b000301 0b00ca01 10000 100 6947 2007294582 39107052 10013262
0b000601 0b00c001 10000 100 62078 2001047666 45365646 10017888
0b000301 0b00c401 10001 100 6625 2001187665 45237387 10013236
0b000a01 0b00c301 10001 100 60080 2001187373 45248681 10017720
0b000e01 0b00c901 10000 100 7673443 2000339245 46106811 10656023
0b000901 0b00c801 10000 100 13214 2001199118 45260997 10013790
0b000901 0b00c501 10002 100 797930 2002994011 43483870 10079578
0b000601 0b00c701 10001 100 29077 2001067213 45427128 10015121
0b000c01 0b00c001 10000 100 83601 2001129890 45406728 10019690
0b000201 0b00c801 10000 100 413242 2001260638 45499051 10047329
0b000701 0b00c401 10003 100 9581 2007202314 39588812 10013484
0b000201 0b00c901 10002 100 39594 2010436717 36437401 10016001
0b000001 0b00ca01 10000 100 5671 2001434189 45450076 10013156
0b000401 0b00c501 10002 100 25172 2001235601 45703671 10014793
0b000c01 0b00cf01 10000 100 73749 2008850955 38105716 10018864
0b000301 0b00c101 10001 100 556158 2004930056 42051018 10059311
0b000001 0b00c101 10006 100 13185 2011096858 35998333 10013788
0b000001 0b00c101 10003 100 144905 2010255319 36847430 10024829
0b000801 0b00cd01 10004 100 35784 2009672300 37621616 10015680
0b000901 0b00cf01 10002 100 52331 2009039677 38450254 10017070
0b000501 0b00c301 10000 100 868961 2001684802 45813674 10085533
0b000101 0b00c101 10000 100 480034 2001716704 45789177 10052929
0b000901 0b00c801 10001 100 67098 2001621017 45892165 10018308
0b000c01 0b00c301 10001 100 48042 2009485879 38097825 10016711
0b000701 0b00c301 10002 100 24281 2007855643 39799031 10014718
0b000a01 0b00cb01 10001 100 372338 2007121746 40574433 10043899
0b000101 0b00cb01 10001 100 102358 2007837165 39896450 10021264
0b000101 0b00ce01 10001 100 32019 2002007794 45768765 10015368
0b000901 0b00c901 10002 100 16945 2010051994 37789751 10014100
0b000601 0b00cf01 10003 100 9617 2009696679 38206781 10013487
0b000301 0b00c201 10001 100 4661 2008688139 39380917 10013072
0b000401 0b00ca01 10000 100 16051 2002205395 45898743 10014029
0b000e01 0b00cc01 10003 100 137546 2008519306 39587886 10024213
0b000301 0b00cb01 10000 100 45899 2008340186 39802854 10016528
0b000c01 0b00ce01 10002 100 26035 2010511627 37738345 10014866
0b000401 0b00c201 10000 100 28620 2002275126 45980203 10015080
0b000e01 0b00cd01 10000 100 5643303 2000813838 47523688 10485817
0b000601 0b00c001 10003 100 47752 2010737579 37626444 10016684
0b000601 0b00c301 10001 100 58893 2009904865 38500507 10017618
0b000601 0b00ce01 10003 100 63115 2011443449 36972558 10017974
0b000a01 0b00c401 10001 100 10762 2002028956 46405927 10013583
0b000801 0b00cb01 10001 100 39080 2002361372 46099547 10015960
0b000901 0b00c101 10000 100 189820 2001971294 46498929 10028595
0b000601 0b00c401 10003 100 78113 2009680084 38794359 10019232
0b000501 0b00cb01 10000 100 6058 2002604788 45944661 10013191
0b000b01 0b00c101 10003 100 60371 2010689510 37962384 10017743
0b000401 0b00cb01 10001 100 8340 2002773769 45902935 10013381
0b000101 0b00c001 10000 100 27329 2001463479 47243965 10014973
0b000b01 0b00ce01 10001 100 302 2002750787 45985891 10012708
0b000701 0b00c701 10001 100 350115 2002394440 46386131 10042037
0b000c01 0b00c101 10001 100 1851412 2001367230 47435609 10167904
0b000401 0b00cc01 10000 100 913272 2001609225 47204064 10089251
0b000701 0b00c001 10000 100 358495 2002628678 46243735 10042738
0b000701 0b00cb01 10000 100 171842 2009919796 39064204 10027087
0b000701 0b00cf01 10000 100 46751 2003100906 45924673 10016600
0b000a01 0b00c301 10002 100 1413314 2002835762 46195301 10131174
0b000501 0b00c901 10000 100 10225 2002957090 46232551 10013540
0b000301 0b00c901 10000 100 11740 2002564612 46679982 10013665
0b000001 0b00c401 10001 100 38283 2002680923 46655020 10015892
0b000f01 0b00c201 10000 100 800581 2001964747 47397475 10079802
0b000501 0b00cb01 10001 100 11424 2003394008 46064713 10013640
0b000501 0b00c901 10001 100 26024 2009183587 40322670 10014865
0b000c01 0b00c001 10003 100 985617 2005616938 43905385 10095315
0b000801 0b00c601 10001 100 858422 2003515011 46054920 10084652
0b000801 0b00c101 10000 100 14173 2003629253 45943365 10013871
0b000001 0b00c001 10002 100 2261389 2004585320 45086851 10202277
0b000c01 0b00c401 10002 100 35978 2011890354 37808818 10015696
0b000501 0b00c101 10001 100 713 2003501797 46209696 10012740
0b000001 0b00c101 10002 100 148962 2008874544 40847612 10025169
0b000001 0b00c101 10001 100 284502 2008354474 41373236 10036534
0b000001 0b00c801 10002 100 5210 2010129177 39603752 10013119
0b000c01 0b00c601 10000 100 76198 2001696649 48052409 10019071
0b000a01 0b00c901 10001 100 43705 2002138162 47618588 10016345
0b000401 0b00c001 10001 100 679483 2007221375 42572827 10069649
0b000d01 0b00ca01 10000 100 43711 2001979227 47817015 10016345
0b000b01 0b00cb01 10000 100 805334 2003575157 46236059 10080201
0b000f01 0b00c501 10006 100 21569 2011784392 38088543 10014490
0b000e01 0b00c901 10001 100 60938 2002166491 47717146 10017789
0b000801 0b00cc01 10003 100 1495 2012087447 37810141 10012807
0b000f01 0b00c201 10001 100 50323 2002161162 47763316 10016901
0b000f01 0b00ce01 10000 100 102244 2002126681 47805321 10021255
0b000f01 0b00cb01 10001 100 1143 2002282942 47660612 10012779
0b000a01 0b00ce01 10000 100 167348 2003848595 46184052 10026712
0b000d01 0b00c201 10000 100 79999 2002625425 47419575 10019387
0b000901 0b00c101 10002 100 135629 2010053729 40026206 10024052
0b000f01 0b00c001 10000 100 85537 2002790135 47295750 10019853
0b000701 0b00cd01 10000 100 63309 2004094772 46013771 10017990
0b000701 0b00c801 10002 100 2504677 2002569654 47562572 10222673
0b000c01 0b00c901 10001 100 7466 2011968054 38241862 10013308
0b000001 0b00c701 10004 100 4630 2013897991 36321376 10013069
0b000001 0b00c001 10001 100 121886 2001976605 48244063 10022899
0b000101 0b00c001 10001 100 22470 2002244339 48101042 10014565
0b000101 0b00c501 10000 100 2585 2002284139 48061383 10012898
0b000b01 0b00c901 10002 100 878941 2007473994 42873082 10086370
0b000801 0b00cd01 10006 100 2474 2012496211 37875482 10012889
0b000b01 0b00cb01 10001 100 309068 2004213220 46169988 10038595
0b000801 0b00c001 10000 100 7797 2004316021 46093836 10013334
0b000901 0b00ca01 10002 100 483131 2006268637 44195440 10053189
0b000201 0b00c701 10002 100 453172 2007412972 43099211 10050677
0b000b01 0b00c301 10000 100 7182 2004572947 45985344 10013285
0b000901 0b00c401 10000 100 484677 2006743866 43924975 10053316
0b000801 0b00c201 10001 100 1512602 2002146065 48526381 10139498
0b000801 0b00c701 10000 100 1068488 2009314488 41393905 10102264
0b000001 0b00cc01 10000 100 780753 2002549918 48169955 10078139
0b000901 0b00c901 10000 100 122906 2003614268 47143561 10022984
0b000f01 0b00ca01 10000 100 37660 2003340158 47449141 10015838
0b000101 0b00c501 10001 100 7362 2003902422 46887536 10013299
0b000301 0b00c801 10002 100 29836 2004000480 46876857 10015182
0b000301 0b00c801 10003 100 31636 2004070180 46837143 10015333
0b000f01 0b00c901 10003 100 52050 2013082681 37846765 10017047
0b000d01 0b00c201 10001 100 168553 2003574363 47449546 10026813
0b000b01 0b00c401 10000 100 1808100 2001809965 49256815 10164274
0b000201 0b00c701 10001 100 73455 2002838716 48328882 10018840
0b000601 0b00ce01 10001 100 50564 2005335896 45955882 10016920
0b000601 0b00c301 10004 100 7277 2013642647 37742960 10013292
0b000d01 0b00ce01 10001 100 44143 2012753490 38750704 10016384
0b000901 0b00c701 10001 100 48991 2003096622 48470338 10016787
0b000c01 0b00c101 10002 100 8092 2004071301 47609213 10013361
0b000201 0b00cf01 10007 100 3262 2012184693 39519034 10012956
0b000901 0b00c501 10007 100 48949 2013198416 38565956 10016784
0b000301 0b00c501 10001 100 43757 2004633757 47184948 10016349
0b000d01 0b00c401 10002 100 9950 2004701525 47141389 10013514
0b000d01 0b00cf01 10000 100 149116 2011917047 39942122 10025185
0b000d01 0b00c501 10000 100 14534 2003942336 47943047 10013900
0b000101 0b00c201 10001 100 174594 2011611645 40303897 10027319
0b000c01 0b00c201 10001 100 47173 2004363208 47569372 10016638
0b000b01 0b00cd01 10000 100 742758 2003480300 48615001 10074953
0b000001 0b00cd01 10004 100 26857 2015355514 36821782 10014932
0b000d01 0b00cc01 10001 100 71030 2004215061 48031278 10018638
0b000f01 0b00c901 10001 100 977970 2007221218 45117388 10094673
0b000201 0b00cd01 10002 100 49551 2003629001 48778551 10016836
0b000301 0b00c201 10003 100 2021 2015750312 36703958 10012853
0b000101 0b00cf01 10000 100 249982 2005541147 46961978 10033638
0b000401 0b00ce01 10000 100 8769 2006139403 46403383 10013416
0b000401 0b00c601 10002 100 33557 2006124432 46472110 10015495
0b000401 0b00c501 10004 100 199326 2006285292 46537362 10029394
0b000901 0b00cf01 10005 100 6941 2014811932 38053806 10013262
0b000701 0b00cf01 10003 100 42652 2015564099 37334986 10016257
0b000401 0b00ca01 10003 100 106108 2011260705 41644003 10021579
0b000e01 0b00ca01 10001 100 6628 2004861084 48147155 10013237
0b000b01 0b00cb01 10002 100 189279 2004235512 48786664 10028551
0b000901 0b00ce01 10000 100 56685 2003597679 49439209 10017433
0b000001 0b00c701 10001 100 475451 2003200024 49852317 10052543
0b000901 0b00cd01 10000 100 1493378 2002693637 50359327 10137887
0b000001 0b00c901 10003 100 38440 2013209305 39879687 10015904
0b000901 0b00cf01 10000 100 1022182 2003984726 49139455 10098382
0b000901 0b00c601 10000 100 1204913 2003269244 49863634 10113700
0b000401 0b00c901 10003 100 58227 2013051524 40176325 10017564
0b000001 0b00ca01 10002 100 139582 2015462202 37788328 10024384
0b000401 0b00c501 10006 100 6693 2013880324 39459796 10013242
0b000301 0b00cc01 10000 100 1211 2006786357 46560278 10012784
0b000101 0b00ca01 10000 100 27386 2016435126 36964661 10014978
0b000201 0b00c201 10002 100 5315 2006946640 46468407 10013128
0b000201 0b00ce01 10001 100 34366 2006897991 46524422 10015563
0b000301 0b00cb01 10001 100 172485 2012974503 40527835 10027143
0b000101 0b00c901 10000 100 5828 2007382954 46178949 10013169
0b000d01 0b00ce01 10000 100 52380 2005876186 47706776 10017073
0b000b01 0b00ca01 10002 100 53599 2015194442 38451079 10017175
0b000201 0b00c101 10002 100 275686 2010782751 42887228 10035794
0b000701 0b00c801 10004 100 17091 2007397714 46414395 10014116
0b000801 0b00c901 10000 100 9433 2004847853 48996938 10013473
0b000f01 0b00c701 10001 100 22393 2006262636 47649460 10014559
0b000001 0b00c201 10001 100 1273182 2008280345 45637284 10119426
0b000501 0b00c001 10001 100 77345 2012492935 41579713 10019167
0b000801 0b00c801 10000 100 6770 2006376899 47798607 10013248
0b000001 0b00c901 10005 100 2746 2017788556 36450347 10012911
0b000201 0b00c701 10004 100 5989 2014903991 39372485 10013182
0b000501 0b00cf01 10003 100 43871 2016996967 37288586 10016358
0b000e01 0b00c101 10001 100 69088 2000272250 54079029 10018475
0b000e01 0b00cf01 10000 100 28501 2005962772 48390125 10015071
0b000801 0b00ce01 10003 100 17384 2016400079 38041948 10014139
0b000201 0b00c401 10002 100 4344 2015286901 39168380 10013046
0b000601 0b00cb01 10001 100 56787 2004767232 49878426 10017441
0b000701 0b00c601 10000 100 44555 2000444556 54205160 10016417
0b000d01 0b00c401 10005 100 145160 2005993668 48673131 10024853
0b000601 0b00c401 10002 100 69419 2007352793 47341445 10018502
0b000c01 0b00c801 10000 100 1486723 2002694811 52022163 10137327
0b000e01 0b00c001 10000 100 58316 2000478183 54277903 10017571
0b000b01 0b00c401 10001 100 20278 2006361898 48399844 10014382
0b000a01 0b00c401 10006 100 4052 2016982463 37780915 10013023
0b000c01 0b00ca01 10000 100 5474 2007366675 47487292 10013140
0b000f01 0b00c201 10005 100 42812 2017353428 37547538 10016270
0b000e01 0b00ce01 10001 100 20996 2006808055 48119711 10014440
0b000c01 0b00c101 10005 100 70328 2017075066 37877535 10018578
0b000501 0b00c501 10000 100 23998 2000562393 54406805 10014692
0b000101 0b00ce01 10003 100 57335 2008370123 46624245 10017489
0b000c01 0b00c901 10003 100 8887 2016153575 38859548 10013425
0b000101 0b00ce01 10004 100 154997 2008371801 46705984 10025674
0b000c01 0b00ca01 10001 100 619403 2010935176 44146933 10064613
0b000601 0b00c101 10001 100 169976 2007707051 47416609 10026930
0b000d01 0b00c801 10000 100 735294 2004941527 50209987 10074329
0b000501 0b00c601 10000 100 14821 2000668553 54583742 10013923
0b000901 0b00c301 10002 100 42379 2007009566 48261651 10016235
0b000001 0b00c901 10000 100 179564 2000646865 54625721 10027736
0b000e01 0b00cf01 10001 100 70488 2006644537 48660680 10018591
0b000901 0b00c201 10001 100 17626 2007979364 47354347 10014159
0b000101 0b00c101 10002 100 60692 2006420036 48977682 10017769
0b000501 0b00cc01 10000 100 64006 2000752294 54679230 10018050
0b000b01 0b00c701 10000 100 44644 2007015700 48466599 10016424
0b000301 0b00c001 10000 100 65615 2006211911 49296616 10018182
0b000b01 0b00ca01 10000 100 65779 2007094690 48413959 10018195
0b000801 0b00c101 10001 100 7344 2006918742 48591024 10013298
0b000a01 0b00c901 10009 100 22673 2017232110 38312508 10014582
0b000201 0b00ce01 10004 100 49891 2017818901 37733379 10016863
0b000a01 0b00cc01 10001 100 3046 2000830010 54748673 10012939
0b000f01 0b00ce01 10001 100 163250 2007161003 48439196 10026369
0b000d01 0b00c001 10001 100 63688 2016211434 39433941 10018020
0b000001 0b00c801 10000 100 804579 2000709592 54938503 10080137
0b000a01 0b00c301 10004 100 22562 2007201295 48485390 10014573
0b000601 0b00cb01 10000 100 1788378 2004345981 51343113 10162620
0b000301 0b00ca01 10001 100 208 2009585717 46165121 10012700
0b000501 0b00ce01 10001 100 20444 2005963652 50004045 10014396
0b000901 0b00ce01 10001 100 79475 2008002289 48009932 10019345
0b000901 0b00c601 10001 100 29708 2007146082 48873937 10015171
0b000901 0b00c401 10001 100 15540 2008529798 47504210 10013984
0b000401 0b00c701 10002 100 14013 2008666101 47395762 10013858
0b000001 0b00c601 10002 100 11569 2009826766 46266361 10013651
0b000401 0b00c601 10003 100 50028 2009898402 46205657 10016878
0b000401 0b00cf01 10001 100 9751 2006070620 50044205 10013498
0b000601 0b00c401 10000 100 1715909 2000764149 55378383 10156542
0b000c01 0b00ca01 10003 100 6013 2017259580 38942508 10013187
0b000401 0b00cb01 10002 100 57468 2006033149 50188130 10017500
0b000801 0b00c401 10001 100 16360 2008122961 48148598 10014054
0b000001 0b00cf01 10002 100 4158 2019844167 36449608 10013031
0b000401 0b00c801 10000 100 51671 2004490752 51835926 10017013
0b000401 0b00c501 10001 100 18025 2001041685 55302491 10014194
0b000001 0b00cd01 10002 100 33439 2007070287 49313070 10015485
0b000401 0b00c701 10000 100 2164019 2003548904 52855636 10194115
0b000a01 0b00c901 10004 100 34553 2007922788 48488732 10015578
0b000f01 0b00c501 10005 100 3376 2008887497 47567013 10012965
0b000601 0b00c901 10003 100 39902 2019805298 36696661 10016025
0b000d01 0b00c901 10002 100 35234 2008492461 48012374 10015636
0b000001 0b00c301 10000 100 2645781 2003104603 53415648 10234503
0b000601 0b00c701 10000 100 1933904 2000908792 55612926 10174818
0b000d01 0b00c601 10001 100 1184807 2004619153 51912689 10112014
0b000401 0b00ca01 10007 100 368 2019699478 36832547 10012713
0b000b01 0b00c501 10000 100 70273 2008389364 48161885 10018574
0b000101 0b00ce01 10000 100 6213 2001228411 55330902 10013203
0b000701 0b00c301 10004 100 19799 2010346279 46260130 10014340
0b000a01 0b00cd01 10006 100 10121 2018815617 37817962 10013531
0b000701 0b00c401 10005 100 37979 2010263514 46373877 10015864
0b000801 0b00ce01 10004 100 58742 2018530595 38132564 10017605
0b000701 0b00c701 10000 100 155614 2001217180 55449211 10025728
0b000b01 0b00c501 10001 100 30411 2008892256 47797132 10015231
0b000201 0b00cf01 10001 100 2032695 2001041310 55659190 10183102
0b000701 0b00cc01 10000 100 42483 2001142331 55587127 10016243
0b000701 0b00cf01 10001 100 65280 2010550862 46183632 10018155
0b000901 0b00ca01 10007 100 51891 2018527735 38266503 10017030
0b000e01 0b00c301 10001 100 37773 2008695757 48162117 10015847
0b000301 0b00c901 10001 100 1939 2010733501 46137067 10012842
0b000f01 0b00ca01 10004 100 48083 2017703314 39277838 10016714
0b000901 0b00c501 10005 100 546280 2010799023 46190262 10058482
0b000d01 0b00c401 10006 100 29545 2009146271 47931051 10015158
0b000201 0b00ca01 10001 100 9959 2007556153 49527976 10013515
0b000c01 0b00c701 10002 100 13524 2009119822 47995521 10013815
0b000001 0b00ce01 10000 100 1339034 2007554528 49598161 10124948
0b000101 0b00cd01 10006 100 28902 2020533322 36685114 10015103
0b000c01 0b00ce01 10001 100 8551 2009396832 47829654 10013398
0b000f01 0b00cb01 10002 100 1804922 2003397613 53853908 10164004
0b000801 0b00cd01 10003 100 8509 2009523305 47773882 10013395
0b000901 0b00c201 10002 100 50474 2009029463 48275319 10016913
0b000801 0b00ce01 10001 100 3349 2009280378 48058439 10012963
0b000001 0b00c201 10000 100 65010 2007898915 49452503 10018134
0b000a01 0b00c801 10000 100 7599 2009703775 47673126 10013318
0b000001 0b00c501 10002 100 69328 2020495470 36933357 10018495
0b000c01 0b00c101 10003 100 7952 2009628391 47802346 10013346
0b000801 0b00cc01 10006 100 251983 2016867679 40594790 10033806
0b000a01 0b00c001 10002 100 3111 2020282647 37264691 10012944
0b000b01 0b00ce01 10000 100 20238 2001638271 55928046 10014379
0b000a01 0b00c701 10001 100 45838 2009376942 48244445 10016523
0b000a01 0b00c401 10002 100 859402 2005044526 52583930 10084734
0b000801 0b00c501 10001 100 560508 2008656075 49042663 10059674
0b000f01 0b00c501 10008 100 20318 2018624678 39139272 10014386
0b000a01 0b00c301 10005 100 39153 2009825177 47998309 10015965
0b000f01 0b00c101 10001 100 841449 2005225711 52686743 10083229
0b000601 0b00ce01 10002 100 17315 2010535062 47399028 10014134
0b000601 0b00c401 10001 100 36664 2001504274 56430810 10015755
0b000301 0b00c501 10002 100 5698 2011499477 46443612 10013158
0b000101 0b00cf01 10002 100 51948 2011621818 46348285 10017035
0b000601 0b00c201 10000 100 17117 2009946021 48050821 10014118
0b000601 0b00c801 10000 100 21493 2006350518 51654202 10014483
0b000601 0b00c701 10003 100 28136 2006812200 51213672 10015042
0b000c01 0b00c201 10005 100 156241 2017086460 40981300 10025782
0b000a01 0b00c201 10003 100 595494 2012917177 45190606 10062608
0b000c01 0b00c701 10001 100 1138052 2004631285 53531014 10108097
0b000b01 0b00c101 10008 100 61773 2020267871 37939836 10017859
0b000b01 0b00c301 10002 100 29096 2009912155 48297064 10015122
0b000601 0b00cc01 10000 100 8865 2002262501 55953753 10013423
0b000301 0b00ce01 10000 100 67175 2007814286 50407449 10018315
0b000b01 0b00c301 10003 100 45880 2010510819 47752235 10016527
0b000b01 0b00cf01 10002 100 14793 2010133510 48172828 10013921
0b000e01 0b00ca01 10004 100 26121 2021223362 37118139 10014873
0b000e01 0b00ca01 10003 100 68590 2020388701 38053221 10018432
0b000401 0b00cc01 10004 100 39589 2021584944 36880945 10016000
0b000001 0b00c101 10008 100 3543 2019107336 39372017 10012978
0b000801 0b00ce01 10000 100 3408926 2005404364 53081253 10298484
0b000801 0b00ca01 10002 100 64510 2010707452 47800732 10018090
0b000b01 0b00c401 10002 100 959223 2006644189 51873547 10093104
0b000701 0b00c701 10009 100 20593 2021706824 36839511 10014408
0b000301 0b00cf01 10001 100 20963 2002171226 56416994 10014437
0b000001 0b00c001 10000 100 4102156 2001897302 56694001 10356608
0b000f01 0b00c201 10003 100 846890 2005495240 53115444 10083683
0b000b01 0b00c801 10001 100 1038480 2006744761 51912908 10099748
0b000d01 0b00c401 10007 100 47450 2010274256 48424696 10016660
0b000e01 0b00c801 10000 100 597244 2001886052 56832665 10062755
0b000e01 0b00c101 10003 100 6599 2010648005 48083564 10013234
0b000d01 0b00cf01 10001 100 13202 2022124210 36629654 10013789
0b000201 0b00c401 10001 100 44916 2011159313 47595999 10016446
0b000601 0b00c801 10001 100 116534 2008899291 49959661 10022452
0b000c01 0b00ce01 10003 100 23708 2011173637 47843620 10014668
0b000e01 0b00c101 10004 100 23410 2010962501 48064468 10014644
0b000e01 0b00c901 10003 100 28958 2019256812 39776616 10015108
0b000e01 0b00c401 10000 100 8902 2002063376 56997384 10013426
0b000301 0b00cf01 10002 100 1125313 2005727896 53462782 10107028
0b000901 0b00cf01 10007 100 16142 2022056148 37137679 10014036
0b000c01 0b00c601 10001 100 54993 2002158813 57063176 10017290
0b000901 0b00cb01 10001 100 71696 2010059715 49163274 10018692
0b000f01 0b00c101 10005 100 61935 2019152569 40116733 10017872
0b000101 0b00c601 10000 100 5393 2013137919 46186748 10013134
0b000301 0b00c001 10001 100 40391 2009550173 49784850 10016068
0b000f01 0b00c101 10002 100 64761 2010910336 48446009 10018110
0b000e01 0b00c301 10002 100 36508 2011216643 48151610 10015742
0b000901 0b00c201 10003 100 71535 2010274550 49169496 10018679
0b000601 0b00c801 10007 100 851 2020202983 39303999 10012751
0b000e01 0b00c401 10002 100 7189 2011267847 48261978 10013285
0b000e01 0b00c001 10008 100 26771 2022534175 37008411 10014925
0b000101 0b00cf01 10006 100 21770 2019845918 39809012 10014506
0b000401 0b00c501 10005 100 38626 2009823907 49835412 10015919
0b000e01 0b00cf01 10009 100 76851 2018813038 40906833 10019123
0b000c01 0b00cd01 10001 100 1203071 2001581580 58155663 10113549
0b000401 0b00cb01 10005 100 8095 2013468232 46277384 10013362
0b000001 0b00cb01 10001 100 2244082 2008324104 51432510 10200827
0b000b01 0b00cc01 10000 100 4900831 2001477443 58353295 10423566
0b000e01 0b00cc01 10005 100 44744 2011644748 48224750 10016432
0b000101 0b00ce01 10005 100 65761 2009866898 50005889 10018194
0b000801 0b00c101 10003 100 47727 2011830441 48093631 10016682
0b000101 0b00c001 10002 100 43261 2010166760 49781259 10016309
0b000b01 0b00c101 10000 100 17537 2003929160 56047141 10014152
0b000e01 0b00c201 10000 100 17163 2002713603 57292891 10014122
0b000901 0b00c501 10011 100 74622 2020363414 39651656 10018937
0b000501 0b00c001 10000 100 1612365 2001874363 58148104 10147863
0b000701 0b00ce01 10001 100 70738 2010282471 49752399 10018611
0b000201 0b00c401 10000 100 54910 2009801206 50242180 10017284
0b000401 0b00ca01 10004 100 67850 2012200626 47894411 10018369
0b000001 0b00c401 10003 100 60903 2003195794 56903555 10017786
0b000101 0b00c701 10001 100 1325 2013874292 46290363 10012793
0b000901 0b00c901 10003 100 22152 2011950043 48224553 10014540
0b000201 0b00c301 10002 100 47277 2012980601 47255832 10016646
0b000601 0b00c801 10004 100 619123 2015396870 44927559 10064590
0b000c01 0b00c901 10002 100 3335 2012090311 48245365 10012962
0b000401 0b00c301 10002 100 10448 2010633063 49705522 10013558
0b000801 0b00c101 10005 100 12567 2012410669 47938161 10013735
0b000501 0b00c301 10007 100 10020 2020293407 40065036 10013523
0b000901 0b00c001 10001 100 46140 2003743926 56670986 10016551
0b000b01 0b00cd01 10001 100 76788 2004456042 56051201 10019118
0b000c01 0b00cf01 10001 100 129982 2011306727 49242002 10023577
0b000701 0b00c701 10007 100 28190 2014163464 46435826 10015046
0b000101 0b00c701 10000 100 29859 2010912774 49703023 10015183
0b000b01 0b00cf01 10001 100 7902 2002249782 58372905 10013342
0b000d01 0b00c301 10004 100 120302 2012027364 48694408 10022768
0b000a01 0b00c901 10007 100 4842 2012866568 47875385 10013086
0b000501 0b00c601 10001 100 102805 2004227649 56538124 10021299
0b000d01 0b00cb01 10001 100 4021 2012648700 48174377 10013020
0b000401 0b00c701 10001 100 615174 2006958426 53918437 10064259
0b000c01 0b00c601 10005 100 77440 2020455972 40434108 10019174
0b000601 0b00c601 10000 100 8877 2003637175 57309157 10013424
0b000401 0b00c901 10002 100 1146967 2005158406 55788388 10108841
0b000a01 0b00ca01 10003 100 1193786 2005470509 55507422 10112767
0b000b01 0b00cf01 10003 100 40558 2012852599 48150296 10016082
0b000a01 0b00c701 10002 100 5786 2013109634 47898030 10013165
0b000801 0b00c701 10007 100 2755 2024103007 36922530 10012911
0b000501 0b00ce01 10002 100 1829 2011721581 49342977 10012834
0b000501 0b00cc01 10002 100 16350 2005180562 55887643 10014053
0b000f01 0b00c501 10001 100 216 2003890479 57203398 10012701
0b000e01 0b00cc01 10000 100 14767 2003602449 57503753 10013918
0b000101 0b00ce01 10006 100 23584 2011752479 49380154 10014658
0b000501 0b00cd01 10003 100 20871 2011663312 49506358 10014430
0b000901 0b00cf01 10004 100 95293 2011861295 49330421 10020672
0b000001 0b00c301 10002 100 28536 2014415929 46798756 10015074
0b000e01 0b00c501 10008 100 6684 2025010427 36211014 10013241
0b000b01 0b00ce01 10002 100 18299 2002902221 58320675 10014216
0b000401 0b00cc01 10003 100 164453 2018558287 42777835 10026469
0b000901 0b00cd01 10002 100 64853 2012405282 48984836 10018117
0b000b01 0b00c001 10002 100 99680 2021740944 39659555 10021038
0b000b01 0b00c801 10000 100 790501 2002920558 58520282 10078957
0b000601 0b00c201 10001 100 13019 2010012485 51429770 10013775
0b000601 0b00c801 10003 100 10535 2014696052 46760012 10013565
0b000f01 0b00c501 10012 100 13333 2025070867 36448416 10013800
0b000801 0b00cc01 10004 100 78303 2013310816 48227337 10019247
0b000401 0b00cb01 10007 100 79589 2024066990 37471483 10019354
0b000501 0b00cd01 10002 100 126398 2011593394 49964025 10023279
0b000b01 0b00c601 10001 100 66534 2013058067 48542984 10018260
0b000501 0b00c301 10004 100 10815 2015528504 46104941 10013587
0b000f01 0b00c601 10001 100 676910 2003242630 58436502 10069432
0b000a01 0b00cb01 10003 100 598658 2014310878 47372671 10062872
0b000d01 0b00c701 10003 100 9391 2013343675 48345870 10013469
0b000e01 0b00c201 10001 100 3418 2003332059 58370334 10012968
0b000001 0b00c401 10004 100 46754 2014863628 46930461 10016600
0b000101 0b00cd01 10001 100 35764 2004868783 56949864 10015679
0b000b01 0b00c301 10008 100 1009 2025074210 36750798 10012768
0b000601 0b00c101 10002 100 58333 2013528631 48358581 10017573
0b000601 0b00cd01 10002 100 1313 2012456835 49456991 10012792
0b000601 0b00c301 10003 100 71928 2012157768 49794907 10018710
0b000801 0b00cc01 10005 100 5781 2014136081 47822914 10013165
0b000001 0b00c801 10005 100 20332 2025339965 36623356 10014387
0b000701 0b00c501 10001 100 25386 2005259570 56739886 10014810
0b000101 0b00cc01 10000 100 1257983 2004098878 57943368 10118149
0b000701 0b00c101 10003 100 32259 2005706609 56342468 10015387
0b000f01 0b00cb01 10004 100 5370 2013550979 48501692 10013132
0b000701 0b00cd01 10001 100 57525 2005505666 56558547 10017504
0b000f01 0b00c201 10002 100 5530 2004099881 57996488 10013145
0b000e01 0b00c101 10009 100 29172 2025495403 36607234 10015128
0b000201 0b00c001 10001 100 65867 2014071069 48034793 10018202
0b000a01 0b00cb01 10002 100 21761 2014065656 48041817 10014505
0b000701 0b00c701 10006 100 5721 2012160627 50045776 10013160
0b000e01 0b00c001 10004 100 820958 2005157649 57137980 10081509
0b000b01 0b00c301 10001 100 13478 2006024588 56280401 10013812
0b000701 0b00c701 10002 100 71528 2003059501 59257697 10018678
0b000201 0b00c501 10000 100 26146 2012314395 50019588 10014875
0b000a01 0b00c101 10001 100 61338 2022690034 39668050 10017825
0b000e01 0b00ca01 10000 100 23292 2004495100 57871233 10014635
0b000d01 0b00c301 10008 100 6233 2026219390 36183845 10013205
0b000e01 0b00c001 10002 100 123337 2003639140 58817527 10023023
0b000a01 0b00c401 10003 100 151166 2005640386 56873593 10025356
0b000b01 0b00cd01 10002 100 14669 2006267053 56249134 10013911
0b000f01 0b00c301 10001 100 3975 2023075352 39446963 10013013
0b000d01 0b00c501 10003 100 165147 2013688698 48893171 10026529
0b000501 0b00c201 10000 100 1582439 2002624584 59958825 10145353
0b000701 0b00c901 10003 100 45774 2011631361 50989359 10016518
0b000201 0b00cf01 10003 100 26148 2005520955 57119190 10014875
0b000901 0b00c601 10005 100 25493 2025561875 37095060 10014819
0b000301 0b00c601 10001 100 70767 2012658012 50007519 10018614
0b000b01 0b00cc01 10006 100 9389 2025781070 36912646 10013469
0b000b01 0b00c101 10005 100 28662 2014458330 48281809 10015084
0b000f01 0b00cd01 10001 100 48432 2005120121 57629361 10016742
0b000e01 0b00c801 10005 100 14108 2015447830 47323497 10013866
0b000301 0b00c901 10002 100 24252 2015786783 46993280 10014716
0b000901 0b00c801 10005 100 8467 2014774282 48070258 10013391
0b000e01 0b00c201 10004 100 26656 2026017218 36832570 10014916
0b000b01 0b00c901 10007 100 68697 2024987823 37883273 10018440
0b000701 0b00c101 10001 100 1460485 2004426534 58447169 10135129
0b000901 0b00ce01 10002 100 26568 2014446532 48485722 10014909
0b000f01 0b00c601 10006 100 9415 2023475831 39469979 10013471
0b000a01 0b00c101 10000 100 3221 2015029886 47929873 10012953
0b000801 0b00c201 10004 100 29401 2014970458 48004768 10015147
0b000001 0b00c201 10002 100 58247 2015854844 47121265 10017566
0b000001 0b00c101 10000 100 78678 2004164579 58842297 10019277
0b000301 0b00c301 10001 100 296830 2013612379 49438557 10037566
0b000601 0b00c301 10007 100 25892 2026452836 36615324 10014851
0b000101 0b00c601 10005 100 15699 2026853312 36230070 10013997
0b000a01 0b00c301 10003 100 2504358 2003829671 59271010 10222647
0b000901 0b00c801 10003 100 9751 2004430009 58673787 10013498
0b000901 0b00ce01 10003 100 3224 2015259452 47863284 10012953
0b000001 0b00c201 10005 100 2051 2023492789 39663212 10012855
0b000801 0b00c201 10003 100 290815 2013398459 49783600 10037062
0b000a01 0b00cf01 10002 100 62484 2014595245 48595864 10017920
0b000a01 0b00c801 10002 100 6116 2026162659 37039254 10013196
0b000f01 0b00c801 10001 100 28561 2015710320 47538258 10015076
0b000f01 0b00ce01 10003 100 19100 2014559136 48699967 10014284
0b000d01 0b00cd01 10001 100 65761 2015542747 47733711 10018194
0b000e01 0b00ce01 10000 100 28711 2005320778 57962487 10015088
0b000301 0b00ce01 10001 100 3736 2013934332 49395339 10012994
0b000f01 0b00ce01 10002 100 82294 2014200240 49130148 10019582
0b000c01 0b00c201 10003 100 34125 2014496545 48836778 10015544
0b000501 0b00c801 10000 100 16726 2007232557 56120007 10014083
0b000201 0b00cc01 10002 100 8523 2016486303 46882154 10013396
0b000b01 0b00c201 10001 100 293003 2013037906 50357132 10037249
0b000b01 0b00c101 10006 100 19300 2015228840 48166507 10014300
0b000001 0b00c701 10005 100 16384 2013959493 49443447 10014056
0b000d01 0b00c501 10001 100 632978 2009396967 54074166 10065748
0b000201 0b00c801 10003 100 9831 2007185912 56302938 10013504
0b000901 0b00ca01 10001 100 5521 2006257816 57296978 10013144
0b000e01 0b00c501 10009 100 48668 2026439722 37162199 10016761
0b000b01 0b00c901 10005 100 27919 2015486161 48127122 10015021
0b000301 0b00c901 10003 100 118376 2022016058 41630202 10022607
0b000901 0b00c101 10001 100 1048383 2004201769 59462699 10100578
0b000401 0b00c001 10002 100 42305 2007468686 56246773 10016229
0b000701 0b00c801 10006 100 6753 2017326247 46405396 10013247
0b000301 0b00cc01 10003 100 6719 2017130927 46647765 10013244
0b000901 0b00cb01 10002 100 21498 2015549196 48308976 10014484
0b000b01 0b00c401 10003 100 74107 2015316208 48556919 10018896
0b000401 0b00c201 10005 100 137455 2024695267 39209201 10024206
0b000b01 0b00c901 10001 100 3068 2006802485 57106296 10012940
0b000d01 0b00c301 10005 100 35310 2014884925 49031707 10015643
0b000901 0b00c101 10005 100 138109 2014014179 49919313 10024262
0b000e01 0b00cc01 10002 100 4772 2005419831 58531770 10013080
0b000901 0b00c301 10001 100 20691 2004791619 59161787 10014415
0b000801 0b00cd01 10001 100 41559 2005158870 58859384 10016166
0b000f01 0b00c501 10004 100 55997 2006114202 57918658 10017374
0b000501 0b00c301 10002 100 59287 2013329281 50732536 10017653
0b000e01 0b00c101 10006 100 5422 2015400553 48704412 10013136
0b000101 0b00c401 10000 100 57703 2016866853 47255863 10017518
0b000f01 0b00c501 10003 100 336106 2004714286 59439529 10040862
0b000101 0b00c001 10006 100 5876 2017676597 46551325 10013173
0b000d01 0b00cf01 10003 100 4844 2028097412 36167891 10013086
0b000501 0b00cc01 10001 100 1560333 2004125651 60149093 10143500
0b000c01 0b00ce01 10005 100 14488 2024421080 39918314 10013896
0b000a01 0b00c701 10007 100 8388 2027383685 37039112 10013385
0b000f01 0b00c601 10005 100 15078 2015642933 48784317 10013947
0b000801 0b00c701 10003 100 2469 2016546024 47893938 10012889
0b000001 0b00c601 10004 100 38739 2015222701 49250316 10015928
0b000f01 0b00c201 10007 100 54848 2026936581 37541657 10017279
0b000901 0b00c701 10004 100 5929 2016523566 47969370 10013177
0b000c01 0b00c801 10002 100 4052 2007010971 57518966 10013023
0b000401 0b00c401 10000 100 32736 2017816466 46758399 10015425
0b000801 0b00c901 10002 100 9678 2016731903 47850154 10013492
0b000201 0b00cb01 10008 100 5788 2028319749 36265695 10013166
0b000001 0b00c501 10005 100 40237 2027827202 36792509 10016056
0b000f01 0b00c801 10004 100 23169 2028251419 36430798 10014625
0b000201 0b00c201 10005 100 66533 2022468272 42240598 10018259
0b000501 0b00cd01 10000 100 1837075 2005738784 58986951 10166703
0b000601 0b00cc01 10001 100 2123 2008643827 56086991 10012861
0b000501 0b00cb01 10007 100 18061 2028149689 36588181 10014197
0b000f01 0b00c101 10003 100 17639 2015895133 48878354 10014160
0b000a01 0b00cd01 10001 100 106936 2004675922 60123882 10021645
0b000501 0b00c001 10003 100 47577 2018170137 46682248 10016670
0b000801 0b00c401 10003 100 8769 2017141171 47726236 10013416
0b000c01 0b00c901 10005 100 4649 2018005322 46943359 10013071
0b000601 0b00c701 10002 100 197503 2004410533 60559530 10029240
0b000f01 0b00c001 10005 100 45059 2015576069 49422789 10016461
0b000a01 0b00cd01 10002 100 92507 2006996825 58069044 10020437
0b000c01 0b00c801 10004 100 15061 2016146346 48926787 10013946
0b000601 0b00c001 10005 100 1749 2018556336 46540648 10012827
0b000001 0b00cc01 10002 100 1516560 2009893783 55210715 10139830
0b000901 0b00c101 10008 100 39587 2026017250 39092727 10016000
0b000b01 0b00c801 10003 100 38338 2016718827 48418230 10015896
0b000e01 0b00cf01 10002 100 5595 2006990807 58167837 10013150
0b000501 0b00ca01 10003 100 51977 2015287285 49892295 10017037
0b000501 0b00ca01 10004 100 13282 2015528012 49688774 10013796
0b000101 0b00cc01 10005 100 7262 2018621693 46666275 10013291
0b000e01 0b00cc01 10008 100 42822 2015880715 49490937 10016270
0b000201 0b00c501 10002 100 125487 2024048771 41339671 10023202
0b000001 0b00ce01 10002 100 11173 2016324775 49094035 10013619
0b000801 0b00c701 10001 100 837242 2011858107 53599363 10082877
0b000601 0b00c901 10002 100 804348 2007042681 58479750 10080119
0b000601 0b00c001 10008 100 21007 2025720487 39838700 10014445
0b000101 0b00c801 10002 100 15843 2018876526 46699324 10014008
0b000a01 0b00cd01 10005 100 32798 2017204131 48396169 10015430
0b000601 0b00ca01 10001 100 64982 2024025861 41590025 10018128
0b000601 0b00cf01 10004 100 178152 2012985929 52635950 10027619
0b000801 0b00c601 10003 100 50319 2017261385 48385474 10016901
0b000201 0b00cb01 10003 100 26834 2015919826 49727333 10014930
0b000801 0b00c801 10001 100 71620 2016924550 48724547 10018686
0b000101 0b00ca01 10001 100 31538 2018672685 46981902 10015325
0b000d01 0b00cc01 10004 100 112210 2023845671 41819909 10022090
0b000801 0b00c001 10001 100 577001 2005515294 60163046 10061059
0b000e01 0b00c801 10004 100 709506 2011901798 53792938 10072166
0b000a01 0b00ca01 10004 100 893550 2008781912 56914124 10087596
0b000001 0b00c701 10007 100 7354 2029620399 36092724 10013299
0b000301 0b00cf01 10003 100 46312 2009202209 56537659 10016565
0b000901 0b00cd01 10001 100 487367 2003933057 61839505 10053543
0b000601 0b00c701 10006 100 8191 2016217167 49571742 10013369
0b000701 0b00c801 10003 100 218175 2005751505 60090627 10030974
0b000a01 0b00cc01 10003 100 49652 2017011799 48890621 10016844
0b000e01 0b00ca01 10002 100 7419 2007967090 57946216 10013304
0b000f01 0b00c901 10004 100 52918 2016774158 49168082 10017116
0b000b01 0b00c001 10000 100 74822 2007575253 58380197 10018953
0b000301 0b00c401 10006 100 300148 2021245631 44714440 10037847
0b000d01 0b00c801 10004 100 6300 2017227989 48748110 10013210
0b000001 0b00cb01 10002 100 64456 2018871988 47110036 10018086
0b000901 0b00c701 10005 100 765 2017848343 48151283 10012745
0b000a01 0b00c901 10005 100 804402 2009470109 56656242 10080123
0b000f01 0b00c901 10006 100 5753 2019214990 46933963 10013163
0b000601 0b00c101 10005 100 77031 2025625198 40543928 10019142
0b000a01 0b00c901 10014 100 138026 2026453631 39723693 10024255
0b000901 0b00c501 10003 100 77590 2006732529 59454057 10019186
0b000d01 0b00c601 10002 100 12208 2008147665 58039446 10013706
0b000b01 0b00c801 10002 100 1389977 2012969297 53238131 10129215
0b000601 0b00c201 10003 100 3516 2019821326 46420027 10012976
0b000801 0b00cf01 10004 100 39783 2028942439 37299158 10016016
0b000e01 0b00cb01 10002 100 1470 2019493387 46757573 10012805
0b000001 0b00cd01 10001 100 44856 2006830587 59478344 10016441
0b000c01 0b00c401 10004 100 17948 2017244419 49135319 10014184
0b000801 0b00c401 10006 100 51598 2026973485 39435233 10017007
0b000201 0b00c001 10002 100 335526 2016560859 49854772 10040812
0b000701 0b00c801 10009 100 18022 2019698453 46789301 10014194
0b000d01 0b00c401 10012 100 1820 2030364710 36125927 10012833
0b000b01 0b00cc01 10002 100 22516 2008243999 58282672 10014569
0b000801 0b00ca01 10001 100 20863 2008616861 57913187 10014429
0b000801 0b00cc01 10001 100 965119 2006699169 59832363 10093598
0b000301 0b00cb01 10003 100 957745 2015094116 51445329 10092978
0b000101 0b00c301 10001 100 30249 2017129152 49435105 10015218
0b000001 0b00c901 10001 100 1692343 2009539672 57040941 10154568
0b000c01 0b00c201 10007 100 131842 2018110414 48498688 10023734
0b000c01 0b00c801 10005 100 706632 2018668166 47976330 10071925
0b000401 0b00c201 10003 100 4953 2019391328 47267996 10013095
0b000201 0b00cd01 10005 100 168776 2020616652 46058527 10026831
0b000301 0b00cd01 10001 100 60246 2007085631 59592000 10017733
0b000c01 0b00c201 10004 100 149757 2015933062 50767289 10025236
0b000201 0b00c101 10005 100 9555 2026773175 39959841 10013482
0b000001 0b00c101 10004 100 8081 2010542045 56192275 10013361
0b000401 0b00c101 10002 100 64129 2015623075 51120635 10018059
0b000d01 0b00c901 10008 100 5999 2030536811 36234124 10013182
0b000a01 0b00c701 10004 100 14121 2018496595 48282258 10013867
0b000201 0b00ca01 10003 100 11513 2010494685 56326812 10013647
0b000f01 0b00ca01 10006 100 48816 2019336478 47499787 10016773
0b000f01 0b00cb01 10007 100 70499 2028758616 38096179 10018592
0b000201 0b00ca01 10008 100 61875 2028162349 38696986 10017868
0b000601 0b00c401 10007 100 7181 2027313425 39563223 10013285
0b000701 0b00c601 10003 100 6075 2017413450 49467360 10013192
0b000001 0b00cd01 10007 100 21790 2020328881 46599264 10014507
0b000701 0b00cd01 10003 100 59735 2016862253 50081356 10017689
0b000001 0b00c801 10003 100 657906 2012594243 54356794 10067839
0b000701 0b00c801 10007 100 63135 2018503969 48481927 10017976
0b000501 0b00c101 10005 100 5668 2017265806 49732474 10013156
0b000201 0b00c901 10005 100 172408 2023892936 43118589 10027136
0b000c01 0b00c401 10001 100 626 2009031928 57985969 10012733
0b000d01 0b00c401 10010 100 436832 2019206945 47872198 10049304
0b000f01 0b00cd01 10002 100 6408 2020240473 46875741 10013219
0b000501 0b00cd01 10001 100 26077 2011031696 56085166 10014869
0b000701 0b00c301 10006 100 45679 2019589685 47554428 10016510
0b000801 0b00cd01 10007 100 712390 2013072728 54077603 10072409
0b000201 0b00c701 10000 100 1475050 2002415099 64737923 10136351
0b000801 0b00c501 10007 100 6234 2030528576 36657656 10013205
0b000801 0b00c501 10005 100 57889 2027488196 39720455 10017533
0b000201 0b00cc01 10005 100 52300 2019425288 47808820 10017067
0b000f01 0b00c401 10001 100 3113 2009406133 57887038 10012944
0b000e01 0b00c001 10005 100 53909 2008786172 58518218 10017200
0b000e01 0b00cc01 10001 100 543907 2005026711 62283969 10058281
0b000701 0b00ce01 10002 100 14657 2017760233 49554530 10013910
0b000801 0b00ce01 10002 100 69221 2009322889 58035634 10018486
0b000801 0b00c901 10008 100 19454 2030314329 37110753 10014313
0b000801 0b00ce01 10005 100 14963 2019612298 47832679 10013934
0b000101 0b00cf01 10001 100 67652 2010943756 56548486 10018353
0b000a01 0b00ca01 10005 100 15595 2009726990 57824505 10013989
0b000801 0b00cd01 10002 100 198951 2008907059 58664987 10029360
0b000a01 0b00cf01 10001 100 9353 2009818942 57846523 10013466
0b000901 0b00ca01 10010 100 44060 2030019299 37730317 10016377
0b000701 0b00c201 10008 100 5843 2028168226 39635069 10013170
0b000501 0b00c301 10006 100 9197 2018350081 49486106 10013454
0b000d01 0b00c701 10004 100 64562 2020199794 47658045 10018094
0b000501 0b00cc01 10006 100 28309 2020342977 47642208 10015056
0b000d01 0b00c301 10006 100 15599 2018975868 49106198 10013989
0b000101 0b00cd01 10003 100 187331 2007833982 60268019 10028388
0b000501 0b00c601 10003 100 192573 2018605632 49516959 10028826
0b000a01 0b00c901 10010 100 4623 2020894473 47274871 10013069
0b000d01 0b00c401 10008 100 3977 2010428427 57753728 10013013
0b000201 0b00c701 10007 100 29099 2027401065 40809184 10015123
0b000601 0b00c601 10002 100 56570 2006132635 62102957 10017424
0b000901 0b00c801 10004 100 9479 2010189583 58093674 10013476
0b000401 0b00c901 10005 100 48893 2021136487 47152048 10016779
0b000801 0b00c601 10004 100 179037 2017555623 50738377 10027694
0b000401 0b00c001 10008 100 35125 2031589732 36729874 10015628
0b000301 0b00cc01 10006 100 52803 2027860750 40505390 10017107
0b000301 0b00c101 10002 100 41605 2021558784 46859213 10016169
0b000801 0b00c901 10004 100 90442 2018841898 49581295 10020264
0b000001 0b00cf01 10001 100 27294 2011985436 56515988 10014971
0b000c01 0b00cc01 10003 100 7475 2019505039 49049222 10013308
0b000601 0b00ce01 10007 100 4341 2032334785 36231840 10013046
0b000301 0b00ce01 10003 100 8193 2019169461 49411737 10013370
0b000d01 0b00c301 10007 100 26936 2019337461 49329308 10014938
0b000301 0b00c601 10006 100 74477 2021461507 47209348 10018926
0b000401 0b00c501 10009 100 2420 2029084394 39594284 10012885
0b000c01 0b00ca01 10004 100 8730 2022181922 46502263 10013412
0b000c01 0b00c001 10004 100 3631 2010686708 58060542 10012985
0b000801 0b00c201 10005 100 63646 2019700722 49054510 10018017
0b000501 0b00c801 10005 100 10730 2022219167 46570839 10013580
0b000001 0b00ce01 10003 100 22292 2019316787 49489020 10014551
0b000501 0b00c101 10009 100 375312 2025212064 43598999 10044148
0b000001 0b00cc01 10005 100 6583 2022668216 46197866 10013233
0b000701 0b00cc01 10001 100 43250 2008050722 60853165 10016308
0b000901 0b00ce01 10004 100 371572 2015718343 53235854 10043834
0b000201 0b00ca01 10004 100 31971 2011731817 57238866 10015360
0b000601 0b00c701 10009 100 67176 2030904631 38102091 10018315
0b000701 0b00c001 10002 100 4377 2019228919 49794634 10013049
0b000601 0b00c301 10005 100 230878 2019171088 49862348 10032037
0b000c01 0b00cc01 10004 100 6787 2019875717 49160869 10013249
0b000d01 0b00cb01 10008 100 59646 2021561440 47489825 10017682
0b000b01 0b00c701 10001 100 26020 2021512245 47548660 10014865
0b000c01 0b00c201 10008 100 29217 2019585960 49486666 10015132
0b000c01 0b00cd01 10003 100 20361 2011258777 57817986 10014389
0b000d01 0b00ce01 10003 100 34471 2028667872 40488632 10015572
0b000101 0b00cc01 10001 100 31064 2009499955 59691351 10015288
0b000c01 0b00c801 10007 100 5416 2022644262 46578374 10013136
0b000201 0b00cb01 10005 100 28797 2018998821 50272230 10015095
0b000a01 0b00c101 10002 100 7366 2030671040 38612620 10013300
0b000a01 0b00cf01 10005 100 57793 2019833757 49523720 10017526
0b000d01 0b00c901 10003 100 23434 2020039373 49361686 10014646
0b000e01 0b00cf01 10012 100 9303 2022704078 46702702 10013462
0b000401 0b00c201 10008 100 20870 2032332500 37087289 10014430
0b000e01 0b00cb01 10004 100 7313 2022830556 46606530 10013295
0b000901 0b00ca01 10004 100 614 2011391231 58074785 10012732
0b000801 0b00c001 10002 100 319854 2017222338 52305641 10039497
0b000901 0b00cd01 10005 100 7181 2032725609 36834652 10013285
0b000501 0b00cb01 10003 100 22538 2008952580 60627639 10014571
0b000601 0b00c801 10009 100 9524 2023122203 46490028 10013480
0b000e01 0b00ca01 10006 100 73157 2021586693 48026787 10018816
0b000801 0b00c201 10002 100 2098970 2006880256 62807412 10188657
0b000001 0b00c501 10001 100 28110 2019908499 49788573 10015040
0b000d01 0b00c301 10003 100 25230 2011335172 58414125 10014798
0b000801 0b00c401 10004 100 41599 2022027292 47728703 10016169
0b000a01 0b00c001 10003 100 17077 2022172293 47619319 10014115
0b000001 0b00cd01 10003 100 44511 2009558868 60237000 10016413
0b000201 0b00c101 10003 100 170158 2016366140 53435495 10026949
0b000301 0b00c501 10005 100 7143 2023752734 46154386 10013282
0b000201 0b00c801 10007 100 4868 2023739630 46189841 10013088
0b000101 0b00cb01 10003 100 45105 2022994977 46977864 10016465
0b000b01 0b00cd01 10003 100 5254 2022820360 47169057 10013123
0b000601 0b00cb01 10007 100 8753 2033861873 36130443 10013414
0b000701 0b00c701 10004 100 31071 2009812383 60181093 10015288
0b000101 0b00c001 10003 100 3730 2010495553 59521126 10012993
0b000401 0b00cb01 10004 100 45124 2011889280 58133650 10016466
0b000701 0b00c801 10008 100 59284 2019686545 50349617 10017653
0b000901 0b00c501 10010 100 84930 2020302678 49745519 10019800
0b000201 0b00c201 10003 100 76114 2018463420 51612486 10019064
0b000901 0b00c601 10002 100 813073 2010215253 59872745 10080851
0b000701 0b00c301 10008 100 77257 2027819483 42274060 10019160
0b000701 0b00c801 10011 100 23987 2023141005 46985820 10014691
0b000e01 0b00c501 10006 100 33445 2020080747 50050100 10015486
0b000401 0b00c101 10007 100 27594 2029794148 40361754 10014995
0b000101 0b00cc01 10002 100 67112 2010077426 60091494 10018310
0b000701 0b00c201 10004 100 71624 2019134537 51056191 10018686
0b000f01 0b00cb01 10005 100 329765 2018262750 51956873 10040328
0b000301 0b00c201 10002 100 162533 2012575650 57650531 10026308
0b000c01 0b00c101 10004 100 32421 2012467596 57797357 10015400
0b000d01 0b00c001 10003 100 72801 2019931144 50342929 10018784
0b000b01 0b00c101 10011 100 22184 2032898155 37391121 10014543
0b000e01 0b00c101 10008 100 7971 2020964123 49330577 10013348
0b000e01 0b00c901 10004 100 2262 2021222568 49114323 10012872
0b000301 0b00c601 10005 100 25190 2020526514 49836449 10014795
0b000001 0b00c601 10007 100 26470 2020668534 49695232 10014901
0b000201 0b00ce01 10008 100 55079 2031874423 38493222 10017301
0b000101 0b00c001 10011 100 29900 2029898898 40473455 10015187
0b000601 0b00c801 10012 100 20339 2030401292 39981051 10014387
0b000f01 0b00cc01 10004 100 7446 2021230091 49177042 10013306
0b000401 0b00ca01 10002 100 10127 2010527908 59892716 10013532
0b000f01 0b00c701 10002 100 40323 2012762495 57685635 10016063
0b000a01 0b00c101 10003 100 55640 2032423179 38047299 10017346
0b000401 0b00c201 10004 100 51124 2022478709 47995590 10016969
0b000a01 0b00c401 10007 100 184 2023538728 46987650 10012698
0b000e01 0b00cf01 10011 100 148521 2020765851 49770081 10025133
0b000201 0b00cd01 10003 100 353478 2007920704 62615427 10042317
0b000501 0b00c101 10003 100 5231 2013601436 56971078 10013121
0b000c01 0b00c601 10006 100 4036 2024192434 46380629 10013022
0b000301 0b00cb01 10002 100 29141 2013937920 56648478 10015126
0b000501 0b00ca01 10000 100 927892 2006599603 64004729 10090474
0b000501 0b00c001 10002 100 28117 2012712025 57910009 10015040
0b000901 0b00c201 10005 100 77660 2020812915 49809941 10019192
0b000501 0b00cd01 10004 100 4521 2014374777 56268893 10013060
0b000801 0b00c101 10010 100 42259 2033284029 37371837 10016225
0b000e01 0b00cf01 10005 100 68913 2011376185 59285193 10018458
0b000201 0b00c801 10006 100 67665 2022054991 48638439 10018354
0b000d01 0b00c401 10009 100 17978 2012331829 58382566 10014187
0b000c01 0b00c701 10003 100 12027 2012413625 58301907 10013692
0b000401 0b00c701 10003 100 599651 2014220581 56496281 10062956
0b000701 0b00cd01 10002 100 1116271 2008035459 62691487 10106270
0b000301 0b00c501 10003 100 34057 2014118197 56626511 10015538
0b000001 0b00cd01 10006 100 367192 2020054463 50713760 10043468
0b000c01 0b00c701 10004 100 7307 2013267846 57509160 10013295
0b000501 0b00c801 10004 100 29998 2020722130 50058150 10015195
0b000701 0b00c501 10005 100 31606 2023863459 46926836 10015331
0b000301 0b00cc01 10001 100 432976 2007748541 63043322 10048980
0b000901 0b00ce01 10005 100 4623 2023785036 47075934 10013069
0b000a01 0b00c601 10005 100 21324 2023405775 47462417 10014470
0b000601 0b00cf01 10009 100 86584 2029637350 41246949 10019940
0b000b01 0b00c201 10002 100 26609 2023321816 47571673 10014912
0b000a01 0b00c401 10005 100 24383 2012781021 58170848 10014726
0b000901 0b00c501 10012 100 23732 2023777819 47187234 10014670
0b000f01 0b00cc01 10001 100 93770 2012053027 58925959 10020542
0b000f01 0b00cf01 10000 100 10100 2034546268 36437964 10013530
0b000501 0b00c401 10003 100 22658 2030706225 40291672 10014580
0b000c01 0b00ca01 10002 100 49035 2012254931 58767860 10016794
0b000501 0b00c001 10008 100 44412 2023247952 47863476 10016405
0b000801 0b00c201 10006 100 29200 2022226900 48894649 10015131
0b000d01 0b00c801 10002 100 362851 2010192029 60932806 10043102
0b000701 0b00c401 10010 100 66563 2032624112 38501914 10018262
0b000d01 0b00cb01 10007 100 35967 2021307483 49822697 10015695
0b000c01 0b00c701 10005 100 68729 2020802282 50356534 10018443
0b000901 0b00c501 10004 100 480125 2007627713 63549037 10052937
0b000b01 0b00ca01 10001 100 1287 2013384733 57796042 10012790
0b000801 0b00c101 10008 100 441566 2024792869 46389198 10049702
0b000101 0b00c001 10008 100 76081 2023648697 47552620 10019062
0b000b01 0b00c801 10006 100 7624 2024297347 46928109 10013320
0b000c01 0b00c301 10002 100 44811 2021404063 49900896 10016437
0b000201 0b00c601 10006 100 57103 2020111399 51202890 10017470
0b000f01 0b00c601 10002 100 22102 2012878993 58441971 10014536
0b000e01 0b00cc01 10011 100 13211 2031165144 40164701 10013790
0b000f01 0b00ca01 10002 100 121 2013947147 57406768 10012693
0b000a01 0b00cb01 10004 100 335029 2018672194 52718647 10040772
0b000601 0b00c701 10005 100 8750 2011665201 59737576 10013414
0b000801 0b00c401 10005 100 19481 2024073067 47382268 10014315
0b000c01 0b00c901 10006 100 70427 2021107447 50354146 10018586
0b000001 0b00c701 10003 100 45853 2011857870 59692087 10016524
0b000001 0b00cc01 10001 100 1798368 2007847697 63738682 10163457
0b000d01 0b00c201 10005 100 23989 2031226729 40386937 10014691
0b000e01 0b00ca01 10007 100 35803 2024787636 46826866 10015682
0b000201 0b00c701 10003 100 213730 2008541302 63083579 10030600
0b000701 0b00cd01 10007 100 17405 2024711144 46922362 10014141
0b000d01 0b00c501 10002 100 5530 2013327733 58326450 10013145
0b000c01 0b00ce01 10004 100 8812 2014423433 57296893 10013419
0b000601 0b00ce01 10005 100 24684 2024214784 47551647 10014750
0b000701 0b00cd01 10006 100 79778 2023639354 48132931 10019369
0b000501 0b00cf01 10002 100 34872 2015513734 56260981 10015604
0b000a01 0b00ce01 10001 100 40224 2022515209 49277324 10016055
0b000a01 0b00c201 10004 100 189177 2021524159 50292273 10028543
0b000e01 0b00cc01 10007 100 72023 2013478425 58348476 10018722
0b000f01 0b00c301 10003 100 6784 2025612504 46227359 10013249
0b000201 0b00cc01 10007 100 4198 2022090735 49768242 10013035
0b000101 0b00c701 10005 100 46244 2024956428 46946940 10016560
0b000301 0b00c301 10003 100 217416 2022134002 49805323 10030910
0b000901 0b00cb01 10003 100 129123 2023279092 48668449 10023509
0b000f01 0b00c501 10009 100 25842 2022134910 49848961 10014847
0b000601 0b00c201 10002 100 49023 2015531900 56479795 10016793
0b000101 0b00cd01 10009 100 8502 2032243116 39793081 10013394
0b000e01 0b00c801 10003 100 739218 2011432452 60679427 10074659
0b000301 0b00cc01 10002 100 14134 2015177303 56935804 10013868
0b000f01 0b00c501 10007 100 58526 2013082393 59050761 10017588
0b000501 0b00c001 10012 100 24141 2035685416 36464153 10014707
0b000a01 0b00c601 10002 100 17751 2014292843 57885531 10014169
0b000f01 0b00c901 10008 100 65646 2033901650 38335892 10018185
0b000f01 0b00c501 10011 100 832 2023015529 49245515 10012750
0b000e01 0b00cb01 10003 100 63573 2021496820 50774478 10018011
0b000101 0b00c701 10004 100 88307 2021367981 50929486 10020086
0b000601 0b00c301 10010 100 35113 2034749452 37572077 10015627
0b000c01 0b00c101 10006 100 44623 2025756039 46637269 10016422
0b000901 0b00c901 10007 100 21936 2033498151 38942338 10014519
0b000301 0b00c401 10004 100 195255 2011893306 60557605 10029053
0b000601 0b00cc01 10003 100 31071 2031871761 40589093 10015288
0b000401 0b00cf01 10006 100 469 2026194647 46333167 10012721
0b000601 0b00c001 10007 100 57833 2025032872 47637938 10017529
0b000101 0b00cd01 10002 100 3945487 2005000898 67706920 10343471
0b000601 0b00c001 10002 100 687452 2007983499 64734991 10070318
0b000e01 0b00cd01 10002 100 19523 2022961399 49766024 10014318
0b000601 0b00ca01 10004 100 28562 2032737942 39998550 10015076
0b000701 0b00cf01 10004 100 33678 2022117006 50627203 10015504
0b000801 0b00c101 10002 100 1924223 2010106352 62691627 10174009
0b000c01 0b00c601 10004 100 55101 2015161256 57645305 10017303
0b000b01 0b00c101 10012 100 49036 2033334330 39540545 10016794
0b000101 0b00cb01 10002 100 15261 2013410898 59474875 10013962
0b000e01 0b00cd01 10003 100 6965 2023496387 49407216 10013264
0b000a01 0b00c601 10003 100 28783 2014593595 58310085 10015094
0b000b01 0b00c301 10007 100 1787 2024496720 48431825 10012830
0b000101 0b00c901 10003 100 9696 2023212974 49735260 10013494
0b000f01 0b00c301 10009 100 26049 2036142588 36864230 10014867
0b000201 0b00c601 10009 100 28188 2025488429 47520675 10015046
0b000f01 0b00c601 10004 100 60586 2015292126 57720395 10017761
0b000f01 0b00c701 10003 100 79912 2015162306 57893848 10019380
0b000001 0b00c501 10004 100 52771 2026035461 47032883 10017105
0b000601 0b00c401 10004 100 1038241 2010822325 62247656 10099729
0b000501 0b00c201 10004 100 171148 2023311561 49763083 10027032
0b000401 0b00ce01 10004 100 585233 2016569673 56511522 10061748
0b000801 0b00c501 10004 100 40193 2023941869 49166089 10016052
0b000b01 0b00c001 10001 100 7876 2015149243 57959274 10013340
0b000701 0b00c601 10006 100 181413 2021590237 51533953 10027891
0b000f01 0b00ca01 10008 100 24870 2026561941 46582870 10014765
0b000801 0b00c001 10004 100 19810 2024481349 48715827 10014341
0b000a01 0b00c501 10002 100 344557 2019968194 53233300 10041569
0b000401 0b00c901 10007 100 4311 2033354591 39861122 10013044
0b000401 0b00c801 10001 100 27092 2023563526 49705494 10014954
0b000301 0b00c401 10003 100 646598 2011722570 61589706 10066892
0b000d01 0b00cc01 10006 100 4793 2027222682 46116302 10013082
0b000201 0b00c801 10004 100 311805 2008388083 64965563 10038822
0b000301 0b00ca01 10003 100 188452 2020648849 52721507 10028481
0b000901 0b00c101 10004 100 228137 2011764734 61627371 10031810
0b000101 0b00cf01 10003 100 7267 2014051902 59366287 10013292
0b000901 0b00c101 10010 100 6959 2034576871 38847074 10013263
0b000d01 0b00c201 10002 100 42140 2014523281 58903669 10016216
0b000401 0b00c901 10006 100 8196 2027121672 46318600 10013370
0b000d01 0b00c101 10002 100 1297626 2010669748 62815901 10121474
0b000901 0b00cc01 10002 100 264 2026727430 46884974 10012704
0b000001 0b00c901 10004 100 23582 2016546014 57067134 10014658
0b000b01 0b00cd01 10004 100 2304 2026767105 46850986 10012875
0b000101 0b00c201 10002 100 28231 2014319069 59299601 10015049
0b000001 0b00c301 10003 100 13442 2023683641 49964219 10013809
0b000d01 0b00c101 10003 100 13478 2016429125 57253701 10013812
0b000d01 0b00c601 10006 100 432590 2017666794 56023647 10048949
0b000401 0b00c601 10006 100 63066 2035635466 38074133 10017971
0b000001 0b00c901 10006 100 7537 2023895800 49819120 10013313
0b000301 0b00c401 10002 100 1616947 2008802377 64917988 10148245
0b000201 0b00c601 10007 100 25992 2023323348 50480628 10014859
0b000b01 0b00c901 10004 100 138085 2014590564 59216217 10024260
0b000801 0b00cf01 10002 100 1560 2025283670 48527347 10012812
0b000c01 0b00c401 10003 100 801339 2013988835 59854136 10079866
0b000a01 0b00cc01 10006 100 10189 2036790748 37055464 10013537
0b000901 0b00c301 10004 100 23509 2015432421 58424380 10014652
0b000501 0b00ce01 10005 100 8671 2024368717 49519943 10013408
0b000701 0b00c601 10007 100 3610 2024582168 49360243 10012984
0b000901 0b00c601 10003 100 27387 2015679806 58267852 10014978
0b000701 0b00c301 10005 100 1911 2017616580 56351506 10012840
0b000501 0b00ca01 10002 100 20573 2013816541 60153148 10014406
0b000901 0b00c201 10004 100 252 2016154853 57857264 10012704
0b000c01 0b00c501 10002 100 66022 2023623398 50405685 10018219
0b000a01 0b00cf01 10003 100 72603 2015607596 58446702 10018768
0b000c01 0b00c001 10008 100 46798 2023953650 50101552 10016604
0b000501 0b00c301 10003 100 37350 2013483283 60577270 10015813
0b000001 0b00c601 10003 100 52370 2014109192 59973965 10017073
0b000701 0b00c401 10008 100 76693 2017102527 57026066 10019111
0b000401 0b00c801 10005 100 46804 2033469017 40716714 10016604
0b000e01 0b00c601 10003 100 84379 2026137155 48084516 10019756
0b000001 0b00c901 10002 100 1819560 2012033905 62217954 10165233
0b000d01 0b00ca01 10002 100 47314 2016860852 57425736 10016649
0b000f01 0b00c101 10009 100 987 2034769849 39564334 10012762
0b000a01 0b00c001 10004 100 68533 2024777059 49597802 10018427
0b000f01 0b00c301 10002 100 44827 2023861521 50535100 10016438
0b000d01 0b00c801 10003 100 48219 2015368005 59049908 10016725
0b000d01 0b00c701 10001 100 2787377 2005681497 68745977 10246376
0b000801 0b00cc01 10008 100 9591 2027414804 47028904 10013485
0b000e01 0b00ce01 10008 100 45379 2036918324 37525854 10016486
0b000801 0b00c601 10002 100 22475 2016394769 58070872 10014566
0b000201 0b00ce01 10006 100 64592 2026041144 48452187 10018096
0b000401 0b00c201 10007 100 174065 2030983371 43527392 10027277
0b000701 0b00c601 10010 100 24522 2027729835 46809306 10014737
0b000301 0b00c601 10008 100 7465 2028475402 46100564 10013307
0b000801 0b00cd01 10008 100 26913 2016580746 58019560 10014936
0b000101 0b00c301 10004 100 8527 2028481386 46134903 10013396
0b000901 0b00c001 10005 100 31592 2016221947 58401011 10015330
0b000901 0b00c501 10014 100 15904 2025824813 48859748 10014013
0b000501 0b00c801 10007 100 22350 2038089182 36605821 10014556
0b000301 0b00cb01 10004 100 66884 2015443273 59293372 10018288
0b000401 0b00ce01 10006 100 27811 2028130963 46616762 10015012
0b000e01 0b00c001 10006 100 9918 2016035089 58717144 10013511
0b000c01 0b00c301 10003 100 29293 2024830790 50009457 10015138
0b000001 0b00c901 10007 100 8481 2028681082 46190298 10013393
0b000c01 0b00c901 10004 100 9635 2017853038 57036355 10013489
0b000101 0b00c101 10003 100 1499797 2012856456 62062737 10138423
0b000201 0b00ca01 10007 100 14389 2024589643 50330918 10013888
0b000401 0b00cc01 10006 100 32327 2034678695 40250231 10015392
0b000401 0b00c001 10004 100 130122 2017366831 57572258 10023592
0b000601 0b00c801 10010 100 9004 2025175560 49768866 10013438
0b000b01 0b00cf01 10004 100 76907 2026719511 48271404 10019128
0b000501 0b00c001 10009 100 48007 2025226335 49802120 10016708
0b000201 0b00cc01 10001 100 23249 2015088914 59951347 10014632
0b000b01 0b00c301 10004 100 5403 2017307467 57760555 10013135
0b000901 0b00c701 10003 100 68185 2016135466 58937565 10018399
0b000901 0b00c001 10006 100 28608 2016892765 58225098 10015080
0b000f01 0b00c101 10007 100 171963 2033625478 41573217 10027097
0b000f01 0b00cb01 10008 100 421 2028933755 46272317 10012717
0b000501 0b00cc01 10009 100 2886 2035519970 39694189 10012922
0b000301 0b00c001 10002 100 51726 2024841730 50392966 10017017
0b000901 0b00ca01 10009 100 1161 2028554326 46682696 10012780
0b000901 0b00c501 10008 100 5233 2017113909 58127959 10013121
0b000301 0b00cf01 10005 100 4908 2025607472 49638677 10013091
0b000b01 0b00c301 10010 100 23577 2028294187 46965518 10014658
0b000001 0b00c201 10003 100 671859 2021951387 53341404 10069009
0b000a01 0b00cb01 10008 100 24280 2035963456 39376574 10014718
0b000601 0b00ce01 10008 100 36586 2034036015 41310770 10015748
0b000801 0b00cf01 10001 100 399188 2014094941 61256498 10046151
0b000e01 0b00c801 10006 100 9604 2028912581 46445533 10013486
0b000101 0b00c501 10007 100 5461 2029153913 46227657 10013139
0b000601 0b00cb01 10005 100 13597 2028838442 46544108 10013821
0b000501 0b00c201 10002 100 7179 2019017555 56369386 10013285
0b000001 0b00cc01 10008 100 73557 2027827144 47570570 10018848
0b000601 0b00cf01 10006 100 18415 2017689820 57729871 10014226
0b000e01 0b00c801 10007 100 16122 2029003621 46416936 10014035
0b000f01 0b00ce01 10005 100 25737 2025083938 50369116 10014838
0b000401 0b00ce01 10007 100 2809 2029337627 46134793 10012916
0b000101 0b00c001 10005 100 754897 2017138393 58413519 10075970
0b000b01 0b00c401 10006 100 123329 2033957006 41654781 10023022
0b000501 0b00c001 10005 100 8535 2019243974 56413407 10013397
0b000f01 0b00c901 10010 100 23608 2038499716 37173557 10014660
0b000201 0b00cc01 10010 100 33318 2028222551 47498567 10015476
0b000a01 0b00c601 10007 100 1556 2028936343 46791378 10012812
0b000701 0b00c701 10008 100 4316 2015832506 59931348 10013044
0b000501 0b00c601 10006 100 32685 2025841725 49942989 10015421
0b000401 0b00c801 10007 100 2108 2039595439 36242211 10012860
0b000601 0b00c201 10005 100 28899 2038615304 37247622 10015103
0b000201 0b00ce01 10000 100 1060490 2004948136 70918167 10101593
0b000f01 0b00cb01 10006 100 27954 2018650558 57284394 10015023
0b000f01 0b00c201 10008 100 31180 2035283457 40680062 10015297
0b000201 0b00c301 10008 100 60953 2033364510 42606854 10017790
0b000e01 0b00cf01 10006 100 73372 2015975721 60072062 10018833
0b000b01 0b00c301 10009 100 30307 2027090433 49000276 10015223
0b000d01 0b00cc01 10005 100 23137 2025917379 50198636 10014623
0b000601 0b00c001 10006 100 26325 2019565888 56589986 10014889
0b000901 0b00c801 10008 100 4635 2029604589 46564589 10013070
0b000901 0b00ca01 10006 100 993 2018379509 57804084 10012763
0b000001 0b00c801 10004 100 69311 2016370175 59814391 10018493
0b000901 0b00c201 10007 100 1145 2027676265 48559631 10012779
0b000f01 0b00c501 10010 100 169628 2022974376 53272493 10026903
0b000f01 0b00c101 10006 100 440 2026714260 49551341 10012719
0b000701 0b00cf01 10002 100 61998 2015433754 60839620 10017877
0b000101 0b00c801 10000 100 1925907 2009960990 66360837 10174148
0b000301 0b00ce01 10004 100 54980 2025959547 50402595 10017289
0b000601 0b00c401 10006 100 76590 2025998390 50404702 10019102
0b000901 0b00c001 10000 100 3228961 2001958103 74452207 10283396
0b000801 0b00cf01 10005 100 63590 2038082478 38340362 10018012
0b000601 0b00c901 10008 100 182365 2032738263 43730690 10027971
0b000b01 0b00c101 10015 100 14162 2039443680 37039485 10013870
0b000a01 0b00c801 10003 100 3008 2027965786 48558820 10012936
0b000e01 0b00c701 10002 100 243258 2014859244 61668611 10033077
0b000c01 0b00c201 10006 100 10064 2017483175 59071295 10013527
0b000d01 0b00c001 10002 100 38413 2019229237 57355790 10015902
0b000801 0b00c901 10007 100 57046 2027170968 49458908 10017466
0b000101 0b00cf01 10004 100 804472 2015480183 61154814 10080128
0b000a01 0b00c601 10004 100 13697 2018356145 58281424 10013829
0b000201 0b00cb01 10006 100 590 2020234632 56409898 10012731
0b000901 0b00cf01 10010 100 29966 2029336772 47315570 10015192
0b000e01 0b00c901 10008 100 38515 2036008476 40731519 10015910
0b000201 0b00c101 10006 100 73938 2027740838 49019061 10018879
0b000901 0b00ce01 10008 100 19015 2029743735 47034466 10014278
0b000101 0b00cb01 10004 100 47586 2029699474 47157842 10016671
0b000f01 0b00c301 10012 100 2558 2040598888 36278310 10012896
0b000b01 0b00ce01 10006 100 48608 2027593127 49340791 10016756
0b000d01 0b00c301 10009 100 1703 2027248354 49702112 10012823
0b000e01 0b00c501 10011 100 23597 2040024256 36949595 10014659
0b000001 0b00c701 10006 100 31273 2017546523 59429419 10015304
0b000901 0b00c201 10008 100 7362 2029996389 46979944 10013299
0b000301 0b00c301 10002 100 93549 2019582830 57395272 10020524
0b000701 0b00ca01 10003 100 32310 2029991106 47006976 10015391
0b000801 0b00c801 10002 100 1707 2030236235 46822647 10012824
0b000401 0b00cf01 10009 100 21764 2036609610 40466057 10014505
0b000c01 0b00c701 10009 100 47508 2030080724 46997209 10016664
0b000801 0b00c901 10001 100 591733 2013494118 63586463 10062291
0b000f01 0b00c901 10009 100 76774 2038138465 38955366 10019117
0b000c01 0b00c601 10011 100 2906 2037374504 39726604 10012924
0b000e01 0b00c601 10002 100 2193 2020345906 56785886 10012866
0b000601 0b00cd01 10001 100 742951 2011841192 65346267 10074969
0b000a01 0b00c301 10012 100 8455 2040242353 36952255 10013390
0b000f01 0b00cc01 10005 100 210183 2022862562 54332444 10030304
0b000201 0b00c101 10004 100 54123 2019439444 57821828 10017221
0b000f01 0b00ce01 10006 100 12791 2027418119 49889956 10013753
0b000401 0b00c401 10001 100 59988 2019959007 57359684 10017709
0b000c01 0b00c201 10011 100 21738 2027410017 49912677 10014503
0b000801 0b00cd01 10009 100 773111 2017801631 59524893 10077501
0b000901 0b00ca01 10005 100 153395 2016819105 60565666 10025542
0b000a01 0b00cf01 10007 100 198662 2033410348 43980510 10029337
0b000f01 0b00c201 10011 100 7405 2040907633 36491113 10013303
0b000901 0b00ce01 10009 100 2485 2030755760 46652582 10012890
0b000501 0b00c601 10004 100 25957 2019657002 57773175 10014856
0b000b01 0b00ce01 10004 100 401391 2024257335 53231345 10046334
0b000a01 0b00ca01 10009 100 36041 2039617332 37878491 10015705
0b000f01 0b00c001 10011 100 58362 2035802864 41693717 10017575
0b000401 0b00c601 10005 100 15879 2027916746 49582883 10014011
0b000901 0b00c701 10006 100 16434 2019964744 57580009 10014060
0b000901 0b00ca01 10012 100 2604 2040824703 36740075 10012899
0b000501 0b00c501 10003 100 4413 2028114775 49459756 10013052
0b000701 0b00ca01 10002 100 5020 2028077419 49510803 10013104
0b000001 0b00cc01 10007 100 16477 2027697751 49890800 10014063
0b000501 0b00c701 10000 100 58807 2017568309 60021847 10017611
0b000001 0b00c301 10006 100 77918 2029637187 47957721 10019212
0b000d01 0b00cb01 10003 100 7490 2018621866 58991009 10013309
0b000501 0b00c401 10002 100 44836 2030100693 47530318 10016439
0b000d01 0b00c701 10006 100 58048 2029975702 47659164 10017550
0b000401 0b00c001 10007 100 67185 2030459994 47175247 10018315
0b000101 0b00cc01 10004 100 131967 2016787968 60853197 10023744
0b000b01 0b00c301 10011 100 29654 2028694137 48966134 10015167
0b000d01 0b00c001 10008 100 11638 2037672376 40007168 10013657
0b000b01 0b00c801 10007 100 189015 2036582044 41130291 10028530
0b000901 0b00c101 10011 100 67676 2039396791 38315937 10018355
0b000801 0b00c101 10004 100 1653683 2011900513 65839111 10151326
0b000e01 0b00c501 10012 100 241 2041549772 36239206 10012703
0b000f01 0b00c301 10010 100 6362 2037946493 39849594 10013215
0b000c01 0b00c501 10005 100 24227 2037485382 40325254 10014714
0b000701 0b00c001 10008 100 38903 2037138065 40739096 10015942
0b000901 0b00c801 10009 100 56943 2030157618 47778233 10017454
0b000601 0b00c401 10010 100 60699 2040172613 37779080 10017770
0b000801 0b00cd01 10011 100 37588 2030457268 47502365 10015832
0b000701 0b00c301 10010 100 75898 2038921568 39069769 10019043
0b000501 0b00cd01 10005 100 23082 2018502980 59510125 10014618
0b000d01 0b00cd01 10003 100 57764 2030644000 47400641 10017523
0b000d01 0b00c301 10014 100 2815 2041756486 36302534 10012916
0b000c01 0b00c201 10012 100 28071 2031531810 46592713 10015037
0b000b01 0b00ca01 10008 100 6306 2038890523 39235919 10013211
0b000a01 0b00c301 10007 100 5932 2020867194 57310291 10013177
0b000201 0b00c501 10005 100 126182 2036703076 41490052 10023262
0b000b01 0b00cb01 10005 100 65674 2020060571 58138317 10018187
0b000301 0b00cc01 10005 100 69170 2020834245 57540979 10018482
0b000501 0b00c701 10001 100 79087 2027003521 51378378 10019314
0b000d01 0b00cd01 10002 100 42996 2027684369 50701451 10016284
0b000e01 0b00cd01 10001 100 74554 2020071091 58318734 10018932
0b000401 0b00c501 10007 100 153848 2018599163 59793917 10025579
0b000201 0b00c301 10004 100 20605 2021583418 56856147 10014409
0b000201 0b00ca01 10006 100 3841 2022117850 56322243 10013002
0b000001 0b00c201 10006 100 142094 2025776725 52664026 10024596
0b000f01 0b00c901 10013 100 46452 2040604538 37848122 10016576
0b000901 0b00c401 10003 100 54976 2019215586 59244537 10017289
0b000801 0b00c601 10006 100 15498 2029561086 48900287 10013981
0b000801 0b00ce01 10007 100 60063 2028763233 49755284 10017719
0b000001 0b00c101 10011 100 29875 2041809381 36788218 10015185
0b000301 0b00ce01 10002 100 21617 2018999425 59603602 10014493
0b000601 0b00c501 10003 100 20181 2028212551 50410159 10014375
0b000601 0b00c101 10006 100 42131 2027479000 51145184 10016215
0b000501 0b00c801 10002 100 2410 2019138293 59489690 10012884
0b000601 0b00cf01 10005 100 33417 2017190284 61452356 10015483
0b000601 0b00c901 10006 100 4589 2032420044 46226898 10013066
0b000601 0b00c501 10001 100 42425 2017045099 61632825 10016239
0b000301 0b00c201 10004 100 277711 2018827731 59909782 10035964
0b000101 0b00c601 10004 100 76480 2021482778 57261893 10019094
0b000201 0b00c001 10003 100 3515 2022596313 56170553 10012976
0b000901 0b00cd01 10004 100 50960 2029307354 49476663 10016952
0b000801 0b00ca01 10005 100 29934 2020238426 58558986 10015189
0b000801 0b00c901 10006 100 477086 2022497727 56303170 10052682
0b000701 0b00c101 10006 100 3985 2032451996 46355884 10013014
0b000f01 0b00ce01 10007 100 39002 2028120919 50708524 10015953
0b000d01 0b00ca01 10003 100 81744 2030708317 48126253 10019534
0b000501 0b00c501 10005 100 6669 2032702879 46139127 10013240
0b000901 0b00c601 10007 100 97484 2030698255 48163857 10020855
0b000801 0b00c901 10009 100 2626 2032295174 46571683 10012901
0b000c01 0b00c701 10010 100 32463 2031951123 46923995 10015403
0b000601 0b00c801 10013 100 30062 2032101754 46774596 10015204
0b000f01 0b00c401 10002 100 54527 2031165420 47724524 10017253
0b000001 0b00c901 10010 100 4437 2032688527 46202770 10013054
0b000a01 0b00c901 10008 100 1378857 2014546594 64404553 10128283
0b000501 0b00cc01 10007 100 246 2022584569 56410611 10012703
0b000b01 0b00c301 10016 100 1631 2039863104 39151416 10012818
0b000901 0b00ca01 10011 100 134616 2038535348 40481821 10023967
0b000501 0b00c901 10003 100 311612 2026342013 52732819 10038807
0b000101 0b00c501 10004 100 28494 2019389663 59701457 10015070
0b000c01 0b00c001 10006 100 125104 2018304511 60805099 10023172
0b000a01 0b00cc01 10002 100 1259001 2007854915 71256834 10118238
0b000501 0b00cf01 10009 100 29348 2039091151 40021692 10015143
0b000e01 0b00cf01 10016 100 68883 2027742711 51449338 10018455
0b000d01 0b00c201 10003 100 8683 2019966844 59233187 10013409
0b000901 0b00cf01 10003 100 835706 2009528439 69698851 10082746
0b000101 0b00c701 10003 100 49130 2019199502 60051225 10016802
0b000701 0b00c801 10014 100 11609 2042504640 36759512 10013654
0b000601 0b00c901 10004 100 56120 2028024645 51243250 10017388
0b000001 0b00c801 10007 100 21592 2032941672 46342982 10014491
0b000f01 0b00c901 10007 100 309887 2032240370 47065533 10038661
0b000401 0b00c101 10014 100 30206 2042310896 36998434 10015215
0b000b01 0b00cc01 10004 100 6174 2020803200 58509125 10013200
0b000901 0b00ce01 10007 100 111704 2028913476 50417954 10022046
0b000601 0b00c701 10008 100 74745 2027611895 51720367 10018947
0b000001 0b00cf01 10006 100 70284 2028197234 51241015 10018575
0b000901 0b00c601 10004 100 224250 2017132002 62361987 10031484
0b000901 0b00cf01 10011 100 19754 2030692214 48813932 10014337
0b000301 0b00c401 10013 100 65564 2041666273 37843600 10018178
0b000401 0b00c101 10008 100 49158 2031816404 47705386 10016804
0b000c01 0b00c501 10001 100 7736 2023092682 56452939 10013329
0b000801 0b00ce01 10008 100 44137 2031968367 47610372 10016383
0b000401 0b00c901 10004 100 7561 2020087150 59492387 10013315
0b000801 0b00c001 10003 100 42091 2020676261 58921375 10016212
0b000401 0b00cf01 10007 100 2691 2029970393 49655286 10012906
0b000001 0b00c201 10004 100 27234 2023270225 56395202 10014966
0b000a01 0b00cd01 10007 100 192683 2028578534 51094549 10028835
0b000f01 0b00c801 10003 100 172972 2025553522 54123201 10027182
0b000301 0b00cd01 10006 100 70338 2038516278 41183551 10018579
0b000001 0b00c501 10009 100 6239 2043364808 36341558 10013206
0b000d01 0b00c401 10016 100 8780 2043441597 36286975 10013416
0b000c01 0b00cf01 10002 100 147402 2029976476 49802515 10025040
0b000b01 0b00c901 10006 100 495828 2017444821 62346290 10054250
0b000801 0b00cb01 10004 100 47872 2030349186 49466383 10016694
0b000c01 0b00ca01 10007 100 67230 2028431917 51384030 10018319
0b000601 0b00c801 10015 100 27406 2039767734 40069009 10014980
0b000801 0b00cd01 10010 100 10080 2022450142 57418976 10013528
0b000d01 0b00c601 10004 100 1572239 2010361512 69519354 10144499
0b000901 0b00c901 10004 100 68823 2021617444 58276810 10018450
0b000401 0b00c401 10002 100 13551 2042883767 37013824 10013817
0b000301 0b00c401 10008 100 21097 2023551175 56349364 10014452
0b000a01 0b00c501 10003 100 74131 2020242862 59666093 10018898
0b000501 0b00cc01 10011 100 35021 2039390880 40522937 10015619
0b000001 0b00cd01 10008 100 5024 2020497393 59452304 10013104
0b000001 0b00c401 10006 100 2801 2033862887 46101204 10012915
0b000e01 0b00c801 10008 100 8914 2033767920 46200585 10013427
0b000201 0b00c101 10011 100 8346 2043510498 36519318 10013382
0b000d01 0b00c601 10008 100 38489 2023053847 56984914 10015908
0b000f01 0b00c001 10012 100 77611 2037454252 42604661 10019188
0b000701 0b00cf01 10005 100 5239 2023560529 56510094 10013122
0b000601 0b00c801 10005 100 1081243 2016444179 63722117 10103334
0b000b01 0b00ca01 10007 100 190762 2038750567 41438993 10028674
0b000001 0b00c701 10008 100 22027 2030025133 50222648 10014530
0b000c01 0b00c201 10013 100 9977 2033990053 46279299 10013516
0b000701 0b00c401 10009 100 3475 2030548825 49722814 10012973
0b000401 0b00c101 10006 100 49898 2029133428 51171468 10016863
0b000701 0b00cb01 10004 100 27230 2020689448 59655509 10014965
0b000b01 0b00ce01 10008 100 3796 2031777947 48567857 10012999
0b000e01 0b00ca01 10005 100 185 2021288354 59065024 10012698
0b000701 0b00c701 10016 100 6886 2043709290 36677699 10013257
0b000901 0b00c501 10009 100 906590 2017761601 62629091 10088690
0b000d01 0b00c501 10004 100 7640 2034122202 46270860 10013321
0b000801 0b00ce01 10009 100 558 2033536144 46859732 10012728
0b000801 0b00cb01 10002 100 6485 2021841579 58563194 10013225
0b000b01 0b00ce01 10007 100 59913 2030835173 49613058 10017703
0b000701 0b00c901 10006 100 25512 2030255475 50215533 10014820
0b000801 0b00cf01 10006 100 29084 2040478897 39999108 10015121
0b000a01 0b00c101 10004 100 8016 2033457084 47040920 10013355
0b000b01 0b00cc01 10007 100 52317 2030996717 49526419 10017068
0b000f01 0b00cc01 10009 100 35694 2033630480 46893480 10015673
0b000101 0b00cd01 10004 100 1321260 2014541867 66021583 10123457
0b000f01 0b00c201 10006 100 7576 2024137735 56448467 10013316
0b000701 0b00cf01 10007 100 8246 2040675785 39957670 10013374
0b000401 0b00c701 10004 100 22212 2034090786 46559012 10014545
0b000801 0b00c001 10008 100 9624 2033690367 46986881 10013488
0b000e01 0b00cd01 10004 100 9785 2024298941 56432142 10013501
0b000501 0b00cb01 10005 100 65524 2022707950 58190547 10018175
0b000001 0b00c801 10009 100 32714 2033905921 47001537 10015423
0b000201 0b00cd01 10009 100 3081 2044633063 36283388 10012941
0b000c01 0b00c001 10011 100 67238 2033422014 47633304 10018320
0b000501 0b00c401 10004 100 22020 2034132447 46930618 10014529
0b000301 0b00c301 10005 100 42373 2030618920 50458597 10016234
0b000901 0b00c201 10006 100 7242 2022530705 58550736 10013290
0b000201 0b00c901 10006 100 23400 2024096601 57013540 10014644
0b000a01 0b00c201 10005 100 329817 2025401474 55719441 10040332
0b000401 0b00c801 10006 100 22804 2034672943 46459816 10014592
0b000a01 0b00c701 10005 100 58394 2021512893 59623281 10017578
0b000a01 0b00c101 10008 100 81116 2042187656 38961240 10019484
0b000901 0b00c201 10010 100 170305 2039567739 41589246 10026961
0b000101 0b00cd01 10007 100 31182 2024560355 56615561 10015297
0b000701 0b00c201 10006 100 22131 2021274501 59916678 10014538
0b000501 0b00ca01 10005 100 69402 2019973974 61274268 10018500
0b000201 0b00cb01 10007 100 39780 2020545085 60714572 10016016
0b000801 0b00c501 10006 100 181146 2029185823 52107332 10027870
0b000a01 0b00c801 10004 100 20372 2032517138 48862702 10014390
0b000101 0b00c301 10002 100 77587 2020752229 60643433 10019186
0b000b01 0b00ca01 10004 100 93934 2023037654 58363768 10020555
0b000501 0b00c101 10008 100 28366 2024425354 56981481 10015060
0b000701 0b00ca01 10004 100 6877 2035139175 46276474 10013257
0b000501 0b00cb01 10004 100 149362 2019189711 62264850 10025204
0b000d01 0b00c901 10010 100 9771 2035332572 46129900 10013500
0b000e01 0b00c901 10006 100 68210 2033587542 47890557 10018401
0b000a01 0b00c301 10009 100 63896 2033251812 48232896 10018037
0b000501 0b00c001 10016 100 2888 2044971434 36514276 10012922
0b000801 0b00c401 10007 100 5145 2034501344 47001039 10013114
0b000101 0b00c101 10010 100 615 2035538429 46006309 10012733
0b000e01 0b00c101 10011 100 27469 2031058330 50486967 10014985
0b000001 0b00c801 10006 100 784204 2025575809 55972905 10078430
0b000c01 0b00c301 10005 100 61678 2034110778 47472152 10017852
0b000101 0b00cf01 10009 100 23253 2041058923 40525874 10014632
0b000c01 0b00c201 10014 100 14593 2035349157 46246398 10013905
0b000a01 0b00c901 10015 100 64558 2033446355 48166642 10018094
0b000101 0b00cf01 10007 100 96346 2033056209 48583491 10020760
0b000001 0b00c101 10013 100 42632 2044506285 37262171 10016255
0b000701 0b00c701 10012 100 12798 2031572543 50203391 10013753
0b000401 0b00cf01 10010 100 173536 2037791254 44010089 10027231
0b000801 0b00ca01 10010 100 4625 2045224156 36579937 10013069
0b000301 0b00c401 10010 100 48268 2030919439 50888114 10016729
0b000501 0b00c801 10006 100 57529 2034541826 47301582 10017505
0b000201 0b00c201 10004 100 99967 2021839833 60112095 10021061
0b000801 0b00ca01 10009 100 170569 2031735986 50226144 10026982
0b000a01 0b00cf01 10009 100 77865 2043116468 38849565 10019208
0b000101 0b00c001 10007 100 268526 2021137704 60867805 10035195
0b000501 0b00cb01 10009 100 56937 2031405519 50605935 10017453
0b000101 0b00c101 10011 100 3649 2045646995 36370565 10012987
0b000b01 0b00c901 10009 100 174805 2038240569 43822027 10027336
0b000801 0b00c001 10006 100 141068 2032476299 49605127 10024510
0b000201 0b00cc01 10011 100 60461 2030158489 51942888 10017751
0b000301 0b00c401 10007 100 42279 2021693137 60427310 10016227
0b000501 0b00c001 10011 100 26429 2035647807 46488674 10014898
0b000501 0b00ce01 10004 100 62110 2022057617 60127570 10017890
0b000101 0b00ca01 10004 100 181534 2031215749 51018767 10027901
0b000101 0b00ce01 10012 100 27820 2035376751 46858466 10015013
0b000f01 0b00c701 10004 100 239313 2018903063 63336483 10032746
0b000601 0b00ca01 10005 100 30278 2034465662 47781117 10015221
0b000301 0b00c601 10007 100 21691 2026054799 56211659 10014499
0b000301 0b00c701 10007 100 20946 2035630443 46645273 10014436
0b000301 0b00c801 10005 100 9399 2035925283 46350467 10013470
0b000601 0b00c801 10011 100 20332 2025329058 56982125 10014387
0b000f01 0b00c001 10010 100 35150 2034926936 47410176 10015630
0b000f01 0b00c601 10008 100 11430 2032187635 50185735 10013640
0b000301 0b00c001 10004 100 54663 2025745276 56628936 10017264
0b000f01 0b00c801 10006 100 13614 2036088686 46303003 10013822
0b000501 0b00ca01 10009 100 8488 2036102307 46302820 10013393
0b000801 0b00c101 10007 100 208900 2022337400 60087792 10030194
0b000e01 0b00c901 10007 100 49970 2034997150 47432036 10016869
0b000601 0b00ce01 10006 100 34919 2025264696 57198137 10015607
0b000e01 0b00c901 10005 100 1365 2026443913 56069396 10012796
0b000001 0b00c901 10009 100 70564 2031340258 51225357 10018597
0b000b01 0b00c101 10016 100 43421 2041912921 40684997 10016322
0b000b01 0b00c401 10004 100 21099 2023746088 58894208 10014452
0b000801 0b00c901 10010 100 217065 2039883484 42759120 10030882
0b000f01 0b00ca01 10009 100 9308 2032765157 49880823 10013463
0b000501 0b00c001 10010 100 9540 2026207213 56453042 10013481
0b000301 0b00c701 10006 100 74875 2035028570 47632386 10018958
0b000801 0b00c001 10005 100 14519 2025695110 56977552 10013899
0b000e01 0b00c401 10005 100 26248 2032535267 50179709 10014883
0b000f01 0b00c401 10003 100 4791 2036554746 46174630 10013082
0b000601 0b00ca01 10002 100 60853 2025460461 57308429 10017782
0b000a01 0b00ce01 10003 100 34364 2035172065 47639555 10015563
0b000901 0b00c101 10015 100 52805 2041845565 40971041 10017107
0b000d01 0b00c901 10011 100 17747 2036413231 46440965 10014168
0b000701 0b00c101 10005 100 27447 2031948143 50959030 10014983
0b000801 0b00c301 10002 100 9252 2024282137 58627457 10013458
0b000b01 0b00c301 10006 100 57619 2023588419 59333711 10017512
0b000b01 0b00ca01 10003 100 678432 2022674834 60270424 10069561
0b000901 0b00cf01 10013 100 9895 2034236309 48710830 10013510
0b000001 0b00c401 10010 100 81139 2044623913 38404222 10019486
0b000c01 0b00c101 10007 100 172219 2029022632 54017272 10027121
0b000d01 0b00c901 10015 100 38228 2045576834 37470224 10015888
0b000f01 0b00c401 10006 100 13458 2046300490 36771100 10013810
0b000b01 0b00c801 10005 100 888690 2021233560 61854471 10087188
0b000301 0b00cd01 10003 100 3594 2027170304 56000148 10012982
0b000c01 0b00c001 10012 100 198095 2037107384 46074460 10029291
0b000a01 0b00cf01 10008 100 61998 2035000838 48212211 10017877
0b000901 0b00cb01 10007 100 22324 2034152869 49067377 10014554
0b000601 0b00c001 10015 100 5896 2046540121 36681407 10013174
0b000001 0b00c801 10008 100 1654 2033397385 49848647 10012820
0b000e01 0b00cd01 10008 100 163377 2041466827 41797451 10026379
0b000901 0b00c001 10008 100 40092 2033701146 49598772 10016044
0b000c01 0b00c201 10010 100 2951 2027281254 56023304 10012927
0b000b01 0b00c101 10013 100 1220 2036822717 46483521 10012785
0b000901 0b00cc01 10005 100 5563 2034545476 48767901 10013148
0b000601 0b00c501 10002 100 182254 2023249416 60074164 10027963
0b000d01 0b00c401 10018 100 10512 2046872496 36456187 10013563
0b000001 0b00c501 10011 100 9717 2046775524 36566224 10013495
0b000401 0b00c101 10009 100 9760 2033506265 49851528 10013499
0b000401 0b00c601 10001 100 1673433 2004774961 78594028 10152982
0b000301 0b00cd01 10004 100 915 2033869923 49525902 10012757
0b000901 0b00cc01 10006 100 4541 2036798047 46598510 10013062
0b000901 0b00c601 10006 100 27166 2026073993 57327794 10014960
0b000901 0b00cf01 10012 100 42354 2033711183 49695842 10016233
0b000d01 0b00c301 10015 100 26407 2042984431 40443978 10014896
0b000d01 0b00c601 10007 100 76815 2022472829 60961744 10019120
0b000a01 0b00c501 10005 100 8691 2034704615 48761903 10013409
0b000601 0b00c001 10012 100 78154 2043845011 39637640 10019235
0b000a01 0b00cd01 10009 100 79288 2041406936 42091993 10019330
0b000501 0b00cd01 10010 100 29393 2043200525 40309504 10015146
0b000501 0b00c401 10000 100 183990 2023335835 60202774 10028105
0b000901 0b00c501 10006 100 988413 2011318698 72227163 10095550
0b000901 0b00ce01 10006 100 581 2026606070 56940298 10012730
0b000401 0b00c101 10011 100 18118 2036894666 46668239 10014202
0b000001 0b00ca01 10007 100 5815 2033781595 49795272 10013168
0b000b01 0b00c401 10010 100 169397 2042095479 41497446 10026884
0b000701 0b00c901 10007 100 64992 2031161646 52435178 10018128
0b000301 0b00c701 10004 100 69378 2032757641 50853279 10018499
0b000b01 0b00cf01 10007 100 76496 2044914186 38707573 10019095
0b000801 0b00cb01 10006 100 43851 2034215720 49428205 10016357
0b000101 0b00c201 10004 100 13004 2033590647 50132823 10013774
0b000e01 0b00c101 10013 100 46988 2036234195 47512370 10016619
0b000f01 0b00c301 10006 100 90392 2031529364 52244116 10020260
0b000701 0b00c601 10008 100 72222 2024953340 58824954 10018738
0b000901 0b00c001 10011 100 2462 2044145802 39663573 10012888
0b000201 0b00ce01 10005 100 414733 2018428066 65389598 10047452
0b000101 0b00c301 10003 100 17186 2023742042 60076814 10014124
0b000001 0b00ca01 10006 100 62069 2032301846 51525067 10017887
0b000b01 0b00c401 10007 100 48733 2035837058 48027750 10016766
0b000901 0b00ce01 10012 100 7555 2035119309 48753917 10013315
0b000401 0b00cb01 10006 100 251483 2019890905 64011746 10033766
0b000801 0b00c301 10004 100 33422 2036261607 47649144 10015484
0b000b01 0b00c101 10014 100 4212 2036997169 46948191 10013036
0b000501 0b00ce01 10006 100 25008 2026731741 57252822 10014780
0b000e01 0b00cd01 10005 100 2178 2027767888 56217423 10012865
0b000401 0b00ca01 10008 100 646976 2023778595 60215464 10066922
0b000001 0b00c301 10004 100 10064 2024399631 59607273 10013527
0b000801 0b00c001 10010 100 835 2037139021 46921462 10012750
0b000d01 0b00c301 10012 100 66481 2032500941 51567916 10018255
0b000001 0b00c101 10009 100 154824 2022120484 61954946 10025661
0b000801 0b00c601 10008 100 2450 2037357139 46724098 10012887
0b000601 0b00cb01 10012 100 43544 2046473397 37671123 10016332
0b000601 0b00c401 10009 100 73702 2036480592 47676120 10018860
0b000601 0b00c201 10007 100 57577 2045588514 38580196 10017508
0b000201 0b00c501 10009 100 72631 2044666153 39581638 10018770
0b000101 0b00c001 10013 100 58730 2036248952 48023547 10017604
0b000701 0b00cd01 10008 100 64327 2032072687 52226898 10018075
0b000c01 0b00c901 10008 100 924 2034679038 49640783 10012757
0b000b01 0b00c301 10012 100 628931 2029845020 54523222 10065409
0b000e01 0b00c701 10003 100 788534 2018856348 65591655 10078792
0b000501 0b00c001 10004 100 283033 2019223520 65227663 10036413
0b000201 0b00c601 10011 100 7153 2047987718 36472655 10013282
0b000a01 0b00ce01 10004 100 46942 2036458466 48004470 10016615
0b000c01 0b00c201 10009 100 25354 2024338950 60133121 10014808
0b000401 0b00ca01 10013 100 38243 2044150861 40333009 10015889
0b000f01 0b00ca01 10010 100 41558 2036955069 47544047 10016165
0b000001 0b00c101 10012 100 220406 2042048804 42453706 10031161
0b000a01 0b00c401 10010 100 18962 2044374168 40150076 10014269
0b000901 0b00ca01 10008 100 1289683 2019556866 64979710 10120808
0b000c01 0b00c701 10007 100 28656 2024357879 60187307 10015083
0b000301 0b00c201 10007 100 1279 2028558374 56002249 10012790
0b000901 0b00c301 10006 100 4172 2026024900 58558106 10013032
0b000101 0b00ca01 10003 100 55174 2023706709 60895250 10017308
0b000201 0b00cc01 10013 100 60874 2035541872 49085656 10017784
0b000401 0b00c101 10010 100 43901 2034137439 50534522 10016361
0b000501 0b00ca01 10008 100 76471 2026477956 58284438 10019093
0b000901 0b00ca01 10013 100 66756 2046025819 38745634 10018277
0b000801 0b00cc01 10010 100 2566 2037903456 46877932 10012896
0b000001 0b00c501 10003 100 199517 2024770283 60035388 10029409
0b000e01 0b00cb01 10007 100 20406 2038113733 46748119 10014393
0b000b01 0b00c501 10003 100 19390 2035811993 49056833 10014308
0b000b01 0b00ca01 10005 100 9352 2026249132 58711103 10013466
0b000001 0b00c701 10009 100 63087 2033762761 51248892 10017972
0b000001 0b00c401 10011 100 24974 2044804081 40233885 10014773
0b000d01 0b00c601 10009 100 1615 2025416862 59646614 10012816
0b000401 0b00cc01 10005 100 72510 2033977697 51107499 10018761
0b000101 0b00c001 10012 100 143989 2034884562 50235163 10024752
0b000101 0b00c901 10007 100 30716 2038246581 46874167 10015256
0b000a01 0b00c001 10005 100 7565 2028289103 56837271 10013315
0b000d01 0b00c201 10008 100 262925 2040138627 44992565 10034723
0b000d01 0b00ce01 10004 100 8573 2038941361 46205547 10013400
0b000401 0b00ca01 10005 100 1290365 2013506508 71710294 10120866
0b000201 0b00c501 10007 100 58604 2043090850 42190057 10017594
0b000201 0b00ca01 10011 100 13720 2045079798 40201489 10013831
0b000501 0b00c901 10002 100 1340227 2015442720 69843142 10125047
0b000b01 0b00c301 10005 100 1142198 2018501810 66823353 10108444
0b000301 0b00c401 10009 100 119471 2027292560 58063113 10022698
0b000901 0b00cd01 10006 100 7144 2036329908 49027851 10013282
0b000601 0b00c601 10007 100 6997 2035310244 50069465 10013266
0b000401 0b00c901 10010 100 29247 2045396402 39989009 10015134
0b000001 0b00ca01 10009 100 8950 2039121737 46308032 10013430
0b000501 0b00cf01 10006 100 38179 2028808820 56634293 10015884
0b000e01 0b00cf01 10013 100 96444 2027120524 58331193 10020768
0b000201 0b00c401 10006 100 65255 2042921144 42572935 10018153
0b000101 0b00ce01 10013 100 78266 2045859743 39637053 10019244
0b000001 0b00c401 10007 100 26254 2035275036 50226370 10014884
0b000101 0b00c101 10007 100 8369 2029336393 56168298 10013384
0b000b01 0b00c701 10003 100 425787 2029365225 56154271 10048378
0b000301 0b00c601 10002 100 1019520 2015928134 69602395 10098158
0b000c01 0b00c601 10007 100 79447 2024549165 61033144 10019342
0b000401 0b00ce01 10003 100 1785592 2011279259 74320865 10162385
0b000501 0b00c301 10010 100 195401 2034958098 50666843 10029064
0b000a01 0b00c101 10005 100 40369 2035762252 49872830 10016066
0b000b01 0b00cb01 10009 100 3613 2036755121 48914690 10012984
0b000c01 0b00c701 10008 100 25627 2028921029 56753310 10014830
0b000801 0b00c001 10011 100 20315 2048691981 37117312 10014385
0b000e01 0b00c501 10000 100 1729428 2004234224 81591606 10157677
0b000f01 0b00c001 10014 100 32515 2038460069 47375188 10015407
0b000c01 0b00cb01 10001 100 1756556 2010617195 75242391 10159951
0b000d01 0b00cd01 10004 100 20016 2038992735 46880900 10014361
0b000301 0b00cd01 10005 100 29421 2035516952 50369516 10015148
0b000101 0b00ce01 10011 100 59840 2025095294 60820436 10017697
0b000501 0b00c901 10007 100 4188 2046708565 39230936 10013034
0b000101 0b00cc01 10007 100 51144 2028875172 57089578 10016971
0b000301 0b00cb01 10006 100 395238 2019962753 66041132 10045819
0b000001 0b00c101 10014 100 2161 2049593146 36457469 10012864
0b000501 0b00cb01 10008 100 2924 2029844810 56276340 10012925
0b000001 0b00cd01 10010 100 2455 2036434524 49690174 10012887
0b000001 0b00c701 10013 100 1989 2049789477 36399371 10012846
0b000301 0b00ce01 10006 100 28561 2035778103 50428732 10015076
0b000601 0b00c001 10010 100 1563 2040027332 46196009 10012812
0b000101 0b00c901 10006 100 44839 2035222001 51021283 10016439
0b000b01 0b00ce01 10005 100 40200 2027124732 59121842 10016053
0b000d01 0b00c201 10007 100 28530 2039426954 46859299 10015073
0b000001 0b00ce01 10005 100 16973 2039702544 46585743 10014103
0b000e01 0b00c101 10010 100 5949 2029931713 56363886 10013178
0b000501 0b00c601 10009 100 68357 2035404655 50891982 10018413
0b000201 0b00cf01 10011 100 65406 2033447579 52870202 10018165
0b000801 0b00cf01 10007 100 15216 2046216037 40105334 10013958
0b000601 0b00c501 10009 100 34131 2048044132 38286896 10015544
0b000c01 0b00c801 10008 100 7946 2026768017 59573202 10013346
0b000001 0b00cb01 10005 100 74658 2038458093 47888271 10018940
0b000401 0b00ca01 10010 100 85801 2034349031 51999207 10019874
0b000901 0b00c601 10011 100 49654 2048326211 38044423 10016844
0b000201 0b00cb01 10004 100 232782 2018642099 67730284 10032197
0b000301 0b00c201 10006 100 21255 2026359170 60034295 10014464
0b000701 0b00c401 10000 100 2266738 2004384200 82068355 10202724
0b000601 0b00c801 10014 100 46113 2039454588 47005417 10016549
0b000e01 0b00cc01 10013 100 9127 2036513654 49983230 10013448
0b000601 0b00ca01 10006 100 12108 2036715248 49804737 10013698
0b000c01 0b00c901 10009 100 63751 2038140207 48456704 10018025
0b000501 0b00cc01 10010 100 4904 2036849007 49756997 10013091
0b000a01 0b00c701 10006 100 682941 2023966339 62657631 10069938
0b000801 0b00c301 10006 100 10100 2039681169 46961633 10013530
0b000d01 0b00c601 10010 100 323801 2031242152 55404635 10039828
0b000b01 0b00c901 10010 100 71609 2038309556 48349553 10018685
0b000a01 0b00c401 10009 100 9047 2037647799 49022494 10013442
0b000801 0b00c101 10009 100 23666 2027706622 58991230 10014665
0b000b01 0b00c601 10006 100 36909 2039261937 47445906 10015774
0b000601 0b00c601 10008 100 21159 2036654224 50055101 10014457
0b000401 0b00cb01 10011 100 9810 2047010917 39700149 10013503
0b000101 0b00cb01 10008 100 68862 2044503494 42252570 10018453
0b000601 0b00c701 10004 100 1073158 2010104758 76759200 10102656
0b000e01 0b00cf01 10018 100 40829 2039276333 47588139 10016103
0b000401 0b00c601 10008 100 15596 2039921800 47029383 10013989
0b000701 0b00c701 10011 100 48141 2026055225 60922668 10016719
0b000d01 0b00c101 10006 100 30791 2039986215 47009799 10015262
0b000a01 0b00cc01 10008 100 241112 2041959759 45040646 10032898
0b000d01 0b00c701 10005 100 17482 2026858955 60143120 10014147
0b000501 0b00cf01 10007 100 278253 2030902758 56102244 10036011
0b000801 0b00c201 10010 100 2703 2050756489 36249495 10012907
0b000901 0b00c601 10008 100 178816 2033597352 53451431 10027672
0b000501 0b00cd01 10009 100 676 2040888809 46172282 10012737
0b000201 0b00c501 10004 100 32693 2035620189 51466474 10015422
0b000701 0b00c701 10017 100 76875 2047073698 40013998 10019125
0b000601 0b00c301 10011 100 12812 2037168255 49929031 10013754
0b000601 0b00c401 10005 100 1444271 2011917984 75208932 10133770
0b000e01 0b00cc01 10014 100 12103 2040724158 46409223 10013698
0b000e01 0b00cc01 10010 100 24870 2030585738 56554239 10014765
0b000801 0b00c401 10011 100 48960 2049278040 37961145 10016784
0b000601 0b00c101 10008 100 76403 2039615197 47684978 10019087
0b000a01 0b00cc01 10007 100 53776 2039085690 48414753 10017189
0b000101 0b00ce01 10010 100 198809 2023957658 63570649 10029348
0b000b01 0b00c001 10004 100 6684 2028914541 58614120 10013241
0b000f01 0b00c401 10004 100 7007 2037522602 50021968 10013271
0b000d01 0b00c501 10005 100 28007 2040563394 46986303 10015031
0b000301 0b00c401 10014 100 66267 2046684767 40880889 10018238
0b000901 0b00cb01 10004 100 363431 2025286651 62286799 10043152
0b000601 0b00ce01 10009 100 964 2037938086 49650343 10012760
0b000801 0b00c101 10012 100 277 2038742725 48854043 10012706
0b000801 0b00c301 10005 100 112807 2038178116 49438296 10022138
0b000901 0b00c901 10010 100 8231 2047563727 40077707 10013373
0b000001 0b00cc01 10011 100 28173 2037232873 50425122 10015045
0b000a01 0b00c001 10001 100 1042698 2017457306 70213973 10100100
0b000001 0b00c901 10014 100 69027 2049436430 38247358 10018470
0b000b01 0b00ca01 10006 100 63212 2029750336 57985751 10017982
0b000b01 0b00c401 10011 100 62999 2046054843 41688874 10017961
0b000c01 0b00c801 10009 100 2256 2038014541 49734306 10012872
0b000201 0b00c201 10010 100 55037 2039314586 48488218 10017298
0b000001 0b00ca01 10012 100 36308 2050467194 37336068 10015726
0b000201 0b00cc01 10003 100 535646 2017776264 70081287 10057589
0b000e01 0b00c901 10009 100 11796 2051152792 36717784 10013669
0b000101 0b00c001 10014 100 21154 2037529591 50345277 10014456
0b000f01 0b00c901 10014 100 23761 2040845024 47037283 10014673
0b000f01 0b00c801 10009 100 62720 2045916088 42017427 10017939
0b000801 0b00cc01 10009 100 65841 2029942366 58006294 10018200
0b000801 0b00ca01 10011 100 74197 2048810303 39156262 10018903
0b000401 0b00c701 10006 100 54298 2047331253 40646648 10017235
0b000001 0b00c201 10008 100 60576 2036772483 51246222 10017760
0b000201 0b00c001 10004 100 3880 2031840097 56189651 10013005
0b000101 0b00c401 10001 100 21994 2040921817 47128565 10014524
0b000101 0b00cc01 10008 100 2724 2041847778 46271909 10012909
0b000b01 0b00c701 10002 100 823682 2023326470 64797585 10081738
0b000d01 0b00c901 10014 100 162249 2043269599 44885067 10026285
0b000901 0b00cd01 10007 100 19553 2038628484 49527566 10014321
0b000501 0b00cf01 10005 100 55085 2027221004 61007525 10017301
0b000c01 0b00c001 10010 100 67502 2030796204 57471196 10018341
0b000901 0b00cc01 10007 100 73446 2037283368 50996052 10018839
0b000701 0b00c401 10012 100 834 2042042111 46244798 10012750
0b000d01 0b00c901 10004 100 192708 2024421724 63874056 10028837
0b000501 0b00c501 10004 100 24510 2031774614 56538478 10014736
0b000001 0b00cd01 10009 100 1257178 2021042167 67364558 10118084
0b000601 0b00c201 10008 100 76489 2046999625 41440795 10019094
0b000c01 0b00cf01 10004 100 5739 2042200589 46250667 10013162
0b000301 0b00cb01 10009 100 62782 2037342564 51136849 10017944
0b000501 0b00c901 10009 100 23875 2050402563 38093986 10014682
0b000201 0b00c101 10007 100 9355 2028561466 59962927 10013466
0b000d01 0b00c601 10005 100 1233362 2016702475 71829724 10116087
0b000a01 0b00c501 10007 100 65303 2046287770 42271969 10018157
0b000301 0b00c501 10006 100 34068 2037855377 50704644 10015539
0b000301 0b00c601 10013 100 193759 2047649813 40919131 10028925
0b000001 0b00c401 10009 100 9606 2042175546 46432166 10013486
0b000c01 0b00c301 10007 100 73506 2036599588 52069440 10018844
0b000a01 0b00c501 10004 100 12282 2031757355 56916572 10013712
0b000c01 0b00cd01 10008 100 50457 2040964766 47724171 10016912
0b000701 0b00c801 10013 100 26917 2038169012 50547937 10014937
0b000301 0b00cb01 10005 100 914542 2018343654 70508134 10089356
0b000401 0b00ca01 10006 100 1269531 2016204456 72647763 10119119
0b000801 0b00ce01 10013 100 30847 2048057893 40814412 10015266
0b000f01 0b00ca01 10013 100 43727 2047641662 41262607 10016347
0b000501 0b00c601 10008 100 43535 2032133525 56789975 10016331
0b000301 0b00cc01 10007 100 22420 2032664162 56364748 10014561
0b000b01 0b00cb01 10006 100 46836 2029697126 59374007 10016607
0b000001 0b00ca01 10004 100 164255 2029150396 59968097 10026454
0b000501 0b00c501 10006 100 55872 2040887017 48245521 10017364
0b000d01 0b00cc01 10010 100 23888 2038813671 50331985 10014683
0b000601 0b00c501 10007 100 9286 2042090609 47059264 10013461
0b000c01 0b00c001 10009 100 71991 2027598463 61557590 10018715
0b000e01 0b00ce01 10006 100 50550 2028318238 60858790 10016919
0b000b01 0b00ce01 10009 100 6971 2039896509 49288713 10013264
0b000a01 0b00c801 10005 100 7297 2039892392 49317570 10013294
0b000f01 0b00c201 10017 100 54680 2050621311 38628096 10017265
0b000a01 0b00c901 10006 100 1318528 2010725118 78530659 10123227
0b000201 0b00c201 10012 100 18270 2042132973 47126254 10014214
0b000e01 0b00c701 10004 100 3671 2033157067 56130500 10012989
0b000c01 0b00c601 10008 100 27765 2028704253 60607806 10015008
0b000501 0b00cc01 10014 100 34413 2049269725 40072903 10015567
0b000201 0b00cf01 10014 100 51501 2041075064 48276993 10016999
0b000601 0b00c601 10001 100 2348318 2005005763 84372149 10209565
0b000001 0b00c001 10006 100 69375 2041285826 48121123 10018498
0b000a01 0b00c801 10009 100 4735 2053292562 36142584 10013078
0b000a01 0b00c201 10009 100 47706 2041437597 48017485 10016680
0b000601 0b00c501 10006 100 60449 2040754589 48731429 10017750
0b000701 0b00cf01 10006 100 19970 2029073351 60454320 10014354
0b000e01 0b00c001 10009 100 3192 2039733422 49812883 10012950
0b000901 0b00c001 10012 100 70274 2050401148 39153987 10018574
0b000f01 0b00c101 10010 100 55063 2037874447 51746182 10017300
0b000601 0b00cd01 10008 100 29892 2049936968 39709321 10015186
0b000e01 0b00c101 10002 100 2588528 2003162408 86488719 10229704
0b000101 0b00c801 10007 100 1375 2039952382 49706624 10012797
0b000601 0b00ce01 10010 100 30115 2042093396 47578671 10015208
0b000101 0b00c401 10002 100 6878 2043195494 46477339 10013257
0b000401 0b00c001 10011 100 327050 2042825461 46847374 10040103
0b000601 0b00c001 10017 100 76446 2049920367 39853479 10019091
0b000701 0b00c301 10011 100 151689 2046197053 43581541 10025398
0b000001 0b00cb01 10004 100 112167 2027615806 62167245 10022087
0b000201 0b00c501 10006 100 26282 2042412473 47393985 10014886
0b000201 0b00cc01 10019 100 44059 2051591462 38240421 10016377
0b000c01 0b00cc01 10001 100 2264395 2006160109 83684112 10202529
0b000d01 0b00c401 10013 100 413265 2031932079 57928988 10047330
0b000e01 0b00c101 10015 100 75702 2050680607 39186236 10019028
0b000201 0b00cd01 10008 100 22731 2042637526 47234313 10014586
0b000201 0b00cc01 10015 100 56181 2041258934 48645992 10017393
0b000501 0b00c501 10009 100 26684 2049929297 39976974 10014918
0b000801 0b00c801 10004 100 27096 2040051671 49863064 10014955
0b000a01 0b00c201 10008 100 31977 2039794013 50177997 10015361
0b000101 0b00c801 10008 100 2856 2043728280 46248097 10012920
0b000f01 0b00c201 10013 100 81203 2047124194 42855072 10019491
0b000b01 0b00c001 10005 100 21393 2031007577 59004232 10014475
0b000101 0b00ca01 10008 100 44168 2048706553 41377810 10016386
0b000301 0b00c301 10008 100 45297 2043112015 47022926 10016480
0b000301 0b00ce01 10005 100 15399 2030295074 59844518 10013973
0b000e01 0b00c101 10012 100 69043 2032262134 57886254 10018472
0b000f01 0b00c801 10002 100 469923 2020297191 69905848 10052078
0b000301 0b00cd01 10013 100 3760 2053551568 36653035 10012996
0b000f01 0b00c101 10011 100 12993 2040014702 50221103 10013769
0b000001 0b00c801 10013 100 17907 2053147898 37091666 10014181
0b000f01 0b00c101 10012 100 26838 2042977676 47291612 10014930
0b000b01 0b00ce01 10010 100 66362 2042206858 48080060 10018246
0b000901 0b00c101 10014 100 459 2041192344 49098715 10012720
0b000a01 0b00c101 10006 100 128476 2037424326 52967561 10023453
0b000701 0b00c501 10007 100 22455 2042911773 47480200 10014564
0b000301 0b00c801 10007 100 7182 2040602251 49811351 10013285
0b000201 0b00ca01 10010 100 5996 2043726751 46690082 10013182
0b000701 0b00c301 10014 100 19237 2050910129 39538640 10014295
0b000201 0b00c401 10005 100 125638 2038595337 51898527 10023214
0b000d01 0b00c801 10001 100 2241004 2008645684 81886341 10200569
0b000b01 0b00cc01 10009 100 31459 2033066456 57488077 10015319
0b000501 0b00cc01 10015 100 51580 2051252778 39366979 10017006
0b000b01 0b00c201 10004 100 4825 2032055896 58591350 10013085
0b000501 0b00c001 10018 100 45722 2049893754 40800354 10016514
0b000001 0b00c801 10014 100 9106 2053853129 36886180 10013446
0b000401 0b00c001 10010 100 17595 2040958133 49907333 10014156
0b000701 0b00cb01 10010 100 13858 2040995938 49898927 10013842
0b000d01 0b00cc01 10007 100 47457 2030077455 60835145 10016660
0b000f01 0b00c501 10019 100 2177 2054388222 36542944 10012865
0b000201 0b00c901 10007 100 25215 2040212894 50735236 10014797
0b000c01 0b00cf01 10005 100 55176 2043082340 47944200 10017309
0b000a01 0b00c901 10012 100 1028010 2025183589 65878682 10098872
0b000b01 0b00c701 10005 100 7072 2034181623 56905361 10013276
0b000701 0b00cb01 10013 100 28012 2043583774 47509745 10015032
0b000701 0b00cc01 10009 100 78402 2050658204 40460718 10019255
0b000101 0b00c701 10012 100 89962 2047689118 43464652 10020222
0b000b01 0b00c001 10008 100 6447 2044809878 46363089 10013222
0b000b01 0b00ca01 10011 100 5790 2054911699 36320111 10013166
0b000401 0b00c901 10009 100 59684 2039734284 51603157 10017685
0b000b01 0b00c401 10005 100 36477 2033752994 57680590 10015740
0b000f01 0b00c601 10007 100 35588 2030637519 60829730 10015665
0b000501 0b00c001 10014 100 79953 2039261644 52205754 10019383
0b000401 0b00c201 10009 100 1806 2035473479 56004023 10012832
0b000501 0b00c901 10004 100 25748 2031231167 60252124 10014839
0b000601 0b00c101 10017 100 10140 2052310954 39212625 10013533
0b000b01 0b00ca01 10012 100 4381 2055162453 36371273 10013049
0b000d01 0b00c601 10011 100 44041 2043663541 47871901 10016376
0b000101 0b00ca01 10005 100 9745 2041643439 49918442 10013498
0b000701 0b00c901 10011 100 484 2052963828 38652210 10012722
0b000e01 0b00c701 10006 100 236150 2037525591 54100389 10032482
0b000801 0b00c801 10005 100 78538 2040275072 51374727 10019266
0b000701 0b00c001 10011 100 9029 2054121896 37555478 10013440
0b000901 0b00c801 10013 100 44989 2053474914 38285531 10016451
0b000301 0b00cd01 10009 100 8963 2041834924 49929466 10013431
0b000e01 0b00cb01 10011 100 70136 2052583702 39218824 10018563
0b000101 0b00c701 10008 100 177971 2036313852 55532740 10027601
0b000f01 0b00ca01 10012 100 7784 2045348716 46518863 10013333
0b000401 0b00c601 10009 100 137646 2041782448 50121427 10024221
0b000501 0b00cb01 10010 100 65841 2034216908 57705337 10018200
0b000801 0b00c901 10011 100 5904 2042551555 49377491 10013175
0b000b01 0b00c901 10011 100 64913 2043829398 48117275 10018122
0b000401 0b00cf01 10005 100 1314580 2011725617 80268802 10122896
0b000601 0b00c301 10006 100 774108 2022966457 69078514 10077584
0b000001 0b00cb01 10008 100 5844 2055183299 36882941 10013170
0b000401 0b00cc01 10008 100 67025 2044105634 47961157 10018303
0b000101 0b00c501 10011 100 36749 2041018334 51051158 10015762
0b000301 0b00c701 10008 100 70542 2040451099 51618462 10018596
0b000d01 0b00ca01 10005 100 30943 2044925774 47166293 10015274
0b000801 0b00c501 10008 100 72463 2033879735 58234087 10018757
0b000e01 0b00ca01 10008 100 712566 2025776293 66344431 10072423
0b000b01 0b00c301 10013 100 55051 2034245974 57919870 10017299
0b000301 0b00c301 10006 100 56116 2031284863 60895922 10017388
0b000601 0b00cd01 10004 100 159605 2031384398 60809648 10026062
0b000301 0b00c601 10017 100 31625 2054957566 37250564 10015332
0b000801 0b00ce01 10011 100 33065 2044823118 47394076 10015455
0b000b01 0b00c001 10011 100 71619 2050444865 41789207 10018686
0b000c01 0b00c701 10012 100 31836 2041527961 50706186 10015349
0b000e01 0b00c201 10005 100 153753 2037761108 54550772 10025571
0b000501 0b00cb01 10011 100 19966 2042173179 50143248 10014354
0b000701 0b00c701 10015 100 43292 2041271813 51046222 10016312
0b000601 0b00c301 10014 100 32733 2044464790 47893206 10015425
0b000001 0b00cc01 10016 100 13519 2052834819 39536281 10013815
0b000901 0b00c001 10009 100 6649 2033711337 58675143 10013238
0b000501 0b00c401 10006 100 34845 2041947566 50473897 10015602
0b000601 0b00c101 10018 100 19886 2052998897 39446979 10014347
0b000801 0b00c801 10006 100 191641 2045161739 47345575 10028748
0b000401 0b00c101 10013 100 67641 2041608238 50965851 10018352
0b000d01 0b00c001 10012 100 32140 2045254464 47330715 10015377
0b000601 0b00c801 10002 100 1268963 2010706474 81890293 10119070
0b000601 0b00c401 10011 100 14239 2042672121 49985978 10013876
0b000901 0b00c401 10006 100 74821 2043918762 48760711 10018953
0b000601 0b00cf01 10008 100 647319 2027721794 64993786 10066953
0b000f01 0b00c001 10017 100 3298 2056193810 36527659 10012959
0b000b01 0b00c501 10005 100 16909 2042911504 49813081 10014098
0b000b01 0b00c001 10012 100 6489 2056283775 36464533 10013226
0b000401 0b00cd01 10004 100 482146 2033834446 58924722 10053106
0b000e01 0b00c801 10011 100 63833 2044366955 48483321 10018032
0b000301 0b00c101 10005 100 21615 2046121563 46740321 10014493
0b000b01 0b00c401 10014 100 931 2056761697 36131225 10012758
0b000b01 0b00c901 10012 100 40797 2051914023 40983458 10016101
0b000401 0b00cb01 10010 100 52349 2045306404 47598027 10017071
0b000701 0b00cd01 10005 100 329364 2022977473 69950457 10040296
0b000301 0b00c401 10012 100 34038 2036480043 56496112 10015537
0b000401 0b00c201 10011 100 18035 2055257892 37726393 10014195
0b000801 0b00c001 10007 100 89255 2032635611 60378838 10020166
0b000b01 0b00cc01 10014 100 45433 2045550187 47557443 10016491
0b000801 0b00c501 10011 100 47248 2051214406 41928556 10016644
0b000b01 0b00c701 10008 100 3207 2046793355 46386140 10012951
0b000301 0b00cf01 10007 100 125496 2040316264 52865904 10023203
0b000d01 0b00cb01 10005 100 1032599 2020800755 72415687 10099254
0b000d01 0b00c401 10014 100 53899 2035561003 57701802 10017199
0b000901 0b00c201 10011 100 21893 2043150661 50122744 10014515
0b000901 0b00cc01 10010 100 55598 2051264891 42080992 10017342
0b000201 0b00c201 10008 100 247500 2032752061 60614300 10033432
0b000601 0b00cb01 10010 100 179037 2038201722 55185122 10027694
0b000a01 0b00c701 10012 100 64648 2041652009 51736533 10018101
0b000301 0b00c801 10004 100 59838 2032669922 60726848 10017697
0b000501 0b00c601 10005 100 1106799 2020257763 73139349 10105474
0b000101 0b00c701 10013 100 28610 2052848666 40551743 10015080
0b000801 0b00c001 10009 100 53292 2035828769 57585808 10017150
0b000c01 0b00c501 10003 100 14739 2036683430 56736703 10013916
0b000201 0b00c201 10007 100 63755 2030842115 62585025 10018026
0b000301 0b00c701 10005 100 176981 2033734503 59707660 10027518
0b000701 0b00cb01 10006 100 26973 2035830173 57631421 10014941
0b000601 0b00c401 10012 100 177964 2049431945 44046523 10027600
0b000901 0b00c901 10009 100 42951 2042680820 50799463 10016281
0b000001 0b00c601 10008 100 158274 2039330987 54207371 10025952
0b000501 0b00c001 10013 100 71044 2035761855 57776884 10018640
0b000001 0b00c501 10006 100 1864 2033891242 59727103 10012836
0b000601 0b00cc01 10005 100 11341 2046740869 46878223 10013633
0b000901 0b00c801 10010 100 78842 2044808172 48840675 10019290
0b000501 0b00c601 10013 100 56258 2045524127 48165728 10017399
0b000e01 0b00c901 10011 100 5470 2054125581 39573428 10013140
0b000201 0b00c101 10012 100 975 2047332908 46378638 10012761
0b000e01 0b00cb01 10009 100 48254 2042582093 51192313 10016728
0b000901 0b00c501 10023 100 9108 2053660239 40169035 10013447
0b000601 0b00c001 10018 100 6221 2054888191 38992494 10013204
0b000601 0b00c101 10012 100 61406 2044694928 49207564 10017830
0b000601 0b00cc01 10006 100 887 2047221733 46681252 10012754
0b000701 0b00c701 10019 100 33191 2053764735 40139332 10015465
0b000401 0b00c401 10004 100 13128 2054846653 39058571 10013784
0b000c01 0b00cb01 10007 100 33541 2046526789 47424884 10015493
0b000301 0b00ca01 10010 100 25521 2056748191 37209539 10014821
0b000b01 0b00c201 10005 100 21937 2047240244 46753071 10014519
0b000c01 0b00c901 10013 100 4840 2047638887 46364409 10013086
0b000a01 0b00cc01 10010 100 73983 2054652888 39354327 10018882
0b000c01 0b00c901 10012 100 36538 2046654365 47361482 10015745
0b000301 0b00cb01 10010 100 4223 2044366623 49689692 10013037
0b000f01 0b00c901 10015 100 63990 2042001151 52098517 10018044
0b000901 0b00cd01 10009 100 46265 2046215097 47905657 10016561
0b000201 0b00c901 10004 100 271068 2023090444 71034467 10035409
0b000601 0b00c801 10008 100 923891 2022023569 72123522 10090139
0b000101 0b00cb01 10006 100 75981 2041806170 52341948 10019050
0b000401 0b00c401 10003 100 73136 2053146324 41013086 10018815
0b000b01 0b00c601 10008 100 108560 2041378261 52789090 10021783
0b000501 0b00c001 10017 100 164059 2049659350 44508013 10026438
0b000001 0b00c701 10016 100 2133 2057472763 36707894 10012862
0b000b01 0b00cb01 10010 100 12649 2037143236 57067317 10013741
0b000d01 0b00ca01 10006 100 77191 2045367838 48867312 10019154
0b000a01 0b00ce01 10008 100 8936 2057934772 36309270 10013429
0b000a01 0b00c001 10008 100 38432 2046584741 47661446 10015904
0b000001 0b00cf01 10009 100 100914 2054454401 39804336 10021140
0b000201 0b00c201 10011 100 66257 2041643940 52647464 10018237
0b000d01 0b00c001 10007 100 76845 2032294728 62037536 10019123
0b000901 0b00cf01 10009 100 910696 2026643136 67700055 10089033
0b000401 0b00c001 10013 100 21486 2046845912 47576507 10014483
0b000101 0b00ca01 10006 100 11200 2047647508 46788078 10013622
0b000901 0b00c601 10009 100 52838 2034352111 60096515 10017110
0b000401 0b00ce01 10001 100 2562191 2006337552 88125391 10227497
0b000201 0b00cc01 10009 100 467937 2027675261 66816794 10051912
0b000701 0b00cd01 10010 100 54312 2054860784 39639204 10017236
0b000701 0b00c401 10011 100 74490 2042020996 52498360 10018927
0b000401 0b00ce01 10010 100 9168 2047707608 46856253 10013451
0b000a01 0b00c001 10006 100 29471 2035151037 59460277 10015152
0b000201 0b00c101 10010 100 68159 2041959686 52657173 10018397
0b000201 0b00cc01 10020 100 3218 2057907092 36804817 10012952
0b000c01 0b00c801 10003 100 1453796 2015561939 79168468 10134567
0b000e01 0b00ca01 10010 100 71568 2036366633 58368017 10018681
0b000101 0b00c901 10009 100 35205 2043696278 51063005 10015634
0b000b01 0b00c001 10006 100 24966 2035400391 59361361 10014773
0b000401 0b00c601 10011 100 2865 2048111138 46696026 10012920
0b000001 0b00c701 10011 100 1991 2045316022 49520670 10012846
0b000901 0b00cc01 10008 100 646 2045253479 49622591 10012735
0b000901 0b00c801 10007 100 1408319 2022888087 71989873 10130756
0b000b01 0b00c001 10009 100 112004 2045274990 49658028 10022074
0b000a01 0b00c901 10017 100 62312 2036297375 58657671 10017906
0b000701 0b00cc01 10008 100 177214 2032007853 62953279 10027540
0b000801 0b00c301 10003 100 348634 2031259879 63732517 10041910
0b000601 0b00c801 10016 100 70857 2046243963 48749152 10018621
0b000001 0b00cc01 10004 100 1654066 2016468978 78528155 10151360
0b000501 0b00c401 10010 100 48569 2055509037 39490204 10016753
0b000b01 0b00ce01 10013 100 69066 2052844386 42167453 10018474
0b000801 0b00c301 10001 100 1251991 2017770962 77244422 10117646
0b000901 0b00c401 10007 100 9086 2044968249 50060161 10013445
0b000301 0b00ca01 10007 100 43897 2044378360 50652090 10016360
0b000501 0b00c401 10011 100 47467 2055578425 39491479 10016661
0b000301 0b00c201 10008 100 338055 2032087375 63014932 10041026
0b000601 0b00c501 10010 100 53235 2054348399 40782328 10017146
0b000001 0b00c701 10012 100 54229 2047228969 47903955 10017229
0b000a01 0b00c501 10009 100 7745 2055217881 39935555 10013330
0b000d01 0b00cb01 10009 100 497744 2023428083 71733934 10054411
0b000e01 0b00c601 10005 100 63216 2046792968 48378036 10017983
0b000d01 0b00ca01 10007 100 59093 2046899848 48298311 10017637
0b000701 0b00c501 10009 100 58297 2055171968 40044853 10017570
0b000801 0b00c301 10008 100 58512 2056433715 38828677 10017587
0b000a01 0b00c701 10013 100 77138 2046156515 49136661 10019150
0b000501 0b00c501 10010 100 26090 2055503152 39811407 10014870
0b000301 0b00ca01 10002 100 1693680 2018021655 77304023 10154679
0b000d01 0b00ce01 10005 100 30987 2044558467 50772308 10015278
0b000501 0b00c501 10008 100 6943 2045865995 49474611 10013262
0b000201 0b00cb01 10009 100 68399 2036075542 59270517 10018416
0b000001 0b00c501 10008 100 77076 2037289600 58065604 10019145
0b000501 0b00c501 10002 100 633064 2022150158 73230625 10065759
0b000e01 0b00c201 10007 100 179980 2042822940 52578594 10027769
0b000401 0b00c801 10008 100 11399 2045847355 49578528 10013638
0b000d01 0b00c401 10021 100 47368 2057122445 38346499 10016653
0b000e01 0b00cf01 10022 100 16175 2058332093 37215026 10014039
0b000901 0b00c401 10004 100 27592 2035999034 59586967 10014994
0b000301 0b00c601 10012 100 23840 2045356813 50235311 10014679
0b000701 0b00c701 10014 100 36475 2038145275 57489836 10015740
0b000c01 0b00c901 10011 100 32067 2045061345 50602849 10015372
0b000e01 0b00cf01 10008 100 1211281 2016914841 78810919 10114236
0b000301 0b00c201 10009 100 170247 2042173687 53563257 10026956
0b000301 0b00c001 10006 100 41465 2035295040 60487352 10016158
0b000601 0b00c001 10009 100 70094 2036835074 58968042 10018560
0b000101 0b00cd01 10011 100 33934 2038569540 57259856 10015525
0b000e01 0b00cf01 10004 100 1581373 2009766642 86065047 10145264
0b000e01 0b00ca01 10013 100 60129 2054132005 41734521 10017724
0b000401 0b00c101 10012 100 508 2039658580 56211843 10012724
0b000601 0b00c301 10015 100 21811 2057730695 38142523 10014509
0b000901 0b00c901 10012 100 55603 2053531852 42343979 10017343
0b000601 0b00c601 10004 100 1000175 2016642095 79235341 10096537
0b000501 0b00c501 10011 100 24739 2055961057 39917902 10014755
0b000a01 0b00c301 10011 100 40470 2037961885 57931193 10016075
0b000301 0b00c701 10002 100 1665078 2018458868 77457817 10152283
0b000a01 0b00cb01 10009 100 4417 2049368872 46569050 10013052
0b000b01 0b00cf01 10009 100 11877 2049440487 46520322 10013676
0b000e01 0b00c601 10001 100 1715936 2006521264 89443253 10156544
0b000a01 0b00c701 10015 100 38538 2048227403 47748495 10015912
0b000601 0b00cf01 10011 100 4263 2039822022 56155282 10013040
0b000a01 0b00cb01 10006 100 786199 2021758118 74227662 10078598
0b000901 0b00c801 10011 100 5070 2046035552 49972131 10013108
0b000b01 0b00c401 10008 100 24596 2036791806 59276555 10014743
0b000b01 0b00c101 10010 100 557230 2032136153 63993018 10059401
0b000e01 0b00c001 10007 100 837779 2016703086 79483305 10082920
0b000701 0b00c001 10007 100 7371 2035927840 60271080 10013300
0b000401 0b00cd01 10006 100 9286 2057339392 38859547 10013461
0b000501 0b00c801 10012 100 126031 2052052750 44216310 10023250
0b000501 0b00cd01 10013 100 35258 2056004075 40265431 10015638
0b000301 0b00c801 10009 100 9790 2056934229 39358595 10013501
0b000701 0b00c301 10012 100 76279 2046329360 50028480 10019078
0b000c01 0b00c401 10011 100 48931 2055085018 41298339 10016782
0b000c01 0b00c701 10016 100 139556 2054144237 42279544 10024382
0b000701 0b00cf01 10009 100 25288 2056673916 39761516 10014802
0b000601 0b00cf01 10012 100 33831 2045979718 50500046 10015517
0b000301 0b00c201 10012 100 9147 2046790893 49691264 10013450
0b000301 0b00cd01 10008 100 41441 2039786481 56771579 10016156
0b000d01 0b00c101 10009 100 79188 2047513588 49056413 10019322
0b000801 0b00c101 10006 100 1599084 2020170005 76443330 10146750
0b000801 0b00c801 10003 100 29621 2039268046 57369282 10015164
0b000601 0b00ca01 10008 100 2482 2047274827 49374144 10012890
0b000b01 0b00c301 10014 100 191711 2035273230 61378481 10028754
0b000201 0b00c601 10013 100 46389 2055369298 41290250 10016571
0b000101 0b00cd01 10010 100 34209 2036026281 60654451 10015551
0b000401 0b00c001 10015 100 6360 2049804201 46880881 10013215
0b000401 0b00c101 10004 100 543411 2024690392 72026361 10058241
0b000701 0b00c201 10001 100 1602082 2009930564 86893511 10147002
0b000f01 0b00c501 10013 100 15546 2036766999 60095959 10013985
0b000c01 0b00cc01 10007 100 79178 2038082349 58899978 10019321
0b000201 0b00c601 10014 100 26699 2059082915 38006357 10014919
0b000701 0b00c501 10002 100 1386724 2009617983 87482795 10128944
0b000801 0b00cc01 10013 100 35929 2049470117 47665389 10015692
0b000b01 0b00ce01 10011 100 57066 2049119785 48016037 10017468
0b000e01 0b00c801 10012 100 19417 2046963407 50178048 10014310
0b000001 0b00ca01 10013 100 56168 2056246531 40915541 10017392
0b000201 0b00c901 10009 100 25198 2049553287 47614961 10014795
0b000401 0b00c301 10007 100 5132 2059713680 37462097 10013113
0b000a01 0b00c401 10008 100 1005645 2023851658 73327724 10096994
0b000701 0b00cb01 10005 100 34907 2035815497 61371936 10015606
0b000e01 0b00c901 10014 100 25648 2059688347 37535729 10014831
0b000c01 0b00ce01 10007 100 104131 2047099423 50137986 10021413
0b000c01 0b00c901 10007 100 1114524 2022277991 74969460 10106123
0b000001 0b00ca01 10008 100 804700 2038080558 59190804 10080147
0b000d01 0b00c601 10012 100 29347 2046805655 50487106 10015142
0b000f01 0b00c901 10019 100 46423 2058649292 38655011 10016574
0b000b01 0b00c501 10006 100 25961 2046691774 50658153 10014856
0b000701 0b00c601 10015 100 53101 2056211656 41156038 10017135
0b000d01 0b00cf01 10007 100 13490 2050444383 46936516 10013812
0b000601 0b00c401 10013 100 27091 2049563271 47822850 10014954
0b000b01 0b00cf01 10010 100 26778 2050508005 46885315 10014925
0b000601 0b00cf01 10014 100 47167 2048549491 48849403 10016637
0b000e01 0b00c601 10004 100 180356 2032653314 64815330 10027803
0b000901 0b00cd01 10012 100 21245 2060240803 37233982 10014464
0b000d01 0b00c301 10018 100 9364 2050738217 46752302 10013467
0b000a01 0b00c701 10003 100 1128383 2017030561 80483029 10107286
0b000301 0b00c101 10004 100 44186 2040324365 57191012 10016387
0b000c01 0b00c501 10004 100 26272 2036970982 60572303 10014885
0b000c01 0b00cc01 10010 100 24911 2050316092 47249801 10014768
0b000301 0b00c401 10005 100 1143124 2020683597 76887276 10108522
0b000e01 0b00c501 10014 100 27504 2050389397 47193610 10014987
0b000a01 0b00c001 10007 100 3273 2038678861 58905960 10012957
0b000a01 0b00c001 10011 100 44809 2049781577 47841753 10016437
0b000701 0b00cb01 10009 100 23061 2040768644 56859759 10014617
0b000801 0b00c801 10007 100 1789 2047934066 49696263 10012830
0b000f01 0b00c501 10016 100 4076 2051242938 46440391 10013025
0b000f01 0b00ce01 10012 100 11754 2047746292 49968979 10013666
0b000d01 0b00c001 10010 100 7401 2041310193 56412793 10013302
0b000801 0b00ce01 10012 100 37768 2046489472 51239650 10015847
0b000001 0b00ca01 10010 100 393589 2040447369 57300358 10045680
0b000601 0b00c901 10005 100 649235 2030822489 66929472 10067114
0b000901 0b00c401 10013 100 5320 2057776287 40014805 10013128
0b000201 0b00c701 10013 100 41921 2056683642 41135491 10016194
0b000b01 0b00c001 10007 100 274560 2039928973 57899206 10035700
0b000e01 0b00cf01 10019 100 78398 2045453288 52391826 10019255
0b000101 0b00c501 10013 100 40344 2046518945 51329957 10016064
0b000101 0b00c501 10010 100 55205 2036439258 61416883 10017311
0b000401 0b00c001 10012 100 248660 2044109580 53805239 10033528
0b000701 0b00ca01 10006 100 2921 2051088271 46850495 10012925
0b000401 0b00c301 10008 100 18370 2060046513 37937647 10014222
0b000301 0b00ca01 10013 100 5422 2061042924 36950727 10013136
0b000f01 0b00c001 10015 100 3128 2051508597 46487732 10012945
0b000701 0b00ce01 10006 100 201775 2030979603 67024246 10029597
0b000001 0b00cf01 10007 100 1027490 2030982505 67065105 10098826
0b000a01 0b00c101 10009 100 188 2048378154 49690742 10012698
0b000201 0b00c501 10011 100 41298 2056861378 41216897 10016145
0b000801 0b00ca01 10007 100 861090 2027788006 70299822 10084877
0b000001 0b00c201 10009 100 133957 2038218060 59871635 10023911
0b000a01 0b00cd01 10010 100 17725 2047579044 50521803 10014167
0b000701 0b00c601 10004 100 670405 2020711502 77440060 10068889
0b000a01 0b00c301 10015 100 23626 2057574221 40587291 10014662
0b000a01 0b00cd01 10013 100 10287 2051542512 46635110 10013545
0b000b01 0b00c601 10000 100 2577404 2011834112 86363188 10228771
0b000801 0b00c701 10010 100 24272 2038692585 59515242 10014717
0b000201 0b00ce01 10002 100 1272884 2008252269 89967194 10119399
0b000f01 0b00cb01 10012 100 20151 2058084920 40166397 10014372
0b000901 0b00c801 10012 100 463 2051966514 46294795 10012720
0b000201 0b00c301 10010 100 62390 2046127594 52170573 10017913
0b000301 0b00c001 10007 100 57507 2037375658 60924230 10017503
0b000c01 0b00c801 10012 100 39437 2057614597 40773217 10015988
0b000b01 0b00c801 10016 100 64866 2060207495 38214307 10018118
0b000b01 0b00c601 10004 100 460579 2031125138 67331192 10051296
0b000001 0b00c501 10010 100 195442 2043637422 54836962 10029068
0b000101 0b00c301 10005 100 849634 2028853052 69647022 10083914
0b000a01 0b00c001 10009 100 47512 2046710324 51799508 10016665
0b000401 0b00c301 10005 100 48548 2048358299 50191708 10016752
0b000b01 0b00cc01 10005 100 806990 2025457062 73095392 10080338
0b000b01 0b00c101 10018 100 23565 2048116573 50468720 10014657
0b000801 0b00cc01 10012 100 4343 2048613415 50014748 10013046
0b000201 0b00c201 10009 100 61733 2036163138 62508628 10017856
0b000401 0b00cf01 10014 100 123968 2057514299 41166998 10023073
0b000001 0b00c301 10007 100 9530 2038664900 60016611 10013480
0b000b01 0b00cf01 10005 100 820108 2028929286 69753057 10081441
0b000901 0b00ce01 10015 100 3470 2048772758 49939199 10012972
0b000601 0b00c201 10006 100 3891 2038762964 59972382 10013006
0b000401 0b00c501 10011 100 7645 2051725137 47052568 10013322
0b000701 0b00ca01 10005 100 6131 2038857684 59924486 10013197
0b000a01 0b00c101 10012 100 22497 2061536778 37246368 10014568
0b000101 0b00c901 10010 100 66511 2046368618 52427050 10018258
0b000401 0b00ca01 10012 100 58753 2041378545 57452009 10017606
0b000f01 0b00c401 10005 100 170067 2042430369 56400409 10026942
0b000801 0b00c401 10012 100 9895 2052229897 46605355 10013510
0b000e01 0b00c201 10009 100 7085 2048985506 49875081 10013277
0b000f01 0b00c201 10016 100 78208 2049321899 49623078 10019240
0b000c01 0b00c601 10012 100 32244 2041685261 57278622 10015386
0b000901 0b00c901 10011 100 8363 2048982601 49992238 10013383
0b000a01 0b00cd01 10011 100 26374 2048155710 50832014 10014893
0b000a01 0b00c901 10016 100 498471 2035967750 63035223 10054473
0b000601 0b00c101 10016 100 5163 2051824809 47190246 10013116
0b000201 0b00c001 10005 100 66914 2046527000 52493851 10018290
0b000401 0b00c401 10006 100 25000 2060801785 38244665 10014776
0b000c01 0b00c201 10017 100 22918 2048893979 50179903 10014601
0b000201 0b00c301 10009 100 75023 2036163195 62913948 10018973
0b000101 0b00c501 10014 100 68735 2049254367 49823040 10018443
0b000a01 0b00c801 10007 100 24845 2048511820 50601394 10014763
0b000701 0b00c901 10009 100 67747 2047441640 51678287 10018360
0b000a01 0b00c201 10010 100 4425 2052767439 46373671 10013053
0b000b01 0b00c401 10009 100 9794 2039774009 59402981 10013501
0b000e01 0b00cd01 10009 100 79827 2049770559 49408991 10019373
0b000801 0b00cb01 10007 100 1535 2040251615 58980954 10012810
0b000501 0b00c501 10007 100 23376 2042343264 56912660 10014642
0b000701 0b00cf01 10010 100 47306 2058272445 40987282 10016648
0b000c01 0b00c201 10016 100 155756 2047424428 51837888 10025739
0b000c01 0b00cc01 10009 100 5628 2049584170 49683222 10013153
0b000101 0b00c301 10006 100 49339 2050311355 48956663 10016819
0b000f01 0b00c201 10012 100 178800 2045374542 53916781 10027671
0b000101 0b00c101 10012 100 47728 2047836059 51466394 10016682
0b000701 0b00cd01 10009 100 55511 2049929650 49407699 10017335
0b000501 0b00c701 10006 100 20932 2049718321 49628300 10014435
0b000a01 0b00c101 10007 100 67505 2038351372 61026282 10018341
0b000801 0b00c201 10012 100 21304 2052154280 47228618 10014468
0b000c01 0b00c301 10010 100 65053 2050628709 48787910 10018137
0b000001 0b00c801 10012 100 1158 2050049894 49410204 10012780
0b000d01 0b00c001 10006 100 447728 2030568242 68918814 10050218
0b000801 0b00c901 10014 100 4596 2049645212 49880425 10013066
0b000c01 0b00ca01 10009 100 36570 2042020418 57509503 10015747
0b000101 0b00cf01 10008 100 31768 2038813294 60724731 10015344
0b000d01 0b00c901 10006 100 788661 2027201349 72355614 10078802
0b000a01 0b00ca01 10010 100 24527 2048797469 50763366 10014738
0b000301 0b00cd01 10007 100 23613 2039362495 60247371 10014661
0b000101 0b00cd01 10015 100 61442 2047333650 52291695 10017833
0b000c01 0b00c001 10014 100 14630 2049618643 50011940 10013908
0b000a01 0b00cc01 10009 100 19197 2048979479 50668310 10014292
0b000d01 0b00c301 10017 100 7055 2050107226 49598865 10013275
0b000301 0b00c701 10010 100 25480 2043055336 56661829 10014818
0b000001 0b00cc01 10019 100 46065 2061715759 38013408 10016545
0b000201 0b00c301 10011 100 39197 2048631721 51154962 10015969
0b000501 0b00cd01 10015 100 59480 2058766348 41049826 10017668
0b000b01 0b00c801 10015 100 52775 2058270033 41554080 10017105
0b000d01 0b00c801 10014 100 37717 2059200950 40637478 10015843
0b000e01 0b00cd01 10007 100 23144 2039517653 60343537 10014623
0b000d01 0b00ce01 10007 100 54016 2048634303 51321872 10017212
0b000401 0b00ca01 10016 100 3478 2050838449 49123249 10012973
0b000801 0b00c601 10012 100 37452 2061858908 38118369 10015822
0b000501 0b00c801 10008 100 65195 2038945119 61036736 10018149
0b000701 0b00c201 10011 100 6776 2062210943 37773894 10013248
0b000301 0b00c401 10016 100 104512 2059945502 40042057 10021444
0b000401 0b00c801 10003 100 876522 2028062840 71934978 10086169
0b000901 0b00c701 10009 100 40909 2039721557 60279314 10016110
0b000301 0b00ca01 10008 100 601 2053531143 46512541 10012731
0b000001 0b00c801 10016 100 47792 2059566821 40493105 10016687
0b000c01 0b00cb01 10005 100 458937 2035452337 64620333 10051157
0b000b01 0b00cc01 10013 100 168935 2045136832 54960764 10026843
0b000c01 0b00c801 10010 100 104031 2040375453 59747406 10021405
0b000301 0b00cc01 10010 100 142253 2050269876 49922232 10024609
0b000601 0b00c501 10004 100 571777 2028452483 71749808 10060618
0b000401 0b00cc01 10014 100 26806 2061717610 38532273 10014928
0b000c01 0b00c001 10013 100 12145 2040160996 60116105 10013701
0b000501 0b00cf01 10011 100 62114 2050411637 49875409 10017891
0b000801 0b00cd01 10017 100 37424 2058837565 41453723 10015819
0b000701 0b00c701 10013 100 66261 2038103631 62217758 10018238
0b000201 0b00cc01 10017 100 55571 2048589022 51763648 10017340
0b000d01 0b00c001 10014 100 70506 2060514332 39854507 10018593
0b000e01 0b00cb01 10013 100 35031 2062332689 38038404 10015620
0b000201 0b00c201 10013 100 49591 2051751725 48626009 10016839
0b000301 0b00c701 10009 100 64731 2042798815 57607096 10018108
0b000301 0b00c601 10016 100 3754 2053716566 46705225 10012995
0b000101 0b00c701 10011 100 64593 2041875536 58558050 10018097
0b000001 0b00c901 10016 100 2280 2053730664 46709798 10012873
0b000601 0b00cf01 10015 100 6313 2051453014 48998832 10013211
0b000001 0b00c201 10010 100 401742 2040140826 60314384 10046363
0b000301 0b00c001 10010 100 49231 2050253799 50315647 10016810
0b000601 0b00c301 10013 100 5092 2044238188 56349777 10013110
0b000101 0b00c701 10015 100 6738 2061096503 39497840 10013245
0b000201 0b00ce01 10013 100 22366 2060465053 40136875 10014557
0b000401 0b00c301 10010 100 4819 2063027995 37609591 10013084
0b000601 0b00c101 10011 100 20342 2043966446 56714137 10014388
0b000901 0b00c701 10011 100 20103 2053436533 47248328 10014368
0b000901 0b00cc01 10012 100 54739 2052053126 48640554 10017270
0b000301 0b00cf01 10008 100 115717 2042120267 58573647 10022382
0b000d01 0b00c001 10005 100 693106 2030231076 70464388 10070793
0b000901 0b00c801 10006 100 1518022 2018583013 82179875 10139954
0b000d01 0b00c101 10008 100 157910 2045792937 54973721 10025919
0b000301 0b00c601 10015 100 5701 2051505334 49268223 10013159
0b000d01 0b00cc01 10013 100 22984 2053456932 47331478 10014607
0b000101 0b00ca01 10011 100 24538 2060495287 40294923 10014739
0b000d01 0b00c601 10019 100 45460 2062043410 38776369 10016493
0b000d01 0b00c601 10020 100 45107 2062052586 38799805 10016465
0b000401 0b00c501 10012 100 258 2053786292 47067314 10012704
0b000601 0b00c601 10010 100 45668 2050450925 50406629 10016510
0b000f01 0b00cd01 10010 100 22199 2053560899 47297634 10014544
0b000701 0b00c601 10001 100 1279798 2013017155 87917714 10119979
0b000e01 0b00c001 10014 100 44260 2060254589 40683388 10016393
0b000701 0b00c601 10014 100 28335 2052620742 48325416 10015058
0b000c01 0b00c501 10006 100 37565 2053101557 47899019 10015831
0b000d01 0b00c501 10009 100 8134 2054378867 46629442 10013365
0b000f01 0b00c101 10013 100 30222 2053314283 47698962 10015216
0b000a01 0b00ce01 10007 100 26600 2050165590 50869487 10014911
0b000301 0b00cb01 10013 100 30228 2053772370 47276167 10015217
0b000b01 0b00cf01 10011 100 992 2051324113 49759591 10012763
0b000601 0b00ce01 10012 100 45836 2052166927 48939307 10016523
0b000f01 0b00c401 10008 100 7407 2054409505 46707782 10013303
0b000701 0b00ca01 10007 100 63516 2051348314 49770814 10018007
0b000901 0b00c201 10015 100 29478 2059985526 41166964 10015153
0b000501 0b00ca01 10010 100 12593 2040911624 60267051 10013737
0b000001 0b00c101 10016 100 49723 2060709763 40502697 10016849
0b000c01 0b00c301 10009 100 403274 2040651843 60572509 10046493
0b000a01 0b00c601 10001 100 2331381 2008086887 93160408 10208145
0b000a01 0b00c801 10008 100 7425 2051100787 50168580 10013304
0b000701 0b00cf01 10008 100 7019 2041541028 59771204 10013272
0b000b01 0b00ca01 10015 100 22244 2064474296 36861476 10014547
0b000201 0b00c401 10008 100 78844 2051456879 49910597 10019290
0b000501 0b00ce01 10009 100 128970 2047031711 54339477 10023492
0b000d01 0b00cf01 10010 100 57679 2060007455 41365022 10017517
0b000801 0b00c201 10011 100 4156 2051476726 49925566 10013031
0b000801 0b00c701 10015 100 27334 2054139693 47288750 10014974
0b000601 0b00cc01 10004 100 337129 2042392800 59063858 10040948
0b000801 0b00ce01 10017 100 41621 2063359576 38204312 10016170
0b000e01 0b00c301 10006 100 57916 2050275438 51294902 10017536
0b000301 0b00c701 10003 100 651559 2029041041 72597995 10067308
0b000b01 0b00c101 10021 100 39841 2054197320 47486372 10016020
0b000801 0b00c401 10008 100 1314 2042393430 59294034 10012792
0b000501 0b00c201 10005 100 16028 2053886984 47808691 10014027
0b000801 0b00cb01 10011 100 6755 2055037464 46663853 10013247
0b000101 0b00c101 10005 100 1041737 2026463784 75247817 10100020
0b000401 0b00c301 10006 100 25989 2053905406 47865166 10014858
0b000401 0b00cc01 10001 100 1548908 2012214127 89577503 10142540
0b000f01 0b00c501 10020 100 45370 2060666212 41128835 10016486
0b000501 0b00cb01 10012 100 431571 2045218950 56593869 10048864
0b000f01 0b00c101 10017 100 56191 2060443381 41455200 10017394
0b000501 0b00c901 10008 100 72539 2050123237 51782874 10018763
0b000701 0b00c601 10012 100 48455 2043928311 57997418 10016744
0b000e01 0b00ce01 10012 100 97557 2051493827 50486107 10020860
0b000c01 0b00c901 10015 100 9550 2055157846 46836672 10013482
0b000801 0b00c001 10013 100 15561 2055273936 46738634 10013986
0b000f01 0b00c101 10004 100 1229856 2017930248 84092100 10115791
0b000301 0b00ca01 10005 100 9545 2042086299 59965502 10013482
0b000601 0b00c501 10011 100 5463 2054785771 47285178 10013140
0b000a01 0b00cd01 10016 100 13842 2055515386 46650666 10013841
0b000101 0b00c701 10006 100 606752 2032675364 69540817 10063551
0b000b01 0b00c401 10015 100 4264 2065701817 36520562 10013040
0b000c01 0b00c101 10011 100 27434 2041651199 60597413 10014982
0b000301 0b00ce01 10009 100 71343 2051338850 50949454 10018663
0b000701 0b00c001 10009 100 24157 2041821446 60496644 10014708
0b000501 0b00c601 10019 100 79524 2061147388 41222180 10019349
0b000c01 0b00c501 10010 100 72835 2060388330 42028640 10018787
0b000501 0b00c801 10010 100 5975 2042777549 59659245 10013181
0b000f01 0b00c501 10017 100 27010 2052012452 50431180 10014948
0b000b01 0b00ca01 10013 100 34857 2055248041 47218949 10015602
0b000a01 0b00c701 10019 100 4470 2066166298 36452086 10013056
0b000301 0b00c401 10015 100 29373 2052831997 49799463 10015145
0b000c01 0b00ce01 10008 100 136672 2050820327 51839424 10024139
0b000601 0b00cb01 10003 100 1203509 2021956380 80729555 10113584
0b000a01 0b00c901 10018 100 22888 2042597676 60134947 10014599
0b000b01 0b00c801 10010 100 24633 2042686345 60078024 10014746
0b000d01 0b00c301 10016 100 34623 2045292052 57500193 10015584
0b000c01 0b00cc01 10008 100 27723 2045632426 57161820 10015005
0b000a01 0b00c301 10014 100 9969 2052700821 50212787 10013515
0b000701 0b00c101 10008 100 10021 2053798741 49122053 10013523
0b000c01 0b00c601 10017 100 14143 2065322531 37626397 10013869
0b000701 0b00ce01 10008 100 76050 2051022758 51938091 10019059
0b000e01 0b00c301 10004 100 699514 2040944393 62063536 10071329
0b000001 0b00c601 10009 100 4506 2053753633 49264201 10013059
0b000901 0b00c901 10006 100 486557 2032932542 70117667 10053474
0b000501 0b00cc01 10008 100 562453 2031404316 71652537 10059838
0b000301 0b00cd01 10014 100 1005 2056219537 46863409 10012768
0b000e01 0b00c201 10002 100 2171271 2004743653 98355252 10194722
0b000101 0b00cb01 10011 100 27953 2052692904 50415041 10015023
0b000d01 0b00c101 10017 100 7001 2065621616 37487240 10013270
0b000d01 0b00c901 10017 100 75082 2050882058 52261915 10018978
0b000a01 0b00c701 10008 100 1123363 2027581341 75583389 10106865
0b000601 0b00ce01 10013 100 20306 2055084028 48084799 10014385
0b000501 0b00ca01 10011 100 79633 2041201381 61968687 10019357
0b000201 0b00c901 10010 100 3043 2056413145 46777051 10012938
0b000f01 0b00ce01 10010 100 20858 2042785155 60417114 10014429
0b000d01 0b00c001 10011 100 284621 2043650820 59560782 10036544
0b000b01 0b00c101 10019 100 162964 2051776873 51435785 10026343
0b000501 0b00cc01 10017 100 5711 2055929820 47328509 10013159
0b000d01 0b00c101 10015 100 45660 2064449188 38816813 10016509
0b000101 0b00c401 10005 100 163721 2048784029 54489106 10026407
0b000301 0b00cc01 10009 100 7671 2046955581 56350577 10013324
0b000101 0b00ca01 10010 100 375 2056731958 46599539 10012713
0b000d01 0b00c501 10010 100 75712 2061174196 42228220 10019028
0b000d01 0b00c801 10012 100 5347 2053890840 49525936 10013130
0b000401 0b00c001 10019 100 2760 2056153371 47277882 10012912
0b000001 0b00c401 10008 100 184549 2038672196 64809336 10028154
0b000f01 0b00c001 10016 100 38361 2055582502 47916565 10015898
0b000d01 0b00c401 10019 100 161619 2047971824 55528714 10026231
0b000901 0b00cd01 10011 100 2033 2057130767 46377639 10012854
0b000e01 0b00c801 10013 100 75917 2063801864 39740097 10019045
0b000201 0b00c801 10009 100 21499 2053414775 50141528 10014484
0b000a01 0b00c201 10012 100 25668 2062605544 40973915 10014833
0b000801 0b00c501 10010 100 9188 2046988188 56606362 10013453
0b000b01 0b00c801 10013 100 3540 2057299905 46318718 10012978
0b000d01 0b00c801 10015 100 17806 2064077891 39585094 10014173
0b000d01 0b00c401 10015 100 24431 2043344536 60336069 10014730
0b000501 0b00c701 10005 100 167226 2041854432 61848183 10026703
0b000e01 0b00ce01 10013 100 24363 2056395027 47307590 10014725
0b000b01 0b00cc01 10015 100 97684 2050879203 52830103 10020871
0b000001 0b00c801 10015 100 76543 2054742221 48976618 10019099
0b000401 0b00cc01 10011 100 63527 2053108885 50622723 10018007
0b000101 0b00c501 10015 100 2774 2054363296 49370084 10012913
0b000401 0b00cb01 10015 100 44682 2053763597 49993694 10016427
0b000601 0b00c901 10015 100 3967 2065806917 37981809 10013012
0b000d01 0b00c701 10012 100 20844 2065722667 38068160 10014428
0b000f01 0b00cd01 10004 100 34438 2042909164 60886245 10015569
0b000201 0b00c701 10011 100 24464 2053501847 50296058 10014733
0b000401 0b00cc01 10007 100 15206 2043784572 60046081 10013957
0b000001 0b00ce01 10007 100 7530 2057018414 46937383 10013313
0b000c01 0b00c201 10021 100 8915 2054237826 49726971 10013427
0b000101 0b00c001 10016 100 45577 2052772422 51213397 10016502
0b000401 0b00cf01 10012 100 9994 2046985674 57028634 10013517
0b000d01 0b00c301 10024 100 27897 2065645766 38370146 10015019
0b000a01 0b00c501 10010 100 29250 2056329535 47709974 10015135
0b000f01 0b00cd01 10005 100 125547 2043069084 60998158 10023207
0b000b01 0b00c801 10014 100 9399 2057850880 46238792 10013470
0b000e01 0b00c801 10014 100 68159 2064605763 39558633 10018397
0b000b01 0b00ce01 10017 100 37737 2066665073 37502493 10015844
0b000901 0b00c901 10013 100 28324 2056827602 47377212 10015057
0b000d01 0b00c601 10014 100 58281 2052774454 51436954 10017569
0b000501 0b00c901 10010 100 16526 2054864946 49360452 10014067
0b000801 0b00ca01 10012 100 51582 2055925400 48313932 10017006
0b000201 0b00c201 10015 100 26347 2054099852 50169796 10014891
0b000601 0b00c101 10014 100 193232 2049350109 54945603 10028883
0b000e01 0b00c701 10009 100 32645 2064237349 40097145 10015418
0b000901 0b00cc01 10013 100 38226 2052640123 51717620 10015887
0b000601 0b00c801 10017 100 30037 2054497855 49927024 10015202
0b000401 0b00ce01 10013 100 49964 2055819642 48671144 10016869
0b000c01 0b00c001 10002 100 3157735 2004950721 99636794 10277425
0b000d01 0b00c401 10017 100 3100 2044939966 59679885 10012943
0b000601 0b00c601 10003 100 1701433 2014003810 90630082 10155330
0b000401 0b00c901 10011 100 493031 2051748982 52911562 10054019
0b000c01 0b00cb01 10011 100 4422 2058110820 46558090 10013052
0b000101 0b00c001 10017 100 23158 2056998704 47698004 10014624
0b000b01 0b00c401 10012 100 31056 2047451616 57272369 10015287
0b000b01 0b00cf01 10014 100 72865 2056081471 48654088 10018789
0b000501 0b00cd01 10012 100 182202 2048145939 56605197 10027958
0b000c01 0b00cb01 10006 100 8766 2045004867 59750095 10013415
0b000301 0b00cd01 10010 100 56406 2043824691 60952692 10017411
0b000501 0b00cc01 10016 100 56906 2054922123 49933361 10017451
0b000701 0b00c201 10010 100 37157 2054442241 50415096 10015798
0b000a01 0b00c001 10016 100 73796 2065628616 39243034 10018867
0b000101 0b00c501 10012 100 231180 2045075070 59820104 10032065
0b000301 0b00ca01 10006 100 41323 2044356998 60548127 10016147
0b000b01 0b00ca01 10010 100 81917 2052427393 52513249 10019548
0b000601 0b00c801 10006 100 1335221 2019979171 84972260 10124627
0b000401 0b00ce01 10015 100 75732 2064591666 40365148 10019030
0b000501 0b00c701 10009 100 55701 2064355292 40617657 10017351
0b000f01 0b00ca01 10005 100 1383671 2017852582 87143166 10128688
0b000c01 0b00c101 10015 100 40655 2056768093 48261131 10016089
0b000101 0b00cd01 10016 100 24171 2047382105 57656519 10014709
0b000f01 0b00c501 10018 100 66324 2053317918 51729190 10018243
0b000c01 0b00c601 10016 100 2439 2055644456 49433862 10012886
0b000801 0b00c101 10016 100 5232 2058560855 46538111 10013121
0b000401 0b00c101 10003 100 1488164 2019720210 85391539 10137450
0b000401 0b00cd01 10003 100 883646 2031558571 73611516 10086766
0b000401 0b00c901 10013 100 59917 2065360921 39817308 10017703
0b000801 0b00c001 10014 100 5485 2055340694 49859291 10013141
0b000001 0b00c201 10013 100 35937 2067328616 37896316 10015693
0b000001 0b00c901 10017 100 31716 2055096543 50162645 10015340
0b000901 0b00c801 10014 100 2602 2059069105 46213401 10012899
0b000d01 0b00cd01 10010 100 4448 2066196262 39096394 10013055
0b000c01 0b00c401 10009 100 35437 2047917089 57378258 10015653
0b000501 0b00ca01 10006 100 1353528 2020897816 84409033 10126161
0b000f01 0b00c401 10010 100 5051 2055780691 49532790 10013107
0b000001 0b00cc01 10014 100 29639 2045025530 60323865 10015166
0b000d01 0b00ce01 10018 100 66545 2065372250 39985676 10018260
0b000701 0b00cc01 10011 100 64292 2053934908 51448059 10018072
0b000301 0b00cf01 10009 100 47039 2055236995 50169684 10016627
0b000601 0b00c101 10022 100 3858 2067368719 38040586 10013004
0b000c01 0b00cd01 10009 100 61720 2043655520 61755068 10017855
0b000c01 0b00c101 10014 100 41104 2054646190 50898356 10016129
0b000d01 0b00c601 10016 100 59485 2054044581 51501432 10017669
0b000c01 0b00c601 10013 100 14040 2045430135 60118275 10013860
0b000601 0b00cd01 10012 100 10883 2067159731 38390669 10013592
0b000701 0b00c201 10009 100 8812 2045908795 59651297 10013419
0b000d01 0b00ce01 10012 100 2388 2058793640 46804154 10012882
0b000c01 0b00c701 10014 100 20285 2048597172 57014804 10014383
0b000e01 0b00c301 10005 100 55311 2044067397 61583775 10017319
0b000e01 0b00c501 10013 100 9604 2045784076 59888701 10013486
0b000b01 0b00ca01 10016 100 4072 2065918174 39774154 10013024
0b000e01 0b00ce01 10010 100 7936 2045914339 59794492 10013345
0b000201 0b00c701 10010 100 20098 2045328157 60414095 10014368
0b000201 0b00c801 10011 100 3716 2058916206 46832093 10012992
0b000b01 0b00ce01 10014 100 75744 2053378737 52375009 10019031
0b000801 0b00c001 10012 100 28105 2054827767 50939062 10015039
0b000401 0b00c001 10006 100 748495 2029205247 76572759 10075435
0b000d01 0b00c101 10010 100 41913 2048011310 57817008 10016194
0b000e01 0b00c601 10006 100 55635 2054285253 51581442 10017345
0b000e01 0b00c001 10011 100 591153 2047772810 58160272 10062245
0b000501 0b00c901 10011 100 26817 2055909468 50033151 10014929
0b000301 0b00c201 10011 100 9633 2046322101 59650339 10013489
0b000b01 0b00cf01 10008 100 31095 2048856231 57122004 10015290
0b000401 0b00c901 10014 100 1010 2067983976 38044946 10012768
0b000401 0b00ca01 10009 100 689582 2031020835 75072050 10070496
0b000101 0b00c101 10015 100 112574 2061925190 44204145 10022119
0b000001 0b00c001 10007 100 6091 2049594904 56588940 10013194
0b000001 0b00c901 10018 100 61936 2055098720 51115876 10017872
0b000d01 0b00ce01 10013 100 7004 2059333134 46888319 10013271
0b000f01 0b00ce01 10009 100 309555 2037612674 68666422 10038634
0b000601 0b00cd01 10009 100 192829 2051219708 55116330 10028847
0b000001 0b00c301 10012 100 8937 2066897147 39440875 10013429
0b000a01 0b00ca01 10012 100 142560 2064148428 42223991 10024633
0b000f01 0b00c601 10011 100 53549 2055039921 51333405 10017171
0b000e01 0b00c001 10013 100 30871 2055945982 50470406 10015268
0b000501 0b00c301 10013 100 74817 2046786996 59662915 10018953
0b000a01 0b00c601 10009 100 722477 2035075316 71410286 10073254
0b000801 0b00c701 10017 100 22884 2059205599 47304103 10014599
0b000d01 0b00c501 10008 100 133905 2052218228 54303205 10023906
0b000f01 0b00cf01 10002 100 17369 2046143198 60398109 10014138
0b000901 0b00cc01 10015 100 7257 2060213110 46336713 10013291
0b000701 0b00c401 10015 100 6485 2057566221 49000842 10013225
0b000a01 0b00c301 10016 100 148721 2060907684 45691760 10025149
0b000a01 0b00cd01 10017 100 26923 2055655268 50947312 10014937
0b000701 0b00c501 10017 100 42666 2066552005 40061890 10016258
0b000401 0b00c101 10015 100 163792 2053016984 53629968 10026413
0b000c01 0b00cd01 10011 100 176582 2050334170 56316347 10027486
0b000501 0b00c101 10014 100 56072 2056553420 50100356 10017384
0b000701 0b00c601 10013 100 6538 2047082087 59614395 10013229
0b000d01 0b00c901 10020 100 55295 2067058756 39642353 10017318
0b000301 0b00c601 10004 100 1589949 2019745730 86957687 10145981
0b000901 0b00c301 10005 100 1383461 2022768339 83973994 10128671
0b000301 0b00c301 10013 100 39560 2058915535 47852852 10015998
0b000901 0b00c001 10014 100 73004 2053556291 53237687 10018804
0b000401 0b00c501 10018 100 6833 2068547929 38253037 10013253
0b000901 0b00c401 10012 100 149874 2050103132 56736689 10025245
0b000e01 0b00c801 10010 100 167257 2041505884 65366500 10026705
0b000301 0b00c901 10009 100 54559 2065677700 41223996 10017255
0b000501 0b00c401 10008 100 43770 2046458878 60515917 10016350
0b000b01 0b00cc01 10019 100 6797 2070495440 36503956 10013250
0b000301 0b00c601 10003 100 1805872 2016466664 90532949 10164084
0b000301 0b00ce01 10013 100 21350 2067086821 39922800 10014472
0b000701 0b00c601 10016 100 38987 2057808705 49258418 10015948
0b000f01 0b00c701 10009 100 48863 2058258750 48818551 10016777
0b000201 0b00c801 10013 100 6635 2060038966 47050773 10013237
0b000501 0b00ca01 10017 100 8748 2068800304 38322235 10013414
0b000c01 0b00c301 10011 100 64710 2058007008 49171844 10018106
0b000b01 0b00c601 10013 100 66830 2068748288 38441971 10018283
0b000501 0b00c601 10018 100 3903 2058444870 48758787 10013007
0b000b01 0b00cc01 10016 100 53379 2065818869 41429536 10017157
0b000c01 0b00c401 10008 100 38260 2046296539 60953515 10015890
0b000d01 0b00c601 10015 100 198037 2053403767 53867323 10029287
0b000901 0b00c401 10008 100 53787 2045575050 61710341 10017190
0b000b01 0b00c101 10023 100 5283 2060750377 46535063 10013125
0b000101 0b00cb01 10014 100 20675 2059651484 47641861 10014414
0b000f01 0b00cc01 10010 100 41173 2046101004 61212538 10016135
0b000d01 0b00c301 10021 100 21843 2059856590 47458944 10014511
0b000501 0b00cd01 10011 100 295194 2046969215 60366524 10037432
0b000101 0b00c001 10019 100 29273 2059278769 48058881 10015137
0b000f01 0b00c701 10008 100 43172 2056357225 50993803 10016302
0b000501 0b00ca01 10013 100 13651 2058228832 49134144 10013825
0b000901 0b00c601 10012 100 178189 2058996771 48368852 10027622
0b000e01 0b00cb01 10010 100 10147 2050449211 56926233 10013534
0b000c01 0b00c501 10011 100 37160 2066968655 40445636 10015798
0b000301 0b00c701 10011 100 31798 2047263152 60186767 10015346
0b000f01 0b00c401 10011 100 28471 2057100833 50355034 10015069
0b000f01 0b00cc01 10011 100 42098 2056743739 50815590 10016212
0b000c01 0b00cb01 10008 100 27923 2047059358 60501251 10015021
0b000001 0b00ca01 10014 100 35020 2059858463 47770643 10015619
0b000901 0b00c201 10014 100 39233 2059643041 48001502 10015972
0b000a01 0b00c101 10010 100 197542 2053890045 53772289 10029243
0b000801 0b00cb01 10010 100 151088 2054499018 53175842 10025350
0b000101 0b00c601 10008 100 25733 2059793775 47910858 10014838
0b000601 0b00cf01 10013 100 42541 2047304809 60400497 10016248
0b000501 0b00c601 10017 100 41445 2058442172 49334076 10016156
0b000301 0b00c301 10009 100 446366 2048166455 59621067 10050105
0b000201 0b00c001 10006 100 12324 2050738622 57050575 10013715
0b000c01 0b00ce01 10006 100 133779 2046831839 60983722 10023896
0b000901 0b00c201 10009 100 659574 2030549500 77266580 10067980
0b000c01 0b00cc01 10017 100 785 2069032103 38860520 10012746
0b000701 0b00c701 10022 100 72679 2056780986 51115925 10018774
0b000001 0b00ce01 10009 100 198540 2063221389 44707294 10029327
0b000201 0b00c101 10016 100 27958 2059985666 48006184 10015024
0b000301 0b00c001 10012 100 21072 2060635185 47363595 10014450
0b000e01 0b00c401 10011 100 1594 2069375962 38644939 10012815
0b000f01 0b00c001 10018 100 24087 2060354395 47700731 10014702
0b000c01 0b00c701 10015 100 37043 2050253913 57814883 10015789
0b000801 0b00cd01 10018 100 5758 2061519940 46598248 10013163
0b000501 0b00c101 10015 100 37587 2057836142 50285836 10015832
0b000701 0b00c801 10018 100 75424 2055912654 52267452 10019005
0b000801 0b00ce01 10016 100 69436 2058690998 49570787 10018503
0b000a01 0b00c901 10019 100 49243 2056547574 51750499 10016811
0b000101 0b00ca01 10012 100 3282 2061449511 46854899 10012957
0b000401 0b00cf01 10011 100 315436 2040359045 67961683 10039128
0b000801 0b00c701 10016 100 14385 2057950148 50403516 10013888
0b000901 0b00c001 10016 100 27599 2057275488 51089445 10014995
0b000701 0b00c501 10008 100 199863 2051487444 56885478 10029437
0b000201 0b00c401 10009 100 21885 2058147992 50247897 10014515
0b000601 0b00c101 10003 100 1830959 2014713674 93729658 10166187
0b000201 0b00c901 10011 100 30140 2057749623 50699076 10015210
0b000c01 0b00c701 10013 100 178322 2045778442 62687555 10027633
0b000d01 0b00ce01 10011 100 21633 2058467053 49999623 10014495
0b000b01 0b00cc01 10017 100 5412 2068535203 39981540 10013136
0b000601 0b00c001 10011 100 540146 2040830726 67697292 10057969
0b000101 0b00c501 10017 100 40978 2057481721 51091619 10016115
0b000101 0b00ca01 10002 100 1116748 2023602427 84977080 10106309
0b000401 0b00c701 10007 100 25993 2048958912 59657299 10014859
0b000401 0b00cc01 10015 100 55782 2068436632 40194082 10017357
0b000301 0b00c901 10010 100 44855 2067581032 41053135 10016441
0b000701 0b00c301 10015 100 3189 2059942273 48711708 10012950
0b000401 0b00c001 10020 100 50601 2058536988 50163028 10016923
0b000f01 0b00cd01 10007 100 9829 2048617915 60115015 10013504
0b000001 0b00cd01 10011 100 175474 2057027112 51727345 10027393
0b000b01 0b00c801 10012 100 199440 2056193835 52618343 10029403
0b000401 0b00cb01 10017 100 63973 2058368177 50455454 10018043
0b000101 0b00c701 10009 100 470461 2039526144 69360223 10052125
0b000201 0b00cc01 10018 100 64224 2049695568 59194231 10018067
0b000401 0b00cf01 10013 100 97182 2049096865 59797372 10020830
0b000e01 0b00cd01 10006 100 645048 2036984043 71917643 10066764
0b000301 0b00c001 10005 100 975205 2030802195 78102066 10094444
0b000201 0b00c501 10010 100 9884 2048954801 59952683 10013509
0b000a01 0b00c901 10024 100 14579 2068581129 40351696 10013903
0b000701 0b00c501 10011 100 74503 2057647772 51285416 10018928
0b000501 0b00ce01 10013 100 121511 2066022557 42960543 10022869
0b000201 0b00c901 10008 100 536960 2046949544 62042617 10057698
0b000b01 0b00c201 10007 100 2034 2059088458 49954394 10012854
0b000b01 0b00c101 10027 100 46727 2071050982 37996312 10016598
0b000901 0b00cb01 10010 100 28344 2057924177 51129217 10015058
0b000301 0b00c601 10022 100 49485 2067773757 41285751 10016830
0b000701 0b00c501 10012 100 40856 2058508014 50565270 10016105
0b000e01 0b00ca01 10011 100 601560 2040680110 68423556 10063116
0b000501 0b00c201 10007 100 631 2071243069 37863468 10012734
0b000e01 0b00c401 10007 100 181321 2055871369 53265210 10027884
0b000c01 0b00c401 10016 100 43724 2068579870 40556718 10016346
0b000601 0b00c101 10023 100 17228 2070540020 38615173 10014127
0b000101 0b00c501 10020 100 8160 2062039529 47146723 10013367
0b000e01 0b00c901 10010 100 197906 2052603196 56629801 10029272
0b000901 0b00c101 10021 100 65986 2069608104 39675617 10018212
0b000b01 0b00cf01 10018 100 44692 2071716134 37580046 10016428
0b000f01 0b00c601 10012 100 29714 2058700179 50630496 10015172
0b000701 0b00c101 10011 100 9503 2061398767 47942669 10013478
0b000f01 0b00cc01 10012 100 35646 2058547286 50819049 10015669
0b000401 0b00cb01 10009 100 179524 2045265649 64109977 10027733
0b000001 0b00c101 10015 100 336355 2050405233 58980917 10040882
0b000201 0b00c601 10004 100 1183567 2014454071 95010036 10111911
0b000b01 0b00ce01 10018 100 26782 2068737682 40744288 10014926
0b000c01 0b00c501 10008 100 92678 2058843314 50652606 10020451
0b000d01 0b00cf01 10008 100 53214 2051115650 58394094 10017144
0b000701 0b00c101 10010 100 57108 2058079771 51454768 10017471
0b000c01 0b00c201 10024 100 24064 2061713440 47840242 10014701
0b000101 0b00cb01 10010 100 8107 2049821388 59795313 10013363
0b000301 0b00c801 10013 100 2367 2072557197 37076323 10012880
0b000301 0b00c001 10011 100 5398 2060329823 49316324 10013134
0b000201 0b00ce01 10011 100 103752 2055497286 54161284 10021379
0b000801 0b00c601 10013 100 10341 2069437858 40234547 10013549
0b000d01 0b00cd01 10008 100 48151 2058648670 51041369 10016720
0b000b01 0b00c001 10010 100 185362 2047960771 61746698 10028223
0b000d01 0b00cc01 10008 100 533174 2035783463 73959335 10057384
0b000701 0b00c501 10015 100 31719 2059622774 50123040 10015340
0b000901 0b00cd01 10013 100 73969 2066348119 43427997 10018881
0b000001 0b00c301 10008 100 686792 2051040829 58784693 10070261
0b000001 0b00c301 10009 100 3162 2053171156 56684573 10012948
0b000101 0b00c301 10007 100 3372 2050316034 59591358 10012965
0b000b01 0b00ce01 10015 100 64228 2057964232 51970075 10018067
0b000101 0b00c101 10016 100 9752 2062667588 47272702 10013498
0b000701 0b00c801 10020 100 15625 2071021855 38929824 10013991
0b000b01 0b00c301 10021 100 29369 2062742205 47234221 10015144
0b000001 0b00c401 10016 100 62313 2068971692 41006454 10017906
0b000401 0b00c301 10009 100 59219 2060655221 49328388 10017647
0b000d01 0b00c601 10018 100 26679 2059798977 50186640 10014918
0b000f01 0b00c601 10015 100 25920 2070045837 39957050 10014853
0b000c01 0b00c201 10023 100 28713 2059683288 50367517 10015088
0b000901 0b00c401 10015 100 28957 2068954173 41106031 10015107
0b000101 0b00cb01 10015 100 20041 2059965319 50138585 10014363
0b000301 0b00cf01 10013 100 7742 2060774186 49360836 10013330
0b000301 0b00c601 10010 100 719105 2036893060 73256968 10072973
0b000301 0b00ca01 10011 100 155049 2058798636 51385986 10025682
0b000f01 0b00c601 10010 100 120790 2048820746 61414299 10022807
0b000601 0b00cc01 10007 100 349632 2048475498 61782027 10041994
0b000801 0b00cb01 10009 100 49683 2051889481 58401984 10016846
0b000501 0b00c401 10012 100 32845 2061247783 49082308 10015434
0b000c01 0b00cc01 10011 100 512551 2050770781 59572936 10055654
0b000101 0b00c801 10015 100 9469 2070871515 39473972 10013475
0b000201 0b00c701 10014 100 41771 2061858648 48493899 10016182
0b000801 0b00c201 10013 100 24536 2059503494 50876715 10014738
0b000c01 0b00c601 10010 100 704556 2036079410 74302108 10071751
0b000201 0b00cf01 10013 100 617478 2033849095 76586050 10064451
0b000f01 0b00cd01 10009 100 1767 2050973149 59486942 10012829
0b000f01 0b00c201 10018 100 2572 2050934276 59548845 10012897
0b000401 0b00cb01 10018 100 53319 2061312958 49181294 10017152
0b000a01 0b00c901 10020 100 61963 2061684443 48854966 10017875
0b000601 0b00cb01 10014 100 715 2062023385 48518603 10012741
0b000701 0b00c501 10014 100 51355 2059443834 51100637 10016988
0b000f01 0b00cd01 10016 100 4672 2072997168 37558859 10013072
0b000401 0b00ca01 10011 100 954184 2034833449 75723023 10092681
0b000201 0b00cb01 10014 100 46720 2061913237 48746663 10016598
0b000e01 0b00c501 10016 100 19850 2063159367 47561007 10014344
0b000301 0b00cb01 10012 100 30516 2053451701 57323396 10015240
0b000601 0b00ca01 10009 100 44453 2051677885 59149457 10016409
0b000001 0b00c801 10018 100 79309 2061837571 48996253 10019331
0b000b01 0b00c401 10019 100 24413 2070308865 40545421 10014729
0b000b01 0b00c601 10014 100 23329 2070354667 40500070 10014638
0b000d01 0b00c201 10009 100 19225 2053544577 57320455 10014294
0b000501 0b00c901 10014 100 624 2062462727 48404671 10012733
0b000301 0b00cb01 10011 100 12420 2051360203 59529622 10013723
0b000101 0b00c601 10011 100 914 2064080693 46826975 10012756
0b000e01 0b00cf01 10017 100 834077 2035261557 75646426 10082612
0b000201 0b00cc01 10021 100 65535 2058724817 52183362 10018176
0b000801 0b00c701 10008 100 1009826 2030576900 80334352 10097344
0b000401 0b00cb01 10019 100 33771 2071317683 39620861 10015512
0b000b01 0b00cb01 10012 100 5810 2060954580 49991354 10013167
0b000801 0b00c701 10019 100 7501 2060741789 50213503 10013310
0b000c01 0b00c401 10013 100 35160 2060424419 50548797 10015631
0b000d01 0b00cf01 10009 100 55022 2059706579 51280686 10017296
0b000d01 0b00cc01 10015 100 32974 2060635201 50352995 10015444
0b000001 0b00c701 10015 100 176205 2056869658 54150120 10027456
0b000001 0b00ca01 10016 100 65177 2069934807 41098752 10018147
0b000e01 0b00c701 10008 100 17206 2061445127 49594154 10014125
0b000401 0b00c601 10014 100 47518 2071486467 39590729 10016665
0b000301 0b00c801 10006 100 932181 2039866180 71220186 10090837
0b000d01 0b00c601 10013 100 194103 2047405697 63681635 10028957
0b000501 0b00c301 10014 100 17657 2061981326 49220125 10014161
0b000101 0b00cc01 10012 100 34747 2060341649 50867183 10015594
0b000301 0b00c601 10021 100 2880 2064358679 46899619 10012921
0b000101 0b00c601 10009 100 39409 2060221395 51044745 10015986
0b000201 0b00c501 10013 100 4675 2061923672 49343085 10013073
0b000b01 0b00cc01 10012 100 279458 2042937339 68342425 10036111
0b000001 0b00c401 10015 100 15266 2064024112 47264802 10013962
0b000f01 0b00c501 10015 100 289679 2050375509 60931459 10036967
0b000401 0b00c401 10010 100 25734 2072752240 38672097 10014838
0b000401 0b00cf01 10015 100 248139 2064874646 46618974 10033487
0b000d01 0b00c801 10013 100 137902 2059041026 52472220 10024242
0b000001 0b00c001 10011 100 15924 2071934864 39616774 10014015
0b000d01 0b00ca01 10009 100 33206 2050936710 60647610 10015467
0b000b01 0b00cf01 10016 100 6479 2065029180 46561343 10013225
0b000a01 0b00c901 10025 100 43975 2070059484 41588597 10016366
0b000401 0b00ce01 10012 100 26569 2052190138 59516715 10014909
0b000c01 0b00cc01 10013 100 62795 2060068150 51665143 10017945
0b000d01 0b00c301 10023 100 17685 2064229108 47525842 10014163
0b000b01 0b00c101 10020 100 8947 2051849754 59906717 10013430
0b000901 0b00c101 10023 100 5648 2071814665 40083998 10013154
0b000201 0b00cc01 10012 100 450233 2035138057 76764356 10050430
0b000c01 0b00cf01 10006 100 79940 2049464237 62444246 10019382
0b000001 0b00c001 10008 100 13572 2062389671 49550207 10013819
0b000f01 0b00c301 10005 100 829517 2031182305 80770379 10082228
0b000c01 0b00ca01 10010 100 172270 2048656275 63346538 10027125
0b000401 0b00c501 10015 100 13718 2063199909 48830322 10013831
0b000f01 0b00c401 10009 100 3912 2055299253 56757049 10013008
0b000101 0b00cf01 10010 100 192701 2046260130 65896981 10028837
0b000f01 0b00cb01 10014 100 47548 2063065968 49094320 10016668
0b000301 0b00c601 10019 100 66552 2061019277 51161955 10018261
0b000301 0b00c001 10008 100 598113 2041501407 70681774 10062829
0b000c01 0b00c501 10009 100 134627 2059656508 52559087 10023968
0b000b01 0b00c101 10025 100 13535 2065540447 46736966 10013816
0b000f01 0b00c401 10012 100 394356 2057777112 54547891 10045745
0b000d01 0b00cd01 10006 100 225072 2056529027 55805580 10031553
0b000a01 0b00cd01 10018 100 6783 2065990815 46368266 10013249
0b000e01 0b00c001 10010 100 230361 2047400999 64963393 10031995
0b000f01 0b00c801 10010 100 42195 2061395246 51006946 10016220
0b000a01 0b00cd01 10015 100 911 2052613458 59795911 10012756
0b000c01 0b00ce01 10011 100 75375 2070741933 41689198 10019001
0b000a01 0b00ce01 10009 100 214384 2064133114 48384418 10030656
0b000601 0b00c301 10016 100 5647 2064057887 48482013 10013154
0b000b01 0b00ca01 10009 100 874056 2048118720 64449084 10085964
0b000401 0b00c301 10012 100 7624 2064613696 47981554 10013320
0b000e01 0b00c601 10007 100 27753 2054864446 57771808 10015007
0b000801 0b00cd01 10021 100 12917 2065920438 46730528 10013763
0b000601 0b00cf01 10017 100 27632 2063757949 48911862 10014998
0b000b01 0b00cd01 10009 100 3493 2062775741 49908765 10012974
0b000e01 0b00cc01 10021 100 109550 2070656737 42037303 10021866
0b000c01 0b00cb01 10010 100 23184 2055188321 57564066 10014626
0b000601 0b00c401 10018 100 46544 2063111815 49685173 10016584
0b000901 0b00c101 10024 100 22679 2071912038 40917970 10014582
0b000101 0b00cc01 10013 100 53145 2061136798 51702889 10017138
0b000d01 0b00c901 10019 100 78152 2062670364 50193536 10019235
0b000501 0b00c601 10014 100 605369 2048133414 64790681 10063436
0b000c01 0b00c701 10017 100 60478 2071899317 41033224 10017752
0b000d01 0b00c801 10018 100 75478 2070880003 42062471 10019010
0b000e01 0b00c501 10007 100 1201450 2021284411 91688416 10113411
0b000101 0b00ce01 10015 100 2703 2066040372 46939571 10012907
0b000d01 0b00c701 10011 100 65484 2051175216 61814529 10018172
0b000a01 0b00c101 10016 100 4098 2076435392 36566081 10013027
0b000501 0b00c601 10020 100 50852 2062572555 50433959 10016944
0b000a01 0b00ca01 10011 100 186458 2055935808 57094458 10028314
0b000001 0b00c701 10014 100 23347 2055534168 57525243 10014639
0b000701 0b00c501 10018 100 28691 2073288794 39776110 10015086
0b000d01 0b00c101 10018 100 7122 2075137965 37958139 10013280
0b000301 0b00ce01 10016 100 39733 2074221937 38900326 10016012
0b000e01 0b00c401 10010 100 28086 2065016077 48118734 10015038
0b000401 0b00cc01 10012 100 6621 2054299612 58896191 10013236
0b000d01 0b00c801 10010 100 32600 2052650027 60561265 10015414
0b000301 0b00cb01 10020 100 70496 2072955787 40261531 10018592
0b000f01 0b00c901 10020 100 31787 2062807805 50409728 10015345
0b000201 0b00c001 10008 100 7270 2066083563 47175524 10013292
0b000901 0b00cb01 10012 100 23662 2065705547 47554983 10014665
0b000401 0b00c801 10012 100 5818 2065334733 47957030 10013168
0b000601 0b00ce01 10016 100 8762 2074480147 38838607 10013415
0b000e01 0b00c401 10009 100 24409 2063355833 49977756 10014728
0b000801 0b00cd01 10020 100 8240 2063092913 50245868 10013373
0b000501 0b00c601 10023 100 890 2065098917 48242555 10012755
0b000f01 0b00c601 10003 100 1746923 2012900045 100468325 10159142
0b000d01 0b00cc01 10016 100 41291 2062566390 50803889 10016144
0b000701 0b00cc01 10017 100 22158 2073877734 39494576 10014540
0b000b01 0b00c201 10006 100 21110 2052830377 60568605 10014453
0b000801 0b00c701 10014 100 3774 2053432084 59981564 10012997
0b000701 0b00c701 10010 100 1000575 2025307184 88112825 10096569
0b000e01 0b00c101 10022 100 34121 2074931647 38511702 10015544
0b000801 0b00ce01 10014 100 21342 2052780884 60676139 10014471
0b000a01 0b00c301 10019 100 5699 2073516136 39941109 10013158
0b000001 0b00c201 10012 100 564118 2060134135 53358355 10059979
0b000a01 0b00c601 10014 100 2470 2067202957 46294855 10012889
0b000e01 0b00ca01 10014 100 37909 2065171987 48381076 10015858
0b000701 0b00c701 10027 100 7426 2075546651 38032680 10013304
0b000c01 0b00cb01 10009 100 20303 2053433649 60148507 10014384
0b000c01 0b00ce01 10009 100 75320 2053847037 59759693 10018997
0b000101 0b00c501 10016 100 21041 2055938612 57672312 10014447
0b000101 0b00c401 10009 100 74327 2060936835 52676044 10018914
0b000001 0b00c101 10018 100 71583 2072454019 41189012 10018683
0b000d01 0b00c801 10011 100 27758 2053148957 60518478 10015008
0b000e01 0b00ce01 10015 100 875 2064695903 48971957 10012753
0b000201 0b00cf01 10016 100 44056 2062644536 51045575 10016377
0b000d01 0b00c901 10018 100 73906 2061696539 52037479 10018876
0b000001 0b00c201 10016 100 39254 2075371434 38391196 10015973
0b000701 0b00c001 10014 100 53502 2073777859 40074089 10017167
0b000c01 0b00c801 10013 100 95650 2062804952 51055709 10020700
0b000401 0b00ce01 10017 100 23627 2074480782 39429812 10014662
0b000d01 0b00c301 10025 100 3525 2076271021 37651711 10012977
0b000d01 0b00ce01 10019 100 20576 2065916320 48013005 10014406
0b000d01 0b00cd01 10012 100 66307 2072290451 41643515 10018241
0b000901 0b00c101 10019 100 9396 2053645507 60290569 10013470
0b000201 0b00c401 10010 100 202 2064704615 49245710 10012700
0b000601 0b00c101 10013 100 249536 2045554135 68409119 10033602
0b000601 0b00c401 10014 100 27664 2054049850 59936699 10015000
0b000301 0b00c301 10015 100 7227 2064517488 49470028 10013288
0b000b01 0b00c301 10022 100 3957 2067563406 46459159 10013011
0b000401 0b00ca01 10017 100 31925 2065224122 48878066 10015356
0b000201 0b00c101 10009 100 384711 2038234536 75879944 10044935
0b000d01 0b00c401 10026 100 7359 2066614386 47502350 10013299
0b000301 0b00c801 10010 100 157270 2060047634 54098178 10025868
0b000a01 0b00c701 10014 100 292672 2046344457 67818178 10037218
0b000801 0b00c601 10010 100 45568 2056005156 58202146 10016502
0b000201 0b00cf01 10005 100 1196304 2010382847 103833282 10112980
0b000301 0b00ce01 10011 100 25216 2056830516 57395798 10014797
0b000f01 0b00c901 10016 100 23485 2053991127 60239478 10014650
0b000101 0b00c701 10016 100 1735 2067316413 46923821 10012826
0b000201 0b00c801 10010 100 19010 2056479513 57767171 10014277
0b000801 0b00c801 10010 100 63297 2061388388 52862316 10017989
0b000201 0b00c601 10016 100 40364 2063303299 50953790 10016066
0b000f01 0b00ca01 10011 100 671252 2037870412 76406309 10068960
0b000101 0b00c401 10010 100 66746 2062051991 52229626 10018276
0b000601 0b00cf01 10018 100 22269 2065590945 48714933 10014549
0b000401 0b00c801 10002 100 1258628 2024009255 90324043 10118204
0b000101 0b00ce01 10017 100 91839 2073013951 41337781 10020380
0b000e01 0b00c301 10007 100 73433 2062839176 51521469 10018838
0b000b01 0b00c401 10016 100 164721 2069201656 45211283 10026491
0b000701 0b00cb01 10014 100 652581 2046563755 67875799 10067394
0b000801 0b00c901 10015 100 29529 2053365915 61093623 10015157
0b000401 0b00c201 10012 100 26589 2056330105 58134633 10014910
0b000d01 0b00c601 10021 100 30358 2066098365 48384090 10015227
0b000c01 0b00c201 10026 100 9697 2065269948 49224892 10013494
0b000a01 0b00c601 10012 100 78643 2061456936 53086548 10019274
0b000001 0b00cf01 10013 100 3067 2067516334 47047728 10012940
0b000001 0b00c001 10012 100 54772 2073856876 40736513 10017272
0b000701 0b00c301 10003 100 1933382 2008749932 105869741 10174777
0b000a01 0b00c201 10013 100 65035 2065545187 49076493 10018136
0b000a01 0b00c601 10013 100 39457 2066807089 47847686 10015990
0b000d01 0b00c501 10012 100 9524 2075464527 39191888 10013480
0b000a01 0b00cd01 10020 100 2341 2068389711 46277334 10012878
0b000901 0b00c001 10017 100 134028 2068339544 46359732 10023920
0b000101 0b00c301 10008 100 592410 2050612552 64101214 10062349
0b000001 0b00ca01 10018 100 73504 2075303202 39442090 10018844
0b000e01 0b00c401 10006 100 906883 2036076281 78739028 10088713
0b000701 0b00cc01 10018 100 3514 2077039184 37790684 10012976
0b000301 0b00cf01 10010 100 7134 2055484793 59378328 10013281
0b000101 0b00c901 10012 100 52626 2063388134 51481917 10017093
0b000201 0b00ce01 10014 100 2611 2067795315 47089919 10012900
0b000101 0b00cb01 10017 100 146142 2061309319 53602697 10024935
0b000401 0b00c901 10012 100 59795 2054248498 60669818 10017694
0b000a01 0b00c901 10027 100 62967 2075990121 38931995 10017959
0b000c01 0b00ca01 10011 100 78457 2052321962 62613607 10019259
0b000d01 0b00c901 10021 100 4561 2077358418 37579705 10013064
0b000e01 0b00c901 10019 100 13479 2077083001 37868903 10013812
0b000101 0b00cf01 10013 100 20851 2067017392 47983853 10014428
0b000201 0b00c001 10011 100 24248 2076740060 38283088 10014715
0b000b01 0b00cf01 10012 100 64235 2053078136 61970583 10018068
0b000d01 0b00ca01 10010 100 20767 2054942909 60113674 10014422
0b000001 0b00c201 10017 100 36913 2076717466 38394067 10015775
0b000a01 0b00c801 10010 100 37831 2057287030 57858523 10015852
0b000901 0b00c001 10013 100 550250 2052492716 62669502 10058815
0b000b01 0b00c601 10010 100 481871 2049829687 65368614 10053080
0b000b01 0b00cd01 10010 100 7730 2065056422 50156153 10013329
0b000201 0b00c401 10011 100 63487 2075379975 39850570 10018004
0b000501 0b00cc01 10019 100 24455 2066248589 48986208 10014732
0b000101 0b00c601 10007 100 177205 2050142538 65097071 10027539
0b000801 0b00c401 10010 100 471645 2047892753 67352440 10052224
0b000701 0b00c601 10023 100 6927 2076275487 38970173 10013261
0b000301 0b00c401 10020 100 68890 2065671503 49576903 10018456
0b000c01 0b00cf01 10008 100 29299 2057388041 57910551 10015139
0b000001 0b00cf01 10003 100 1310957 2023542341 91823913 10122590
0b000701 0b00c101 10014 100 4517 2076498345 38881335 10013060
0b000d01 0b00ce01 10009 100 84697 2052834423 62558462 10019782
0b000e01 0b00c701 10007 100 129401 2051015784 64378668 10023531
0b000001 0b00ce01 10010 100 58603 2066813622 48581721 10017594
0b000101 0b00c701 10014 100 29084 2054954438 60462149 10015121
0b000901 0b00c401 10011 100 542816 2049822808 65596759 10058190
0b000701 0b00cc01 10016 100 10211 2066785353 48734992 10013539
0b000701 0b00c601 10020 100 22195 2066662718 48935701 10014543
0b000a01 0b00c701 10011 100 739758 2040812412 74809297 10074702
0b000101 0b00c401 10003 100 240282 2047508823 68144541 10032828
0b000001 0b00cf01 10011 100 141931 2062342323 53325259 10024579
0b000801 0b00ce01 10018 100 12267 2065273180 50396882 10013711
0b000301 0b00cc01 10011 100 8597 2058784456 56941937 10013402
0b000a01 0b00ca01 10013 100 16711 2068776447 46987918 10014082
0b000201 0b00c401 10013 100 8244 2078110360 37663227 10013374
0b000701 0b00c601 10009 100 1002272 2026965258 88821211 10096713
0b000401 0b00c501 10013 100 33325 2056021735 59774250 10015476
0b000501 0b00c801 10011 100 152502 2051621304 64225122 10025467
0b000d01 0b00c401 10025 100 24276 2065929589 49917181 10014718
0b000f01 0b00ce01 10013 100 61225 2064359629 51502196 10017816
0b000501 0b00c501 10013 100 69976 2064715073 51199611 10018546
0b000f01 0b00ce01 10015 100 49555 2074971077 40966378 10016836
0b000301 0b00c301 10017 100 21404 2065960792 49988448 10014476
0b000601 0b00c901 10018 100 13316 2067256682 48742294 10013799
0b000401 0b00c301 10013 100 7281 2067683757 48317075 10013293
0b000f01 0b00c301 10014 100 6491 2068591470 47491324 10013226
0b000501 0b00c101 10018 100 24216 2077504584 38711574 10014713
0b000901 0b00c401 10014 100 75419 2065987429 50266699 10019005
0b000501 0b00ca01 10018 100 38276 2076982264 39280818 10015891
0b000c01 0b00ce01 10010 100 54411 2065101852 51176273 10017244
0b000201 0b00c501 10012 100 5148 2059317989 56967543 10013114
0b000101 0b00c501 10021 100 33672 2068079855 48207993 10015504
0b000501 0b00c401 10016 100 16340 2078055525 38255247 10014052
0b000801 0b00c501 10014 100 107268 2061534478 54790088 10021676
0b000901 0b00ce01 10010 100 900319 2033334870 82993955 10088165
0b000d01 0b00c001 10013 100 18703 2056417070 59995914 10014249
0b000e01 0b00c501 10001 100 1950948 2008818124 107626593 10176247
0b000501 0b00c601 10028 100 60945 2076264745 40242671 10017789
0b000001 0b00cb01 10011 100 9094 2066939554 49592851 10013445
0b000901 0b00c901 10015 100 8091 2066242890 50296747 10013361
0b000e01 0b00c901 10020 100 18655 2078469494 38183682 10014245
0b000901 0b00cc01 10016 100 64878 2067063028 49608384 10018119
0b000501 0b00c901 10016 100 43544 2066742661 49936447 10016332
0b000e01 0b00c201 10008 100 1034555 2044490414 72194543 10099418
0b000001 0b00c201 10014 100 375333 2068045892 48649909 10044150
0b000f01 0b00cb01 10013 100 384835 2062259082 54448171 10044945
0b000001 0b00cf01 10000 100 2726323 2010798269 105925711 10241257
0b000901 0b00c601 10015 100 11685 2076326472 40403807 10013660
0b000101 0b00c501 10019 100 185146 2061591394 55153535 10028205
0b000001 0b00c101 10017 100 5429 2069644160 47180445 10013137
0b000501 0b00c701 10012 100 7621 2068533696 48307904 10013320
0b000b01 0b00ca01 10017 100 43256 2069107100 47783822 10016309
0b000a01 0b00c201 10007 100 479000 2039628147 77277135 10052839
0b000201 0b00c701 10006 100 985662 2024708922 92214126 10095319
0b000d01 0b00ca01 10015 100 42143 2067733988 49196846 10016216
0b000c01 0b00c201 10022 100 25565 2056515834 60448926 10014825
0b000f01 0b00cf01 10008 100 2902 2067986057 49029926 10012923
0b000d01 0b00ce01 10017 100 70653 2065339128 51681607 10018604
0b000001 0b00c201 10018 100 27527 2077142688 39903983 10014989
0b000101 0b00cb01 10012 100 51153 2055476869 61603398 10016971
0b000001 0b00c301 10011 100 55258 2066428907 50666479 10017315
0b000601 0b00c901 10016 100 69141 2065972820 51135676 10018480
0b000301 0b00ce01 10010 100 53195 2056537738 60582634 10017142
0b000301 0b00cb01 10007 100 1563461 2025507622 91614425 10143762
0b000701 0b00c401 10018 100 15560 2077762229 39365349 10013986
0b000501 0b00ca01 10016 100 119232 2063808016 53357653 10022679
0b000d01 0b00ca01 10011 100 52443 2055887989 61283421 10017078
0b000501 0b00c001 10006 100 1405135 2020064468 97131207 10130489
0b000501 0b00ce01 10015 100 51196 2076274382 40934134 10016975
0b000301 0b00c601 10018 100 31677 2057292743 59929340 10015337
0b000601 0b00c101 10019 100 35049 2058431199 58797015 10015622
0b000201 0b00cf01 10019 100 198570 2070992225 46256733 10029329
0b000a01 0b00c901 10022 100 49437 2065465539 51805245 10016826
0b000b01 0b00c401 10018 100 24972 2070134492 47157399 10014773
0b000d01 0b00cd01 10005 100 42829 2056361143 60937503 10016271
0b000b01 0b00cf01 10020 100 75531 2078565753 38751174 10019014
0b000f01 0b00cd01 10015 100 138794 2072274092 45043215 10024317
0b000101 0b00c901 10014 100 87212 2064184442 53144026 10019994
0b000601 0b00c901 10017 100 51811 2067002658 50340842 10017024
0b000e01 0b00c101 10017 100 512500 2052202889 65154204 10055649
0b000401 0b00c801 10011 100 299944 2059708940 57657763 10037827
0b000e01 0b00c601 10011 100 3533 2078421206 38947742 10012978
0b000001 0b00cd01 10013 100 24758 2077674431 39711072 10014756
0b000c01 0b00c101 10018 100 4760 2069857219 47530583 10013080
0b000101 0b00c001 10020 100 29005 2069321925 48085841 10015115
0b000401 0b00c001 10023 100 30704 2068099098 49368239 10015255
0b000901 0b00c301 10012 100 338043 2061382152 56089796 10041025
0b000d01 0b00ce01 10015 100 191965 2062027812 55445570 10028774
0b000501 0b00c701 10011 100 27328 2068259255 49228651 10014973
0b000101 0b00c401 10011 100 48318 2066166683 51378106 10016733
0b000701 0b00c701 10021 100 49021 2056534119 61023446 10016793
0b000e01 0b00c401 10012 100 44776 2077549230 40019172 10016434
0b000001 0b00ca01 10015 100 19416 2067933044 49687171 10014310
0b000901 0b00cc01 10004 100 983079 2030009122 87670628 10095104
0b000001 0b00c601 10011 100 6442 2078596086 39092353 10013222
0b000001 0b00ce01 10011 100 14289 2068076845 49613306 10013880
0b000501 0b00c601 10025 100 15900 2068945779 48758482 10014013
0b000f01 0b00c201 10010 100 686097 2040586288 77119350 10070205
0b000801 0b00ce01 10015 100 23599 2056855207 60897634 10014660
0b000101 0b00cb01 10013 100 9514 2058187694 59587130 10013479
0b000101 0b00c101 10021 100 28289 2078877669 38911871 10015054
0b000b01 0b00cb01 10014 100 6518 2071285774 46602481 10013228
0b000c01 0b00c801 10014 100 8191 2068792866 49099577 10013369
0b000d01 0b00c801 10017 100 18842 2068165539 49767779 10014260
0b000401 0b00c401 10008 100 22882 2068941037 49031521 10014598
0b000601 0b00cd01 10007 100 504300 2049472253 68627723 10054963
0b000001 0b00c601 10010 100 18450 2068404812 49761830 10014228
0b000c01 0b00ca01 10013 100 25682 2068263979 49919106 10014834
0b000401 0b00c601 10015 100 17676 2079928589 38260076 10014163
0b000901 0b00cf01 10019 100 74618 2078877138 39314355 10018937
0b000d01 0b00cb01 10010 100 26546 2057941893 60263781 10014907
0b000b01 0b00c401 10017 100 73596 2069202300 49017993 10018851
0b000101 0b00c901 10022 100 1044 2080730985 37493558 10012771
0b000f01 0b00ca01 10014 100 44787 2057090070 61161723 10016435
0b000301 0b00c301 10014 100 361 2059009414 59254906 10012712
0b000a01 0b00ce01 10010 100 68161 2065476741 52793334 10018397
0b000001 0b00c501 10012 100 21335 2060946429 57339057 10014471
0b000301 0b00ca01 10019 100 70612 2077370570 40922522 10018601
0b000c01 0b00c601 10024 100 3994 2079434180 38980576 10013014
0b000c01 0b00ce01 10016 100 1979 2080861812 37582560 10012846
0b000101 0b00c601 10015 100 69226 2077653027 40799462 10018486
0b000f01 0b00c701 10012 100 19761 2079025557 39443861 10014337
0b000a01 0b00cf01 10013 100 1292 2058686776 59791477 10012791
0b000201 0b00c801 10012 100 56780 2059342208 59178530 10017441
0b000101 0b00ce01 10002 100 3937512 2007287707 111319801 10342802
0b000701 0b00cf01 10011 100 8989 2059595562 59014614 10013433
0b000c01 0b00c101 10017 100 43094 2069558053 49096335 10016296
0b000e01 0b00c601 10009 100 25683 2070421854 48239850 10014834
0b000f01 0b00c001 10019 100 25317 2069899353 48783325 10014805
0b000b01 0b00ce01 10019 100 34384 2077929165 40847345 10015565
0b000901 0b00ce01 10018 100 47402 2066517686 52282161 10016656
0b000401 0b00ce01 10014 100 259489 2062283122 56548453 10034437
0b000601 0b00c401 10021 100 31031 2078881668 40046015 10015285
0b000c01 0b00c501 10012 100 37963 2068719631 50209424 10015862
0b000101 0b00cf01 10012 100 63915 2066788020 52154785 10018038
0b000401 0b00c001 10016 100 735000 2054812284 64150790 10074302
0b000901 0b00c501 10021 100 840831 2042195602 76778230 10083175
0b000301 0b00cf01 10011 100 48990 2058583252 60424780 10016787
0b000901 0b00c601 10013 100 380661 2061151880 57863103 10044595
0b000a01 0b00cd01 10019 100 56158 2066732768 52286529 10017391
0b000701 0b00c701 10018 100 408506 2051563508 67462343 10046931
0b000601 0b00ce01 10015 100 8033 2070843250 48208778 10013357
0b000a01 0b00cf01 10014 100 27056 2061684993 57375017 10014952
0b000a01 0b00cf01 10019 100 77315 2076262052 42806031 10019164
0b000901 0b00c201 10020 100 23843 2081650863 37445628 10014679
0b000f01 0b00c601 10013 100 24018 2061152322 57952784 10014697
0b000c01 0b00c501 10007 100 122813 2054992717 64143376 10022977
0b000b01 0b00c801 10004 100 1928573 2018307924 100874592 10174373
0b000301 0b00c601 10023 100 72577 2076727038 42461080 10018766
0b000101 0b00ce01 10016 100 12765 2069672848 49558731 10013751
0b000f01 0b00cc01 10013 100 60687 2068994151 50243594 10017769
0b000b01 0b00c301 10017 100 976441 2041544137 77695557 10094546
0b000901 0b00cf01 10008 100 1536547 2022345554 96904896 10141505
0b000b01 0b00c301 10024 100 73509 2070375148 48886049 10018844
0b000501 0b00c601 10030 100 3004 2081568857 37742613 10012935
0b000601 0b00c401 10016 100 619213 2056730572 62594566 10064597
0b000901 0b00c501 10025 100 79794 2069147308 50183715 10019370
0b000701 0b00c401 10017 100 9886 2070978066 48372729 10013509
0b000001 0b00c901 10025 100 8285 2081575992 37782347 10013377
0b000701 0b00c501 10013 100 37493 2058855739 60502689 10015825
0b000801 0b00c101 10019 100 50817 2070640495 48750256 10016941
0b000f01 0b00c101 10016 100 6637 2060002850 59420396 10013237
0b000d01 0b00c801 10007 100 758735 2042932425 76497037 10076293
0b000a01 0b00cd01 10021 100 69453 2070471100 48994789 10018505
0b000901 0b00cf01 10017 100 26524 2071901125 47588053 10014905
0b000101 0b00ce01 10018 100 56111 2079437752 40059942 10017387
0b000b01 0b00c501 10008 100 40623 2058395673 61113233 10016087
0b000f01 0b00c201 10021 100 21755 2061689042 57865249 10014504
0b000a01 0b00c001 10019 100 179940 2075458985 44157336 10027766
0b000001 0b00cc01 10021 100 5703 2070168972 49450859 10013159
0b000c01 0b00c601 10019 100 121230 2067153360 52501387 10022846
0b000901 0b00cb01 10013 100 22005 2072158270 47512958 10014528
0b000b01 0b00cf01 10021 100 37678 2081914711 37781368 10015840
0b000401 0b00c901 10016 100 8613 2070936933 48767930 10013403
0b000d01 0b00cc01 10014 100 445772 2054537786 65168584 10050054
0b000f01 0b00cf01 10009 100 37510 2069391534 50323503 10015826
0b000001 0b00c801 10021 100 265681 2065029749 54771885 10034955
0b000701 0b00c701 10029 100 53305 2079798622 40027272 10017151
0b000701 0b00c801 10015 100 560242 2045990951 73882581 10059653
0b000b01 0b00cc01 10020 100 39768 2078826156 41052661 10016015
0b000101 0b00cb01 10018 100 11864 2072348455 47540174 10013675
0b000b01 0b00c101 10026 100 79180 2067393136 52531545 10019321
0b000b01 0b00cc01 10018 100 23087 2069274798 50680899 10014619
0b000401 0b00c701 10010 100 93209 2068009929 51986601 10020497
0b000901 0b00cd01 10008 100 503076 2042657348 77353996 10054861
0b000b01 0b00c001 10014 100 28167 2069402810 50625823 10015044
0b000201 0b00c201 10018 100 9780 2070585319 49471287 10013500
0b000f01 0b00c101 10015 100 283761 2059142872 60925337 10036471
0b000d01 0b00c101 10020 100 70305 2078301740 41772163 10018577
0b000001 0b00cc01 10015 100 317550 2051695191 68382541 10039305
0b000f01 0b00ca01 10015 100 51023 2058694500 61386356 10016961
0b000701 0b00c901 10012 100 78548 2057690365 62427357 10019267
0b000901 0b00ca01 10000 100 2617000 2004734872 115406267 10232089
0b000601 0b00cb01 10016 100 410801 2064738000 55410912 10047122
0b000c01 0b00cf01 10003 100 1003181 2035317465 84835677 10096789
0b000501 0b00c401 10014 100 56547 2069565084 50608008 10017422
0b000b01 0b00c601 10017 100 4749 2083360257 36813845 10013079
0b000301 0b00c901 10006 100 116813 2057919710 62301222 10022474
0b000d01 0b00ca01 10018 100 608 2082525430 37695700 10012732
0b000201 0b00cc01 10022 100 21826 2081680557 38545508 10014510
0b000601 0b00ca01 10013 100 113211 2067129167 53112030 10022174
0b000c01 0b00c001 10015 100 550356 2050293935 69948716 10058824
0b000401 0b00cd01 10007 100 70900 2060440131 59829982 10018624
0b000001 0b00c201 10015 100 60636 2069272921 50998371 10017765
0b000b01 0b00c401 10020 100 541 2080427548 39860902 10012727
0b000801 0b00cd01 10023 100 44101 2078326617 42005298 10016380
0b000d01 0b00c101 10007 100 831516 2041439356 78898799 10082396
0b000201 0b00c101 10018 100 68012 2068676378 51672900 10018385
0b000f01 0b00c701 10005 100 1266783 2021504252 98895256 10118887
0b000b01 0b00c001 10016 100 20033 2083122638 37367430 10014363
0b000601 0b00c901 10020 100 48918 2081087836 39454557 10016781
0b000201 0b00c401 10007 100 670445 2045367553 75245921 10068892
0b000301 0b00c401 10011 100 1500577 2034246721 86416229 10138490
0b000d01 0b00cc01 10018 100 3708 2082814829 37894103 10012992
0b000d01 0b00c501 10011 100 73867 2070063708 50750288 10018873
0b000001 0b00cb01 10009 100 164720 2059434679 61399041 10026491
0b000801 0b00c701 10018 100 21174 2060066919 60776904 10014458
0b000701 0b00c701 10024 100 313346 2057201172 63733392 10038953
0b000701 0b00c201 10013 100 50061 2070975890 50004695 10016880
0b000301 0b00c601 10020 100 253134 2062490543 58499559 10033906
0b000601 0b00ca01 10015 100 41286 2070812249 50181292 10016144
0b000101 0b00c901 10013 100 8528 2063839193 57157019 10013396
0b000d01 0b00c401 10004 100 3067927 2005654408 115415656 10269895
0b000501 0b00c701 10008 100 72863 2059438962 61725989 10018789
0b000f01 0b00c201 10026 100 18917 2082719996 38464138 10014266
0b000101 0b00c801 10010 100 2099 2062017340 59249259 10012859
0b000a01 0b00cb01 10014 100 99458 2080117824 41179185 10021020
0b000b01 0b00cb01 10016 100 40483 2080139686 41188740 10016076
0b000801 0b00c201 10017 100 5478 2074594900 46759818 10013141
0b000001 0b00cb01 10016 100 53291 2082134351 39231627 10017150
0b000e01 0b00c101 10021 100 73363 2070258568 51116092 10018833
0b000301 0b00ca01 10015 100 61679 2071724753 49666479 10017852
0b000301 0b00ca01 10016 100 23438 2073352739 48039087 10014647
0b000501 0b00cc01 10018 100 606527 2056431662 64968585 10063533
0b000b01 0b00cd01 10008 100 1975 2061526565 59924755 10012845
0b000101 0b00c201 10008 100 6323 2071847394 49613293 10013212
0b000a01 0b00c601 10015 100 40821 2070113638 51475572 10016103
0b000601 0b00c201 10009 100 37520 2062437910 59160637 10015827
0b000501 0b00ca01 10014 100 43005 2061279375 60353213 10016289
0b000601 0b00c001 10022 100 32966 2072436800 49203049 10015444
0b000b01 0b00cd01 10011 100 32450 2070602109 51039055 10015402
0b000c01 0b00cf01 10010 100 60869 2081404941 40289775 10017783
0b000401 0b00cb01 10012 100 702746 2050846463 70865890 10071599
0b000301 0b00c701 10014 100 45915 2070557331 51164907 10016529
0b000d01 0b00c001 10009 100 671204 2040732650 81064036 10068956
0b000101 0b00c601 10010 100 28246 2063669491 58139348 10015051
0b000201 0b00ca01 10009 100 896777 2037367467 84450683 10087866
0b000a01 0b00c101 10011 100 535338 2054401384 67440153 10057565
0b000d01 0b00ce01 10014 100 58435 2060311820 61550833 10017581
0b000901 0b00c901 10014 100 125773 2065599563 56287656 10023225
0b000001 0b00ca01 10019 100 85446 2080133690 41788377 10019845
0b000201 0b00ca01 10019 100 20965 2083474602 38454160 10014437
0b000801 0b00c101 10023 100 5328 2081839832 40133406 10013129
0b000c01 0b00c401 10018 100 55842 2072332917 49684240 10017362
0b000f01 0b00ca01 10021 100 761 2074699644 47365724 10012744
0b000601 0b00c301 10017 100 1735 2073447273 48664780 10012826
0b000001 0b00c801 10020 100 3050 2062894752 59263355 10012939
0b000101 0b00cf01 10005 100 1469684 2018201812 103994253 10135899
0b000101 0b00c501 10023 100 76476 2079795175 42443957 10019093
0b000301 0b00ce01 10014 100 28823 2071709542 50536879 10015097
0b000301 0b00cb01 10019 100 2903 2072798269 49448156 10012923
0b000301 0b00c001 10016 100 21713 2074265870 47986482 10014501
0b000601 0b00cd01 10011 100 37772 2062942528 59326185 10015847
0b000901 0b00c201 10016 100 119663 2070145651 52126165 10022713
0b000801 0b00c401 10023 100 16631 2084845328 37486932 10014075
0b000101 0b00c501 10018 100 312736 2059113883 63219287 10038900
0b000a01 0b00c901 10031 100 39215 2084194049 38178944 10015970
0b000101 0b00cd01 10023 100 56195 2081067940 41395152 10017394
0b000901 0b00c001 10015 100 381009 2053859058 68612441 10044627
0b000901 0b00c901 10017 100 54186 2069521502 52952579 10017226
0b000201 0b00cd01 10012 100 11780 2072931474 49546357 10013668
0b000301 0b00cb01 10017 100 356566 2068478872 54022240 10042576
0b000101 0b00c701 10018 100 25815 2074078774 48425955 10014845
0b000401 0b00c001 10025 100 28733 2073779839 48739976 10015090
0b000901 0b00c001 10018 100 37969 2074530693 48055806 10015863
0b000901 0b00c101 10022 100 52327 2070000357 52606962 10017069
0b000101 0b00cd01 10021 100 58453 2070918291 51695882 10017582
0b000201 0b00ca01 10013 100 15464 2075017080 47602329 10013978
0b000901 0b00c301 10011 100 236332 2060738435 61912123 10032496
0b000f01 0b00cb01 10015 100 27849 2072739788 49929398 10015015
0b000c01 0b00c801 10015 100 7484 2073715802 48959591 10013309
0b000701 0b00ca01 10009 100 81737 2060462720 62228534 10019533
0b000d01 0b00c101 10013 100 47186 2061594064 61097797 10016639
0b000501 0b00c301 10015 100 4895 2074912374 47819117 10013090
0b000201 0b00cc01 10023 100 29492 2082329426 40423490 10015154
0b000801 0b00c401 10015 100 183028 2068268462 54525033 10028028
0b000b01 0b00cb01 10015 100 42567 2075078575 47732885 10016250
0b000901 0b00ce01 10017 100 421622 2064647648 58200136 10048030
0b000901 0b00ca01 10014 100 26591 2065112313 57768223 10014910
0b000201 0b00c101 10017 100 49747 2064015916 58881529 10016851
0b000d01 0b00cf01 10011 100 46208 2061871119 61026948 10016557
0b000901 0b00c501 10022 100 756496 2042887749 80012666 10076106
0b000701 0b00c001 10015 100 26703 2074099515 48845253 10014919
0b000201 0b00ca01 10000 100 2046311 2004093635 118856140 10184245
0b000e01 0b00c701 10012 100 1062 2085287172 37672002 10012772
0b000c01 0b00cb01 10015 100 7751 2075033717 47931384 10013330
0b000501 0b00c601 10021 100 39092 2062924178 60063775 10015960
0b000701 0b00c001 10016 100 7738 2075089676 47932935 10013329
0b000001 0b00c901 10021 100 168955 2068871146 54157965 10026845
0b000e01 0b00cc01 10016 100 851423 2046463711 76583647 10084065
0b000201 0b00c301 10007 100 952083 2024624779 98575125 10092506
0b000a01 0b00c601 10010 100 810357 2041818491 81396750 10080622
0b000e01 0b00c101 10020 100 653312 2064255890 59053160 10067456
0b000301 0b00c101 10008 100 189410 2066260903 57053550 10028562
0b000e01 0b00c901 10016 100 8403 2063798599 59519322 10013386
0b000101 0b00cf01 10011 100 60920 2063740377 59584237 10017787
0b000001 0b00cf01 10018 100 51414 2082699026 40673117 10016992
0b000501 0b00c901 10005 100 767801 2036149324 87289946 10077053
0b000301 0b00ca01 10017 100 21307 2075313833 48180294 10014469
0b000f01 0b00c401 10015 100 23740 2073728301 49768349 10014671
0b000901 0b00c801 10017 100 147823 2069885154 53646309 10025074
0b000801 0b00ca01 10014 100 7369 2067112685 56457476 10013300
0b000c01 0b00c601 10026 100 73090 2081998758 41624350 10018811
0b000201 0b00c901 10014 100 2685 2074486729 49167542 10012906
0b000701 0b00c201 10012 100 27567 2064153209 59525912 10014992
0b000101 0b00c001 10021 100 76660 2071022625 52662385 10019108
0b000b01 0b00c701 10013 100 77904 2081670230 42020649 10019211
0b000601 0b00c701 10016 100 2101 2086096915 37602237 10012859
0b000a01 0b00cf01 10010 100 741104 2044689272 79023365 10074817
0b000201 0b00c001 10007 100 34409 2065244560 58468379 10015567
0b000701 0b00c801 10021 100 53366 2073720156 50014892 10017156
0b000e01 0b00cb01 10015 100 60792 2083737939 40010225 10017777
0b000f01 0b00c701 10010 100 75782 2061574708 62191400 10019034
0b000001 0b00cb01 10010 100 69367 2064977422 58865882 10018498
0b000501 0b00c001 10021 100 24885 2064930937 58960405 10014766
0b000f01 0b00c001 10020 100 9486 2074856794 49038348 10013477
0b000a01 0b00cc01 10012 100 3498 2063908008 60014451 10012975
0b000c01 0b00cb01 10014 100 83406 2072105501 51916159 10019675
0b000c01 0b00ce01 10013 100 2249 2075284401 48738065 10012871
0b000801 0b00c901 10016 100 21283 2066824671 57237049 10014467
0b000101 0b00c601 10017 100 48781 2083009237 41054354 10016770
0b000501 0b00cd01 10007 100 1098709 2029187455 94881668 10104796
0b000001 0b00c901 10022 100 20093 2076101458 47970436 10014368
0b000001 0b00cf01 10012 100 31356 2063935072 60175099 10015311
0b000501 0b00c701 10014 100 8354 2075950505 48174154 10013382
0b000c01 0b00c401 10014 100 76769 2061849656 62298639 10019117
0b000801 0b00cb01 10012 100 25942 2066642326 57507688 10014855
0b000f01 0b00ca01 10016 100 38961 2063470150 60797005 10015946
0b000101 0b00c001 10027 100 17178 2086116796 38153816 10014123
0b000a01 0b00cd01 10023 100 65319 2081649710 42633864 10018158
0b000101 0b00c201 10007 100 7272 2066989758 57322847 10013292
0b000b01 0b00c101 10029 100 36317 2076777364 47588089 10015727
0b000401 0b00c601 10007 100 1018031 2036605935 87790980 10098035
0b000601 0b00c801 10020 100 179937 2079854824 44549926 10027766
0b000501 0b00c601 10022 100 25079 2065045543 59363503 10014786
0b000701 0b00c001 10017 100 32540 2075299456 49127438 10015409
0b000401 0b00c701 10014 100 21215 2075815933 48642426 10014461
0b000201 0b00c501 10015 100 21124 2074488978 49973541 10014454
0b000d01 0b00c601 10024 100 54400 2083014223 41476037 10017243
0b000601 0b00ce01 10014 100 57897 2064194479 60321034 10017534
0b000401 0b00c201 10013 100 32526 2085481745 39041594 10015408
0b000f01 0b00cb01 10016 100 45216 2073811821 50748404 10016473
0b000801 0b00cc01 10002 100 3161824 2011030519 113534066 10277768
0b000201 0b00cf01 10017 100 53766 2063197946 61427865 10017188
0b000001 0b00c201 10019 100 1339 2077236746 47402400 10012794
0b000d01 0b00cb01 10015 100 78396 2082318852 42366303 10019255
0b000d01 0b00c001 10021 100 17369 2076164776 48546066 10014138
0b000001 0b00c801 10024 100 32715 2076470819 48241343 10015423
0b000301 0b00c401 10024 100 546 2087228305 37490627 10012727
0b000e01 0b00cd01 10012 100 69056 2083697334 41067040 10018473
0b000401 0b00c001 10026 100 3343 2076101433 48679724 10012962
0b000501 0b00c201 10008 100 4302 2076087541 48696772 10013043
0b000501 0b00c701 10004 100 693589 2039179165 85615311 10070832
0b000801 0b00ca01 10019 100 15463 2087061711 37778892 10013978
0b000801 0b00cd01 10019 100 47287 2062650602 62195768 10016647
0b000401 0b00cc01 10018 100 63329 2082919201 41943334 10017992
0b000501 0b00c701 10016 100 216114 2078350272 46569844 10030802
0b000f01 0b00cf01 10010 100 126573 2071854799 53095706 10023293
0b000801 0b00c501 10023 100 4292 2085024493 39954381 10013042
0b000d01 0b00c201 10010 100 9575 2067256793 57792203 10013484
0b000a01 0b00c901 10026 100 51940 2073174455 51887808 10017034
0b000401 0b00c501 10016 100 4088 2066664691 58400758 10013026
0b000d01 0b00c701 10013 100 40424 2066094264 58986009 10016071
0b000901 0b00c501 10028 100 114295 2083655417 41446235 10022265
0b000601 0b00cb01 10011 100 902623 2042529002 82575691 10088357
0b000d01 0b00c701 10015 100 7578 2067507814 57599599 10013316
0b000901 0b00c401 10017 100 454 2075150949 49962889 10012720
0b000201 0b00c501 10016 100 37296 2074493756 50629584 10015809
0b000b01 0b00ca01 10019 100 65960 2086449276 38688406 10018210
0b000801 0b00c301 10011 100 29969 2073759201 51382710 10015192
0b000801 0b00c701 10022 100 47188 2076198395 48948880 10016639
0b000e01 0b00cb01 10005 100 1039410 2032852090 92313128 10099826
0b000501 0b00ca01 10015 100 84857 2063292477 61923929 10019794
0b000201 0b00c801 10014 100 22283 2076961099 48269669 10014550
0b000801 0b00c201 10020 100 46140 2083235189 42005595 10016551
0b000a01 0b00cc01 10016 100 173725 2081258570 43989728 10027246
0b000a01 0b00ca01 10015 100 55673 2086180564 39074026 10017348
0b000901 0b00c001 10020 100 55675 2083286440 41987243 10017349
0b000d01 0b00c001 10020 100 232753 2075745883 49550515 10032194
0b000801 0b00c701 10023 100 20889 2077857131 47515175 10014431
0b000301 0b00cd01 10015 100 68048 2063855472 61545980 10018388
0b000901 0b00c601 10014 100 17750 2074760659 50666428 10014169
0b000601 0b00c501 10013 100 43956 2065297898 60148254 10016365
0b000001 0b00cd01 10017 100 8429 2086040521 39482714 10013388
0b000301 0b00ca01 10020 100 83778 2081680008 43866830 10019704
0b000901 0b00ca01 10016 100 943 2075724361 49850902 10012759
0b000e01 0b00ca01 10017 100 6673 2076660862 49011627 10013240
0b000901 0b00c801 10022 100 6469 2085595490 40093348 10013224
0b000501 0b00cd01 10019 100 2021 2076826431 48893178 10012853
0b000301 0b00c901 10012 100 26030 2075507711 50221544 10014866
0b000101 0b00ca01 10007 100 624242 2048411674 77351602 10065019
0b000901 0b00c901 10020 100 55049 2083596351 42199985 10017298
0b000e01 0b00cc01 10020 100 275076 2068636081 57160514 10035745
0b000601 0b00c701 10014 100 34328 2066110243 59692253 10015560
0b000701 0b00c101 10012 100 67394 2064515087 61302886 10018332
0b000401 0b00c901 10019 100 40804 2086468673 39349438 10016101
0b000b01 0b00c301 10018 100 552721 2058053681 67767330 10059021
0b000b01 0b00cd01 10013 100 31687 2088228473 37621323 10015337
0b000c01 0b00c301 10015 100 21563 2076318904 49546259 10014489
0b000501 0b00cb01 10016 100 167299 2081345594 44554619 10026709
0b000901 0b00c801 10019 100 8231 2075746964 50193819 10013373
0b000801 0b00c901 10020 100 12657 2085496523 40446867 10013742
0b000f01 0b00c201 10022 100 8852 2066500870 59448563 10013422
0b000201 0b00cf01 10021 100 208031 2077224601 48886044 10030125
0b000a01 0b00cf01 10020 100 3558 2079609914 46538559 10012980
0b000701 0b00c801 10022 100 260142 2075055465 51179505 10034493
0b000b01 0b00c001 10017 100 6524 2089277285 36962190 10013228
0b000b01 0b00c501 10014 100 74903 2087346517 38908646 10018960
0b000f01 0b00c601 10017 100 47478 2075204773 51053202 10016662
0b000101 0b00c901 10027 100 23275 2085979728 40317470 10014634
0b000801 0b00c001 10018 100 5687 2086226084 40074765 10013158
0b000801 0b00cd01 10024 100 6483 2079259911 47065870 10013225
0b000d01 0b00c801 10016 100 24915 2066308097 60052267 10014769
0b000401 0b00cd01 10015 100 69882 2085571106 40805403 10018539
0b000b01 0b00c001 10015 100 8807 2079629048 46775098 10013419
0b000201 0b00c801 10016 100 2567 2078902407 47506544 10012896
0b000701 0b00c901 10002 100 1963737 2007304522 119181015 10177320
0b000101 0b00c001 10026 100 26268 2086050292 40499667 10014885
0b000401 0b00c701 10015 100 2991 2078799823 47756908 10012930
0b000b01 0b00c601 10019 100 8882 2086600439 39969034 10013425
0b000901 0b00c301 10016 100 91926 2076361787 50223819 10020387
0b000d01 0b00c701 10019 100 6843 2087537175 39066657 10013254
0b000501 0b00c201 10009 100 35841 2076177432 50433733 10015685
0b000701 0b00cd01 10012 100 31933 2076529461 50124156 10015357
0b000601 0b00c401 10020 100 9491 2078555533 48131410 10013477
0b000501 0b00cf01 10008 100 990078 2032683621 94011505 10095691
0b000001 0b00ca01 10021 100 31779 2086491833 40258471 10015345
0b000d01 0b00c701 10014 100 15239 2067042740 59718290 10013960
0b000901 0b00c501 10026 100 22414 2076093704 50693279 10014561
0b000f01 0b00ca01 10022 100 1094 2078232480 48661793 10012775
0b000c01 0b00c101 10016 100 195209 2059932029 67019785 10029049
0b000c01 0b00c201 10030 100 37977 2087334468 39681906 10015864
0b000101 0b00cf01 10015 100 25476 2078344559 48674984 10014817
0b000101 0b00c101 10017 100 15946 2066999068 60021048 10014017
0b000001 0b00cb01 10013 100 63095 2077604159 49478068 10017973
0b000101 0b00cc01 10016 100 6949 2077773539 49314739 10013262
0b000e01 0b00c501 10017 100 14723 2079083870 48011750 10013915
0b000a01 0b00ce01 10013 100 122404 2075730143 51373312 10022944
0b000101 0b00c401 10015 100 56123 2085463386 41692590 10017388
0b000701 0b00c501 10004 100 1455967 2017208393 109960556 10134748
0b000501 0b00c901 10017 100 42902 2076411139 50769775 10016277
0b000901 0b00c501 10024 100 15 2067245112 59957903 10012685
0b000101 0b00cc01 10018 100 29705 2078284749 48947118 10015171
0b000301 0b00ca01 10018 100 24680 2077039736 50196748 10014750
0b000501 0b00cb01 10013 100 729025 2048142969 79150883 10073805
0b000f01 0b00ce01 10017 100 63426 2075628921 51736287 10017999
0b000f01 0b00c301 10015 100 44186 2076515665 50850545 10016387
0b000301 0b00c401 10023 100 97420 2084364809 43008161 10020849
0b000701 0b00ca01 10011 100 8839 2079225893 48174162 10013421
0b000401 0b00cd01 10009 100 80754 2075199286 52216286 10019451
0b000401 0b00cf01 10016 100 29305 2068171367 59295894 10015139
0b000501 0b00c501 10016 100 19004 2077706676 49779809 10014277
0b000401 0b00c401 10011 100 5009 2078503249 49017133 10013103
0b000601 0b00c001 10026 100 14287 2089214922 38311708 10013880
0b000d01 0b00c201 10015 100 52047 2086306314 41243601 10017047
0b000d01 0b00c801 10019 100 52536 2076634360 50924783 10017086
0b000c01 0b00cc01 10005 100 1295836 2024636097 102952393 10121323
0b000a01 0b00cf01 10015 100 57666 2065364784 62229358 10017516
0b000b01 0b00c701 10011 100 2243 2077560512 50045373 10012870
0b000501 0b00ce01 10014 100 68254 2075771508 51847316 10018405
0b000501 0b00c101 10020 100 51996 2087795735 39843559 10017039
0b000901 0b00c201 10023 100 3094 2090604706 37069363 10012942
0b000701 0b00c301 10017 100 32548 2067958905 59739755 10015410
0b000601 0b00c201 10012 100 1137 2079896339 47802713 10012778
0b000a01 0b00cb01 10011 100 168725 2064656090 63053786 10026826
0b000101 0b00ce01 10019 100 3828 2079938009 47771914 10013001
0b000e01 0b00cc01 10024 100 13177 2089157688 38565824 10013787
0b000901 0b00cf01 10018 100 9678 2077280539 50445219 10013492
0b000f01 0b00ce01 10018 100 27680 2079038676 48687316 10015001
0b000801 0b00c401 10009 100 620922 2044393595 83387131 10064738
0b000101 0b00c901 10005 100 1107101 2027423687 100410957 10105502
0b000101 0b00cc01 10019 100 20519 2079426551 48415843 10014402
0b000801 0b00c401 10020 100 29409 2076675512 51201279 10015147
0b000501 0b00cb01 10015 100 586148 2055034298 72851813 10061825
0b000b01 0b00c801 10017 100 22388 2077129037 50779222 10014559
0b000901 0b00c801 10020 100 22517 2076791308 51118925 10014569
0b000401 0b00c801 10013 100 11865 2089665097 38258355 10013675
0b000701 0b00ce01 10011 100 79777 2075598118 52330164 10019369
0b000701 0b00c601 10026 100 30092 2087503422 40461964 10015206
0b000901 0b00ce01 10023 100 22697 2087387178 40578532 10014584
0b000b01 0b00c801 10019 100 75492 2089277979 38705226 10019011
0b000801 0b00ca01 10018 100 89389 2086130847 41864282 10020176
0b000101 0b00c801 10003 100 1102561 2029079714 98918174 10105120
0b000401 0b00c701 10016 100 27699 2079234837 48763693 10015003
0b000901 0b00ca01 10022 100 9422 2090978477 37020248 10013472
0b000301 0b00cd01 10016 100 392934 2063988017 64036792 10045623
0b000901 0b00cb01 10017 100 27303 2090263871 37765744 10014971
0b000e01 0b00c001 10016 100 12945 2080068749 47972475 10013765
0b000801 0b00c101 10017 100 9753 2067651419 60401888 10013498
0b000601 0b00ca01 10016 100 353 2079033132 49022295 10012712
0b000801 0b00c201 10023 100 33220 2086259462 41807479 10015468
0b000b01 0b00c601 10011 100 1142167 2053239931 74836686 10108442
0b000501 0b00c801 10013 100 27845 2079418029 48737892 10015015
0b000101 0b00c801 10009 100 520900 2057378047 70849638 10056352
0b000301 0b00cd01 10018 100 13691 2080143586 48093668 10013829
0b000101 0b00c301 10010 100 71056 2077487591 50807759 10018640
0b000e01 0b00c601 10012 100 12359 2080133710 48191027 10013718
0b000f01 0b00cf01 10007 100 359525 2063653226 64681368 10042824
0b000a01 0b00cc01 10019 100 2252 2088395707 39941789 10012871
0b000c01 0b00ca01 10014 100 37582 2069038300 59301127 10015832
0b000f01 0b00cd01 10014 100 24835 2068353157 59995042 10014762
0b000601 0b00c401 10017 100 315990 2057185395 71163694 10039172
0b000c01 0b00ce01 10015 100 26616 2079768040 48628307 10014912
0b000301 0b00ce01 10012 100 70991 2066326284 62088718 10018631
0b000001 0b00c801 10025 100 24227 2080018738 48397284 10014714
0b000c01 0b00c201 10020 100 412357 2052576292 75853782 10047254
0b000a01 0b00c901 10023 100 69162 2065558157 62887973 10018481
0b000101 0b00c001 10023 100 75608 2075960825 52486202 10019020
0b000101 0b00c901 10018 100 31282 2079328893 49126436 10015305
0b000f01 0b00c601 10016 100 188066 2070861180 57609069 10028451
0b000201 0b00c201 10019 100 137011 2073816664 54666156 10024170
0b000301 0b00cc01 10008 100 1589021 2035963784 92537867 10145907
0b000e01 0b00cf01 10024 100 112361 2075963622 52538820 10022102
0b000801 0b00c501 10020 100 21391 2080765010 47754418 10014475
0b000a01 0b00cc01 10013 100 3842 2068416905 60105535 10013002
0b000301 0b00c201 10015 100 186811 2072518957 56016776 10028342
0b000201 0b00c501 10020 100 6464 2090843163 37714913 10013224
0b000601 0b00c301 10023 100 45448 2087676816 40887304 10016492
0b000c01 0b00c601 10009 100 967333 2035029477 93553712 10093783
0b000501 0b00c601 10035 100 12258 2088887968 39700416 10013710
0b000201 0b00ca01 10016 100 7291 2079273172 49319859 10013294
0b000901 0b00c201 10018 100 27221 2077590466 51010864 10014965
0b000c01 0b00c601 10021 100 41391 2078189016 50483447 10016152
0b000a01 0b00c501 10012 100 9251 2068416501 60258163 10013458
0b000001 0b00c401 10017 100 164482 2076043777 52767578 10026472
0b000401 0b00c501 10020 100 199831 2080927534 47934646 10029434
0b000201 0b00c101 10021 100 76004 2077795025 51154916 10019056
0b000801 0b00c401 10017 100 75784 2075293484 53708186 10019034
0b000801 0b00c901 10019 100 76472 2078534413 50504152 10019093
0b000101 0b00ca01 10016 100 5171 2081325770 47713025 10013116
0b000b01 0b00c301 10027 100 192392 2083874462 45166398 10028812
0b000601 0b00ca01 10018 100 44570 2088236869 40836669 10016418
0b000c01 0b00cd01 10015 100 177039 2074201187 54872838 10027526
0b000f01 0b00c501 10022 100 241940 2069368353 59709495 10032964
0b000501 0b00c501 10015 100 62648 2077343045 51833192 10017933
0b000c01 0b00cb01 10016 100 26390 2080405723 48777255 10014894
0b000101 0b00c301 10015 100 62296 2088842732 40344607 10017905
0b000001 0b00c901 10013 100 1348617 2042721457 86492457 10125749
0b000d01 0b00c201 10013 100 7509 2081225915 48035992 10013311
0b000f01 0b00c201 10025 100 19778 2080986406 48383639 10014339
0b000001 0b00cf01 10025 100 37781 2090391975 38981944 10015848
0b000e01 0b00cf01 10025 100 10090 2080011274 49377834 10013529
0b000701 0b00c201 10015 100 15441 2081096274 48330220 10013976
0b000a01 0b00ce01 10012 100 78312 2069849410 59579657 10019248
0b000901 0b00cc01 10014 100 330557 2056868210 72571996 10040395
0b000e01 0b00ca01 10021 100 79419 2088597255 40852802 10019340
0b000901 0b00cd01 10017 100 53920 2090872735 38599424 10017200
0b000601 0b00cf01 10021 100 529 2091894681 37587886 10012726
0b000f01 0b00c201 10009 100 1113063 2035840105 93644651 10106002
0b000201 0b00c101 10023 100 21403 2080978184 48508876 10014476
0b000101 0b00c401 10013 100 113569 2085219503 44328658 10022203
0b000601 0b00cd01 10010 100 955251 2053890596 75673352 10092771
0b000d01 0b00c701 10017 100 19892 2080094292 49475551 10014348
0b000901 0b00ca01 10019 100 20708 2082054505 47552014 10014417
0b000701 0b00c101 10013 100 60904 2068368550 61255660 10017786
0b000601 0b00ca01 10017 100 170742 2083770804 45858828 10026996
0b000601 0b00ca01 10014 100 77644 2068556474 61092397 10019191
0b000901 0b00c301 10018 100 9399 2082499066 47181024 10013470
0b000801 0b00c701 10024 100 25853 2088336389 41348846 10014848
0b000801 0b00c101 10020 100 5537 2079356660 50341700 10013146
0b000701 0b00cf01 10017 100 26766 2089283690 40438771 10014924
0b000d01 0b00c101 10025 100 20728 2090588561 39175012 10014418
0b000701 0b00c201 10016 100 22030 2081128064 48651048 10014530
0b000f01 0b00c901 10022 100 11150 2071653813 58147585 10013618
0b000001 0b00cd01 10018 100 1679 2092366843 37448617 10012822
0b000201 0b00ca01 10018 100 53911 2079684202 50222717 10017200
0b000501 0b00c701 10010 100 355856 2066001098 63930622 10042515
0b000401 0b00c001 10024 100 44028 2069792844 60168517 10016375
0b000101 0b00c901 10020 100 22326 2079965499 49999770 10014554
0b000401 0b00cf01 10019 100 125791 2076867879 53099163 10023227
0b000601 0b00c001 10023 100 92706 2077472372 52500670 10020453
0b000101 0b00c901 10021 100 15756 2080079819 49929912 10014001
0b000901 0b00cb01 10014 100 57361 2077999507 52030992 10017491
0b000b01 0b00c601 10016 100 25391 2079182719 50853226 10014811
0b000101 0b00c601 10006 100 690531 2049422878 80615206 10070575
0b000101 0b00c601 10014 100 75515 2077591673 52461900 10019013
0b000001 0b00c301 10016 100 53882 2090502503 39567866 10017197
0b000601 0b00cf01 10022 100 8975 2092171025 38015052 10013432
0b000e01 0b00c301 10010 100 38947 2081165426 49037000 10015945
0b000e01 0b00c401 10013 100 31747 2081667754 48607297 10015342
0b000a01 0b00c401 10017 100 17100 2069692712 60589458 10014117
0b000101 0b00c901 10025 100 4117 2082657080 47642903 10013028
0b000d01 0b00c401 10027 100 119707 2067418113 62885878 10022717
0b000201 0b00ce01 10016 100 321126 2076068360 54286678 10039606
0b000b01 0b00c301 10023 100 175484 2068077788 62278158 10027394
0b000f01 0b00c101 10020 100 36681 2080208888 50153355 10015756
0b000301 0b00c801 10016 100 59859 2079889877 50516058 10017699
0b000201 0b00c901 10013 100 8141 2070846116 59597991 10013365
0b000001 0b00cf01 10017 100 28815 2081799129 48673748 10015096
0b000b01 0b00cd01 10012 100 255146 2076326234 54181351 10034074
0b000201 0b00c801 10015 100 66231 2078347165 52184637 10018235
0b000b01 0b00c501 10009 100 517346 2064825025 65713536 10056056
0b000a01 0b00c401 10013 100 512365 2063168108 67395273 10055639
0b000e01 0b00c301 10014 100 6367 2092034615 38546980 10013216
0b000801 0b00c501 10019 100 1911 2080666534 49940486 10012840
0b000b01 0b00c601 10020 100 73678 2088566392 42045252 10018858
0b000901 0b00c701 10002 100 2204100 2011985704 118674555 10197475
0b000301 0b00ca01 10021 100 23308 2082028390 48669165 10014636
0b000401 0b00cd01 10012 100 6891 2081562777 49176081 10013258
0b000501 0b00c301 10017 100 22971 2080750792 49988757 10014606
0b000f01 0b00c201 10023 100 541154 2068816532 61926576 10058053
0b000801 0b00c501 10022 100 33990 2082174279 48617514 10015529
0b000801 0b00c701 10020 100 73063 2067384060 63451322 10018809
0b000201 0b00c601 10023 100 8083 2091103178 39749722 10013361
0b000901 0b00c801 10018 100 191 2070845792 60048141 10012699
0b000d01 0b00c301 10030 100 34131 2090879009 40054482 10015544
0b000001 0b00c501 10014 100 1476 2081951415 48998633 10012805
0b000901 0b00c501 10032 100 34367 2089552374 41444362 10015563
0b000201 0b00c201 10020 100 62423 2080521264 50491872 10017915
0b000c01 0b00c601 10020 100 593596 2068534350 62500127 10062448
0b000501 0b00c701 10017 100 8883 2083207584 47838938 10013425
0b000301 0b00c001 10015 100 5365 2071470415 59590122 10013132
0b000001 0b00c001 10013 100 529279 2074124079 56945785 10057057
0b000701 0b00c301 10018 100 1038 2072595869 58573680 10012770
0b000801 0b00c701 10021 100 29149 2070047510 61123497 10015127
0b000e01 0b00c901 10021 100 7085 2092457705 38731337 10013277
0b000101 0b00c901 10028 100 10038 2091336736 39889278 10013525
0b000a01 0b00cb01 10017 100 46082 2082405023 48844195 10016547
0b000001 0b00c901 10024 100 27792 2081398016 49859763 10015010
0b000701 0b00cb01 10007 100 1082783 2035937161 95347176 10103461
0b000001 0b00cc01 10024 100 9590 2091575396 39712274 10013485
0b000a01 0b00c701 10023 100 16148 2083579891 47730391 10014037
0b000301 0b00c901 10011 100 63642 2071414568 59910376 10018017
0b000901 0b00c201 10022 100 8416 2084106327 47253609 10013387
0b000701 0b00cd01 10004 100 1277300 2022351052 109015250 10119771
0b000d01 0b00ce01 10020 100 250327 2071273584 60118287 10033670
0b000f01 0b00cb01 10010 100 775911 2050694981 80729836 10077732
0b000501 0b00ce01 10019 100 13916 2083129057 48298682 10013847
0b000f01 0b00ca01 10020 100 25360 2072682357 58748959 10014808
0b000e01 0b00c901 10018 100 23221 2073220485 58234059 10014629
0b000101 0b00cc01 10009 100 836122 2044589059 86938675 10082783
0b000e01 0b00c301 10015 100 590 2093130034 38423893 10012731
0b000d01 0b00c701 10010 100 811698 2049879305 81727015 10080733
0b000e01 0b00c901 10017 100 118688 2069191153 62440022 10022632
0b000e01 0b00c201 10006 100 947188 2040187909 91449909 10092095
0b000101 0b00ce01 10023 100 42485 2092249551 39398060 10016243
0b000a01 0b00c401 10018 100 26397 2070583420 61087722 10014895
0b000d01 0b00cf01 10012 100 40741 2081714689 49966402 10016096
0b000301 0b00cc01 10016 100 14089 2091575186 40127528 10013864
0b000501 0b00c401 10018 100 83821 2090972280 40750315 10019708
0b000d01 0b00cd01 10013 100 3205 2083771039 47963130 10012951
0b000101 0b00c801 10011 100 437730 2062938958 68914688 10049380
0b000d01 0b00c401 10030 100 359 2084079829 47782713 10012712
0b000a01 0b00cf01 10011 100 954968 2046768519 85142364 10092744
0b000a01 0b00c401 10020 100 77323 2078853735 53095711 10019165
0b000c01 0b00cc01 10021 100 74137 2090625676 41338978 10018898
0b000301 0b00c201 10016 100 4583 2082689337 49279550 10013065
0b000301 0b00c101 10013 100 4125 2092390062 39583964 10013029
0b000b01 0b00c301 10028 100 7413 2084790576 47192616 10013303
0b000c01 0b00c701 10019 100 4671 2084102440 47892898 10013072
0b000101 0b00c001 10025 100 30421 2081651491 50363126 10015232
0b000d01 0b00c601 10022 100 715 2074274095 57794234 10012741
0b000801 0b00c101 10021 100 39182 2080235409 51875070 10015968
0b000201 0b00c901 10022 100 8147 2094211941 37919945 10013366
0b000901 0b00cf01 10023 100 13487 2091403243 40743040 10013812
0b000a01 0b00c801 10014 100 23078 2090885504 41267894 10014618
0b000401 0b00cf01 10022 100 27552 2091679263 40509084 10014991
0b000901 0b00c901 10018 100 50830 2069546873 62653746 10016942
0b000901 0b00c301 10014 100 67514 2068738600 63501094 10018342
0b000b01 0b00c901 10013 100 58598 2070332839 61910790 10017594
0b000301 0b00c401 10026 100 16775 2091851527 40401098 10014087
0b000901 0b00c401 10002 100 1799699 2018855751 113416159 10163567
0b000401 0b00c701 10017 100 107588 2090159904 42112544 10021701
0b000801 0b00c601 10014 100 194807 2075966344 56313963 10029013
0b000201 0b00c201 10017 100 534298 2061854105 70429858 10057478
0b000b01 0b00c601 10018 100 32384 2084330349 47972870 10015397
0b000e01 0b00ca01 10020 100 26191 2083493609 48816511 10014878
0b000301 0b00c401 10022 100 15596 2083757787 48553168 10013989
0b000701 0b00c001 10018 100 11269 2084288120 48058350 10013627
0b000101 0b00ce01 10026 100 2661 2094835316 37513481 10012904
0b000901 0b00cc01 10011 100 681723 2051361065 80995645 10069836
0b000b01 0b00ca01 10018 100 7204 2085562889 46819794 10013287
0b000901 0b00cb01 10015 100 164493 2079367314 53112156 10026473
0b000b01 0b00c701 10009 100 22001 2071825666 60694134 10014528
0b000501 0b00c401 10013 100 729252 2064803833 67734541 10073823
0b000001 0b00c601 10013 100 186937 2087535166 45018662 10028353
0b000a01 0b00ca01 10014 100 29824 2081201457 51430795 10015181
0b000001 0b00ce01 10012 100 104502 2072402515 60239766 10021443
0b000a01 0b00c901 10029 100 23225 2081875294 50784274 10014630
0b000401 0b00ce01 10020 100 54095 2081029588 51690942 10017218
0b000e01 0b00c601 10010 100 46271 2073795173 58925506 10016562
0b000201 0b00c601 10021 100 2659 2083372681 49357199 10012904
0b000401 0b00c501 10021 100 71052 2081812166 50927628 10018640
0b000f01 0b00cd01 10017 100 48731 2073081156 59709973 10016766
0b000501 0b00c601 10027 100 13713 2074499696 58374329 10013830
0b000201 0b00c501 10021 100 35323 2091519485 41359489 10015644
0b000101 0b00c801 10019 100 22712 2084528963 48351078 10014585
0b000401 0b00cd01 10013 100 9570 2083561517 49328570 10013484
0b000701 0b00cf01 10018 100 116197 2089852580 43064182 10022425
0b000601 0b00c801 10021 100 72773 2081365518 51593800 10018782
0b000701 0b00c101 10007 100 813677 2046440404 86530322 10080899
0b000a01 0b00c301 10010 100 1206698 2037460110 95533054 10113850
0b000901 0b00c301 10024 100 8348 2096085747 36908586 10013382
0b000a01 0b00ce01 10016 100 128444 2086841804 46167814 10023450
0b000801 0b00c501 10028 100 10731 2095689536 37339767 10013580
0b000b01 0b00cf01 10026 100 7649 2092705908 40397821 10013322
0b000d01 0b00c101 10021 100 1437 2083932581 49181161 10012802
0b000401 0b00cc01 10016 100 12605 2074928496 58195877 10013738
0b000d01 0b00c301 10028 100 130269 2088351944 44829924 10023604
0b000901 0b00c401 10020 100 41774 2084590642 48634375 10016183
0b000c01 0b00c801 10016 100 28096 2074282085 58945665 10015039
0b000001 0b00cc01 10025 100 9598 2095342583 37909342 10013486
0b000d01 0b00c501 10016 100 20804 2083356098 49913145 10014424
0b000e01 0b00ca01 10016 100 27009 2074868955 58403021 10014948
0b000c01 0b00cd01 10014 100 190751 2067755002 65528520 10028673
0b000501 0b00ca01 10021 100 9606 2085314207 47979403 10013486
0b000d01 0b00cc01 10017 100 42464 2082530366 50768444 10016242
0b000b01 0b00c601 10015 100 731415 2072249237 61062732 10074004
0b000801 0b00c201 10021 100 22344 2085434129 47938876 10014555
0b000601 0b00c801 10023 100 101846 2089768911 43605489 10021219
0b000b01 0b00c401 10021 100 773 2083349049 50026317 10012745
0b000501 0b00c301 10018 100 43039 2083717736 49670227 10016292
0b000f01 0b00c201 10032 100 18789 2094113354 39284518 10014256
0b000201 0b00cd01 10014 100 9349 2085428979 48073332 10013466
0b000f01 0b00c801 10012 100 612154 2068323844 65178859 10064006
0b000001 0b00c101 10024 100 5791 2084353199 49170763 10013166
0b000a01 0b00c801 10012 100 52300 2084422125 49117723 10017067
0b000501 0b00cb01 10006 100 1573823 2023982322 109576984 10144630
0b000c01 0b00c601 10027 100 7705 2084272733 49295674 10013327
0b000301 0b00c801 10014 100 153541 2076770826 56810582 10025554
0b000701 0b00c601 10022 100 24402 2074658920 58924155 10014728
0b000901 0b00c001 10019 100 22195 2083113088 50499525 10014543
0b000a01 0b00cc01 10015 100 13903 2076413255 57208504 10013846
0b000a01 0b00cb01 10013 100 99739 2069816621 63892416 10021043
0b000a01 0b00c201 10016 100 61367 2090276323 43477437 10017827
0b000d01 0b00c201 10012 100 75358 2071380690 62380614 10019000
0b000e01 0b00c001 10017 100 5618 2085820723 47950865 10013152
0b000a01 0b00c701 10026 100 11095 2092858623 40939887 10013613
0b000901 0b00c901 10016 100 117366 2067934243 65877781 10022522
0b000901 0b00cf01 10020 100 7690 2083779827 50049258 10013325
0b000001 0b00c701 10019 100 55914 2092249459 41660531 10017368
0b000001 0b00c101 10023 100 24931 2084001988 49914058 10014770
0b000d01 0b00cb01 10013 100 379048 2068052649 65889070 10044463
0b000101 0b00ca01 10013 100 514412 2063819792 70171047 10055810
0b000d01 0b00c701 10016 100 338408 2079671439 54324296 10041054
0b000c01 0b00cf01 10011 100 68685 2083371239 50696261 10018439
0b000d01 0b00c001 10019 100 60729 2072474961 61621780 10017772
0b000c01 0b00c601 10028 100 74093 2092954034 41145632 10018895
0b000001 0b00cd01 10016 100 40608 2085045006 49065562 10016086
0b000701 0b00c701 10033 100 7907 2096455626 37657330 10013343
0b000501 0b00c701 10015 100 184245 2077209867 56933074 10028130
0b000901 0b00c901 10024 100 20006 2096679968 37465042 10014361
0b000001 0b00cb01 10006 100 1564672 2040904542 93255439 10143863
0b000301 0b00ce01 10021 100 56388 2083268739 50899077 10017409
0b000a01 0b00c701 10022 100 68857 2080929257 53252009 10018453
0b000901 0b00c901 10021 100 6921 2083919288 50264047 10013260
0b000e01 0b00cc01 10022 100 66466 2082842337 51360086 10018254
0b000201 0b00c601 10012 100 751196 2053715046 80494660 10075663
0b000301 0b00cc01 10014 100 106995 2080756955 53466043 10021650
0b000501 0b00c001 10022 100 47318 2073523125 60715249 10016649
0b000401 0b00cd01 10014 100 7199 2084685459 49560785 10013286
0b000f01 0b00c301 10017 100 5122 2085231759 49055727 10013112
0b000a01 0b00c901 10035 100 60768 2094269993 40027878 10017775
0b000801 0b00c201 10019 100 102445 2079183748 55118101 10021271
0b000001 0b00cf01 10028 100 14935 2094263465 40060461 10013932
0b000701 0b00cb01 10003 100 1452900 2020458306 113882554 10134491
0b000a01 0b00c101 10021 100 24835 2096303835 38061087 10014762
0b000a01 0b00cf01 10021 100 9721 2087085631 47296447 10013496
0b000401 0b00c501 10023 100 8499 2084783435 49611978 10013394
0b000f01 0b00c601 10020 100 5291 2095984603 38415103 10013126
0b000d01 0b00c301 10027 100 5440 2086302696 48107845 10013138
0b000b01 0b00c201 10010 100 75797 2085453365 48964979 10019035
0b000901 0b00c601 10019 100 12900 2093739761 40717304 10013761
0b000301 0b00c901 10014 100 17693 2084449559 50042304 10014164
0b000901 0b00c301 10020 100 64902 2084898454 49611889 10018121
0b000001 0b00c801 10023 100 137896 2073047197 61477271 10024241
0b000e01 0b00c801 10019 100 48521 2093837054 40695221 10016749
0b000601 0b00cc01 10009 100 412905 2078701538 55844481 10047298
0b000401 0b00cf01 10003 100 2501004 2007841106 126725735 10222368
0b000b01 0b00c701 10010 100 252734 2077521361 57096462 10033870
0b000901 0b00ca01 10023 100 2753 2094290952 40350442 10012911
0b000601 0b00c401 10022 100 5384 2085281417 49394797 10013133
0b000c01 0b00cb01 10017 100 60513 2084435517 50241890 10017755
0b000c01 0b00ce01 10017 100 195646 2088226805 46464936 10029084
0b000a01 0b00ce01 10014 100 9270 2077705186 57004682 10013460
0b000101 0b00c301 10012 100 6332 2085462897 49312637 10013213
0b000f01 0b00c601 10019 100 25333 2095523342 39313854 10014806
0b000201 0b00cc01 10025 100 4085 2087183597 47663919 10013026
0b000601 0b00c301 10019 100 4021 2076029054 58846196 10013020
0b000a01 0b00cc01 10017 100 7174 2084725170 50153904 10013284
0b000901 0b00c401 10019 100 459598 2077056621 57823425 10051214
0b000c01 0b00c801 10021 100 9765 2096210371 38694401 10013499
0b000b01 0b00c301 10029 100 15864 2087414910 47513129 10014010
0b000d01 0b00c401 10029 100 130745 2080429661 54507645 10023642
0b000401 0b00c901 10018 100 519 2085632014 49313474 10012725
0b000401 0b00cf01 10023 100 60345 2095134848 39818792 10017741
0b000801 0b00c501 10016 100 2337 2074884291 60101013 10012878
0b000101 0b00c201 10010 100 54553 2083652541 51343107 10017255
0b000d01 0b00c801 10020 100 94548 2091885995 43160590 10020608
0b000801 0b00c201 10027 100 24602 2093248101 41831618 10014744
0b000a01 0b00c001 10013 100 768280 2057718706 77364540 10077095
0b000d01 0b00c501 10020 100 3258 2096754314 38415845 10012956
0b000b01 0b00cf01 10027 100 550 2098297446 36877542 10012727
0b000a01 0b00c801 10013 100 24958 2084570465 50628188 10014772
0b000001 0b00c301 10018 100 8534 2095330511 39892807 10013397
0b000d01 0b00ce01 10024 100 156085 2079701308 55573229 10025769
0b000501 0b00cd01 10020 100 4844 2077303673 57973653 10013086
0b000e01 0b00c501 10018 100 124219 2083063090 52249402 10023097
0b000e01 0b00ce01 10018 100 81541 2083624041 51697853 10019518
0b000f01 0b00cd01 10019 100 67463 2084333007 51001052 10018338
0b000001 0b00c801 10027 100 182431 2090096894 45253949 10027977
0b000801 0b00cc01 10018 100 62467 2075770835 59616826 10017919
0b000901 0b00c301 10019 100 24082 2084682842 50723998 10014702
0b000901 0b00c001 10010 100 1076088 2042402046 93009509 10102902
0b000001 0b00c301 10019 100 8181 2095494819 39948060 10013369
0b000d01 0b00c101 10019 100 2642 2077565037 57906573 10012902
0b000c01 0b00c701 10018 100 76761 2074709760 60801714 10019116
0b000901 0b00c501 10029 100 47147 2083858182 51674035 10016636
0b000501 0b00c601 10031 100 2500 2086195604 49343777 10012891
0b000301 0b00c301 10019 100 177258 2087761838 47842372 10027544
0b000a01 0b00c801 10015 100 46664 2092625239 42993216 10016593
0b000d01 0b00ce01 10023 100 34551 2076307558 59313001 10015578
0b000c01 0b00c901 10020 100 6519 2087523345 48102006 10013228
0b000601 0b00c501 10012 100 919065 2059075496 76553483 10089738
0b000b01 0b00c101 10032 100 38143 2087483181 48148491 10015881
0b000401 0b00c901 10020 100 29174 2086695064 48956301 10015129
0b000401 0b00c901 10023 100 53786 2093865585 41835558 10017190
0b000f01 0b00c401 10016 100 370687 2081169382 54574453 10043759
0b000701 0b00cd01 10013 100 149942 2080959813 54815958 10025251
0b000401 0b00c701 10019 100 23776 2095207059 40578418 10014674
0b000801 0b00ce01 10020 100 2424 2079002129 56785776 10012885
0b000b01 0b00cf01 10023 100 97707 2086185904 49663704 10020872
0b000001 0b00c701 10018 100 38227 2086795507 49076430 10015887
0b000401 0b00ca01 10023 100 39790 2096955829 38924876 10016016
0b000701 0b00c001 10020 100 8894 2095831701 40067035 10013426
0b000601 0b00ce01 10022 100 14789 2097976323 37925104 10013920
0b000801 0b00c101 10014 100 1120853 2038888420 97015413 10106652
0b000901 0b00cd01 10015 100 48155 2083822689 52132372 10016720
0b000501 0b00cd01 10016 100 802699 2065503395 70460196 10079979
0b000201 0b00c401 10012 100 6475 2076529011 59462950 10013224
0b000501 0b00c501 10017 100 128875 2083089675 52929536 10023485
0b000901 0b00ca01 10017 100 274951 2078403311 57624021 10035732
0b000201 0b00c901 10003 100 1280765 2012304274 123741355 10120060
0b000101 0b00c701 10020 100 21328 2077549607 58522326 10014470
0b000101 0b00c901 10016 100 32127 2077062997 59029522 10015376
0b000601 0b00c901 10011 100 882807 2051786751 84349072 10086695
0b000501 0b00ca01 10020 100 59126 2084271741 51871831 10017640
0b000901 0b00ca01 10018 100 149699 2080676985 55474456 10025231
0b000f01 0b00cd01 10003 100 910815 2039320621 96835347 10089043
0b000501 0b00c001 10023 100 73316 2074251467 61921322 10018829
0b000f01 0b00c401 10018 100 44555 2086312834 49890561 10016417
0b000201 0b00cb01 10016 100 4435 2088661447 47550968 10013054
0b000901 0b00c801 10016 100 503636 2068493521 67770363 10054906
0b000d01 0b00c101 10012 100 401071 2061076316 75199268 10046309
0b000d01 0b00c801 10005 100 1594985 2018778822 117498166 10146403
0b000d01 0b00c001 10025 100 24459 2096205440 40086107 10014732
0b000101 0b00c001 10022 100 289970 2075714979 60598867 10036991
0b000e01 0b00c001 10020 100 29891 2096776259 39549629 10015186
0b000301 0b00c601 10027 100 25590 2085635218 50695405 10014827
0b000a01 0b00cd01 10025 100 56745 2096282324 40087506 10017438
0b000901 0b00c001 10023 100 47159 2097911322 38458682 10016637
0b000d01 0b00c101 10023 100 29511 2087142057 49254005 10015156
0b000601 0b00cd01 10015 100 25380 2086461825 49959353 10014810
0b000f01 0b00c801 10015 100 6992 2088287283 48162217 10013266
0b000c01 0b00c001 10017 100 9314 2088173806 48285059 10013463
0b000901 0b00c401 10023 100 46097 2094413152 42079918 10016548
0b000501 0b00c501 10019 100 27703 2098146705 38363316 10015003
0b000d01 0b00ce01 10028 100 23304 2086635374 49928423 10014636
0b000c01 0b00cc01 10020 100 20491 2086548751 50028810 10014399
0b000e01 0b00c701 10016 100 26991 2097229532 39368462 10014942
0b000301 0b00cc01 10004 100 2541816 2018975136 117625069 10225786
0b000701 0b00ce01 10015 100 47716 2096871923 39730784 10016681
0b000101 0b00c901 10017 100 6522 2077193303 59409522 10013228
0b000501 0b00c001 10026 100 73458 2085865472 50752525 10018840
0b000301 0b00cb01 10027 100 16108 2098153168 38496336 10014033
0b000d01 0b00ca01 10004 100 1248755 2038696065 97969476 10117376
0b000401 0b00c501 10017 100 752898 2068088319 68609032 10075803
0b000c01 0b00c601 10022 100 5031 2078737690 58069910 10013105
0b000a01 0b00c701 10024 100 33304 2088528015 48304536 10015474
0b000801 0b00cf01 10014 100 40636 2074994155 61973299 10016088
0b000501 0b00c901 10019 100 71951 2086463455 50552382 10018712
0b000801 0b00c501 10024 100 28866 2085486243 51535831 10015100
0b000701 0b00c901 10015 100 2557 2087842934 49186694 10012896
0b000c01 0b00c901 10017 100 53943 2077382346 59665225 10017202
0b000401 0b00cc01 10019 100 9167 2087280209 49780624 10013451
0b000001 0b00c701 10017 100 26362 2086638384 50428480 10014892
0b000a01 0b00c701 10020 100 27487 2076092500 60976903 10014986
0b000c01 0b00c601 10025 100 159239 2081559851 55569937 10026033
0b000501 0b00c901 10023 100 18812 2088754529 48376311 10014257
0b000b01 0b00c701 10015 100 65575 2098308531 38832284 10018179
0b000701 0b00c701 10031 100 8696 2088837128 48314851 10013410
0b000e01 0b00c101 10027 100 44788 2086545237 50607650 10016435
0b000101 0b00cc01 10014 100 64801 2075051297 62111652 10018113
0b000a01 0b00c901 10033 100 8102 2086838428 50412622 10013362
0b000601 0b00c501 10015 100 37680 2078095953 59189320 10015840
0b000401 0b00c001 10030 100 19677 2098995779 38300061 10014330
0b000e01 0b00cf01 10029 100 75105 2095745232 41570687 10018980
0b000f01 0b00c401 10007 100 970059 2048116010 89211933 10094013
0b000401 0b00cd01 10005 100 1457498 2033877937 103492402 10134878
0b000601 0b00c501 10016 100 110187 2085289237 52122634 10021921
0b000d01 0b00c201 10016 100 60741 2086779389 50653554 10017773
0b000901 0b00c201 10019 100 53971 2078769176 58685414 10017205
0b000e01 0b00cc01 10023 100 63705 2086574167 50901684 10018022
0b000c01 0b00cd01 10017 100 9245 2088836021 48664408 10013458
0b000c01 0b00c001 10018 100 9471 2089147985 48398010 10013476
0b000101 0b00c101 10022 100 74935 2086605893 50947006 10018962
0b000001 0b00cf01 10023 100 27681 2089222077 48337398 10015002
0b000001 0b00c101 10020 100 6217 2079780411 57779767 10013204
0b000a01 0b00cf01 10023 100 32426 2095352539 42208896 10015400
0b000d01 0b00c301 10032 100 9912 2098828070 38779944 10013511
0b000401 0b00c901 10017 100 19781 2078950573 58660256 10014339
0b000801 0b00c501 10026 100 2005 2090529575 47093470 10012851
0b000401 0b00c201 10016 100 22887 2099311811 38318953 10014599
0b000001 0b00cb01 10021 100 2095 2089948373 47712542 10012859
0b000001 0b00cd01 10020 100 34085 2098733242 38946174 10015541
0b000401 0b00cd01 10016 100 6853 2088487810 49315926 10013255
0b000f01 0b00cc01 10017 100 47146 2086952724 50888205 10016636
0b000a01 0b00c801 10016 100 25767 2096116725 41727342 10014841
0b000001 0b00cd01 10014 100 7285 2078622111 59265398 10013293
0b000101 0b00cf01 10014 100 44961 2076756352 61134474 10016449
0b000d01 0b00c001 10022 100 5464 2078938595 58955108 10013140
0b000101 0b00c901 10019 100 7943 2079790716 58103650 10013346
0b000001 0b00c201 10021 100 113321 2093154881 44779187 10022183
0b000b01 0b00c201 10008 100 422747 2078935691 58999960 10048124
0b000701 0b00c801 10027 100 14702 2089623325 48337085 10013913
0b000701 0b00cb01 10019 100 18408 2088037982 49927466 10014225
0b000b01 0b00c101 10030 100 10535 2080865331 57101978 10013565
0b000101 0b00c701 10023 100 43181 2088388693 49585758 10016303
0b000901 0b00c401 10018 100 25532 2076859305 61169473 10014822
0b000e01 0b00ce01 10019 100 67112 2087434544 50610187 10018310
0b000901 0b00c301 10023 100 51767 2089153039 48894631 10017021
0b000e01 0b00c101 10023 100 435864 2075279710 62803381 10049223
0b000a01 0b00cf01 10006 100 1537438 2019900282 118195971 10141580
0b000c01 0b00c301 10017 100 12483 2079814720 58284633 10013728
0b000c01 0b00ca01 10015 100 71829 2077525169 60585639 10018702
0b000601 0b00c301 10025 100 4663 2088841396 49280315 10013072
0b000101 0b00c601 10023 100 39974 2098861673 39360614 10016031
0b000501 0b00c801 10016 100 70963 2086043827 52201050 10018629
0b000601 0b00c501 10017 100 14868 2090097808 48150060 10013927
0b000501 0b00c001 10028 100 63642 2087703800 50549122 10018017
0b000001 0b00c901 10031 100 39743 2099058902 39246050 10016013
0b000001 0b00ca01 10022 100 52745 2088716235 49606376 10017103
0b000f01 0b00c101 10022 100 47847 2087742535 50620008 10016692
0b000b01 0b00c201 10009 100 320618 2079256496 59121168 10039562
0b000f01 0b00c501 10023 100 351546 2074184376 64203709 10042155
0b000001 0b00cc01 10022 100 87837 2085938474 52459168 10020044
0b000c01 0b00c401 10017 100 476775 2070152933 68258166 10052653
0b000d01 0b00c501 10019 100 69104 2096016838 42400872 10018477
0b000601 0b00c201 10004 100 1524979 2020828653 117605805 10140534
0b000d01 0b00c501 10017 100 3408 2090227860 48214577 10012968
0b000b01 0b00c701 10014 100 10540 2088052863 50395903 10013565
0b000001 0b00cb01 10020 100 76219 2087935751 50517595 10019073
0b000601 0b00ca01 10022 100 23150 2097678805 40805495 10014624
0b000301 0b00ce01 10019 100 186105 2080565335 57919560 10028286
0b000601 0b00ce01 10017 100 1499 2090831640 47670267 10012807
0b000d01 0b00c001 10024 100 58085 2086984752 51538004 10017553
0b000701 0b00c601 10018 100 639243 2059010860 79571313 10066277
0b000801 0b00cd01 10025 100 46112 2086128292 52454552 10016549
0b000c01 0b00cd01 10018 100 25535 2089574972 49029287 10014822
0b000a01 0b00c701 10021 100 49388 2076631574 61993801 10016823
0b000b01 0b00c301 10030 100 64906 2090133868 48498368 10018122
0b000801 0b00cd01 10012 100 1166852 2033629769 105038967 10110509
0b000c01 0b00c801 10018 100 38030 2088286391 50423993 10015872
0b000901 0b00c201 10025 100 15526 2091444668 47299552 10013983
0b000b01 0b00c101 10033 100 18716 2088467157 50285469 10014250
0b000701 0b00c601 10027 100 6243 2089010551 49760729 10013206
0b000301 0b00c001 10014 100 478330 2066590930 72198769 10052785
0b000101 0b00c701 10021 100 4207 2079534361 59315016 10013035
0b000401 0b00c401 10012 100 64706 2088324554 50554996 10018106
0b000601 0b00cc01 10010 100 4718 2090790724 48143030 10013076
0b000a01 0b00c801 10011 100 7503 2081764152 57179448 10013310
0b000b01 0b00cf01 10025 100 508 2092235427 46716067 10012724
0b000501 0b00c201 10011 100 26801 2088744519 50236346 10014927
0b000201 0b00cf01 10028 100 2623 2098983447 40002330 10012901
0b000801 0b00c001 10017 100 75902 2085007578 54008130 10019044
0b000f01 0b00cd01 10013 100 622832 2063283649 75747991 10064898
0b000801 0b00c201 10014 100 670928 2059760912 79308706 10068930
0b000d01 0b00c001 10016 100 455103 2069865711 69205296 10050839
0b000401 0b00c601 10017 100 447693 2082488161 56615949 10050215
0b000101 0b00c001 10024 100 7897 2081058266 58054296 10013342
0b000201 0b00cd01 10018 100 3470 2089573541 49585861 10012972
0b000c01 0b00c601 10018 100 368908 2066259991 72983242 10043609
0b000601 0b00cf01 10019 100 2719 2080094442 59168508 10012909
0b000601 0b00c101 10026 100 4255 2091141524 48134804 10013039
0b000501 0b00cf01 10012 100 21821 2079411761 59915408 10014510
0b000e01 0b00c801 10020 100 50996 2098021970 41324052 10016955
0b000401 0b00cd01 10011 100 6635 2080134296 59230830 10013237
0b000a01 0b00c201 10017 100 21904 2091686677 47722650 10014516
0b000401 0b00c901 10021 100 58915 2089248539 50163795 10017619
0b000d01 0b00cb01 10006 100 1837126 2021165866 118259968 10166708
0b000b01 0b00cf01 10017 100 851113 2067574299 71852416 10084040
0b000501 0b00c601 10034 100 47324 2088132622 51307382 10016650
0b000e01 0b00c601 10008 100 816247 2064757798 74710036 10081117
0b000101 0b00cd01 10026 100 46007 2089645536 49866802 10016541
0b000f01 0b00cd01 10020 100 57223 2088112413 51404424 10017480
0b000d01 0b00cb01 10016 100 61301 2088310373 51261296 10017822
0b000901 0b00cc01 10023 100 94007 2099596047 40000799 10020565
0b000301 0b00cd01 10022 100 48720 2096780084 42818214 10016765
0b000401 0b00c401 10005 100 949763 2055317613 84321976 10092309
0b000d01 0b00c601 10028 100 19984 2089976479 49682420 10014355
0b000e01 0b00ce01 10003 100 2288898 2008415134 131256768 10204581
0b000201 0b00c901 10016 100 32009 2078958255 60770672 10015367
0b000d01 0b00ce01 10026 100 191921 2081743771 58007615 10028770
0b000101 0b00c401 10016 100 24645 2091214028 48539722 10014747
0b000c01 0b00c101 10022 100 74454 2088609094 51171078 10018924
0b000b01 0b00c201 10011 100 26820 2088776966 51008343 10014929
0b000201 0b00ca01 10020 100 23877 2089234967 50590206 10014682
0b000701 0b00c401 10021 100 155409 2084758400 55081214 10025711
0b000801 0b00c401 10021 100 36607 2080995119 58880719 10015750
0b000401 0b00ce01 10019 100 238401 2079978489 59969657 10032669
0b000f01 0b00ca01 10026 100 65444 2099313388 40672863 10018168
0b000201 0b00c901 10019 100 76948 2088446323 51556218 10019131
0b000601 0b00c301 10021 100 10365 2081843466 58178235 10013551
0b000401 0b00c001 10027 100 93389 2078464239 61620902 10020512
0b000101 0b00c601 10019 100 140321 2086379056 53721709 10024447
0b000401 0b00c101 10020 100 23823 2089983038 50175864 10014678
0b000201 0b00ca01 10017 100 35175 2079365457 60805718 10015632
0b000c01 0b00c201 10019 100 1013620 2050538643 89654194 10097663
0b000f01 0b00c101 10021 100 2402 2081126993 59085815 10012883
0b000e01 0b00ca01 10012 100 1164661 2043472208 96750450 10110326
0b000101 0b00ca01 10021 100 77833 2098880290 41342486 10019206
0b000b01 0b00cf01 10015 100 1156984 2058865815 81409208 10109681
0b000501 0b00c101 10023 100 940 2092728337 47616735 10012759
0b000c01 0b00c101 10013 100 727163 2052540060 87809097 10073648
0b000001 0b00c601 10015 100 5042 2090843277 49521740 10013106
0b000501 0b00ce01 10022 100 73453 2089937957 50486847 10018840
0b000f01 0b00cb01 10019 100 185275 2093914677 46516042 10028216
0b000a01 0b00c001 10021 100 4106 2090053091 50392064 10013027
0b000201 0b00cf01 10025 100 25984 2091592654 48866525 10014858
0b000b01 0b00cd01 10005 100 1528460 2043806072 96667366 10140828
0b000401 0b00c601 10019 100 38748 2098779815 41705338 10015929
0b000c01 0b00cc01 10024 100 78888 2098166587 42400051 10019294
0b000901 0b00cb01 10005 100 1220575 2033218438 107349722 10115014
0b000701 0b00c901 10020 100 20479 2099529919 41072491 10014398
0b000001 0b00cd01 10015 100 26835 2080579984 60065998 10014930
0b000101 0b00c901 10023 100 8347 2081035083 59632479 10013382
0b000e01 0b00c201 10014 100 44154 2099588132 41149696 10016385
0b000901 0b00c401 10022 100 56010 2088402846 52371877 10017379
0b000a01 0b00c001 10025 100 42742 2098115427 42671103 10016264
0b000501 0b00c401 10001 100 1670107 2025348269 115480640 10152705
0b000801 0b00c501 10018 100 6124 2080507600 60330337 10013196
0b000901 0b00cc01 10019 100 584406 2082465141 58373289 10061678
0b000701 0b00cf01 10016 100 61668 2088476813 52438941 10017851
0b000101 0b00c601 10020 100 9913 2091113852 49815741 10013511
0b000a01 0b00c701 10025 100 41732 2088640520 52289421 10016179
0b000a01 0b00ce01 10015 100 6803 2083816301 57119040 10013251
0b000501 0b00cd01 10021 100 1244 2081803541 59139154 10012787
0b000201 0b00c301 10013 100 8220 2081316097 59655959 10013372
0b000401 0b00c501 10024 100 13862 2090795584 50212562 10013842
0b000f01 0b00ca01 10019 100 553583 2068350038 72713351 10059094
0b000101 0b00c201 10011 100 6478 2093066874 48041823 10013225
0b000201 0b00c201 10021 100 66342 2090085676 51029389 10018244
0b000c01 0b00ca01 10012 100 828754 2058771742 82375331 10082163
0b000c01 0b00ca01 10016 100 59754 2079775095 61417996 10017690
0b000201 0b00c801 10019 100 59884 2097807549 43400304 10017701
0b000901 0b00cc01 10018 100 11352 2080716719 60493928 10013634
0b000601 0b00ce01 10018 100 23654 2091001600 50221520 10014664
0b000201 0b00c901 10015 100 78310 2078317944 62948311 10019248
0b000d01 0b00c501 10013 100 79792 2079430879 61838885 10019370
0b000c01 0b00ce01 10018 100 22904 2091885549 49440066 10014600
0b000801 0b00c001 10015 100 500789 2061085765 80256055 10054666
0b000501 0b00c901 10012 100 884592 2056100172 85301275 10086845
0b000c01 0b00c401 10019 100 85018 2079138851 62269942 10019811
0b000801 0b00c801 10016 100 23916 2090111199 51332433 10014685
0b000901 0b00cc01 10022 100 52027 2099260757 42186925 10017045
0b000401 0b00c001 10029 100 33319 2090753998 50755515 10015476
0b000101 0b00ce01 10020 100 45431 2080355234 61192532 10016491
0b000301 0b00c501 10016 100 98492 2088314003 53236542 10020939
0b000c01 0b00c201 10031 100 245155 2092437149 49113971 10033237
0b000401 0b00c401 10014 100 24060 2092766292 48787401 10014700
0b000801 0b00c201 10025 100 2991 2091345727 50212126 10012930
0b000101 0b00cb01 10009 100 818707 2046644060 94952025 10081321
0b000801 0b00c301 10015 100 25499 2093148325 48474093 10014819
0b000801 0b00cf01 10015 100 10657 2081112287 60539689 10013574
0b000001 0b00ca01 10025 100 58131 2098899337 42852792 10017557
0b000e01 0b00c401 10016 100 137606 2096652236 45189046 10024218
0b000501 0b00c101 10022 100 6000 2092270493 49573044 10013183
0b000f01 0b00c401 10019 100 122811 2087950039 53922802 10022977
0b000201 0b00cd01 10013 100 631477 2073416240 68549193 10065625
0b000701 0b00c801 10024 100 59458 2081300516 60671187 10017667
0b000801 0b00c901 10017 100 191881 2075623434 66413514 10028767
0b000501 0b00c901 10024 100 28620 2091592062 50467468 10015080
0b000201 0b00c101 10024 100 420 2094500431 47567227 10012717
0b000101 0b00c501 10024 100 58204 2080086885 61991721 10017562
0b000601 0b00cf01 10016 100 800871 2062316594 79776029 10079825
0b000701 0b00c801 10025 100 33616 2082624468 59513503 10015499
0b000901 0b00cf01 10022 100 80641 2088582527 53573589 10019442
0b000101 0b00cb01 10020 100 18811 2091902904 50263668 10014257
0b000601 0b00c501 10019 100 28496 2093434686 48779986 10015071
0b000201 0b00cd01 10015 100 99728 2087658964 54566006 10021042
0b000f01 0b00cc01 10018 100 33955 2092364995 49865185 10015526
0b000f01 0b00c201 10031 100 60463 2091253736 50987116 10017751
0b000401 0b00c701 10018 100 77046 2091255937 50991462 10019143
0b000a01 0b00cc01 10020 100 69793 2088703693 53572188 10018532
0b000601 0b00c701 10019 100 2068 2092885059 49404816 10012856
0b000b01 0b00cb01 10017 100 680130 2086502514 55847851 10069705
0b000801 0b00ce01 10023 100 44799 2099181696 43174509 10016436
0b000301 0b00c801 10017 100 183216 2082331098 60028387 10028043
0b000c01 0b00c901 10018 100 10202 2082908930 59452499 10013538
0b000001 0b00cb01 10015 100 44095 2081594031 60823346 10016380
0b000301 0b00ce01 10020 100 69397 2080928258 61510707 10018500
0b000d01 0b00c201 10011 100 488095 2071328596 71116146 10053605
0b000d01 0b00c001 10023 100 48732 2082081694 60378200 10016766
0b000b01 0b00cf01 10022 100 55356 2083972052 58526472 10017323
0b000401 0b00c101 10019 100 78888 2089546981 52951802 10019294
0b000f01 0b00c801 10014 100 253475 2083014619 59494600 10033933
0b000e01 0b00c601 10015 100 15571 2093425174 49110212 10013987
0b000401 0b00c001 10022 100 424423 2067726323 74871139 10048265
0b000701 0b00cd01 10017 100 55592 2090423373 52192930 10017342
0b000501 0b00c301 10020 100 79072 2091837876 50789694 10019312
0b000001 0b00ce01 10014 100 75050 2082493441 60145989 10018975
0b000001 0b00c001 10016 100 151875 2098145131 44539388 10025413
0b000501 0b00c401 10019 100 43953 2091388350 51306744 10016365
0b000101 0b00c001 10028 100 16291 2092341741 50403478 10014048
0b000201 0b00c201 10023 100 550 2093410764 49368936 10012727
0b000201 0b00cc01 10027 100 8670 2092695518 50094082 10013408
0b000001 0b00ce01 10017 100 150446 2098444725 44380117 10025295
0b000201 0b00cf01 10018 100 711947 2064474253 78375299 10072369
0b000801 0b00ca01 10025 100 34943 2093957303 49012117 10015609
0b000e01 0b00c601 10016 100 15743 2093907671 49117120 10014000
0b000101 0b00ce01 10021 100 15980 2083073965 59957515 10014019
0b000b01 0b00c201 10013 100 173731 2091608030 51503964 10027246
0b000701 0b00cd01 10014 100 16939 2083192067 59940179 10014100
0b000901 0b00c301 10009 100 1287457 2035031220 108180468 10120622
0b000301 0b00c501 10019 100 47125 2093002178 50221755 10016634
0b000601 0b00cc01 10011 100 32963 2092375162 50871104 10015443
0b000b01 0b00cc01 10022 100 60021 2091254730 51993066 10017715
0b000601 0b00c401 10023 100 75067 2090744990 52629288 10018977
0b000301 0b00cd01 10020 100 20715 2094729313 48671612 10014417
0b000d01 0b00c401 10024 100 714365 2062402743 81080347 10072574
0b000d01 0b00c301 10031 100 18440 2094107145 49397912 10014228
0b000b01 0b00c401 10022 100 3880 2086296998 57233923 10013005
0b000501 0b00cd01 10023 100 119519 2091384676 52208606 10022702
0b000e01 0b00c401 10014 100 15181 2084940529 58691580 10013955
0b000201 0b00c401 10016 100 181029 2093359844 50343710 10027861
0b000001 0b00c101 10022 100 20292 2083880446 59913776 10014384
0b000f01 0b00c101 10024 100 49973 2093310852 50533557 10016869
0b000201 0b00c801 10017 100 12389 2083992058 59853241 10013721
0b000f01 0b00c201 10027 100 49334 2082790451 61068434 10016818
0b000f01 0b00c901 10026 100 193961 2098399344 45480829 10028941
0b000601 0b00c401 10026 100 15594 2095623282 48311905 10013988
0b000401 0b00cd01 10017 100 20565 2095421324 48526776 10014405
0b000201 0b00cf01 10022 100 303856 2081199080 62763726 10038155
0b000501 0b00ca01 10019 100 53186 2082446999 61541338 10017142
0b000b01 0b00c901 10017 100 28573 2096236388 47768599 10015077
0b000801 0b00c801 10015 100 122432 2089549337 54467006 10022946
0b000601 0b00cc01 10012 100 44347 2094566216 49493296 10016400
0b000001 0b00c301 10017 100 122155 2091213993 52860612 10022924
0b000101 0b00c601 10018 100 197569 2085652907 58459577 10029245
0b000101 0b00ce01 10022 100 55275 2084152487 60029630 10017317
0b000801 0b00c801 10018 100 47741 2093943959 50256350 10016683
0b000301 0b00c501 10015 100 147558 2078714791 65507514 10025052
0b000a01 0b00c901 10030 100 37345 2082634040 61669650 10015813
0b000301 0b00c601 10029 100 209202 2091316123 52998705 10030222
0b000701 0b00ca01 10012 100 54206 2083770042 60562907 10017227
0b000b01 0b00c601 10021 100 10253 2097106992 47237641 10013542
0b000501 0b00ce01 10020 100 61130 2083983485 60408081 10017808
0b000b01 0b00c501 10012 100 74314 2085123234 59297651 10018913
0b000601 0b00c601 10012 100 129377 2091351991 53085463 10023529
0b000101 0b00cc01 10020 100 172088 2089226224 55217798 10027111
0b000601 0b00ca01 10020 100 1887 2094656483 49791394 10012838
0b000601 0b00c701 10017 100 150486 2088637658 55824151 10025298
0b000901 0b00cc01 10020 100 65671 2091664315 52812542 10018187
0b000d01 0b00c401 10031 100 20365 2085420166 59105791 10014389
0b000701 0b00c801 10026 100 23255 2085475757 59057795 10014632
0b000801 0b00ca01 10020 100 276320 2087279114 57313164 10035849
0b000601 0b00c901 10021 100 24554 2096171180 48424072 10014740
0b000901 0b00cb01 10009 100 1102379 2041196552 103474229 10105105
0b000501 0b00cb01 10020 100 24090 2094041985 50686299 10014703
0b000d01 0b00c301 10029 100 105888 2090868166 53871926 10021558
0b000001 0b00c401 10023 100 7640 2097043424 47699717 10013321
0b000601 0b00cb01 10020 100 6409 2094873037 49913933 10013219
0b000601 0b00ce01 10020 100 1324 2097081038 47755824 10012793
0b000901 0b00ca01 10024 100 58564 2095671541 49200699 10017591
0b000901 0b00c501 10030 100 78896 2084634428 60264150 10019295
0b000f01 0b00c801 10011 100 749812 2063830251 81107187 10075544
0b000001 0b00c701 10020 100 5139 2097179214 47822274 10013114
0b000201 0b00cd01 10011 100 796927 2060899430 84104370 10079494
0b000e01 0b00c701 10005 100 1533031 2035348052 109697915 10141213
0b000901 0b00cc01 10021 100 21218 2097359996 47708958 10014461
0b000601 0b00c801 10022 100 416157 2088287938 56854454 10047573
0b000401 0b00ce01 10023 100 6699 2097315764 47827327 10013242
0b000d01 0b00ca01 10019 100 9280 2086512937 58663295 10013460
0b000c01 0b00cf01 10014 100 32112 2095734252 49449783 10015375
0b000601 0b00ce01 10021 100 9969 2097290005 47900042 10013515
0b000701 0b00c401 10020 100 70785 2082493117 62717554 10018615
0b000101 0b00c901 10011 100 1016328 2049769734 95449722 10097891
0b000801 0b00c501 10025 100 184711 2087131818 58103902 10028167
0b000701 0b00cb01 10020 100 78073 2091533129 53712142 10019229
0b000d01 0b00c001 10026 100 14782 2096496404 48782377 10013920
0b000101 0b00c301 10013 100 27062 2086554737 58744582 10014952
0b000001 0b00c901 10029 100 445 2095734735 49567133 10012719
0b000b01 0b00c201 10014 100 58568 2096786498 48545223 10017592
0b000701 0b00c701 10020 100 898301 2055273321 90155338 10087996
0b000701 0b00ce01 10014 100 45073 2085432142 60101566 10016462
0b000a01 0b00c201 10019 100 4853 2098342552 47213792 10013087
0b000301 0b00cb01 10026 100 26876 2094551339 51017666 10014933
0b000401 0b00c001 10028 100 26 2086353144 59239982 10012685
0b000001 0b00cf01 10022 100 24146 2087069875 58562524 10014707
0b000d01 0b00c401 10032 100 43275 2094592511 51080035 10016310
0b000d01 0b00c901 10022 100 40605 2084639786 61068404 10016085
0b000c01 0b00c001 10019 100 64217 2094115866 51594531 10018066
0b000901 0b00cd01 10016 100 9479 2085299796 60415068 10013476
0b000f01 0b00c401 10017 100 105160 2082096160 63633471 10021499
0b000601 0b00c701 10011 100 1283106 2037574020 108161381 10120259
0b000a01 0b00cb01 10019 100 136025 2088377948 57433919 10024088
0b000a01 0b00c001 10024 100 1017 2095116169 50698777 10012769
0b000301 0b00c301 10021 100 7708 2098023798 47802551 10013327
0b000a01 0b00cb01 10025 100 48111 2092687074 53145600 10016717
0b000101 0b00c401 10004 100 878997 2048483524 97374716 10086375
0b000201 0b00c901 10017 100 5970 2086203931 59659964 10013180
0b000e01 0b00c501 10015 100 900763 2057973893 87903329 10088200
0b000f01 0b00c201 10020 100 596422 2061136354 84752332 10062686
0b000f01 0b00c401 10020 100 60804 2094316671 51651762 10017778
0b000401 0b00cb01 10020 100 3108 2086583634 59385188 10012944
0b000b01 0b00c901 10016 100 47893 2094053294 51950138 10016695
0b000d01 0b00cf01 10014 100 32340 2095525083 50480086 10015393
0b000201 0b00cb01 10015 100 60941 2083860535 62174253 10017789
0b000d01 0b00cc01 10019 100 34815 2095302479 50760957 10015599
0b000a01 0b00cc01 10014 100 506415 2068964176 77158809 10055140
0b000f01 0b00cc01 10016 100 341890 2083224436 62961968 10041344
0b000d01 0b00c101 10005 100 1239559 2031507297 114713183 10116606
0b000b01 0b00c001 10018 100 16442 2098865743 47400771 10014060
0b000501 0b00c501 10020 100 5585 2098732141 47578231 10013149
0b000501 0b00ca01 10023 100 816 2096689065 49629255 10012749
0b000601 0b00c401 10027 100 17024 2095815415 50536803 10014111
0b000801 0b00ca01 10017 100 23138 2085034000 61324133 10014623
0b000c01 0b00c501 10016 100 25410 2096225025 50135834 10014812
0b000301 0b00c201 10018 100 23430 2095323991 51037907 10014646
0b000f01 0b00ca01 10024 100 15782 2096685465 49679073 10014004
0b000401 0b00c601 10018 100 15933 2095988426 50462197 10014016
0b000f01 0b00c201 10004 100 2056959 2014691714 131762935 10185135
0b000601 0b00c701 10015 100 51771 2085255747 61221605 10017021
0b000f01 0b00c201 10029 100 57556 2085840011 60694259 10017507
0b000601 0b00cf01 10010 100 1197096 2035342763 111208622 10113048
0b000801 0b00ce01 10021 100 20303 2088396556 58163574 10014384
0b000501 0b00cf01 10013 100 39592 2097370321 49238388 10016000
0b000001 0b00c901 10030 100 7176 2096602142 50070616 10013284
0b000d01 0b00cd01 10014 100 28197 2087207895 59495048 10015047
0b000901 0b00c901 10025 100 85594 2097110541 49601509 10019857
0b000501 0b00c101 10019 100 49623 2086679579 60040971 10016841
0b000901 0b00c901 10023 100 4526 2096110817 50679211 10013061
0b000c01 0b00c401 10021 100 585504 2085802683 61003219 10061770
0b000201 0b00c501 10022 100 18238 2098135131 48694465 10014212
0b000901 0b00c001 10022 100 4369 2096208142 50631285 10013048
0b000a01 0b00cc01 10018 100 32813 2085681643 61174975 10015431
0b000201 0b00c301 10005 100 1145227 2022626745 124380341 10108698
0b000e01 0b00c701 10011 100 463745 2081116209 65947519 10051561
0b000e01 0b00c501 10021 100 51096 2095634975 51454845 10016967
0b000f01 0b00cc01 10019 100 130043 2093393609 53699093 10023586
0b000e01 0b00c101 10030 100 167953 2091121493 55993131 10026761
0b000f01 0b00cc01 10020 100 66279 2095478001 51679033 10018239
0b000301 0b00cb01 10024 100 199745 2078713366 68528392 10029427
0b000c01 0b00c301 10018 100 75432 2085181398 62077875 10019006
0b000701 0b00c901 10016 100 6763 2089206368 58103414 10013247
0b000e01 0b00c101 10029 100 10142 2088730362 58671625 10013533
0b000901 0b00c601 10016 100 36771 2089113590 58292671 10015763
0b000601 0b00c801 10026 100 25470 2098768289 48645452 10014817
0b000e01 0b00cf01 10030 100 8924 2097968666 49474227 10013428
0b000901 0b00ca01 10025 100 59354 2098497914 49001126 10017658
0b000001 0b00c101 10025 100 9551 2097278145 50318835 10013482
0b000c01 0b00cf01 10015 100 26909 2098275688 49336018 10014936
0b000e01 0b00c501 10022 100 27449 2097885817 49745775 10014983
0b000c01 0b00cf01 10013 100 6661 2089111815 58521554 10013239
0b000301 0b00cc01 10015 100 5835 2089670963 57988630 10013169
0b000701 0b00c801 10029 100 15190 2099405211 48262070 10013956
0b000501 0b00cc01 10023 100 26381 2096745202 50923229 10014894
0b000701 0b00c401 10019 100 377404 2079333698 68350439 10044323
0b000601 0b00c401 10028 100 3480 2097756243 49954872 10012973
0b000e01 0b00c301 10009 100 878829 2077024996 70760233 10086361
0b000e01 0b00c801 10018 100 156182 2092939090 54862557 10025777
0b000f01 0b00c301 10016 100 176644 2081326985 66504735 10027491
0b000201 0b00c501 10018 100 192617 2079137696 68717624 10028830
0b000c01 0b00c601 10030 100 8947 2098433673 49463593 10013430
0b000501 0b00c901 10026 100 45302 2096225712 51747140 10016480
0b000301 0b00c201 10014 100 1066781 2055169277 92810757 10102119
0b000501 0b00c901 10022 100 18581 2087833359 60153101 10014239
0b000701 0b00c201 10019 100 5137 2088431979 59556703 10013114
0b000501 0b00c601 10032 100 36846 2087255009 60834693 10015769
0b000201 0b00c901 10012 100 943406 2058487174 89627702 10091777
0b000501 0b00c901 10015 100 783052 2065949305 82180121 10078334
0b000d01 0b00c401 10036 100 13278 2098307047 49831010 10013796
0b000b01 0b00ce01 10020 100 23514 2097014203 51148704 10014653
0b000201 0b00c101 10013 100 1102006 2049733773 98431812 10105076
0b000d01 0b00c301 10033 100 7187 2098973219 49198406 10013285
0b000a01 0b00ce01 10017 100 3427 2097788566 50515906 10012969
0b000501 0b00c301 10022 100 47899 2099142078 49184775 10016696
0b000401 0b00ca01 10022 100 102796 2094372058 53983387 10021299
0b000101 0b00cf01 10016 100 5521 2090432396 57971768 10013144
0b000101 0b00cb01 10021 100 93603 2094314204 54097866 10020529
0b000901 0b00cf01 10025 100 95628 2098248300 50173755 10020698
0b000d01 0b00cf01 10013 100 2326 2089448303 58988967 10012877
0b000801 0b00c201 10028 100 56140 2094158472 54280717 10017390
0b000d01 0b00c801 10024 100 6225 2099860492 48700381 10013204
0b000301 0b00ca01 10024 100 71604 2086751152 61870554 10018684
0b000a01 0b00ce01 10018 100 1482 2098280619 50373002 10012806
0b000b01 0b00ca01 10014 100 1058618 2056157778 92533775 10101436
0b000601 0b00c201 10013 100 12260 2098370377 50372131 10013710
0b000501 0b00c101 10025 100 29523 2097643925 51114045 10015157
0b000901 0b00c701 10014 100 37739 2087214792 61561534 10015845
0b000f01 0b00c301 10019 100 65978 2097754393 51044103 10018211
0b000701 0b00ce01 10003 100 1546461 2018811683 130011371 10142337
0b000a01 0b00cb01 10021 100 179133 2088839344 60022261 10027701
0b000601 0b00c901 10022 100 30510 2097656886 51280350 10015239
0b000801 0b00c701 10025 100 56324 2088812030 60159054 10017404
0b000401 0b00c701 10011 100 466726 2070129308 78851025 10051811
0b000201 0b00c001 10013 100 12176 2098592722 50458305 10013704
0b000101 0b00c701 10024 100 20942 2098293951 50762287 10014436
0b000701 0b00c201 10020 100 46190 2099163616 49900547 10016555
0b000701 0b00c601 10028 100 108787 2093560940 55617688 10021801
0b000501 0b00c401 10017 100 92573 2087532935 61723257 10020442
0b000601 0b00c301 10027 100 22576 2098357292 50916071 10014574
0b000901 0b00ce01 10024 100 74310 2089501949 59795692 10018912
0b000e01 0b00c901 10023 100 23326 2099211025 50103851 10014638
0b000e01 0b00c701 10014 100 2711 2090846244 58501970 10012908
0b000c01 0b00c901 10022 100 35843 2089702985 59692899 10015685
0b000401 0b00cc01 10020 100 281301 2087414725 62052744 10036266
0b000001 0b00ce01 10015 100 10866 2089491672 60046064 10013591
0b000801 0b00c801 10020 100 74751 2097602553 51980958 10018948
0b000e01 0b00c901 10024 100 34457 2099810908 49820368 10015570
0b000b01 0b00c301 10032 100 162853 2097835852 51800954 10026334
0b000801 0b00c001 10021 100 7447 2092208024 57432822 10013306
0b000a01 0b00c301 10020 100 74171 2089175673 60484606 10018901
0b000101 0b00cb01 10022 100 3638 2099623741 50126929 10012986
0b000001 0b00cf01 10005 100 1722534 2027528987 122265626 10157099
0b000101 0b00c701 10025 100 57426 2099514768 50315079 10017496
0b000801 0b00c201 10024 100 27956 2088284412 61678060 10015024
0b000d01 0b00ce01 10010 100 972778 2057474861 92519507 10094238
0b000501 0b00ce01 10017 100 566753 2079832219 70284498 10060197
0b000101 0b00c101 10006 100 1291284 2028446699 121673889 10120944
0b000e01 0b00c101 10031 100 52649 2099568085 50582780 10017095
0b000601 0b00c701 10018 100 3799 2092069887 58083107 10012999
0b000101 0b00c301 10014 100 41501 2088645850 61508177 10016161
0b000c01 0b00c301 10014 100 828819 2068575346 81615920 10082168
0b000d01 0b00c401 10001 100 4907971 2003102759 147153039 10424164
0b000501 0b00c001 10025 100 393949 2084179387 66086088 10045708
0b000b01 0b00ca01 10020 100 56591 2098165457 52100923 10017426
0b000e01 0b00cc01 10025 100 456449 2092373240 57901581 10050950
0b000b01 0b00c301 10025 100 1087160 2072315446 77959433 10103830
0b000501 0b00c901 10020 100 688616 2086906463 63372513 10070415
0b000a01 0b00c101 10013 100 882698 2061763152 88518160 10086686
0b000201 0b00c601 10020 100 608612 2078022273 72288110 10063707
0b000301 0b00c501 10022 100 68319 2096210550 54106573 10018410
0b000f01 0b00c301 10018 100 24811 2090832654 59501724 10014760
0b000301 0b00c301 10022 100 63644 2098829546 51542139 10018017
0b000501 0b00c201 10010 100 248176 2082208238 68230130 10033490
0b000801 0b00cd01 10026 100 6649 2089827641 60616674 10013238
0b000701 0b00c901 10019 100 79718 2096265795 54184584 10019364
0b000801 0b00c801 10017 100 13842 2092713727 57755241 10013841
0b000e01 0b00cb01 10012 100 1341335 2055306940 95246237 10125140
0b000a01 0b00c701 10018 100 850707 2058769972 91812204 10084004
0b000a01 0b00c601 10018 100 28339 2089042785 61560854 10015058
0b000301 0b00c001 10017 100 286544 2095659539 54966258 10036705
0b000e01 0b00c801 10017 100 27875 2090785594 59891967 10015017
0b000d01 0b00c501 10021 100 109842 2096904944 53799628 10021889
0b000701 0b00c701 10023 100 911771 2056892507 93830483 10089123
0b000601 0b00c201 10014 100 25326 2099675728 51072399 10014805
0b000f01 0b00c001 10023 100 320119 2089604479 61223929 10039522
0b000701 0b00cc01 10020 100 24784 2091988741 58959282 10014758
0b000301 0b00c101 10014 100 96154 2097435002 53566668 10020744
0b000f01 0b00cf01 10011 100 284782 2080229378 70780030 10036556
0b000801 0b00c201 10026 100 33170 2092133914 58882402 10015464
0b000e01 0b00cf01 10026 100 56985 2090634537 60555544 10017457
0b000601 0b00ca01 10003 100 1678101 2025897307 125370499 10153375
0b000801 0b00cc01 10020 100 47812 2097840249 53427733 10016689
0b000201 0b00c801 10018 100 51559 2090777683 60512785 10017004
0b000101 0b00cd01 10014 100 1089018 2042928203 108432198 10103987
0b000f01 0b00cb01 10018 100 27586 2091677404 59708666 10014994
0b000101 0b00cd01 10027 100 37505 2092089705 59323037 10015826
0b000901 0b00cf01 10014 100 1107231 2043917008 107583171 10105513
0b000301 0b00c701 10017 100 37811 2099168860 52376242 10015850
0b000601 0b00c101 10027 100 51276 2091542271 60042747 10016981
0b000c01 0b00cf01 10009 100 794942 2070444761 81166407 10079328
0b000101 0b00ca01 10019 100 137677 2097642537 54036379 10024224
0b000501 0b00cb01 10022 100 45386 2099839133 51855533 10016487
0b000601 0b00c901 10023 100 327573 2099282318 52426956 10040145
0b000001 0b00c401 10019 100 565431 2087350940 64377808 10060087
0b000c01 0b00c501 10014 100 246168 2092809668 58922893 10033321
0b000d01 0b00c201 10018 100 73570 2098795310 52953815 10018849
0b000801 0b00c101 10025 100 5536 2091226346 60716659 10013145
0b000301 0b00c601 10030 100 203367 2092089747 59895246 10029732
0b000a01 0b00cf01 10016 100 773598 2067536032 84462954 10077540
0b000e01 0b00cf01 10027 100 72964 2090732066 61301251 10018797
0b000e01 0b00c401 10015 100 40354 2091849512 60306011 10016065
0b000301 0b00c101 10015 100 78350 2099642912 52521101 10019251
0b000f01 0b00c601 10014 100 948399 2064087427 88132408 10092196
0b000b01 0b00ce01 10021 100 74036 2099808369 52489619 10018890
0b000601 0b00c001 10025 100 440507 2087403772 64916385 10049614
0b000f01 0b00cc01 10021 100 178625 2096328331 56077502 10027657
0b000101 0b00cc01 10017 100 776979 2077915329 74552078 10077822
0b000401 0b00c101 10021 100 25789 2093738475 58742901 10014842
0b000301 0b00c801 10021 100 1511 2092713204 59775840 10012808
0b000401 0b00cf01 10021 100 847573 2081380227 71115379 10083742
0b000c01 0b00c801 10019 100 692184 2089277791 63238504 10070715
0b000101 0b00cb01 10016 100 938671 2060490715 92157450 10091379
0b000c01 0b00c901 10023 100 137468 2097890506 54779496 10024207
0b000d01 0b00c601 10025 100 185995 2085226710 67464004 10028273
0b000e01 0b00c401 10008 100 1274930 2059674847 93089540 10119570
0b000301 0b00c301 10018 100 578798 2073282755 79505671 10061207
0b000301 0b00c001 10018 100 85515 2099789845 53011810 10019851
0b000701 0b00c301 10019 100 17264 2094238381 58616737 10014130
0b000801 0b00ca01 10024 100 34611 2093689592 59167624 10015583
0b000001 0b00c301 10015 100 409785 2087685846 65172500 10047037
0b000e01 0b00cf01 10028 100 3009 2094169897 58814756 10012936
0b000b01 0b00c101 10035 100 28603 2095544713 57668680 10015079
0b000f01 0b00c701 10006 100 1664850 2023920641 129307195 10152261
0b000301 0b00cf01 10012 100 791418 2060074403 93176327 10079034
0b000e01 0b00c701 10017 100 145498 2098910302 54388307 10024880
0b000201 0b00c601 10025 100 3523 2093577634 59754540 10012977
0b000d01 0b00c101 10026 100 8459 2094150518 59224264 10013391
0b000401 0b00c501 10025 100 22306 2092813303 60632767 10014552
0b000101 0b00c201 10012 100 198195 2096627003 56834767 10029299
0b000901 0b00c801 10021 100 529946 2083791648 69733938 10057110
0b000101 0b00cb01 10019 100 69993 2090720979 62816544 10018548
0b000201 0b00c701 10018 100 6890 2093531279 60011306 10013258
0b000b01 0b00cb01 10018 100 9338 2092906941 60694762 10013465
0b000401 0b00cb01 10014 100 1093113 2053183918 100525307 10104330
0b000901 0b00ce01 10025 100 30790 2092054795 61673717 10015262
0b000501 0b00cd01 10025 100 196040 2099034602 54808297 10029119
0b000c01 0b00cc01 10022 100 113200 2090675742 63185665 10022173
0b000e01 0b00cd01 10014 100 63115 2092794909 61071762 10017974
0b000501 0b00c701 10007 100 1029791 2052836092 101078647 10099018
0b000601 0b00cb01 10018 100 286458 2092095050 61821568 10036698
0b000e01 0b00c101 10019 100 1195401 2063502457 90479110 10112904
0b000301 0b00c901 10015 100 22554 2094923670 59062312 10014572
0b000f01 0b00c501 10024 100 5836 2095296492 58704457 10013169
0b000201 0b00c701 10017 100 158661 2086331905 67691984 10025983
0b000501 0b00c301 10021 100 16728 2095717959 58317700 10014083
0b000201 0b00c901 10018 100 187311 2086746433 67329750 10028386
0b000301 0b00c401 10025 100 52047 2091462826 62654169 10017047
0b000301 0b00c501 10018 100 64371 2092747220 61381610 10018079
0b000001 0b00c401 10022 100 26053 2095313693 58842190 10014867
0b000901 0b00c101 10025 100 250000 2084005013 70183093 10033640
0b000601 0b00c701 10013 100 811043 2064110289 90114309 10080681
0b000801 0b00c501 10027 100 9823 2093135504 61190940 10013504
0b000201 0b00c901 10024 100 111439 2097664318 56723499 10022025
0b000701 0b00cb01 10002 100 1842814 2016171712 138222980 10167182
0b000601 0b00c301 10024 100 471637 2088490564 65908239 10052223
0b000301 0b00c801 10022 100 176796 2096010074 58405672 10027503
0b000a01 0b00c001 10022 100 29949 2092350435 62162809 10015191
0b000801 0b00cb01 10013 100 186862 2083713515 70928582 10028347
0b000f01 0b00c301 10011 100 1110402 2038262575 116411763 10105778
0b000c01 0b00c601 10023 100 1037887 2079121020 75685093 10099696
0b000d01 0b00ca01 10020 100 234175 2095421286 59386955 10032316
0b000c01 0b00ce01 10019 100 27599 2094904391 59909041 10014995
0b000901 0b00c601 10018 100 26539 2093333193 61535287 10014906
0b000101 0b00c001 10029 100 49513 2095244790 59768500 10016833
0b000601 0b00c801 10024 100 94921 2091285350 63842124 10020638
0b000201 0b00c601 10026 100 25218 2094106560 61104812 10014797
0b000201 0b00c201 10024 100 59533 2094456382 60756945 10017673
0b000e01 0b00c701 10015 100 2295 2096070206 59165902 10012875
0b000c01 0b00cc01 10015 100 1029039 2064988361 90286001 10098958
0b000301 0b00c601 10026 100 365707 2083344932 71934286 10043342
0b000701 0b00c701 10032 100 75432 2091864054 63498184 10019006
0b000f01 0b00c901 10025 100 47623 2095088832 60348658 10016674
0b000801 0b00c401 10025 100 76137 2093788527 61809759 10019066
0b000e01 0b00c301 10011 100 812167 2086530883 69098813 10080775
0b000201 0b00c901 10021 100 74278 2093915876 61756175 10018910
0b000201 0b00c101 10026 100 2421 2095893762 59820987 10012885
0b000f01 0b00c101 10023 100 758263 2088620251 67293364 10076255
0b000301 0b00cc01 10018 100 2561 2098383131 57645316 10012896
0b000a01 0b00c901 10036 100 30390 2097330136 58705674 10015230
0b000c01 0b00cc01 10023 100 716662 2093013281 63188971 10072766
0b000b01 0b00cc01 10021 100 608608 2089161015 67118766 10063707
0b000801 0b00c701 10006 100 1670111 2023833766 132496380 10152705
0b000501 0b00c401 10020 100 346 2098818961 57559726 10012711
0b000601 0b00c601 10013 100 1055 2096608842 59844309 10012772
0b000e01 0b00c101 10026 100 411993 2082569899 73937974 10047221
0b000801 0b00cb01 10017 100 172589 2099190031 57371855 10027151
0b000601 0b00cc01 10013 100 289825 2098489944 58092951 10036979
0b000301 0b00c801 10018 100 283227 2082787762 74028166 10036428
0b000201 0b00c101 10025 100 30037 2095490943 61334392 10015202
0b000501 0b00cb01 10021 100 5350 2096905861 60134696 10013131
0b000f01 0b00cc01 10014 100 913871 2070146999 86906443 10089299
0b000101 0b00c401 10017 100 198524 2097719526 59406129 10029326
0b000701 0b00c801 10028 100 104001 2092285507 65199218 10021403
0b000801 0b00c601 10016 100 26136 2095171781 62323864 10014874
0b000001 0b00ce01 10016 100 535030 2094504376 63001076 10057540
0b000601 0b00c401 10019 100 701408 2072303912 85228085 10071488
0b000b01 0b00c501 10004 100 1819189 2041972601 115575840 10165203
0b000e01 0b00c301 10017 100 76882 2095048010 62512326 10019126
0b000101 0b00c801 10016 100 663578 2077323203 80321647 10068316
0b000801 0b00cd01 10014 100 1265289 2039988813 117672439 10118764
0b000a01 0b00cb01 10018 100 189948 2087633316 70061288 10028605
0b000c01 0b00c101 10021 100 627536 2085507750 72285044 10065294
0b000c01 0b00cd01 10019 100 107659 2094997585 62810888 10021707
0b000101 0b00ca01 10014 100 681431 2067843611 90034009 10069813
0b000c01 0b00cc01 10016 100 1085503 2065939774 91940481 10103690
0b000701 0b00c501 10016 100 997824 2062848019 95091294 10096338
0b000e01 0b00c601 10018 100 7307 2099393819 58628439 10013295
0b000e01 0b00ce01 10022 100 615338 2095237089 62797476 10064272
0b000101 0b00c901 10024 100 565703 2082547429 75576446 10060109
0b000f01 0b00c701 10013 100 4460 2099037040 59236048 10013056
0b000d01 0b00ce01 10030 100 110553 2094705992 63603420 10021950
0b000001 0b00ca01 10001 100 4918056 2006641747 151764051 10425013
0b000101 0b00c301 10017 100 735 2098469077 59973516 10012742
0b000d01 0b00c701 10018 100 639878 2080424741 78024946 10066327
0b000b01 0b00c801 10009 100 1418177 2037660091 120829902 10131583
0b000801 0b00cf01 10018 100 357601 2090159329 68361231 10042662
0b000d01 0b00ce01 10031 100 63970 2096931098 61598687 10018043
0b000401 0b00ce01 10024 100 237550 2098506731 60108689 10032597
0b000c01 0b00c601 10002 100 4673778 2002893703 155779780 10404530
0b000f01 0b00c401 10014 100 684606 2071374201 87389993 10070078
0b000f01 0b00c401 10000 100 2745166 2008231066 150623861 10242837
0b000901 0b00c401 10025 100 4510 2098342172 60564885 10013060
0b000601 0b00cd01 10019 100 43217 2097186927 61750235 10016306
0b000601 0b00c801 10025 100 95001 2097636333 61346813 10020648
0b000401 0b00c401 10007 100 993908 2067625935 91437118 10096009
0b000f01 0b00c201 10033 100 54997 2098653631 60446223 10017290
0b000b01 0b00c101 10034 100 830252 2090508336 68762282 10082291
0b000301 0b00c801 10019 100 653689 2083507398 75942120 10067486
0b000c01 0b00c201 10028 100 940689 2075063855 84393339 10091548
0b000c01 0b00cb01 10020 100 32321 2098962757 60514942 10015392
0b000901 0b00cb01 10019 100 20194 2098423889 61138352 10014376
0b000101 0b00cd01 10025 100 769105 2088218916 71380809 10077165
0b000601 0b00c301 10018 100 909054 2074094881 85527937 10088898
0b000201 0b00c801 10008 100 1139901 2030229002 129469887 10108249
0b000601 0b00c001 10027 100 152041 2096192176 63588584 10025430
0b000b01 0b00c101 10036 100 121840 2099256437 60599649 10022895
0b000e01 0b00c601 10014 100 436715 2092721146 67234526 10049295
0b000701 0b00cf01 10013 100 670107 2070304553 89730794 10068865
0b000401 0b00c701 10013 100 655483 2074572665 85549406 10067637
0b000a01 0b00cb01 10026 100 356267 2094945346 65259495 10042552
0b000601 0b00c901 10007 100 1580621 2032447812 127839980 10145200
0b000a01 0b00c501 10001 100 1972873 2016595517 143796061 10178086
0b000c01 0b00c601 10029 100 123660 2097027718 63402267 10023048
0b000b01 0b00c101 10031 100 1460460 2082565595 77978319 10135127
0b000a01 0b00c101 10022 100 17831 2099202592 61404097 10014175
0b000801 0b00cc01 10021 100 78905 2098550055 62106028 10019295
0b000501 0b00c901 10018 100 826005 2081890975 78804951 10081936
0b000601 0b00cb01 10021 100 46870 2098751657 62010255 10016610
0b000d01 0b00c501 10022 100 41229 2099774104 61163814 10016139
0b000701 0b00ce01 10012 100 498651 2079258162 81957664 10054488
0b000401 0b00c301 10016 100 651480 2083822564 77436733 10067302
0b000d01 0b00c301 10002 100 2487501 2011125961 150165006 10221234
0b000301 0b00ce01 10022 100 463955 2083914435 77466224 10051578
0b000101 0b00c201 10013 100 329902 2096711857 64829084 10040339
0b000e01 0b00c701 10010 100 950660 2069574755 92085270 10092384
0b000601 0b00c801 10019 100 1010253 2072186481 89539235 10097382
0b000d01 0b00ce01 10027 100 361206 2085442469 76343147 10042966
0b000501 0b00ce01 10023 100 60847 2099287894 62516157 10017782
0b000c01 0b00cb01 10021 100 416226 2099538340 62306325 10047579
0b000001 0b00c601 10005 100 2420720 2019569328 142408871 10215634
0b000e01 0b00c301 10013 100 641320 2088696731 73386718 10066450
0b000501 0b00c001 10030 100 339085 2099215998 62907474 10041112
0b000801 0b00ca01 10008 100 1624713 2029123542 133026714 10148897
0b000001 0b00c301 10001 100 2854846 2013588734 148606896 10252030
0b000101 0b00c601 10001 100 2580857 2013477379 149033977 10229059
0b000101 0b00c601 10016 100 506366 2079959488 82808627 10055136
0b000d01 0b00c401 10028 100 1003297 2069114302 93705966 10096799
0b000901 0b00ce01 10027 100 186934 2096206787 66654141 10028352
0b000a01 0b00c801 10017 100 102480 2096838324 66054688 10021273
0b000101 0b00c801 10018 100 726091 2081248589 81739229 10073558
0b000f01 0b00c301 10008 100 1529891 2035775195 127359906 10140946
0b000a01 0b00ca01 10017 100 195797 2095825995 67546583 10029096
0b000601 0b00c401 10030 100 496140 2098678067 64908841 10054279
0b000b01 0b00c101 10022 100 1771581 2054623691 109111970 10161210
0b000e01 0b00c501 10020 100 849274 2093651846 70411826 10083885
0b000d01 0b00c301 10026 100 674519 2086000358 78314408 10069233
0b000401 0b00c201 10015 100 421012 2098111089 66661743 10047981
0b000001 0b00cf01 10027 100 474094 2094126365 70809348 10052431
0b000f01 0b00c801 10016 100 372723 2091020111 74059322 10043930
0b000b01 0b00cb01 10013 100 1231094 2069398823 95681091 10115898
0b000601 0b00cd01 10014 100 890678 2073411357 91906753 10087355
0b000401 0b00c601 10012 100 1107473 2061370248 104157846 10105532
0b000701 0b00c601 10021 100 727701 2073131232 92553356 10073691
0b000801 0b00c801 10021 100 159632 2099082860 66656108 10026064
0b000001 0b00cb01 10012 100 1302641 2068088985 97849520 10121894
0b000d01 0b00c601 10023 100 943470 2074750444 91312869 10091782
0b000d01 0b00c101 10024 100 692752 2087603244 79071353 10070761
0b000601 0b00c401 10015 100 1382434 2054929700 111900399 10128585
0b000701 0b00c801 10005 100 1741525 2015068519 151779079 10158691
0b000d01 0b00c701 10022 100 588314 2093961157 72996754 10062006
0b000101 0b00c501 10006 100 1536141 2024471550 142531326 10141473
0b000a01 0b00ca01 10016 100 788134 2094397031 72850160 10078760
0b000101 0b00cd01 10013 100 1435257 2041019014 126453870 10133014
0b000b01 0b00cd01 10015 100 946709 2093206694 74471743 10092053
0b000301 0b00c501 10021 100 675129 2095871798 71847884 10069286
0b000b01 0b00cf01 10024 100 1244554 2090091687 77920098 10117025
0b000501 0b00c001 10024 100 603510 2083920131 84256008 10063280
0b000b01 0b00ce01 10003 100 3116898 2021738685 146472949 10274001
0b000d01 0b00ce01 10025 100 874604 2081106364 87167985 10086008
0b000201 0b00cf01 10024 100 532399 2091480155 76858547 10057318
0b000501 0b00c601 10029 100 819316 2079117338 89272189 10081374
0b000401 0b00cc01 10009 100 1384768 2048284650 120326919 10128779
0b000201 0b00c701 10020 100 372167 2098843893 69878643 10043885
0b000301 0b00c001 10009 100 1334941 2046722686 122092735 10124601
0b000801 0b00c201 10008 100 1469069 2030692002 138213753 10135850
0b000901 0b00ce01 10020 100 1017527 2076940551 92311781 10097991
0b000901 0b00c501 10001 100 3975399 2002971099 166284428 10345979
0b000d01 0b00c501 10007 100 1366474 2051284841 117992233 10127247
0b000401 0b00c901 10024 100 606018 2097718449 71847033 10063492
0b000801 0b00cc01 10007 100 1664990 2026105492 143605649 10152272
0b000d01 0b00c101 10022 100 891493 2084166414 85596376 10087424
0b000801 0b00c901 10021 100 283657 2096334203 73644920 10036463
0b000401 0b00c901 10008 100 1920522 2038963311 131223575 10173698
0b000c01 0b00c401 10010 100 1241206 2049785081 120474595 10116745
0b000a01 0b00cd01 10014 100 1341573 2051743624 118570038 10125159
0b000b01 0b00c701 10012 100 1711639 2081185177 89290118 10156185
0b000e01 0b00cb01 10018 100 299078 2099593668 71122225 10037758
0b000c01 0b00c701 10020 100 1304160 2097155691 73664732 10122024
0b000a01 0b00c501 10015 100 632475 2080233349 90710307 10065708
0b000901 0b00c001 10021 100 1208515 2085335433 85719300 10114003
0b000a01 0b00ca01 10001 100 6421829 2003526518 167537514 10551086
0b000501 0b00cc01 10004 100 4288972 2006593441 164765617 10372267
0b000c01 0b00c701 10006 100 1951138 2022347243 149051655 10176266
0b000d01 0b00c401 10034 100 375019 2095580235 75883594 10044125
0b000801 0b00c101 10011 100 1509872 2036584476 134964626 10139268
0b000f01 0b00c001 10024 100 870791 2093206380 78407667 10085687
0b000501 0b00c601 10015 100 1239766 2053209802 118523369 10116622
0b000301 0b00cf01 10017 100 788110 2081787627 90002881 10078758
0b000401 0b00cd01 10018 100 1226660 2098571907 73224181 10115524
0b000b01 0b00cd01 10014 100 1227584 2091650129 80272250 10115602
0b000f01 0b00cb01 10011 100 1346530 2051313085 120679705 10125574
0b000301 0b00ce01 10025 100 202468 2099866432 72216989 10029656
0b000401 0b00c301 10015 100 1241075 2081395994 90800941 10116735
0b000601 0b00ca01 10007 100 1700266 2038275298 134470290 10155233
0b000a01 0b00c301 10022 100 574297 2099684357 73114708 10060831
0b000c01 0b00c901 10010 100 1212495 2042643924 130307752 10114337
0b000201 0b00c301 10016 100 599543 2093520659 79614812 10062947
0b000701 0b00cb01 10018 100 995674 2069594539 103835363 10096158
0b000c01 0b00c201 10029 100 954809 2079027330 94407429 10092731
0b000901 0b00c701 10008 100 1631223 2029201460 144291391 10149444
0b000801 0b00ca01 10015 100 875989 2074710644 98836454 10086122
0b000101 0b00c101 10019 100 1000349 2073686146 100816011 10096551
0b000a01 0b00c701 10009 100 1370432 2036134227 138375890 10127579
0b000a01 0b00c001 10023 100 720009 2094413213 80266219 10073049
0b000c01 0b00c401 10015 100 1302210 2066943994 107743265 10121860
0b000c01 0b00c801 10020 100 1070486 2095085572 79733603 10102431
0b000301 0b00c201 10010 100 1897108 2044686482 130152786 10171736
0b000e01 0b00c401 10004 100 2089630 2017359449 157515417 10187876
0b000e01 0b00cb01 10017 100 836094 2095231775 79781661 10082781
0b000c01 0b00c501 10000 100 3726942 2007969232 167282952 10325147
0b000e01 0b00cf01 10014 100 1695268 2027231979 148251751 10154814
0b000a01 0b00c901 10034 100 789043 2088449459 87119611 10078837
0b000c01 0b00ce01 10014 100 1143276 2075580303 100208507 10108535
0b000201 0b00c201 10025 100 576745 2096672702 79355724 10061035
0b000501 0b00c301 10008 100 2174617 2020743432 155308905 10195001
0b000e01 0b00ce01 10017 100 1324588 2079493316 96682716 10123735
0b000b01 0b00c401 10013 100 2189932 2049905896 126308561 10196284
0b000901 0b00cb01 10016 100 1345084 2082789906 93475027 10125455
0b000901 0b00c401 10021 100 1396380 2085250913 91040135 10129754
0b000001 0b00cf01 10004 100 2560522 2025831425 150594874 10227356
0b000701 0b00cc01 10005 100 1691109 2021107044 155458198 10154466
0b000b01 0b00c101 10007 100 3048688 2016908133 159968378 10268283
0b000501 0b00cb01 10002 100 4140665 2007782608 169225013 10359834
0b000101 0b00ce01 10008 100 2842549 2014152403 162894524 10251001
0b000a01 0b00c501 10017 100 509285 2095213510 81922713 10055381
0b000501 0b00c101 10002 100 3042481 2012453487 164690229 10267763
0b000c01 0b00c001 10020 100 1104516 2098532064 78665972 10105284
0b000601 0b00c301 10002 100 2799135 2011090759 166139904 10247362
0b000e01 0b00c701 10001 100 2462236 2011999267 165257823 10219116
0b000901 0b00c101 10006 100 2827032 2015379811 161880134 10249702
0b000201 0b00c301 10001 100 1887294 2012960547 164412082 10170913
0b000301 0b00cb01 10028 100 384244 2098671716 78734229 10044897
0b000301 0b00c801 10000 100 6200879 2001514080 175915938 10532562
0b000501 0b00cc01 10005 100 2588281 2016148953 161295711 10229684
0b000401 0b00cb01 10016 100 1430984 2058226835 119431277 10132653
0b000701 0b00c001 10019 100 690669 2084778758 92949974 10070586
0b000f01 0b00c401 10021 100 1008620 2097799379 80052534 10097244
0b000301 0b00c201 10000 100 9453064 2001182805 176678629 10805228
0b000801 0b00c401 10022 100 849691 2081364073 96517472 10083919
0b000a01 0b00c401 10011 100 1568000 2051360852 126620008 10144141
0b000f01 0b00c001 10004 100 3294567 2009765188 168272180 10288898
0b000b01 0b00cf01 10006 100 2810849 2035055391 143043222 10248342
0b000401 0b00cc01 10002 100 2917079 2014137578 164005132 10257251
0b000b01 0b00c001 10003 100 1890263 2028582773 149680606 10171162
0b000901 0b00c101 10026 100 896829 2089375715 88994056 10087870
0b000d01 0b00c101 10029 100 875353 2099707380 78860627 10086072
0b000e01 0b00c001 10001 100 5981067 2002983754 175693006 10514136
0b000b01 0b00c301 10015 100 2835032 2035450539 143352108 10250372
0b000001 0b00cf01 10015 100 1281640 2072322071 106610856 10120134
0b000b01 0b00c801 10018 100 1210529 2087662364 91315151 10114172
0b000001 0b00c901 10011 100 1758308 2036137960 143120552 10160099
0b000101 0b00c001 10004 100 2692191 2014806151 164573346 10238396
0b000801 0b00c101 10018 100 874306 2070050483 109379977 10085984
0b000b01 0b00c901 10018 100 916243 2096502500 82976126 10089500
0b000301 0b00c201 10013 100 1763153 2053325472 126321742 10160506
0b000c01 0b00ce01 10012 100 1323957 2074801209 104882946 10123680
0b000001 0b00c101 10026 100 536331 2099488421 80484042 10057648
0b000801 0b00c601 10007 100 1449905 2035778881 144242121 10134240
0b000601 0b00ce01 10004 100 1945175 2017060841 163352342 10175766
0b000401 0b00ca01 10024 100 649597 2097652375 82779839 10067143
0b000101 0b00cd01 10012 100 1977207 2039303970 141251485 10178452
0b000001 0b00cc01 10009 100 1906456 2031783515 148832603 10172519
0b000701 0b00ce01 10004 100 1476354 2022917071 157724504 10136460
0b000b01 0b00c801 10008 100 1813462 2036656423 144079845 10164722
0b000a01 0b00c401 10021 100 631556 2093889208 86918026 10065631
0b000701 0b00cc01 10010 100 997669 2053718137 127118488 10096325
0b000b01 0b00c501 10007 100 2371466 2053514037 127333801 10211505
0b000201 0b00cf01 10008 100 1772324 2016581724 164398168 10161274
0b000501 0b00cd01 10006 100 2423521 2019767535 161449727 10215869
0b000801 0b00ce01 10022 100 786544 2089655678 91667838 10078625
0b000301 0b00cd01 10019 100 744049 2081696710 99849722 10075064
0b000101 0b00cd01 10019 100 1327437 2066264759 115282448 10123974
0b000301 0b00c301 10020 100 921141 2092399683 89521564 10089911
0b000c01 0b00ca01 10005 100 1936044 2027238285 154932760 10175001
0b000c01 0b00c301 10020 100 1168000 2087263354 95137879 10110605
0b000101 0b00c901 10004 100 1935252 2026442220 156072416 10174934
0b000701 0b00c801 10012 100 1338520 2033446704 149197022 10124903
0b000201 0b00ce01 10007 100 1559556 2027212072 155465847 10143434
0b000601 0b00c501 10008 100 1894896 2043813194 138983983 10171548
0b000f01 0b00cd01 10012 100 1466233 2058018119 124845431 10135611
0b000501 0b00cd01 10022 100 1058259 2089714943 93230397 10101407
0b000901 0b00c701 10012 100 1634846 2053466151 129613166 10149746
0b000b01 0b00c501 10002 100 1833395 2032887094 150192483 10166394
0b000a01 0b00cb01 10024 100 985103 2092132045 91475380 10095274
0b000701 0b00c901 10010 100 1437587 2049314209 134444423 10133208
0b000501 0b00c901 10025 100 897276 2092440257 91383875 10087910
0b000601 0b00c501 10018 100 1215119 2091461316 92377670 10114558
0b000801 0b00c401 10018 100 933189 2075589005 108525245 10090921
0b000201 0b00c501 10019 100 838589 2080177899 104749938 10082988
0b000a01 0b00c901 10011 100 1915839 2021568433 163616503 10173304
0b000101 0b00c001 10010 100 1515718 2027347124 157991601 10139758
0b000e01 0b00c001 10018 100 1323336 2089926644 95474673 10123631
0b000101 0b00c601 10002 100 2252190 2015205229 170305994 10201506
0b000c01 0b00c301 10004 100 2132629 2026640576 159037074 10191481
0b000001 0b00c501 10007 100 2733242 2035661519 150120411 10241837
0b000e01 0b00cf01 10007 100 2590688 2016236388 169806875 10229884
0b000701 0b00c601 10005 100 1890224 2021187337 164920438 10171159
0b000201 0b00c601 10017 100 990135 2065707494 120441068 10095696
0b000f01 0b00c801 10000 100 2763489 2015705277 170621770 10244372
0b000b01 0b00c201 10000 100 4955707 2010503685 175829843 10428167
0b000401 0b00c001 10018 100 1794390 2056075169 130338882 10163124
0b000701 0b00cc01 10003 100 1966132 2017584806 169070396 10177523
0b000f01 0b00cf01 10001 100 1516555 2035192723 151474482 10139829
0b000001 0b00c901 10023 100 1330757 2077729746 108954501 10124251
0b000d01 0b00c001 10015 100 1141662 2066531142 120448946 10108398
0b000e01 0b00c201 10010 100 1379770 2078636060 108356283 10128360
0b000b01 0b00cb01 10019 100 2155745 2097482938 89622284 10193418
0b000801 0b00c801 10022 100 878008 2099183453 88039995 10086296
0b000c01 0b00c301 10016 100 1639222 2078180457 109219401 10150115
0b000801 0b00c701 10012 100 1878575 2043687817 143769182 10170181
0b000a01 0b00c001 10012 100 1790193 2057709211 129755500 10162772
0b000f01 0b00cb01 10009 100 1877045 2029179382 158313513 10170055
0b000b01 0b00c801 10021 100 1561255 2097733482 89763595 10143578
0b000901 0b00c101 10007 100 2874180 2016995732 170638344 10253654
0b000f01 0b00c501 10002 100 3882421 2004513783 183124218 10338184
0b000001 0b00cc01 10017 100 2232236 2053322598 134405889 10199833
0b000801 0b00ca01 10026 100 913219 2094110275 93740209 10089247
0b000b01 0b00cc01 10008 100 2542803 2032643997 155213387 10225869
0b000c01 0b00c301 10006 100 1842043 2035942539 152034840 10167120
0b000801 0b00cf01 10003 100 1987416 2027745846 160345898 10179307
0b000701 0b00ca01 10014 100 964959 2098206344 89993080 10093582
0b000401 0b00cf01 10018 100 1141538 2074809023 113483171 10108388
0b000601 0b00c901 10009 100 1727766 2036554864 151813596 10157536
0b000101 0b00c601 10012 100 1370717 2068336935 120192195 10127602
0b000001 0b00c401 10020 100 926627 2088462540 100073576 10090369
0b000c01 0b00cf01 10012 100 1554378 2085276894 103281507 10143001
0b000401 0b00c701 10009 100 1315399 2065361160 123249624 10122965
0b000201 0b00cd01 10007 100 1442521 2040367092 148511594 10133622
0b000601 0b00c001 10016 100 1948626 2049870948 139056369 10176054
0b000001 0b00cc01 10020 100 1710329 2064694902 124251118 10156076
0b000a01 0b00cd01 10022 100 937572 2079389223 109798049 10091287
0b000101 0b00c901 10002 100 3027215 2015724227 173528232 10266484
0b000801 0b00c901 10022 100 1007022 2097128103 92147573 10097112
0b000a01 0b00c101 10019 100 1177803 2093575641 95732552 10111427
0b000101 0b00c001 10018 100 1912549 2058506046 130831532 10173029
0b000801 0b00c201 10022 100 796218 2085942129 103419939 10079437
0b000901 0b00c301 10015 100 1483420 2069497101 119918418 10137052
0b000d01 0b00ce01 10016 100 1624594 2062825722 126933103 10148887
0b000901 0b00c301 10010 100 1746834 2060489582 129284261 10159135
0b000b01 0b00cb01 10007 100 2391612 2031719890 158155883 10213194
0b000101 0b00c501 10008 100 1403500 2032344838 157549880 10130351
0b000201 0b00c601 10003 100 1761185 2011239799 178707445 10160340
0b000601 0b00c401 10029 100 1034119 2097788904 92436807 10099383
0b000e01 0b00c801 10016 100 1250083 2086083694 104247991 10117490
0b000801 0b00cd01 10028 100 755040 2091000494 99464678 10075986
0b000301 0b00c401 10027 100 879078 2092410913 98092823 10086385
0b000701 0b00c201 10014 100 984565 2073731219 117071731 10095227
0b000401 0b00c401 10015 100 1611190 2096633896 94287578 10147765
0b000b01 0b00c101 10009 100 3113265 2029499077 161641978 10273698
0b000001 0b00c801 10011 100 1814647 2045018606 146198270 10164821
0b000101 0b00c701 10007 100 1847824 2033267013 158075594 10167602
0b000401 0b00ca01 10018 100 1424641 2066509035 125024180 10132123
0b000401 0b00ce01 10005 100 2619119 2027316545 164225615 10232270
0b000e01 0b00ce01 10004 100 2206579 2015153585 176432826 10197681
0b000b01 0b00c701 10004 100 3087454 2030263526 161371222 10271534
0b000f01 0b00c901 10005 100 2749420 2018962016 172716111 10243193
0b000901 0b00c401 10010 100 1994278 2048135745 144300827 10179883
0b000501 0b00c601 10010 100 1835058 2036450508 155995047 10166534
0b000901 0b00c201 10026 100 1233837 2099223170 93385000 10116125
0b000801 0b00c201 10007 100 1881801 2025640935 166979725 10170450
0b000a01 0b00c701 10010 100 1893640 2037215159 155473121 10171444
0b000601 0b00cd01 10018 100 1502662 2094877507 97945717 10138664
0b000301 0b00ce01 10023 100 845097 2085426952 108069835 10083536
0b000c01 0b00cd01 10016 100 1202949 2074462769 119112669 10113535
0b000c01 0b00c201 10002 100 2755264 2014011732 179669740 10243684
0b000301 0b00c501 10009 100 1822815 2045797508 148024858 10165505
0b000501 0b00c401 10009 100 1335147 2049444273 144384255 10124622
0b000401 0b00c501 10026 100 1349542 2098351407 95572915 10125827
0b000701 0b00cc01 10007 100 1864580 2026759188 167283400 10169008
0b000501 0b00c401 10005 100 1702642 2041193833 153279278 10155430
0b000301 0b00c601 10025 100 1277921 2080074870 114706362 10119821
0b000401 0b00c301 10004 100 1654059 2045500254 149474552 10151359
0b000001 0b00c001 10015 100 1173288 2092995747 102030897 10111051
0b000c01 0b00cc01 10014 100 1252734 2061005355 134126605 10117710
0b000f01 0b00c501 10014 100 1816003 2044954610 150441384 10164937
0b000e01 0b00ce01 10005 100 2955127 2017325098 178342216 10260441
0b000501 0b00c601 10026 100 1650425 2070662964 125276192 10151053
0b000301 0b00cb01 10025 100 1141895 2091497887 104482514 10108416
0b000801 0b00c901 10012 100 1474037 2042644372 153560311 10136266
0b000001 0b00c601 10006 100 2571091 2019993411 176384456 10228243
0b000401 0b00c901 10022 100 1661821 2090124927 106258513 10152007
0b000f01 0b00ca01 10017 100 1831984 2065831435 130597101 10166273
0b000d01 0b00c501 10015 100 1652813 2083033014 113620707 10151252
0b000101 0b00ca01 10015 100 1756652 2071430454 125340622 10159959
0b000b01 0b00c301 10019 100 2916467 2060634787 136237097 10257198
0b000f01 0b00c601 10018 100 1566442 2095368506 101634481 10144012
0b000901 0b00ce01 10011 100 1917104 2034402904 162729189 10173413
0b000601 0b00ce01 10023 100 1268655 2098999838 98159299 10119045
0b000201 0b00c501 10008 100 1586942 2044348149 152863144 10145729
0b000f01 0b00cd01 10021 100 1491389 2094477185 102811517 10137720
0b000b01 0b00c501 10011 100 1656320 2085009215 112399208 10151548
0b000f01 0b00cf01 10013 100 1779595 2082672832 114854996 10161882
0b000d01 0b00c201 10004 100 3040874 2020100302 177953539 10267627
0b000401 0b00cb01 10008 100 1978955 2044726409 153434514 10178595
0b000301 0b00c101 10006 100 1946387 2046361486 151868811 10175867
0b000b01 0b00cd01 10007 100 1803970 2055551046 142747474 10163924
0b000501 0b00ce01 10016 100 1486115 2077316072 121302714 10137279
0b000401 0b00cc01 10010 100 1582570 2052791705 145896256 10145364
0b000a01 0b00c201 10006 100 1827015 2026331249 172758349 10165860
0b000701 0b00ca01 10001 100 1719557 2027476354 171731239 10156849
0b000801 0b00c301 10013 100 1214348 2085010446 114272673 10114493
0b000e01 0b00c401 10001 100 3126645 2006979170 192478478 10274819
0b000a01 0b00ca01 10018 100 1477814 2099153422 100336804 10136580
0b000601 0b00c501 10000 100 3302530 2008455774 191199531 10289565
0b000501 0b00c101 10024 100 1471822 2097591943 102172738 10136078
0b000f01 0b00c201 10015 100 1813154 2048716575 151349254 10164698
0b000401 0b00c201 10010 100 1694474 2048323651 151762971 10154746
0b000f01 0b00c001 10022 100 1840713 2085828028 114266864 10167006
0b000301 0b00cd01 10017 100 1524041 2072916386 127196074 10140459
0b000c01 0b00cc01 10006 100 2775789 2026323026 173930131 10245402
0b000901 0b00c101 10017 100 1506812 2045480213 154838690 10139011
0b000101 0b00c601 10021 100 1500831 2091725137 108605021 10138510
0b000e01 0b00ce01 10016 100 1683592 2075446904 125021468 10153833
0b000101 0b00cb01 10005 100 2252109 2037722272 162808517 10201500
0b000e01 0b00c601 10000 100 3599235 2003935896 197026020 10314442
0b000a01 0b00c901 10021 100 1219734 2063628877 137383463 10114943
0b000201 0b00c401 10004 100 2439370 2023719659 177326987 10217199
0b000b01 0b00c801 10011 100 3068643 2044522297 156563829 10269956
0b000401 0b00cf01 10008 100 2642076 2036519640 164574193 10234195
0b000801 0b00c701 10004 100 3039334 2017000732 184135710 10267500
0b000e01 0b00cb01 10014 100 1606642 2075412522 125818257 10147382
0b000801 0b00c301 10014 100 1108907 2091983013 109545098 10105651
0b000001 0b00ca01 10003 100 4024087 2016877013 184834331 10350062
0b000f01 0b00c001 10021 100 1952682 2085454786 116590409 10176394
0b000901 0b00c301 10022 100 1381683 2087491930 114609548 10128521
0b000501 0b00ce01 10018 100 1189533 2081870376 120275236 10112412
0b000601 0b00c901 10012 100 1428649 2057404195 144861523 10132459
0b000601 0b00c901 10001 100 4483548 2004906633 197414509 10388582
0b000d01 0b00c601 10027 100 1740063 2087856385 114680694 10158570
0b000001 0b00c201 10022 100 1545681 2094089328 108616003 10142271
0b000101 0b00ca01 10009 100 1498686 2052879012 149873047 10138331
0b000401 0b00c001 10009 100 1815714 2034669806 168098893 10164910
0b000a01 0b00c001 10017 100 1116531 2070618325 132353151 10106291
0b000501 0b00ce01 10011 100 1897322 2064729727 138342664 10171754
0b000601 0b00c401 10008 100 2525547 2030762693 172342701 10224423
0b000a01 0b00cd01 10012 100 1935745 2049607668 153543375 10174973
0b000201 0b00c701 10009 100 2010910 2042369588 160909033 10181275
0b000e01 0b00c301 10003 100 3054654 2017161655 186139335 10268783
0b000b01 0b00cc01 10001 100 8334544 2006274857 197033490 10711449
0b000901 0b00c401 10005 100 2080837 2036230863 167110875 10187138
0b000801 0b00c301 10007 100 1247381 2044863995 158530928 10117262
0b000801 0b00c701 10011 100 1816199 2042529523 160920060 10164953
0b000801 0b00c101 10013 100 2434138 2038813451 164664461 10216761
0b000c01 0b00c901 10019 100 1346193 2086924981 116575782 10125547
0b000401 0b00c601 10010 100 2211092 2042896819 160695637 10198061
0b000c01 0b00ca01 10008 100 1690230 2031900954 171846075 10154391
0b000701 0b00cb01 10008 100 1758706 2038424196 165407332 10160131
0b000d01 0b00ce01 10029 100 1140816 2093355235 110615964 10108326
0b000f01 0b00c401 10013 100 1297760 2063349371 140886223 10121485
0b000101 0b00c001 10015 100 1863176 2049662461 154621180 10168891
0b000d01 0b00c501 10006 100 1933804 2043282057 161112729 10174810
0b000601 0b00c601 10009 100 1757110 2048331918 156152092 10159999
0b000c01 0b00cd01 10005 100 2785709 2028208718 176432356 10246234
0b000401 0b00c901 10025 100 1821763 2099356643 105428567 10165417
0b000b01 0b00cc01 10011 100 3871217 2037308116 167496111 10337245
0b000201 0b00cd01 10006 100 1757383 2026402125 178424790 10160021
0b000d01 0b00cc01 10011 100 2487768 2038987596 165923396 10221255
0b000a01 0b00ca01 10007 100 2531601 2031541494 173425767 10224930
0b000801 0b00ce01 10006 100 3280259 2020659778 184454236 10287699
0b000801 0b00cb01 10015 100 1346915 2088202984 117096291 10125605
0b000701 0b00c501 10019 100 1332397 2082905584 122396579 10124390
0b000301 0b00c101 10010 100 1123521 2085183993 120173890 10106877
0b000601 0b00c101 10009 100 2349478 2043055847 162465413 10209662
0b000f01 0b00c101 10018 100 1274905 2068101791 137579778 10119568
0b000601 0b00c001 10014 100 1977750 2046382603 159414728 10178495
0b000001 0b00cb01 10014 100 1685804 2078926633 126896812 10154018
0b000c01 0b00ca01 10006 100 2886541 2027887450 178025870 10254689
0b000101 0b00cb01 10023 100 1728276 2099807546 106139200 10157581
0b000d01 0b00ca01 10008 100 1997902 2046927610 159128764 10180184
0b000b01 0b00c601 10003 100 4784024 2026916094 179142011 10413776
0b000201 0b00cf01 10009 100 2264409 2018243818 187867669 10202530
0b000301 0b00cd01 10002 100 3185315 2021100163 185057367 10279739
0b000a01 0b00c901 10028 100 1712928 2079968744 126444748 10156292
0b000601 0b00c301 10022 100 1882425 2084819170 121775024 10170504
0b000601 0b00ce01 10019 100 1752484 2096151843 110504461 10159610
0b000101 0b00c101 10013 100 1378947 2057993071 148721006 10128291
0b000601 0b00cb01 10017 100 1581693 2080616660 126213819 10145290
0b000001 0b00cd01 10021 100 1079856 2099532604 107374420 10103215
0b000601 0b00c301 10026 100 1532135 2090631988 116674908 10141137
0b000d01 0b00c301 10010 100 2821512 2030240304 177160267 10249237
0b000f01 0b00c101 10014 100 1422354 2057314112 150119467 10131932
0b000d01 0b00c201 10019 100 1848595 2098871262 108729853 10167667
0b000601 0b00cc01 10008 100 1604083 2054482120 153235742 10147169
0b000b01 0b00c601 10002 100 3816632 2016546441 191301790 10332667
0b000801 0b00cf01 10011 100 1150729 2065500268 142410778 10109158
0b000e01 0b00cf01 10023 100 1786180 2058792529 149210908 10162436
0b000d01 0b00c801 10009 100 1982479 2045764179 162593635 10178893
0b000801 0b00c501 10009 100 1994414 2045215364 163373456 10179893
0b000201 0b00c201 10026 100 1355188 2099625014 109074515 10126302
0b000001 0b00c401 10005 100 3678371 2023652708 185084598 10321077
0b000801 0b00cf01 10009 100 1815752 2057903345 151197654 10164913
0b000901 0b00c201 10021 100 1507524 2082634327 126528607 10139072
0b000a01 0b00c901 10013 100 2117041 2025239223 183944449 10190176
0b000a01 0b00c401 10014 100 1514614 2063379752 145840384 10139666
0b000001 0b00ca01 10005 100 3471129 2029394577 180083232 10303702
0b000f01 0b00c901 10017 100 1517750 2057163312 152325317 10139929
0b000801 0b00c701 10013 100 1640112 2045913751 164064907 10150190
0b000601 0b00c901 10014 100 1557914 2064741968 145568680 10143295
0b000401 0b00cc01 10017 100 1538104 2081501820 129258078 10141638
0b000301 0b00cc01 10017 100 1066941 2091989975 118812704 10102132
0b000a01 0b00c501 10006 100 2872812 2036458892 174587004 10253537
0b000c01 0b00c901 10021 100 1692193 2087653103 123578093 10154556
0b000d01 0b00ce01 10008 100 1843451 2050747578 160553259 10167237
0b000101 0b00c501 10009 100 1991147 2034168068 177202375 10179621
0b000801 0b00c901 10013 100 1368886 2043950092 167675584 10127447
0b000401 0b00ce01 10011 100 2289721 2049292110 162359798 10204651
0b000b01 0b00c601 10007 100 4164456 2041130095 170730645 10361830
0b000d01 0b00c801 10008 100 2211794 2043530066 168486936 10198117
0b000a01 0b00c201 10015 100 1081877 2088870181 123204599 10103385
0b000401 0b00c201 10006 100 2548236 2025661389 186520023 10226327
0b000701 0b00c901 10004 100 1954652 2025462164 186889827 10176559
0b000701 0b00cc01 10014 100 1262652 2061188753 151331365 10118542
0b000801 0b00cc01 10011 100 2188668 2045435562 167221556 10196179
0b000301 0b00c401 10029 100 1052984 2099239630 113531865 10100962
0b000d01 0b00c701 10020 100 1380498 2090498320 122508417 10128422
0b000d01 0b00c601 10026 100 1571632 2085569313 127532402 10144447
0b000001 0b00ca01 10024 100 1926041 2098480647 114752311 10174162
0b000001 0b00cf01 10016 100 1295714 2076414366 136833024 10121313
0b000101 0b00c101 10009 100 1943130 2032113309 181485774 10175595
0b000e01 0b00c501 10019 100 1550718 2091205453 122706537 10142693
0b000e01 0b00c101 10025 100 2326660 2076067012 137867552 10207748
0b000701 0b00c901 10013 100 1327664 2060476642 153483525 10123992
0b000b01 0b00c301 10026 100 2878263 2082472439 131571249 10253996
0b000801 0b00cf01 10013 100 1323634 2069987526 144152182 10123654
0b000301 0b00cb01 10008 100 3824306 2034957100 179212788 10333312
0b000801 0b00c801 10011 100 1436504 2068788834 145405773 10133118
0b000501 0b00cc01 10021 100 1436982 2070216851 144202733 10133156
0b000401 0b00cc01 10013 100 1921481 2056113633 158507567 10173778
0b000f01 0b00c801 10008 100 3153947 2038007979 176683452 10277107
0b000701 0b00ce01 10013 100 1095392 2079999234 134814833 10104520
0b000301 0b00c301 10004 100 3153196 2027495258 187429873 10277047
0b000501 0b00c501 10001 100 5292420 2007335572 207714988 10456398
0b000d01 0b00ca01 10014 100 1308926 2066421547 149204738 10122420
0b000f01 0b00c301 10007 100 2239839 2035464263 180706375 10200468
0b000701 0b00cc01 10013 100 1453464 2059280635 157107022 10134540
0b000901 0b00c301 10021 100 1683711 2085537310 130919433 10153843
0b000001 0b00c201 10020 100 1292378 2080987090 135566820 10121035
0b000a01 0b00cc01 10011 100 1825294 2063378468 153345789 10165715
0b000601 0b00cd01 10013 100 1871323 2068022414 148866150 10169574
0b000a01 0b00cc01 10005 100 2855514 2025215825 191784474 10252088
0b000401 0b00c201 10014 100 1458852 2096624090 120392260 10134990
0b000501 0b00cd01 10008 100 2563502 2039606404 177681610 10227605
0b000001 0b00c201 10011 100 2885133 2047377192 169912386 10254572
0b000301 0b00c801 10008 100 1565668 2049995664 167503423 10143946
0b000101 0b00cc01 10006 100 2439825 2028756953 188818930 10217235
0b000001 0b00cf01 10021 100 1660342 2086916566 130672243 10151885
0b000701 0b00c101 10009 100 1703903 2054962982 162742483 10155535
0b000d01 0b00cb01 10014 100 1956854 2079538690 138217629 10176743
0b000301 0b00c501 10004 100 4300383 2017303029 200506706 10373226
0b000101 0b00c501 10003 100 3608811 2018516394 199305996 10315243
0b000501 0b00c101 10016 100 1482206 2072168172 145664363 10136951
0b000d01 0b00c301 10020 100 1760556 2058169071 159671731 10160286
0b000601 0b00cf01 10002 100 4461585 2005601174 212372340 10386740
0b000401 0b00ca01 10015 100 1685768 2049978197 168033365 10154015
0b000701 0b00ce01 10009 100 1424871 2061951634 156168114 10132141
0b000c01 0b00cb01 10013 100 1792613 2064139412 154068847 10162974
0b000201 0b00c401 10014 100 1514216 2089907288 128740393 10139634
0b000601 0b00c501 10005 100 3361592 2036066770 182608331 10294517
0b000b01 0b00c901 10003 100 5800608 2007643943 211175487 10499004
0b000f01 0b00cf01 10004 100 2537486 2048127474 170718669 10225424
0b000501 0b00c601 10002 100 4141651 2011910633 207186149 10359917
0b000001 0b00cc01 10013 100 3462839 2039682678 179526278 10303005
0b000d01 0b00ce01 10006 100 1482442 2048526821 170738660 10136970
0b000601 0b00c201 10010 100 1426136 2069074572 150483449 10132250
0b000801 0b00ca01 10003 100 3924931 2014846212 205131644 10341746
0b000101 0b00c201 10006 100 1753790 2064121704 155940430 10159718
0b000701 0b00ca01 10008 100 1656732 2058156208 162016399 10151581
0b000301 0b00cd01 10012 100 3007057 2050572858 169599931 10264795
0b000801 0b00c001 10020 100 1311547 2089924246 130694158 10122641
0b000101 0b00c601 10003 100 4082142 2016334344 204370601 10354930
0b000401 0b00ce01 10022 100 1886251 2095835407 124870876 10170826
0b000c01 0b00c101 10009 100 3073929 2041154992 179581675 10270398
0b000c01 0b00c101 10012 100 2798142 2043408217 177542536 10247279
0b000b01 0b00c201 10003 100 3681391 2023969891 197177805 10321330
0b000f01 0b00c901 10021 100 1888887 2063186092 158361751 10171044
0b000601 0b00c701 10012 100 2199158 2051471068 170251261 10197060
0b000801 0b00cd01 10013 100 2136580 2038456129 183354678 10191812
0b000e01 0b00ca01 10015 100 2100392 2065581211 156428121 10188779
0b000401 0b00c901 10015 100 1793548 2069335809 152854760 10163052
0b000501 0b00c301 10012 100 2325289 2042090776 180452868 10207634
0b000801 0b00ce01 10010 100 1689283 2038927575 183781802 10154312
0b000b01 0b00c701 10006 100 4170807 2042066262 180667188 10362361
0b000d01 0b00c001 10004 100 2765525 2027459820 195352245 10244543
0b000201 0b00c101 10019 100 1364847 2072969882 149864439 10127109
0b000e01 0b00cc01 10019 100 1993992 2068154073 154729334 10179856
0b000801 0b00c201 10009 100 1774699 2038282564 184634890 10161471
0b000401 0b00c001 10003 100 4259276 2008972725 213994077 10369780
0b000d01 0b00cf01 10005 100 2147207 2037161540 185866488 10192704
0b000d01 0b00ce01 10021 100 1440529 2072926986 150275882 10133455
0b000c01 0b00cb01 10019 100 2174816 2097395048 126210783 10195017
0b000801 0b00cb01 10005 100 2909957 2033556874 190176535 10256650
0b000201 0b00ce01 10012 100 1378852 2057338105 166731955 10128283
0b000201 0b00c201 10014 100 2341377 2053714777 170637464 10208983
0b000e01 0b00c701 10000 100 3867389 2008933285 215553461 10336924
0b000a01 0b00ce01 10011 100 1911336 2066606918 157975761 10172928
0b000501 0b00c801 10009 100 2508619 2039222988 185383162 10223004
0b000101 0b00c701 10017 100 1724772 2071853518 153003178 10157285
0b000c01 0b00c201 10018 100 1620640 2049476793 175484154 10148555
0b000b01 0b00c901 10008 100 3791824 2035850316 189229054 10330587
0b000301 0b00cf01 10014 100 1917527 2062915095 162328035 10173447
0b000801 0b00c601 10017 100 1464726 2097349847 127913439 10135483
0b000001 0b00cf01 10026 100 1625083 2092886774 132381738 10148930
0b000701 0b00c301 10013 100 1392824 2047975318 177374489 10129455
0b000901 0b00c501 10019 100 2532694 2039795146 186142253 10225022
0b000e01 0b00cd01 10011 100 1465274 2079909053 146099261 10135531
0b000e01 0b00c101 10028 100 1401392 2088626773 137426815 10130175
0b000b01 0b00c701 10007 100 3585657 2042533753 183798990 10313302
0b000801 0b00c301 10012 100 1118169 2074409699 152050809 10106430
0b000801 0b00c501 10012 100 2782581 2052415016 174156609 10245973
0b000e01 0b00c401 10003 100 4489966 2015135730 211782258 10389118
0b000d01 0b00c801 10021 100 1953755 2093286988 133821516 10176483
0b000c01 0b00cc01 10018 100 1836015 2075134471 152006514 10166615
0b000301 0b00c801 10020 100 1172999 2088658482 138640511 10111024
0b000101 0b00cc01 10015 100 1670271 2075699505 151660212 10152718
0b000d01 0b00cc01 10002 100 3408155 2019179734 208357046 10298422
0b000901 0b00cf01 10021 100 2130675 2086601659 141013583 10191317
0b000d01 0b00cb01 10004 100 3522340 2020502228 207510852 10307995
0b000601 0b00c101 10007 100 2797679 2039280595 188779054 10247238
0b000e01 0b00cf01 10020 100 2457537 2045920530 182200991 10218721
0b000801 0b00cf01 10012 100 1461807 2069371186 158893044 10135238
0b000b01 0b00cb01 10008 100 4377017 2031899570 196431792 10379652
0b000a01 0b00c701 10017 100 1496222 2054278355 174215075 10138126
0b000301 0b00cf01 10016 100 1417193 2076267715 152308324 10131500
0b000201 0b00cd01 10010 100 1600327 2048051338 180598798 10146854
0b000601 0b00c001 10013 100 1919824 2046257621 182566983 10173638
0b000401 0b00ce01 10016 100 1603535 2073973762 154885540 10147122
0b000f01 0b00cc01 10002 100 4463371 2012589586 216585284 10386891
0b000b01 0b00c201 10015 100 3379885 2098529203 130772238 10296050
0b000e01 0b00c801 10009 100 3070780 2034155279 195187232 10270135
0b000d01 0b00c401 10035 100 1948022 2096471105 133380323 10176005
0b000201 0b00cb01 10012 100 1505035 2053821426 176266298 10138865
0b000e01 0b00ca01 10018 100 1568690 2082382529 148223515 10144200
0b000201 0b00c601 10027 100 1647178 2094410595 136248710 10150782
0b000701 0b00c201 10017 100 1228277 2082853388 147872633 10115661
0b000d01 0b00c701 10008 100 2531710 2033673438 197266302 10224939
0b000f01 0b00c201 10024 100 2097612 2069642802 161348736 10188545
0b000b01 0b00c601 10009 100 3132877 2042834936 188412065 10275340
0b000101 0b00cc01 10011 100 1711059 2048514212 182752589 10156138
0b000b01 0b00c901 10000 100 8660954 2006391969 224878298 10738814
0b000001 0b00c501 10013 100 1629645 2077078622 154316317 10149310
0b000701 0b00c401 10014 100 1487310 2050678321 181048388 10137378
0b000701 0b00ce01 10007 100 2162131 2044338753 187389102 10193956
0b000701 0b00c801 10017 100 1667825 2052613748 179256349 10152511
0b000801 0b00c401 10013 100 1945039 2058235700 173637448 10175755
0b000401 0b00c401 10009 100 1927306 2068997228 162935382 10174268
0b000101 0b00c701 10010 100 2708546 2040912425 191158605 10239766
0b000301 0b00cc01 10013 100 1524783 2077161543 155028331 10140518
0b000d01 0b00c601 10017 100 2613486 2055480970 176862979 10231796
0b000e01 0b00c101 10018 100 3345132 2058735363 173694630 10293139
0b000a01 0b00c601 10016 100 1312928 2080128245 152702676 10122756
0b000d01 0b00c101 10028 100 2215557 2095088634 137953278 10198434
0b000101 0b00cd01 10008 100 3775234 2029810342 203590071 10329198
0b000c01 0b00c001 10016 100 3196104 2053217644 180452777 10280644
0b000701 0b00c701 10025 100 2410376 2067310663 166573622 10214768
0b000401 0b00c001 10017 100 3095914 2055418793 178476176 10272241
0b000901 0b00c001 10003 100 4349411 2009397245 224514327 10377336
0b000001 0b00cf01 10008 100 2274360 2049583870 184437545 10203364
0b000201 0b00c701 10012 100 2661614 2054567850 179571783 10235831
0b000301 0b00c301 10011 100 1991220 2051962876 182266655 10179626
0b000501 0b00c701 10002 100 2845141 2029630008 204831795 10251219
0b000701 0b00c601 10017 100 1925817 2058125099 176748185 10174141
0b000a01 0b00cc01 10022 100 1800949 2095268397 139655177 10163671
0b000a01 0b00cb01 10005 100 3615946 2020974920 213955195 10315841
0b000b01 0b00c901 10015 100 3228663 2075549958 159566660 10283372
0b000901 0b00c501 10018 100 2189533 2038291228 197029206 10196252
0b000401 0b00ca01 10019 100 2226789 2066748184 168606084 10199374
0b000e01 0b00ce01 10014 100 1997315 2056618455 178747014 10180137
0b000f01 0b00ce01 10004 100 4009870 2019307985 216115839 10348868
0b000601 0b00cd01 10005 100 3238271 2041779210 194053370 10284179
0b000601 0b00c301 10012 100 3288376 2038921879 197046886 10288379
0b000101 0b00c701 10002 100 3236135 2015697369 220418596 10284000
0b000501 0b00cd01 10014 100 2676417 2058616127 177630316 10237073
0b000701 0b00c701 10030 100 1887089 2082870247 153412028 10170897
0b000301 0b00c501 10013 100 1820942 2074691969 161739093 10165348
0b000701 0b00cb01 10011 100 2950882 2041891298 194562840 10260082
0b000501 0b00c901 10021 100 1862633 2087691654 148807098 10168844
0b000c01 0b00c301 10019 100 2101680 2085615123 150976424 10188886
0b000601 0b00cb01 10009 100 3316820 2037862093 198791158 10290762
0b000f01 0b00cf01 10005 100 1657326 2058853229 177967800 10151632
0b000301 0b00ca01 10025 100 1356878 2088071982 148903228 10126441
0b000801 0b00c601 10005 100 2950774 2027054311 210313282 10260073
0b000d01 0b00ca01 10012 100 1563313 2059279520 178171771 10143750
0b000d01 0b00ca01 10013 100 2555505 2060751801 176801638 10226935
0b000501 0b00cc01 10024 100 2570773 2097946301 139724219 10228214
0b000f01 0b00cc01 10006 100 3669345 2026143824 211601541 10320320
0b000301 0b00c801 10015 100 1518348 2077297232 160650317 10139980
0b000a01 0b00c001 10018 100 2060211 2073993039 164121443 10185411
0b000601 0b00c301 10020 100 2068339 2079604471 158913132 10186092
0b000b01 0b00c101 10028 100 3203311 2071212167 167691883 10281248
0b000b01 0b00c501 10010 100 3897987 2070413473 168863825 10339487
0b000401 0b00cd01 10002 100 4305147 2024105285 215615828 10373626
0b000301 0b00c101 10007 100 1658221 2059631738 180105551 10151708
0b000b01 0b00c201 10016 100 5127712 2099516910 140254567 10442588
0b000c01 0b00c101 10020 100 3002973 2072281546 167680553 10264449
0b000e01 0b00ce01 10002 100 3464609 2008196027 231978625 10303154
0b000201 0b00cb01 10010 100 2705551 2040675133 199669421 10239515
0b000301 0b00ce01 10018 100 1525805 2079945034 160803995 10140604
0b000601 0b00c801 10018 100 2609507 2061364978 179499114 10231462
0b000a01 0b00cb01 10012 100 2146479 2067189987 173677156 10192642
0b000101 0b00c801 10006 100 3066010 2039156456 201828388 10269738
0b000701 0b00cc01 10012 100 1871537 2059041183 181947176 10169591
0b000e01 0b00c901 10012 100 2613792 2055092177 185960630 10231821
0b000b01 0b00cb01 10004 100 7258000 2010840501 230343529 10621190
0b000d01 0b00ca01 10021 100 2617711 2099573701 141679175 10232150
0b000001 0b00cc01 10010 100 3382803 2035977989 205346940 10296294
0b000801 0b00cd01 10015 100 3182156 2041200282 200225094 10279475
0b000701 0b00ca01 10010 100 2909830 2070161723 171376440 10256640
0b000901 0b00c401 10024 100 1823806 2097231800 144309255 10165588
0b000401 0b00c101 10005 100 4306723 2027096082 214509700 10373756
0b000501 0b00c201 10001 100 4800959 2008115477 233530519 10415192
0b000a01 0b00ce01 10005 100 2507138 2039505375 202151688 10222881
0b000501 0b00c801 10014 100 2255449 2081343165 160370212 10201778
0b000201 0b00cd01 10016 100 1382258 2088824591 153468738 10128571
0b000601 0b00cf01 10001 100 4547497 2005218607 237105009 10393944
0b000001 0b00c801 10017 100 2804367 2060901796 181506787 10247800
0b000a01 0b00c301 10017 100 1563082 2067593884 175096433 10143732
0b000401 0b00c001 10021 100 1819007 2067165575 175659770 10165189
0b000c01 0b00c301 10013 100 1906656 2064026683 178861699 10172535
0b000c01 0b00c801 10001 100 5510798 2003880301 239085034 10474706
0b000d01 0b00cf01 10004 100 3661701 2035188832 207869460 10319678
0b000401 0b00c501 10022 100 2170060 2084386582 158777805 10194621
0b000301 0b00c701 10015 100 1873293 2078213252 165516428 10169739
0b000001 0b00c601 10001 100 5262705 2008577561 235214004 10453906
0b000801 0b00c801 10013 100 1800128 2079882752 163911845 10163606
0b000201 0b00c701 10015 100 2308356 2062924885 180986126 10206215
0b000001 0b00c401 10012 100 2383428 2051784231 192187375 10212508
0b000b01 0b00c401 10023 100 3336804 2094399441 149668258 10292438
0b000b01 0b00c101 10024 100 4953118 2063942920 180300179 10427952
0b000801 0b00c601 10011 100 2267443 2060112818 184494637 10202784
0b000701 0b00c801 10016 100 2520622 2051462583 193348689 10224010
0b000e01 0b00c101 10024 100 1739825 2075677622 169164184 10158547
0b000601 0b00c001 10020 100 2843805 2060965912 183889163 10251105
0b000301 0b00c901 10004 100 1889014 2056023145 188964647 10171058
0b000601 0b00ca01 10011 100 2524277 2060073454 185902195 10224318
0b000001 0b00c901 10026 100 2018772 2084668150 161500928 10181934
0b000201 0b00cb01 10000 100 7047282 2001289528 245036408 10603526
0b000b01 0b00c301 10020 100 2550365 2062103104 184307964 10226505
0b000501 0b00cf01 10001 100 4777210 2009526637 237142612 10413204
0b000501 0b00cc01 10013 100 3287312 2047935745 198855015 10288290
0b000501 0b00c101 10010 100 3773769 2025559503 221337880 10329073
0b000e01 0b00cb01 10016 100 2529202 2090462678 156642655 10224731
0b000201 0b00c601 10024 100 1518977 2091354493 155825059 10140031
0b000401 0b00c401 10013 100 2546094 2091487497 155699581 10226148
0b000101 0b00ca01 10020 100 1862027 2098322103 149001971 10168796
0b000601 0b00c901 10010 100 3399541 2050538457 196804417 10297699
0b000201 0b00ca01 10014 100 1326276 2075669040 171712687 10123877
0b000501 0b00cd01 10017 100 1761178 2066585240 180986597 10160340
0b000901 0b00c301 10008 100 3685791 2032409018 215166199 10321697
0b000501 0b00ca01 10022 100 2196441 2095292492 152300036 10196831
0b000e01 0b00c301 10000 100 4789051 2005385570 242233270 10414197
0b000401 0b00c501 10010 100 4169423 2048826200 198807106 10362246
0b000101 0b00c201 10005 100 3279726 2045355833 202761869 10287653
0b000001 0b00c901 10012 100 3660641 2037418528 210702755 10319589
0b000b01 0b00c301 10031 100 3520855 2090377606 157846353 10307869
0b000801 0b00c601 10015 100 1474689 2086704442 161796438 10136319
0b000d01 0b00ca01 10016 100 1638825 2077157933 171631030 10150079
0b000501 0b00c101 10006 100 3568151 2018290138 230601854 10311837
0b000301 0b00c901 10013 100 1863715 2084308839 164608963 10168934
0b000701 0b00c501 10010 100 2785679 2056102328 192932241 10246232
0b000301 0b00c401 10028 100 1831796 2097246494 152506656 10166258
0b000701 0b00cf01 10019 100 1468333 2098107923 151923671 10135787
0b000e01 0b00cb01 10006 100 4923912 2034433094 215637792 10425501
0b000601 0b00cd01 10003 100 3446235 2017668242 232803465 10301615
0b000301 0b00cb01 10015 100 1925351 2058378215 192606013 10174103
0b000b01 0b00cd01 10006 100 9579384 2054831926 196401200 10815817
0b000001 0b00c801 10022 100 2749985 2069554715 181896561 10243238
0b000b01 0b00cc01 10023 100 4651660 2098623497 153005057 10402676
0b000401 0b00cd01 10008 100 3500358 2065973721 186180281 10306152
0b000e01 0b00c901 10002 100 4058581 2007796542 244555972 10352953
0b000401 0b00cb01 10013 100 4612448 2051229059 201746489 10399389
0b000101 0b00cc01 10003 100 3785726 2016246252 236801110 10330076
0b000101 0b00c301 10011 100 2929441 2077959250 175360224 10258286
0b000f01 0b00cf01 10012 100 2960133 2082401047 171124825 10260860
0b000501 0b00c101 10013 100 2401859 2055924846 197988278 10214052
0b000b01 0b00ce01 10012 100 4768068 2050368302 203598145 10412438
0b000f01 0b00c701 10007 100 2998604 2050991129 203179751 10264084
0b000401 0b00cb01 10003 100 4714106 2010150073 244301367 10407914
0b000e01 0b00ca01 10019 100 4289399 2083101651 171463533 10372305
0b000d01 0b00cc01 10020 100 2522166 2095930371 158746790 10224141
0b000a01 0b00c601 10011 100 3432886 2050782836 203951446 10300493
0b000f01 0b00c701 10000 100 5256318 2006156921 248672756 10453372
0b000201 0b00c101 10022 100 2149744 2080776200 174209466 10192915
0b000d01 0b00ce01 10002 100 3844258 2019491581 235728613 10334985
0b000501 0b00c601 10024 100 3007148 2065112432 190542311 10264802
0b000801 0b00cc01 10017 100 2619801 2075481175 180439602 10232324
0b000701 0b00c801 10010 100 2525185 2023140684 233354382 10224394
0b000901 0b00c101 10020 100 3280308 2065238287 191520063 10287703
0b000401 0b00c701 10012 100 3600795 2072796767 184165254 10314571
0b000401 0b00c301 10003 100 4606757 2017000696 240031224 10398911
0b000001 0b00c401 10013 100 3827051 2052895196 204217379 10333543
0b000101 0b00cd01 10017 100 3402505 2064519020 192706359 10297947
0b000d01 0b00c901 10016 100 2999867 2048554542 208714523 10264189
0b000c01 0b00c801 10011 100 4078067 2047037899 210269445 10354588
0b000901 0b00c201 10013 100 2881667 2057483810 199904476 10254280
0b000401 0b00cc01 10022 100 2793207 2096587159 160928123 10246865
0b000601 0b00cf01 10000 100 5722826 2002993406 254642737 10492482
0b000e01 0b00c801 10015 100 2904899 2072096686 185676493 10256227
0b000201 0b00c001 10010 100 1543665 2075351620 182493476 10142102
0b000701 0b00ca01 10000 100 2801882 2020105263 237740644 10247590
0b000001 0b00c401 10021 100 2332973 2093108768 165027313 10208276
0b000001 0b00c801 10010 100 3592303 2040008923 218474134 10313861
0b000001 0b00c601 10014 100 2465478 2088017321 170568206 10219387
0b000701 0b00c401 10004 100 4301610 2007245595 251433666 10373328
0b000001 0b00c001 10010 100 2458835 2066172669 192515728 10218829
0b000e01 0b00ce01 10020 100 3377353 2090699450 167999844 10295839
0b000901 0b00cb01 10006 100 3545733 2033648486 225278287 10309955
0b000701 0b00c601 10025 100 1785026 2081051539 177970164 10162340
0b000f01 0b00c501 10021 100 2561547 2068366799 190655482 10227441
0b000d01 0b00c301 10013 100 3642012 2038058440 220993775 10318030
0b000801 0b00ca01 10022 100 1785857 2090125528 169272656 10162406
0b000601 0b00cb01 10002 100 4072187 2015152695 244284694 10354095
0b000f01 0b00c101 10019 100 3717022 2077174262 182561031 10324318
0b000101 0b00c801 10012 100 2553362 2065758038 194376775 10226756
0b000601 0b00c001 10021 100 2509956 2068860937 191541721 10223114
0b000a01 0b00c901 10032 100 2617761 2085861899 174553589 10232154
0b000601 0b00cf01 10023 100 2999638 2095085710 165456731 10264171
0b000401 0b00cd01 10010 100 3005357 2076982135 183571310 10264651
0b000501 0b00cc01 10022 100 2469374 2075247461 185445421 10219714
0b000501 0b00c601 10012 100 3384182 2045042995 215680936 10296412
0b000c01 0b00cd01 10002 100 8160879 2002109696 259137086 10696888
0b000601 0b00c601 10005 100 3248482 2026425527 234898941 10285034
0b000b01 0b00c501 10013 100 6944721 2085910972 175760281 10594926
0b000201 0b00c601 10008 100 2766233 2023720191 237992649 10244603
0b000c01 0b00c101 10010 100 4769008 2041290705 220470658 10412517
0b000701 0b00c101 10015 100 3342678 2082867541 179062911 10292931
0b000201 0b00cb01 10017 100 2142194 2092205481 169742258 10192284
0b000e01 0b00c301 10012 100 4049739 2087709593 174249667 10352211
0b000901 0b00c601 10010 100 2755705 2038749231 223247953 10243719
0b000e01 0b00c101 10007 100 3535808 2020962652 241579902 10309122
0b000001 0b00ca01 10023 100 2503333 2095501759 167106979 10222562
0b000001 0b00cf01 10024 100 2604664 2090373011 172342913 10231056
0b000b01 0b00c801 10020 100 3215565 2090650956 172238274 10282274
0b000201 0b00c701 10005 100 3237623 2019647453 243825189 10284123
0b000201 0b00c601 10005 100 3410570 2014694871 248888670 10298623
0b000301 0b00c801 10012 100 2038282 2066598141 197111028 10183572
0b000201 0b00c601 10001 100 4021263 2005215098 258703466 10349825
0b000e01 0b00ce01 10021 100 3480677 2094667052 169403612 10304501
0b000e01 0b00c301 10016 100 1882223 2093897050 170220613 10170488
0b000401 0b00c101 10018 100 3546556 2075143240 188999383 10310024
0b000801 0b00c301 10000 100 4975344 2014290541 250113110 10429815
0b000001 0b00c901 10028 100 2724210 2089340943 175080169 10241080
0b000701 0b00c401 10002 100 4804496 2006995851 257535711 10415490
0b000a01 0b00cf01 10018 100 2890054 2075643831 189497352 10254985
0b000901 0b00cd01 10018 100 2909291 2096003179 169198003 10256597
0b000401 0b00c501 10019 100 2507673 2075281958 190379598 10222924
0b000701 0b00cc01 10004 100 3361973 2017956986 247957230 10294547
0b000401 0b00c601 10016 100 2982291 2080086087 185993736 10262718
0b000101 0b00c301 10016 100 2991463 2091690521 174870330 10263486
0b000a01 0b00c401 10012 100 2669008 2058587139 208273152 10236453
0b000401 0b00cf01 10020 100 2981299 2080916365 185985246 10262634
0b000f01 0b00ce01 10016 100 3271493 2075447446 191526517 10286963
0b000d01 0b00c101 10014 100 3739286 2062199942 204848668 10326184
0b000201 0b00c601 10018 100 1893443 2076376312 190851782 10171428
0b000201 0b00c601 10022 100 2490991 2083418616 184031165 10221524
0b000d01 0b00c001 10018 100 3182184 2071812833 195886664 10279477
0b000001 0b00cb01 10017 100 2481283 2082191218 185515339 10220713
0b000601 0b00c001 10004 100 4998726 2011387916 256405341 10431774
0b000801 0b00c501 10002 100 4859649 2011546818 256641227 10420114
0b000301 0b00c801 10001 100 6443850 2003497202 264703956 10552932
0b000d01 0b00c801 10006 100 3644079 2027967595 240423145 10318203
0b000e01 0b00cf01 10031 100 3327326 2098884051 169593616 10291645
0b000201 0b00c801 10005 100 4041975 2010486200 258051307 10351559
0b000601 0b00c001 10019 100 3843098 2056402325 212156111 10334888
0b000201 0b00cc01 10024 100 2327121 2085453499 183185248 10207789
0b000201 0b00cb01 10013 100 2775147 2056776442 212031934 10245351
0b000201 0b00c301 10015 100 2575054 2087320769 181519770 10228576
0b000901 0b00cc01 10017 100 3601728 2072783231 196060447 10314649
0b000101 0b00cd01 10018 100 3930869 2065152846 203769297 10342244
0b000d01 0b00c901 10009 100 3421862 2032827065 236982503 10299569
0b000a01 0b00cd01 10024 100 1769014 2087788517 182080964 10160997
0b000601 0b00cb01 10019 100 3777760 2094574240 175640092 10329408
0b000401 0b00c501 10003 100 7833932 2003707589 266860541 10669477
0b000e01 0b00c001 10019 100 4180068 2090959146 179666491 10363140
0b000901 0b00c501 10031 100 2722222 2089319182 181444662 10240914
0b000801 0b00c101 10024 100 2354322 2085999414 184823818 10210068
0b000f01 0b00c901 10023 100 3948908 2072249825 198582569 10343756
0b000e01 0b00c001 10015 100 3776208 2072701817 198135996 10329280
0b000701 0b00c501 10006 100 2961933 2032303889 238745119 10261008
0b000901 0b00cd01 10014 100 2954733 2081427092 189738921 10260405
0b000101 0b00ce01 10014 100 3128312 2064342696 207271176 10274960
0b000201 0b00ce01 10003 100 3975014 2010104978 261577547 10345948
0b000e01 0b00cf01 10015 100 3814523 2027579028 244378076 10332491
0b000a01 0b00cb01 10023 100 2055908 2091796659 180244633 10185047
0b000d01 0b00c201 10014 100 2729646 2081256397 190912381 10241534
0b000301 0b00c601 10028 100 2725724 2088961516 183430995 10241205
0b000801 0b00cd01 10005 100 6670506 2010107222 262431052 10571937
0b000c01 0b00c901 10016 100 4674018 2062752150 209913556 10404553
0b000001 0b00c601 10016 100 3376952 2091544304 181130822 10295803
0b000b01 0b00c601 10005 100 9511795 2034271221 238421401 10810149
0b000a01 0b00c301 10021 100 2201186 2094061117 178645052 10197230
0b000101 0b00c601 10013 100 3774481 2074577973 198674056 10329134
0b000f01 0b00c001 10013 100 3788820 2038220921 235101313 10330335
0b000f01 0b00ce01 10014 100 3870154 2065128545 208276888 10337156
0b000f01 0b00ca01 10003 100 4683507 2016070721 257343308 10405347
0b000b01 0b00c101 10001 100 15670281 2008032029 265416764 11326479
0b000001 0b00c801 10028 100 3456270 2090797379 182895391 10302456
0b000801 0b00c201 10018 100 3832656 2074670987 199044888 10334011
0b000101 0b00c301 10009 100 3673941 2054105846 219774938 10320703
0b000d01 0b00c801 10023 100 3550705 2099594873 174295083 10310372
0b000101 0b00c801 10001 100 4471877 2017355789 257015456 10387602
0b000301 0b00c001 10013 100 4060275 2064975356 209426383 10353096
0b000c01 0b00c401 10022 100 2511586 2095233293 179217284 10223252
0b000001 0b00cb01 10022 100 2131318 2096022302 178617129 10191372
0b000001 0b00cf01 10029 100 3180146 2096843359 178041691 10279306
0b000d01 0b00c401 10011 100 4369926 2023842866 251151696 10379054
0b000201 0b00c901 10001 100 4297345 2008635818 266820035 10372971
0b000d01 0b00c301 10011 100 4059552 2031990089 243584988 10353034
0b000d01 0b00cd01 10015 100 3942181 2089691345 186151320 10343195
0b000e01 0b00c601 10017 100 3852831 2097202513 178685600 10335702
0b000901 0b00c501 10027 100 2969014 2079817795 196096922 10261605
0b000301 0b00ce01 10008 100 3858881 2043932106 232072249 10336209
0b000c01 0b00cd01 10006 100 3809718 2035260454 240781991 10332087
0b000601 0b00ca01 10019 100 2180157 2094498600 181604321 10195467
0b000d01 0b00c801 10022 100 3761065 2097921189 178252146 10328011
0b000601 0b00c101 10010 100 4118715 2043831573 232422024 10357994
0b000101 0b00c201 10003 100 4293075 2022256845 254148446 10372614
0b000201 0b00cc01 10014 100 3349074 2037179609 239610872 10293469
0b000901 0b00ce01 10019 100 3182596 2072386853 204844358 10279510
0b000601 0b00c301 10009 100 4784481 2029350786 247883242 10413812
0b000301 0b00c501 10017 100 3231513 2092534177 184930975 10283611
0b000c01 0b00cd01 10020 100 4805052 2097297608 180385177 10415539
0b000201 0b00cc01 10004 100 4157375 2018570405 259120782 10361236
0b000301 0b00cf01 10004 100 5455816 2024254430 253565597 10470096
0b000801 0b00ca01 10013 100 2786056 2064204931 214125215 10246266
0b000501 0b00c601 10036 100 2663805 2098156357 180387798 10236014
0b000101 0b00ce01 10009 100 4206402 2022702255 256640029 10365347
0b000301 0b00cf01 10015 100 2656652 2073271799 206161879 10235415
0b000701 0b00cb01 10012 100 2679318 2043476832 236122155 10237316
0b000201 0b00cd01 10019 100 3302601 2099537275 180405244 10289571
0b000201 0b00ca01 10005 100 4329741 2021526157 258507059 10375686
0b000901 0b00c701 10010 100 2898484 2043406351 236759956 10255690
0b000d01 0b00c001 10000 100 5821318 2013799910 266707115 10500741
0b000c01 0b00cc01 10002 100 6701642 2014489912 266100979 10574547
0b000f01 0b00ca01 10025 100 3196273 2097954704 182638493 10280658
0b000201 0b00cc01 10008 100 4350744 2025935566 254726222 10377447
0b000201 0b00c901 10023 100 2067952 2094894609 186248292 10186057
0b000f01 0b00c201 10014 100 3428049 2047435538 233810336 10300091
0b000601 0b00c601 10006 100 4516304 2029786692 251636607 10391329
0b000f01 0b00cb01 10003 100 7091522 2010940650 270534355 10607235
0b000801 0b00c401 10002 100 4902278 2015744332 265856903 10423689
0b000f01 0b00c901 10012 100 4220088 2040244865 241396213 10366495
0b000501 0b00c001 10027 100 2895708 2087336646 194473671 10255457
0b000601 0b00cd01 10016 100 4843066 2086560291 195389638 10418726
0b000401 0b00ce01 10018 100 3423885 2077548794 205228852 10299738
0b000701 0b00c201 10018 100 2318060 2084645823 198142362 10207029
0b000901 0b00c001 10007 100 4183367 2028602527 254209650 10363415
0b000f01 0b00c301 10004 100 4218338 2025946913 257415513 10366348
0b000001 0b00c101 10005 100 5880192 2010845141 272572385 10505678
0b000801 0b00cb01 10003 100 4494300 2028592521 255473674 10389484
0b000701 0b00c001 10010 100 2919680 2053422288 230662638 10257467
0b000101 0b00c401 10018 100 3873172 2098181614 186211802 10337409
0b000601 0b00cd01 10017 100 3430213 2091847936 192567041 10300272
0b000d01 0b00c201 10017 100 3054459 2090203745 194901343 10268767
0b000f01 0b00ce01 10008 100 4028002 2036608015 248631325 10350391
0b000001 0b00c801 10029 100 2789248 2094014705 191326274 10246533
0b000801 0b00cf01 10016 100 2615244 2083362162 202170149 10231944
0b000c01 0b00c601 10014 100 3911027 2048833430 237047630 10340584
0b000f01 0b00ce01 10011 100 4067838 2045885414 240004203 10353728
0b000901 0b00cc01 10009 100 4502097 2050743966 235208692 10390139
0b000f01 0b00c001 10009 100 5675771 2031763032 254267819 10488537
0b000901 0b00c501 10017 100 3641528 2035183704 250933787 10317987
0b000c01 0b00c501 10013 100 3845991 2090782954 195371999 10335127
0b000c01 0b00c401 10007 100 4984477 2037248544 248937648 10430580
0b000001 0b00c401 10014 100 2989062 2062714555 223781532 10263286
0b000f01 0b00c001 10007 100 6218328 2024109310 262473278 10534027
0b000401 0b00cf01 10002 100 7675628 2007537020 279215144 10656206
0b000b01 0b00cf01 10019 100 7486434 2076384170 210889044 10640344
0b000d01 0b00cd01 10011 100 4103790 2070079483 217567313 10356742
0b000e01 0b00cc01 10015 100 4000256 2044754669 243010637 10348064
0b000101 0b00c501 10005 100 4915715 2022128003 265768200 10424814
0b000701 0b00cd01 10015 100 3326351 2084091653 203840213 10291563
0b000001 0b00c101 10021 100 3711670 2082118540 205915170 10323867
0b000601 0b00cf01 10007 100 6356340 2021392237 266856566 10545598
0b000301 0b00c401 10017 100 2947119 2061163843 227326915 10259769
0b000801 0b00c901 10005 100 5399556 2021688596 266858437 10465380
0b000d01 0b00ca01 10017 100 4256894 2078709475 210014826 10369578
0b000a01 0b00cf01 10004 100 4848987 2018033631 270836534 10419219
0b000901 0b00c701 10013 100 3457938 2083852534 205027196 10302593
0b000c01 0b00cb01 10018 100 4148257 2089491864 199447185 10360472
0b000201 0b00cb01 10002 100 5791620 2007879089 281089361 10498250
0b000c01 0b00c201 10027 100 5308331 2072541623 217143805 10457733
0b000001 0b00cc01 10018 100 3402261 2054303251 235509862 10297928
0b000901 0b00cc01 10003 100 4679055 2029209949 260626917 10404975
0b000201 0b00c701 10008 100 4737053 2031812036 258029207 10409838
0b000c01 0b00cb01 10002 100 8380971 2011451496 278527256 10715340
0b000901 0b00cf01 10016 100 4615708 2071120083 218876377 10399662
0b000601 0b00c401 10025 100 3645776 2093449876 196821109 10318342
0b000901 0b00c101 10018 100 3061752 2046476080 244077656 10269378
0b000401 0b00ca01 10020 100 4739386 2087212646 203454962 10410032
0b000b01 0b00cc01 10010 100 8136173 2034008318 256779039 10694819
0b000701 0b00c301 10007 100 4015406 2025438816 265524496 10349333
0b000301 0b00ca01 10023 100 4291732 2085011994 206046856 10372499
0b000c01 0b00c801 10017 100 4830244 2081745815 209374974 10417650
0b000501 0b00ce01 10003 100 4431933 2019278041 271860322 10384253
0b000301 0b00cb01 10014 100 3570862 2056465358 234710837 10312061
0b000801 0b00c701 10005 100 5352066 2021058027 270359099 10461400
0b000001 0b00c301 10005 100 4408057 2026606294 265011044 10382255
0b000c01 0b00c601 10015 100 4173244 2051346179 240369098 10362567
0b000701 0b00c501 10022 100 2488034 2096118521 195967701 10221280
0b000001 0b00c901 10027 100 3742738 2085156001 207015513 10326472
0b000701 0b00c201 10007 100 4132354 2023885796 268396634 10359139
0b000701 0b00c401 10013 100 3012438 2049547346 242847210 10265244
0b000a01 0b00c301 10008 100 3749194 2026261525 266142494 10327015
0b000e01 0b00c501 10010 100 4642781 2034457848 258185344 10401931
0b000801 0b00c501 10013 100 3523333 2053834509 239203647 10308078
0b000301 0b00ca01 10012 100 3413610 2059468982 233620361 10298878
0b000901 0b00c701 10007 100 5676504 2025330568 268081823 10488600
0b000801 0b00ca01 10023 100 2851017 2093257105 200760790 10251713
0b000901 0b00c201 10017 100 4253702 2076872230 217150344 10369311
0b000301 0b00c501 10011 100 3318149 2060879749 233206801 10290876
0b000901 0b00c901 10019 100 4027651 2083371306 211012376 10350359
0b000001 0b00ce01 10004 100 4925211 2024054725 270511710 10425612
0b000f01 0b00c001 10002 100 6651237 2004684512 290115350 10570322
0b000301 0b00c701 10012 100 2472628 2068081806 226813701 10219986
0b000501 0b00c701 10003 100 4199178 2038884459 256314887 10364742
0b000301 0b00c901 10007 100 3621031 2060114973 235491735 10316270
0b000a01 0b00c801 10001 100 4535230 2017318686 278496566 10392916
0b000d01 0b00cc01 10012 100 3950281 2050376105 245690876 10343874
0b000501 0b00c001 10015 100 3696319 2041767447 254479955 10322582
0b000901 0b00cd01 10010 100 4341133 2049163910 247383369 10376643
0b000201 0b00c101 10008 100 4562956 2032451861 264173863 10395238
0b000f01 0b00c801 10005 100 4932480 2033017982 263673605 10426221
0b000701 0b00c001 10012 100 3417119 2058825104 237958147 10299174
0b000e01 0b00c201 10013 100 5112637 2087069968 209748035 10441324
0b000301 0b00c601 10031 100 3954174 2094746631 202180134 10344201
0b000901 0b00ce01 10013 100 4673574 2040316124 256824927 10404514
0b000b01 0b00cf01 10013 100 7236711 2055074085 242176286 10619406
0b000b01 0b00c101 10017 100 6111315 2045670490 251770134 10525055
0b000301 0b00c201 10005 100 6463628 2025315801 272157440 10554592
0b000301 0b00cd01 10021 100 3949601 2095580795 202195739 10343816
0b000c01 0b00c901 10014 100 5330672 2051181734 246637869 10459604
0b000901 0b00c101 10016 100 4815319 2044001135 253850891 10416398
0b000c01 0b00c501 10015 100 4678079 2095107885 202944394 10404893
0b000301 0b00c201 10017 100 4678054 2089806777 208331604 10404891
0b000001 0b00c001 10014 100 4120466 2087826109 210656909 10358141
0b000101 0b00c801 10017 100 4066991 2078238015 220374002 10353656
0b000301 0b00ce01 10015 100 3910563 2073851342 225029206 10340543
0b000101 0b00c701 10022 100 3626100 2085707697 213404612 10316695
0b000601 0b00c301 10008 100 6975516 2028475819 270875830 10597509
0b000c01 0b00c201 10025 100 4378370 2062340692 237029942 10379764
0b000e01 0b00ce01 10007 100 4939842 2036235819 263474601 10426836
0b000e01 0b00cc01 10009 100 6474442 2020505045 279383887 10555499
0b000101 0b00c101 10008 100 4966839 2030462523 269636022 10429100
0b000e01 0b00c201 10011 100 6488355 2081302711 218844713 10556666
0b000101 0b00cf01 10018 100 4098479 2096339835 203896277 10356298
0b000401 0b00cc01 10021 100 4555447 2094987285 205929874 10394610
0b000701 0b00c601 10002 100 3966934 2013998695 287119252 10345268
0b000401 0b00c801 10004 100 6022854 2032105909 269137888 10517636
0b000001 0b00c101 10010 100 5534490 2036959287 264364128 10476693
0b000101 0b00c201 10009 100 3844304 2083259861 218191542 10334989
0b000601 0b00ca01 10012 100 4447353 2061363373 240317850 10385548
0b000901 0b00c201 10012 100 4347625 2052087035 249613196 10377186
0b000201 0b00c301 10012 100 4119648 2063653900 239236815 10358072
0b000a01 0b00c801 10006 100 3846453 2047502385 255592061 10335168
0b000201 0b00c201 10016 100 4838989 2057841825 245527252 10418380
0b000001 0b00ca01 10011 100 4418838 2044336996 259321766 10383156
0b000b01 0b00c201 10012 100 8521740 2091074934 212630706 10727143
0b000501 0b00c501 10012 100 3545800 2059790791 243970266 10309960
0b000a01 0b00ca01 10019 100 3712957 2099321250 204452463 10323974
0b000c01 0b00c001 10007 100 4919655 2018980389 285008345 10425145
0b000701 0b00c401 10023 100 3798303 2095263794 208903238 10331132
0b000501 0b00c301 10009 100 4945185 2021969191 282543864 10427287
0b000901 0b00cb01 10020 100 4773580 2099177456 205563724 10412898
0b000301 0b00c001 10003 100 7366092 2025706666 279094045 10630256
0b000201 0b00c701 10019 100 5100258 2097107017 207704979 10440288
0b000901 0b00c101 10013 100 5351379 2040199063 264928674 10461342
0b000301 0b00c701 10016 100 4910214 2093390164 211811970 10424355
0b000c01 0b00c401 10012 100 5698783 2059371334 246631190 10490466
0b000a01 0b00c201 10014 100 3618075 2073047354 233050396 10316022
0b000a01 0b00c501 10011 100 4085803 2058682641 247570777 10355234
0b000901 0b00ca01 10003 100 5032738 2010383297 296031927 10434625
0b000601 0b00cf01 10020 100 6267474 2089377636 217137723 10538147
0b000d01 0b00c201 10006 100 3553531 2036436877 270431233 10310609
0b000f01 0b00c801 10007 100 5289047 2037333654 269584562 10456117
0b000901 0b00c001 10004 100 5992110 2010670123 296343680 10515061
0b000701 0b00c401 10001 100 4978636 2006774594 300600758 10430090
0b000801 0b00c401 10016 100 2832518 2068943732 238631265 10250160
0b000401 0b00c101 10016 100 4108271 2060496108 247295945 10357120
0b000501 0b00cd01 10024 100 3971088 2093312694 214600932 10345619
0b000e01 0b00ce01 10009 100 6221505 2039939121 268028175 10534292
0b000901 0b00c801 10015 100 4302441 2063233534 244934435 10373398
0b000e01 0b00c501 10002 100 5443504 2010073546 298737916 10469065
0b000601 0b00c101 10015 100 6143984 2050395137 258577435 10527791
0b000e01 0b00ce01 10011 100 5820824 2046206858 262968956 10500698
0b000201 0b00ce01 10015 100 3247390 2075201568 234844348 10284943
0b000601 0b00c901 10019 100 4862749 2074415977 235685366 10420373
0b000201 0b00ca01 10015 100 3498139 2075674735 234544974 10305967
0b000501 0b00cf01 10010 100 4821843 2048135229 262186719 10416943
0b000201 0b00c401 10003 100 4783561 2017753362 292679779 10413735
0b000701 0b00c701 10005 100 4549564 2011685092 299345353 10394117
0b000601 0b00ce01 10000 100 9888946 2002715815 308393421 10841769
0b000d01 0b00c501 10018 100 5695638 2095857012 215292150 10490203
0b000601 0b00c401 10024 100 6004794 2093280603 218880914 10516122
0b000a01 0b00cd01 10008 100 4909674 2038751630 273425057 10424308
0b000401 0b00cd01 10001 100 4841922 2021862798 290325335 10418627
0b000001 0b00c901 10008 100 6189193 2029764716 282730206 10531585
0b000201 0b00cc01 10000 100 7536274 2003352597 309159170 10644524
0b000201 0b00c201 10006 100 4442175 2025428302 287136231 10385115
0b000b01 0b00c001 10013 100 6994854 2061354784 251265288 10599129
0b000d01 0b00c301 10022 100 4369502 2063512982 249227781 10379020
0b000301 0b00c501 10008 100 3583067 2044893302 268075367 10313087
0b000e01 0b00cd01 10010 100 7986535 2051475603 262063309 10682272
0b000201 0b00cb01 10018 100 5931356 2099285285 214425353 10509967
0b000a01 0b00c501 10008 100 4302918 2051081390 262673219 10373436
0b000701 0b00c001 10006 100 4027853 2031827257 281968049 10350375
0b000601 0b00c701 10020 100 7607210 2093122178 220761737 10650471
0b000001 0b00c001 10005 100 6957167 2033577150 280398578 10595972
0b000d01 0b00c401 10023 100 4489608 2060831069 253228946 10389090
0b000201 0b00c101 10014 100 6995859 2050670162 263529204 10599213
0b000801 0b00c201 10015 100 3705851 2067091580 247189029 10323379
0b000301 0b00c101 10003 100 6554969 2028061129 286243519 10562248
0b000501 0b00cb01 10018 100 3832355 2083803802 230988373 10333987
0b000101 0b00ca01 10017 100 5190315 2087562951 227345698 10447838
0b000201 0b00c601 10010 100 4354450 2029851893 285657019 10377759
0b000d01 0b00cb01 10012 100 4493267 2067195739 248352398 10389398
0b000e01 0b00c801 10001 100 6672376 2004003436 311713287 10572094
0b000501 0b00c201 10003 100 4457893 2019295150 296762984 10386430
0b000001 0b00c901 10020 100 4278735 2067792798 248276055 10371410
0b000001 0b00cd01 10012 100 4649398 2066199121 249979310 10402487
0b000a01 0b00cd01 10003 100 6004071 2011042511 305307419 10516064
0b000d01 0b00cc01 10021 100 6564337 2098489756 218021546 10563036
0b000401 0b00c101 10017 100 4775145 2065270772 251256507 10413031
0b000601 0b00ca01 10010 100 7054886 2055420958 261515914 10604162
0b000d01 0b00c101 10027 100 5238013 2094855652 222356103 10451838
0b000001 0b00c401 10018 100 3415902 2080623151 236876017 10299069
0b000a01 0b00c401 10016 100 4600935 2067156594 250400963 10398422
0b000f01 0b00cd01 10006 100 6352882 2045383386 272206015 10545306
0b000a01 0b00c101 10014 100 4325781 2071806093 245902499 10375354
0b000601 0b00cc01 10002 100 7734136 2015035367 302725120 10661113
0b000b01 0b00c101 10004 100 9508762 2010885271 307028235 10809895
0b000d01 0b00c101 10004 100 4556485 2027818615 290405625 10394697
0b000501 0b00c301 10011 100 4881591 2039969460 278619118 10421954
0b000301 0b00ca01 10009 100 4951290 2054418715 264588078 10427798
0b000e01 0b00c501 10004 100 6075613 2014974243 304479580 10522060
0b000201 0b00cc01 10016 100 5726429 2046338534 273325451 10492786
0b000201 0b00c301 10006 100 5171975 2023017110 296693691 10446298
0b000a01 0b00cc01 10004 100 4640852 2022165814 297642858 10401769
0b000201 0b00ce01 10017 100 4074651 2077499120 242788503 10354300
0b000501 0b00ca01 10012 100 4763053 2044101178 276243344 10412018
0b000e01 0b00c801 10002 100 6431704 2010409330 310208931 10551915
0b000601 0b00cb01 10013 100 8177457 2049678341 271074038 10698280
0b000201 0b00c501 10014 100 4568123 2064383434 256741642 10395674
0b000501 0b00c601 10011 100 5380846 2043690441 277924051 10463810
0b000601 0b00ce01 10011 100 8670995 2045101026 276618144 10739656
0b000a01 0b00c501 10016 100 3950631 2083327950 238391549 10343902
0b000801 0b00c901 10018 100 2902211 2076006748 245927134 10256004
0b000201 0b00c901 10000 100 4813707 2003803924 318181832 10416262
0b000d01 0b00cf01 10002 100 4945223 2027037432 295118995 10427290
0b000201 0b00cf01 10015 100 7377083 2057598401 264670636 10631178
0b000301 0b00cf01 10006 100 6946826 2034741126 287626606 10595102
0b000901 0b00c301 10025 100 6027851 2099270704 223337235 10518055
0b000a01 0b00ca01 10006 100 5817505 2011348568 311351255 10500421
0b000801 0b00cd01 10022 100 4573171 2067485426 255235176 10396097
0b000001 0b00c301 10010 100 5740793 2059067932 264046034 10493988
0b000701 0b00c601 10019 100 3304845 2066231532 256904709 10289758
0b000401 0b00cf01 10017 100 5910728 2071523561 251649222 10508236
0b000901 0b00c901 10001 100 8075259 2005628970 317558365 10689712
0b000a01 0b00c001 10020 100 3671787 2087433666 235807894 10320523
0b000701 0b00c701 10028 100 4719030 2077199534 246195972 10408327
0b000501 0b00c901 10013 100 4388762 2056576106 266978184 10380634
0b000901 0b00cf01 10015 100 5448686 2049435142 274174393 10469499
0b000201 0b00c901 10020 100 3069674 2088627930 235393549 10270042
0b000d01 0b00cf01 10006 100 3978234 2040567154 283581077 10346218
0b000701 0b00ce01 10010 100 4723287 2065397883 259083529 10408683
0b000201 0b00c601 10015 100 5519102 2060332389 264483763 10475404
0b000701 0b00cc01 10015 100 3553620 2063928054 260984200 10310616
0b000901 0b00c301 10013 100 5522951 2066712982 258357465 10475724
0b000a01 0b00ca01 10008 100 5975563 2038716221 286416624 10513672
0b000a01 0b00c301 10006 100 6161212 2010187349 315070735 10529239
0b000d01 0b00ce01 10022 100 5690835 2074596885 250731253 10489800
0b000a01 0b00c601 10017 100 4127285 2085499227 239871132 10358714
0b000101 0b00c801 10014 100 5128210 2070592115 254885928 10442632
0b000101 0b00cd01 10020 100 5385923 2069024579 256754870 10464236
0b000d01 0b00c401 10020 100 6791852 2053279246 272644074 10582109
0b000a01 0b00c701 10016 100 6775055 2049598013 276503752 10580704
0b000c01 0b00cd01 10010 100 7379136 2048672584 277484033 10631350
0b000901 0b00c601 10017 100 6317997 2091551148 234851626 10542380
0b000301 0b00c501 10014 100 4629440 2074897889 251532359 10400814
0b000501 0b00c301 10016 100 4593036 2080036401 246707845 10397763
0b000a01 0b00c401 10015 100 4629717 2066477621 260387657 10400836
0b000a01 0b00cc01 10021 100 4584298 2092571335 234397424 10397030
0b000b01 0b00c901 10014 100 12165954 2074366529 252912724 11032673
0b000101 0b00c801 10013 100 5774694 2066988987 260332185 10496831
0b000101 0b00c701 10019 100 4860576 2074397230 252986372 10420192
0b000501 0b00c101 10012 100 4895570 2053763013 274131336 10423126
0b000601 0b00c601 10011 100 4869680 2081856982 246133387 10420955
0b000901 0b00cf01 10001 100 7068724 2008372319 319680896 10605322
0b000201 0b00cf01 10012 100 4990454 2033798587 294456519 10431081
0b000001 0b00ca01 10017 100 5026241 2074045878 254580171 10434082
0b000101 0b00c901 10008 100 6873888 2042449278 286250641 10588987
0b000301 0b00c301 10007 100 4568609 2041319765 287491689 10395713
0b000401 0b00c301 10014 100 4974341 2073022384 255908291 10429731
0b000e01 0b00cf01 10021 100 8919269 2048327151 280702169 10760474
0b000f01 0b00cd01 10008 100 9195349 2049309690 279854841 10783620
0b000101 0b00c901 10015 100 4988401 2076090567 253492806 10430909
0b000201 0b00c501 10003 100 5684726 2028127948 301460888 10489288
0b000a01 0b00c501 10014 100 3801693 2078681428 250930310 10331415
0b000201 0b00ca01 10012 100 7277599 2068948113 260836753 10622835
0b000d01 0b00ca01 10001 100 7113699 2007718287 322138393 10609093
0b000301 0b00c301 10010 100 6895193 2049440122 280668712 10590776
0b000201 0b00c601 10002 100 4927668 2007004432 323191969 10425816
0b000c01 0b00cb01 10012 100 6652039 2060410753 270067616 10570390
0b000201 0b00cd01 10017 100 3364541 2089016640 241503538 10294764
0b000801 0b00cf01 10017 100 3439393 2089590396 241011878 10301041
0b000d01 0b00c901 10012 100 4903080 2038860548 291884027 10423757
0b000901 0b00c101 10003 100 6702938 2010383825 320563277 10574654
0b000001 0b00ce01 10006 100 4823198 2040795761 290182213 10417060
0b000d01 0b00c701 10007 100 5412726 2033170111 297820206 10466484
0b000401 0b00c801 10009 100 7984694 2056949852 274462754 10682117
0b000501 0b00c701 10013 100 5139112 2071640659 259880354 10443546
0b000d01 0b00c501 10014 100 5139969 2082176104 249358239 10443615
0b000301 0b00cb01 10016 100 6435704 2067173057 264446297 10552250
0b000601 0b00c101 10025 100 6514659 2081559191 250431305 10558870
0b000a01 0b00c201 10018 100 3961347 2094853914 237460854 10344801
0b000701 0b00c201 10003 100 5496113 2018404485 314387032 10473477
0b000801 0b00c301 10010 100 5536262 2061161434 271676960 10476843
0b000201 0b00cd01 10004 100 7428577 2011060556 321884126 10635493
0b000701 0b00c801 10023 100 4143085 2075459423 257585457 10360039
0b000601 0b00c501 10014 100 10947818 2068484010 264583599 10930545
0b000c01 0b00c101 10019 100 6983125 2071803732 261699608 10598148
0b000901 0b00c301 10017 100 5814226 2081034500 252768291 10500147
0b000d01 0b00c301 10019 100 3889547 2053268890 281116404 10338781
0b000f01 0b00c301 10000 100 9292433 2005210959 329233253 10791759
0b000201 0b00cc01 10026 100 4461232 2091735422 243062530 10386712
0b000801 0b00c401 10019 100 3785048 2076456644 258765134 10330022
0b000001 0b00c601 10012 100 4653846 2087357882 247979847 10402859
0b000201 0b00c701 10016 100 6745839 2078183904 257240466 10578251
0b000201 0b00cf01 10023 100 6241548 2083691340 251736063 10535973
0b000201 0b00cf01 10010 100 6572108 2028152137 307419588 10563688
0b000201 0b00ce01 10010 100 3975679 2053248985 282490919 10346002
0b000f01 0b00c801 10013 100 6295043 2077496678 258351659 10540460
0b000101 0b00cf01 10017 100 3817897 2092645558 243213996 10332772
0b000d01 0b00c001 10017 100 6026018 2070119549 265848012 10517905
0b000301 0b00cd01 10011 100 4839642 2044670565 291378944 10418436
0b000901 0b00c301 10003 100 8353398 2010161486 325993000 10713031
0b000001 0b00cb01 10019 100 4936216 2085816434 250683621 10426535
0b000801 0b00c701 10009 100 4679248 2038569030 298128634 10404991
0b000401 0b00ca01 10021 100 7083082 2091044518 246014022 10606529
0b000801 0b00c001 10016 100 4048553 2075331268 261752623 10352112
0b000001 0b00cc01 10023 100 4816602 2087790587 249540114 10416505
0b000301 0b00c101 10011 100 4200335 2088908255 248519015 10364838
0b000301 0b00c101 10009 100 4890769 2081020461 256544109 10422722
0b000201 0b00c001 10000 100 7295069 2003388860 334582971 10624302
0b000301 0b00c101 10012 100 3837912 2089490843 248872864 10334450
0b000d01 0b00cb01 10011 100 7914223 2065852680 272667287 10676211
0b000401 0b00c501 10014 100 8926822 2060893309 277806079 10761105
0b000501 0b00c601 10007 100 5762176 2027409513 311487713 10495784
0b000401 0b00c001 10000 100 8916294 2005652337 333350171 10760224
0b000801 0b00cb01 10016 100 3631825 2093332014 245779070 10317172
0b000401 0b00c701 10005 100 6654305 2040750624 298376099 10570579
0b000e01 0b00c901 10013 100 8166556 2059212221 280676481 10697365
0b000801 0b00ca01 10021 100 4194440 2090053784 249929033 10364344
0b000801 0b00ce01 10019 100 4075595 2077787743 262209209 10354379
0b000c01 0b00c301 10012 100 9090494 2061112709 279248895 10774828
0b000201 0b00ca01 10002 100 9298302 2008099931 332318886 10792252
0b000901 0b00c301 10007 100 5928282 2029842803 310581087 10509709
0b000501 0b00cb01 10017 100 4985306 2082418962 258227640 10430650
0b000c01 0b00c001 10005 100 8166868 2011136801 329871196 10697390
0b000a01 0b00cb01 10020 100 3983413 2088501337 252923573 10346651
0b000401 0b00c701 10008 100 9502770 2064967832 276925523 10809393
0b000501 0b00c601 10033 100 5092511 2087433653 254549265 10439638
0b000001 0b00cd01 10019 100 4240236 2096374587 245675261 10368184
0b000001 0b00c101 10019 100 6017984 2075874478 266191577 10517227
0b000701 0b00c201 10002 100 5197840 2011776988 330305600 10448467
0b000901 0b00ce01 10026 100 4868887 2093270831 248895556 10420887
0b000601 0b00cb01 10015 100 9581816 2062376503 280159011 10816020
0b000a01 0b00cb01 10007 100 5948782 2033772536 308853301 10511426
0b000f01 0b00cb01 10017 100 6155876 2082820127 260163689 10528789
0b000401 0b00c301 10018 100 7819752 2093516043 249840946 10668288
0b000901 0b00c901 10022 100 6758161 2090119490 253314933 10579287
0b000c01 0b00cd01 10013 100 9166713 2064847766 279227424 10781218
0b000801 0b00ca01 10004 100 6371526 2016387063 327885867 10546870
0b000f01 0b00c601 10009 100 6230246 2043498975 300932063 10535026
0b000d01 0b00c101 10011 100 6514217 2049242773 295523219 10558834
0b000f01 0b00c901 10018 100 5059399 2057875194 287241358 10436862
0b000601 0b00ca01 10021 100 5942025 2095850620 249403228 10510863
0b000901 0b00c201 10000 100 13109466 2003925602 341601185 11111779
0b000f01 0b00c301 10013 100 9751177 2066483074 279104839 10830221
0b000c01 0b00c401 10020 100 7846958 2079590274 266059304 10670569
0b000a01 0b00c601 10008 100 5220613 2031866153 313858295 10450377
0b000801 0b00c601 10009 100 5627036 2045985630 299808910 10484454
0b000201 0b00cf01 10006 100 9789734 2012123738 333754390 10833452
0b000f01 0b00c501 10000 100 26279182 2000881902 345081817 12215929
0b000701 0b00c401 10007 100 4990215 2016148435 329972326 10431062
0b000701 0b00cb01 10001 100 5933803 2010817734 335443617 10510170
0b000401 0b00c301 10011 100 11409511 2064532376 281879060 10969255
0b000201 0b00c601 10019 100 7740106 2077621676 268949940 10661613
0b000c01 0b00cd01 10007 100 7676024 2036054594 310879084 10656241
0b000b01 0b00ce01 10016 100 25178280 2062339605 284781204 12123629
0b000301 0b00ca01 10014 100 3429510 2063816607 283625868 10300212
0b000301 0b00c401 10021 100 5639776 2079879399 267673948 10485519
0b000401 0b00ce01 10021 100 9772385 2090008588 257773313 10831999
0b000a01 0b00c401 10019 100 4303226 2078658786 269333066 10373465
0b000201 0b00cc01 10006 100 9337965 2020861860 327204449 10795575
0b000501 0b00c101 10011 100 5613239 2041033075 307037116 10483296
0b000d01 0b00c701 10021 100 5952547 2091425511 256741932 10511743
0b000401 0b00c201 10001 100 9596338 2014692515 333636732 10817239
0b000901 0b00cf01 10006 100 8255895 2017386727 331060360 10704854
0b000c01 0b00cb01 10004 100 8386771 2031079318 317533624 10715827
0b000301 0b00c401 10018 100 3966364 2061399268 287252812 10345222
0b000f01 0b00cc01 10007 100 8611709 2028057157 320731006 10734686
0b000f01 0b00ca01 10007 100 8079947 2019408776 329418336 10690102
0b000c01 0b00c801 10006 100 9570435 2019604048 329237137 10815067
0b000a01 0b00cf01 10022 100 4426537 2091039761 257843708 10383802
0b000e01 0b00cd01 10013 100 7932793 2092482996 256442584 10677766
0b000c01 0b00c601 10031 100 9703256 2098999607 250429907 10826203
0b000401 0b00c501 10008 100 9282966 2019868188 329658064 10790964
0b000501 0b00c801 10003 100 7136883 2019499119 330289413 10611036
0b000301 0b00c101 10000 100 9508824 2003118215 346848621 10809900
0b000d01 0b00c401 10022 100 4948855 2059457244 290518755 10427592
0b000901 0b00c901 10005 100 7958976 2023725567 326286531 10679960
0b000801 0b00c901 10003 100 6557091 2017709743 332459150 10562430
0b000201 0b00c201 10022 100 7139708 2092092817 258229950 10611274
0b000a01 0b00c501 10013 100 4204150 2068586627 282268942 10365159
0b000f01 0b00c201 10028 100 6745870 2083843798 267144072 10578254
0b000601 0b00cb01 10004 100 7818997 2025629718 325379404 10668224
0b000701 0b00c301 10009 100 4222745 2030935866 320100670 10366715
0b000101 0b00c101 10018 100 7397572 2069084201 282937411 10632894
0b000c01 0b00c001 10001 100 21000703 2004238549 347796525 11773380
0b000901 0b00c401 10016 100 7363441 2073199311 278884743 10630033
0b000901 0b00c901 10008 100 6731067 2041164272 310927729 10577016
0b000101 0b00ca01 10018 100 5788249 2088530035 263586560 10497969
0b000101 0b00c401 10008 100 4794578 2059262748 292899869 10414659
0b000901 0b00ca01 10015 100 11292036 2071141630 281101427 10959408
0b000e01 0b00c301 10008 100 7026520 2073440227 278865772 10601785
0b000701 0b00c001 10005 100 6510140 2030783028 321681042 10558493
0b000a01 0b00c501 10000 100 7434937 2006700915 345851826 10636025
0b000401 0b00cf01 10004 100 16204210 2008058507 344549595 11371244
0b000501 0b00c001 10019 100 5184054 2053583571 299119969 10447314
0b000a01 0b00c301 10018 100 7047575 2072408080 280890094 10603550
0b000701 0b00c001 10013 100 4516277 2059593675 294196332 10391327
0b000901 0b00c201 10024 100 6865203 2090898914 263014017 10588261
0b000201 0b00c401 10015 100 8734066 2090581373 263364325 10744947
0b000101 0b00c601 10022 100 5568595 2095037582 258931391 10479552
0b000501 0b00c501 10014 100 4880170 2075139651 278874621 10421836
0b000c01 0b00cc01 10012 100 7871341 2053745525 300295091 10672615
0b000901 0b00ce01 10022 100 7453465 2087192103 267511589 10637580
0b000301 0b00ce01 10017 100 8007914 2079875717 275360885 10684063
0b000a01 0b00c101 10018 100 5324589 2087402754 268015648 10459095
0b000c01 0b00c101 10008 100 8585573 2038348887 317256916 10732496
0b000001 0b00cf01 10019 100 6206560 2083855831 271884749 10533039
0b000901 0b00cd01 10003 100 8571730 2028784759 327639513 10731334
0b000e01 0b00cf01 10010 100 6978708 2019077134 337789437 10597776
0b000901 0b00c101 10009 100 7044656 2033282187 324028906 10603305
0b000601 0b00cb01 10006 100 19834556 2031304094 326180983 11675610
0b000901 0b00ce01 10014 100 7557863 2041375123 316253601 10646331
0b000001 0b00cb01 10018 100 7018717 2083161275 274515957 10601130
0b000301 0b00ca01 10004 100 8816810 2031072035 326648833 10751882
0b000301 0b00cf01 10018 100 5197008 2099378737 258476340 10448400
0b000e01 0b00c901 10022 100 8757680 2093436161 264835290 10746925
0b000901 0b00ce01 10021 100 13311290 2086732694 271591198 11128701
0b000101 0b00cb01 10007 100 7141873 2042775558 315634509 10611455
0b000d01 0b00c101 10001 100 9494607 2009595739 348817632 10808709
0b000901 0b00c501 10016 100 8546308 2032607309 326074190 10729205
0b000001 0b00cb01 10003 100 7557898 2024928743 334086860 10646334
0b000d01 0b00c601 10003 100 9688859 2009314264 349800344 10824994
0b000001 0b00c001 10009 100 4941422 2063471838 295723393 10426971
0b000c01 0b00c401 10005 100 9671812 2029269148 330096647 10823565
0b000f01 0b00c201 10030 100 6880075 2088283394 271340857 10589509
0b000a01 0b00cf01 10017 100 5048768 2068082653 291639042 10435969
0b000f01 0b00ca01 10023 100 8969691 2087994359 272156491 10764700
0b000001 0b00cd01 10005 100 8539544 2017881943 342862940 10728637
0b000501 0b00ce01 10008 100 4935027 2041851145 319117022 10426436
0b000d01 0b00c901 10007 100 7229158 2028489097 332495126 10618775
0b000d01 0b00cd01 10009 100 6460600 2059885652 301272704 10554338
0b000101 0b00c501 10025 100 6789660 2084725232 276609570 10581926
0b000d01 0b00cb01 10002 100 9084397 2017697099 343654843 10774318
0b000901 0b00c501 10013 100 8088494 2025074753 336301163 10690821
0b000a01 0b00ce01 10002 100 8395101 2028278026 333107115 10716528
0b000901 0b00cc01 10000 100 25163160 2010805078 351347376 12122362
0b000401 0b00c601 10004 100 7661951 2025753428 336540903 10655058
0b000901 0b00c401 10009 100 9119022 2045647010 316655462 10777222
0b000c01 0b00c401 10006 100 9606977 2034689355 327742769 10818129
0b000601 0b00cb01 10008 100 8541852 2035673307 327085526 10728829
0b000f01 0b00c001 10008 100 9770482 2026579154 336793224 10831839
0b000301 0b00c501 10020 100 5995446 2094391551 269330284 10515340
0b000701 0b00c701 10003 100 7094849 2008227424 355521147 10607512
0b000c01 0b00cb01 10003 100 28972395 2023606556 340539777 12441727
0b000501 0b00c801 10001 100 9436286 2012435917 351943922 10803820
0b000d01 0b00cd01 10007 100 7641225 2058253397 306194252 10653323
0b000401 0b00c601 10013 100 7099157 2064746505 300291305 10607876
0b000101 0b00c001 10009 100 9841439 2027203279 338000458 10837788
0b000001 0b00ce01 10001 100 9033820 2011093799 354433024 10770076
0b000e01 0b00c501 10005 100 7922349 2020076303 345586165 10676892
0b000401 0b00ce01 10009 100 7751246 2047479253 318290614 10662547
0b000d01 0b00c901 10013 100 6385910 2042029922 324715647 10548075
0b000c01 0b00cc01 10019 100 8122089 2078453738 288374968 10693639
0b000301 0b00c801 10011 100 4915824 2065982319 300972666 10424823
0b000801 0b00cc01 10014 100 6363912 2053485712 313636670 10546230
0b000001 0b00ca01 10020 100 7052307 2086282923 281046565 10603948
0b000801 0b00cf01 10010 100 5627865 2061673852 305847451 10484520
0b000901 0b00c501 10015 100 9355886 2031323683 336222579 10797077
0b000501 0b00c101 10007 100 7444871 2022417509 345221206 10636858
0b000101 0b00c101 10020 100 4559118 2074606564 293084418 10394919
0b000001 0b00c001 10003 100 7844632 2019516149 348353697 10670375
0b000901 0b00ca01 10021 100 6977119 2090238006 277976769 10597645
0b000201 0b00cf01 10027 100 10132186 2097334576 271359017 10862165
0b000e01 0b00c101 10005 100 9602342 2012607673 356119266 10817742
0b000801 0b00c301 10009 100 4894056 2059351849 309375468 10423001
0b000001 0b00c701 10010 100 7933934 2034152553 334814807 10677861
0b000b01 0b00cb01 10003 100 21594346 2010828913 358166658 11823152
0b000401 0b00c101 10001 100 15913621 2011150618 357847244 11346879
0b000701 0b00c601 10024 100 5790365 2076786176 293398999 10498146
0b000001 0b00cc01 10003 100 9273175 2011796347 358417410 10790146
0b000801 0b00c101 10022 100 4867050 2080536984 290739641 10420737
0b000d01 0b00c401 10033 100 8518213 2095133444 276459667 10726850
0b000a01 0b00c601 10006 100 6661810 2026801494 344939489 10571206
0b000f01 0b00cc01 10003 100 17827118 2013375932 358537365 11507308
0b000201 0b00c101 10015 100 9014555 2052197717 321104093 10768462
0b000a01 0b00c001 10014 100 7730536 2058064040 315764699 10660809
0b000c01 0b00c301 10008 100 15802898 2039450613 334704044 11337595
0b000f01 0b00cf01 10003 100 7347976 2046310641 327930703 10628734
0b000301 0b00cb01 10021 100 6096615 2076260496 298018831 10523821
0b000701 0b00c401 10006 100 7333742 2012666031 361731511 10627541
0b000a01 0b00cc01 10023 100 6885651 2095773765 278792342 10589974
0b000201 0b00c101 10020 100 7620939 2076416211 298172801 10651619
0b000501 0b00ce01 10010 100 5478295 2059377762 316044276 10471982
0b000801 0b00c501 10003 100 9384391 2020848557 354698241 10799469
0b000201 0b00c501 10001 100 13272144 2022400692 353171148 11125419
0b000901 0b00cb01 10018 100 7796094 2092486221 283209870 10666308
0b000a01 0b00cb01 10010 100 8832915 2056433697 319534851 10753231
0b000301 0b00c501 10012 100 5693161 2068062106 308071388 10489997
0b000301 0b00c601 10011 100 9606703 2043377850 333007627 10818107
0b000f01 0b00c901 10011 100 10641561 2038910868 337539531 10904870
0b000701 0b00c401 10022 100 4119056 2090519684 286012503 10358025
0b000101 0b00c801 10004 100 8559162 2031485476 345362732 10730283
0b000d01 0b00cc01 10009 100 9249636 2037627330 339576423 10788170
0b000901 0b00cf01 10024 100 7320887 2094212166 283041675 10626463
0b000d01 0b00cb01 10017 100 16796519 2098667899 278622967 11420902
0b000801 0b00c701 10002 100 9339176 2015591254 362038056 10795679
0b000201 0b00c001 10009 100 8254972 2068704054 308967503 10704776
0b000001 0b00ce01 10008 100 6782160 2057770683 320072082 10581299
0b000c01 0b00c701 10011 100 21244121 2037959271 339923768 11793790
0b000701 0b00c501 10003 100 7874207 2010552818 368316212 10672856
0b000701 0b00c901 10008 100 7635351 2044609944 334425949 10652830
0b000f01 0b00c801 10017 100 17473245 2098826499 280290038 11477639
0b000101 0b00c901 10026 100 8879088 2082921626 296485563 10757106
0b000a01 0b00c101 10017 100 4594127 2081373423 298110410 10397854
0b000801 0b00cf01 10008 100 6828873 2051053854 328454040 10585213
0b000801 0b00cd01 10029 100 7495613 2097869004 281664729 10641113
0b000f01 0b00c901 10024 100 16195094 2086529271 293093785 11370480
0b000701 0b00cd01 10011 100 5278833 2068497407 311501090 10455258
0b000501 0b00c401 10007 100 5350982 2045974305 334150694 10461306
0b000301 0b00c601 10014 100 7612188 2049139849 331134144 10650888
0b000f01 0b00c901 10002 100 22838321 2008556748 372010963 11927447
0b000101 0b00c101 10004 100 8345424 2020955733 359837903 10712362
0b000601 0b00c101 10021 100 9355071 2066273144 314638023 10797012
0b000d01 0b00cc01 10003 100 15735094 2022945597 358004811 11331913
0b000301 0b00cb01 10018 100 7797924 2069068276 312023523 10666458
0b000801 0b00ca01 10016 100 5748118 2075244162 306442378 10494605
0b000001 0b00cb01 10007 100 8491781 2050424016 331912839 10724631
0b000701 0b00c901 10014 100 6675118 2079414796 302997812 10572325
0b000c01 0b00c201 10015 100 24028457 2038778006 343822121 12027227
0b000f01 0b00c101 10008 100 15000354 2033815678 348805891 11270312
0b000801 0b00c801 10008 100 7406167 2049029195 333975488 10633616
0b000901 0b00c501 10020 100 9347086 2040635071 342393366 10796343
0b000201 0b00c501 10017 100 9465558 2078934727 304336125 10806274
0b000c01 0b00cd01 10012 100 9761265 2051209861 332145390 10831067
0b000f01 0b00c701 10011 100 9888537 2076824402 306634506 10841736
0b000a01 0b00c201 10011 100 7515701 2061064372 322508798 10642797
0b000f01 0b00c201 10019 100 8713427 2051722305 331935177 10743215
0b000301 0b00c301 10012 100 8682338 2057502524 326717334 10740609
0b000901 0b00ca01 10020 100 26936771 2085578390 299447919 12271059
0b000501 0b00ce01 10021 100 4987651 2087399365 297651468 10430846
0b000201 0b00cb01 10011 100 23590957 2044783225 340456172 11990546
0b000901 0b00cb01 10008 100 8645448 2040777792 345152342 10737516
0b000901 0b00c101 10012 100 9305657 2040176182 345830449 10792867
0b000d01 0b00c901 10005 100 12625781 2026916040 359145159 11071226
0b000a01 0b00c901 10003 100 13074042 2005657095 380509980 11108811
0b000d01 0b00c701 10009 100 10586785 2041719372 344484879 10900276
0b000f01 0b00cc01 10008 100 24680684 2028953732 358085228 12081909
0b000001 0b00c901 10019 100 8530383 2056003919 331784134 10727869
0b000101 0b00c501 10022 100 6961380 2073107692 314728240 10596324
0b000101 0b00c901 10029 100 8079068 2098421586 289869362 10690032
0b000d01 0b00c101 10016 100 10067108 2065016809 323655786 10856709
0b000301 0b00c301 10016 100 9318488 2065888397 322897883 10793944
0b000801 0b00c501 10017 100 5855177 2077790727 311271247 10503581
0b000301 0b00c901 10005 100 9696947 2057303216 331934394 10825672
0b000e01 0b00c601 10013 100 7262798 2082807528 306537746 10621593
0b000e01 0b00cb01 10008 100 15691185 2040961568 349560710 11328232
0b000601 0b00c101 10024 100 12834873 2075408134 315541993 11088756
0b000401 0b00c301 10017 100 8291297 2090573255 301104454 10707825
0b000001 0b00cf01 10014 100 9418967 2069681173 322298745 10802366
0b000801 0b00c901 10023 100 9554931 2099263775 292794668 10813765
0b000a01 0b00c001 10015 100 9981292 2064206757 328214885 10849514
0b000901 0b00cb01 10011 100 13179215 2064206851 328491655 11117628
0b000601 0b00cd01 10006 100 17258010 2049146073 343665318 11459595
0b000e01 0b00cc01 10012 100 13033153 2032492081 360613107 11105382
0b000e01 0b00c201 10012 100 7865740 2083036422 310401314 10672144
0b000001 0b00cc01 10006 100 19722610 2023961864 369646734 11666225
0b000901 0b00ce01 10016 100 24295802 2062991436 330882973 12049640
0b000e01 0b00ca01 10009 100 17273505 2034477112 359671925 11460892
0b000001 0b00cf01 10010 100 9513736 2060142225 334024144 10810312
0b000601 0b00c201 10011 100 18797092 2071147354 323067599 11588631
0b000201 0b00ce01 10009 100 19189346 2049422905 344893725 11621517
0b000e01 0b00c101 10014 100 15819137 2050483578 344315881 11338959
0b000a01 0b00ce01 10006 100 13295960 2045725350 349165105 11127413
0b000f01 0b00cf01 10006 100 9854397 2061053777 334071200 10838874
0b000a01 0b00c101 10020 100 5470057 2095914633 299386303 10471293
0b000f01 0b00cd01 10011 100 23264247 2057037220 338281536 11963157
0b000201 0b00c401 10017 100 8843870 2098230867 297433807 10754150
0b000201 0b00c201 10000 100 19211094 2001525852 394538499 11623341
0b000c01 0b00cf01 10007 100 21182171 2054172165 342913802 11788596
0b000501 0b00ce01 10000 100 9943617 2005168131 392066415 10846354
0b000501 0b00cb01 10014 100 7438951 2051011390 346342462 10636361
0b000101 0b00c401 10012 100 7613593 2068426318 329888932 10651005
0b000401 0b00c001 10014 100 25138007 2047816918 350653629 12120254
0b000601 0b00c901 10013 100 26214279 2061309780 337237004 12210487
0b000801 0b00c801 10009 100 9137886 2056426983 342320056 10778800
0b000601 0b00c701 10007 100 17520417 2026275055 372584933 11481594
0b000201 0b00c301 10014 100 16319383 2082223410 316663188 11380899
0b000401 0b00c801 10010 100 11244557 2057303919 341962685 10955425
0b000601 0b00c701 10010 100 27809617 2033347774 366485396 12344239
0b000801 0b00c001 10019 100 8126630 2086304093 313763042 10694018
0b000401 0b00ce01 10008 100 29038623 2039826586 361455464 12447279
0b000201 0b00cd01 10001 100 14749974 2002598272 398935773 11249317
0b000701 0b00c801 10019 100 6856401 2059979607 341630365 10587522
0b000a01 0b00cb01 10015 100 8678707 2081535829 320898026 10740303
0b000101 0b00cd01 10024 100 7800149 2083612427 319549192 10666647
0b000801 0b00c501 10015 100 9242211 2065469388 337897980 10787550
0b000801 0b00cb01 10014 100 8478675 2084264659 319122512 10723533
0b000401 0b00c001 10005 100 27177404 2026364050 377177708 12291235
0b000501 0b00c901 10006 100 8648682 2036431268 367272707 10737786
0b000701 0b00c701 10026 100 8958326 2070717563 333113979 10763748
0b000a01 0b00cb01 10016 100 24373167 2081711594 322193203 12056129
0b000601 0b00c001 10024 100 12434844 2079305703 324758963 11055217
0b000b01 0b00cb01 10011 100 24894029 2049954357 355286578 12099799
0b000701 0b00cb01 10015 100 7675414 2050456061 354952811 10656188
0b000801 0b00c401 10024 100 19061460 2084975023 320453652 11610794
0b000e01 0b00c001 10012 100 21700444 2054313290 351412660 11832047
0b000301 0b00cb01 10023 100 9461027 2076970347 329711194 10805896
0b000a01 0b00cb01 10022 100 9421437 2090432325 316700436 10802575
0b000101 0b00cc01 10010 100 12219628 2044725859 362940175 11037175
0b000301 0b00c401 10030 100 9574834 2099591316 308205700 10815434
0b000501 0b00ce01 10012 100 8414889 2065692155 342394702 10718184
0b000f01 0b00ca01 10018 100 20949167 2067323867 340767080 11769061
0b000f01 0b00cc01 10015 100 24337586 2075723556 332498608 12053144
0b000d01 0b00c901 10001 100 19270726 2006265062 402011262 11628338
0b000701 0b00cf01 10014 100 8105040 2076551939 331727635 10692210
0b000801 0b00c201 10016 100 8674903 2071624055 336709822 10739984
0b000a01 0b00c401 10004 100 22448364 2006092907 402450118 11894753
0b000301 0b00c901 10008 100 17123328 2065637638 343045647 11448302
0b000801 0b00cc01 10016 100 6943657 2073076166 336109310 10594837
0b000b01 0b00c601 10012 100 28724560 2053835186 355372233 12420948
0b000701 0b00c101 10000 100 26097807 2001017147 408402644 12200720
0b000801 0b00c101 10015 100 14441373 2055955522 353478010 11223447
0b000e01 0b00cc01 10018 100 27762467 2060416512 349174254 12340287
0b000001 0b00cf01 10020 100 9631127 2084915840 324913710 10820157
0b000801 0b00cd01 10027 100 9560230 2090791097 319070252 10814212
0b000e01 0b00cc01 10017 100 29318364 2051751798 358110142 12470734
0b000e01 0b00c901 10015 100 27957813 2062968128 347107088 12356663
0b000101 0b00cc01 10021 100 8467810 2096228350 314291696 10722621
0b000501 0b00ce01 10007 100 9589901 2038326665 372374735 10816697
0b000f01 0b00cd01 10018 100 20378340 2075274595 335942552 11721202
0b000501 0b00c201 10006 100 9213981 2064051065 347890068 10785180
0b000601 0b00c101 10020 100 22707192 2059175273 353164152 11916454
0b000001 0b00c801 10019 100 17883187 2062188492 350196656 11512009
0b000301 0b00c601 10024 100 9935485 2079213159 333427298 10845673
0b000101 0b00cd01 10022 100 8283574 2077071151 335679548 10707176
0b000701 0b00c401 10016 100 9954600 2060431675 352674126 10847275
0b000c01 0b00c601 10003 100 18757310 2013325973 400180750 11585295
0b000301 0b00cb01 10022 100 15470849 2076724925 337473814 11309756
0b000d01 0b00c701 10002 100 15778656 2012751689 401789542 11335563
0b000701 0b00cb01 10016 100 10086413 2066668745 347880404 10858327
0b000501 0b00c301 10005 100 8514140 2016709715 398503151 10726508
0b000501 0b00c101 10017 100 18482289 2074359639 340966944 11562237
0b000501 0b00cd01 10018 100 9985415 2073535123 342192191 10849859
0b000e01 0b00c701 10013 100 21188156 2089106149 327146143 11789098
0b000401 0b00ca01 10014 100 28985226 2045386018 371120242 12442804
0b000501 0b00c601 10016 100 9724779 2055000611 361611126 10828006
0b000101 0b00cd01 10005 100 10133678 2017541151 399281429 10862288
0b000201 0b00cf01 10020 100 25041703 2074807551 342218055 12112177
0b000601 0b00c101 10004 100 18561108 2016277441 401376536 11568846
0b000501 0b00c401 10015 100 8255244 2072168832 346374827 10704802
0b000101 0b00ce01 10024 100 10792205 2092315468 326309997 10917501
0b000701 0b00c501 10023 100 6553231 2097713774 320912125 10562105
0b000701 0b00c901 10017 100 7116060 2092630751 326024348 10609294
0b000301 0b00c401 10019 100 24003052 2063487519 355299651 12025099
0b000501 0b00c501 10018 100 8527262 2091992492 327049606 10727608
0b000401 0b00c201 10002 100 15443871 2018945399 400246409 11307494
0b000301 0b00c701 10013 100 19645380 2070273368 349651248 11659751
0b000e01 0b00cb01 10001 100 21850183 2004418537 415644536 11844602
0b000201 0b00c601 10000 100 22952141 2001475237 418669562 11936990
0b000701 0b00cf01 10015 100 9101784 2076583888 343772846 10775774
0b000501 0b00ca01 10007 100 19024876 2023451182 397096095 11607726
0b000a01 0b00c101 10015 100 25457679 2075162112 345617882 12147053
0b000701 0b00c501 10021 100 7321388 2094663864 326202119 10626507
0b000701 0b00cc01 10002 100 7958513 2011332909 409671929 10679923
0b000701 0b00c301 10020 100 7306388 2097403641 324164576 10625249
0b000101 0b00c201 10000 100 29082701 2002508694 419874975 12450974
0b000001 0b00c301 10014 100 15168355 2076144391 346295244 11284397
0b000801 0b00cb01 10008 100 26522600 2040960586 381492355 12236336
0b000901 0b00cc01 10001 100 18391209 2016075893 406765207 11554602
0b000201 0b00c301 10003 100 17353482 2019265621 403748166 11467597
0b000501 0b00c001 10020 100 28944221 2054314504 368780618 12439366
0b000001 0b00ce01 10013 100 14155427 2078127429 345305956 11199473
0b000101 0b00ce01 10007 100 15436443 2011874827 412346494 11306873
0b000701 0b00c001 10001 100 29364134 2014099497 411361773 12474572
0b000701 0b00cc01 10019 100 9970284 2078185659 347692203 10848591
0b000801 0b00c501 10021 100 26163510 2081093689 345011934 12206230
0b000c01 0b00cd01 10004 100 23136462 2015470689 411215992 11952443
0b000501 0b00c101 10004 100 9412743 2016754233 409998154 10801845
0b000301 0b00ce01 10024 100 9108836 2089024459 337734087 10776365
0b000d01 0b00c701 10000 100 28914224 2001133047 425833981 12436851
0b000701 0b00c901 10005 100 9092715 2026225805 401421000 10775014
0b000e01 0b00c501 10003 100 17542801 2010362280 417924449 11483469
0b000701 0b00cc01 10006 100 7373824 2022464627 406736399 10630902
0b000501 0b00c801 10015 100 23705928 2081843318 348045710 12000185
0b000301 0b00c601 10009 100 14850522 2031248342 399179323 11257749
0b000301 0b00ca01 10022 100 14417575 2083049739 347476362 11221451
0b000201 0b00cf01 10026 100 24853424 2091936184 339050497 12096393
0b000f01 0b00c001 10006 100 26447831 2022814534 408628844 12230066
0b000a01 0b00c301 10013 100 13186691 2043135005 388403301 11118253
0b000701 0b00cd01 10016 100 10211660 2084869218 347068910 10868826
0b000801 0b00cc01 10019 100 22620029 2086199273 346492171 11909146
0b000801 0b00c801 10014 100 8466109 2089061025 344089135 10722482
0b000701 0b00ca01 10013 100 17045065 2087680069 345543109 11441741
0b000001 0b00c301 10013 100 26521341 2071429875 362001866 12236231
0b000701 0b00c501 10020 100 17107622 2093513057 340151644 11446984
0b000201 0b00c001 10012 100 22506547 2091783068 342067008 11899630
0b000701 0b00c001 10004 100 9048417 2023862799 410127169 10771301
0b000e01 0b00cc01 10004 100 13847469 2011361743 423034882 11173653
0b000101 0b00c501 10002 100 14021936 2009264073 425526433 11188279
0b000101 0b00c801 10005 100 17031077 2033063682 402415297 11440569
0b000701 0b00c201 10005 100 7829261 2019998070 416273076 10669088
0b000501 0b00c201 10012 100 20785731 2091798730 344973127 11755356
0b000101 0b00c401 10014 100 26810010 2085365324 352291045 12260435
0b000801 0b00ca01 10006 100 16968694 2024000346 414532256 11435336
0b000e01 0b00cc01 10006 100 25784238 2013381461 425231457 12174433
0b000801 0b00c801 10019 100 24203651 2095301603 343681194 12041915
0b000601 0b00ca01 10000 100 27824374 2009230258 429886696 12345477
0b000501 0b00cb01 10019 100 26814305 2092785317 346406282 12260794
0b000101 0b00c901 10001 100 27699665 2010682588 428584644 12335021
0b000701 0b00c601 10011 100 9661805 2031164217 408190822 10822726
0b000101 0b00ce01 10025 100 29329330 2092630709 347236489 12471653
0b000501 0b00c001 10007 100 29485061 2021056021 419340208 12484711
0b000001 0b00c001 10004 100 15775765 2029723183 410694658 11335321
0b000301 0b00ce01 10007 100 17878377 2039693966 400809846 11511605
0b000a01 0b00c001 10000 100 20225531 2006337155 434472377 11708390
0b000701 0b00c501 10000 100 20986736 2005214269 436377509 11772208
0b000001 0b00c201 10007 100 17293159 2026157898 415488046 11462541
0b000001 0b00c101 10007 100 24216425 2019094076 423040227 12042987
0b000701 0b00ce01 10000 100 21737469 2006933581 435627506 11835151
0b000001 0b00cc01 10012 100 14281974 2038605920 404292762 11210080
0b000701 0b00ce01 10005 100 9417339 2024880110 418411415 10802232
0b000a01 0b00c201 10002 100 22904601 2010802835 433798266 11933003
0b000701 0b00c001 10003 100 20635885 2023750805 421250194 11742793
0b000e01 0b00c201 10003 100 16885204 2024263471 420744872 11428338
0b000701 0b00c101 10004 100 22955600 2026582227 418482834 11937279
0b000301 0b00c701 10001 100 21327719 2016787202 428550914 11800797
0b000801 0b00cd01 10016 100 8770979 2050105073 395875770 10748038
0b000e01 0b00c101 10016 100 14506631 2051115488 395208969 11228917
0b000a01 0b00cd01 10004 100 28221333 2016060533 432480159 12378759
0b000501 0b00cf01 10004 100 27165787 2019648581 428894603 12290260
0b000501 0b00c001 10029 100 25065566 2092427299 356690355 12114178
0b000101 0b00c401 10007 100 15134178 2052087719 397706917 11281532
0b000501 0b00cc01 10012 100 19133699 2043690776 406186524 11616850
0b000001 0b00c901 10015 100 13252741 2052770477 397637908 11123790
0b000301 0b00c501 10010 100 24770362 2058823365 392954277 12089429
0b000a01 0b00c001 10010 100 28668831 2046874223 406734802 12416275
0b000101 0b00c401 10006 100 28325701 2050352520 405923337 12387507
0b000a01 0b00cf01 10012 100 18712960 2054910242 403001141 11581574
0b000301 0b00c501 10007 100 25696011 2039644828 418573648 12167037
0b000801 0b00c401 10014 100 24373654 2059056479 399915847 12056168
0b000701 0b00cf01 10012 100 29247744 2065047901 394050060 12464811
0b000701 0b00c301 10016 100 8759224 2061338935 399839973 10747056
0b000801 0b00c801 10012 100 26660813 2075540247 393751621 12247923
0b000801 0b00cc01 10015 100 29216954 2062696174 407077555 12462229
0b000101 0b00c101 10014 100 27105152 2058295713 415349126 12285179
0b000301 0b00cc01 10012 100 27226679 2072746340 401969011 12295366
0b000701 0b00cb01 10017 100 26233236 2067021761 415284264 12212077
0b000001 0b00c801 10026 100 28818589 2080447712 403047988 12428832
0b000501 0b00cc01 10020 100 23616810 2067673085 416395715 11992714
0b000501 0b00c101 10021 100 27723869 2089812510 399046376 12337049
0b000501 0b00c301 10019 100 26057638 2090321670 405074888 12197353
0b000701 0b00c901 10018 100 27972232 2096060438 405293269 12357874
