0b000d01 0b00c101 10000 100 14317 2000216451 34013713 10013882
0b000501 0b00c701 10000 100 161198 2000265372 34027119 10026197
0b000401 0b00c401 10000 100 2978 2000304267 34013878 10012929
0b000c01 0b00cd01 10000 100 24901 2000658636 34015549 10014768
0b000201 0b00c501 10000 100 1953152 2000453697 34342808 10176435
0b000501 0b00cd01 10000 100 68514 2001002156 34110453 10018426
0b000a01 0b00c801 10000 100 63911 2001443022 34842476 10018038
0b000001 0b00c501 10000 100 124909 2001079926 35280025 10023152
0b000001 0b00c301 10000 100 8554803 2000401833 36043702 10729915
0b000a01 0b00c501 10000 100 22646 2001696481 35010323 10014580
0b000101 0b00c201 10000 100 1071975 2001763416 35153988 10102554
0b000201 0b00cb01 10000 100 29727 2001473110 35582840 10015173
0b000301 0b00cb01 10000 100 1134514 2001745301 35443382 10107799
0b000001 0b00c801 10000 100 20600 2001888956 35307712 10014408
0b000001 0b00cd01 10000 100 24075 2002125211 35084833 10014702
0b000a01 0b00c201 10000 100 9114 2002226752 35024187 10013447
0b000c01 0b00c101 10000 100 133179 2002358474 35092147 10023848
0b000501 0b00c701 10001 100 802057 2002260259 35202497 10079928
0b000601 0b00ce01 10001 100 2732238 2002217212 35488539 10241753
0b000301 0b00c801 10000 100 64863 2002662626 35156389 10018118
0b000a01 0b00c701 10001 100 20149 2002740683 35151522 10014372
0b000c01 0b00c301 10000 100 2948559 2002414308 35522030 10259888
0b000401 0b00c401 10001 100 19398 2002738288 35384634 10014308
0b000401 0b00ce01 10001 100 29233 2002883274 35382935 10015133
0b000401 0b00ce01 10000 100 2371227 2002610247 35747568 10211486
0b000101 0b00c501 10001 100 40726 2003114961 35412119 10016095
0b000101 0b00c301 10000 100 1318113 2003085721 35784680 10123194
0b000701 0b00c701 10000 100 437330 2003421265 35722197 10049348
0b000b01 0b00c401 10001 100 78190 2003622816 35560299 10019238
0b000201 0b00c201 10000 100 2500629 2003159102 36125292 10222334
0b000201 0b00c801 10000 100 561700 2003614306 35735876 10059774
0b000301 0b00c701 10001 100 248622 2003745266 35687426 10033525
0b000701 0b00c301 10000 100 97411 2003846612 35627942 10020849
0b000b01 0b00c001 10000 100 72119 2003653919 35823653 10018729
0b000d01 0b00c301 10000 100 55476 2004090299 35531874 10017333
0b000c01 0b00ce01 10000 100 1844851 2003645949 36017578 10167352
0b000901 0b00c501 10000 100 32098 2003960162 35919872 10015374
0b000501 0b00c401 10000 100 43064 2003774159 36169355 10016294
0b000701 0b00ce01 10000 100 8357271 2003086211 36927669 10713356
0b000301 0b00c301 10000 100 1703174 2004559972 36225175 10155477
0b000501 0b00cd01 10001 100 41594 2004592938 36369674 10016168
0b000601 0b00cd01 10001 100 8264 2004758935 36204365 10013375
0b000501 0b00c401 10001 100 67936 2004987385 36100385 10018376
0b000101 0b00ca01 10001 100 193461 2004303360 37164289 10028901
0b000401 0b00cd01 10000 100 7636 2005716912 35803356 10013321
0b000c01 0b00c401 10000 100 51579 2006082730 35925471 10017006
0b000001 0b00c001 10000 100 2450860 2004586762 37794334 10218160
0b000601 0b00c101 10001 100 111939 2006510401 36237858 10022065
0b000f01 0b00c301 10001 100 5531 2006820545 36054436 10013145
0b000001 0b00cb01 10000 100 3053 2005285998 37897143 10012939
0b000001 0b00c701 10001 100 29037 2006920822 36314929 10015118
0b000301 0b00c401 10001 100 11188 2005238088 38021375 10013621
0b000b01 0b00c801 10000 100 61967 2006506086 36985163 10017875
0b000701 0b00cd01 10000 100 2322 2007168075 36352769 10012877
0b000701 0b00cb01 10000 100 10855 2000042306 44013450 10013590
0b000101 0b00c501 10000 100 37174 2000041840 44015619 10015799
0b000c01 0b00c601 10000 100 103073 2000076609 44021944 10021325
0b000101 0b00c701 10001 100 424762 2006518350 37696763 10048292
0b000801 0b00c701 10003 100 323486 2006779260 37489098 10039803
0b000901 0b00cb01 10000 100 3939120 2005700963 38593385 10342939
0b000d01 0b00c101 10001 100 49021 2000374023 44018561 10016793
0b000d01 0b00cb01 10000 100 149480 2000419878 44094240 10025214
0b000301 0b00c901 10000 100 741083 2000372494 44145269 10074815
0b000401 0b00ca01 10001 100 2300 2000545632 44021281 10012875
0b000201 0b00c901 10000 100 39908 2000560858 44076542 10016026
0b000401 0b00cf01 10003 100 9983 2008001924 36638482 10013517
0b000101 0b00ca01 10002 100 25680 2007397375 37283987 10014834
0b000601 0b00cd01 10000 100 70840 2000683626 44022290 10018619
0b000001 0b00c201 10000 100 32900 2007576824 37228431 10015438
0b000201 0b00c101 10000 100 20418 2000846981 44116252 10014394
0b000001 0b00ca01 10001 100 2977 2006995353 37999606 10012929
0b000401 0b00c501 10000 100 3348 2000907455 44109418 10012963
0b000701 0b00c801 10000 100 66441 2000906685 44160562 10018252
0b000901 0b00cd01 10000 100 3648521 2006022828 39093054 10318573
0b000201 0b00c701 10001 100 42749 2008930156 36216931 10016265
0b000b01 0b00c301 10000 100 27627 2007157895 38229984 10014997
0b000901 0b00c301 10000 100 59712 2007210541 38218388 10017687
0b000a01 0b00c401 10001 100 7592 2007350882 38104471 10013318
0b000101 0b00c801 10000 100 7723 2009229985 36324436 10013328
0b000101 0b00c001 10000 100 51385 2009234890 36332579 10016990
0b000301 0b00c901 10001 100 994456 2001114000 44499087 10096057
0b000d01 0b00ca01 10000 100 1961526 2000955798 44680245 10177136
0b000b01 0b00ca01 10002 100 14903 2008055156 37766830 10013929
0b000101 0b00cb01 10000 100 122124 2009743149 36171368 10022922
0b000b01 0b00c401 10000 100 69218 2001207127 44799948 10018486
0b000201 0b00c901 10002 100 18256 2007639312 38554833 10014213
0b000001 0b00cf01 10000 100 1523930 2001224019 45306449 10140446
0b000c01 0b00c701 10000 100 23691 2007086485 39696775 10014667
0b000601 0b00c401 10000 100 2466502 2001352579 45457033 10219473
0b000401 0b00c501 10001 100 42545 2006831075 40042566 10016248
0b000401 0b00c401 10003 100 499879 2006569453 40321718 10054590
0b000f01 0b00c301 10000 100 363525 2001650099 45270880 10043159
0b000501 0b00c101 10000 100 194302 2001675134 45265201 10028972
0b000f01 0b00c101 10000 100 6810 2001968021 45113495 10013251
0b000e01 0b00cd01 10000 100 6229778 2001165627 45924215 10534985
0b000901 0b00cc01 10000 100 66962 2001634027 45543565 10018294
0b000d01 0b00ca01 10001 100 2612 2001919514 45276506 10012900
0b000e01 0b00cd01 10001 100 73222 2002110685 45092262 10018821
0b000601 0b00ce01 10000 100 3615275 2001322995 45885048 10315787
0b000a01 0b00cc01 10000 100 6779174 2001090098 46134301 10581049
0b000001 0b00c801 10001 100 1662997 2009920866 37384412 10152105
0b000201 0b00c601 10000 100 5249448 2000871947 46579779 10452795
0b000201 0b00cf01 10000 100 57232 2001393831 46073930 10017481
0b000d01 0b00c401 10000 100 27774 2002375492 45137838 10015009
0b000a01 0b00cd01 10000 100 114525 2009076053 38472587 10022283
0b000501 0b00cc01 10001 100 572789 2007338894 40221275 10060703
0b000b01 0b00ce01 10000 100 2208508 2001803926 45773476 10197843
0b000d01 0b00ce01 10003 100 35402 2011222742 36526208 10015650
0b000a01 0b00c701 10000 100 2151500 2002164925 45665118 10193063
0b000e01 0b00c101 10000 100 22490 2002622389 45214555 10014567
0b000101 0b00cc01 10001 100 2112278 2002201674 45676554 10189776
0b000001 0b00cc01 10000 100 68576 2002454698 45460251 10018431
0b000401 0b00cf01 10004 100 146163 2008562056 39415895 10024937
0b000701 0b00c101 10000 100 66535 2009395329 38655933 10018260
0b000301 0b00ca01 10000 100 611141 2002631850 45536992 10063921
0b000601 0b00c201 10000 100 1539358 2002644532 45564760 10141742
0b000f01 0b00ce01 10000 100 32046 2003021921 45220038 10015370
0b000101 0b00ca01 10000 100 1959151 2002497650 45785568 10176938
0b000b01 0b00c701 10001 100 964 2010558484 37725380 10012760
0b000c01 0b00cb01 10000 100 39810 2002741416 45607945 10016018
0b000601 0b00c401 10001 100 25587 2010055282 38328995 10014826
0b000f01 0b00c101 10001 100 192613 2007881524 40560813 10028830
0b000101 0b00cd01 10000 100 72020 2003192137 45287611 10018721
0b000a01 0b00cf01 10000 100 785226 2002866970 45673734 10078516
0b000101 0b00ca01 10003 100 29729 2012046268 36536252 10015173
0b000601 0b00c501 10001 100 6476 2010153111 38475618 10013224
0b000a01 0b00c401 10000 100 623418 2002891543 45822404 10064949
0b000701 0b00cc01 10000 100 3152592 2002847926 46061107 10276994
0b000b01 0b00c601 10000 100 40651 2003297197 45620268 10016089
0b000601 0b00cc01 10001 100 122371 2010702372 38311913 10022942
0b000a01 0b00c201 10002 100 185799 2011039865 37974968 10028258
0b000701 0b00c001 10000 100 38435 2003291565 45859945 10015904
0b000101 0b00c101 10000 100 903245 2003118511 46049286 10088410
0b000701 0b00c601 10000 100 30305 2003412598 45898698 10015223
0b000e01 0b00c801 10004 100 21092 2011683087 37636129 10014451
0b000b01 0b00c701 10000 100 79657 2003494783 45865905 10019359
0b000101 0b00cd01 10001 100 26272 2003528820 45853812 10014885
0b000201 0b00c701 10000 100 1285727 2003279087 46115554 10120476
0b000401 0b00cf01 10000 100 24855 2003615164 45798030 10014764
0b000a01 0b00c901 10000 100 821005 2003452681 45974060 10081516
0b000e01 0b00c701 10000 100 35388 2003888744 45598816 10015649
0b000f01 0b00ce01 10001 100 5781 2003961100 45545659 10013165
0b000701 0b00cb01 10001 100 19706 2003982714 45532173 10014333
0b000001 0b00c701 10000 100 9273 2003833763 45773308 10013460
0b000101 0b00c401 10001 100 1805 2010784480 38859404 10012832
0b000d01 0b00ce01 10000 100 149433 2004127376 45546828 10025210
0b000001 0b00c601 10000 100 362942 2004061715 45670676 10043109
0b000a01 0b00ca01 10000 100 2092662 2003587002 46284593 10188130
0b000a01 0b00c301 10000 100 6736 2013664127 36238477 10013245
0b000c01 0b00cc01 10001 100 44534 2013549521 36496727 10016415
0b000601 0b00cd01 10005 100 150476 2011577047 38497951 10025297
0b000c01 0b00cb01 10001 100 72574 2004445263 45958025 10018766
0b000801 0b00c701 10001 100 4773155 2003249562 47154209 10412864
0b000d01 0b00c201 10000 100 29976 2013502735 36916899 10015193
0b000d01 0b00c901 10000 100 1059591 2004299725 46185677 10101517
0b000201 0b00cd01 10000 100 88838 2010099840 40386556 10020128
0b000701 0b00c701 10001 100 18454 2004283313 46243645 10014229
0b000701 0b00cb01 10002 100 1085735 2004004509 46522798 10103709
0b000901 0b00c101 10000 100 18971 2004087558 46901714 10014270
0b000e01 0b00cd01 10002 100 652661 2004689779 46394473 10067400
0b000e01 0b00c301 10000 100 5710 2004636507 46512227 10013159
0b000a01 0b00cf01 10001 100 36463 2004463643 46707741 10015739
0b000001 0b00ca01 10000 100 75876 2004238969 47301313 10019041
0b000f01 0b00c201 10000 100 7218775 2004006711 47576073 10617902
0b000b01 0b00cc01 10000 100 20027 2004765625 46894047 10014362
0b000e01 0b00cf01 10001 100 23062 2005076079 46606781 10014617
0b000c01 0b00c601 10001 100 110786 2005021489 46673957 10021969
0b000601 0b00cd01 10002 100 56844 2004759003 47066205 10017446
0b000d01 0b00c001 10000 100 150615 2005109006 46818810 10025309
0b000b01 0b00c501 10001 100 803890 2010746210 41207353 10080078
0b000801 0b00c701 10002 100 16943 2004650932 47332774 10014100
0b000701 0b00c701 10002 100 6119197 2004304110 47911450 10525716
0b000901 0b00ce01 10000 100 7348995 2004222559 48075015 10628819
0b000b01 0b00ca01 10000 100 21525 2005190436 47115636 10014486
0b000401 0b00cf01 10002 100 26996 2006018232 46389631 10014943
0b000f01 0b00c201 10001 100 108532 2005205083 47294068 10021781
0b000901 0b00c901 10001 100 5997 2013381025 39160364 10013182
0b000c01 0b00cb01 10003 100 625929 2011726714 40908880 10065158
0b000601 0b00c101 10000 100 18739 2005875051 46844267 10014252
0b000501 0b00cf01 10000 100 50750 2005050702 47734442 10016935
0b000401 0b00c401 10002 100 6995 2006326984 46473185 10013266
0b000301 0b00c001 10000 100 5836 2015531778 37302878 10013169
0b000201 0b00c201 10002 100 72724 2013312898 39571924 10018778
0b000201 0b00c901 10001 100 56801 2006214484 46743488 10017442
0b000c01 0b00c301 10001 100 71261 2006830647 46127966 10018657
0b000001 0b00c101 10000 100 859857 2005899803 47102078 10084770
0b000f01 0b00c101 10004 100 5964 2016055822 36957976 10013180
0b000f01 0b00c001 10001 100 9730 2016084810 36953963 10013496
0b000e01 0b00c201 10000 100 749479 2006917560 46124938 10075518
0b000d01 0b00c401 10001 100 33137 2006882806 46219824 10015461
0b000b01 0b00cf01 10000 100 3329951 2004012066 49118582 10291863
0b000301 0b00ca01 10001 100 186989 2004922350 48260534 10028357
0b000801 0b00cb01 10000 100 64546 2005098299 48097541 10018093
0b000201 0b00c601 10001 100 12138744 2003181666 50077600 11030393
0b000d01 0b00ce01 10001 100 27591 2007403248 45925137 10014994
0b000b01 0b00c601 10001 100 67231 2006438050 47028184 10018319
0b000701 0b00ce01 10002 100 197803 2014322341 39229922 10029264
0b000c01 0b00c801 10000 100 44067 2005436137 48153670 10016378
0b000401 0b00ce01 10003 100 25667 2015121246 38518196 10014833
0b000601 0b00cf01 10001 100 6092 2016597770 37179077 10013194
0b000601 0b00cb01 10005 100 71608 2016319218 37561391 10018685
0b000b01 0b00ca01 10001 100 2089246 2005434342 48620431 10187845
0b000001 0b00ce01 10000 100 1238572 2006394670 47699609 10116523
0b000401 0b00c001 10003 100 26796 2017026860 37167512 10014927
0b000801 0b00ce01 10000 100 45825 2000202391 54018446 10016522
0b000d01 0b00c001 10001 100 57143 2008073974 46197368 10017474
0b000101 0b00c901 10000 100 35498 2006708074 47588397 10015658
0b000301 0b00c701 10000 100 1803720 2000162508 54192043 10163904
0b000f01 0b00c901 10001 100 49223 2007678932 46678670 10016809
0b000901 0b00c201 10000 100 10662 2014950423 39434090 10013575
0b000301 0b00cc01 10000 100 61649 2000345428 54053220 10017850
0b000f01 0b00ca01 10001 100 4234396 2005184403 49285563 10367694
0b000501 0b00c601 10000 100 99 2007706365 46795483 10012691
0b000701 0b00c801 10004 100 23577 2007808053 46756138 10014658
0b000401 0b00ca01 10000 100 2915661 2000276230 54343386 10257130
0b000501 0b00cb01 10001 100 170411 2006677940 47954027 10026969
0b000301 0b00c101 10000 100 229 2007634679 47080238 10012702
0b000001 0b00c001 10001 100 25224 2008021369 46732061 10014797
0b000101 0b00c401 10000 100 9094 2000663911 54093880 10013445
0b000001 0b00cf01 10001 100 7773 2006947076 47908951 10013332
0b000801 0b00c001 10000 100 7975970 2003395260 51482112 10681385
0b000401 0b00cd01 10001 100 26381 2017443612 37479971 10014894
0b000101 0b00c301 10001 100 674339 2008746337 46212151 10069219
0b000c01 0b00ce01 10006 100 50569 2015608766 39363434 10016921
0b000201 0b00c501 10002 100 108107 2006999309 47990686 10021747
0b000501 0b00c901 10001 100 15701 2000931932 54129403 10013997
0b000501 0b00c101 10004 100 27962 2017992965 37122517 10015024
0b000301 0b00c501 10000 100 4094 2008666981 46472588 10013026
0b000f01 0b00cb01 10001 100 13803 2016675465 38525453 10013838
0b000501 0b00ce01 10001 100 544066 2014556637 40671306 10058298
0b000b01 0b00cb01 10000 100 2682846 2009246280 46005292 10237610
0b000601 0b00c701 10001 100 19158 2016416728 38871500 10014289
0b000f01 0b00cf01 10001 100 56447 2008734734 46613714 10017414
0b000101 0b00cc01 10000 100 151797 2001067690 54374390 10025407
0b000201 0b00ca01 10003 100 15883 2018218501 37265607 10014012
0b000201 0b00c801 10002 100 46800 2009584336 45995085 10016604
0b000f01 0b00c101 10002 100 11695 2009251680 46356656 10013661
0b000e01 0b00c401 10000 100 25026 2008997742 46680894 10014781
0b000701 0b00c001 10001 100 1724901 2006252823 49437097 10157296
0b000e01 0b00c701 10001 100 67717 2009369241 46385511 10018358
0b000b01 0b00c401 10002 100 1166950 2007594314 48206469 10110517
0b000901 0b00ca01 10001 100 197626 2017603486 38218148 10029250
0b000201 0b00c101 10002 100 19255 2007795124 48036060 10014297
0b000801 0b00c501 10002 100 6150790 2016206324 39642614 10528363
0b000701 0b00c801 10005 100 69611 2017879440 37984662 10018517
0b000c01 0b00cf01 10000 100 26300 2006535492 49337263 10014887
0b000201 0b00c801 10001 100 4216 2009096345 46778387 10013036
0b000601 0b00c601 10001 100 5542 2007358525 48726983 10013146
0b000901 0b00c301 10001 100 1063627 2008925593 47176248 10101855
0b000b01 0b00c901 10000 100 5834 2008679614 47436102 10013169
0b000d01 0b00cf01 10003 100 24976 2017716956 38496034 10014774
0b000201 0b00c401 10001 100 11549 2018751028 37592635 10013650
0b000c01 0b00cc01 10000 100 50210 2007172936 49488549 10016892
0b000e01 0b00ca01 10000 100 22387 2001393793 55271073 10014559
0b000501 0b00cc01 10000 100 29748 2006947955 49725719 10015175
0b000501 0b00c901 10000 100 9904576 2000567957 56118183 10843081
0b000b01 0b00cd01 10000 100 487047 2015104044 41587403 10053517
0b000501 0b00c501 10000 100 51563 2006272275 50428945 10017004
0b000601 0b00c901 10000 100 3869985 2001039157 55663110 10337139
0b000c01 0b00ce01 10009 100 6124 2018337161 38373867 10013196
0b000801 0b00c501 10000 100 9322 2009684781 47117669 10013464
0b000701 0b00cb01 10003 100 70133 2007561498 49283253 10018563
0b000401 0b00ca01 10003 100 9691 2018146306 38775133 10013493
0b000d01 0b00c501 10001 100 47233 2009415762 47528637 10016642
0b000301 0b00c801 10001 100 6599 2010577678 46409082 10013234
0b000001 0b00c901 10000 100 772450 2010804670 46218890 10077444
0b000e01 0b00c501 10001 100 44837 2010414106 46630224 10016439
0b000801 0b00ce01 10003 100 55483 2019250357 37880396 10017333
0b000c01 0b00ca01 10000 100 62984 2010620509 46518985 10017960
0b000601 0b00cc01 10003 100 21032 2018884563 38304518 10014447
0b000a01 0b00ca01 10001 100 1829644 2005738324 51538366 10166078
0b000c01 0b00ce01 10003 100 9854 2007525690 49905792 10013506
0b000501 0b00cb01 10000 100 55962 2001919771 55517790 10017372
0b000e01 0b00c601 10000 100 6658700 2000903146 56606969 10570946
0b000601 0b00cb01 10002 100 65763 2007656061 49882494 10018194
0b000d01 0b00c501 10000 100 57490 2002078807 55474517 10017501
0b000801 0b00ca01 10000 100 30497 2002056770 55507628 10015238
0b000a01 0b00cb01 10002 100 1902319 2005349623 52338965 10172173
0b000001 0b00c201 10001 100 63805 2011154138 46704840 10018030
0b000101 0b00ce01 10001 100 61959 2008882673 48996190 10017874
0b000901 0b00cc01 10002 100 825 2010021168 47871763 10012749
0b000201 0b00cb01 10002 100 69460 2011159318 46737423 10018505
0b000201 0b00cd01 10001 100 75192 2011594456 46309743 10018987
0b000f01 0b00cc01 10000 100 29833 2002448938 55455918 10015181
0b000f01 0b00cb01 10000 100 135927 2002491893 55458013 10024076
0b000801 0b00c701 10000 100 33933 2002528265 55457244 10015525
0b000601 0b00c801 10000 100 1453318 2002298365 55718557 10134528
0b000701 0b00c701 10004 100 78313 2009648078 48445345 10019248
0b000601 0b00cd01 10003 100 2820 2008600566 49501989 10012917
0b000301 0b00c901 10002 100 1209553 2010498022 47621812 10114090
0b000601 0b00c201 10001 100 49636 2009541414 48661838 10016842
0b000a01 0b00c401 10002 100 665580 2009060433 49162981 10068483
0b000701 0b00c501 10000 100 3811 2010491737 47743356 10013000
0b000801 0b00cd01 10000 100 2269637 2010098651 48241051 10202967
0b000501 0b00c601 10001 100 110852 2009732780 48611078 10021974
0b000301 0b00c601 10001 100 54869 2011848807 46615673 10017280
0b000501 0b00cc01 10003 100 69810 2020183027 38335472 10018533
0b000101 0b00c201 10001 100 7422 2012360455 46182022 10013304
0b000301 0b00c401 10002 100 21252 2011116487 47476863 10014464
0b000801 0b00ce01 10002 100 1555835 2018429872 40171912 10143121
0b000d01 0b00cf01 10000 100 3839251 2002617925 56041056 10334565
0b000601 0b00c501 10000 100 744805 2002859728 55855718 10075125
0b000201 0b00c301 10000 100 1422206 2017291431 41431772 10131920
0b000401 0b00ca01 10002 100 42491 2002940528 55794758 10016244
0b000301 0b00cd01 10000 100 18596 2008754092 50004246 10014240
0b000501 0b00c801 10000 100 1727911 2002687353 56155968 10157548
0b000c01 0b00cd01 10001 100 4289 2020948134 37911140 10013042
0b000801 0b00cf01 10000 100 45551 2003093447 55803421 10016500
0b000b01 0b00c001 10002 100 613171 2009950469 48969423 10064091
0b000801 0b00ce01 10001 100 171321 2003305887 55638727 10027046
0b000a01 0b00c801 10002 100 171387 2011038570 47914825 10027051
0b000c01 0b00c301 10002 100 68518 2011101849 47878474 10018426
0b000f01 0b00c101 10003 100 513524 2010279358 48706288 10055735
0b000901 0b00c901 10000 100 6635 2011275656 47721691 10013237
0b000a01 0b00c201 10001 100 426500 2003334662 55689278 10048439
0b000601 0b00cb01 10001 100 9841217 2005220904 53853406 10837770
0b000201 0b00ca01 10001 100 4574 2012657560 46423132 10013065
0b000401 0b00cb01 10000 100 7896 2003230961 55862946 10013342
0b000701 0b00c501 10001 100 43168 2011119122 48000787 10016302
0b000501 0b00c101 10001 100 1888 2011089409 48033011 10012838
0b000501 0b00cd01 10002 100 1231804 2007036786 52100073 10115955
0b000701 0b00c101 10001 100 3789 2010842141 48309148 10012998
0b000a01 0b00cd01 10001 100 22676 2011511005 47655263 10014582
0b000c01 0b00ca01 10004 100 49897 2020759146 38432465 10016863
0b000201 0b00c101 10001 100 29531 2003464414 55756857 10015157
0b000e01 0b00c401 10003 100 23935 2011787958 47532253 10014686
0b000e01 0b00c801 10002 100 1117966 2007477189 51852107 10106410
0b000301 0b00cb01 10004 100 22245 2012794732 46561446 10014547
0b000b01 0b00ca01 10003 100 42326 2011610767 47769383 10016231
0b000501 0b00c801 10004 100 7111 2020997459 38417368 10013279
0b000001 0b00ca01 10002 100 190364 2010537059 49018009 10028642
0b000c01 0b00c901 10000 100 1289518 2005491695 54064992 10120795
0b000001 0b00cb01 10001 100 6610 2010590989 48972874 10013235
0b000c01 0b00ca01 10003 100 81262 2020301043 39278849 10019495
0b000b01 0b00c201 10000 100 342741 2019536640 40064026 10041416
0b000f01 0b00ca01 10000 100 226 2003966410 55676555 10012701
0b000e01 0b00c401 10004 100 46374 2012091268 47571480 10016570
0b000101 0b00c701 10000 100 3740 2004021826 55644994 10012994
0b000701 0b00c801 10001 100 8956 2003986861 55694672 10013431
0b000e01 0b00c201 10002 100 180222 2010926367 48766380 10027792
0b000301 0b00c201 10000 100 861513 2012596025 47106189 10084911
0b000901 0b00cf01 10000 100 20981 2012519410 47197612 10014439
0b000401 0b00c001 10001 100 1787298 2006309266 53438067 10162529
0b000401 0b00cb01 10001 100 1291017 2007665030 52104994 10120922
0b000a01 0b00c801 10001 100 1830258 2009523773 50288211 10166131
0b000a01 0b00cb01 10005 100 8567 2021841981 37974410 10013399
0b000201 0b00c501 10001 100 9795195 2005259501 54593587 10833912
0b000c01 0b00c101 10001 100 191783 2009990768 49870909 10028759
0b000d01 0b00cf01 10001 100 44806 2009578664 50342889 10016437
0b000c01 0b00ca01 10001 100 77695 2012874912 47073135 10019195
0b000501 0b00c101 10002 100 22267 2011763517 48239016 10014549
0b000e01 0b00cf01 10000 100 59502 2004165255 55922906 10017670
0b000701 0b00cc01 10001 100 14098 2012024357 48074383 10013865
0b000901 0b00c601 10000 100 55483 2012526781 47582269 10017333
0b000301 0b00cb01 10001 100 4074 2004401754 55799202 10013025
0b000101 0b00c201 10002 100 17133 2021706635 38589283 10014119
0b000101 0b00c001 10001 100 87102 2014044585 46262374 10019986
0b000c01 0b00c101 10004 100 1061620 2013030108 47297182 10101687
0b000201 0b00c201 10003 100 4133 2013812854 46556271 10013029
0b000e01 0b00c401 10001 100 56728 2010281695 50103789 10017437
0b000201 0b00c101 10003 100 57232 2014030476 46403023 10017481
0b000801 0b00c401 10002 100 1669164 2019151994 41378956 10152625
0b000d01 0b00c701 10000 100 4565 2010843127 49689716 10013064
0b000401 0b00c901 10003 100 57017 2021628411 38935679 10017464
0b000b01 0b00cf01 10004 100 40163 2022014040 38576756 10016050
0b000901 0b00c501 10001 100 43215 2012899190 47730343 10016306
0b000401 0b00c501 10004 100 21410 2012731013 48063644 10014477
0b000501 0b00cf01 10001 100 79501 2022344383 38451042 10019347
0b000801 0b00c201 10000 100 38425 2014705017 46101866 10015903
0b000201 0b00cd01 10005 100 171440 2021155350 39726465 10027055
0b000601 0b00cb01 10000 100 1502492 2004421487 56623890 10138650
0b000401 0b00c501 10003 100 43951 2012369850 48699380 10016365
0b000101 0b00ce01 10002 100 94413 2014857343 46352793 10020597
0b000f01 0b00c801 10001 100 21341 2011016645 50211281 10014471
0b000101 0b00c601 10001 100 191463 2012224455 49009259 10028734
0b000201 0b00ca01 10000 100 44373 2011915421 49324666 10016402
0b000d01 0b00cd01 10000 100 2748932 2006000996 55252171 10243150
0b000401 0b00c401 10004 100 182487 2011794695 49572068 10027981
0b000f01 0b00cf01 10004 100 72250 2022134281 39280024 10018740
0b000a01 0b00cd01 10004 100 78705 2023959361 37458724 10019279
0b000701 0b00c801 10002 100 7786 2005239801 56222006 10013333
0b000e01 0b00c001 10000 100 331122 2004765438 56719754 10040444
0b000701 0b00ce01 10001 100 183470 2012653044 48926234 10028064
0b000601 0b00ce01 10003 100 1924 2023355411 38236923 10012841
0b000c01 0b00ce01 10011 100 5433 2022990822 38606980 10013137
0b000201 0b00c401 10000 100 1570 2014712451 46901142 10012813
0b000801 0b00c401 10001 100 79 2015387712 46247443 10012690
0b000101 0b00ce01 10000 100 101885 2004338591 57351359 10021222
0b000e01 0b00c801 10005 100 73612 2023489570 38208368 10018853
0b000201 0b00c501 10005 100 5875 2024465044 37268278 10013173
0b000001 0b00c601 10002 100 23944 2024539431 37301227 10014687
0b000901 0b00cc01 10001 100 73840 2004899019 56945825 10018871
0b000c01 0b00c101 10003 100 8329 2011182112 50704822 10013380
0b000901 0b00c501 10002 100 43461 2015728526 46196059 10016325
0b000e01 0b00cd01 10003 100 65452 2005220044 56777980 10018169
0b000e01 0b00c801 10000 100 5954 2005383817 56614785 10013179
0b000f01 0b00c701 10001 100 23430 2014913767 47106530 10014646
0b000c01 0b00c501 10001 100 86546 2022807575 39252342 10019937
0b000301 0b00cf01 10001 100 9076 2012689110 49379525 10013444
0b000e01 0b00cd01 10004 100 14583 2012144850 49935072 10013904
0b000901 0b00ca01 10000 100 1981 2013133192 49024711 10012846
0b000301 0b00c801 10002 100 31098 2013010056 49153037 10015290
0b000f01 0b00c801 10000 100 22551 2005498976 56693013 10014572
0b000b01 0b00cc01 10002 100 1123389 2012029910 50216574 10106867
0b000b01 0b00c901 10002 100 6046 2023326427 38950743 10013190
0b000901 0b00c001 10000 100 70952 2024478830 37814009 10018628
0b000301 0b00c401 10000 100 52617 2005027972 57303589 10017092
0b000a01 0b00c201 10005 100 643819 2021106378 41257392 10066658
0b000901 0b00ce01 10002 100 2378139 2013017317 49487878 10212066
0b000001 0b00c501 10001 100 5060 2023153336 39413282 10013107
0b000c01 0b00ce01 10004 100 176719 2012197711 50400677 10027497
0b000c01 0b00ca01 10002 100 9832 2015609968 47173104 10013504
0b000b01 0b00ce01 10001 100 21345 2013442500 49365027 10014472
0b000001 0b00c201 10002 100 34747 2014186936 48665615 10015594
0b000301 0b00c901 10004 100 10585 2015362640 47497857 10013569
0b000201 0b00cc01 10000 100 195891 2014513905 48352107 10029103
0b000601 0b00cc01 10000 100 122933 2006782933 56084802 10022986
0b000201 0b00cc01 10001 100 19695 2015282963 47621965 10014332
0b000801 0b00cc01 10003 100 62475 2026214495 36745975 10017919
0b000701 0b00c801 10003 100 63847 2005317837 57656526 10018033
0b000b01 0b00cc01 10004 100 36635 2026198416 36795185 10015752
0b000801 0b00cc01 10004 100 20744 2026529569 36488412 10014420
0b000e01 0b00c001 10001 100 5935 2014516173 48718678 10013177
0b000801 0b00c001 10005 100 504964 2022449904 40808934 10055016
0b000601 0b00cc01 10004 100 169871 2024317762 39075654 10026922
0b000701 0b00cb01 10006 100 8471 2016186847 47296888 10013392
0b000801 0b00c501 10001 100 6964 2013610374 49937487 10013264
0b000401 0b00c301 10000 100 6993 2015338475 48271764 10013266
0b000401 0b00c701 10000 100 24681 2025891493 37721437 10014750
0b000201 0b00ce01 10000 100 2540812 2007492824 56213295 10225702
0b000701 0b00c201 10000 100 45003 2025758077 38007685 10016456
0b000501 0b00c101 10007 100 305519 2024490192 39418798 10038296
0b000501 0b00ca01 10001 100 65724 2016490914 47428774 10018191
0b000501 0b00ce01 10003 100 40164 2024919162 39018922 10016050
0b000201 0b00cb01 10001 100 755102 2005395315 58543487 10075991
0b000101 0b00c101 10001 100 449947 2014467713 49487540 10050403
0b000501 0b00c301 10000 100 198742 2015929877 48034812 10029343
0b000401 0b00ce01 10007 100 48139 2024868107 39121784 10016719
0b000101 0b00c001 10002 100 6347487 2014763351 49271694 10544855
0b000c01 0b00c201 10002 100 43373 2014639462 49474189 10016318
0b000d01 0b00c601 10000 100 40930 2007810006 56318816 10016111
0b000c01 0b00c701 10001 100 1968928 2009576973 54565267 10177755
0b000801 0b00cc01 10000 100 561443 2004457562 59687423 10059753
0b000201 0b00ce01 10001 100 1704 2015306938 48864524 10012824
0b000301 0b00c201 10002 100 51178 2025560624 38628711 10016973
0b000201 0b00c801 10003 100 4831 2015667603 48526281 10013085
0b000801 0b00cc01 10002 100 31593 2024640943 39556333 10015330
0b000d01 0b00ca01 10003 100 1159675 2010395597 53808708 10109908
0b000401 0b00c501 10008 100 76023 2025455945 38817637 10019057
0b000301 0b00c601 10000 100 1910598 2005214850 59065948 10172866
0b000801 0b00c601 10000 100 67262 2006901955 57460333 10018322
0b000001 0b00ce01 10002 100 7319 2025316758 39048978 10013296
0b000f01 0b00cb01 10003 100 146077 2025209865 39228589 10024930
0b000a01 0b00cb01 10003 100 12560 2007103258 57389641 10013734
0b000301 0b00ce01 10000 100 7708721 2004691173 59824496 10658980
0b000701 0b00c701 10003 100 4051 2008438606 56185358 10013023
0b000301 0b00cf01 10004 100 63038 2025198170 39432466 10017968
0b000501 0b00c401 10002 100 393197 2006257746 58373428 10045648
0b000e01 0b00c801 10007 100 68199 2026159996 38556735 10018400
0b000701 0b00c601 10001 100 9386 2008575299 56174473 10013469
0b000e01 0b00cc01 10001 100 18515 2017478850 47304341 10014234
0b000e01 0b00ce01 10000 100 1458247 2009561356 55221960 10134942
0b000001 0b00cc01 10001 100 48182 2015880700 48925030 10016722
0b000201 0b00c901 10003 100 36206 2016507284 48332772 10015718
0b000c01 0b00c901 10003 100 283248 2021254266 43692367 10036430
0b000201 0b00cf01 10001 100 3312474 2008450024 56522532 10290399
0b000101 0b00c601 10000 100 690457 2007107652 57894936 10070570
0b000601 0b00c801 10001 100 703816 2013722759 51292025 10071688
0b000c01 0b00c201 10003 100 23576 2017102148 47952835 10014658
0b000e01 0b00c301 10001 100 130501 2015125569 49963989 10023623
0b000201 0b00c001 10000 100 1150634 2022603179 42492278 10109150
0b000301 0b00c901 10003 100 284839 2014554418 50634740 10036561
0b000301 0b00c101 10001 100 77750 2008758636 56463431 10019199
0b000a01 0b00cb01 10007 100 56704 2028284562 37030549 10017435
0b000201 0b00c901 10004 100 72153 2017652099 47691278 10018732
0b000e01 0b00c401 10005 100 9751 2017749821 47623735 10013498
0b000401 0b00c001 10000 100 5522 2006234803 59183846 10013144
0b000401 0b00c501 10006 100 49614 2016262155 49195220 10016841
0b000201 0b00ca01 10002 100 2506497 2018132835 47354055 10222826
0b000901 0b00ce01 10001 100 76114 2008321298 57286530 10019064
0b000e01 0b00ca01 10001 100 1815285 2008908293 56729555 10164876
0b000c01 0b00ce01 10008 100 1683 2016797711 48877438 10012822
0b000b01 0b00c801 10001 100 70701 2016519805 49220929 10018608
0b000301 0b00c801 10003 100 44457 2017320010 48424352 10016409
0b000f01 0b00c101 10005 100 71163 2026547732 39293504 10018649
0b000601 0b00c301 10001 100 14268 2026826389 39031043 10013879
0b000e01 0b00c801 10001 100 1741001 2006397075 59460390 10158649
0b000c01 0b00ca01 10006 100 76908 2025798147 40120694 10019128
0b000701 0b00c401 10000 100 14249 2026952021 39008498 10013877
0b000e01 0b00c701 10004 100 111432 2016461585 49633428 10022024
0b000801 0b00c701 10004 100 29179 2017819402 48383056 10015129
0b000601 0b00cd01 10007 100 58205 2028570511 37682932 10017562
0b000b01 0b00c101 10000 100 363872 2015947648 50373260 10043187
0b000f01 0b00cb01 10002 100 79954 2017591695 48755855 10019383
0b000b01 0b00c001 10001 100 4609 2009509550 56877651 10013067
0b000601 0b00c901 10001 100 67334 2018596132 47833973 10018327
0b000801 0b00c001 10001 100 9404 2009887555 56561825 10013470
0b000f01 0b00c601 10001 100 21968 2010288923 56202254 10014521
0b000d01 0b00cf01 10002 100 3399 2010323345 56197347 10012967
0b000f01 0b00cc01 10003 100 9429 2018796452 47735953 10013472
0b000a01 0b00c901 10001 100 5373 2018668498 47985645 10013132
0b000a01 0b00c801 10004 100 37419 2018336383 48318026 10015819
0b000e01 0b00c101 10002 100 4474 2028724565 37937799 10013057
0b000d01 0b00cf01 10004 100 1413 2018335591 48330858 10012800
0b000801 0b00ca01 10001 100 29711 2018979936 47740402 10015172
0b000801 0b00cb01 10001 100 1133123 2009268210 57466894 10107684
0b000201 0b00c501 10003 100 47409 2010245450 56497453 10016657
0b000d01 0b00c301 10001 100 100058 2017894978 48863345 10021072
0b000e01 0b00ca01 10004 100 14170 2028781361 37996950 10013871
0b000101 0b00c801 10001 100 1653201 2021577324 45221734 10151287
0b000601 0b00cb01 10003 100 1182320 2014939518 51862310 10111808
0b000201 0b00cd01 10006 100 80510 2028208181 38678733 10019431
0b000401 0b00ce01 10004 100 1298 2019317481 47620041 10012791
0b000701 0b00c101 10002 100 139863 2016834368 50110999 10024406
0b000901 0b00c101 10001 100 4548259 2016570757 50400866 10394008
0b000201 0b00c801 10004 100 21560 2018519353 48469716 10014489
0b000001 0b00c001 10002 100 22670 2010989089 56035782 10014581
0b000e01 0b00ca01 10002 100 49892 2018228172 48814373 10016863
0b000b01 0b00c601 10003 100 20171 2019162773 47880621 10014374
0b000001 0b00c901 10001 100 69087 2028007952 39047873 10018475
0b000701 0b00c301 10001 100 2110520 2010505208 56591325 10189627
0b000901 0b00c801 10000 100 47601 2030274774 36823752 10016672
0b000601 0b00ca01 10000 100 19713 2009780244 57318420 10014333
0b000101 0b00c201 10005 100 34539 2028267735 38853476 10015577
0b000f01 0b00c901 10000 100 33538 2007277418 59847501 10015493
0b000201 0b00cd01 10004 100 3199 2019145897 48034803 10012951
0b000401 0b00c601 10000 100 1940 2018260317 48983398 10012842
0b000101 0b00ce01 10003 100 6623 2019461203 47809481 10013236
0b000701 0b00c501 10002 100 145913 2017079626 50352151 10024913
0b000601 0b00c601 10000 100 3200940 2006102115 61334626 10281047
0b000d01 0b00ca01 10002 100 3640731 2005376247 62065808 10317919
0b000601 0b00ce01 10006 100 8172 2028434403 39019751 10013368
0b000f01 0b00c201 10004 100 27225 2019180152 48310528 10014965
0b000c01 0b00c001 10005 100 36106 2028844968 38656635 10015710
0b000c01 0b00c301 10005 100 879 2029695209 37858722 10012754
0b000601 0b00c301 10000 100 6528 2019969371 47598009 10013229
0b000101 0b00cf01 10001 100 1430 2019816319 47784519 10012802
0b000501 0b00c101 10005 100 75471 2018736720 48870143 10019009
0b000b01 0b00cc01 10003 100 25061 2019843733 47835654 10014784
0b000401 0b00ca01 10004 100 113949 2019422152 48289124 10022233
0b000f01 0b00c301 10004 100 43081 2028869058 38874749 10016295
0b000201 0b00ce01 10002 100 50619 2019207485 48634613 10016925
0b000101 0b00cd01 10002 100 2154976 2011037979 56814285 10193353
0b000f01 0b00cf01 10003 100 6732 2019824934 48059741 10013245
0b000a01 0b00c301 10002 100 45092 2019729163 48222469 10016464
0b000f01 0b00c601 10000 100 183922 2009928270 58031273 10028100
0b000f01 0b00c001 10000 100 66747 2011612631 56352399 10018277
0b000501 0b00ce01 10000 100 4481456 2011508032 56501800 10388407
0b000901 0b00ce01 10003 100 50109 2020291477 47734162 10016884
0b000701 0b00cb01 10005 100 1946910 2013781091 54256954 10175909
0b000301 0b00cc01 10002 100 44014 2020525757 47574911 10016373
0b000801 0b00c601 10001 100 591 2010610830 57519900 10012731
0b000101 0b00c601 10005 100 19574 2029630313 38532960 10014322
0b000301 0b00c501 10001 100 13682 2029650730 38529793 10013828
0b000901 0b00c801 10001 100 48105 2031384858 36900691 10016716
0b000501 0b00c901 10002 100 7671 2009696622 58608668 10013324
0b000101 0b00c701 10003 100 54658 2019958014 48363966 10017263
0b000f01 0b00c501 10001 100 4422 2020239629 48097886 10013052
0b000601 0b00c601 10003 100 523 2019840080 48575352 10012725
0b000401 0b00c501 10002 100 2900693 2007384990 61061376 10255875
0b000e01 0b00c801 10008 100 37948 2030097705 38360182 10015861
0b000501 0b00ce01 10006 100 62576 2029237676 39241880 10017928
0b000501 0b00c101 10006 100 73521 2019679902 48826727 10018845
0b000101 0b00c301 10002 100 123093 2019917738 48601287 10023003
0b000701 0b00cc01 10003 100 25363 2020122956 48446669 10014808
0b000501 0b00cc01 10004 100 27521 2020598343 47998594 10014989
0b000a01 0b00c101 10000 100 523383 2018170696 50448068 10056562
0b000c01 0b00c501 10000 100 193206 2018218420 50448872 10028881
0b000e01 0b00ca01 10003 100 51917 2020266062 48407526 10017033
0b000b01 0b00c401 10004 100 331831 2029362326 39334184 10040501
0b000701 0b00cf01 10001 100 45137 2020468405 48309578 10016467
0b000801 0b00cb01 10002 100 1947930 2010446744 58389354 10175994
0b000b01 0b00cd01 10004 100 59766 2028305841 40538378 10017691
0b000901 0b00c401 10000 100 28646 2020388754 48463598 10015083
0b000e01 0b00c801 10003 100 53531 2008299511 60628963 10017169
0b000d01 0b00c601 10003 100 29013 2020613899 48319347 10015116
0b000e01 0b00c501 10004 100 32412 2020847971 48142255 10015399
0b000201 0b00cc01 10002 100 50128 2021293782 47706832 10016886
0b000201 0b00ce01 10005 100 78588 2030940734 38109982 10019270
0b000101 0b00c601 10002 100 8578 2020279287 48780598 10013400
0b000c01 0b00ce01 10005 100 37958 2012489314 56589590 10015862
0b000001 0b00ce01 10001 100 9641 2021482565 47615730 10013489
0b000a01 0b00c401 10004 100 14548 2029202066 39929381 10013901
0b000701 0b00cb01 10004 100 69516 2010955824 58187706 10018510
0b000b01 0b00c501 10000 100 4204177 2009475796 59674326 10365161
0b000b01 0b00cf01 10002 100 6747 2011810534 57352229 10013246
0b000501 0b00c001 10001 100 19182 2020870711 48350830 10014291
0b000801 0b00c001 10002 100 47752 2011806072 57534772 10016684
0b000201 0b00c401 10002 100 67235 2020667052 48778895 10018319
0b000b01 0b00cd01 10001 100 10147 2021168465 48292979 10013534
0b000d01 0b00c501 10003 100 443653 2017946098 51544326 10049877
0b000501 0b00ce01 10002 100 9363 2021147939 48349825 10013467
0b000e01 0b00cb01 10000 100 35258 2011830492 57786540 10015638
0b000b01 0b00c601 10004 100 14568 2029746224 39887902 10013903
0b000e01 0b00c401 10002 100 73326 2011686425 58007697 10018830
0b000f01 0b00c201 10003 100 1729772 2011950264 57784802 10157704
0b000d01 0b00cd01 10002 100 1607897 2011158235 58630718 10147486
0b000601 0b00cf01 10000 100 2020 2011500342 58302333 10012853
0b000901 0b00c601 10001 100 43496 2012805864 57047186 10016328
0b000801 0b00c001 10003 100 124112 2012898766 56994463 10023088
0b000a01 0b00c201 10003 100 192822 2011841226 58107341 10028846
0b000301 0b00c601 10002 100 453074 2017709521 52274552 10050669
0b000301 0b00cd01 10004 100 27947 2032221895 37795555 10015023
0b000601 0b00c701 10000 100 4403115 2009465687 60600598 10381840
0b000d01 0b00c601 10002 100 21806 2009868114 60211654 10014508
0b000801 0b00c001 10004 100 67837 2021763605 48340582 10018368
0b000d01 0b00c401 10003 100 54902 2031476727 38705054 10017283
0b000a01 0b00c401 10003 100 53948 2012574777 57614469 10017203
0b000c01 0b00c801 10004 100 26755 2031685702 38508729 10014924
0b000601 0b00ce01 10002 100 24268 2022010145 48198994 10014717
0b000601 0b00c201 10002 100 8180 2012820630 57493649 10013368
0b000701 0b00c701 10009 100 46079 2030497420 39856990 10016546
0b000801 0b00ca01 10002 100 594046 2020656971 49707553 10062488
0b000f01 0b00cc01 10002 100 66681 2013293931 57117334 10018271
0b000c01 0b00cf01 10004 100 4162 2032041599 38402382 10013032
0b000201 0b00c501 10004 100 85749 2013937675 56511853 10019870
0b000c01 0b00c701 10006 100 120570 2029606998 40853500 10022790
0b000a01 0b00cc01 10004 100 25731 2033327622 37144684 10014838
0b000e01 0b00c701 10002 100 38614 2010069397 60484224 10015918
0b000001 0b00ce01 10006 100 17113 2031638236 38955864 10014118
0b000201 0b00ce01 10006 100 20546 2031737811 38909178 10014404
0b000701 0b00c701 10005 100 63969 2012198350 58506530 10018043
0b000801 0b00c401 10000 100 46815 2013502952 57237933 10016605
0b000401 0b00cd01 10003 100 53799 2021793603 48971136 10017191
0b000301 0b00cc01 10003 100 43786 2022894056 47923605 10016351
0b000501 0b00c801 10001 100 23730 2012256453 58605428 10014670
0b000f01 0b00c601 10003 100 9143 2013864418 57038888 10013449
0b000901 0b00cb01 10001 100 2248853 2020212494 50737976 10201224
0b000501 0b00c701 10003 100 9628 2023042961 47950241 10013488
0b000e01 0b00c101 10004 100 42634 2032201834 38801769 10016255
0b000d01 0b00c601 10001 100 789766 2008770009 62253641 10078894
0b000601 0b00ce01 10007 100 75727 2031272539 39770715 10019030
0b000b01 0b00c001 10003 100 1743955 2010192144 60935551 10158893
0b000501 0b00c501 10002 100 64802 2012704525 58501679 10018113
0b000b01 0b00c501 10005 100 73621 2023630411 47600962 10018853
0b000a01 0b00cc01 10001 100 28068 2023587657 47707359 10015036
0b000401 0b00c901 10004 100 126494 2022156879 49214960 10023287
0b000401 0b00cf01 10007 100 1544 2034901253 36484071 10012811
0b000201 0b00cf01 10005 100 64630 2032222234 39247497 10018100
0b000e01 0b00c501 10002 100 7683 2014435290 57072669 10013325
0b000501 0b00c201 10000 100 23382 2023418590 48089685 10014642
0b000401 0b00c601 10001 100 298466 2020760409 50751072 10037705
0b000f01 0b00c901 10004 100 130011 2032545181 38989368 10023583
0b000401 0b00c501 10007 100 25593 2023190216 48396523 10014827
0b000201 0b00c801 10005 100 64384 2032403401 39204975 10018080
0b000f01 0b00c801 10003 100 5785 2023077792 48552555 10013165
0b000201 0b00c101 10004 100 35371 2023952536 47708832 10015647
0b000501 0b00c401 10003 100 156350 2034187221 37477166 10025790
0b000e01 0b00c501 10005 100 23496 2023778425 47888998 10014651
0b000501 0b00cc01 10002 100 5136 2013870049 57889522 10013113
0b000901 0b00c901 10002 100 6484 2024475337 47303248 10013225
0b000101 0b00c001 10003 100 144529 2022017181 49926948 10024799
0b000f01 0b00cc01 10001 100 2173439 2010336473 61658250 10194903
0b000e01 0b00c701 10003 100 9560 2012001276 60058024 10013483
0b000801 0b00ce01 10005 100 158322 2031794667 40349993 10025956
0b000801 0b00c001 10006 100 21820 2023159124 48988075 10014510
0b000a01 0b00c901 10004 100 39715 2024755385 47426092 10016010
0b000c01 0b00cd01 10002 100 54131 2022577103 49622274 10017221
0b000601 0b00c901 10003 100 107969 2023279512 48987572 10021732
0b000c01 0b00cb01 10005 100 76216 2033104352 39233890 10019072
0b000101 0b00c501 10005 100 44381 2034869367 37491013 10016403
0b000601 0b00c601 10004 100 783916 2021814035 50659176 10078403
0b000601 0b00cd01 10004 100 5120690 2008808978 63667414 10441999
0b000501 0b00c001 10002 100 41546 2023714920 48775513 10016164
0b000801 0b00cb01 10004 100 111186 2035381344 37139532 10022004
0b000701 0b00ce01 10006 100 47299 2034868200 37668675 10016648
0b000901 0b00c401 10001 100 1766897 2022595014 50026835 10160817
0b000201 0b00ce01 10003 100 238294 2022345834 50300732 10032661
0b000401 0b00c201 10007 100 32907 2035699214 36956746 10015439
0b000401 0b00c301 10001 100 71101 2024216220 48479672 10018644
0b000901 0b00cd01 10001 100 5222 2013369937 59345247 10013120
0b000701 0b00cf01 10002 100 27538 2024837375 47922094 10014990
0b000e01 0b00c801 10006 100 23799 2025000439 47778686 10014676
0b000301 0b00cc01 10001 100 946575 2014413015 58719142 10092042
0b000201 0b00cd01 10003 100 6614 2014189630 58995820 10013236
0b000001 0b00cc01 10002 100 593773 2027604351 45678959 10062462
0b000401 0b00c501 10005 100 70609 2014468823 58852052 10018601
0b000501 0b00c801 10005 100 9573 2024493327 48860529 10013484
0b000601 0b00c201 10003 100 4925 2015979204 57384891 10013093
0b000801 0b00c301 10000 100 1154260 2020776285 52608954 10109456
0b000701 0b00c301 10005 100 112653 2031624899 41795502 10022126
0b000201 0b00cd01 10002 100 1208618 2011837604 61592289 10114012
0b000201 0b00cb01 10003 100 33423 2024119622 49322217 10015484
0b000601 0b00cf01 10003 100 25721 2033573386 39913638 10014837
0b000e01 0b00c101 10005 100 43500 2035278095 38237199 10016328
0b000e01 0b00cd01 10007 100 8295 2035664311 37874116 10013378
0b000601 0b00c601 10007 100 55453 2036330502 37287592 10017331
0b000f01 0b00ca01 10002 100 39831 2013835944 59802746 10016020
0b000e01 0b00c601 10002 100 53061 2014223905 59447210 10017132
0b000201 0b00c201 10001 100 4176302 2006511533 67243684 10362823
0b000f01 0b00c401 10000 100 22452 2024879691 48966902 10014564
0b000301 0b00c401 10004 100 57917 2036617694 37273087 10017536
0b000401 0b00c201 10001 100 877534 2010121294 63824875 10086254
0b000101 0b00c701 10002 100 3201 2014575497 59379385 10012951
0b000301 0b00cd01 10002 100 9847 2014251714 59737203 10013506
0b000801 0b00cc01 10001 100 27133 2014194935 59808098 10014958
0b000601 0b00cb01 10004 100 7230 2015336399 58692817 10013289
0b000101 0b00cb01 10001 100 34689 2024819657 49229201 10015589
0b000901 0b00c001 10007 100 6652 2037348881 36722216 10013239
0b000501 0b00c801 10002 100 67301 2015042740 59071808 10018325
0b000001 0b00c001 10005 100 671431 2027266528 46849469 10068974
0b000501 0b00ca01 10003 100 79640 2025852523 48280259 10019358
0b000401 0b00c201 10005 100 2805 2025503878 48699486 10012915
0b000a01 0b00cd01 10006 100 61088 2034028376 40277678 10017805
0b000301 0b00c601 10003 100 29193 2025071512 49356233 10015130
0b000701 0b00ce01 10003 100 5395 2027106521 47504974 10013134
0b000f01 0b00c301 10003 100 18785 2026638688 48024120 10014255
0b000801 0b00c101 10000 100 4176698 2012840827 61840495 10362855
0b000101 0b00c201 10004 100 10670 2025998212 48697727 10013575
0b000f01 0b00c801 10004 100 21282 2035921935 38789239 10014467
0b000f01 0b00cb01 10004 100 56826 2025380528 49345161 10017444
0b000101 0b00c601 10003 100 22274 2026141727 48623208 10014550
0b000e01 0b00c601 10003 100 11396 2015427317 59347169 10013637
0b000e01 0b00c701 10005 100 807140 2020554426 54249225 10080353
0b000a01 0b00cf01 10002 100 6351 2015166787 59708457 10013214
0b000501 0b00cd01 10004 100 14765 2017322743 57596686 10013918
0b000401 0b00c201 10002 100 42326 2015538327 59395473 10016231
0b000901 0b00c501 10005 100 44113 2035346484 39619155 10016381
0b000901 0b00ca01 10002 100 229551 2024478907 50494898 10031927
0b000a01 0b00cc01 10006 100 37193 2034659909 40356394 10015801
0b000c01 0b00cd01 10004 100 20225 2026710623 48352127 10014378
0b000b01 0b00cf01 10005 100 2227 2028427483 46651473 10012869
0b000e01 0b00c601 10007 100 444 2036314249 38766411 10012719
0b000901 0b00c001 10003 100 5275 2028527727 46572633 10013125
0b000101 0b00cf01 10005 100 23858 2038265188 36846853 10014680
0b000001 0b00c801 10002 100 2551467 2011952989 63167420 10226597
0b000801 0b00ca01 10003 100 352131 2027107541 48062227 10042206
0b000b01 0b00cd01 10005 100 29520 2028403202 46789556 10015156
0b000d01 0b00c501 10002 100 71713 2017310033 57919581 10018693
0b000a01 0b00c301 10001 100 107109 2017009586 58254955 10021663
0b000901 0b00c701 10000 100 1059323 2024682455 50636942 10101496
0b000a01 0b00ca01 10007 100 3391 2038344958 36992427 10012966
0b000701 0b00cc01 10004 100 8662 2035268433 40187815 10013407
0b000201 0b00c601 10003 100 1490157 2020833702 54630967 10137618
0b000601 0b00c601 10005 100 27857 2026463752 49056632 10015016
0b000701 0b00c401 10001 100 11220 2028099250 47489896 10013623
0b000801 0b00c101 10001 100 74918 2017701940 57916603 10018961
0b000301 0b00c701 10005 100 22213 2027496431 48135102 10014545
0b000301 0b00ce01 10001 100 77637 2025662285 50006199 10019190
0b000201 0b00cf01 10002 100 162703 2017249502 58424806 10026322
0b000e01 0b00cf01 10003 100 1696467 2014912607 60762647 10154913
0b000f01 0b00c201 10002 100 1428281 2009419587 66277745 10132429
0b000f01 0b00cc01 10004 100 86702 2036910757 38795854 10019950
0b000101 0b00c501 10006 100 48168 2035787508 39958121 10016721
0b000c01 0b00cd01 10005 100 4848 2027135765 48691119 10013087
0b000d01 0b00cc01 10003 100 821033 2027515408 48335188 10081519
0b000001 0b00c001 10003 100 549080 2015636103 60226995 10058718
0b000701 0b00c401 10002 100 811 2028311013 47555406 10012748
0b000201 0b00cc01 10005 100 4629 2036200324 39687654 10013069
0b000101 0b00ce01 10004 100 662199 2022976450 53045899 10068201
0b000801 0b00c401 10003 100 2121425 2021429648 54664498 10190542
0b000e01 0b00cf01 10004 100 1714114 2021937072 54173261 10156394
0b000701 0b00c801 10006 100 23075 2026839551 49281400 10014618
0b000601 0b00ce01 10004 100 28071 2027009646 49113209 10015037
0b000601 0b00c801 10002 100 55985 2016810893 59312386 10017373
0b000701 0b00cb01 10011 100 57038 2038144529 38081554 10017465
0b000a01 0b00c801 10003 100 35899 2017287824 58942329 10015690
0b000001 0b00cb01 10004 100 110092 2026685990 49564610 10021913
0b000901 0b00ca01 10003 100 1580507 2033905695 42347026 10145191
0b000a01 0b00cb01 10001 100 4310574 2004552152 71707215 10374080
0b000601 0b00c801 10005 100 13281 2039670453 36593966 10013796
0b000201 0b00c301 10002 100 326290 2026910478 49355244 10040038
0b000c01 0b00c801 10003 100 17386 2027059578 49212108 10014140
0b000c01 0b00c901 10001 100 140793 2016779265 59494197 10024484
0b000b01 0b00c501 10006 100 73001 2028839814 47501293 10018804
0b000801 0b00c101 10005 100 65746 2036387496 39963823 10018193
0b000601 0b00c601 10002 100 4494 2017393552 59013165 10013058
0b000a01 0b00cb01 10006 100 99704 2025602081 50813947 10021040
0b000601 0b00c101 10002 100 26504 2027390673 49034395 10014904
0b000601 0b00c101 10004 100 6857 2027722879 48760288 10013255
0b000d01 0b00cd01 10003 100 1374236 2017933623 58592532 10127898
0b000301 0b00c701 10003 100 1301114 2014854263 61752912 10121768
0b000301 0b00c201 10003 100 45673 2027849316 48759411 10016510
0b000101 0b00c301 10003 100 59609 2027345278 49273522 10017679
0b000701 0b00c401 10003 100 28307 2029082301 47607108 10015055
0b000801 0b00c801 10001 100 9669 2026809021 49881588 10013491
0b000a01 0b00c001 10000 100 64070 2038179458 38514717 10018055
0b000401 0b00cf01 10005 100 28772 2018858129 57845814 10015093
0b000401 0b00c401 10006 100 2256 2027480161 49227921 10012872
0b000701 0b00ce01 10004 100 9140 2029013470 47797328 10013449
0b000901 0b00c601 10002 100 78899 2026791811 50069976 10019295
0b000b01 0b00c301 10001 100 909 2018946679 57971674 10012756
0b000901 0b00cf01 10005 100 20085 2037240875 39680276 10014367
0b000f01 0b00c701 10002 100 2734 2018377665 58616573 10012910
0b000c01 0b00c301 10003 100 14455 2027857941 49142372 10013894
0b000901 0b00cf01 10002 100 7977 2019027909 58017396 10013348
0b000101 0b00c501 10002 100 14019 2028803690 48317938 10013859
0b000a01 0b00cd01 10003 100 5080 2019125250 57997368 10013109
0b000901 0b00cf01 10003 100 31536 2019114608 58033594 10015325
0b000f01 0b00cd01 10000 100 1924739 2013904933 63287182 10174051
0b000201 0b00ce01 10004 100 24137 2028952617 48265281 10014706
0b000d01 0b00cc01 10000 100 939458 2013553495 63671931 10091446
0b000001 0b00cb01 10002 100 73141 2018946103 58363006 10018815
0b000601 0b00cc01 10002 100 1081774 2014139354 63191453 10103376
0b000a01 0b00cb01 10000 100 9139316 2004330366 73039299 10778922
0b000501 0b00c601 10002 100 8433 2018593797 58812860 10013389
0b000501 0b00c001 10000 100 79669 2018294829 59123214 10019360
0b000701 0b00c001 10005 100 38826 2039992804 37439573 10015935
0b000c01 0b00c201 10005 100 427668 2020769253 56771392 10048536
0b000101 0b00cf01 10000 100 11635 2019334712 58239847 10013656
0b000a01 0b00c101 10001 100 4488 2018800896 58805428 10013058
0b000201 0b00cb01 10005 100 28939 2040924404 36709317 10015106
0b000301 0b00cb01 10007 100 42198 2040286182 37348036 10016220
0b000801 0b00cb01 10005 100 5694 2038588772 39055619 10013158
0b000b01 0b00cc01 10005 100 3293 2027602675 50043521 10012958
0b000601 0b00ce01 10005 100 74804 2027877747 49783326 10018952
0b000601 0b00c901 10005 100 67848 2027903815 49765457 10018368
0b000e01 0b00c101 10001 100 1904477 2015490321 62226283 10172353
0b000301 0b00c401 10003 100 21034 2019443418 58295841 10014447
0b000801 0b00c401 10005 100 7396 2027511642 50236947 10013302
0b000801 0b00c401 10007 100 507883 2034886060 42897672 10055261
0b000101 0b00cf01 10004 100 41790 2029324438 48479325 10016184
0b000b01 0b00c401 10003 100 22636 2019315431 58531978 10014579
0b000a01 0b00cf01 10004 100 60925 2039548603 38316817 10017788
0b000801 0b00c601 10004 100 31781 2040142611 37726091 10015345
0b000901 0b00c101 10002 100 498611 2019073289 58839428 10054485
0b000a01 0b00cd01 10002 100 1193241 2013110177 64817322 10112724
0b000d01 0b00c301 10002 100 60773 2019622990 58458595 10017776
0b000a01 0b00c301 10005 100 10432 2040433372 37683110 10013556
0b000a01 0b00ce01 10004 100 34362 2038445298 39705944 10015563
0b000001 0b00cc01 10003 100 66336 2029032616 49168698 10018244
0b000c01 0b00ce01 10015 100 79490 2037824459 40404804 10019346
0b000301 0b00cf01 10002 100 428237 2016268612 61974185 10048586
0b000001 0b00c101 10001 100 2810016 2015100648 63198783 10248275
0b000e01 0b00c201 10001 100 1492840 2010778204 67557723 10137840
0b000401 0b00c001 10002 100 2726541 2010699869 67771253 10241274
0b000f01 0b00cd01 10005 100 579064 2033180825 45293648 10061232
0b000d01 0b00cd01 10006 100 26518 2030283140 48271925 10014905
0b000801 0b00c401 10006 100 9566 2031845536 46741185 10013483
0b000901 0b00c201 10002 100 493870 2029872500 48724091 10054086
0b000601 0b00c501 10004 100 26102 2029048368 49621776 10014871
0b000a01 0b00ce01 10000 100 226423 2025816343 52952650 10031665
0b000801 0b00c601 10003 100 863462 2033779465 45013622 10085074
0b000c01 0b00cb01 10004 100 14960 2029886395 48922732 10013934
0b000d01 0b00cb01 10002 100 23637 2030156814 48653453 10014663
0b000d01 0b00cd01 10005 100 807723 2023578263 55250007 10080400
0b000801 0b00c801 10000 100 1215707 2025798924 53060692 10114606
0b000001 0b00ce01 10003 100 231278 2028664694 50201034 10032073
0b000401 0b00c901 10002 100 45516 2020588517 58277220 10016497
0b000201 0b00cb01 10004 100 147818 2030028439 48846050 10025073
0b000901 0b00c201 10001 100 1274003 2024086339 54798156 10119496
0b000401 0b00c401 10005 100 6149 2020898261 58018274 10013198
0b000101 0b00c201 10003 100 1247799 2022036009 56996749 10117296
0b000101 0b00c401 10006 100 199631 2037010962 42111124 10029418
0b000201 0b00c701 10002 100 7700 2021712829 57421052 10013326
0b000601 0b00cd01 10010 100 25258 2042384871 36826920 10014800
0b000c01 0b00cf01 10003 100 21302 2030356926 48871129 10014468
0b000401 0b00c501 10009 100 1932 2031845557 47416680 10012842
0b000401 0b00ce01 10008 100 105806 2030835728 48477009 10021551
0b000d01 0b00c001 10003 100 479078 2026709792 52607193 10052849
0b000901 0b00cf01 10001 100 3370549 2016978469 62400194 10295268
0b000701 0b00c501 10004 100 426782 2026974861 52453374 10048462
0b000d01 0b00c601 10004 100 42052 2021021528 58429434 10016209
0b000501 0b00c801 10006 100 29454 2029511351 49947727 10015151
0b000501 0b00c101 10008 100 25966 2029530289 49928962 10014857
0b000b01 0b00cf01 10003 100 59622 2021232381 58235601 10017680
0b000501 0b00c501 10001 100 7279802 2008001358 71472777 10623019
0b000e01 0b00cf01 10002 100 1761211 2009957990 69533242 10160342
0b000801 0b00c101 10002 100 3686 2021494032 58004530 10012990
0b000c01 0b00c601 10003 100 56468 2020320953 59208629 10017416
0b000901 0b00c301 10002 100 740251 2019958608 59619988 10074745
0b000f01 0b00c301 10002 100 1158575 2013463620 66145062 10109816
0b000e01 0b00c801 10010 100 74008 2040858728 38752422 10018888
0b000e01 0b00c701 10006 100 635000 2025676014 53991521 10065918
0b000501 0b00cd01 10003 100 3525685 2015284647 64387459 10308274
0b000001 0b00c001 10006 100 4066 2030984466 48696330 10013024
0b000b01 0b00ca01 10004 100 1715432 2012882765 66823564 10156504
0b000601 0b00c501 10005 100 2608 2029979629 49741690 10012900
0b000301 0b00c801 10004 100 26704 2031666545 48058433 10014920
0b000f01 0b00cd01 10004 100 73284 2030414528 49355431 10018826
0b000701 0b00c601 10003 100 43668 2020929648 58874247 10016342
0b000501 0b00cc01 10005 100 2387 2021751976 58202131 10012882
0b000e01 0b00c601 10004 100 3812 2031266637 48707215 10013000
0b000c01 0b00cf01 10002 100 57489 2021033570 58968698 10017501
0b000001 0b00c901 10002 100 38667 2031989482 48054019 10015923
0b000d01 0b00c401 10002 100 65171 2021067722 58982389 10018147
0b000d01 0b00c501 10004 100 9370 2022077331 57986808 10013468
0b000001 0b00c401 10002 100 131750 2041975319 38163472 10023726
0b000701 0b00c101 10005 100 18036 2043279597 36870742 10014195
0b000c01 0b00c201 10008 100 27771 2031583341 48568262 10015009
0b000901 0b00c501 10003 100 24869 2022069833 58101710 10014765
0b000501 0b00c001 10003 100 10684 2030881581 49294352 10013576
0b000501 0b00c501 10008 100 32766 2033768326 46478073 10015428
0b000601 0b00ce01 10008 100 65174 2032906414 47341770 10018147
0b000001 0b00cc01 10006 100 47028 2043072083 37183681 10016626
0b000a01 0b00ca01 10005 100 28509 2032846444 47413962 10015072
0b000c01 0b00c201 10006 100 496510 2021989335 58323327 10054309
0b000501 0b00c901 10003 100 9262 2031033648 49325674 10013459
0b000b01 0b00c601 10005 100 10392 2031048021 49339223 10013553
0b000e01 0b00cb01 10003 100 2743 2032524583 47914083 10012910
0b000f01 0b00c101 10006 100 6224 2031656680 48834152 10013204
0b000901 0b00c301 10005 100 173614 2033288326 47281915 10027237
0b000d01 0b00cf01 10005 100 26502 2022569647 58020415 10014903
0b000501 0b00c101 10003 100 1118788 2016707128 63887617 10106480
0b000801 0b00c201 10004 100 70414 2042111095 38484854 10018585
0b000c01 0b00c201 10007 100 76725 2030909160 49692000 10019113
0b000601 0b00c501 10003 100 3943657 2019984482 60629744 10343317
0b000c01 0b00c901 10002 100 591792 2020942183 59745475 10062296
0b000e01 0b00c701 10008 100 68277 2031517862 49214896 10018407
0b000101 0b00c401 10007 100 142566 2038540091 42196495 10024634
0b000301 0b00c201 10007 100 77058 2039196223 41550262 10019144
0b000101 0b00c701 10006 100 38120 2039952029 40799487 10015879
0b000101 0b00c401 10004 100 324609 2029295158 51488939 10039896
0b000701 0b00cb01 10007 100 320646 2019485422 61301440 10039564
0b000201 0b00ce01 10007 100 7246 2032231121 48572372 10013290
0b000c01 0b00c701 10005 100 5227 2022214191 58597142 10013121
0b000001 0b00ce01 10005 100 60073 2031564829 49248079 10017720
0b000301 0b00c901 10007 100 73770 2032167277 48725964 10018865
0b000501 0b00c601 10003 100 41926 2030924849 49981044 10016195
0b000701 0b00cd01 10003 100 21560 2022824475 58151836 10014489
0b000601 0b00c901 10002 100 28021 2023148096 57925880 10015033
0b000401 0b00c201 10000 100 4049502 2007117959 73975532 10352192
0b000c01 0b00ce01 10013 100 41127 2032326054 48804097 10016131
0b000301 0b00c501 10002 100 10294 2032374116 48757745 10013545
0b000b01 0b00c501 10004 100 1821760 2021306261 59901424 10165417
0b000901 0b00cf01 10004 100 1568 2031689207 49544714 10012813
0b000101 0b00cc01 10003 100 618664 2028395311 52866310 10064550
0b000601 0b00c401 10004 100 306651 2029760403 51628393 10038390
0b000501 0b00ca01 10002 100 22716 2023234066 58190803 10014585
0b000801 0b00c001 10010 100 8371 2042576187 38873383 10013384
0b000b01 0b00c701 10002 100 661 2024404093 57048860 10012736
0b000401 0b00ce01 10005 100 170311 2021426266 60058710 10026961
0b000501 0b00ca01 10000 100 7661624 2005894706 75602072 10655032
0b000901 0b00c401 10002 100 158948 2031679585 49832275 10026006
0b000e01 0b00c401 10006 100 185165 2022366342 59197632 10028207
0b000001 0b00c001 10007 100 73205 2031722701 49882603 10018820
0b000c01 0b00c001 10006 100 42118 2032242060 49471720 10016214
0b000301 0b00ca01 10006 100 21770 2033441502 48324955 10014506
0b000201 0b00ca01 10005 100 30904 2033511723 48275830 10015271
0b000f01 0b00c501 10002 100 25506 2024114498 57686844 10014820
0b000801 0b00c401 10004 100 3666147 2026776805 55043348 10320053
0b000901 0b00c201 10003 100 26457 2032014839 49874106 10014900
0b000d01 0b00ce01 10007 100 23642 2034018005 47916117 10014663
0b000601 0b00c601 10006 100 847734 2032644971 49316120 10083755
0b000501 0b00c301 10004 100 449039 2035487515 46519320 10050331
0b000301 0b00cb01 10005 100 5105 2033184127 48896230 10013111
0b000a01 0b00c701 10005 100 44086 2034629998 47499955 10016379
0b000e01 0b00cc01 10000 100 1961780 2010782246 71370914 10177156
0b000d01 0b00cb01 10005 100 26843 2033544926 48616816 10014931
0b000a01 0b00cb01 10004 100 1139892 2021550729 60632297 10108248
0b000a01 0b00ce01 10003 100 35121 2032215925 49969238 10015627
0b000c01 0b00c301 10004 100 902143 2028253685 53971249 10088318
0b000f01 0b00c201 10005 100 62174 2032702326 49582851 10017895
0b000101 0b00c401 10005 100 8471 2033030938 49277015 10013392
0b000a01 0b00c301 10003 100 32033 2023283864 59040770 10015369
0b000101 0b00cc01 10005 100 220667 2038920876 43436997 10031182
0b000301 0b00ca01 10007 100 28397 2044922394 37460582 10015063
0b000701 0b00c501 10003 100 7618 2023801247 58610084 10013320
0b000a01 0b00c901 10002 100 1587417 2023424732 59026653 10145771
0b000401 0b00c201 10003 100 693849 2024130559 58341968 10070852
0b000401 0b00ce01 10009 100 24133 2045424026 37235631 10014706
0b000701 0b00c301 10003 100 885985 2016415684 66245115 10086961
0b000f01 0b00cf01 10006 100 39764 2033253917 49457642 10016014
0b000001 0b00c001 10004 100 1082 2023634352 59126558 10012774
0b000001 0b00c701 10003 100 1044216 2024886565 57948756 10100230
0b000201 0b00cf01 10003 100 58490 2025227716 57609715 10017585
0b000e01 0b00c501 10000 100 4797000 2007389612 75497068 10414860
0b000f01 0b00cf01 10005 100 85918 2033015949 49877125 10019883
0b000301 0b00c301 10002 100 23003 2033317413 49607843 10014612
0b000301 0b00c701 10008 100 277560 2041288242 41647082 10035952
0b000801 0b00cd01 10001 100 19957 2026095354 56849910 10014353
0b000901 0b00c001 10002 100 56536 2025775360 57181328 10017421
0b000801 0b00c801 10005 100 14961 2044730487 38247834 10013934
0b000801 0b00ce01 10006 100 106887 2035749818 47249216 10021641
0b000f01 0b00c901 10006 100 35889 2042917468 40092323 10015689
0b000e01 0b00c601 10006 100 44581 2034842558 48220842 10016419
0b000b01 0b00ce01 10002 100 129942 2034873403 48225443 10023574
0b000401 0b00c001 10007 100 2154 2042434840 40697690 10012863
0b000c01 0b00c801 10005 100 50280 2042557030 40601138 10016898
0b000101 0b00cd01 10005 100 39547 2045692455 37501122 10015997
0b000801 0b00ca01 10005 100 33913 2035818529 47394353 10015523
0b000f01 0b00c801 10002 100 1633100 2012868543 70382591 10149602
0b000d01 0b00cc01 10002 100 28364 2024267154 58987190 10015060
0b000d01 0b00cd01 10008 100 75864 2044410839 38981099 10019040
0b000701 0b00ca01 10003 100 40350 2032888108 50643948 10016065
0b000701 0b00cf01 10007 100 51584 2045148952 38423440 10017006
0b000a01 0b00c701 10004 100 1628147 2020553751 63021353 10149187
0b000a01 0b00cc01 10005 100 15266 2033937706 49664938 10013962
0b000e01 0b00c501 10007 100 6872 2034472269 49149688 10013256
0b000001 0b00c401 10004 100 24582 2042969085 40664366 10014742
0b000401 0b00cc01 10001 100 8580 2046427755 37217138 10013400
0b000d01 0b00ce01 10008 100 3517 2035279928 48369814 10012976
0b000001 0b00cd01 10001 100 555937 2029636197 54043629 10059290
0b000101 0b00cf01 10002 100 14469 2025866949 57853052 10013895
0b000701 0b00c301 10007 100 27444 2037154587 46607043 10014983
0b000501 0b00ce01 10005 100 32184 2025954454 57825088 10015381
0b000c01 0b00cd01 10006 100 52626 2045402173 38412181 10017093
0b000a01 0b00cf01 10003 100 15298 2024285730 59543552 10013965
0b000001 0b00ca01 10003 100 49452 2036688236 47175322 10016828
0b000001 0b00c001 10008 100 499 2046822721 37064604 10012723
0b000101 0b00cb01 10005 100 549737 2042390870 41536858 10058770
0b000301 0b00ce01 10002 100 26791 2037040242 46916941 10014926
0b000a01 0b00c101 10006 100 48867 2044967730 39028323 10016777
0b000a01 0b00c301 10004 100 113608 2026453862 57631318 10022206
0b000801 0b00c901 10000 100 42038 2027599013 56488010 10016208
0b000b01 0b00c901 10004 100 20811 2037120798 46968638 10014425
0b000701 0b00c901 10000 100 20953 2033246472 50892194 10014436
0b000f01 0b00c301 10005 100 472510 2040706201 43456872 10052297
0b000d01 0b00ce01 10004 100 6657 2026194153 57970988 10013239
0b000f01 0b00cd01 10002 100 1919719 2018580642 65608197 10173630
0b000401 0b00c201 10004 100 20022 2025196579 59006463 10014362
0b000c01 0b00cd01 10003 100 6537 2026297224 57914354 10013229
0b000401 0b00c201 10006 100 7759 2025510232 58721796 10013331
0b000201 0b00c101 10005 100 21046 2046896804 37355508 10014448
0b000401 0b00c901 10007 100 57308 2035673639 48650265 10017487
0b000601 0b00c501 10006 100 10978 2033749704 50577103 10013600
0b000001 0b00cf01 10005 100 58734 2034428400 49901075 10017605
0b000101 0b00c001 10008 100 203770 2041701923 42667714 10029764
0b000d01 0b00c901 10001 100 1142983 2017421495 66959890 10108507
0b000a01 0b00c101 10002 100 522006 2029192113 55225202 10056448
0b000501 0b00ce01 10007 100 28823 2034167356 50273566 10015097
0b000901 0b00c501 10004 100 68562 2024373423 60068363 10018429
0b000001 0b00cf01 10006 100 64980 2036426215 48028592 10018128
0b000f01 0b00c401 10003 100 19585 2035596405 48897808 10014323
0b000b01 0b00cb01 10001 100 602993 2021432225 63074131 10063234
0b000401 0b00c601 10003 100 54718 2033020620 51520450 10017268
0b000301 0b00cf01 10005 100 750795 2029516877 55068852 10075627
0b000f01 0b00c001 10005 100 5228 2046805844 37785835 10013121
0b000301 0b00c501 10004 100 146938 2035720820 48877538 10024999
0b000301 0b00ca01 10005 100 22198 2025410048 59194852 10014544
0b000601 0b00cc01 10006 100 1330476 2026787661 57826050 10124229
0b000001 0b00ce01 10011 100 20784 2047324462 37371871 10014423
0b000c01 0b00c501 10002 100 59340 2024841912 59867039 10017657
0b000a01 0b00c501 10001 100 14757 2045546070 39190941 10013918
0b000101 0b00c601 10007 100 1507 2034949698 49845137 10012808
0b000401 0b00cf01 10006 100 936 2034034624 50801047 10012758
0b000801 0b00c901 10001 100 10775 2037977708 46871298 10013584
0b000701 0b00cb01 10008 100 79509 2024998521 59865794 10019347
0b000501 0b00c201 10001 100 7140 2025886214 58998637 10013281
0b000a01 0b00ce01 10002 100 405655 2031505049 53400533 10046691
0b000501 0b00c101 10012 100 40342 2043959826 41135312 10016064
0b000001 0b00c201 10004 100 3193004 2016100789 69038675 10280385
0b000101 0b00cb01 10002 100 1107659 2028126000 57026255 10105547
0b000c01 0b00c301 10006 100 67812 2034895128 50368268 10018366
0b000001 0b00c101 10004 100 167206 2033692582 51575094 10026701
0b000801 0b00cb01 10003 100 163600 2027871967 57414991 10026397
0b000b01 0b00c901 10003 100 25019 2028364777 56941450 10014781
0b000901 0b00c001 10001 100 2444842 2024583639 60726812 10217656
0b000401 0b00cb01 10002 100 235209 2034844480 50518517 10032402
0b000f01 0b00c701 10004 100 2536 2037000839 48414455 10012894
0b000f01 0b00c101 10007 100 12507 2036585101 48883729 10013730
0b000a01 0b00cb01 10009 100 5281 2046321364 39250132 10013125
0b000601 0b00c401 10002 100 19936 2026656727 59190511 10014351
0b000d01 0b00c801 10004 100 2621 2038097522 47761982 10012901
0b000401 0b00c701 10002 100 107281 2033776797 52312549 10021677
0b000601 0b00c501 10002 100 3702077 2016548042 69580351 10323065
0b000f01 0b00c501 10000 100 3943579 2006493284 79644994 10343311
0b000f01 0b00c401 10004 100 77976 2036896444 49257035 10019217
0b000201 0b00cc01 10003 100 2339516 2027094742 59122324 10208826
0b000801 0b00c201 10001 100 490051 2028478348 57759969 10053769
0b000501 0b00c001 10007 100 69587 2048150382 38128061 10018515
0b000201 0b00ce01 10008 100 16570 2045451304 40874706 10014070
0b000f01 0b00c901 10002 100 167675 2025891431 60516571 10026739
0b000d01 0b00c801 10002 100 59603 2027810785 58636493 10017678
0b000601 0b00cf01 10007 100 30784 2049011704 37499647 10015261
0b000701 0b00c301 10006 100 150 2035778177 50734747 10012695
0b000401 0b00c301 10005 100 68260 2048292580 38236244 10018405
0b000801 0b00c001 10013 100 5181 2047183635 39354409 10013117
0b000a01 0b00c601 10000 100 3364446 2012283567 74285925 10294757
0b000401 0b00c901 10000 100 5815528 2005628704 80976813 10500255
0b000901 0b00c901 10003 100 2235542 2030807438 55841547 10200109
0b000b01 0b00cf01 10007 100 52282 2046530452 40149015 10017066
0b000701 0b00c401 10004 100 9625 2038929568 47751979 10013488
0b000601 0b00cb01 10006 100 6882 2029092346 57635777 10013257
0b000b01 0b00c701 10003 100 266710 2033736742 52994116 10035042
0b000101 0b00c801 10002 100 1611763 2024107503 62645223 10147811
0b000701 0b00cf01 10006 100 46424 2038627210 48136947 10016574
0b000a01 0b00c701 10008 100 21049 2048177872 38593024 10014448
0b000601 0b00c101 10003 100 48770 2027687188 59103219 10016769
0b000001 0b00cf01 10003 100 69634 2027430111 59393503 10018519
0b000b01 0b00cd01 10006 100 190922 2034757507 52082431 10028687
0b000101 0b00c001 10006 100 851301 2037693260 49212939 10084055
0b000101 0b00c001 10010 100 17416 2046451709 40525619 10014142
0b000d01 0b00ce01 10005 100 25894 2028066007 59006622 10014851
0b000801 0b00c301 10001 100 871887 2025132519 62019644 10085779
0b000901 0b00c601 10003 100 2640 2037684432 49473209 10012902
0b000901 0b00c001 10005 100 548885 2035549683 51647521 10058698
0b000901 0b00c101 10003 100 3559447 2023794538 63460160 10311106
0b000a01 0b00ce01 10001 100 495444 2031306068 55960006 10054220
0b000401 0b00c901 10006 100 64639 2035564249 51719428 10018100
0b000f01 0b00c501 10004 100 73814 2038340075 48960940 10018869
0b000c01 0b00c301 10007 100 33448 2039052691 48254111 10015486
0b000301 0b00c701 10002 100 1306070 2014734493 72595291 10122184
0b000f01 0b00c401 10002 100 28237 2028862383 58467405 10015050
0b000f01 0b00c101 10009 100 11712 2049678459 37663868 10013663
0b000501 0b00c801 10012 100 33604 2050155018 37251302 10015498
0b000901 0b00cd01 10002 100 165511 2029479401 57943005 10026558
0b000301 0b00c901 10008 100 29094 2040068665 47381477 10015122
0b000201 0b00c401 10004 100 232595 2038868186 48587053 10032182
0b000101 0b00c401 10003 100 640261 2024289315 63177111 10066362
0b000501 0b00c801 10007 100 1080901 2033270164 54230548 10103303
0b000101 0b00cb01 10003 100 160340 2035863044 51640691 10026125
0b000001 0b00ce01 10008 100 32577 2040439222 47074064 10015412
0b000101 0b00cf01 10003 100 296068 2026625097 61000146 10037505
0b000b01 0b00c301 10002 100 3225 2037800439 49913380 10012953
0b000501 0b00ce01 10004 100 846949 2025837360 61878135 10083688
0b000201 0b00c701 10003 100 101065 2040849356 46881730 10021156
0b000701 0b00c001 10006 100 5492 2040152657 47628620 10013142
0b000e01 0b00c301 10004 100 87532 2045866123 41916914 10020020
0b000501 0b00c701 10002 100 4630802 2009730852 78056006 10400927
0b000001 0b00ce01 10007 100 21502 2037550872 50255223 10014484
0b000401 0b00c401 10007 100 70643 2035509214 52341602 10018604
0b000f01 0b00cd01 10008 100 27260 2049882852 37984630 10014968
0b000601 0b00cf01 10002 100 41320 2028563966 59341450 10016146
0b000301 0b00c601 10004 100 747538 2036276164 51678703 10075355
0b000a01 0b00cb01 10008 100 51260 2030074228 57928025 10016980
0b000d01 0b00c701 10002 100 28732 2029016039 59085222 10015089
0b000e01 0b00c701 10009 100 90626 2039303242 48847408 10020279
0b000101 0b00c501 10003 100 28009 2029664507 58532810 10015032
0b000e01 0b00c101 10007 100 3377 2050629600 37568012 10012965
0b000e01 0b00c401 10007 100 1340599 2024828223 63395740 10125077
0b000101 0b00ce01 10005 100 227 2051031356 37198808 10012702
0b000901 0b00c801 10003 100 36349 2040119057 48134282 10015730
0b000f01 0b00c001 10004 100 13443 2038850742 49468356 10013809
0b000401 0b00c201 10008 100 63741 2036788153 51540613 10018025
0b000701 0b00c101 10004 100 7395 2037930133 50451723 10013302
0b000201 0b00cc01 10006 100 36588 2050635451 37784484 10015749
0b000001 0b00c101 10002 100 62928 2029703925 58747890 10017956
0b000b01 0b00c001 10004 100 635840 2026488871 62075020 10065989
0b000201 0b00ca01 10007 100 181229 2040275976 48339132 10027877
0b000001 0b00c601 10003 100 28413 2041669076 46969058 10015064
0b000d01 0b00cb01 10003 100 747328 2030981478 57746465 10075338
0b000c01 0b00cd01 10008 100 27027 2048042677 40686724 10014949
0b000001 0b00cf01 10007 100 60682 2041790944 46958357 10017768
0b000501 0b00c301 10007 100 8936 2051474009 37367880 10013429
0b000201 0b00c701 10005 100 51342 2050758940 38083678 10016987
0b000401 0b00c801 10000 100 2548401 2012460895 76395503 10226340
0b000401 0b00cd01 10007 100 2071 2047896941 40997709 10012857
0b000f01 0b00cf01 10007 100 1976 2041448232 47448696 10012845
0b000901 0b00c201 10004 100 66141 2040022183 48936304 10018228
0b000301 0b00c801 10005 100 58800 2037728701 51239737 10017610
0b000901 0b00c901 10004 100 4971 2040123122 48851620 10013096
0b000901 0b00c401 10007 100 75073 2050492934 38524016 10018977
0b000b01 0b00c201 10003 100 22514 2032041802 57043079 10014569
0b000501 0b00c101 10009 100 1436318 2031844750 57249483 10133103
0b000701 0b00c601 10006 100 1545 2048523589 40644865 10012811
0b000601 0b00cf01 10005 100 39607 2041526653 47727153 10016002
0b000901 0b00cb01 10002 100 35388 2028691114 60580679 10015649
0b000501 0b00cf01 10003 100 225137 2044917034 44383640 10031558
0b000801 0b00c401 10009 100 10508 2049641149 39693270 10013562
0b000901 0b00c401 10003 100 2977 2032448238 56977892 10012929
0b000301 0b00cf01 10007 100 7548 2042415506 47015810 10013314
0b000301 0b00c301 10003 100 169200 2036759716 52672194 10026868
0b000901 0b00c401 10006 100 35766 2049802232 39645353 10015679
0b000101 0b00c901 10001 100 10671 2048864480 40634706 10013575
0b000301 0b00c201 10004 100 854756 2029245620 60264900 10084343
0b000501 0b00c501 10004 100 49736 2029680378 59971423 10016850
0b000f01 0b00ce01 10003 100 6739 2041976362 47676823 10013246
0b000a01 0b00c801 10005 100 133255 2049442361 40288533 10023854
0b000b01 0b00cd01 10002 100 604001 2025526773 64206101 10063323
0b000b01 0b00c501 10007 100 458010 2034211539 55524027 10051083
0b000c01 0b00c701 10009 100 29145 2048798719 40938026 10015126
0b000701 0b00ce01 10007 100 70564 2047506117 42340346 10018597
0b000901 0b00cc01 10005 100 3619 2051704131 38153005 10012984
0b000701 0b00c801 10008 100 7269 2042511594 47380045 10013292
0b000801 0b00cf01 10002 100 26215 2041765974 48162171 10014880
0b000701 0b00ca01 10002 100 63188 2031897002 58112878 10017980
0b000801 0b00c801 10004 100 829754 2044652135 45372540 10082247
0b000901 0b00c701 10001 100 1350854 2038155564 51893331 10125936
0b000a01 0b00c701 10007 100 5647 2041163667 48897967 10013154
0b000101 0b00cc01 10006 100 1640607 2043384340 46684042 10150230
0b000901 0b00c801 10004 100 7666 2041414126 48689771 10013324
0b000f01 0b00c401 10005 100 29857 2041969149 48135196 10015183
0b000201 0b00c201 10005 100 135114 2050828134 39311880 10024011
0b000401 0b00c301 10003 100 1212 2042549981 47595295 10012784
0b000701 0b00c001 10007 100 19679 2043251711 46898746 10014331
0b000901 0b00c301 10004 100 46080 2029675457 60475347 10016546
0b000701 0b00cf01 10009 100 24983 2052505338 37679561 10014774
0b000801 0b00c801 10002 100 14911 2030051196 60134932 10013930
0b000601 0b00c401 10005 100 179704 2040342416 49854144 10027747
0b000101 0b00c101 10002 100 749174 2035544140 54652512 10075493
0b000a01 0b00c201 10006 100 63357 2041162649 49046077 10017994
0b000001 0b00c101 10003 100 6588 2031036834 59175766 10013233
0b000c01 0b00ce01 10010 100 1627919 2022806280 67422753 10149165
0b000101 0b00c901 10002 100 3836 2049356251 40887625 10013002
0b000c01 0b00ca01 10011 100 189777 2049136751 41181294 10028591
0b000201 0b00c001 10001 100 67909 2030993041 59335644 10018373
0b000501 0b00c501 10005 100 46727 2030394471 59994598 10016598
0b000d01 0b00cf01 10007 100 709008 2031302548 59092646 10072127
0b000e01 0b00c801 10012 100 5774 2042776807 47693813 10013164
0b000a01 0b00cf01 10005 100 41634 2042112706 48442141 10016172
0b000801 0b00c001 10008 100 27014 2041609239 48985613 10014948
0b000e01 0b00c101 10003 100 27609 2031799105 58825493 10014996
0b000801 0b00c201 10005 100 808735 2045297693 45369710 10080485
0b000301 0b00ca01 10004 100 1137378 2019660389 71118975 10108040
0b000901 0b00c201 10005 100 7558 2043069170 47872618 10013315
0b000c01 0b00c401 10003 100 26928 2042678752 48291125 10014937
0b000b01 0b00cf01 10006 100 10499 2033862892 57195313 10013562
0b000401 0b00c601 10006 100 8462 2050314980 40746234 10013391
0b000d01 0b00cb01 10004 100 22994 2032032966 59082042 10014607
0b000d01 0b00c301 10007 100 31840 2043017961 48171944 10015350
0b000601 0b00c501 10007 100 21591 2040316659 50955763 10014491
0b000a01 0b00c901 10006 100 73885 2051994729 39318794 10018874
0b000401 0b00c601 10004 100 63733 2039257453 52062832 10018024
0b000001 0b00cf01 10009 100 14315 2050369901 40955654 10013882
0b000c01 0b00c201 10009 100 41653 2042728755 48648002 10016173
0b000201 0b00cd01 10012 100 2903 2053842980 37534926 10012923
0b000001 0b00ce01 10014 100 31695 2050128807 41287894 10015338
0b000f01 0b00c301 10006 100 42948 2043077030 48350027 10016280
0b000501 0b00c501 10007 100 77453 2031186003 60291227 10019175
0b000901 0b00c601 10004 100 82684 2042878627 48604724 10019613
0b000301 0b00c201 10010 100 44901 2050163732 41352084 10016444
0b000701 0b00c701 10007 100 2056124 2015545857 75971184 10185068
0b000101 0b00cb01 10006 100 28079 2044338478 47191785 10015037
0b000f01 0b00c601 10005 100 4651 2043868003 47794595 10013071
0b000201 0b00c901 10005 100 5070649 2018070947 73613512 10437804
0b000f01 0b00ca01 10004 100 42384 2053436431 38273439 10016235
0b000501 0b00c301 10003 100 140 2034688173 57058049 10012695
0b000f01 0b00c401 10006 100 6932 2042127375 49636306 10013261
0b000501 0b00ca01 10004 100 1448538 2034900368 56938904 10134127
0b000a01 0b00c701 10006 100 1021974 2037028471 54882021 10098362
0b000d01 0b00cb01 10006 100 184608 2041344366 50624471 10028159
0b000101 0b00c101 10003 100 528845 2035804360 56172016 10057018
0b000501 0b00cc01 10008 100 54263 2040770537 51227013 10017232
0b000501 0b00c001 10005 100 39206 2041166098 50873508 10015970
0b000301 0b00c801 10008 100 37572 2050715579 41379437 10015831
0b000501 0b00c301 10002 100 29814 2034687169 57438775 10015180
0b000501 0b00c101 10010 100 28879 2034741127 57385809 10015101
0b000e01 0b00c501 10008 100 28614 2051139243 41018530 10015080
0b000c01 0b00ce01 10019 100 102872 2049794646 42388576 10021305
0b000801 0b00c701 10007 100 57272 2052129960 40171216 10017484
0b000901 0b00ce01 10005 100 56591 2052336543 40012104 10017426
0b000201 0b00c001 10005 100 195143 2052312230 40047495 10029044
0b000501 0b00c801 10010 100 60889 2044505770 47896270 10017785
0b000701 0b00cb01 10010 100 65040 2033977772 58438610 10018136
0b000101 0b00c601 10006 100 1238725 2033456392 59012350 10116535
0b000801 0b00c101 10003 100 2233657 2027998767 64502417 10199951
0b000d01 0b00cc01 10008 100 70904 2050852217 41664382 10018624
0b000101 0b00cd01 10004 100 19955 2041828708 50724232 10014353
0b000801 0b00c001 10012 100 25363 2044214511 48388028 10014808
0b000101 0b00c001 10004 100 1753005 2022299655 70339148 10159655
0b000101 0b00c001 10007 100 41275 2041661429 51050572 10016143
0b000301 0b00c701 10007 100 74606 2041113167 51684583 10018936
0b000a01 0b00cf01 10006 100 170994 2042195099 50609422 10027016
0b000201 0b00c401 10005 100 85258 2041385878 51439269 10019830
0b000101 0b00c801 10003 100 1708743 2026474659 66361102 10155942
0b000f01 0b00ce01 10006 100 31629 2054869946 38005978 10015333
0b000601 0b00c201 10005 100 116622 2040114195 52775736 10022459
0b000e01 0b00c301 10003 100 29416 2034100420 58820628 10015148
0b000b01 0b00ce01 10004 100 372641 2046543084 46406307 10043923
0b000001 0b00c201 10006 100 74975 2034205182 58759817 10018966
0b000001 0b00c801 10003 100 133618 2033836850 59215379 10023884
0b000101 0b00c701 10004 100 1543677 2023129460 69937419 10142103
0b000f01 0b00cc01 10005 100 1136 2045426878 47668459 10012778
0b000901 0b00c401 10005 100 5288 2044996774 48215015 10013126
0b000301 0b00c801 10006 100 12883 2045726387 47491574 10013760
0b000001 0b00c301 10003 100 4030 2035555398 57713559 10013021
0b000e01 0b00ce01 10002 100 316739 2039189186 54209688 10039236
0b000e01 0b00cd01 10009 100 2267 2043871708 49527588 10012872
0b000401 0b00c401 10008 100 774 2042977855 50438012 10012745
0b000101 0b00c001 10009 100 18154 2042865582 50551034 10014205
0b000701 0b00ce01 10005 100 152470 2030851000 62681139 10025465
0b000301 0b00ce01 10003 100 79237 2045362266 48195841 10019326
0b000501 0b00ce01 10009 100 58451 2045609286 48031253 10017582
0b000a01 0b00c101 10005 100 954578 2041243268 52437072 10092713
0b000901 0b00c101 10006 100 68781 2044235937 49451726 10018447
0b000c01 0b00c601 10006 100 4828 2053404952 40324999 10013085
0b000001 0b00c201 10007 100 60074 2042373589 51414000 10017720
0b000601 0b00ca01 10003 100 6381 2046836242 46978086 10013217
0b000901 0b00cc01 10006 100 18522 2054122331 39732549 10014234
0b000001 0b00c301 10005 100 86275 2054785589 39079941 10019916
0b000f01 0b00ce01 10002 100 785615 2037063075 56808488 10078547
0b000f01 0b00cb01 10006 100 8362 2044030938 49860979 10013383
0b000301 0b00c501 10003 100 50384 2033790627 60122206 10016906
0b000301 0b00c601 10005 100 495223 2039175773 54768027 10054202
0b000b01 0b00c501 10008 100 47723 2036052728 57912225 10016682
0b000201 0b00c501 10006 100 805495 2043506609 50504991 10080214
0b000901 0b00c101 10004 100 3426979 2032955193 61060810 10299998
0b000b01 0b00c801 10002 100 68603 2044864934 49204605 10018433
0b000401 0b00c301 10007 100 1241 2053536927 40656280 10012786
0b000101 0b00cc01 10007 100 8381 2053737182 40472212 10013385
0b000701 0b00ce01 10009 100 5653 2053471041 40761698 10013155
0b000d01 0b00ce01 10009 100 100661 2055247817 39009372 10021120
0b000c01 0b00ce01 10007 100 1724219 2016244503 78028422 10157241
0b000301 0b00c701 10004 100 1906432 2023307069 70983222 10172517
0b000701 0b00cc01 10005 100 49492 2035767960 58538972 10016831
0b000501 0b00c501 10009 100 43946 2036952938 57456753 10016364
0b000701 0b00c201 10003 100 23146 2037241246 57182168 10014623
0b000101 0b00c601 10004 100 1879896 2026486198 67982775 10170290
0b000901 0b00cc01 10003 100 3345517 2034074871 60459657 10293170
0b000b01 0b00cd01 10007 100 53394 2044648142 49900969 10017158
0b000101 0b00cd01 10003 100 71050 2036566459 57985540 10018640
0b000c01 0b00c001 10004 100 1150768 2026032563 68549120 10109161
0b000101 0b00c701 10005 100 3291755 2031366119 63276418 10288661
0b000f01 0b00cd01 10007 100 472445 2041098451 53620556 10052291
0b000c01 0b00c401 10002 100 9907 2035316122 59426079 10013510
0b000901 0b00c301 10006 100 81976 2037198624 57545721 10019552
0b000c01 0b00c301 10009 100 578380 2044231667 50576573 10061173
0b000501 0b00c701 10004 100 50030 2033727368 61103399 10016878
0b000101 0b00cb01 10007 100 2683 2047754069 47108641 10012906
0b000701 0b00cc01 10007 100 21242 2043919460 50944664 10014463
0b000601 0b00c001 10000 100 34976 2037670209 57225721 10015612
0b000201 0b00c601 10004 100 29511 2047535534 47444016 10015156
0b000701 0b00cc01 10009 100 31698 2053613438 41369182 10015338
0b000801 0b00c701 10006 100 13582 2046553224 48432391 10013820
0b000901 0b00c501 10006 100 3204906 2039637497 55386468 10281379
0b000f01 0b00c701 10005 100 6166 2045114981 49919528 10013200
0b000101 0b00ce01 10006 100 1219875 2051974278 43136266 10114954
0b000c01 0b00c001 10003 100 1901870 2023228007 71926522 10172133
0b000201 0b00c301 10003 100 41107 2047955857 47265737 10016129
0b000c01 0b00cf01 10006 100 64363 2046731212 48540858 10018078
0b000c01 0b00ce01 10002 100 3825878 2006565786 88710400 10333442
0b000801 0b00cf01 10004 100 130693 2054365520 40960117 10023638
0b000901 0b00cb01 10007 100 62300 2056717873 38662362 10017905
0b000301 0b00c201 10008 100 44480 2044241984 51143796 10016411
0b000901 0b00cf01 10007 100 34118 2055959017 39460734 10015543
0b000a01 0b00c401 10008 100 525 2046331793 49097262 10012725
0b000501 0b00c701 10006 100 1490123 2037491108 57940534 10137615
0b000b01 0b00c601 10009 100 3723 2046252251 49214316 10012993
0b000e01 0b00c601 10010 100 22174 2045244015 50232127 10014542
0b000601 0b00cc01 10010 100 27359 2047973224 47555984 10014976
0b000201 0b00cd01 10007 100 68677 2035077605 60482502 10018439
0b000901 0b00c001 10004 100 653745 2032768497 62847181 10067490
0b000f01 0b00ca01 10003 100 2410431 2026176216 69455225 10214772
0b000d01 0b00c701 10006 100 61838 2044735057 50908470 10017865
0b000d01 0b00cf01 10006 100 931392 2026095558 69570214 10090770
0b000a01 0b00ca01 10009 100 24357 2055732304 40025503 10014724
0b000a01 0b00cb01 10010 100 850 2046849089 48958115 10012751
0b000301 0b00c001 10001 100 39921 2038132243 57679619 10016027
0b000001 0b00c301 10002 100 29660 2035372370 60454089 10015168
0b000b01 0b00cb01 10005 100 49417 2045927972 49964780 10016825
0b000c01 0b00c101 10007 100 3161 2048374793 47536218 10012948
0b000401 0b00c101 10005 100 2507 2055218308 40720061 10012892
0b000e01 0b00c901 10002 100 18751 2048134838 47835897 10014253
0b000901 0b00cd01 10005 100 76049 2056211128 39769664 10019059
0b000901 0b00ce01 10007 100 28955 2057553631 38472126 10015107
0b000301 0b00c201 10009 100 23383 2048820005 47224960 10014642
0b000001 0b00cf01 10008 100 21350 2044760258 51285081 10014472
0b000301 0b00c801 10007 100 45241 2048762351 47283342 10016475
0b000601 0b00ca01 10004 100 54096 2048171223 47889548 10017218
0b000701 0b00cb01 10012 100 51567 2054241606 41820345 10017005
0b000401 0b00ce01 10010 100 445261 2046267585 49852682 10050013
0b000501 0b00c501 10003 100 3817923 2019982519 76139668 10332774
0b000101 0b00c501 10007 100 123713 2044182066 51946835 10023053
0b000f01 0b00c701 10003 100 1635377 2021604990 74539485 10149792
0b000401 0b00cf01 10009 100 9914 2058541749 37666336 10013511
0b000a01 0b00cc01 10009 100 26946 2047660431 48627529 10014939
0b000b01 0b00c001 10006 100 8050 2047876856 48471522 10013358
0b000101 0b00c401 10002 100 2507308 2023951108 72416844 10222895
0b000001 0b00c601 10004 100 45959 2057959169 38437476 10016533
0b000e01 0b00c801 10013 100 65673 2045289578 51140707 10018187
0b000301 0b00cd01 10006 100 52487 2048905480 47650720 10017082
0b000f01 0b00c601 10007 100 8322 2048790568 47785644 10013380
0b000c01 0b00c801 10006 100 178302 2046104843 50481938 10027631
0b000201 0b00c901 10007 100 1560678 2029493382 67121341 10143528
0b000301 0b00cf01 10006 100 46267 2038860586 57848724 10016561
0b000901 0b00c101 10007 100 7276 2058400542 38328852 10013292
0b000901 0b00c201 10007 100 26965 2058308894 38432963 10014940
0b000a01 0b00cc01 10003 100 1020783 2033208517 63562386 10098263
0b000601 0b00cd01 10011 100 3342 2056168870 40617605 10012962
0b000b01 0b00ce01 10005 100 49989 2047731946 49100865 10016871
0b000401 0b00c801 10002 100 29602 2039621163 57227896 10015163
0b000501 0b00c501 10010 100 115708 2038722173 58185851 10022382
0b000501 0b00c801 10008 100 1930859 2034058040 62890697 10174563
0b000601 0b00cf01 10006 100 3357 2046392761 50556058 10012963
0b000c01 0b00c301 10010 100 51142 2046115890 50842018 10016971
0b000601 0b00cc01 10009 100 46922 2045786741 51202815 10016614
0b000101 0b00ca01 10005 100 8334 2049996011 47005544 10013381
0b000301 0b00cd01 10001 100 3441553 2011648656 85366453 10301221
0b000501 0b00c101 10011 100 38197 2035490476 61526882 10015885
0b000701 0b00c201 10002 100 141571 2033016877 64011840 10024550
0b000701 0b00c901 10001 100 73745 2034464943 62607132 10018863
0b000601 0b00c401 10006 100 127400 2047996527 49089860 10023363
0b000701 0b00c201 10001 100 500403 2028433124 68675194 10054636
0b000101 0b00cd01 10006 100 582802 2053877795 43261256 10061542
0b000901 0b00cd01 10006 100 436540 2056828258 40325777 10049281
0b000b01 0b00ce01 10006 100 42564 2048076046 49078284 10016250
0b000f01 0b00ce01 10004 100 3389 2049834179 47359998 10012966
0b000801 0b00c801 10003 100 6722 2037136067 60140376 10013244
0b000901 0b00c801 10002 100 10677 2037103096 60178450 10013576
0b000d01 0b00ca01 10005 100 3297 2037900628 59388409 10012959
0b000501 0b00cd01 10006 100 32293 2059653385 37728776 10015390
0b000b01 0b00c701 10004 100 8150 2048107778 49285439 10013366
0b000601 0b00cc01 10007 100 1439704 2031362484 66124366 10133385
0b000101 0b00c301 10004 100 2508 2037430413 60072783 10012892
0b000601 0b00c901 10009 100 27470 2059391198 38168421 10014985
0b000401 0b00c501 10012 100 27240 2046167526 51402718 10014966
0b000901 0b00c401 10004 100 1372577 2042013741 55605173 10127758
0b000401 0b00c501 10011 100 5426 2036673484 60948019 10013137
0b000a01 0b00c401 10010 100 136485 2047383797 50272234 10024124
0b000a01 0b00ca01 10006 100 1016134 2034233592 63434314 10097876
0b000e01 0b00c201 10006 100 171489 2046613021 51082972 10027059
0b000301 0b00cb01 10002 100 3961336 2008271371 89441017 10344800
0b000c01 0b00c701 10008 100 23074 2047469249 50272851 10014618
0b000b01 0b00cb01 10002 100 2382346 2024598097 73147705 10212418
0b000c01 0b00c901 10004 100 306334 2051899083 45866822 10038365
0b000601 0b00c201 10004 100 13033 2040021685 57746271 10013776
0b000801 0b00c201 10002 100 1965971 2034724235 63057833 10177507
0b000501 0b00cf01 10006 100 1455 2047275189 50536829 10012804
0b000b01 0b00c701 10006 100 18858 2049426121 48430406 10014261
0b000a01 0b00c401 10011 100 2080 2048655248 49220511 10012857
0b000e01 0b00ca01 10006 100 529348 2045061920 52857156 10057063
0b000701 0b00c101 10006 100 40921 2046077324 51861651 10016111
0b000301 0b00c201 10011 100 4301 2050854925 47127578 10013043
0b000801 0b00c201 10010 100 30135 2058452055 39548233 10015209
0b000801 0b00cb01 10007 100 57288 2049387868 48657858 10017485
0b000801 0b00cc01 10005 100 2973 2059790374 38323915 10012929
0b000201 0b00cd01 10010 100 45510 2050413584 47712819 10016497
0b000201 0b00c401 10003 100 58415 2036957275 61214961 10017579
0b000b01 0b00c101 10003 100 159807 2036226817 61952314 10026078
0b000701 0b00ce01 10008 100 73897 2049296471 48904293 10018875
0b000501 0b00c301 10006 100 4830 2051246984 46959257 10013085
0b000601 0b00c401 10007 100 156672 2048858405 49354846 10025816
0b000001 0b00ce01 10015 100 6148 2051316713 46964501 10013198
0b000701 0b00c901 10003 100 9198 2050645590 47698154 10013454
0b000901 0b00c501 10007 100 29823 2049127642 49242067 10015181
0b000301 0b00c001 10003 100 9635 2047572184 50877274 10013489
0b000e01 0b00c001 10003 100 21580 2050525261 47939430 10014490
0b000b01 0b00cf01 10008 100 7265 2049075207 49400407 10013291
0b000401 0b00c701 10001 100 1871387 2027990066 70542083 10169579
0b000e01 0b00c801 10014 100 33609 2047945893 50648175 10015499
0b000c01 0b00ce01 10016 100 18352 2038815817 59787156 10014221
0b000701 0b00c601 10005 100 4283 2037797584 60805675 10013041
0b000e01 0b00c401 10009 100 80193 2049362742 49241369 10019406
0b000201 0b00c001 10003 100 10570 2048054374 50555021 10013567
0b000501 0b00cf01 10004 100 63467 2046726727 51883563 10018003
0b000301 0b00cb01 10008 100 72802 2047170556 51466559 10018784
0b000501 0b00c601 10005 100 27774 2037698397 60943950 10015009
0b000501 0b00c601 10007 100 18951 2051301889 47403804 10014269
0b000901 0b00cc01 10007 100 32710 2060180401 38538087 10015423
0b000a01 0b00c801 10007 100 57889 2049856945 48889386 10017533
0b000f01 0b00c601 10008 100 150696 2048816827 50046442 10025315
0b000801 0b00c501 10003 100 24052 2049342364 49597973 10014700
0b000a01 0b00c801 10006 100 83670 2049737373 49236438 10019696
0b000101 0b00c601 10008 100 29099 2038076408 60944364 10015123
0b000301 0b00c701 10010 100 41199 2058299797 40731419 10016137
0b000401 0b00c301 10002 100 559111 2032222147 66809144 10059559
0b000d01 0b00cc01 10005 100 141222 2038937642 60133527 10024523
0b000c01 0b00c701 10010 100 8725 2048992585 50083077 10013412
0b000c01 0b00c701 10007 100 620724 2029932835 69174702 10064722
0b000d01 0b00c401 10005 100 8811 2039573996 59606020 10013419
0b000801 0b00c401 10010 100 8353 2049833750 49370623 10013382
0b000501 0b00ce01 10008 100 48802 2041571266 57716513 10016772
0b000201 0b00ca01 10006 100 74975 2037863073 61425844 10018966
0b000d01 0b00c701 10004 100 99086 2038394122 60935661 10020990
0b000301 0b00c301 10005 100 940 2052012792 47341096 10012759
0b000a01 0b00cc01 10011 100 30095 2059461306 39908023 10015206
0b000d01 0b00c601 10006 100 30023 2051438391 47959139 10015200
0b000901 0b00cc01 10004 100 280 2050050823 49415424 10012706
0b000101 0b00cc01 10004 100 3047486 2028963054 70594086 10268183
0b000801 0b00ce01 10009 100 810776 2051130721 48438283 10080656
0b000c01 0b00c001 10007 100 14622 2051944623 47635863 10013907
0b000e01 0b00c401 10008 100 35285 2048774839 50832140 10015641
0b000a01 0b00ca01 10004 100 564223 2031276540 68359778 10059987
0b000901 0b00cb01 10004 100 14525 2050232797 49459920 10013899
0b000a01 0b00c301 10006 100 14896 2051851523 47848507 10013929
0b000f01 0b00c401 10008 100 79961 2048177238 51574480 10019384
0b000601 0b00ca01 10005 100 77431 2048217805 51680753 10019174
0b000c01 0b00c901 10006 100 40435 2062250612 37653336 10016072
0b000301 0b00c101 10006 100 74267 2060866244 39043187 10018909
0b000801 0b00c001 10014 100 115821 2050673882 49241215 10022391
0b000201 0b00c301 10005 100 612691 2053037552 46892968 10064049
0b000701 0b00cd01 10004 100 123541 2049783923 50166588 10023039
0b000d01 0b00c701 10005 100 54902 2041230527 58728376 10017283
0b000e01 0b00c001 10004 100 49256 2051589760 48492950 10016812
0b000201 0b00c301 10001 100 3743455 2021178449 79011247 10326533
0b000901 0b00c601 10005 100 687247 2057428192 42802814 10070301
0b000501 0b00cc01 10007 100 30005 2038935995 61318536 10015199
0b000501 0b00c401 10006 100 45910 2052849799 47603009 10016529
0b000101 0b00c701 10008 100 79966 2053175545 47409568 10019384
0b000801 0b00cd01 10004 100 2736 2062336673 38287482 10012910
0b000601 0b00c801 10004 100 853173 2037727473 62926274 10084213
0b000101 0b00cf01 10007 100 27258 2060929336 39725086 10014968
0b000701 0b00c501 10006 100 36082 2052846800 47816220 10015708
0b000a01 0b00c201 10004 100 3054137 2018446058 82218431 10268742
0b000a01 0b00c001 10001 100 39112 2041857460 58837158 10015962
0b000801 0b00ce01 10008 100 77303 2050362054 50334936 10019163
0b000901 0b00ce01 10006 100 844212 2056983188 43749222 10083461
0b000f01 0b00cd01 10011 100 44062 2062606302 38143788 10016377
0b000e01 0b00c701 10010 100 15227 2050324606 50429653 10013959
0b000701 0b00c401 10006 100 63021 2048603840 52173796 10017967
0b000601 0b00c101 10007 100 21244 2053668206 47290413 10014464
0b000601 0b00c701 10003 100 63814 2053009154 47960363 10018030
0b000601 0b00c101 10005 100 1135966 2042835521 58136483 10107919
0b000901 0b00ca01 10007 100 27077 2061875107 39097192 10014953
0b000801 0b00c101 10006 100 5 2053004255 48049476 10012684
0b000701 0b00c401 10005 100 41008 2039375072 61685959 10016121
0b000e01 0b00c901 10004 100 4312 2063814537 37249915 10013044
0b000801 0b00cb01 10009 100 46097 2061619911 39499965 10016548
0b000401 0b00c301 10004 100 189188 2046722893 54448950 10028544
0b000f01 0b00c801 10008 100 173032 2057162731 44018889 10027190
0b000b01 0b00c601 10012 100 59307 2061594771 39648091 10017654
0b000f01 0b00c601 10002 100 4125099 2011073062 90202926 10358531
0b000801 0b00c301 10004 100 4070 2051737965 49539292 10013024
0b000301 0b00ca01 10009 100 46636 2050034307 51300884 10016591
0b000f01 0b00c201 10008 100 64013 2062788244 38559009 10018050
0b000e01 0b00cf01 10007 100 5235 2060972034 40452412 10013121
0b000601 0b00c501 10013 100 6269 2063869189 37603591 10013208
0b000901 0b00c301 10003 100 5905376 2026740569 74748108 10507789
0b000d01 0b00c001 10004 100 3066 2041782524 59736033 10012940
0b000c01 0b00c301 10008 100 64362 2042637125 58882640 10018078
0b000101 0b00cb01 10004 100 1964289 2035932137 65652698 10177368
0b000901 0b00ce01 10004 100 1851570 2041746698 59898208 10167917
0b000301 0b00c101 10007 100 23011 2061743954 39911694 10014613
0b000901 0b00c301 10007 100 1707143 2042616717 59049604 10155810
0b000c01 0b00ce01 10017 100 66507 2040774489 60896008 10018257
0b000201 0b00ca01 10008 100 20584 2040791361 60896515 10014407
0b000e01 0b00cd01 10013 100 18648 2063913391 37825125 10014244
0b000a01 0b00c801 10008 100 4038 2053555697 48210039 10013022
0b000601 0b00cc01 10012 100 17083 2053971935 47808590 10014115
0b000501 0b00c101 10016 100 29850 2054475828 47382326 10015183
0b000801 0b00ce01 10011 100 8832 2062779772 39095206 10013421
0b000a01 0b00c601 10001 100 22811 2053811211 48178787 10014593
0b000701 0b00c601 10007 100 23623 2064055396 37956320 10014662
0b000f01 0b00c401 10009 100 32143 2050873022 51149114 10015378
0b000601 0b00cc01 10013 100 18952 2064172945 37855391 10014269
0b000f01 0b00cd01 10009 100 124888 2052247701 49790595 10023151
0b000601 0b00cb01 10007 100 7176 2041237296 60801507 10013284
0b000b01 0b00cb01 10004 100 693514 2042253662 59851574 10070826
0b000e01 0b00c601 10013 100 7056 2061529755 40591266 10013275
0b000a01 0b00c901 10007 100 23954 2053997895 48165870 10014688
0b000b01 0b00c201 10002 100 2397227 2028303370 73881151 10213666
0b000d01 0b00c701 10001 100 2950049 2018641451 83544840 10260015
0b000901 0b00c501 10010 100 53587 2063272067 38926569 10017174
0b000401 0b00c501 10014 100 3635 2051512284 50729885 10012986
0b000101 0b00c101 10005 100 1129185 2057080077 45263631 10107354
0b000401 0b00c701 10003 100 74829 2050323205 52045306 10018954
0b000101 0b00c401 10009 100 45132 2054639273 47743182 10016467
0b000501 0b00c501 10011 100 30488 2044828152 57558845 10015238
0b000e01 0b00ca01 10008 100 40900 2061073470 41387903 10016109
0b000b01 0b00c101 10004 100 43461 2053504209 48999962 10016325
0b000901 0b00cd01 10003 100 220858 2042350137 60170015 10031197
0b000001 0b00c401 10009 100 24026 2062363818 40178539 10014698
0b000801 0b00cf01 10005 100 1080 2063650011 38895488 10012774
0b000c01 0b00c401 10004 100 277017 2050071683 52499444 10035908
0b000c01 0b00c801 10007 100 156220 2049134978 53440624 10025780
0b000401 0b00cc01 10002 100 4350 2055608000 47020377 10013047
0b000401 0b00c601 10002 100 1070816 2032535772 70113543 10102457
0b000b01 0b00cc01 10012 100 79335 2062640194 40026086 10019334
0b000801 0b00cd01 10005 100 18186 2063443372 39236166 10014207
0b000d01 0b00c701 10008 100 63774 2054515245 48189900 10018027
0b000101 0b00ce01 10007 100 694913 2058887346 43870676 10070941
0b000001 0b00ce01 10016 100 86700 2054306069 48529802 10019950
0b000b01 0b00c601 10008 100 77383 2043571006 59265161 10019170
0b000b01 0b00cc01 10001 100 7106087 2009004259 93883275 10608457
0b000401 0b00cd01 10008 100 44299 2064620848 38410644 10016396
0b000701 0b00ca01 10006 100 56623 2061976760 41149380 10017428
0b000e01 0b00cd01 10011 100 148611 2049019150 54120786 10025141
0b000f01 0b00c201 10006 100 53276 2051920879 51279531 10017149
0b000d01 0b00ce01 10006 100 1807947 2029606371 73594044 10164258
0b000001 0b00c401 10003 100 2890 2042550375 60690510 10012922
0b000601 0b00c701 10004 100 5825 2056244283 47016246 10013169
0b000901 0b00cd01 10004 100 54006 2054820358 48454982 10017211
0b000801 0b00cd01 10002 100 3424989 2030228983 73052228 10299831
0b000301 0b00c101 10004 100 615 2052768298 50531558 10012733
0b000e01 0b00ce01 10001 100 3636293 2014248539 89094287 10317549
0b000f01 0b00c701 10008 100 5384 2056069883 47294110 10013133
0b000701 0b00c501 10005 100 41766 2041827077 61587200 10016182
0b000e01 0b00cb01 10005 100 31297 2062256536 41182356 10015306
0b000d01 0b00c301 10003 100 1496026 2026695913 76758623 10138110
0b000c01 0b00ce01 10012 100 1550948 2024489888 78971233 10142711
0b000201 0b00c701 10004 100 28477 2046018360 57490576 10015069
0b000601 0b00c101 10006 100 2279 2046091745 57443787 10012873
0b000501 0b00ce01 10011 100 16336 2052837348 50751835 10014052
0b000001 0b00c801 10008 100 47290 2064272938 39333947 10016647
0b000401 0b00c001 10006 100 1664879 2020723826 82959786 10152263
0b000a01 0b00c601 10002 100 7772 2053981188 49709111 10013332
0b000801 0b00c201 10003 100 938797 2038084863 65664602 10091389
0b000401 0b00c501 10018 100 46698 2063073029 40692214 10016596
0b000e01 0b00c701 10012 100 1413 2053607411 50195456 10012800
0b000c01 0b00cb01 10006 100 7655 2056708153 47164775 10013323
0b000901 0b00cf01 10006 100 40889 2054533284 49404931 10016108
0b000001 0b00c201 10009 100 50578 2063633267 40356866 10016922
0b000e01 0b00cd01 10008 100 991028 2041336550 62661008 10095771
0b000801 0b00c501 10004 100 141772 2054188072 49862551 10024567
0b000801 0b00cf01 10001 100 569395 2041004904 63124883 10060420
0b000801 0b00cd01 10003 100 520782 2050476350 53701711 10056343
0b000101 0b00c101 10006 100 836186 2059988146 44195269 10082788
0b000401 0b00ca01 10007 100 751515 2039228716 65006416 10075688
0b000c01 0b00c401 10006 100 893 2057360302 46962964 10012755
0b000401 0b00ce01 10011 100 14476 2053548503 50830528 10013895
0b000001 0b00c601 10001 100 3615186 2021053884 83325662 10315780
0b000a01 0b00cf01 10009 100 19451 2065736564 38656092 10014312
0b000001 0b00ca01 10005 100 25315 2054020304 50498647 10014805
0b000401 0b00c401 10009 100 48636 2063600837 40950054 10016759
0b000901 0b00ca01 10004 100 5060 2045503948 59078734 10013107
0b000701 0b00c301 10009 100 3698 2064898427 39755960 10012991
0b000a01 0b00c301 10007 100 25934 2054809062 49859142 10014854
0b000401 0b00c601 10005 100 60084 2046076033 58641538 10017720
0b000201 0b00c801 10008 100 19423 2054250971 50585870 10014310
0b000901 0b00c501 10011 100 41900 2065781310 39110176 10016193
0b000001 0b00c801 10005 100 315434 2058660928 46294538 10039128
0b000901 0b00c801 10005 100 1369392 2047798869 57237209 10127492
0b000e01 0b00cd01 10012 100 35334 2056599368 48448080 10015644
0b000801 0b00ca01 10004 100 3313147 2030942006 74136438 10290457
0b000a01 0b00c701 10009 100 9099 2055797387 49291716 10013446
0b000801 0b00cb01 10006 100 190260 2045269221 59853976 10028634
0b000101 0b00c601 10009 100 71615 2057149518 47977954 10018685
0b000001 0b00cd01 10004 100 44660 2065060997 40086837 10016425
0b000d01 0b00c901 10002 100 589618 2036465154 68713177 10062115
0b000a01 0b00c401 10014 100 45635 2065914561 39337817 10016507
0b000601 0b00c801 10008 100 62248 2057017350 48255926 10017901
0b000901 0b00cd01 10007 100 1114 2057275617 48069563 10012776
0b000c01 0b00cd01 10011 100 7477 2067831582 37556070 10013308
0b000401 0b00c501 10013 100 871031 2050604007 54814910 10085710
0b000801 0b00c201 10007 100 45345 2055593591 49889719 10016484
0b000201 0b00c201 10004 100 884894 2043614213 61879664 10086869
0b000601 0b00c601 10009 100 4917 2045047944 60518586 10013092
0b000701 0b00c701 10010 100 184807 2050195535 55392449 10028174
0b000301 0b00ca01 10010 100 63027 2054521525 51080397 10017967
0b000301 0b00cb01 10009 100 23703 2057751576 47985033 10014668
0b000801 0b00c201 10013 100 187496 2063796646 41968137 10028401
0b000401 0b00cb01 10007 100 56598 2054680976 51149210 10017426
0b000f01 0b00cc01 10006 100 189445 2054781320 51064554 10028565
0b000601 0b00c501 10010 100 43308 2057684998 48191469 10016313
0b000c01 0b00cc01 10004 100 7371 2068239306 37645762 10013300
0b000901 0b00cb01 10005 100 1292137 2051168835 54718567 10121016
0b000101 0b00c501 10004 100 2077168 2031418398 74500500 10186832
0b000e01 0b00c801 10016 100 8173 2058690417 47241268 10013368
0b000a01 0b00c901 10005 100 891576 2043270139 62664109 10087431
0b000d01 0b00c001 10002 100 4811303 2008588560 97369356 10416062
0b000001 0b00cb01 10005 100 784100 2052000327 54108454 10078422
0b000c01 0b00c501 10003 100 45992 2045538892 60642377 10016536
0b000a01 0b00cc01 10007 100 1422495 2035291186 70894031 10131943
0b000501 0b00cd01 10005 100 29257 2058470316 47755234 10015135
0b000d01 0b00c301 10006 100 1000709 2042908332 63325306 10096580
0b000801 0b00c301 10002 100 208056 2046117683 60117415 10030127
0b000001 0b00c501 10003 100 76673 2044649510 61590966 10019109
0b000901 0b00c001 10009 100 63082 2067019839 39223273 10017972
0b000501 0b00c101 10013 100 40240 2044872827 61505284 10016056
0b000101 0b00c101 10004 100 27455 2055912237 50473773 10014983
0b000401 0b00cf01 10010 100 10836 2059193796 47307684 10013589
0b000d01 0b00c201 10008 100 15829 2066514913 40019648 10014007
0b000201 0b00cf01 10008 100 3160 2068342660 38281511 10012948
0b000801 0b00c901 10003 100 63688 2047936496 58698049 10018020
0b000c01 0b00c901 10005 100 77937 2055414411 51291064 10019214
0b000901 0b00c101 10005 100 4446818 2038116534 68611644 10385501
0b000001 0b00ca01 10004 100 21271 2045955037 60805774 10014466
0b000d01 0b00cd01 10011 100 39295 2068648891 38118555 10015977
0b000c01 0b00c201 10010 100 24338 2046557999 60234391 10014723
0b000e01 0b00cc01 10003 100 1680654 2030785676 76049927 10153587
0b000b01 0b00cf01 10009 100 66793 2056206321 50638300 10018280
0b000b01 0b00c801 10005 100 8738 2057512235 49354271 10013413
0b000401 0b00c901 10009 100 105717 2057403475 49612923 10021544
0b000301 0b00cf01 10010 100 9528 2068835815 38214768 10013480
0b000a01 0b00cc01 10008 100 1581978 2043284781 63775740 10145313
0b000d01 0b00c001 10006 100 73050 2055879914 51306157 10018808
0b000301 0b00c101 10005 100 6271 2056895953 50296421 10013208
0b000101 0b00cb01 10008 100 99219 2059597106 47746758 10021001
0b000501 0b00c901 10005 100 48128 2050151023 57242773 10016718
0b000901 0b00c301 10009 100 41164 2058472162 48922909 10016134
0b000401 0b00c201 10009 100 26915 2046149365 61278097 10014936
0b000201 0b00ce01 10009 100 27669 2056886770 50547358 10015001
0b000601 0b00cf01 10008 100 403622 2049928486 57505712 10046521
0b000401 0b00c901 10008 100 63883 2045840792 61651046 10018036
0b000f01 0b00c301 10008 100 307084 2051109601 56383000 10038429
0b000601 0b00c701 10006 100 360444 2061557010 45937974 10042901
0b000f01 0b00ce01 10007 100 1801 2060366844 47157210 10012831
0b000201 0b00ca01 10009 100 170697 2054710548 52823715 10026992
0b000f01 0b00c501 10007 100 21993 2049773202 57789176 10014523
0b000501 0b00cf01 10005 100 249922 2047053529 60513676 10033633
0b000501 0b00c701 10007 100 42814 2050193697 57373707 10016270
0b000101 0b00c501 10008 100 24085 2046799624 60813061 10014702
0b000a01 0b00c701 10002 100 4869038 2010735765 96917188 10420903
0b000801 0b00c001 10015 100 15839 2058645401 49049625 10014008
0b000d01 0b00cb01 10007 100 23142 2049984094 57713291 10014623
0b000e01 0b00c601 10011 100 54309 2059258461 48479276 10017235
0b000901 0b00c201 10006 100 17842 2049786786 58028092 10014176
0b000801 0b00c701 10005 100 2211339 2043866641 64039746 10198081
0b000201 0b00cd01 10013 100 165189 2055728060 52223491 10026532
0b000e01 0b00c401 10010 100 57587 2056417091 51541732 10017509
0b000501 0b00c301 10001 100 4099054 2023295726 84679836 10356348
0b000501 0b00c301 10009 100 71745 2066846319 41137205 10018696
0b000801 0b00c101 10007 100 31992 2058463086 49556534 10015362
0b000301 0b00c601 10008 100 286197 2052638613 55406024 10036677
0b000301 0b00c601 10009 100 1134 2060279223 47768906 10012778
0b000301 0b00cd01 10008 100 112185 2056142422 51963836 10022088
0b000301 0b00cc01 10005 100 49938 2056871081 51243286 10016867
0b000101 0b00cf01 10006 100 43971 2060308480 47813329 10016366
0b000301 0b00c301 10006 100 398196 2052593610 55534121 10046067
0b000701 0b00cf01 10013 100 89231 2068995053 39141998 10020164
0b000b01 0b00c601 10010 100 65069 2058591689 49599583 10018138
0b000501 0b00cc01 10006 100 3454712 2025436377 82819582 10302324
0b000401 0b00cb01 10004 100 17770 2047526182 60737992 10014170
0b000e01 0b00ca01 10005 100 1330556 2035543774 72721749 10124235
0b000401 0b00cd01 10004 100 1900123 2025928812 82342528 10171989
0b000201 0b00c701 10008 100 5351 2069401006 38883097 10013131
0b000901 0b00c201 10009 100 7935 2069223639 39071710 10013345
0b000801 0b00cc01 10007 100 28312 2068965298 39371574 10015056
0b000301 0b00c601 10010 100 66542 2068524287 39828084 10018260
0b000501 0b00c801 10011 100 69587 2046588685 61771132 10018515
0b000b01 0b00c701 10005 100 505432 2048873595 59505613 10055057
0b000201 0b00cd01 10011 100 17539 2051335723 57065177 10014152
0b000e01 0b00c301 10007 100 46802 2069468602 39008197 10016604
0b000401 0b00ce01 10012 100 19776 2060680157 47822763 10014338
0b000a01 0b00ca01 10008 100 48990 2049744356 58833865 10016787
0b000a01 0b00c501 10006 100 77513 2069390572 39208820 10019180
0b000501 0b00cc01 10013 100 68779 2060139402 48499289 10018447
0b000301 0b00c301 10004 100 8852 2048117811 60539089 10013422
0b000e01 0b00ca01 10007 100 25757 2058070225 50625553 10014840
0b000201 0b00cc01 10004 100 2696044 2033280393 75516589 10238720
0b000b01 0b00c201 10004 100 1329203 2038066837 70757688 10124123
0b000f01 0b00c301 10007 100 755353 2044721644 64119933 10076011
0b000401 0b00c801 10005 100 33070 2070788459 38107108 10015456
0b000101 0b00c301 10006 100 26015 2059004852 49898713 10014864
0b000b01 0b00c601 10011 100 33823 2059840836 49063205 10015516
0b000601 0b00c801 10006 100 70652 2047280986 61636887 10018604
0b000701 0b00c301 10008 100 49753 2050461659 58667957 10016852
0b000801 0b00c001 10017 100 26119 2060935038 48230269 10014873
0b000a01 0b00c101 10003 100 1064535 2033939435 75228687 10101932
0b000301 0b00c501 10005 100 21017 2058751345 50448578 10014445
0b000001 0b00ce01 10013 100 4169 2048607420 60662271 10013032
0b000501 0b00cc01 10012 100 29433 2058371993 50900070 10015149
0b000001 0b00cf01 10012 100 27233 2060920167 48355967 10014966
0b000901 0b00c901 10005 100 48148 2049753233 59555730 10016720
0b000c01 0b00c101 10011 100 21870 2062047976 47274318 10014514
0b000601 0b00cc01 10008 100 1790262 2037592474 71744846 10162778
0b000701 0b00c601 10002 100 2940532 2015421411 93947377 10259216
0b000d01 0b00c201 10007 100 36046 2058407133 50979723 10015705
0b000c01 0b00ca01 10010 100 25246 2048824417 60583856 10014799
0b000201 0b00c601 10010 100 15710 2070847212 38587115 10013998
0b000d01 0b00cb01 10009 100 22271 2071321467 38120132 10014550
0b000101 0b00c701 10010 100 582949 2064979598 44481327 10061554
0b000f01 0b00c801 10009 100 129650 2060068160 49417295 10023551
0b000a01 0b00c901 10003 100 1858711 2024283061 85202397 10168515
0b000601 0b00c901 10008 100 812501 2040214767 69290508 10080802
0b000601 0b00c601 10011 100 523092 2057361187 52157133 10056539
0b000101 0b00cc01 10008 100 978981 2054300553 55240038 10094757
0b000601 0b00c001 10002 100 41119 2060848743 48717174 10016130
0b000301 0b00cb01 10006 100 1678523 2035288293 74315251 10153409
0b000201 0b00cd01 10009 100 24488 2049025734 60675924 10014735
0b000a01 0b00c001 10005 100 11713 2071952704 37795562 10013663
0b000b01 0b00c101 10005 100 28899 2059949226 49802440 10015103
0b000701 0b00c001 10008 100 6197 2052751488 57029980 10013202
0b000f01 0b00cf01 10012 100 20860 2071680691 38120541 10014429
0b000f01 0b00cd01 10012 100 6494 2071986324 37823176 10013226
0b000201 0b00c701 10007 100 65018 2061086533 48775440 10018134
0b000c01 0b00cd01 10010 100 349241 2066092197 43814202 10041963
0b000701 0b00cf01 10008 100 662199 2045246763 64676077 10068201
0b000501 0b00c401 10005 100 41493 2052493382 57461172 10016160
0b000e01 0b00cb01 10006 100 24572 2062426832 47561231 10014741
0b000501 0b00c801 10003 100 4503438 2016888502 93102224 10390250
0b000701 0b00ca01 10005 100 39703 2061880928 48207961 10016009
0b000c01 0b00c301 10011 100 14946 2059935406 50217193 10013933
0b000c01 0b00ce01 10024 100 71728 2071168687 39002269 10018694
0b000f01 0b00cb01 10007 100 41561 2049532721 60682127 10016166
0b000401 0b00ce01 10013 100 5511 2070569797 39677662 10013143
0b000e01 0b00c601 10012 100 7722 2059655188 50600607 10013328
0b000c01 0b00c801 10008 100 57980 2062167860 48143496 10017541
0b000501 0b00cd01 10007 100 3765 2060064784 50277521 10012996
0b000f01 0b00c301 10010 100 78648 2061548648 48820147 10019275
0b000901 0b00c301 10010 100 43795 2061287581 49161682 10016352
0b000201 0b00c401 10006 100 391122 2064897735 45552231 10045475
0b000801 0b00c801 10008 100 25931 2061784767 48672102 10014854
0b000701 0b00cf01 10010 100 197587 2058409751 52063126 10029247
0b000f01 0b00c101 10010 100 38345 2052645781 57862083 10015897
0b000d01 0b00c201 10005 100 57440 2052614929 57948319 10017497
0b000801 0b00c301 10003 100 24365 2051103051 59465130 10014725
0b000b01 0b00cc01 10011 100 4013 2061322328 49294222 10013020
0b000d01 0b00c201 10006 100 237666 2056387700 54247178 10032607
0b000d01 0b00c301 10008 100 142622 2058100036 52535199 10024638
0b000d01 0b00ca01 10008 100 120109 2069290864 41432068 10022753
0b000701 0b00c901 10004 100 415501 2052418923 58322415 10047517
0b000a01 0b00c901 10009 100 12038 2061808361 48966475 10013692
0b000b01 0b00ce01 10007 100 708437 2056703333 54073016 10072077
0b000f01 0b00c701 10007 100 73015 2049319296 61466460 10018805
0b000401 0b00c201 10010 100 9187 2050202147 60598169 10013453
0b000201 0b00cf01 10007 100 16918 2062870633 47984007 10014098
0b000001 0b00c401 10005 100 3493 2050227986 60704621 10012974
0b000c01 0b00ca01 10012 100 31540 2060334227 50608747 10015326
0b000001 0b00c401 10007 100 166924 2059510670 51462761 10026675
0b000401 0b00cc01 10000 100 938253 2045282900 65825929 10091346
0b000a01 0b00ce01 10006 100 74014 2072778586 38338433 10018889
0b000c01 0b00cf01 10005 100 587438 2040732095 70407955 10061932
0b000901 0b00cf01 10010 100 848761 2066421983 44718409 10083841
0b000701 0b00c101 10007 100 45668 2059764525 51386954 10016510
0b000f01 0b00c601 10004 100 2798621 2025185970 86012804 10247317
0b000a01 0b00c701 10011 100 28882 2062160951 49052257 10015101
0b000c01 0b00c601 10004 100 1191246 2040327702 71012365 10112556
0b000401 0b00c301 10006 100 41300 2050121870 61235187 10016145
0b000601 0b00cf01 10009 100 6849 2063744897 47698077 10013254
0b000d01 0b00c601 10007 100 59649 2063511173 48128210 10017682
0b000001 0b00c801 10013 100 13521 2073220898 38421536 10013815
0b000301 0b00c301 10007 100 185674 2060946702 50703715 10028248
0b000001 0b00ce01 10018 100 166023 2070160620 41629928 10026603
0b000301 0b00ca01 10012 100 43938 2063033036 48778264 10016364
0b000301 0b00cc01 10006 100 21696 2063661692 48189015 10014500
0b000601 0b00c501 10011 100 29542 2061358819 50515296 10015158
0b000101 0b00ce01 10012 100 20562 2073706421 38178233 10014405
0b000301 0b00cf01 10009 100 1505 2064039574 47930078 10012808
0b000f01 0b00c601 10011 100 27948 2073709334 38306025 10015023
0b000901 0b00ce01 10008 100 21394 2063103914 48925734 10014476
0b000801 0b00cc01 10006 100 129705 2061343250 50690233 10023555
0b000a01 0b00c301 10010 100 20835 2063530768 48515847 10014427
0b000d01 0b00c201 10002 100 637121 2044842012 67210474 10066099
0b000d01 0b00c801 10003 100 1610416 2031081781 80977448 10147699
0b000401 0b00c001 10008 100 154238 2048507761 63599668 10025614
0b000501 0b00c301 10008 100 7955 2064965472 47157523 10013347
0b000601 0b00cd01 10013 100 10139 2074603492 37561639 10013533
0b000601 0b00c001 10003 100 1297 2062004642 50191843 10012791
0b000201 0b00cb01 10006 100 418240 2046517430 65683215 10047748
0b000101 0b00c501 10009 100 77388 2051572580 60640565 10019170
0b000501 0b00ce01 10013 100 17194 2064646096 47585481 10014124
0b000a01 0b00c101 10008 100 2099 2052784207 59465824 10012859
0b000701 0b00cb01 10013 100 43587 2071836889 40422990 10016335
0b000d01 0b00cc01 10001 100 2842170 2023851130 88439636 10250970
0b000901 0b00c301 10011 100 9076 2073036241 39447010 10013444
0b000c01 0b00c301 10012 100 24948 2062430958 50108581 10014771
0b000c01 0b00c401 10005 100 74059 2053996162 58548634 10018892
0b000101 0b00cd01 10012 100 64136 2072937636 39613035 10018060
0b000f01 0b00c101 10011 100 13369 2065254379 47313210 10013803
0b000601 0b00c001 10001 100 1546012 2044525049 68083132 10142301
0b000d01 0b00c101 10003 100 4750 2052399585 60248821 10013079
0b000901 0b00cf01 10008 100 1117531 2057566700 55091811 10106375
0b000301 0b00c101 10010 100 513 2074631076 38082151 10012724
0b000201 0b00c001 10004 100 24120 2051786498 60942248 10014705
0b000f01 0b00cb01 10008 100 29898 2062213535 50584265 10015187
0b000c01 0b00ce01 10014 100 1724501 2032489437 80364254 10157264
0b000401 0b00cb01 10005 100 1125682 2051587850 61312075 10107058
0b000601 0b00c201 10007 100 170196 2058718750 54193982 10026952
0b000f01 0b00c501 10008 100 1172032 2052119498 60811637 10110946
0b000101 0b00ce01 10009 100 315249 2062672361 50298206 10039113
0b000d01 0b00c501 10005 100 74532 2051566751 61426477 10018930
0b000001 0b00c701 10004 100 201235 2059382525 53615938 10029554
0b000801 0b00cb01 10010 100 167562 2062010732 51009708 10026730
0b000a01 0b00c201 10008 100 3286 2054966320 58070841 10012958
0b000301 0b00c901 10011 100 84784 2062360452 50677404 10019789
0b000101 0b00ca01 10004 100 1610002 2043198582 69842278 10147666
0b000201 0b00c801 10007 100 407 2052684804 60372901 10012716
0b000001 0b00c201 10010 100 64541 2073100353 39963805 10018092
0b000601 0b00c501 10012 100 68004 2061492137 51604938 10018385
0b000c01 0b00cc01 10002 100 66267 2051552140 61568446 10018238
0b000401 0b00cb01 10006 100 146796 2053319092 59902478 10024988
0b000501 0b00c601 10008 100 28690 2052406625 60882148 10015086
0b000601 0b00c601 10012 100 65771 2064330909 48976006 10018195
0b000101 0b00cb01 10009 100 62663 2063307997 50010678 10017934
0b000c01 0b00c101 10008 100 74025 2051635935 61697879 10018890
0b000001 0b00c901 10006 100 3766 2065512179 47871135 10012996
0b000a01 0b00cd01 10008 100 217243 2061234354 52206016 10030896
0b000301 0b00c701 10012 100 43685 2074243223 39233915 10016343
0b000e01 0b00c301 10002 100 2668869 2023599738 89912297 10236438
0b000001 0b00cf01 10013 100 31132 2063549264 49978541 10015293
0b000f01 0b00c901 10007 100 18699 2053263638 60350563 10014248
0b000c01 0b00c501 10008 100 55661 2073829396 39787636 10017347
0b000e01 0b00cc01 10005 100 25456 2063339216 50362164 10014816
0b000501 0b00cf01 10008 100 19650 2056582182 57123793 10014328
0b000b01 0b00c001 10008 100 41625 2064263632 49451264 10016171
0b000f01 0b00c801 10006 100 936219 2046049211 67684119 10091175
0b000801 0b00c601 10009 100 1221 2076884891 36863782 10012785
0b000b01 0b00cc01 10010 100 53780 2053340583 60445906 10017189
0b000101 0b00c201 10006 100 65634 2065225746 48566319 10018184
0b000601 0b00c101 10010 100 101851 2064176073 49616101 10021219
0b000501 0b00ce01 10012 100 186974 2061058188 52759948 10028356
0b000301 0b00c101 10008 100 28499 2065575305 48247085 10015071
0b000b01 0b00ca01 10005 100 19825 2055473128 58428352 10014342
0b000f01 0b00cf01 10008 100 72859 2065315261 48589294 10018789
0b000001 0b00c901 10004 100 3787 2064593551 49318574 10012998
0b000c01 0b00ce01 10023 100 782 2066849860 47064267 10012746
0b000f01 0b00c801 10012 100 40623 2074529571 39445046 10016087
0b000c01 0b00ce01 10026 100 17769 2075002357 38992072 10014170
0b000101 0b00c601 10011 100 59845 2064592832 49420357 10017698
0b000c01 0b00c301 10013 100 8888 2064238313 49779201 10013425
0b000801 0b00c701 10008 100 39009 2064767723 49266194 10015954
0b000a01 0b00c501 10003 100 166141 2053365056 60771009 10026612
0b000801 0b00c201 10006 100 286933 2052841724 61347400 10036736
0b000901 0b00c501 10012 100 24386 2066115534 48079595 10014726
0b000901 0b00c901 10006 100 66389 2065160251 49035474 10018248
0b000f01 0b00c201 10007 100 92608 2062209505 52074172 10020445
0b000f01 0b00cf01 10009 100 73235 2065428004 48898138 10018822
0b000b01 0b00c101 10006 100 3678 2065861282 48498417 10012989
0b000301 0b00cd01 10009 100 22240 2056538681 57850709 10014547
0b000f01 0b00c501 10010 100 29109 2066651181 47750884 10015123
0b000301 0b00ce01 10005 100 24246 2065997497 48427141 10014715
0b000d01 0b00cd01 10012 100 27294 2076043791 38392883 10014971
0b000101 0b00c701 10012 100 7863 2075658246 38826372 10013339
0b000a01 0b00cf01 10007 100 639184 2054635454 59869641 10066272
0b000601 0b00c601 10008 100 1235031 2043448111 71092590 10116228
0b000001 0b00c901 10005 100 40458 2064641280 49904107 10016074
0b000901 0b00cb01 10006 100 6699 2056643696 57968673 10013242
0b000a01 0b00cb01 10012 100 90595 2064290570 50348682 10020277
0b000001 0b00c801 10009 100 10240 2065586338 49061391 10013541
0b000401 0b00cf01 10013 100 20008 2074937379 39745346 10014361
0b000601 0b00c501 10009 100 7981 2054487454 60205277 10013349
0b000e01 0b00cf01 10009 100 25133 2066701832 48131477 10014790
0b000f01 0b00cd01 10013 100 2893 2076856290 37985528 10012922
0b000101 0b00ce01 10010 100 29674 2066699954 48217066 10015169
0b000301 0b00c001 10002 100 1692284 2038977742 75962942 10154563
0b000201 0b00c501 10008 100 54242 2066010352 48955286 10017230
0b000a01 0b00ce01 10008 100 75526 2077285874 37681232 10019013
0b000d01 0b00c501 10006 100 54426 2057066320 57928850 10017245
0b000c01 0b00c401 10009 100 20967 2075908055 39098264 10014438
0b000101 0b00c101 10007 100 71207 2065227533 49807623 10018653
0b000f01 0b00c101 10008 100 1874428 2037247123 77864159 10169834
0b000201 0b00c401 10007 100 3063 2065955007 49159694 10012940
0b000501 0b00c601 10004 100 1212009 2037686111 77499402 10114298
0b000201 0b00c001 10006 100 20626 2065883171 49303024 10014410
0b000901 0b00c401 10008 100 924822 2052679115 62550351 10090217
0b000601 0b00cb01 10009 100 25555 2075710062 39606196 10014824
0b000a01 0b00c301 10008 100 7585 2057019568 58320730 10013317
0b000101 0b00cb01 10011 100 42681 2067147902 48195723 10016259
0b000201 0b00c101 10007 100 23399 2066710178 48646049 10014644
0b000d01 0b00c801 10007 100 20683 2065126868 50236369 10014415
0b000001 0b00c801 10010 100 21631 2067022644 48359979 10014494
0b000a01 0b00c101 10010 100 855159 2065325394 50106179 10084379
0b000a01 0b00c301 10011 100 63576 2066275996 49257360 10018011
0b000f01 0b00c601 10012 100 21016 2077273470 38275522 10014445
0b000901 0b00cb01 10008 100 27873 2057381674 58184463 10015017
0b000c01 0b00c401 10007 100 37260 2057922145 57652873 10015806
0b000e01 0b00cf01 10010 100 29473 2067498974 48105041 10015153
0b000201 0b00c901 10009 100 5999 2055528801 60083614 10013182
0b000c01 0b00cf01 10009 100 34035 2076109259 39503208 10015537
0b000f01 0b00c101 10014 100 63597 2076678246 39003104 10018013
0b000201 0b00c901 10011 100 83817 2066398905 49305751 10019707
0b000901 0b00cf01 10011 100 1702 2067396496 48410244 10012823
0b000301 0b00c401 10007 100 3112 2067510089 48315887 10012944
0b000a01 0b00cb01 10013 100 17196 2066828699 49038630 10014124
0b000001 0b00cb01 10009 100 37960 2077430870 38496329 10015862
0b000101 0b00ca01 10008 100 2822 2068083112 47884394 10012917
0b000101 0b00c201 10007 100 19522 2067048266 48976430 10014318
0b000401 0b00cd01 10005 100 1242755 2041969337 74116043 10116873
0b000601 0b00cd01 10012 100 392534 2056512537 59580413 10045591
0b000701 0b00cf01 10003 100 2026420 2025350281 90795397 10182577
0b000101 0b00c101 10008 100 29923 2067905103 48363811 10015189
0b000801 0b00c201 10008 100 2708 2058130454 58164456 10012908
0b000801 0b00cb01 10011 100 71624 2066924063 49409850 10018686
0b000f01 0b00c001 10007 100 3244 2068710365 47661250 10012954
0b000001 0b00cd01 10002 100 798472 2052641819 63750474 10079625
0b000801 0b00c801 10009 100 58418 2066797129 49694542 10017580
0b000501 0b00c101 10018 100 20939 2078536920 38037301 10014435
0b000901 0b00ca01 10006 100 56680 2057411563 59195570 10017433
0b000c01 0b00c701 10012 100 40328 2068492169 48120210 10016063
0b000a01 0b00c101 10004 100 1920658 2037794234 78831232 10173709
0b000501 0b00c201 10003 100 38574 2055719391 60950957 10015915
0b000801 0b00c601 10010 100 75886 2078661813 38039024 10019042
0b000f01 0b00c601 10009 100 28692 2056052417 60650475 10015086
0b000e01 0b00c401 10011 100 6792 2059659250 57084650 10013250
0b000b01 0b00cb01 10007 100 59048 2066620884 50167792 10017634
0b000f01 0b00c901 10008 100 64309 2066081098 50744940 10018074
0b000601 0b00cd01 10009 100 1444339 2040538934 76309681 10133775
0b000f01 0b00cf01 10010 100 61977 2066190497 50659234 10017876
0b000b01 0b00c101 10007 100 69577 2066510767 50372753 10018514
0b000f01 0b00c601 10010 100 27162 2067168706 49824607 10014960
0b000101 0b00c001 10011 100 57990 2058986403 58029992 10017541
0b000701 0b00c001 10009 100 79029 2068143333 48884996 10019309
0b000501 0b00c801 10013 100 282712 2056431786 60611771 10036383
0b000001 0b00cf01 10014 100 133659 2065586012 51502290 10023887
0b000101 0b00c801 10005 100 50785 2078937364 38161653 10016938
0b000801 0b00ca01 10006 100 284809 2054754901 62389223 10036559
0b000101 0b00c401 10012 100 13753 2078091643 39102937 10013834
0b000d01 0b00c201 10001 100 1653800 2034296637 82944197 10151335
0b000501 0b00c401 10007 100 74561 2056150083 61254054 10018932
0b000e01 0b00c001 10006 100 233084 2063259963 54208446 10032225
0b000701 0b00c601 10008 100 74861 2066464344 51016746 10018956
0b000501 0b00c901 10006 100 978148 2059611238 57893113 10094691
0b000a01 0b00c801 10010 100 63215 2068812266 48692629 10017982
0b000501 0b00cc01 10009 100 1632975 2045678978 71866896 10149588
0b000301 0b00c501 10006 100 41591 2068695359 48950676 10016168
0b000f01 0b00c001 10006 100 185975 2064735408 52991360 10028272
0b000201 0b00cb01 10011 100 35961 2078290462 39538118 10015695
0b000001 0b00c301 10006 100 6826 2057877189 59974828 10013252
0b000801 0b00c201 10009 100 1246340 2058247192 59618079 10117175
0b000301 0b00c701 10009 100 113110 2055435373 62461037 10022166
0b000c01 0b00ce01 10028 100 26368 2078747552 39149133 10014893
0b000e01 0b00cc01 10008 100 396577 2068250181 49715672 10045930
0b000d01 0b00c001 10007 100 10239 2070234232 47853155 10013541
0b000401 0b00cd01 10010 100 328992 2074640018 43517164 10040262
0b000a01 0b00c101 10013 100 25689 2068634211 49628171 10014834
0b000301 0b00cb01 10010 100 69456 2068935277 49360037 10018505
0b000c01 0b00c401 10008 100 4876 2070751554 47595692 10013089
0b000d01 0b00c701 10009 100 5740 2079651464 38716430 10013162
0b000201 0b00c601 10009 100 66570 2068529288 49863555 10018262
0b000b01 0b00c901 10007 100 2573 2059566525 58881077 10012897
0b000101 0b00c501 10012 100 1872 2070390065 48094886 10012837
0b000101 0b00c701 10009 100 197097 2059708114 58826893 10029208
0b000801 0b00c901 10005 100 481316 2062903402 55653624 10053036
0b000f01 0b00c901 10009 100 129086 2077838590 40777780 10023506
0b000f01 0b00ce01 10008 100 60098 2068228109 50395040 10017722
0b000f01 0b00c701 10012 100 197482 2077234467 41388700 10029238
0b000301 0b00cc01 10008 100 104561 2079754281 38939781 10021448
0b000701 0b00c901 10005 100 454 2071647825 47101815 10012720
0b000801 0b00c101 10009 100 24091 2069429856 49323295 10014703
0b000701 0b00c401 10007 100 142077 2066447276 52365458 10024595
0b000501 0b00c701 10012 100 35222 2068352122 50478344 10015636
0b000101 0b00cd01 10008 100 26120 2058901269 59936762 10014873
0b000f01 0b00cf01 10011 100 24089 2069261582 49590534 10014703
0b000701 0b00ca01 10004 100 1474233 2034227275 84646621 10136282
0b000801 0b00c301 10006 100 45379 2059420494 59478505 10016486
0b000901 0b00c901 10007 100 9357 2070023925 48902147 10013466
0b000d01 0b00c501 10008 100 591305 2069475968 49479625 10062257
0b000a01 0b00c901 10008 100 27992 2059373830 59591779 10015026
0b000501 0b00ce01 10014 100 78233 2067626241 51339611 10019242
0b000601 0b00c701 10008 100 36719 2071090705 47906783 10015759
0b000901 0b00cb01 10003 100 4669123 2044522360 74529667 10404142
0b000001 0b00c401 10008 100 69284 2060002295 59094827 10018491
0b000001 0b00c901 10008 100 15904 2070630140 48501752 10014013
0b000a01 0b00c001 10003 100 65407 2058991193 60156928 10018166
0b000601 0b00ca01 10007 100 8209 2059173656 60024879 10013371
0b000101 0b00c301 10007 100 206 2061564246 57642644 10012700
0b000b01 0b00ca01 10007 100 71424 2069986513 49276249 10018670
0b000701 0b00c501 10008 100 106892 2077870099 41426343 10021642
0b000a01 0b00c201 10009 100 1117299 2065461761 53854232 10106357
0b000001 0b00c701 10005 100 61810 2069721121 49633575 10017862
0b000a01 0b00c901 10010 100 65936 2070862808 48551966 10018208
0b000201 0b00c001 10007 100 13400 2070910410 48549763 10013805
0b000e01 0b00c201 10011 100 28795 2071012899 48456041 10015094
0b000201 0b00c501 10010 100 9552 2080589681 38900913 10013482
0b000801 0b00c001 10011 100 1814521 2042957601 76537981 10164811
0b000a01 0b00ca01 10003 100 2908545 2026319282 93237655 10256534
0b000c01 0b00c501 10004 100 608177 2061542091 58041078 10063672
0b000c01 0b00c001 10009 100 57191 2071154903 48514043 10017478
0b000301 0b00c401 10005 100 4180 2059857400 59836013 10013033
0b000d01 0b00c901 10003 100 49582 2070820789 48894484 10016838
0b000001 0b00c801 10006 100 69878 2058698908 61063070 10018539
0b000701 0b00ce01 10012 100 9572 2072172999 47627013 10013484
0b000a01 0b00c101 10007 100 1726962 2052048339 67856576 10157468
0b000101 0b00ca01 10006 100 593200 2065324409 54593161 10062416
0b000001 0b00ca01 10007 100 51696 2070415126 49534925 10017015
0b000101 0b00c201 10009 100 35171 2070907780 49118551 10015631
0b000301 0b00c401 10009 100 29360 2070887127 49143522 10015144
0b000c01 0b00c001 10008 100 13283 2062928016 57136658 10013796
0b000b01 0b00c001 10010 100 810 2072702662 47400260 10012748
0b000c01 0b00c801 10009 100 2133 2072463588 47658868 10012862
0b000401 0b00c301 10008 100 21946 2060047885 60128523 10014520
0b000801 0b00c601 10007 100 4298 2072794157 47399578 10013043
0b000701 0b00c901 10002 100 662397 2043338310 76887133 10068217
0b000101 0b00ce01 10008 100 1223445 2061116440 59143486 10115255
0b000801 0b00c201 10011 100 75915 2061225823 59071951 10019045
0b000b01 0b00cb01 10006 100 122143 2059822308 60497227 10022923
0b000401 0b00cd01 10013 100 448 2081490300 38841911 10012719
0b000b01 0b00c501 10010 100 72846 2071409001 48972575 10018788
0b000001 0b00ca01 10009 100 57791 2081846542 38540796 10017526
0b000d01 0b00c601 10008 100 65333 2069941093 50450672 10018160
0b000b01 0b00c801 10006 100 23056 2060999622 59423470 10014616
0b000101 0b00ce01 10011 100 12444 2071889454 48536745 10013725
0b000b01 0b00c601 10014 100 269621 2073811357 46620751 10035286
0b000201 0b00c801 10009 100 2960 2062821714 57620656 10012928
0b000d01 0b00c101 10005 100 20141 2070728755 49723846 10014371
0b000001 0b00cb01 10008 100 57526 2071049288 49464699 10017504
0b000b01 0b00ca01 10009 100 9146 2072986643 47571166 10013450
0b000901 0b00c201 10008 100 33300 2061827576 58826150 10015474
0b000d01 0b00ca01 10009 100 54265 2071934709 48819553 10017232
0b000d01 0b00c801 10006 100 1123084 2053407098 67353195 10106842
0b000001 0b00c501 10005 100 1813 2072598564 48166717 10012832
0b000701 0b00c201 10008 100 22068 2072756739 48057846 10014533
0b000401 0b00c901 10010 100 746311 2059235858 61650609 10075253
0b000201 0b00c401 10009 100 38609 2071643196 49253765 10015918
0b000701 0b00c201 10007 100 52393 2072460453 48697318 10017074
0b000301 0b00c901 10012 100 43498 2062852722 58330043 10016328
0b000e01 0b00c901 10005 100 67030 2070359432 50869161 10018303
0b000001 0b00cc01 10011 100 350760 2075683671 45564078 10042088
0b000e01 0b00c401 10013 100 146109 2068094635 53226545 10024933
0b000301 0b00c601 10011 100 8419 2073149642 48180353 10013388
0b000f01 0b00c001 10008 100 27492 2073144152 48221343 10014986
0b000501 0b00c501 10012 100 1458601 2050833384 70634256 10134970
0b000301 0b00c301 10001 100 6381767 2007540628 113934185 10547728
0b000f01 0b00c501 10009 100 12202 2064332567 57195287 10013706
0b000c01 0b00c201 10001 100 3204029 2013893264 107654462 10281309
0b000e01 0b00cd01 10014 100 67950 2071853581 49769369 10018377
0b000001 0b00c301 10007 100 22015 2063720543 57932852 10014529
0b000701 0b00c401 10008 100 49050 2071342168 50322538 10016796
0b000d01 0b00cc01 10007 100 1252120 2044291116 77384466 10117661
0b000301 0b00c401 10008 100 173172 2070624677 51053942 10027201
0b000501 0b00c201 10004 100 318491 2065573639 56105797 10039384
0b000201 0b00ce01 10010 100 354150 2066564516 55237660 10042375
0b000401 0b00c001 10004 100 3182539 2017596425 104221879 10279505
0b000701 0b00c001 10010 100 54113 2073165890 48679925 10017220
0b000701 0b00c701 10017 100 50913 2081773039 40095444 10016948
0b000b01 0b00c501 10012 100 10893 2074437785 47436889 10013593
0b000d01 0b00cc01 10009 100 1666740 2054287565 67607401 10152420
0b000d01 0b00ce01 10012 100 736359 2069130910 52803736 10074418
0b000101 0b00c401 10010 100 172091 2071528396 50445075 10027111
0b000b01 0b00c801 10008 100 78760 2072980613 48998020 10019284
0b000201 0b00c301 10007 100 64965 2061584003 60438863 10018126
0b000301 0b00c901 10014 100 21491 2073376799 48674825 10014483
0b000f01 0b00c401 10011 100 77662 2072943744 49115080 10019192
0b000d01 0b00ca01 10007 100 89223 2060813689 61264980 10020163
0b000f01 0b00c101 10013 100 4497 2073100434 49035078 10013058
0b000d01 0b00c001 10008 100 47535 2073459864 48680034 10016667
0b000b01 0b00c201 10001 100 3692402 2020449807 101732311 10322253
0b000901 0b00ca01 10005 100 1792059 2054747342 67442638 10162929
0b000601 0b00cb01 10008 100 67120 2063421071 58795691 10018310
0b000901 0b00cf01 10013 100 64382 2081065419 41172377 10018080
0b000501 0b00cf01 10009 100 19392 2074628263 47637544 10014308
0b000e01 0b00c801 10015 100 1230084 2049595288 72699587 10115813
0b000a01 0b00c001 10004 100 23817 2063771494 58527564 10014677
0b000f01 0b00ce01 10010 100 3190 2084573220 37730946 10012950
0b000601 0b00c901 10010 100 714440 2069736939 52633304 10072580
0b000f01 0b00c701 10009 100 7004 2073484450 49006315 10013271
0b000701 0b00c201 10009 100 1496 2075267234 47263445 10012807
0b000301 0b00cb01 10014 100 568 2083723188 38821560 10012729
0b000001 0b00cb01 10011 100 172378 2080567417 42021228 10027134
0b000a01 0b00c401 10013 100 68277 2062702285 59894656 10018407
0b000201 0b00ce01 10011 100 79328 2072614489 50051691 10019333
0b000801 0b00c301 10008 100 44403 2063428252 59241190 10016405
0b000f01 0b00c501 10013 100 23529 2084853068 37844905 10014654
0b000401 0b00c701 10009 100 70239 2081974917 40727655 10018571
0b000501 0b00c501 10016 100 258757 2067727731 55020305 10034375
0b000401 0b00cf01 10014 100 50460 2082746481 40069074 10016912
0b000c01 0b00c301 10014 100 29203 2074463725 48432525 10015131
0b000701 0b00c001 10011 100 20393 2073271409 49648221 10014392
0b000801 0b00c701 10010 100 28709 2082408650 40644886 10015088
0b000c01 0b00c201 10011 100 294989 2069884253 53232743 10037411
0b000401 0b00cc01 10003 100 526093 2075750895 47373162 10056791
0b000801 0b00cf01 10007 100 35132 2082277717 40850986 10015628
0b000d01 0b00c401 10007 100 2284 2066163812 57086411 10012874
0b000401 0b00cf01 10012 100 60611 2073054845 50279062 10017763
0b000f01 0b00c501 10012 100 268722 2080164514 43217903 10035210
0b000f01 0b00ca01 10007 100 59124 2062339124 61106765 10017640
0b000d01 0b00ce01 10010 100 572839 2063975194 59546117 10060707
0b000f01 0b00cf01 10013 100 1797 2086144909 37456174 10012831
0b000801 0b00c101 10008 100 708 2065333595 58280319 10012740
0b000901 0b00cc01 10008 100 1123986 2064793647 58839269 10106915
0b000c01 0b00ce01 10021 100 56636 2063062872 60588417 10017429
0b000001 0b00c401 10010 100 29038 2064061543 59659074 10015118
0b000301 0b00c501 10010 100 2875 2084908321 38825856 10012921
0b000a01 0b00c101 10009 100 1020419 2056910541 66834040 10098234
0b000b01 0b00ce01 10010 100 14707 2065182800 58565490 10013914
0b000701 0b00c701 10015 100 143008 2073139990 50631744 10024673
0b000901 0b00c701 10002 100 33349 2065412990 58461294 10015478
0b000d01 0b00c501 10007 100 26142 2066289123 57591828 10014875
0b000601 0b00c201 10010 100 12483 2074521902 49381702 10013728
0b000601 0b00c701 10009 100 18876 2074239780 49701336 10014263
0b000501 0b00c001 10004 100 3255316 2031389722 92632441 10285608
0b000801 0b00c601 10011 100 82145 2081958182 42120441 10019570
0b000b01 0b00ce01 10012 100 32100 2086678605 37425024 10015374
0b000801 0b00c501 10006 100 31452 2074265556 49845296 10015319
0b000201 0b00cf01 10009 100 30930 2075715504 48395566 10015273
0b000301 0b00ca01 10013 100 24414 2064874842 59286411 10014729
0b000801 0b00cd01 10006 100 26237 2076816999 47379558 10014882
0b000901 0b00c301 10014 100 195 2084138090 40090518 10012699
0b000301 0b00cf01 10012 100 29864 2086631816 37701014 10015184
0b000d01 0b00c801 10009 100 8591 2076412066 47925128 10013401
0b000601 0b00cf01 10013 100 69024 2085689003 38710000 10018470
0b000a01 0b00cc01 10010 100 1457193 2053925426 70511594 10134854
0b000001 0b00c801 10007 100 47338 2064250305 60294921 10016651
0b000401 0b00c901 10012 100 48193 2076363784 48186679 10016723
0b000601 0b00ce01 10010 100 5667 2085490442 39063678 10013156
0b000201 0b00c101 10006 100 851590 2061302459 63291842 10084078
0b000f01 0b00cd01 10010 100 1660773 2054647656 69961120 10151920
0b000101 0b00c601 10013 100 4035 2076142245 48520350 10013022
0b000e01 0b00cb01 10007 100 25096 2075016762 49708367 10014787
0b000701 0b00c501 10007 100 494 2075591977 49161895 10012723
0b000e01 0b00c101 10010 100 188832 2070260425 54496623 10028512
0b000c01 0b00c201 10013 100 30914 2085351100 39419617 10015272
0b000701 0b00c601 10009 100 178903 2071448970 53345407 10027679
0b000401 0b00c701 10007 100 9242 2077162523 47696530 10013457
0b000201 0b00c101 10010 100 76446 2084568203 40343042 10019091
0b000201 0b00ce01 10012 100 46281 2085005774 39932287 10016562
0b000801 0b00c301 10010 100 48994 2077341784 47597717 10016787
0b000701 0b00c701 10016 100 6487 2075838828 49194260 10013225
0b000701 0b00cd01 10006 100 1534810 2050439941 74609424 10141359
0b000c01 0b00ce01 10029 100 44571 2085238917 39816031 10016418
0b000701 0b00cd01 10007 100 1323583 2056368094 68766168 10123650
0b000a01 0b00c101 10011 100 67743 2065953432 59183723 10018360
0b000f01 0b00c001 10009 100 13641 2076345282 48796890 10013825
0b000701 0b00cf01 10011 100 28428 2067532788 57616957 10015065
0b000c01 0b00c501 10005 100 120271 2065993992 59197434 10022766
0b000001 0b00c601 10006 100 6133 2077714245 47558097 10013197
0b000801 0b00ce01 10014 100 5803 2075830686 49480002 10013167
0b000c01 0b00c001 10012 100 67957 2086531545 38842411 10018377
0b000101 0b00ca01 10009 100 115633 2074967468 50408363 10022376
0b000601 0b00c101 10014 100 46227 2085298020 40116983 10016558
0b000a01 0b00c801 10012 100 9801 2078615722 46800008 10013502
0b000701 0b00ce01 10010 100 719818 2070500965 54923420 10073030
0b000e01 0b00c301 10010 100 61399 2085125195 40356341 10017830
0b000701 0b00c001 10012 100 7942 2088017132 37583688 10013346
0b000001 0b00c201 10013 100 3997 2088198628 37434184 10013015
0b000301 0b00ca01 10014 100 342843 2071713980 53927325 10041424
0b000e01 0b00cb01 10008 100 11810 2077508555 48148645 10013670
0b000801 0b00c401 10011 100 1570241 2055105006 70596634 10144331
0b000e01 0b00ce01 10003 100 114875 2073203361 52505661 10022311
0b000d01 0b00c301 10010 100 41413 2077231470 48505205 10016154
0b000601 0b00c401 10010 100 896864 2056176831 69610436 10087873
0b000a01 0b00ce01 10007 100 2702 2076078168 49738523 10012907
0b000601 0b00cc01 10014 100 27089 2065752242 60090803 10014954
0b000401 0b00ca01 10009 100 678 2066436501 59436971 10012738
0b000c01 0b00ca01 10007 100 2153179 2030617551 95274498 10193205
0b000101 0b00c701 10014 100 7746 2086759102 39163711 10013330
0b000701 0b00c201 10005 100 962972 2055125680 70802261 10093415
0b000601 0b00cb01 10010 100 44757 2077523203 48506348 10016433
0b000701 0b00c001 10002 100 2018750 2032231840 93821947 10181932
0b000f01 0b00ca01 10008 100 100955 2085370279 40713845 10021144
0b000101 0b00c201 10010 100 6484 2086992443 39096201 10013225
0b000b01 0b00c901 10006 100 1009157 2057543805 68562283 10097290
0b000501 0b00c701 10009 100 775315 2062510281 63652266 10077685
0b000201 0b00c901 10010 100 697076 2065168943 61024322 10071126
0b000301 0b00ca01 10003 100 3616706 2010208108 116022595 10315905
0b000301 0b00cb01 10012 100 21459 2078602328 47655220 10014481
0b000d01 0b00c101 10009 100 65766 2086294652 40067213 10018194
0b000e01 0b00c901 10007 100 76393 2075259372 51142347 10019087
0b000f01 0b00cb01 10011 100 73091 2086311318 40129953 10018811
0b000e01 0b00c701 10014 100 8554 2066725073 59727202 10013398
0b000a01 0b00c001 10006 100 78814 2085194915 41276456 10019288
0b000701 0b00cf01 10014 100 1088 2089089743 37399826 10012774
0b000001 0b00cc01 10009 100 699163 2062232810 64263433 10071301
0b000201 0b00c501 10009 100 36133 2067312283 59253154 10015712
0b000501 0b00c301 10005 100 1861162 2048329750 78358890 10168723
0b000101 0b00c701 10015 100 32912 2086870283 39831304 10015439
0b000401 0b00ca01 10011 100 62961 2078183944 48552641 10017958
0b000b01 0b00c301 10004 100 929276 2049841618 76923432 10090593
0b000101 0b00c601 10014 100 68116 2086276745 40541242 10018394
0b000101 0b00c001 10013 100 341431 2074360353 52543333 10041307
0b000c01 0b00c901 10007 100 16900 2067260894 59677932 10014097
0b000c01 0b00cf01 10010 100 17933 2077890646 49096829 10014183
0b000601 0b00c901 10007 100 1858166 2035723356 91294658 10168471
0b000d01 0b00cb01 10008 100 398275 2069911370 57128774 10046074
0b000e01 0b00c301 10008 100 9662 2078126958 48918061 10013491
0b000501 0b00c601 10011 100 2646 2077825526 49225681 10012903
0b000a01 0b00cf01 10010 100 352024 2081223865 45851686 10042197
0b000901 0b00c101 10009 100 27880 2077074295 50031565 10015017
0b000b01 0b00ca01 10006 100 181082 2065471222 61684623 10027865
0b000101 0b00cc01 10010 100 3233 2079727330 47455308 10012954
0b000001 0b00cf01 10010 100 943262 2059463431 67752618 10091765
0b000801 0b00c501 10010 100 8013 2090616080 36600357 10013355
0b000c01 0b00cc01 10005 100 9895 2069712535 57508317 10013510
0b000701 0b00c401 10015 100 62077 2088752465 38531921 10017888
0b000501 0b00cf01 10007 100 1927273 2047736248 79551129 10174265
0b000501 0b00cc01 10010 100 1029090 2054164672 73139543 10098962
0b000c01 0b00c101 10013 100 14026 2078345501 48987170 10013859
0b000001 0b00ca01 10008 100 6751 2079840118 47514999 10013246
0b000701 0b00c401 10009 100 789089 2073691637 53684195 10078840
0b000d01 0b00c401 10008 100 374758 2070908365 56542937 10044100
0b000201 0b00ce01 10014 100 5778 2089704499 37768488 10013165
0b000a01 0b00cd01 10010 100 36688 2077267362 50222241 10015757
0b000101 0b00c101 10009 100 7477 2069545337 58004878 10013308
0b000301 0b00cb01 10013 100 756 2080299473 47267399 10012744
0b000c01 0b00cd01 10012 100 186139 2075353209 52215948 10028289
0b000801 0b00cb01 10013 100 74409 2085758520 41872298 10018920
0b000e01 0b00ce01 10004 100 6706 2078870266 48769163 10013243
0b000301 0b00c901 10013 100 24819 2069020078 58675474 10014761
0b000401 0b00c701 10005 100 620490 2056268623 71471938 10064703
0b000b01 0b00ce01 10011 100 42457 2079887107 47880232 10016241
0b000e01 0b00cc01 10009 100 25400 2078479505 49309991 10014811
0b000901 0b00cf01 10009 100 2130858 2062048508 65762630 10191331
0b000d01 0b00cc01 10012 100 365522 2082709895 45119352 10043327
0b000201 0b00c401 10010 100 106348 2076747935 51081678 10021598
0b000001 0b00cf01 10011 100 890567 2059603011 68276427 10087346
0b000a01 0b00cc01 10014 100 101782 2079655928 48272808 10021214
0b000b01 0b00cf01 10012 100 5041 2087671972 40296186 10013106
0b000c01 0b00c301 10015 100 43677 2089681435 38299103 10016343
0b000e01 0b00c601 10009 100 1268199 2039674817 88339901 10119008
0b000001 0b00ce01 10019 100 493912 2079423782 48595479 10054089
0b000301 0b00cd01 10010 100 288438 2073987321 54053307 10036864
0b000401 0b00cb01 10008 100 755958 2056227407 71852863 10076059
0b000401 0b00cd01 10012 100 2905 2079105182 49040953 10012923
0b000c01 0b00c501 10009 100 5385 2079340677 48909550 10013133
0b000101 0b00ca01 10010 100 38487 2080416153 47850554 10015908
0b000a01 0b00c701 10014 100 68694 2090796847 37492437 10018440
0b000501 0b00c401 10009 100 21741 2080411787 47894023 10014503
0b000b01 0b00cd01 10009 100 76171 2068080117 60240153 10019069
0b000901 0b00c301 10013 100 49942 2081108823 47292761 10016867
0b000901 0b00cd01 10008 100 9740 2070649884 57753284 10013497
0b000801 0b00c301 10013 100 19069 2081509009 46896101 10014282
0b000001 0b00cf01 10015 100 1062913 2069067812 59395345 10101794
0b000c01 0b00c501 10007 100 21066 2070641532 57840501 10014449
0b000d01 0b00c801 10010 100 18129 2080426097 48057127 10014203
0b000401 0b00c901 10013 100 9916 2079393935 49146704 10013511
0b000e01 0b00c201 10007 100 1348323 2051507394 77109950 10125726
0b000301 0b00cb01 10017 100 396 2091095241 37539757 10012715
0b000801 0b00cd01 10007 100 7896 2078558418 50084046 10013342
0b000001 0b00c101 10006 100 36443 2080714951 47969896 10015737
0b000901 0b00c701 10005 100 54676 2087510406 41177146 10017265
0b000001 0b00c301 10008 100 145326 2076881885 51892476 10024866
0b000b01 0b00c001 10012 100 265478 2075469401 53305033 10034939
0b000f01 0b00cd01 10014 100 8846 2080912314 47885221 10013422
0b000601 0b00c501 10014 100 9274 2069557661 59322817 10013460
0b000701 0b00cd01 10009 100 193518 2085998655 42914894 10028906
0b000c01 0b00c101 10014 100 38149 2080469100 48456377 10015881
0b000e01 0b00c501 10009 100 22263 2069340438 59618073 10014549
0b000401 0b00c101 10006 100 16332 2071607489 57432379 10014051
0b000301 0b00c101 10012 100 36707 2081282191 47788654 10015758
0b000801 0b00c501 10007 100 49149 2081487623 47612967 10016803
0b000f01 0b00c901 10005 100 2927967 2033988533 95158317 10258160
0b000501 0b00c601 10013 100 24970 2079633176 49592575 10014773
0b000b01 0b00c801 10007 100 68729 2070320762 58911080 10018443
0b000d01 0b00cf01 10012 100 2718 2090199049 39067644 10012908
0b000901 0b00c101 10010 100 6966 2089071520 40217521 10013264
0b000a01 0b00cc01 10013 100 14702 2070368301 58965580 10013913
0b000c01 0b00c101 10012 100 1068397 2071125203 58267300 10102256
0b000f01 0b00cb01 10010 100 55582 2069547025 59913165 10017341
0b000701 0b00c001 10013 100 71087 2088710687 40767470 10018643
0b000d01 0b00cc01 10011 100 62377 2079720830 49767056 10017912
0b000301 0b00c701 10011 100 362324 2065519183 63974969 10043059
0b000501 0b00c701 10014 100 7788 2072056354 57481370 10013333
0b000601 0b00c101 10013 100 4014 2082085732 47616689 10013020
0b000d01 0b00c801 10008 100 1025705 2074660957 55054863 10098676
0b000d01 0b00c101 10007 100 21379 2081005226 48830394 10014474
0b000d01 0b00c901 10004 100 96749 2080399201 49447216 10020792
0b000701 0b00ca01 10008 100 28774 2080363891 49489000 10015093
0b000801 0b00c301 10012 100 4855 2079947124 49938373 10013087
0b000201 0b00cd01 10014 100 55067 2081941596 48014140 10017300
0b000801 0b00cd01 10012 100 45030 2092142174 37877588 10016459
0b000f01 0b00c701 10011 100 269479 2076555735 53484998 10035275
0b000201 0b00c701 10010 100 271442 2086498951 43635315 10035439
0b000101 0b00cd01 10014 100 68111 2080059133 50079392 10018393
0b000001 0b00c201 10011 100 23205 2080627681 49519861 10014628
0b000501 0b00c601 10010 100 36658 2072112650 58053014 10015754
0b000601 0b00c401 10012 100 7668 2070638493 59546095 10013324
0b000301 0b00c401 10010 100 505828 2071986610 58200962 10055089
0b000801 0b00c301 10011 100 20770 2079654448 50539715 10014422
0b000e01 0b00ce01 10005 100 3491 2081642233 48723838 10012974
0b000301 0b00c201 10013 100 22867 2082475665 47893536 10014597
0b000101 0b00cf01 10010 100 558 2092932562 37467411 10012728
0b000e01 0b00c901 10010 100 135921 2089994831 40467114 10024075
0b000201 0b00ca01 10010 100 704758 2069720291 60862597 10071767
0b000201 0b00c401 10012 100 43161 2090982587 39615989 10016301
0b000101 0b00ce01 10015 100 32645 2082536769 48083174 10015418
0b000901 0b00cb01 10009 100 81047 2092181292 38514711 10019478
0b000501 0b00c101 10015 100 1457959 2050403402 80308898 10134915
0b000301 0b00c601 10012 100 59914 2090819551 39985248 10017703
0b000e01 0b00c901 10009 100 4580 2082255587 48622409 10013065
0b000c01 0b00ce01 10020 100 1309596 2058671535 72242650 10122478
0b000401 0b00c901 10014 100 45112 2082843190 48130200 10016465
0b000801 0b00cf01 10006 100 85630 2070533471 60505816 10019860
0b000601 0b00c101 10011 100 50734 2070559205 60538626 10016934
0b000701 0b00cc01 10006 100 2024509 2037145767 93983733 10182416
0b000901 0b00c901 10009 100 6995 2080886099 50247506 10013266
0b000701 0b00c401 10013 100 7063 2081930298 49222997 10013275
0b000b01 0b00cb01 10008 100 7887 2074032875 57147102 10013341
0b000001 0b00c101 10005 100 1546786 2059491579 71702655 10142363
0b000001 0b00ca01 10010 100 6959 2083677312 47522900 10013263
0b000b01 0b00c001 10013 100 44649 2079902091 51333346 10016424
0b000801 0b00c201 10014 100 1115330 2063975875 67297191 10106191
0b000c01 0b00c101 10002 100 3281546 2010480826 120900591 10287806
0b000301 0b00c801 10011 100 12308 2083758432 47624200 10013714
0b000f01 0b00c401 10013 100 32170 2083092258 48304625 10015380
0b000b01 0b00c601 10007 100 2433289 2037348286 94111265 10216689
0b000701 0b00c801 10010 100 176775 2078320594 53151820 10027501
0b000f01 0b00c101 10016 100 114521 2082143417 49341201 10022283
0b000401 0b00cc01 10004 100 107117 2089927471 41632622 10021664
0b000c01 0b00cd01 10013 100 36421 2082365395 49315762 10015735
0b000801 0b00cb01 10012 100 87564 2083193763 48578080 10020023
0b000301 0b00ca01 10008 100 2227760 2046522641 85271557 10199456
0b000a01 0b00c401 10016 100 28298 2085140677 46686836 10015055
0b000401 0b00c701 10008 100 108471 2080302849 51529565 10021776
0b000a01 0b00c701 10013 100 52625 2073915362 57945787 10017093
0b000801 0b00cf01 10009 100 69589 2093098819 38779213 10018515
0b000701 0b00c201 10006 100 792519 2067252635 64755831 10079126
0b000301 0b00c001 10006 100 27661 2093028363 39043173 10015000
0b000e01 0b00c601 10015 100 49070 2072999440 59129179 10016797
0b000301 0b00cd01 10012 100 815144 2081350736 50892927 10081024
0b000601 0b00cf01 10012 100 50204 2084121693 48213682 10016892
0b000c01 0b00c801 10012 100 56013 2094383609 37996256 10017379
0b000b01 0b00ca01 10012 100 8405 2085656458 46743518 10013386
0b000a01 0b00c401 10005 100 2604183 2031388717 101036483 10231017
0b000401 0b00c201 10013 100 20132 2094954312 37607190 10014371
0b000901 0b00ca01 10010 100 5083 2085531373 47050408 10013109
0b000201 0b00c001 10010 100 43122 2092895117 39689670 10016298
0b000101 0b00c401 10008 100 3681110 2049469939 83138641 10321307
0b000801 0b00ce01 10019 100 16784 2091993929 40624917 10014088
0b000201 0b00c201 10006 100 101621 2072715813 59903328 10021201
0b000501 0b00ce01 10016 100 15427 2085112799 47538390 10013975
0b000301 0b00c901 10015 100 47593 2084688997 47984677 10016671
0b000c01 0b00cd01 10014 100 28614 2083505510 49279384 10015080
0b000101 0b00c401 10014 100 60141 2094161007 38639266 10017725
0b000601 0b00c801 10011 100 9274 2073661260 59251487 10013460
0b000201 0b00c301 10011 100 14950 2093981002 38957589 10013933
0b000601 0b00c001 10005 100 685813 2078532080 54410811 10070179
0b000401 0b00cf01 10015 100 627189 2082856864 50094105 10065266
0b000001 0b00cb01 10012 100 618132 2081476120 51521510 10064507
0b000901 0b00c501 10016 100 51177 2075298286 57713066 10016973
0b000701 0b00cf01 10015 100 31799 2092919925 40102826 10015346
0b000001 0b00c801 10015 100 64842 2084465739 48585237 10018116
0b000c01 0b00cd01 10007 100 2069385 2046973719 86077825 10186179
0b000901 0b00c701 10006 100 22271 2096187833 36902826 10014550
0b000901 0b00c801 10007 100 14344 2086454534 46651817 10013885
0b000401 0b00ca01 10010 100 36750 2075029945 58091261 10015762
0b000801 0b00c201 10012 100 878908 2061579844 71544013 10086368
0b000101 0b00cd01 10015 100 77548 2083008777 50144103 10019183
0b000301 0b00c401 10014 100 79492 2093325686 39920192 10019346
0b000a01 0b00ce01 10005 100 833611 2070683776 62566099 10082571
0b000801 0b00c801 10013 100 91502 2093796876 39460053 10020353
0b000c01 0b00cd01 10016 100 57479 2084563420 48755210 10017501
0b000601 0b00ce01 10009 100 397615 2077425638 56021735 10046017
0b000701 0b00cb01 10015 100 6558 2094132972 39352075 10013231
0b000101 0b00cc01 10011 100 28330 2083982778 49504570 10015057
0b000b01 0b00c101 10001 100 2890666 2028429143 105092939 10255034
0b000301 0b00c601 10006 100 2089490 2040207339 93390951 10187864
0b000101 0b00c701 10011 100 6080 2075549089 58051912 10013193
0b000d01 0b00cf01 10011 100 5793 2085789672 47832930 10013166
0b000c01 0b00c501 10010 100 24200 2085459268 48169670 10014712
0b000d01 0b00c201 10004 100 1537540 2048905539 84757423 10141589
0b000c01 0b00c001 10010 100 22257 2084477899 49245062 10014548
0b000901 0b00ce01 10012 100 44740 2092947824 40782134 10016432
0b000901 0b00ce01 10009 100 63298 2086291394 47445282 10017989
0b000b01 0b00cc01 10014 100 70310 2085183518 48588583 10018577
0b000401 0b00c101 10004 100 1633058 2054776889 79034521 10149599
0b000301 0b00ce01 10008 100 7518 2096031309 37788687 10013312
0b000d01 0b00cb01 10010 100 76629 2074430709 59420156 10019106
0b000d01 0b00c401 10011 100 22718 2085814806 48043767 10014585
0b000801 0b00c901 10006 100 72668 2081844697 52083774 10018773
0b000701 0b00c301 10012 100 71859 2083266651 50674479 10018705
0b000801 0b00cd01 10010 100 50202 2086217759 47729810 10016892
0b000801 0b00cb01 10014 100 64383 2086043457 47907614 10018080
0b000b01 0b00cb01 10009 100 22952 2083103713 50852134 10014604
0b000801 0b00cd01 10009 100 13751 2083534402 50481495 10013833
0b000d01 0b00ce01 10013 100 45675 2084571690 49492322 10016510
0b000c01 0b00ca01 10015 100 26181 2084715831 49385916 10014878
0b000f01 0b00ce01 10012 100 18226 2097119054 37019070 10014211
0b000e01 0b00ca01 10009 100 74120 2073848220 60307367 10018897
0b000401 0b00cb01 10013 100 26719 2096594994 37568861 10014921
0b000801 0b00c801 10011 100 35791 2076513611 57653036 10015681
0b000a01 0b00c901 10011 100 161645 2075228760 58979461 10026233
0b000601 0b00c201 10013 100 7242 2094648548 39608270 10013290
0b000c01 0b00c701 10013 100 66159 2084066972 50213339 10018230
0b000901 0b00ce01 10011 100 199285 2090072833 44339200 10029390
0b000101 0b00c401 10011 100 6069 2075766885 58675771 10013192
0b000e01 0b00c401 10016 100 44449 2084463284 50019972 10016408
0b000501 0b00cc01 10016 100 127781 2082222428 52274368 10023394
0b000f01 0b00c201 10009 100 70602 2084419463 50115111 10018600
0b000201 0b00c301 10010 100 157768 2082829364 51733793 10025908
0b000201 0b00c601 10006 100 1249795 2062728485 71852430 10117463
0b000501 0b00c801 10015 100 24319 2086666278 47966449 10014721
0b000a01 0b00c501 10007 100 20450 2074762041 59873793 10014396
0b000301 0b00c801 10012 100 37359 2085054513 49595060 10015814
0b000a01 0b00c801 10011 100 15770 2077814995 56837159 10014003
0b000001 0b00c201 10012 100 75529 2085623538 49028758 10019014
0b000301 0b00c301 10011 100 2465 2096595809 38062262 10012888
0b000101 0b00cf01 10012 100 1012 2096222577 38514878 10012768
0b000001 0b00ce01 10021 100 17360 2096382757 38368717 10014137
0b000d01 0b00cc01 10013 100 194229 2082939903 51852355 10028967
0b000e01 0b00c801 10017 100 57418 2075026561 59833810 10017496
0b000d01 0b00c001 10012 100 21499 2094656806 40208016 10014484
0b000901 0b00c801 10008 100 28778 2088231480 46641400 10015093
0b000a01 0b00c301 10012 100 142482 2086495765 48380167 10024627
0b000b01 0b00c201 10009 100 6331 2084753361 50171082 10013213
0b000a01 0b00cc01 10016 100 166031 2086323054 48605314 10026603
0b000a01 0b00c501 10004 100 1571713 2063327986 71629367 10144453
0b000a01 0b00cc01 10018 100 134890 2092729893 42249589 10023989
0b000d01 0b00cf01 10010 100 7461 2077074451 57954026 10013307
0b000e01 0b00c801 10009 100 2106179 2032572238 102466592 10189265
0b000b01 0b00cd01 10010 100 32823 2074723924 60373416 10015432
0b000c01 0b00c201 10015 100 105662 2093321828 41827647 10021540
0b000e01 0b00ca01 10011 100 9484 2095285624 39872812 10013477
0b000b01 0b00c401 10007 100 1743 2098435423 36734824 10012827
0b000901 0b00c601 10007 100 36378 2088265741 46944966 10015732
0b000801 0b00ce01 10017 100 6508 2088619346 46652660 10013227
0b000a01 0b00c201 10011 100 55925 2075225915 60065720 10017369
0b000f01 0b00c801 10010 100 1388552 2062651638 72641915 10129097
0b000c01 0b00cb01 10009 100 1945102 2061703757 73597015 10175760
0b000301 0b00c801 10009 100 1340275 2052101305 83224486 10125051
0b000901 0b00cb01 10011 100 53719 2097653720 37682317 10017184
0b000d01 0b00c501 10009 100 42080 2085570865 49768480 10016211
0b000301 0b00cd01 10011 100 36826 2075818211 59526237 10015768
0b000b01 0b00c201 10010 100 11101 2088641208 46705670 10013614
0b000901 0b00c301 10012 100 349046 2078842627 56536303 10041947
0b000501 0b00ca01 10005 100 952807 2059394681 76000114 10092564
0b000101 0b00c901 10005 100 62616 2085254856 50200734 10017931
0b000f01 0b00c101 10021 100 125625 2096770011 38689902 10023213
0b000401 0b00c601 10009 100 72216 2084795519 50719835 10018737
0b000701 0b00ca01 10009 100 134935 2085664529 49904671 10023993
0b000801 0b00c101 10013 100 69589 2097010078 38599847 10018515
0b000201 0b00c001 10009 100 4831 2088205186 47413617 10013085
0b000b01 0b00c901 10011 100 3151 2079181042 56451000 10012947
0b000d01 0b00c101 10008 100 120615 2086144054 49585013 10022793
0b000001 0b00c401 10014 100 48680 2096724127 39079148 10016762
0b000601 0b00c401 10014 100 7100 2088250983 47559398 10013278
0b000601 0b00c001 10004 100 24706 2076373189 59528599 10014752
0b000e01 0b00c201 10010 100 690314 2068763489 67154900 10070558
0b000301 0b00c701 10006 100 2993639 2038474354 97478974 10263668
0b000101 0b00c101 10011 100 28956 2077868415 58121870 10015107
0b000601 0b00ce01 10013 100 34497 2095942518 40061603 10015574
0b000801 0b00cd01 10011 100 124867 2086407230 49702073 10023149
0b000e01 0b00cd01 10015 100 76588 2075881863 60258204 10019102
0b000601 0b00cb01 10011 100 17734 2088576503 47580473 10014167
0b000c01 0b00ce01 10027 100 46157 2076603968 59556653 10016553
0b000101 0b00cd01 10013 100 4280 2078570872 57598100 10013041
0b000201 0b00ce01 10013 100 4751 2087237605 48957550 10013079
0b000e01 0b00cb01 10009 100 15834 2088567293 47676752 10014008
0b000f01 0b00c101 10018 100 34082 2086595398 49677796 10015540
0b000801 0b00c301 10015 100 50509 2088638648 47712989 10016916
0b000801 0b00c101 10012 100 30209 2085411902 50962007 10015215
0b000f01 0b00cc01 10007 100 161948 2075391290 61023114 10026257
0b000a01 0b00ca01 10002 100 4325220 2013509791 122935591 10375309
0b000201 0b00c601 10007 100 744071 2063771844 72684228 10075066
0b000901 0b00c101 10011 100 1621 2090012182 46548355 10012817
0b000f01 0b00cf01 10015 100 22765 2087291220 49293469 10014589
0b000601 0b00c301 10003 100 102608 2076713295 59878443 10021284
0b000301 0b00c001 10007 100 6484 2098381541 38308717 10013225
0b000a01 0b00c401 10017 100 27920 2086214861 50524221 10015021
0b000201 0b00c101 10011 100 4601 2089397060 47441976 10013067
0b000601 0b00c401 10013 100 9931 2087364766 49495034 10013512
0b000201 0b00c301 10009 100 69640 2076489758 60387467 10018520
0b000201 0b00c301 10008 100 77068 2076395644 60500758 10019144
0b000d01 0b00c601 10011 100 33186 2096258777 40652322 10015465
0b000901 0b00c901 10008 100 59927 2079496408 57455315 10017704
0b000601 0b00c501 10015 100 13718 2089333958 47661094 10013831
0b000f01 0b00c101 10019 100 36077 2088935672 48156553 10015708
0b000401 0b00cb01 10011 100 158024 2086845986 50432918 10025932
0b000001 0b00cf01 10017 100 75765 2078368500 58939808 10019033
0b000501 0b00ca01 10007 100 718084 2072828680 64506329 10072887
0b000601 0b00cc01 10011 100 1894660 2048156780 89251603 10171529
0b000301 0b00c301 10008 100 20129 2089618218 47983607 10014370
0b000401 0b00c401 10015 100 13628 2098019094 39597605 10013824
0b000a01 0b00c101 10014 100 92000 2089987291 47660225 10020393
0b000a01 0b00c201 10010 100 1866135 2072254859 65402452 10169140
0b000d01 0b00c601 10012 100 158211 2098229796 39467712 10025947
0b000501 0b00cd01 10009 100 4747 2088252992 49461381 10013078
0b000f01 0b00c401 10014 100 167097 2087434097 50287585 10026692
0b000c01 0b00ca01 10016 100 13120 2090017496 47709568 10013783
0b000301 0b00c501 10011 100 21420 2088441281 49295981 10014478
0b000401 0b00cd01 10014 100 60891 2097130250 40617678 10017785
0b000701 0b00c201 10004 100 1267949 2050735421 87016120 10118985
0b000101 0b00cf01 10009 100 579917 2079385970 58410172 10061300
0b000101 0b00c201 10008 100 1474960 2067967598 69931486 10136340
0b000b01 0b00c101 10008 100 26985 2080521928 57390849 10014942
0b000701 0b00cd01 10002 100 2798273 2016092383 121865806 10247290
0b000801 0b00c401 10013 100 975 2091400228 46563538 10012761
0b000501 0b00cd01 10010 100 25738 2089933634 48100919 10014838
0b000e01 0b00c201 10013 100 66564 2096503965 41530807 10018262
0b000601 0b00c001 10006 100 1518 2078904175 59142312 10012809
0b000f01 0b00c701 10013 100 161459 2095280530 42783819 10026218
0b000501 0b00c001 10008 100 73972 2087155099 50952070 10018881
0b000201 0b00cf01 10010 100 964060 2082967202 55192010 10093510
0b000001 0b00c101 10007 100 48019 2088015341 50152623 10016709
0b000b01 0b00ca01 10011 100 12396 2081460826 56711035 10013721
0b000701 0b00c701 10018 100 374326 2083498366 54722518 10044066
0b000f01 0b00cc01 10010 100 9921 2090943300 47389411 10013512
0b000301 0b00c401 10012 100 751903 2088490374 49855990 10075719
0b000301 0b00cc01 10007 100 1127715 2071652005 66751783 10107228
0b000f01 0b00cb01 10013 100 25075 2097939761 40497051 10014785
0b000501 0b00c901 10009 100 3963 2099320652 39234404 10013012
0b000e01 0b00cf01 10008 100 817308 2066164168 72393124 10081205
0b000f01 0b00c501 10006 100 2346419 2047865387 90779569 10209406
0b000201 0b00ce01 10018 100 182472 2097516107 41132765 10027980
0b000b01 0b00cc01 10013 100 28274 2078034774 60635060 10015053
0b000301 0b00ca01 10015 100 52690 2080456872 58214871 10017098
0b000e01 0b00cc01 10012 100 5474 2089396391 49356821 10013140
0b000b01 0b00c601 10016 100 11423 2078694059 60112689 10013639
0b000f01 0b00c901 10010 100 24861 2089190093 49635596 10014764
0b000801 0b00c701 10011 100 30944 2088109842 50717443 10015274
0b000f01 0b00c101 10015 100 54065 2079997575 58888950 10017216
0b000401 0b00c401 10012 100 638411 2069038249 69892645 10066206
0b000501 0b00cc01 10014 100 173059 2077115044 61817308 10027192
0b000f01 0b00c701 10010 100 910284 2075827546 63126845 10089000
0b000b01 0b00c101 10009 100 1053 2082321754 56650092 10012771
0b000e01 0b00c301 10011 100 48942 2090635653 48367750 10016783
0b000901 0b00c501 10013 100 1373950 2069594610 69427241 10127872
0b000d01 0b00ce01 10018 100 38082 2098161241 40869198 10015876
0b000801 0b00c101 10011 100 21114 2078674775 60377408 10014453
0b000b01 0b00cf01 10011 100 39335 2078110892 60970647 10015980
0b000601 0b00c701 10010 100 158747 2088483513 50639915 10025990
0b000c01 0b00c801 10011 100 4352 2091829831 47334217 10013047
0b000d01 0b00c801 10011 100 53349 2080691054 58480790 10017155
0b000b01 0b00cc01 10015 100 99930 2086320482 52881466 10021058
0b000b01 0b00c801 10009 100 36026 2078220818 61089023 10015704
0b000501 0b00c701 10015 100 216510 2074894507 64496838 10030834
0b000601 0b00c801 10010 100 1529102 2069952933 69460284 10140883
0b000f01 0b00cd01 10018 100 75108 2091077654 48442825 10018980
0b000901 0b00c901 10010 100 33688 2088563449 50961404 10015505
0b000d01 0b00c401 10009 100 1019193 2084503826 55033953 10098132
0b000f01 0b00cd01 10015 100 9046 2081555498 57983108 10013442
0b000501 0b00ce01 10018 100 39587 2089119263 50438717 10016000
0b000001 0b00ca01 10006 100 1270692 2054527197 85032964 10119216
0b000801 0b00c801 10012 100 8540 2092906659 46668012 10013397
0b000901 0b00ca01 10011 100 5742 2093103703 46480118 10013162
0b000001 0b00cd01 10005 100 7838 2090525622 49062707 10013337
0b000601 0b00ca01 10009 100 1007 2090211779 49404917 10012768
0b000001 0b00cb01 10003 100 3876266 2025467207 114187781 10337668
0b000b01 0b00c001 10015 100 37964 2092079170 47602438 10015863
0b000301 0b00c001 10005 100 25930 2091827917 47913160 10014854
0b000801 0b00cf01 10003 100 2935984 2046190567 93666749 10258832
0b000501 0b00c301 10013 100 12028 2080680199 59295707 10013692
0b000201 0b00c501 10007 100 1473167 2055219865 84917325 10136193
0b000c01 0b00c001 10013 100 828162 2087386115 52787759 10082116
0b000901 0b00c501 10017 100 29492 2089622273 50575858 10015154
0b000001 0b00c201 10014 100 321558 2094386651 45842758 10039641
0b000f01 0b00c301 10014 100 88467 2098367918 41895320 10020099
0b000801 0b00cd01 10008 100 34410 2082904230 57372787 10015567
0b000801 0b00c501 10009 100 15411 2089985144 50321028 10013974
0b000301 0b00ce01 10007 100 12661 2092651635 47656738 10013742
0b000c01 0b00ca01 10014 100 66454 2080253184 60093098 10018253
0b000f01 0b00c101 10012 100 1811894 2068574771 71799167 10164589
0b000401 0b00cb01 10012 100 20409 2090796815 49690435 10014393
0b000e01 0b00cd01 10016 100 894609 2078434232 62085828 10087685
0b000201 0b00c901 10012 100 8495 2082881994 57670769 10013394
0b000601 0b00cc01 10015 100 441649 2071940473 68705235 10049709
0b000a01 0b00c601 10005 100 4128 2093964983 46758051 10013029
0b000c01 0b00c501 10011 100 188951 2089924018 50815346 10028521
0b000f01 0b00c401 10015 100 65907 2092639348 48131342 10018206
0b000e01 0b00c401 10012 100 583737 2065686526 75178788 10061621
0b000c01 0b00cf01 10011 100 11781 2091305469 49595727 10013668
0b000501 0b00ce01 10019 100 555211 2091258272 49792699 10059231
0b000d01 0b00c101 10012 100 189788 2097418122 43722200 10028592
0b000901 0b00c801 10009 100 45428 2093878020 47282312 10016490
0b000301 0b00c501 10012 100 142369 2091185911 49982628 10024618
0b000201 0b00c701 10009 100 9767 2083605520 57588187 10013499
0b000201 0b00c001 10008 100 1053281 2074459078 66802407 10100989
0b000301 0b00cb01 10018 100 2498 2092566757 48723374 10012891
0b000101 0b00c501 10011 100 1713021 2067524412 73829777 10156303
0b000501 0b00cd01 10011 100 36888 2091022605 50335616 10015773
0b000c01 0b00cc01 10006 100 1174917 2071311490 70087382 10111185
0b000201 0b00cc01 10010 100 152477 2090856446 50546301 10025465
0b000101 0b00ca01 10011 100 50127 2082031576 59384957 10016886
0b000a01 0b00cc01 10015 100 157333 2082034548 59411339 10025873
0b000701 0b00c901 10007 100 963 2084215449 57272793 10012760
0b000701 0b00c601 10010 100 54334 2091334028 50213207 10017237
0b000c01 0b00c701 10011 100 1535744 2065203432 76374167 10141437
0b000401 0b00c601 10011 100 583 2092444881 49173253 10012730
0b000501 0b00c901 10008 100 1838 2094476369 47211461 10012834
0b000f01 0b00c801 10013 100 1101308 2075858521 65844960 10105016
0b000901 0b00ce01 10010 100 193215 2087745792 53995936 10028882
0b000201 0b00c101 10013 100 17911 2092606122 49173731 10014182
0b000301 0b00cd01 10013 100 18739 2084126701 57666677 10014252
0b000301 0b00c801 10010 100 1092614 2074814991 66995093 10104286
0b000e01 0b00c501 10010 100 382470 2082985692 58863272 10044748
0b000e01 0b00c501 10012 100 4441 2092346945 49533608 10013054
0b000a01 0b00ca01 10010 100 412 2091835581 50048457 10012716
0b000001 0b00c901 10010 100 157196 2090981531 51176738 10025862
0b000401 0b00c701 10010 100 64775 2091421709 50814052 10018111
0b000c01 0b00cf01 10007 100 1374460 2066374477 75948503 10127916
0b000401 0b00c501 10021 100 21763 2094847054 47554606 10014505
0b000c01 0b00c501 10012 100 1974 2095660876 46752233 10012845
0b000401 0b00c001 10010 100 24042 2094829550 47642206 10014699
0b000e01 0b00cc01 10011 100 47460 2083519982 58966940 10016661
0b000201 0b00ce01 10017 100 15905 2093524536 49049307 10014013
0b000501 0b00c301 10016 100 43553 2094363592 48317494 10016333
0b000f01 0b00c101 10017 100 15538 2084779042 57905138 10013984
0b000101 0b00cd01 10009 100 1366623 2066140362 76573309 10127259
0b000f01 0b00c801 10015 100 288209 2088248645 54479997 10036846
0b000101 0b00cb01 10012 100 657938 2082590503 60146959 10067841
0b000c01 0b00c901 10008 100 406662 2077194841 65550882 10046775
0b000201 0b00c801 10013 100 9233 2094735114 48026539 10013457
0b000c01 0b00cf01 10012 100 24432 2092905489 49902461 10014730
0b000f01 0b00c001 10011 100 51583 2095395916 47558867 10017006
0b000201 0b00c501 10013 100 18156 2094094259 48886842 10014205
0b000a01 0b00cb01 10014 100 68665 2095415033 47661769 10018438
0b000801 0b00c601 10014 100 26715 2095704872 47384700 10014920
0b000901 0b00ca01 10012 100 32968 2095820654 47276108 10015444
0b000901 0b00ce01 10014 100 23238 2096382973 46718792 10014631
0b000d01 0b00c401 10010 100 2665 2085369551 57772927 10012904
0b000b01 0b00cb01 10011 100 26921 2092225668 50925309 10014937
0b000201 0b00c401 10013 100 4776 2095371403 47816341 10013081
0b000a01 0b00c401 10015 100 58732 2082095107 61177337 10017605
0b000301 0b00c301 10010 100 14413 2094521118 48754742 10013890
0b000701 0b00c201 10011 100 296809 2088128896 55197708 10037565
0b000e01 0b00ca01 10010 100 74634 2092006383 51353270 10018938
0b000f01 0b00c901 10011 100 56270 2092811573 50596074 10017400
0b000801 0b00c401 10012 100 1427356 2072395026 71060702 10132352
0b000201 0b00c101 10014 100 5346 2094617173 48883845 10013130
0b000901 0b00c201 10010 100 1408103 2079826700 63684020 10130738
0b000301 0b00c501 10007 100 895462 2068784323 74806685 10087757
0b000d01 0b00ce01 10017 100 63715 2095750575 47863468 10018022
0b000c01 0b00cc01 10009 100 501161 2098041047 45633460 10054700
0b000201 0b00cf01 10011 100 9448 2084683763 59050174 10013474
0b000801 0b00c901 10008 100 14967 2086557609 57197213 10013934
0b000101 0b00ce01 10017 100 187862 2093259355 50524967 10028430
0b000601 0b00ca01 10010 100 79772 2092662530 51154228 10019368
0b000201 0b00ca01 10011 100 27634 2094738529 49149735 10014998
0b000701 0b00c401 10012 100 163553 2081085498 62806239 10026394
0b000601 0b00c101 10012 100 879624 2075635938 68365517 10086429
0b000a01 0b00c301 10013 100 14662 2087382712 56665875 10013910
0b000d01 0b00c701 10010 100 42963 2084451056 59621610 10016282
0b000f01 0b00cf01 10014 100 654256 2086325766 57765977 10067535
0b000001 0b00ce01 10017 100 1112002 2063351023 80767922 10105914
0b000501 0b00c201 10006 100 317887 2086451181 57682369 10039332
0b000d01 0b00cf01 10013 100 33881 2096799959 47349555 10015521
0b000801 0b00c901 10007 100 20740 2083677347 60486154 10014419
0b000401 0b00cf01 10011 100 862838 2070266172 73993074 10085020
0b000a01 0b00ce01 10013 100 9032 2087637592 56633786 10013440
0b000d01 0b00c801 10012 100 668421 2096515777 47770968 10068722
0b000e01 0b00c101 10011 100 30988 2097094679 47216601 10015278
0b000601 0b00cd01 10016 100 33430 2096603063 47727101 10015484
0b000701 0b00cc01 10010 100 1587468 2062075217 82338669 10145775
0b000a01 0b00cb01 10011 100 2655180 2055593671 88905333 10235293
0b000f01 0b00c401 10007 100 2286180 2043982538 100585360 10204356
0b000901 0b00c301 10015 100 3645 2098067161 46551606 10012986
0b000201 0b00c001 10012 100 5678 2096545014 48095606 10013157
0b000b01 0b00c001 10011 100 471860 2072711985 71938543 10052241
0b000b01 0b00c101 10010 100 4610 2094438164 50219526 10013068
0b000a01 0b00ca01 10012 100 238148 2093973999 50709030 10032649
0b000001 0b00c701 10007 100 6462 2096673935 48110983 10013223
0b000101 0b00c301 10008 100 23770 2096860641 47984313 10014673
0b000501 0b00c701 10008 100 1513135 2057459045 87438483 10139544
0b000b01 0b00c901 10016 100 57985 2093191344 51718086 10017541
0b000001 0b00cc01 10014 100 54505 2094973846 49969428 10017251
0b000701 0b00c601 10012 100 8625 2095392055 49586681 10013404
0b000f01 0b00c801 10007 100 2552675 2048024648 96960136 10226697
0b000301 0b00cf01 10011 100 56695 2085118918 59955689 10017434
0b000701 0b00ce01 10016 100 31949 2095381956 49699523 10015358
0b000901 0b00cf01 10014 100 31982 2084487412 60615783 10015361
0b000601 0b00cf01 10015 100 26484 2097363107 47745595 10014902
0b000701 0b00cd01 10010 100 727195 2093157430 51969321 10073651
0b000001 0b00cc01 10015 100 25508 2095798933 49333735 10014820
0b000401 0b00c501 10016 100 1994832 2058944868 86189574 10179927
0b000201 0b00c301 10012 100 77937 2095503154 49774994 10019214
0b000301 0b00c101 10011 100 1037388 2080539711 64837703 10099656
0b000a01 0b00cd01 10011 100 71354 2093978520 51435351 10018664
0b000a01 0b00c901 10012 100 68285 2088022456 57404007 10018407
0b000f01 0b00c201 10012 100 5671 2095630626 49857325 10013156
0b000901 0b00c701 10003 100 1123518 2075145705 70356262 10106877
0b000301 0b00c501 10008 100 1639383 2070080756 75423114 10150128
0b000201 0b00c401 10008 100 1575208 2068669025 76863671 10144748
0b000401 0b00cf01 10016 100 27245 2095627016 49905705 10014967
0b000501 0b00c501 10014 100 1064216 2062933285 82606969 10101906
0b000601 0b00c401 10015 100 192257 2094299937 51266688 10028801
0b000f01 0b00c201 10010 100 33194 2087412738 58178079 10015466
0b000701 0b00c301 10013 100 11812 2096038356 49697622 10013671
0b000301 0b00c001 10004 100 30527 2087843310 57908225 10015241
0b000101 0b00c701 10016 100 24517 2097470325 48316149 10014737
0b000401 0b00cd01 10015 100 23431 2098200337 47591884 10014646
0b000501 0b00c501 10017 100 441576 2077534793 68337530 10049703
0b000f01 0b00c401 10016 100 8611 2095927282 50039159 10013403
0b000001 0b00c701 10008 100 12683 2097182673 48789608 10013744
0b000001 0b00c401 10012 100 642614 2083410837 62563324 10066558
0b000b01 0b00c901 10008 100 1062348 2063643535 82370594 10101749
0b000d01 0b00c401 10012 100 491122 2087297568 58727968 10053859
0b000001 0b00c301 10010 100 74919 2095871598 50182765 10018961
0b000601 0b00c701 10012 100 7079 2098870477 47456189 10013277
0b000701 0b00c201 10012 100 7226 2099227023 47144366 10013288
0b000601 0b00c701 10011 100 22980 2096652662 49755959 10014606
0b000501 0b00c701 10017 100 24209 2098771242 47662187 10014712
0b000c01 0b00cc01 10008 100 1503306 2077077742 69395470 10138719
0b000501 0b00ce01 10017 100 72399 2087136040 59396095 10018752
0b000201 0b00cc01 10007 100 2729010 2051156601 95436378 10241484
0b000701 0b00c501 10010 100 61828 2098454139 48156282 10017864
0b000201 0b00c801 10012 100 1186035 2077340739 69340574 10112120
0b000f01 0b00c301 10015 100 49699 2099364033 47348227 10016847
0b000e01 0b00c001 10008 100 48846 2095901238 51023373 10016775
0b000601 0b00ce01 10012 100 163337 2094194861 52744107 10026376
0b000301 0b00cc01 10010 100 8804 2098668743 48277097 10013418
0b000601 0b00ca01 10001 100 4432807 2025244944 121814210 10384327
0b000d01 0b00c201 10009 100 55989 2096034824 51061942 10017374
0b000a01 0b00cc01 10019 100 20609 2096476551 50628520 10014409
0b000701 0b00c301 10014 100 681084 2099245849 47877041 10069785
0b000a01 0b00c501 10005 100 1942693 2067217411 79981723 10175556
0b000001 0b00cb01 10013 100 792780 2091112611 56097222 10079147
0b000701 0b00cf01 10016 100 32672 2097396065 49862134 10015420
0b000501 0b00c501 10015 100 1415560 2064885691 82376974 10131362
0b000801 0b00c601 10008 100 788451 2073589813 73677485 10078785
0b000301 0b00ca01 10017 100 6221 2099430282 47936288 10013204
0b000e01 0b00c401 10017 100 46376 2089053912 58335160 10016570
0b000d01 0b00cc01 10014 100 74761 2096009892 51391217 10018948
0b000901 0b00c401 10010 100 26356 2096883792 50543076 10014892
0b000b01 0b00c901 10012 100 2387 2087252864 60251139 10012882
0b000201 0b00c201 10009 100 37502 2098671293 48876129 10015826
0b000401 0b00cf01 10001 100 11926226 2004723937 142897586 11012577
0b000b01 0b00cc01 10016 100 45468 2096136400 51489915 10016494
0b000001 0b00c701 10009 100 666 2099706664 48002298 10012737
0b000a01 0b00c501 10008 100 17059 2097252178 50500481 10014113
0b000401 0b00c201 10012 100 4804 2088408291 59423337 10013083
0b000a01 0b00c101 10012 100 2154609 2067578828 80259719 10193323
0b000b01 0b00ce01 10013 100 223 2087758161 60184719 10012701
0b000f01 0b00cd01 10017 100 47616 2088090231 59885757 10016673
0b000f01 0b00c301 10012 100 28602 2097476658 50504121 10015079
0b000a01 0b00cf01 10011 100 989408 2086033454 61975536 10095634
0b000201 0b00c501 10012 100 400273 2092538361 55502843 10046241
0b000d01 0b00c401 10013 100 5872 2089074463 59078398 10013172
0b000301 0b00c701 10013 100 9585 2090497300 57866516 10013485
0b000501 0b00c301 10017 100 26059 2098512980 49923635 10014868
0b000101 0b00ce01 10016 100 13717 2089333520 59125044 10013831
0b000401 0b00cd01 10011 100 1096011 2077118272 71348753 10104573
0b000401 0b00ce01 10016 100 9921 2099091855 49383563 10013512
0b000101 0b00cd01 10016 100 1640 2090833948 57651568 10012818
0b000b01 0b00c901 10013 100 20722 2087618770 60893276 10014418
0b000901 0b00c901 10011 100 32056 2097872924 50689518 10015371
0b000b01 0b00c401 10006 100 399449 2086568199 62016934 10046171
0b000101 0b00ca01 10013 100 9787 2090585225 58006232 10013501
0b000001 0b00c601 10007 100 47836 2088790246 59936224 10016691
0b000401 0b00c501 10020 100 58248 2088210145 60567873 10017566
0b000b01 0b00c601 10017 100 55612 2090864713 58007876 10017344
0b000201 0b00cd01 10015 100 53847 2089206777 59737599 10017195
0b000c01 0b00c701 10014 100 4475 2089777542 59257082 10013057
0b000801 0b00c801 10014 100 5805 2098924327 50276612 10013167
0b000601 0b00c001 10007 100 977645 2078915751 70298507 10094647
0b000001 0b00c401 10013 100 16711 2091298017 57917923 10014082
0b000701 0b00cf01 10017 100 65680 2098567676 50663661 10018187
0b000601 0b00c201 10009 100 1761244 2060972632 88261762 10160345
0b000101 0b00cb01 10014 100 929464 2085737470 63531294 10090608
0b000a01 0b00c501 10009 100 69246 2097957850 51320346 10018488
0b000101 0b00cc01 10013 100 20067 2089768385 59579869 10014366
0b000701 0b00c701 10012 100 2167489 2057227827 92124111 10194404
0b000601 0b00c001 10008 100 10851 2091888287 57496555 10013590
0b000501 0b00cf01 10010 100 25910 2091559586 57835678 10014852
0b000501 0b00c101 10019 100 175241 2087723809 61726537 10027375
0b000301 0b00c901 10009 100 2177428 2052684777 96838073 10195237
0b000501 0b00c701 10005 100 3382791 2034114664 115690600 10296294
0b000301 0b00cf01 10013 100 448723 2095298510 54544901 10050302
0b000801 0b00c201 10015 100 876081 2086055887 63914652 10086134
0b000801 0b00cf01 10008 100 378799 2089041180 61285061 10044439
0b000401 0b00c501 10019 100 1066412 2079491120 70994498 10102090
0b000c01 0b00c001 10015 100 54858 2099285039 51356463 10017279
0b000b01 0b00ca01 10013 100 71462 2091928382 58787620 10018673
0b000701 0b00c101 10008 100 584508 2082126536 68612658 10061687
0b000201 0b00ce01 10016 100 54075 2090894324 59907591 10017217
0b000201 0b00cd01 10016 100 23440 2091431215 59370937 10014647
0b000201 0b00c301 10006 100 1740198 2060787926 90058684 10158581
0b000201 0b00c101 10012 100 712718 2090068460 60783471 10072435
0b000301 0b00cb01 10016 100 212258 2088508161 62372850 10030478
0b000301 0b00c201 10015 100 445202 2096201588 54695811 10050008
0b000c01 0b00c801 10010 100 701577 2086750816 64173859 10071501
0b000d01 0b00cd01 10014 100 1258813 2090779555 60192054 10118219
0b000301 0b00c501 10009 100 576701 2084035045 67040221 10061031
0b000101 0b00cd01 10011 100 1419367 2071861063 79473799 10131682
0b000e01 0b00c301 10012 100 73782 2092729432 58633871 10018866
0b000d01 0b00c601 10005 100 3053434 2039906215 111509698 10268682
0b000401 0b00c001 10009 100 1929058 2054242090 97212102 10174415
0b000b01 0b00ce01 10008 100 1608787 2060762355 90725374 10147561
0b000c01 0b00c101 10017 100 101715 2099235525 52295653 10021208
0b000201 0b00cf01 10012 100 1505140 2093599479 58162591 10138874
0b000d01 0b00c601 10010 100 60075 2091214917 60581662 10017720
0b000d01 0b00c901 10005 100 21165 2091901319 59895487 10014457
0b000b01 0b00ce01 10009 100 1447257 2064426710 87427723 10134020
0b000301 0b00c401 10013 100 199193 2090941732 61025558 10029383
0b000001 0b00c601 10008 100 2801 2093562951 58477039 10012915
0b000d01 0b00c101 10006 100 1322221 2078436282 73674266 10123538
0b000001 0b00cc01 10004 100 3138954 2031749544 120475245 10275850
0b000401 0b00ce01 10014 100 1774679 2081279668 70946658 10161470
0b000701 0b00c901 10006 100 1868754 2082318329 69938548 10169357
0b000e01 0b00c501 10011 100 79155 2090835987 61422631 10019319
0b000a01 0b00c101 10016 100 3359 2095890541 56462803 10012964
0b000201 0b00cb01 10010 100 1659030 2074438983 77969711 10151776
0b000301 0b00c901 10016 100 22714 2093602438 59033801 10014585
0b000d01 0b00c101 10010 100 78469 2091853742 60903096 10019260
0b000501 0b00cc01 10011 100 1969131 2055580503 97330536 10177775
0b000901 0b00c201 10012 100 50928 2095354609 57660527 10016950
0b000501 0b00c301 10010 100 1296509 2073353958 79678057 10121381
0b000401 0b00c401 10013 100 1670664 2072615888 80464678 10152749
0b000501 0b00cf01 10011 100 77628 2091614122 61584557 10019189
0b000501 0b00c201 10002 100 2276235 2050583355 102773780 10203522
0b000601 0b00cd01 10015 100 71794 2092445172 60923276 10018700
0b000a01 0b00c701 10016 100 603304 2096191401 57267905 10063263
0b000601 0b00c601 10014 100 961524 2075574907 77894908 10093296
0b000601 0b00ce01 10011 100 1737161 2087129786 66400000 10158326
0b000001 0b00c101 10009 100 490989 2094823225 58722031 10053844
0b000901 0b00cb01 10010 100 532701 2092453719 61184869 10057342
0b000301 0b00c201 10012 100 1371176 2072160896 81651962 10127642
0b000001 0b00cd01 10006 100 878989 2097519568 56323554 10086374
0b000c01 0b00cd01 10017 100 7120 2094169567 59747118 10013280
0b000701 0b00c201 10010 100 618406 2084978672 69055659 10064529
0b000c01 0b00c201 10000 100 5017260 2008487087 145586594 10433329
0b000c01 0b00ca01 10013 100 1889726 2071074263 83128816 10171115
0b000001 0b00cb01 10010 100 1187736 2079808923 74530730 10112260
0b000b01 0b00c901 10005 100 1831105 2051113152 103229068 10166203
0b000301 0b00c401 10015 100 12091 2095681437 58672785 10013697
0b000601 0b00ca01 10008 100 1735050 2073224379 81189082 10158150
0b000201 0b00c401 10014 100 1390095 2096796687 57638181 10129229
0b000d01 0b00ce01 10016 100 24713 2094255226 60217731 10014753
0b000a01 0b00c901 10014 100 30572 2097702974 56797268 10015244
0b000501 0b00c401 10011 100 25679 2094636885 59946821 10014834
0b000f01 0b00c401 10017 100 108705 2096082336 58551616 10021794
0b000101 0b00cc01 10012 100 1981406 2089650988 65279944 10178803
0b000301 0b00cd01 10015 100 8650 2096341391 58788737 10013406
0b000401 0b00c401 10014 100 1572690 2089898267 65296252 10144535
0b000a01 0b00cc01 10012 100 2539594 2064479234 90787907 10225601
0b000c01 0b00cf01 10001 100 4179801 2014734379 140635507 10363115
0b000801 0b00c301 10009 100 1116875 2076402485 79061792 10106319
0b000f01 0b00ce01 10009 100 1304760 2084082820 71383430 10122072
0b000501 0b00cb01 10004 100 1304115 2078483438 76994416 10122020
0b000501 0b00ca01 10009 100 929388 2085144979 70589997 10090602
0b000501 0b00c101 10020 100 192270 2094121184 61672433 10028802
0b000201 0b00cc01 10011 100 722595 2098286836 57653443 10073263
0b000001 0b00ce01 10004 100 3411005 2029779254 126227785 10298662
0b000001 0b00c801 10011 100 1805932 2068728451 87456337 10164089
0b000501 0b00c501 10019 100 680831 2095611411 60647600 10069761
0b000901 0b00c201 10011 100 905834 2088328889 67965563 10088625
0b000d01 0b00c001 10010 100 1508922 2080061450 76282001 10139188
0b000d01 0b00c801 10000 100 4525965 2012244216 144269602 10392137
0b000f01 0b00cc01 10009 100 1011772 2090543802 66041059 10097507
0b000a01 0b00ce01 10015 100 68978 2098949837 57656696 10018463
0b000801 0b00c501 10008 100 422807 2088307826 68438104 10048128
0b000801 0b00c601 10013 100 942960 2093115649 63668947 10091737
0b000a01 0b00c901 10013 100 8822 2096615372 60281885 10013420
0b000e01 0b00cc01 10007 100 1621791 2064797946 92151568 10148651
0b000601 0b00c201 10011 100 823854 2082359702 74717977 10081752
0b000001 0b00c501 10008 100 23589 2098528749 58657782 10014659
0b000201 0b00c101 10016 100 34510 2098479944 58756784 10015575
0b000701 0b00cf01 10005 100 2673991 2038509834 118748916 10236867
0b000801 0b00c801 10006 100 1951666 2058788636 98509771 10176308
0b000f01 0b00c001 10010 100 1739104 2079090834 78285185 10158489
0b000f01 0b00cd01 10016 100 2220095 2086263579 71120885 10198816
0b000101 0b00c901 10006 100 2039917 2094609977 62872664 10183706
0b000101 0b00c701 10013 100 1019013 2082591423 74957582 10098117
0b000d01 0b00c601 10009 100 1723579 2083346276 74501347 10157186
0b000601 0b00cd01 10018 100 23316 2098139315 59730655 10014637
0b000601 0b00c601 10016 100 52975 2097431117 60438909 10017121
0b000101 0b00cb01 10013 100 1605717 2085035142 72918317 10147304
0b000101 0b00cf01 10008 100 3507643 2062593863 95380356 10306762
0b000901 0b00cf01 10015 100 1549586 2093055582 64927425 10142598
0b000701 0b00ce01 10011 100 1971374 2070911623 87217151 10177962
0b000001 0b00c801 10016 100 1833853 2086439742 71707497 10166430
0b000201 0b00c101 10009 100 1261210 2077392872 80767045 10118422
0b000001 0b00c901 10007 100 1478211 2068946624 89440689 10136616
0b000a01 0b00c401 10006 100 3504237 2031457362 126971163 10306478
0b000c01 0b00c201 10014 100 1052438 2088828654 69805248 10100918
0b000d01 0b00cb01 10011 100 1072035 2090424113 68257811 10102563
0b000601 0b00cd01 10017 100 993758 2097578225 61255041 10095997
0b000001 0b00c501 10007 100 254749 2094854772 64135180 10034039
0b000501 0b00c201 10007 100 1781878 2092605955 66544314 10162073
0b000401 0b00c801 10006 100 70049 2098336321 60902131 10018556
0b000d01 0b00c001 10009 100 1936954 2076011288 83266365 10175074
0b000301 0b00c401 10016 100 1879052 2097822633 61772377 10170223
0b000c01 0b00cd01 10018 100 121496 2097168673 62469467 10022868
0b000f01 0b00c701 10014 100 68297 2098321115 61351665 10018408
0b000801 0b00ce01 10013 100 1397134 2074768731 85110062 10129819
0b000601 0b00c301 10005 100 2027771 2098631627 61270192 10182689
0b000c01 0b00c101 10016 100 1164777 2094031740 66273226 10110335
0b000001 0b00c901 10011 100 790876 2094539727 65805149 10078987
0b000401 0b00ce01 10006 100 3462492 2024288600 136099361 10302977
0b000401 0b00c901 10011 100 1923625 2063146751 97305023 10173958
0b000b01 0b00c501 10009 100 1227251 2068212364 92549365 10115575
0b000f01 0b00c901 10003 100 4005285 2028592827 132282519 10348485
0b000601 0b00cf01 10014 100 1466677 2087811604 73155763 10135647
0b000901 0b00cd01 10009 100 1110260 2082989232 78200656 10105767
0b000f01 0b00ce01 10011 100 2323605 2095859735 65432592 10207492
0b000b01 0b00c001 10014 100 797533 2091699098 69704840 10079546
0b000601 0b00c801 10012 100 2166843 2078454933 83047824 10194348
0b000b01 0b00c901 10015 100 1672124 2092401988 69125204 10152874
0b000001 0b00c201 10015 100 966020 2094969648 66565465 10093674
0b000301 0b00c101 10013 100 1839890 2088665381 72889852 10166936
0b000001 0b00c201 10005 100 6002266 2019111706 142601332 10515912
0b000401 0b00c401 10016 100 855146 2099762608 61992770 10084378
0b000c01 0b00c001 10011 100 1444951 2084940872 76868834 10133824
0b000601 0b00c201 10012 100 907792 2086823383 75019500 10088790
0b000001 0b00c401 10001 100 3563392 2033836168 128125963 10311437
0b000301 0b00ce01 10004 100 2523670 2045875061 116243218 10224265
0b000701 0b00c301 10010 100 2427107 2066860559 95328873 10216172
0b000e01 0b00c101 10009 100 1822932 2066888242 95701271 10165514
0b000101 0b00c001 10005 100 7642332 2025205809 137405799 10653415
0b000c01 0b00ce01 10025 100 1479150 2073122049 89568433 10136695
0b000e01 0b00c601 10017 100 1082039 2092983473 69780962 10103401
0b000201 0b00c501 10011 100 1800541 2090896698 71998666 10163639
0b000801 0b00ce01 10016 100 748969 2085730947 77244528 10075473
0b000001 0b00c601 10009 100 1810827 2098709586 64269631 10164500
0b000501 0b00cb01 10003 100 2249442 2069066705 93949565 10201275
0b000801 0b00c801 10007 100 2002843 2060571889 102741154 10180598
0b000401 0b00c301 10009 100 1299071 2089215220 74153817 10121597
0b000501 0b00c301 10014 100 1474899 2088347967 75168240 10136335
0b000e01 0b00c201 10009 100 1654867 2063768438 99774828 10151424
0b000f01 0b00c401 10012 100 2481172 2075807949 87905145 10220704
0b000001 0b00cc01 10013 100 658159 2089902860 73853510 10067863
0b000e01 0b00c401 10015 100 1536114 2077745467 86046371 10141471
0b000d01 0b00c001 10013 100 1750060 2095337327 68685309 10159408
0b000b01 0b00ca01 10008 100 1199456 2071537656 92547872 10113244
0b000501 0b00c301 10015 100 1382871 2092422544 71784616 10128620
0b000201 0b00c001 10011 100 1536861 2094393456 69997992 10141530
0b000301 0b00c901 10006 100 6166265 2020084401 144369408 10529662
0b000501 0b00cf01 10012 100 972356 2098255436 66276650 10094204
0b000e01 0b00c801 10018 100 1853567 2075975187 88713295 10168084
0b000001 0b00cc01 10012 100 1291693 2089190138 75593041 10120976
0b000301 0b00cd01 10014 100 1742361 2092310390 72651307 10158762
0b000401 0b00cd01 10002 100 4227894 2021419112 143626365 10367147
0b000601 0b00cf01 10010 100 2901295 2072821912 92240455 10255927
0b000601 0b00cf01 10004 100 4609392 2041200417 124268601 10399133
0b000801 0b00c701 10009 100 1487700 2078362574 87162701 10137409
0b000401 0b00cd01 10006 100 3147253 2045314870 120301236 10276548
0b000c01 0b00cf01 10008 100 2490623 2071307823 94431907 10221495
0b000801 0b00ca01 10009 100 1767444 2092646189 73151257 10160864
0b000c01 0b00c001 10014 100 880056 2092806793 73017934 10086467
0b000201 0b00cb01 10013 100 1897132 2097899111 68026453 10171738
0b000101 0b00ce01 10013 100 1568936 2081354307 84657652 10144219
0b000401 0b00c101 10000 100 3022260 2022010080 144142900 10266069
0b000f01 0b00c301 10013 100 1702233 2097728291 68473636 10155398
0b000801 0b00c101 10004 100 5551785 2030134587 136141305 10478142
0b000d01 0b00c101 10011 100 734335 2092701292 73617457 10074249
0b000401 0b00c001 10005 100 4605972 2020119929 146413685 10398844
0b000001 0b00cd01 10003 100 2101424 2064265241 102296384 10188865
0b000501 0b00c601 10006 100 3416395 2046220536 120491150 10299112
0b000601 0b00c301 10002 100 2708968 2051966397 114745550 10239800
0b000401 0b00c601 10007 100 2602087 2051799611 114996816 10230842
0b000901 0b00c501 10014 100 2531555 2074498015 92332781 10224927
0b000101 0b00ce01 10018 100 1479506 2097195344 69822991 10136723
0b000301 0b00c801 10013 100 2308029 2086213659 81110224 10206188
0b000501 0b00c801 10014 100 1451601 2077716994 89609581 10134383
0b000401 0b00c901 10015 100 1964542 2085828724 81697086 10177388
0b000801 0b00ca01 10010 100 1216103 2092720352 74878260 10114641
0b000401 0b00c501 10022 100 580689 2097166355 70470906 10061366
0b000301 0b00ca01 10016 100 1897602 2094293411 73666636 10171776
0b000b01 0b00cc01 10007 100 3848089 2030950992 137026967 10335307
0b000801 0b00c501 10011 100 1666157 2092890417 75378925 10152373
0b000901 0b00cc01 10010 100 1500586 2095294753 72984887 10138490
0b000101 0b00c901 10004 100 2500782 2083539662 85024126 10222346
0b000701 0b00cb01 10016 100 982647 2095101845 73492695 10095066
0b000901 0b00ca01 10008 100 3002436 2064905898 103747865 10264406
0b000501 0b00c501 10018 100 1933469 2088107921 80602486 10174784
0b000801 0b00c901 10009 100 1097497 2098560899 70173682 10104696
0b000c01 0b00c301 10016 100 2167253 2091572894 77477457 10194385
0b000501 0b00c701 10010 100 1907068 2067274669 102018982 10172572
0b000001 0b00c301 10009 100 1697755 2087818888 81550251 10155020
0b000801 0b00ce01 10007 100 3877798 2041210371 128403907 10337795
0b000601 0b00c301 10004 100 2696358 2083533894 86152974 10238745
0b000b01 0b00c301 10005 100 1663872 2081488621 88259814 10152179
0b000e01 0b00c301 10013 100 1322292 2098244881 71706709 10123543
0b000e01 0b00c401 10014 100 1991763 2076341736 93913738 10179670
0b000f01 0b00c601 10014 100 1732152 2088281450 82021452 10157906
0b000301 0b00c101 10002 100 4974437 2011296968 159072545 10429738
0b000401 0b00cb01 10003 100 4055974 2035372379 135130783 10352732
0b000701 0b00cb01 10009 100 2865831 2032919451 137709163 10252951
0b000c01 0b00c701 10004 100 3050907 2019888808 150917816 10268468
0b000a01 0b00c701 10010 100 2536947 2058809946 112151703 10225377
0b000501 0b00c001 10009 100 1735595 2098118041 72899453 10158193
0b000501 0b00c801 10016 100 963026 2092324984 78702849 10093423
0b000a01 0b00c701 10012 100 3214828 2073375965 97747237 10282211
0b000c01 0b00cb01 10010 100 1958752 2074699727 96725686 10176902
0b000601 0b00c901 10004 100 4694659 2025892422 145811215 10406281
0b000b01 0b00c701 10009 100 1217845 2079986786 91803082 10114784
0b000d01 0b00cd01 10007 100 2922137 2033019084 138791519 10257675
0b000401 0b00c601 10010 100 1902732 2089748195 82104919 10172206
0b000201 0b00c701 10011 100 1742611 2089279680 82643843 10158782
0b000c01 0b00c001 10002 100 4938278 2022508374 149552688 10426708
0b000b01 0b00cf01 10001 100 9869125 2007980218 164148239 10840110
0b000c01 0b00c001 10000 100 4119649 2016929768 155217697 10358072
0b000901 0b00c601 10006 100 3308934 2087942925 84257408 10290101
0b000101 0b00c801 10006 100 2576464 2099847093 72377718 10228692
0b000101 0b00c501 10013 100 1961577 2084953725 87273395 10177140
0b000101 0b00cc01 10014 100 2843876 2096437918 75836537 10251111
0b000a01 0b00c201 10012 100 951975 2095486348 76819030 10092493
0b000201 0b00c201 10008 100 2521303 2076365184 95952390 10224068
0b000e01 0b00cf01 10011 100 1610195 2073554103 99160282 10147681
0b000001 0b00c501 10002 100 5572387 2027639054 145442298 10479871
0b000901 0b00c501 10009 100 4330903 2059593296 113637428 10375783
0b000201 0b00cc01 10009 100 3392473 2059173304 114151201 10297106
0b000201 0b00c601 10005 100 3355555 2049608888 123992472 10294011
0b000d01 0b00c301 10011 100 1744368 2087532152 86130282 10158930
0b000701 0b00c401 10017 100 1814071 2097269884 76466406 10164775
0b000e01 0b00ce01 10007 100 1905736 2099301651 74872437 10172457
0b000b01 0b00c601 10019 100 1451381 2097524104 76764099 10134366
0b000f01 0b00cd01 10019 100 2356097 2095514973 79430748 10210218
0b000301 0b00c401 10017 100 1283070 2099176974 75772453 10120256
0b000401 0b00c901 10016 100 1897397 2098235712 77604701 10171760
0b000801 0b00cd01 10013 100 1623386 2096379381 79623206 10148787
0b000b01 0b00c601 10002 100 5485934 2014931468 161115630 10472620
0b000d01 0b00ca01 10010 100 2060599 2094733188 81471079 10185442
0b000101 0b00cc01 10009 100 3186402 2074311185 102167635 10279830
0b000601 0b00c401 10016 100 2179252 2094343546 82295219 10195391
0b000101 0b00c701 10007 100 8684464 2051318442 125421181 10740787
0b000a01 0b00c201 10007 100 3374276 2049921212 127106588 10295582
0b000801 0b00c001 10009 100 5048542 2041766798 135348394 10435951
0b000201 0b00ce01 10015 100 2479134 2090546565 86611832 10220533
0b000101 0b00cf01 10011 100 1579920 2095963111 81238388 10145140
0b000b01 0b00c901 10009 100 2128732 2066935115 110270760 10191153
0b000d01 0b00c401 10006 100 3917161 2063723576 113623502 10341098
0b000401 0b00c501 10010 100 3317880 2031984097 145671696 10290851
0b000601 0b00cd01 10008 100 8024766 2036360818 141386089 10685477
0b000401 0b00c701 10006 100 3281304 2057884403 119871742 10287787
0b000a01 0b00cf01 10008 100 3860628 2055287981 122611238 10336356
0b000101 0b00c801 10004 100 7003308 2030946736 146980486 10599840
0b000901 0b00ca01 10013 100 5364416 2097097418 81055756 10462434
0b000701 0b00c601 10011 100 2301410 2094601841 83616153 10205632
0b000201 0b00cb01 10012 100 4102794 2092324615 85987212 10356659
0b000f01 0b00c001 10003 100 4823268 2038383896 140219055 10417065
0b000701 0b00c301 10004 100 3691158 2017212579 161424300 10322149
0b000801 0b00ce01 10018 100 1779202 2090760202 87905310 10161851
0b000a01 0b00cd01 10005 100 3795044 2029863129 148872214 10330860
0b000d01 0b00ce01 10011 100 2381825 2064486029 114266363 10212372
0b000c01 0b00c701 10003 100 3722682 2012730094 166224117 10324790
0b000b01 0b00c901 10001 100 5563848 2019096204 159956799 10479153
0b000c01 0b00c101 10009 100 2392905 2056277140 122909834 10213301
0b000d01 0b00cd01 10001 100 8931814 2006673160 172658263 10761524
0b000b01 0b00cb01 10010 100 1618361 2089171374 90188352 10148365
0b000601 0b00c401 10003 100 8952978 2027803007 151583197 10763297
0b000301 0b00cb01 10003 100 7382542 2010877860 168601460 10631634
0b000501 0b00c801 10009 100 3531417 2034400338 145377640 10308756
0b000601 0b00c101 10008 100 3742054 2061049754 118907873 10326417
0b000c01 0b00c001 10001 100 3818042 2022495720 157647516 10332788
0b000801 0b00c401 10014 100 2003423 2099487530 80915289 10180649
0b000101 0b00c501 10010 100 8558810 2055187270 125584899 10730251
0b000f01 0b00c601 10006 100 4147239 2046673225 134273961 10360387
0b000201 0b00c101 10008 100 4227008 2071145747 110076255 10367076
0b000601 0b00c101 10009 100 3615606 2062815179 118592831 10315813
0b000301 0b00cb01 10015 100 3261085 2086526677 95166221 10286092
0b000d01 0b00c701 10003 100 3471783 2034007458 147718155 10303755
0b000601 0b00c501 10008 100 5902743 2043381295 138356910 10507566
0b000d01 0b00ca01 10006 100 5482321 2040035479 141787990 10472320
0b000001 0b00c401 10000 100 5695131 2021199016 160722211 10490163
0b000d01 0b00ca01 10004 100 3743110 2035002491 147838057 10326505
0b000001 0b00ce01 10009 100 7915644 2043455543 139474431 10676328
0b000901 0b00ce01 10013 100 8753307 2093058969 89945972 10746559
0b000c01 0b00ca01 10008 100 2891701 2033806706 149285637 10255121
0b000d01 0b00c101 10002 100 6849437 2011903726 171305596 10586938
0b000201 0b00c301 10013 100 3126577 2098709284 84628137 10274813
0b000d01 0b00cc01 10004 100 3271279 2038342113 145148527 10286946
0b000001 0b00c401 10006 100 4488260 2054063418 129504785 10388978
0b000d01 0b00c001 10011 100 2945294 2093478524 90190389 10259616
0b000501 0b00ca01 10010 100 2475341 2089683552 94184196 10220215
0b000b01 0b00cd01 10011 100 1913352 2082007810 101943301 10173097
0b000701 0b00c701 10008 100 3626247 2024203060 159767066 10316707
0b000d01 0b00cd01 10009 100 3598436 2054615435 129373483 10314375
0b000d01 0b00cf01 10009 100 4402708 2060328328 123726861 10381804
0b000e01 0b00c201 10005 100 2350039 2036671190 147660013 10209710
0b000e01 0b00cc01 10004 100 3220442 2040141310 144256841 10282684
0b000401 0b00ca01 10005 100 6246783 2020870453 163788223 10536411
0b000f01 0b00cd01 10001 100 6568436 2016489899 168510433 10563379
0b000001 0b00cc01 10010 100 2981652 2073351258 111667706 10262663
0b000c01 0b00c401 10001 100 5659323 2008002112 177086257 10487160
0b000101 0b00c201 10011 100 3000466 2098715869 86521819 10264241
0b000c01 0b00c401 10010 100 4576741 2091131273 94272083 10396394
0b000801 0b00ce01 10015 100 1768191 2085030584 100687184 10160928
0b000a01 0b00c101 10015 100 3467386 2095669683 90099870 10303388
0b000e01 0b00cf01 10005 100 3425738 2028000351 157776959 10299894
0b000f01 0b00c401 10001 100 4381224 2027461643 158561165 10380004
0b000901 0b00c701 10004 100 4813858 2086679490 99536142 10416274
0b000901 0b00c001 10006 100 8826520 2036180610 150077746 10752697
0b000401 0b00c901 10005 100 3030167 2032473636 153941594 10266732
0b000a01 0b00c401 10009 100 6555451 2047207965 139553254 10562291
0b000201 0b00cc01 10008 100 4396034 2054411362 132387323 10381247
0b000301 0b00c101 10009 100 5131677 2072694532 114273303 10442921
0b000501 0b00cc01 10017 100 2138533 2096067192 90911320 10191976
0b000c01 0b00c201 10004 100 6425226 2017517359 169497975 10551373
0b000501 0b00c301 10011 100 3022736 2074858487 112249705 10266107
0b000501 0b00c501 10006 100 4504230 2031123167 156423318 10390317
0b000001 0b00cf01 10002 100 8986965 2014055728 173925153 10766147
0b000301 0b00cf01 10008 100 4948181 2051645249 136539844 10427538
0b000801 0b00c901 10004 100 5051549 2049606802 138768003 10436203
0b000a01 0b00c401 10007 100 3832581 2041636769 146871025 10334005
0b000b01 0b00c501 10002 100 7087559 2014133087 174449552 10606902
0b000d01 0b00cc01 10010 100 4642155 2073991490 114610314 10401881
0b000701 0b00c301 10002 100 4969851 2010745566 177974447 10429352
0b000401 0b00c501 10015 100 7842988 2058278431 130471439 10670236
0b000101 0b00cc01 10002 100 20272100 2018268373 170601481 11712296
0b000801 0b00c301 10005 100 4643175 2058967442 129979659 10401966
0b000b01 0b00c701 10007 100 1833089 2075787406 113353778 10166369
0b000801 0b00c501 10005 100 4365342 2055356580 134022044 10378672
0b000001 0b00c801 10012 100 3243309 2071636529 117972583 10284601
0b000001 0b00c301 10001 100 6342369 2024750923 165655651 10544426
0b000d01 0b00c301 10009 100 3218225 2073459623 117167600 10282498
0b000b01 0b00c101 10002 100 4094936 2036180303 154577919 10355999
0b000301 0b00c201 10006 100 3714888 2039018222 152256460 10324136
0b000401 0b00cd01 10009 100 3687848 2065822354 125606767 10321869
0b000001 0b00c701 10002 100 14791406 2008139315 183309496 11252793
0b000001 0b00cc01 10007 100 3248827 2044858093 146617064 10285062
0b000801 0b00c101 10010 100 3077463 2076125279 115415007 10270696
0b000f01 0b00c301 10009 100 3875201 2054169117 137434114 10337579
0b000e01 0b00c201 10004 100 3343979 2029192962 162451411 10293039
0b000c01 0b00c801 10002 100 6585669 2025560410 166219399 10564823
0b000d01 0b00ce01 10002 100 8638689 2011145304 180785727 10736948
0b000a01 0b00cc01 10002 100 6820968 2028105376 163934356 10584550
0b000c01 0b00c801 10001 100 3998254 2016439239 176608363 10347896
0b000401 0b00c101 10001 100 6202084 2027241389 165833219 10532666
0b000f01 0b00ca01 10006 100 3610800 2059325052 134132190 10315410
0b000e01 0b00c201 10008 100 2841080 2054659275 139220667 10250879
0b000801 0b00ce01 10012 100 3891361 2068468951 125411057 10338934
0b000401 0b00cf01 10008 100 2559045 2051141762 142996919 10227234
0b000f01 0b00c701 10006 100 5124140 2045461726 148728049 10442291
0b000701 0b00ce01 10014 100 2337932 2079106464 115337487 10208692
0b000601 0b00c901 10006 100 5556920 2033873425 161226290 10478572
0b000a01 0b00c701 10003 100 11384170 2014962206 180290675 10967132
0b000801 0b00c001 10016 100 6867973 2058698154 136643375 10588490
0b000101 0b00c601 10012 100 2913451 2074475870 121065836 10256945
0b000e01 0b00c901 10006 100 1786735 2073199981 122369686 10162480
0b000801 0b00c601 10005 100 6896282 2061685799 134169216 10590867
0b000601 0b00cc01 10005 100 9749130 2025351478 170771950 10830050
0b000a01 0b00c001 10002 100 8150570 2043089123 153057819 10696025
0b000c01 0b00cb01 10002 100 6662804 2007127439 189326105 10571290
0b000601 0b00c501 10016 100 6689487 2094112749 102347721 10573528
0b000701 0b00c601 10004 100 3264841 2031994982 164730559 10286404
0b000a01 0b00c501 10002 100 7373180 2049058158 147951609 10630850
0b000801 0b00c601 10012 100 2085186 2084812315 112237942 10187505
0b000c01 0b00ca01 10009 100 5043835 2037323595 159763870 10435555
0b000001 0b00c001 10009 100 6219395 2065334313 131762069 10534116
0b000a01 0b00c101 10017 100 6916606 2099280563 97994319 10592569
0b000701 0b00cb01 10014 100 2751945 2078414174 119339781 10243403
0b000a01 0b00ce01 10011 100 7694398 2081315941 116798530 10657780
0b000001 0b00cf01 10016 100 3056420 2074975150 123430025 10268932
0b000601 0b00c601 10015 100 7396284 2090587044 108240098 10632787
0b000801 0b00c901 10002 100 4853540 2046633406 152313672 10419602
0b000001 0b00c501 10006 100 2779333 2082388955 116692392 10245701
0b000001 0b00c201 10003 100 7230682 2014967872 184342020 10618901
0b000001 0b00cc01 10005 100 8722883 2032355084 167025971 10744006
0b000601 0b00ca01 10006 100 3739137 2053203893 146243290 10326172
0b000301 0b00c201 10001 100 5179216 2015971597 183536626 10446908
0b000301 0b00c101 10003 100 3939195 2050444342 149246208 10342945
0b000101 0b00c401 10013 100 9806830 2091463878 108298492 10834885
0b000001 0b00c801 10004 100 2337956 2055834539 144206571 10208694
0b000b01 0b00ce01 10003 100 3696653 2042957041 157179942 10322608
0b000401 0b00c101 10002 100 8008621 2045260262 154922631 10684124
0b000f01 0b00ce01 10005 100 3142483 2053671619 146599729 10276147
0b000c01 0b00c701 10002 100 6824515 2010680622 189630388 10584849
0b000d01 0b00ce01 10014 100 3229021 2086402121 114007988 10283404
0b000c01 0b00ce01 10001 100 9417180 2005204446 195413996 10802219
0b000d01 0b00cb01 10001 100 10203913 2019049859 181665299 10868176
0b000701 0b00ca01 10001 100 5338172 2016810356 183929516 10460235
0b000e01 0b00c201 10012 100 2692838 2090348731 110993557 10238448
0b000201 0b00cf01 10004 100 8382695 2029754507 171606551 10715486
0b000501 0b00ce01 10010 100 3969229 2052020509 149408116 10345463
0b000201 0b00cb01 10007 100 4814565 2046740506 154712376 10416334
0b000f01 0b00cc01 10008 100 4014877 2080391952 121404736 10349287
0b000801 0b00c001 10007 100 9983656 2027704567 174116274 10849711
0b000601 0b00c701 10005 100 2858115 2056520922 145369404 10252307
0b000601 0b00c601 10013 100 4989937 2070211092 131966757 10431036
0b000601 0b00c801 10007 100 3373010 2054689767 147580248 10295476
0b000a01 0b00ca01 10011 100 4904026 2092068028 110246764 10423837
0b000601 0b00c401 10008 100 2477425 2050757248 151607069 10220389
0b000501 0b00cb01 10002 100 5742152 2038926658 163453141 10494105
0b000b01 0b00c501 10003 100 6499693 2014833551 188621016 10557615
0b000b01 0b00c001 10005 100 5223733 2041851536 161914087 10450638
0b000201 0b00c001 10002 100 7495555 2037070678 166921155 10641109
0b000901 0b00ca01 10009 100 9874350 2084287789 120177090 10840548
0b000b01 0b00cc01 10006 100 9366151 2028376703 176283919 10797941
0b000a01 0b00c301 10009 100 4512757 2059706511 145410322 10391030
0b000401 0b00c101 10003 100 9697541 2047954779 157258429 10825723
0b000001 0b00c201 10008 100 4709018 2055136882 150092529 10407487
0b000e01 0b00c201 10003 100 3733868 2022878557 182768465 10325728
0b000c01 0b00ce01 10018 100 8566007 2042483154 163290291 10730857
0b000b01 0b00c201 10005 100 7846569 2041488567 164536082 10670538
0b000b01 0b00c001 10007 100 2998823 2055033020 151116117 10264102
0b000501 0b00c001 10006 100 5204310 2043810967 162367070 10449012
0b000301 0b00cb01 10011 100 7906822 2069215405 137002317 10675588
0b000d01 0b00c301 10005 100 7882354 2042383783 164004087 10673539
0b000101 0b00cd01 10007 100 4757070 2054442449 152044774 10411516
0b000601 0b00c401 10009 100 3302204 2050828780 155692603 10289539
0b000401 0b00c901 10001 100 8106820 2012969044 193606972 10692356
0b000f01 0b00c401 10010 100 3080403 2063645052 142962832 10270943
0b000301 0b00cd01 10003 100 4533360 2025702481 181084530 10392759
0b000501 0b00ca01 10006 100 7415436 2062421613 144712305 10634392
0b000601 0b00c401 10011 100 4008644 2058059270 149547007 10348766
0b000401 0b00c801 10003 100 8266549 2054012086 154088492 10705749
0b000401 0b00c701 10004 100 4338708 2052419683 155775706 10376438
0b000d01 0b00c301 10004 100 9202815 2031362512 177117078 10784244
0b000d01 0b00c801 10005 100 9292008 2040533273 167951425 10791725
0b000301 0b00ca01 10002 100 8230681 2007557343 201211047 10702741
0b000f01 0b00c601 10013 100 4227936 2084206019 124818459 10367150
0b000201 0b00cd01 10008 100 6031509 2043642370 165558477 10518363
0b000d01 0b00ce01 10015 100 4071218 2087509755 121890818 10354013
0b000a01 0b00c801 10009 100 4260560 2064089109 145614735 10369887
0b000d01 0b00cf01 10008 100 4352180 2054844791 155091947 10377569
0b000801 0b00ca01 10008 100 4816392 2092036824 118062921 10416488
0b000f01 0b00c001 10002 100 9292537 2017083228 193184867 10791768
0b000301 0b00ca01 10011 100 3858638 2055519321 155002781 10336189
0b000601 0b00cd01 10006 100 9109193 2025893491 184781083 10776397
0b000001 0b00c401 10011 100 2879277 2064925710 145836310 10254081
0b000b01 0b00c601 10006 100 4804676 2032132026 179240653 10415505
0b000f01 0b00cb01 10012 100 6315421 2092370225 119078369 10542167
0b000901 0b00c001 10008 100 4604907 2061782319 149806968 10398755
0b000401 0b00ce01 10002 100 9365895 2006484777 205212153 10797917
0b000201 0b00c601 10008 100 3319061 2067458606 144363558 10290953
0b000e01 0b00c001 10005 100 4774181 2056191636 156183991 10412950
0b000e01 0b00c101 10006 100 3940986 2045153265 167442378 10343092
0b000b01 0b00ca01 10014 100 6206485 2096970924 115879683 10533033
0b000e01 0b00cd01 10006 100 5123194 2033101648 180533503 10442211
0b000001 0b00cf01 10004 100 6478796 2033124751 180763719 10555863
0b000401 0b00c101 10007 100 9524980 2079926348 133993863 10811254
0b000f01 0b00cd01 10003 100 6414624 2023724919 190345791 10550483
0b000001 0b00c901 10003 100 4911768 2038890856 176680603 10424483
0b000d01 0b00c801 10001 100 7720047 2022385267 193337201 10659932
0b000c01 0b00cc01 10003 100 4703025 2067777942 148083359 10406985
0b000e01 0b00cc01 10002 100 4255397 2025880551 190720912 10369454
0b000301 0b00cd01 10005 100 10158897 2037945236 178798523 10864402
0b000801 0b00ce01 10010 100 7238387 2061564431 155298341 10619548
0b000101 0b00cb01 10010 100 5926844 2063917891 153077921 10509587
0b000a01 0b00cc01 10017 100 4370660 2087649631 129391688 10379117
0b000b01 0b00c001 10009 100 2849913 2069525080 147520234 10251617
0b000d01 0b00cd01 10010 100 8996650 2063549469 153576635 10766960
0b000d01 0b00cd01 10004 100 8759721 2019959150 197227101 10747096
0b000401 0b00c501 10017 100 8015048 2060031720 157167772 10684665
0b000601 0b00c801 10003 100 4178160 2033427757 183825868 10362980
0b000e01 0b00c301 10006 100 3442869 2061825763 155459283 10301330
0b000d01 0b00c401 10004 100 6458115 2034188660 183132751 10554131
0b000201 0b00c901 10008 100 3878312 2043034631 174411915 10337840
0b000d01 0b00c101 10004 100 4499025 2063921275 154670890 10389882
0b000f01 0b00c301 10011 100 6345549 2066218511 152472668 10544692
0b000d01 0b00c401 10014 100 6314218 2091138943 127625127 10542067
0b000c01 0b00c601 10005 100 3515111 2044950494 174388676 10307390
0b000501 0b00c901 10004 100 8199352 2035975221 183364851 10700116
0b000501 0b00ca01 10008 100 6092928 2082229380 137219354 10523511
0b000401 0b00cb01 10009 100 4078518 2069411988 150208575 10354624
0b000701 0b00c701 10019 100 3607172 2099436918 120352741 10315108
0b000601 0b00cd01 10014 100 4277534 2074774269 145186816 10371310
0b000701 0b00c001 10003 100 5659204 2034302992 186204011 10487150
0b000601 0b00c201 10006 100 3435522 2046754765 173891733 10300716
0b000e01 0b00c501 10003 100 6222799 2018667804 202524876 10534400
0b000f01 0b00c501 10005 100 11759955 2045484261 176541546 10998634
0b000301 0b00c901 10005 100 9122079 2016675628 205643396 10777478
0b000101 0b00cd01 10010 100 5234654 2070586002 151766117 10451554
0b000501 0b00c901 10007 100 3452226 2077581835 144793301 10302117
0b000901 0b00c401 10009 100 8763647 2070928723 151985866 10747425
0b000101 0b00ce01 10014 100 8365468 2081475729 141685531 10714042
0b000e01 0b00c901 10003 100 5138185 2051085157 172130186 10443468
0b000f01 0b00c801 10011 100 4322029 2071990931 151318181 10375042
0b000d01 0b00c001 10005 100 15612924 2053859853 169531218 11321667
0b000501 0b00c501 10013 100 7509853 2060003357 163810041 10642306
0b000501 0b00c601 10012 100 3698411 2078163522 145779355 10322757
0b000401 0b00ca01 10006 100 17640138 2031604365 192403372 11491632
0b000f01 0b00cf01 10000 100 19556017 2004261066 220011656 11652260
0b000f01 0b00cf01 10002 100 9019927 2019630139 204802747 10768910
0b000301 0b00cf01 10000 100 8404389 2008149566 216286443 10717306
0b000601 0b00c201 10008 100 9131367 2059610950 164880910 10778256
0b000401 0b00c801 10004 100 3645855 2068986595 155602108 10318349
0b000801 0b00cb01 10008 100 3108044 2053817135 171191404 10273262
0b000901 0b00c501 10015 100 4032536 2075077561 150509451 10350769
0b000601 0b00c601 10010 100 10489704 2055902543 169824916 10892137
0b000501 0b00c701 10016 100 4868603 2075982554 150074371 10420865
0b000b01 0b00cd01 10008 100 2664678 2045668275 180485893 10236087
0b000801 0b00cc01 10008 100 3297242 2084575684 142471415 10289123
0b000201 0b00cb01 10009 100 5679235 2064224777 162992526 10488830
0b000501 0b00c401 10004 100 5551328 2037130052 190458725 10478105
0b000801 0b00c401 10008 100 4604576 2046556607 181144544 10398729
0b000201 0b00ca01 10004 100 7825779 2032602338 195180578 10668794
0b000d01 0b00c201 10003 100 7475913 2047443062 180347115 10639460
0b000801 0b00c801 10010 100 2629288 2076201651 151607171 10233122
0b000e01 0b00c901 10008 100 3153589 2081485105 146434929 10277078
0b000b01 0b00cf01 10010 100 3938725 2078073407 149949580 10342903
0b000b01 0b00c701 10008 100 4063569 2076819174 151253339 10353371
0b000f01 0b00ca01 10005 100 10967511 2057719688 170368486 10932198
0b000f01 0b00c501 10011 100 20696861 2077341396 150977885 11747905
0b000b01 0b00c601 10015 100 9545127 2074082660 154468299 10812946
0b000501 0b00c701 10013 100 7122729 2069109788 159703728 10609850
0b000f01 0b00c501 10003 100 7947522 2032373084 196888552 10679002
0b000b01 0b00c801 10004 100 9888742 2049421428 179948636 10841753
0b000a01 0b00ce01 10014 100 7690378 2089730416 139934405 10657443
0b000e01 0b00cb01 10004 100 5390572 2051549626 179133598 10464627
0b000201 0b00c801 10011 100 5039688 2074266688 156871603 10435208
0b000c01 0b00cb01 10008 100 3810680 2058801262 172546111 10332168
0b000b01 0b00c201 10006 100 3022364 2050499841 181581808 10266077
0b000601 0b00c701 10007 100 6716995 2067313877 164912413 10575832
0b000101 0b00c001 10012 100 7124564 2067108758 165587287 10610005
0b000501 0b00c301 10012 100 7191628 2076017868 157134797 10615627
0b000601 0b00c801 10009 100 9814234 2057755439 175483477 10835508
0b000401 0b00ca01 10008 100 7527772 2064204595 169183156 10643809
0b000701 0b00c701 10011 100 3986084 2053359994 180156678 10346876
0b000001 0b00c301 10004 100 4846666 2046648929 186975492 10419025
0b000e01 0b00c001 10007 100 7527578 2088392041 146068305 10643793
0b000801 0b00c201 10016 100 9765538 2092573391 142267432 10831424
0b000c01 0b00c101 10010 100 4998733 2057689089 177273164 10431774
0b000401 0b00c601 10008 100 4752738 2077870713 157273189 10411150
0b000b01 0b00c301 10003 100 5489027 2041043306 194170169 10472883
0b000601 0b00c701 10002 100 9649577 2041394819 194236340 10821702
0b000101 0b00c901 10003 100 10927579 2066957502 168820147 10928849
0b000201 0b00c201 10007 100 7450177 2073473019 162605413 10637306
0b000901 0b00c301 10008 100 9383102 2050574770 185707376 10799362
0b000d01 0b00cd01 10013 100 5398273 2085602510 151271553 10465274
0b000501 0b00cd01 10008 100 4881735 2083461258 153675398 10421965
0b000601 0b00ca01 10011 100 7917492 2094906045 142371998 10676484
0b000f01 0b00c801 10005 100 11797067 2041250180 196212092 11001749
0b000701 0b00ce01 10015 100 6303847 2093493019 144278409 10541195
0b000a01 0b00ce01 10010 100 4941179 2079260199 158812032 10426951
0b000301 0b00cf01 10003 100 13430858 2019724319 218451991 11138723
0b000e01 0b00cb01 10002 100 6935732 2029231323 209370193 10594172
0b000b01 0b00c201 10007 100 9418998 2056807848 181815469 10802368
0b000501 0b00cf01 10002 100 7176017 2040530223 198294577 10614321
0b000f01 0b00cb01 10005 100 6699886 2039229398 199619699 10574398
0b000001 0b00c601 10005 100 5022226 2072814090 166072820 10433746
0b000101 0b00ca01 10007 100 27106430 2065483841 173468095 12285285
0b000801 0b00c601 10002 100 15843287 2019455543 219576319 11340983
0b000b01 0b00c601 10013 100 9762465 2065728174 173505376 10831167
0b000e01 0b00c601 10016 100 6177503 2076174716 163077297 10530603
0b000301 0b00c401 10006 100 12718430 2067471704 171956211 11078995
0b000e01 0b00c701 10011 100 3179894 2053399454 186348640 10279282
0b000c01 0b00ce01 10022 100 4540631 2065106847 174970960 10393367
0b000c01 0b00c201 10012 100 6369748 2076766468 163402849 10546720
0b000101 0b00ca01 10012 100 9486201 2084419929 155905222 10808006
0b000801 0b00c301 10014 100 3729448 2081781209 158912508 10325359
0b000e01 0b00c101 10008 100 7451066 2064307537 176387463 10637380
0b000b01 0b00c801 10003 100 4460512 2049270758 191527858 10386651
0b000101 0b00c301 10005 100 19037512 2054710856 186214988 11608786
0b000c01 0b00c501 10006 100 8616581 2069753903 171979445 10735095
0b000501 0b00ce01 10015 100 7996166 2074841601 167184391 10683081
0b000e01 0b00c301 10005 100 4591157 2055944218 186116234 10397605
0b000f01 0b00cd01 10006 100 9935685 2036367461 205732503 10845689
0b000001 0b00c001 10010 100 6925251 2086111810 156020558 10593295
0b000e01 0b00c901 10001 100 4981963 2046259068 196026665 10430367
0b000e01 0b00cd01 10005 100 7682547 2029553825 212816871 10656786
0b000201 0b00c101 10015 100 7977359 2097887159 144638373 10681504
0b000701 0b00c401 10014 100 6950124 2087400616 155152911 10595381
0b000e01 0b00cd01 10010 100 6322079 2046055072 196767377 10542726
0b000c01 0b00cb01 10007 100 4617042 2057192595 185743023 10399776
0b000501 0b00c101 10014 100 14887129 2045781435 197607931 11260820
0b000301 0b00cb01 10019 100 7949505 2099047448 145143240 10679168
0b000201 0b00c801 10010 100 8530001 2071036201 173321429 10727839
0b000c01 0b00c601 10002 100 19799821 2016115007 228286533 11672697
0b000301 0b00cd01 10007 100 9574665 2054237517 190769027 10815421
0b000a01 0b00c701 10015 100 6741067 2091657859 153621457 10577854
0b000e01 0b00cc01 10010 100 4615542 2082641559 162709788 10399648
0b000e01 0b00c501 10006 100 9394514 2025931829 219647625 10800317
0b000801 0b00ca01 10007 100 4042069 2090087519 155512155 10351570
0b000001 0b00c901 10009 100 5700854 2082399183 163374042 10490640
0b000201 0b00c701 10006 100 9037222 2058551066 187508181 10770363
0b000c01 0b00cd01 10015 100 7387854 2083718317 162387464 10632078
0b000c01 0b00c401 10011 100 9589299 2098946195 147728957 10816649
0b000f01 0b00c201 10011 100 5889653 2091073807 155642617 10506469
0b000e01 0b00c901 10011 100 3732763 2098571939 148149291 10325635
0b000701 0b00c501 10009 100 3955454 2087141400 159928790 10344307
0b000e01 0b00c301 10009 100 7154730 2079562076 167678060 10612533
0b000b01 0b00c401 10005 100 9631346 2044768035 202534059 10820174
0b000b01 0b00cc01 10009 100 9655218 2045063340 202549190 10822176
0b000601 0b00cf01 10011 100 13158936 2078629124 169042615 11115925
0b000d01 0b00c701 10007 100 9515852 2053525189 194299070 10810489
0b000c01 0b00c101 10015 100 7274208 2089403136 158515611 10622552
0b000701 0b00cf01 10004 100 9182230 2038224350 210236224 10782521
0b000701 0b00c301 10011 100 4799874 2080283469 168255929 10415101
0b000c01 0b00cd01 10009 100 27386931 2049594118 199566416 12308800
0b000501 0b00c401 10008 100 8049105 2064082344 185318885 10687520
0b000501 0b00c601 10009 100 6924085 2069137716 180468599 10593198
0b000501 0b00c101 10017 100 9498184 2064406994 185371505 10809010
0b000301 0b00cc01 10004 100 19850602 2042516076 207404541 11676956
0b000701 0b00c001 10014 100 5894179 2091489108 159090442 10506851
0b000901 0b00cf01 10016 100 27663230 2093231151 157540855 12331968
0b000b01 0b00c201 10008 100 7840240 2069381240 181830961 10670008
0b000f01 0b00cb01 10009 100 13775365 2068379898 183071931 11167609
0b000001 0b00cc01 10008 100 8347297 2058738944 192851743 10712520
0b000201 0b00cb01 10008 100 7845690 2048452908 203219345 10670463
0b000701 0b00c401 10010 100 6359225 2075515515 176364747 10545840
0b000801 0b00c301 10007 100 4978501 2061505637 190428985 10430079
0b000801 0b00ce01 10004 100 23022790 2031734800 220212705 11942911
0b000f01 0b00cc01 10011 100 11347432 2099482671 152606359 10964050
0b000301 0b00c201 10014 100 19871681 2094817968 157538807 11678722
0b000c01 0b00c101 10005 100 28698117 2038234871 214262145 12418733
0b000901 0b00c501 10008 100 9523749 2059385333 193305154 10811152
0b000e01 0b00c701 10013 100 9536253 2058691801 194087314 10812202
0b000501 0b00c701 10011 100 5040882 2067471795 185586865 10435308
0b000b01 0b00cb01 10003 100 17552715 2025097166 228439875 11484300
0b000e01 0b00c001 10002 100 9589806 2047609680 206259768 10816690
0b000a01 0b00cd01 10009 100 9517160 2068615279 185668370 10810601
0b000701 0b00c701 10014 100 7769663 2072375231 182154641 10664089
0b000701 0b00c401 10011 100 4025171 2079224809 175935594 10350153
0b000a01 0b00c801 10013 100 8026243 2094090898 161233913 10685603
0b000701 0b00cd01 10008 100 9643529 2067961656 187733910 10821195
0b000601 0b00ca01 10002 100 21590814 2028429245 228186847 11822854
0b000201 0b00c801 10006 100 13825757 2035840510 220868606 11171832
0b000e01 0b00c701 10015 100 3683453 2069662820 187546173 10321502
0b000301 0b00ce01 10006 100 18446724 2083660896 174130700 11559254
0b000d01 0b00cc01 10006 100 23669982 2042335092 215736919 11997171
0b000401 0b00c801 10001 100 19555568 2036643951 221546664 11652220
0b000c01 0b00cc01 10007 100 5336147 2076225232 182004541 10460065
0b000201 0b00c301 10004 100 11463391 2052203411 206125000 10973773
0b000701 0b00c701 10013 100 15072841 2064573640 193795086 11276387
0b000e01 0b00c901 10000 100 7674546 2045445910 213015932 10656115
0b000501 0b00cc01 10015 100 5555629 2077529772 180960372 10478465
0b000901 0b00cc01 10009 100 8164413 2069891355 188640290 10697186
0b000f01 0b00c701 10000 100 25282714 2007605943 251039369 12132383
0b000e01 0b00c101 10012 100 5246639 2099397238 159369183 10452559
0b000901 0b00c101 10008 100 9674148 2065311733 194296988 10823763
0b000e01 0b00c701 10007 100 6575361 2026210304 233918977 10563960
0b000e01 0b00c701 10016 100 11554732 2075073154 185166119 10981429
0b000b01 0b00c901 10010 100 9556646 2076525363 183830154 10813910
0b000a01 0b00ce01 10012 100 22427197 2082232031 178166646 11892979
0b000701 0b00cc01 10008 100 20257280 2047152238 213629272 11711053
0b000701 0b00ca01 10007 100 4915156 2070596672 190283660 10424769
0b000e01 0b00ce01 10006 100 9882772 2089071559 171881797 10841252
0b000001 0b00ce01 10020 100 8081433 2089328158 171802298 10690229
0b000401 0b00cb01 10010 100 6414978 2080450463 181408145 10550511
0b000101 0b00c601 10010 100 23686184 2063564990 198400479 11998532
0b000d01 0b00c501 10010 100 8631323 2090830287 171614898 10736332
0b000101 0b00c701 10017 100 27639285 2098285054 164731880 12329960
0b000001 0b00cb01 10007 100 9983212 2067456851 195743193 10849675
0b000e01 0b00cb01 10001 100 7136731 2021102675 242259434 10611024
0b000f01 0b00c801 10014 100 26261644 2088224406 175182487 12214457
0b000001 0b00c101 10008 100 16495215 2091877227 171658923 11395641
0b000e01 0b00c401 10018 100 9031591 2092453390 171121329 10769890
0b000501 0b00c201 10005 100 8885462 2081631520 181978915 10757639
0b000301 0b00c401 10011 100 8197438 2082441885 181344840 10699955
0b000b01 0b00c601 10018 100 6010729 2091493067 172311081 10516620
0b000701 0b00cc01 10002 100 8740586 2016743030 247753279 10745492
0b000801 0b00c601 10006 100 8998277 2062871016 201804221 10767098
0b000201 0b00c601 10002 100 17852391 2018222439 246767386 11509426
0b000e01 0b00c601 10014 100 5393422 2072211452 192972990 10464866
0b000701 0b00cf01 10000 100 17360474 2009700663 255696566 11468184
0b000301 0b00c301 10009 100 8017401 2093095234 172528619 10684861
0b000f01 0b00c101 10020 100 7545809 2093126487 172513569 10645321
0b000701 0b00ca01 10000 100 13004828 2010864980 255046202 11103005
0b000801 0b00cb01 10015 100 23522937 2093799833 172675798 11984843
0b000501 0b00c401 10010 100 9159367 2087916880 179415956 10780603
0b000101 0b00c101 10010 100 29751570 2072392058 195920499 12507053
0b000201 0b00c901 10006 100 27534209 2022309346 246138319 12321151
0b000c01 0b00ca01 10005 100 24965380 2025313876 243704742 12105779
0b000401 0b00c401 10011 100 14662584 2067660768 201813651 11241992
0b000201 0b00cf01 10006 100 13898109 2034445498 235067105 11177900
0b000a01 0b00cd01 10007 100 20524036 2047528116 222459925 11733418
0b000701 0b00c401 10016 100 23347215 2090961517 179465191 11970113
0b000b01 0b00c701 10010 100 29965001 2088184215 182854872 12524949
0b000701 0b00cd01 10001 100 24972570 2012775439 258474004 12106381
0b000b01 0b00c901 10014 100 8289264 2090961362 180395290 10707654
0b000301 0b00cc01 10009 100 9654362 2086189595 185808818 10822104
0b000301 0b00c601 10007 100 20224412 2051881671 221039420 11708296
0b000401 0b00c201 10011 100 24571699 2058002865 215069576 12072772
0b000701 0b00ce01 10013 100 9298967 2076928033 196178849 10792305
0b000e01 0b00c001 10009 100 8292122 2096067715 177311964 10707894
0b000e01 0b00c601 10005 100 7402483 2034560905 238834153 10633306
0b000001 0b00cb01 10006 100 8919610 2061929361 211615042 10760501
0b000901 0b00c801 10006 100 24259065 2078549613 194995190 12046563
0b000b01 0b00cc01 10008 100 29455109 2033745358 239876776 12482199
0b000701 0b00c901 10008 100 6244945 2096929531 176760627 10536256
0b000701 0b00c801 10007 100 9070114 2030108513 243800181 10773121
0b000201 0b00c401 10011 100 16031876 2086251252 187729477 11356792
0b000e01 0b00c601 10008 100 25482347 2036773759 237374326 12149122
0b000001 0b00c701 10006 100 29338443 2080030868 194948201 12472417
0b000701 0b00c701 10006 100 24013079 2012377598 262872776 12025940
0b000b01 0b00c301 10006 100 7730639 2091968473 183359557 10660818
0b000e01 0b00cc01 10006 100 19946862 2063989713 211554115 11685025
0b000b01 0b00c501 10013 100 9534402 2090430424 186518828 10812046
0b000401 0b00ce01 10015 100 14060312 2084702131 193518386 11191499
0b000b01 0b00ca01 10010 100 27707372 2073924712 206429489 12335668
0b000301 0b00c201 10005 100 21684062 2037710124 246024078 11830675
0b000001 0b00c801 10014 100 22662222 2082643957 201171191 11912683
0b000001 0b00ce01 10012 100 22833996 2047786513 243461313 11927082
0b000701 0b00c801 10009 100 9410026 2045230972 246529415 10801620
0b000701 0b00cd01 10005 100 21770973 2050082913 241741580 11837958
0b000e01 0b00c801 10011 100 29689078 2042213888 249925178 12501815
0b000c01 0b00c101 10006 100 29890517 2048092760 244253250 12518702
0b000301 0b00c901 10010 100 27386061 2059014529 235665466 12308730
0b000401 0b00c401 10010 100 23417662 2066633502 232470974 11976018
0b000701 0b00cf01 10012 100 13729376 2067978609 235549546 11163753
0b000b01 0b00c501 10011 100 19557491 2071571030 232903580 11652382
0b000901 0b00cf01 10012 100 24752505 2079663687 226548884 12087931
0b000001 0b00c501 10004 100 12237717 2062717212 246734509 11038691
0b000b01 0b00cd01 10003 100 23917012 2027907654 283053741 12017886
0b000a01 0b00ce01 10009 100 15915918 2077382640 236960260 11347070
0b000701 0b00c101 10003 100 10981048 2021942157 292785805 10933334
0b000e01 0b00c601 10001 100 27221478 2009186403 306516961 12294930
0b000e01 0b00cf01 10006 100 20988599 2049669258 279912038 11772365
0b000701 0b00c001 10004 100 19374682 2036643434 293881021 11637054
0b000001 0b00ce01 10010 100 28603706 2044191123 290240122 12410815
0b000a01 0b00c601 10004 100 27902524 2077345423 263752517 12352029
0b000a01 0b00c401 10012 100 19649712 2059048197 286471525 11660112
0b000a01 0b00c601 10003 100 27712635 2066714056 286235906 12336108
