0b000e01 0b00c101 10001 100 69088 2000272250 10079180 10018475
0b000501 0b00c501 10000 100 23998 2000562393 10406904 10014692
0b000301 0b00c601 10000 100 68722 2000867997 10835062 10018442
0b000a01 0b00cc01 10000 100 1640553 2000814048 11234633 10150225
0b000301 0b00c401 10001 100 6625 2001187665 11237728 10013236
0b000601 0b00c701 10000 100 1933904 2000908792 11613039 10174818
0b000101 0b00c101 10000 100 480034 2001716704 11789622 10052929
0b000b01 0b00cc01 10000 100 4900831 2001477443 14405277 10423566
0b000a01 0b00c201 10001 100 22876 2003765208 12201450 10014598
0b000f01 0b00c001 10001 100 3686 2003320653 13497385 10012990
0b000201 0b00c201 10001 100 118844 2003156333 13767088 10022644
0b000701 0b00c701 10002 100 71528 2003059501 15208410 10018678
0b000701 0b00c801 10000 100 53578 2000400094 18109385 10017173
0b000e01 0b00c001 10000 100 58316 2000478183 18278041 10017571
0b000e01 0b00ca01 10001 100 6628 2004861084 14147298 10013237
0b000c01 0b00c201 10000 100 45386 2000561525 18680451 10016487
0b000501 0b00c601 10000 100 14821 2000668553 18583879 10013923
0b000301 0b00cc01 10000 100 1211 2006786357 12497181 10012784
0b000701 0b00c201 10000 100 196106 2000729970 18676029 10029124
0b000501 0b00cc01 10000 100 64006 2000752294 18679586 10018050
0b000a01 0b00c901 10000 100 4306713 2000390818 19227668 10373755
0b000601 0b00c401 10000 100 1715909 2000764149 19443215 10156542
0b000601 0b00c001 10000 100 62078 2001047666 19365553 10017888
0b000a01 0b00c301 10001 100 60080 2001187373 19248675 10017720
0b000c01 0b00c001 10000 100 83601 2001129890 19406823 10019690
0b000b01 0b00c401 10001 100 20278 2006361898 14400130 10014382
0b000601 0b00c701 10002 100 197503 2004410533 16455972 10029240
0b000f01 0b00ca01 10001 100 14093 2007021865 14087374 10013865
0b000e01 0b00cf01 10003 100 16765 2007616328 13583804 10014086
0b000a01 0b00c601 10000 100 3709 2008036059 13290257 10012992
0b000701 0b00c301 10001 100 1992 2006121756 15566413 10012847
0b000601 0b00c401 10001 100 36664 2001504274 20430289 10015755
0b000401 0b00c701 10002 100 14013 2008666101 13281966 10013858
0b000201 0b00cd01 10000 100 16464 2000042828 22013979 10014062
0b000901 0b00c501 10003 100 77590 2006732529 15342721 10019186
0b000e01 0b00c101 10000 100 51429 2000067897 22017144 10016994
0b000201 0b00c101 10000 100 121938 2000075262 22022769 10022903
0b000601 0b00c901 10000 100 13016 2000098722 22013647 10013775
0b000601 0b00cc01 10000 100 8865 2002262501 19954726 10013423
0b000501 0b00cf01 10000 100 939 2000286392 22012612 10012758
0b000c01 0b00c101 10000 100 59358 2000318043 22018440 10017659
0b000c01 0b00cb01 10000 100 57317 2000330128 22020223 10017488
0b000601 0b00cd01 10000 100 132195 2000339760 22043462 10023766
0b000f01 0b00c501 10005 100 3376 2008887497 13602679 10012965
0b000d01 0b00c901 10002 100 35234 2008492461 14040684 10015636
0b000e01 0b00c801 10000 100 597244 2001886052 20863499 10062755
0b000701 0b00c401 10003 100 9581 2007202314 15640582 10013484
0b000701 0b00c001 10000 100 358495 2002628678 20286725 10042738
0b000e01 0b00c301 10001 100 37773 2008695757 14222443 10015847
0b000501 0b00c101 10000 100 121615 2000532202 22434992 10022877
0b000b01 0b00cf01 10000 100 1386755 2000366059 22677288 10128946
0b000201 0b00cf01 10000 100 26789 2000569173 22479038 10014926
0b000e01 0b00c401 10000 100 8902 2002063376 21041300 10013426
0b000a01 0b00c301 10000 100 557540 2000525651 22638587 10059425
0b000e01 0b00cb01 10000 100 80672 2000541360 22730230 10019444
0b000a01 0b00c801 10000 100 7599 2009703775 13614245 10013318
0b000c01 0b00c701 10000 100 4025 2000711933 22622614 10013021
0b000d01 0b00c301 10000 100 90541 2000715716 22676200 10020272
0b000a01 0b00ca01 10000 100 24947 2000677229 22722506 10014771
0b000001 0b00c801 10000 100 804579 2000709592 22965479 10080137
0b000a01 0b00cd01 10000 100 40730 2000902377 22926179 10016095
0b000f01 0b00c101 10001 100 841449 2005225711 18621620 10083229
0b000601 0b00cf01 10003 100 9617 2009696679 14206034 10013487
0b000301 0b00c501 10002 100 5698 2011499477 12443556 10013158
0b000701 0b00c801 10001 100 2583 2001022312 23056116 10012898
0b000e01 0b00c201 10000 100 17163 2002713603 21376197 10014122
0b000501 0b00c001 10000 100 1612365 2001874363 22232223 10147863
0b000d01 0b00c201 10000 100 79999 2002625425 21504133 10019387
0b000701 0b00c901 10000 100 70008 2000945483 23296450 10018553
0b000e01 0b00c901 10000 100 7673443 2000339245 24143042 10656023
0b000601 0b00c401 10003 100 78113 2009680084 14817359 10019232
0b000601 0b00c701 10001 100 29077 2001067213 23459339 10015121
0b000201 0b00cf01 10002 100 729681 2001102533 23465042 10073857
0b000201 0b00cf01 10001 100 2032695 2001041310 23698709 10183102
0b000201 0b00c801 10000 100 413242 2001260638 23515519 10047329
0b000201 0b00c401 10001 100 44916 2011159313 13619427 10016446
0b000a01 0b00c401 10000 100 4190 2001231789 23581589 10013034
0b000a01 0b00c201 10000 100 3456 2001347453 23468089 10012971
0b000401 0b00c501 10002 100 25172 2001235601 23719109 10014793
0b000301 0b00c801 10002 100 29836 2004000480 21025606 10015182
0b000601 0b00c601 10000 100 8877 2003637175 21458415 10013424
0b000301 0b00c401 10000 100 10620804 2000322901 24797635 10903128
0b000e01 0b00cc01 10000 100 14767 2003602449 21666166 10013918
0b000201 0b00c701 10001 100 73455 2002838716 22499206 10018840
0b000f01 0b00c101 10002 100 64761 2010910336 14473978 10018110
0b000e01 0b00c301 10002 100 36508 2011216643 14180879 10015742
0b000601 0b00ce01 10001 100 50564 2005335896 20123731 10016920
0b000901 0b00c201 10003 100 71535 2010274550 15200156 10018679
0b000501 0b00c301 10000 100 868961 2001684802 23837700 10085533
0b000b01 0b00ce01 10000 100 20238 2001638271 23949291 10014379
0b000301 0b00cf01 10000 100 19040 2001954019 23829274 10014280
0b000301 0b00c501 10001 100 43757 2004633757 21316857 10016349
0b000f01 0b00c501 10006 100 21569 2011784392 14254878 10014490
0b000701 0b00c501 10001 100 25386 2005259570 20828570 10014810
0b000101 0b00c001 10003 100 3730 2010495553 15615354 10012993
0b000901 0b00c901 10003 100 22152 2011950043 14423127 10014540
0b000a01 0b00c401 10001 100 10762 2002028956 24409645 10013583
0b000e01 0b00cd01 10000 100 5643303 2000813838 25686554 10485817
0b000401 0b00c301 10002 100 10448 2010633063 15887749 10013558
0b000201 0b00cd01 10002 100 49551 2003629001 22900420 10016836
0b000f01 0b00c701 10002 100 40323 2012762495 13785602 10016063
0b000201 0b00c701 10002 100 453172 2007412972 19275149 10050677
0b000501 0b00c201 10000 100 1582439 2002624584 24076064 10145353
0b000501 0b00cb01 10000 100 6058 2002604788 24120249 10013191
0b000301 0b00cf01 10001 100 20963 2002171226 24559486 10014437
0b000c01 0b00c101 10001 100 1851412 2001367230 25440046 10167904
0b000301 0b00c501 10003 100 34057 2014118197 12727648 10015538
0b000a01 0b00cb01 10000 100 4945 2002681326 24191745 10013094
0b000101 0b00c001 10000 100 27329 2001463479 25410552 10014973
0b000b01 0b00ce01 10001 100 302 2002750787 24164004 10012708
0b000a01 0b00c901 10007 100 4842 2012866568 14052416 10013086
0b000701 0b00c701 10001 100 350115 2002394440 24557237 10042037
0b000301 0b00c501 10000 100 36205 2004285560 22760467 10015718
0b000701 0b00c901 10001 100 19050 2002956033 24098902 10014280
0b000f01 0b00c901 10003 100 52050 2013082681 14061476 10017047
0b000401 0b00c901 10002 100 1146967 2005158406 21988377 10108841
0b000a01 0b00c301 10002 100 1413314 2002835762 24350358 10131174
0b000d01 0b00c801 10002 100 362851 2010192029 17057413 10043102
0b000501 0b00c901 10000 100 10225 2002957090 24377768 10013540
0b000001 0b00c401 10001 100 38283 2002680923 24670380 10015892
0b000501 0b00c801 10000 100 16726 2007232557 20206211 10014083
0b000601 0b00c801 10003 100 10535 2014696052 12845994 10013565
0b000201 0b00cb01 10001 100 45293 2006913143 20647546 10016480
0b000801 0b00c601 10001 100 858422 2003515011 24088782 10084652
0b000101 0b00c901 10000 100 5828 2007382954 20228284 10013169
0b000501 0b00cd01 10002 100 126398 2011593394 16094550 10023279
0b000b01 0b00c601 10001 100 66534 2013058067 14672480 10018260
0b000401 0b00ca01 10001 100 1424911 2003422561 24358508 10132144
0b000201 0b00c801 10001 100 4644 2001761740 26084270 10013070
0b000a01 0b00c901 10001 100 43705 2002138162 25727845 10016345
0b000d01 0b00ca01 10000 100 43711 2001979227 25911873 10016345
0b000201 0b00c101 10001 100 65176 2001733913 26228306 10018147
0b000e01 0b00c901 10001 100 60938 2002166491 25814099 10017789
0b000301 0b00cd01 10000 100 173892 2002650571 25330597 10027259
0b000601 0b00cd01 10002 100 1313 2012456835 15532304 10012792
0b000f01 0b00c201 10001 100 50323 2002161162 25853077 10016901
0b000f01 0b00cb01 10001 100 1143 2002282942 25747325 10012779
0b000a01 0b00ce01 10000 100 167348 2003848595 24240443 10026712
0b000001 0b00c001 10001 100 121886 2001976605 26326938 10022899
0b000301 0b00c201 10003 100 2021 2015750312 12755298 10012853
0b000b01 0b00cd01 10001 100 76788 2004456042 24132094 10019118
0b000301 0b00c601 10001 100 70767 2012658012 16023181 10018614
0b000b01 0b00cf01 10001 100 7902 2002249782 26439187 10013342
0b000c01 0b00c801 10000 100 1486723 2002694811 26002600 10137327
0b000a01 0b00cf01 10000 100 972242 2002180368 26521943 10094195
0b000601 0b00c401 10002 100 69419 2007352793 21389997 10018502
0b000801 0b00c201 10001 100 1512602 2002146065 26640686 10139498
0b000701 0b00c101 10001 100 1460485 2004426534 24402043 10135129
0b000701 0b00cf01 10003 100 42652 2015564099 13304603 10016257
0b000a01 0b00c101 10000 100 3221 2015029886 13878146 10012953
0b000301 0b00c801 10003 100 31636 2004070180 24873787 10015333
0b000e01 0b00ce01 10001 100 20996 2006808055 22158117 10014440
0b000601 0b00c101 10000 100 28495 2004754322 24276943 10015070
0b000d01 0b00c801 10000 100 735294 2004941527 24124373 10074329
0b000501 0b00cc01 10002 100 16350 2005180562 23918100 10014053
0b000b01 0b00c401 10000 100 1808100 2001809965 27289005 10164274
0b000401 0b00c901 10003 100 58227 2013051524 16132591 10017564
0b000d01 0b00c101 10000 100 74246 2003917457 25313308 10018907
0b000201 0b00c801 10004 100 311805 2008388083 20924302 10038822
0b000e01 0b00cf01 10001 100 70488 2006644537 22685474 10018591
0b000c01 0b00c101 10002 100 8092 2004071301 25627499 10013361
0b000e01 0b00c201 10001 100 3418 2003332059 26396039 10012968
0b000d01 0b00c501 10000 100 14534 2003942336 25904480 10013900
0b000001 0b00c801 10001 100 15238 2003235441 26673655 10013960
0b000001 0b00c201 10001 100 1273182 2008280345 21637673 10119426
0b000501 0b00c301 10002 100 59287 2013329281 16766023 10017653
0b000701 0b00cd01 10001 100 57525 2005505666 24601847 10017504
0b000b01 0b00cc01 10003 100 9356 2008505259 21636107 10013466
0b000f01 0b00c201 10002 100 5530 2004099881 26049657 10013145
0b000b01 0b00cd01 10000 100 742758 2003480300 26708833 10074953
0b000c01 0b00c401 10000 100 10596 2000226560 30016452 10013569
0b000401 0b00cb01 10002 100 57468 2006033149 24291849 10017500
0b000f01 0b00c601 10000 100 3508 2000268401 30057328 10012976
0b000a01 0b00ca01 10002 100 1255037 2004477511 25895609 10117906
0b000101 0b00c301 10000 100 2762069 2003138770 27249870 10244255
0b000e01 0b00ca01 10000 100 23292 2004495100 25936436 10014635
0b000d01 0b00c801 10003 100 48219 2015368005 15073781 10016725
0b000f01 0b00c601 10005 100 15078 2015642933 14842585 10013947
0b000201 0b00c401 10002 100 4344 2015286901 15216422 10013046
0b000e01 0b00c001 10002 100 123337 2003639140 26887730 10023023
0b000a01 0b00c401 10003 100 151166 2005640386 24938253 10025356
0b000801 0b00cd01 10008 100 26913 2016580746 14066841 10014936
0b000e01 0b00c001 10003 100 36422 2004982844 25685011 10015735
0b000401 0b00c601 10002 100 33557 2006124432 24549907 10015495
0b000d01 0b00c601 10000 100 1392337 2000228141 30469256 10129416
0b000b01 0b00c501 10000 100 70273 2008389364 22316936 10018574
0b000201 0b00cf01 10003 100 26148 2005520955 25210329 10014875
0b000d01 0b00cc01 10000 100 926 2000366767 30399339 10012757
0b000b01 0b00c501 10001 100 30411 2008892256 21960294 10015231
0b000701 0b00cf01 10001 100 65280 2010550862 20347941 10018155
0b000401 0b00c501 10004 100 199326 2006285292 24635014 10029394
0b000001 0b00c101 10000 100 78678 2004164579 26770245 10019277
0b000c01 0b00c101 10005 100 70328 2017075066 13928627 10018578
0b000c01 0b00c901 10003 100 8887 2016153575 14917125 10013425
0b000d01 0b00cb01 10000 100 8672 2004825274 26289244 10013408
0b000a01 0b00c901 10002 100 29075 2004440026 26730715 10015121
0b000f01 0b00cc01 10000 100 4032968 2000199473 31016640 10350804
0b000901 0b00c801 10003 100 9751 2004430009 26788668 10013498
0b000001 0b00c901 10000 100 179564 2000646865 30625792 10027736
0b000e01 0b00ce01 10000 100 28711 2005320778 26097578 10015088
0b000f01 0b00cb01 10002 100 1804922 2003397613 28069980 10164004
0b000801 0b00cd01 10004 100 35784 2009672300 21842082 10015680
0b000201 0b00ce01 10001 100 34366 2006897991 24766326 10015563
0b000401 0b00ce01 10002 100 34288 2007216568 24497040 10015557
0b000d01 0b00c901 10000 100 144948 2005088820 26787895 10024832
0b000401 0b00c001 10002 100 42305 2007468686 24417439 10016229
0b000a01 0b00cb01 10001 100 372338 2007121746 24824304 10043899
0b000101 0b00cb01 10000 100 32035 2005135935 26879399 10015369
0b000c01 0b00cc01 10000 100 23474 2000999310 31117019 10014650
0b000e01 0b00cc01 10002 100 4772 2005419831 26704197 10013080
0b000d01 0b00c401 10000 100 11793 2001025117 31136215 10013669
0b000601 0b00c201 10000 100 17117 2009946021 22219365 10014118
0b000601 0b00c801 10000 100 21493 2006350518 25821679 10014483
0b000001 0b00c801 10004 100 69311 2016370175 15868699 10018493
0b000d01 0b00c301 10001 100 71709 2005893259 26419399 10018693
0b000401 0b00c501 10001 100 18025 2001041685 31302557 10014194
0b000e01 0b00c701 10002 100 243258 2014859244 17536149 10033077
0b000c01 0b00c801 10002 100 4052 2007010971 25444728 10013023
0b000e01 0b00cf01 10000 100 28501 2005962772 26632564 10015071
0b000601 0b00c901 10003 100 39902 2019805298 12823409 10016025
0b000f01 0b00c001 10003 100 90603 2006400097 26250643 10020277
0b000601 0b00ce01 10003 100 63115 2011443449 21218403 10017974
0b000601 0b00c301 10000 100 9738 2008404316 24260808 10013497
0b000601 0b00c001 10001 100 69753 2004108157 28566106 10018529
0b000c01 0b00c201 10004 100 149757 2015933062 16917081 10025236
0b000b01 0b00c101 10003 100 60371 2010689510 22183260 10017743
0b000601 0b00cc01 10001 100 2123 2008643827 24240794 10012861
0b000401 0b00c101 10002 100 64129 2015623075 17262701 10018059
0b000f01 0b00ca01 10006 100 48816 2019336478 13554706 10016773
0b000c01 0b00ca01 10000 100 5474 2007366675 25634352 10013140
0b000601 0b00c101 10001 100 169976 2007707051 25299223 10026930
0b000701 0b00cd01 10003 100 59735 2016862253 16216957 10017689
0b000801 0b00cc01 10000 100 9209 2000543324 32591230 10013455
0b000a01 0b00c701 10000 100 61119 2007200484 26023340 10017807
0b000f01 0b00cd01 10002 100 6408 2020240473 13000658 10013219
0b000e01 0b00cf01 10002 100 5595 2006990807 26304817 10013150
0b000901 0b00c201 10001 100 17626 2007979364 25354369 10014159
0b000101 0b00ce01 10004 100 154997 2008371801 24967510 10025674
0b000301 0b00c701 10000 100 24706 2008054065 25285959 10014752
0b000801 0b00ce01 10005 100 14963 2019612298 14021018 10013934
0b000c01 0b00c301 10000 100 20235 2007124693 26529106 10014379
0b000101 0b00c101 10002 100 60692 2006420036 27276617 10017769
0b000701 0b00c301 10000 100 22326 2005936158 27786401 10014554
0b000701 0b00c801 10003 100 218175 2005751505 27985666 10030974
0b000c01 0b00c901 10000 100 48275 2007242752 26501124 10016730
0b000b01 0b00c701 10000 100 44644 2007015700 26765088 10016424
0b000501 0b00c701 10000 100 58807 2017568309 16237146 10017611
0b000e01 0b00c401 10002 100 7189 2011267847 22567971 10013285
0b000301 0b00cf01 10003 100 46312 2009202209 24710201 10016565
0b000d01 0b00c301 10003 100 25230 2011335172 22623450 10014798
0b000001 0b00c801 10002 100 5210 2010129177 23905213 10013119
0b000401 0b00c501 10000 100 711858 2000754617 33298097 10072362
0b000e01 0b00ca01 10002 100 7419 2007967090 26109487 10013304
0b000801 0b00cc01 10003 100 1495 2012087447 22122384 10012807
0b000c01 0b00cd01 10000 100 25347 2000208967 34016711 10014807
0b000401 0b00c101 10000 100 21992 2000240182 34015428 10014523
0b000401 0b00c201 10000 100 28620 2002275126 31981699 10015080
0b000801 0b00c401 10001 100 16360 2008122961 26150078 10014054
0b000a01 0b00c201 10003 100 595494 2012917177 21357042 10062608
0b000401 0b00c601 10003 100 50028 2009898402 24377681 10016878
0b000401 0b00c301 10001 100 108288 2005273367 29016253 10021761
0b000c01 0b00c201 10005 100 156241 2017086460 17206248 10025782
0b000701 0b00ce01 10001 100 70738 2010282471 24059850 10018611
0b000901 0b00c801 10000 100 13214 2001199118 33261084 10013790
0b000301 0b00c201 10002 100 162533 2012575650 21896086 10026308
0b000801 0b00cb01 10001 100 39080 2002361372 32126922 10015960
0b000001 0b00c701 10004 100 4630 2013897991 20642743 10013069
0b000401 0b00cc01 10004 100 39589 2021584944 13066092 10016000
0b000701 0b00c701 10000 100 155614 2001217180 33449684 10025728
0b000501 0b00c801 10002 100 2410 2019138293 15689456 10012884
0b000601 0b00cf01 10005 100 33417 2017190284 17649252 10015483
0b000301 0b00cd01 10001 100 60246 2007085631 27773446 10017733
0b000001 0b00cb01 10000 100 1340246 2000400072 34477971 10125049
0b000001 0b00c101 10004 100 8081 2010542045 24377450 10013361
0b000001 0b00c601 10000 100 684711 2001104886 33869805 10070087
0b000201 0b00c301 10000 100 73129 2000603089 34559814 10018814
0b000e01 0b00c901 10003 100 28958 2019256812 15908307 10015108
0b000801 0b00c601 10000 100 41704 2001557591 33701371 10016177
0b000201 0b00ca01 10001 100 9959 2007556153 27717205 10013515
0b000f01 0b00c901 10000 100 42865 2000669113 34624296 10016274
0b000401 0b00c901 10000 100 4007611 2000344053 34962522 10348679
0b000001 0b00c101 10006 100 13185 2011096858 24286144 10013788
0b000f01 0b00c201 10000 100 800581 2001964747 33460797 10079802
0b000801 0b00cd01 10003 100 8509 2009523305 25981343 10013395
0b000e01 0b00cc01 10001 100 543907 2005026711 30493788 10058281
0b000a01 0b00cc01 10001 100 3046 2000830010 34750520 10012939
0b000c01 0b00c301 10001 100 48042 2009485879 26101137 10016711
0b000a01 0b00c401 10002 100 859402 2005044526 30583579 10084734
0b000d01 0b00c901 10003 100 23434 2020039373 15598946 10014646
0b000c01 0b00ce01 10000 100 886 2000862494 34783495 10012754
0b000c01 0b00c101 10003 100 7952 2009628391 26023725 10013346
0b000f01 0b00cd01 10000 100 36874 2000878998 34802438 10015772
0b000601 0b00c301 10004 100 7277 2013642647 22075408 10013292
0b000e01 0b00ca01 10006 100 73157 2021586693 14149634 10018816
0b000c01 0b00c601 10000 100 76198 2001696649 34077141 10019071
0b000a01 0b00c001 10003 100 17077 2022172293 13767517 10014115
0b000001 0b00c401 10004 100 46754 2014863628 21195139 10016600
0b000f01 0b00c001 10000 100 85537 2002790135 33393956 10019853
0b000a01 0b00c501 10003 100 74131 2020242862 15948240 10018898
0b000601 0b00c301 10003 100 71928 2012157768 24065037 10018710
0b000901 0b00c801 10004 100 9479 2010189583 26044540 10013476
0b000601 0b00ce01 10002 100 17315 2010535062 25718158 10014134
0b000601 0b00c701 10003 100 28136 2006812200 29471838 10015042
0b000e01 0b00cc01 10003 100 137546 2008519306 27914498 10024213
0b000601 0b00c301 10001 100 58893 2009904865 26529338 10017618
0b000901 0b00c101 10000 100 189820 2001971294 34494600 10028595
0b000b01 0b00cb01 10001 100 309068 2004213220 32258649 10038595
0b000301 0b00ce01 10000 100 67175 2007814286 28672302 10018315
0b000001 0b00cd01 10004 100 26857 2015355514 21131184 10014932
0b000601 0b00c601 10002 100 56570 2006132635 30370684 10017424
0b000701 0b00c701 10006 100 5721 2012160627 24345578 10013160
0b000b01 0b00c401 10002 100 959223 2006644189 29884113 10093104
0b000b01 0b00c301 10003 100 45880 2010510819 26022037 10016527
0b000501 0b00c301 10007 100 10020 2020293407 16318816 10013523
0b000201 0b00c501 10000 100 26146 2012314395 24320051 10014875
0b000401 0b00c901 10001 100 75661 2001137250 35531427 10019024
0b000601 0b00c001 10003 100 47752 2010737579 25953668 10016684
0b000401 0b00cb01 10000 100 7201 2001341084 35466067 10013286
0b000f01 0b00c201 10003 100 846890 2005495240 31403572 10083683
0b000001 0b00ca01 10000 100 5671 2001434189 35472442 10013156
0b000e01 0b00c101 10003 100 6599 2010648005 26384411 10013234
0b000b01 0b00c101 10005 100 28662 2014458330 22586815 10015084
0b000c01 0b00c001 10004 100 3631 2010686708 26362641 10012985
0b000901 0b00ce01 10005 100 4623 2023785036 13322310 10013069
0b000901 0b00cf01 10005 100 6941 2014811932 22350344 10013262
0b000701 0b00cc01 10001 100 43250 2008050722 29144649 10016308
0b000401 0b00ca01 10003 100 106108 2011260705 25938926 10021579
0b000c01 0b00c601 10005 100 77440 2020455972 16749997 10019174
0b000201 0b00ca01 10004 100 31971 2011731817 25529022 10015360
0b000001 0b00c201 10002 100 58247 2015854844 21415027 10017566
0b000701 0b00cb01 10000 100 171842 2009919796 27411727 10027087
0b000901 0b00c801 10001 100 67098 2001621017 35914564 10018308
0b000301 0b00cf01 10002 100 1125313 2005727896 31824901 10107028
0b000001 0b00ca01 10002 100 139582 2015462202 22109630 10024384
0b000801 0b00c101 10000 100 14173 2003629253 33977794 10013871
0b000501 0b00c101 10001 100 713 2003501797 34212484 10012740
0b000401 0b00c501 10005 100 38626 2009823907 27897685 10015919
0b000f01 0b00c501 10012 100 13333 2025070867 12712137 10013800
0b000501 0b00cb01 10003 100 22538 2008952580 28902201 10014571
0b000c01 0b00c001 10003 100 985617 2005616938 32272138 10095315
0b000101 0b00c201 10002 100 28231 2014319069 23586064 10015049
0b000401 0b00c001 10001 100 679483 2007221375 30696278 10069649
0b000d01 0b00c401 10002 100 9950 2004701525 33273099 10013514
0b000401 0b00cb01 10005 100 8095 2013468232 24540273 10013362
0b000001 0b00c001 10002 100 2261389 2004585320 33439518 10202277
0b000b01 0b00c101 10000 100 17537 2003929160 34126182 10014152
0b000301 0b00cc01 10003 100 6719 2017130927 20927521 10013244
0b000001 0b00c101 10002 100 148962 2008874544 29193950 10025169
0b000001 0b00c101 10001 100 284502 2008354474 29719738 10036534
0b000601 0b00ce01 10005 100 24684 2024214784 13868839 10014750
0b000e01 0b00c101 10009 100 29172 2025495403 12709265 10015128
0b000701 0b00c801 10002 100 2504677 2002569654 35661219 10222673
0b000701 0b00c701 10004 100 31071 2009812383 28434835 10015288
0b000101 0b00c001 10007 100 268526 2021137704 17128626 10035195
0b000401 0b00ca01 10000 100 16051 2002205395 36064477 10014029
0b000101 0b00c001 10002 100 43261 2010166760 28103643 10016309
0b000501 0b00c301 10003 100 37350 2013483283 24818764 10015813
0b000201 0b00c401 10000 100 54910 2009801206 28548044 10017284
0b000e01 0b00c101 10006 100 5422 2015400553 22977245 10013136
0b000b01 0b00c301 10001 100 13478 2006024588 32395395 10013812
0b000c01 0b00c101 10004 100 32421 2012467596 26040931 10015400
0b000c01 0b00c901 10002 100 3335 2012090311 26429880 10012962
0b000f01 0b00c501 10011 100 832 2023015529 15529044 10012750
0b000b01 0b00cd01 10002 100 14669 2006267053 32356569 10013911
0b000401 0b00ca01 10002 100 10127 2010527908 28128883 10013532
0b000001 0b00c001 10000 100 4102156 2001897302 36833257 10356608
0b000e01 0b00cf01 10005 100 68913 2011376185 27377167 10018458
0b000201 0b00cd01 10003 100 353478 2007920704 30844573 10042317
0b000f01 0b00c301 10001 100 3975 2023075352 15697646 10013013
0b000501 0b00c101 10003 100 5231 2013601436 25198255 10013121
0b000301 0b00cb01 10002 100 29141 2013937920 24875239 10015126
0b000501 0b00ca01 10000 100 927892 2006599603 32230322 10090474
0b000001 0b00cc01 10000 100 780753 2002549918 36288990 10078139
0b000401 0b00cb01 10001 100 8340 2002773769 36071030 10013381
0b000501 0b00c001 10002 100 28117 2012712025 26134454 10015040
0b000501 0b00cd01 10004 100 4521 2014374777 24490486 10013060
0b000901 0b00c601 10005 100 25493 2025561875 13318451 10014819
0b000e01 0b00cd01 10002 100 19523 2022961399 15926486 10014318
0b000d01 0b00c401 10009 100 17978 2012331829 26600012 10014187
0b000301 0b00cc01 10001 100 432976 2007748541 31257727 10048980
0b000101 0b00c901 10003 100 9696 2023212974 15902749 10013494
0b000e01 0b00cd01 10003 100 6965 2023496387 15621349 10013264
0b000a01 0b00ca01 10003 100 1193786 2005470509 33706861 10112767
0b000b01 0b00cf01 10003 100 40558 2012852599 26347210 10016082
0b000a01 0b00c701 10002 100 5786 2013109634 26102008 10013165
0b000001 0b00c701 10001 100 475451 2003200024 36018583 10052543
0b000f01 0b00c101 10000 100 1720189 2001274345 37965621 10156903
0b000501 0b00ca01 10003 100 51977 2015287285 24034723 10017037
0b000501 0b00ce01 10002 100 1829 2011721581 27605134 10012834
0b000001 0b00c401 10002 100 188101 2003052424 36305450 10028453
0b000c01 0b00c601 10001 100 54993 2002158813 37210416 10017290
0b000f01 0b00cb01 10000 100 59276 2002147599 37254931 10017652
0b000001 0b00c301 10002 100 28536 2014415929 24987128 10015074
0b000f01 0b00c601 10002 100 22102 2012878993 26620653 10014536
0b000f01 0b00ca01 10002 100 121 2013947147 25580326 10012693
0b000b01 0b00c801 10000 100 790501 2002920558 36620448 10078957
0b000601 0b00c701 10005 100 8750 2011665201 27905237 10013414
0b000801 0b00cc01 10004 100 78303 2013310816 26377146 10019247
0b000101 0b00c801 10002 100 15843 2018876526 20838868 10014008
0b000201 0b00c701 10003 100 213730 2008541302 31222683 10030600
0b000301 0b00c901 10003 100 118376 2022016058 17758679 10022607
0b000301 0b00c401 10002 100 1616947 2008802377 31028551 10148245
0b000c01 0b00cd01 10001 100 1203071 2001581580 38270698 10113549
0b000401 0b00c201 10005 100 137455 2024695267 15166173 10024206
0b000501 0b00cf01 10002 100 34872 2015513734 24387226 10015604
0b000601 0b00c101 10002 100 58333 2013528631 26432951 10017573
0b000a01 0b00cc01 10003 100 49652 2017011799 22970657 10016844
0b000f01 0b00cb01 10006 100 27954 2018650558 21341483 10015023
0b000101 0b00cc01 10000 100 1257983 2004098878 35895522 10118149
0b000901 0b00c301 10001 100 20691 2004791619 35223105 10014415
0b000f01 0b00ce01 10000 100 102244 2002126681 37895134 10021255
0b000501 0b00ce01 10005 100 8671 2024368717 15653931 10013408
0b000801 0b00cc01 10005 100 5781 2014136081 25934590 10013165
0b000201 0b00c001 10001 100 65867 2014071069 26063548 10018202
0b000f01 0b00c301 10002 100 44827 2023861521 16285599 10016438
0b000001 0b00c401 10003 100 60903 2003195794 36959260 10017786
0b000f01 0b00cb01 10004 100 5370 2013550979 26626770 10013132
0b000a01 0b00cb01 10002 100 21761 2014065656 26166784 10014505
0b000301 0b00cc01 10002 100 14134 2015177303 25062737 10013868
0b000f01 0b00c501 10007 100 58526 2013082393 27175971 10017588
0b000c01 0b00ca01 10003 100 6013 2017259580 23027289 10013187
0b000d01 0b00c401 10003 100 23321 2004923686 35364562 10014637
0b000e01 0b00cb01 10002 100 1470 2019493387 20823201 10012805
0b000c01 0b00ce01 10005 100 14488 2024421080 16035529 10013896
0b000f01 0b00c901 10001 100 977970 2007221218 33255290 10094673
0b000901 0b00c001 10001 100 46140 2003743926 36758697 10016551
0b000401 0b00c301 10000 100 1248628 2002360914 38204612 10117366
0b000401 0b00c601 10000 100 9528 2000428133 40155943 10013480
0b000701 0b00c901 10003 100 45774 2011631361 29011468 10016518
0b000701 0b00c601 10000 100 44555 2000444556 40205288 10016417
0b000201 0b00c201 10005 100 66533 2022468272 18224090 10018259
0b000e01 0b00c801 10005 100 14108 2015447830 25316900 10013866
0b000501 0b00c601 10001 100 102805 2004227649 36568401 10021299
0b000f01 0b00ca01 10000 100 37660 2003340158 37476549 10015838
0b000001 0b00c701 10002 100 23686 2006529098 34323189 10014667
0b000301 0b00c901 10002 100 24252 2015786783 25113008 10014716
0b000201 0b00c501 10002 100 125487 2024048771 16871097 10023202
0b000101 0b00cb01 10002 100 15261 2013410898 27581544 10013962
0b000a01 0b00cd01 10002 100 92507 2006996825 33996336 10020437
0b000a01 0b00c601 10003 100 28783 2014593595 26418649 10015094
0b000d01 0b00c201 10001 100 168553 2003574363 37483185 10026813
0b000801 0b00c201 10004 100 29401 2014970458 26120036 10015147
0b000f01 0b00ca01 10004 100 48083 2017703314 23407517 10016714
0b000901 0b00c101 10008 100 39587 2026017250 15179862 10016000
0b000a01 0b00c301 10003 100 2504358 2003829671 37391819 10222647
0b000901 0b00ce01 10003 100 3224 2015259452 25986529 10012953
0b000b01 0b00ce01 10002 100 18299 2002902221 38345039 10014216
0b000f01 0b00ce01 10005 100 25737 2025083938 16221728 10014838
0b000f01 0b00c801 10001 100 28561 2015710320 25604687 10015076
0b000b01 0b00c201 10001 100 293003 2013037906 28322095 10037249
0b000501 0b00ca01 10001 100 39903 2007279615 34087415 10016025
0b000c01 0b00c201 10003 100 34125 2014496545 26951158 10015544
0b000301 0b00ce01 10001 100 3736 2013934332 27514414 10012994
0b000f01 0b00ce01 10002 100 82294 2014200240 27250285 10019582
0b000301 0b00c401 10003 100 646598 2011722570 29729157 10066892
0b000201 0b00cc01 10002 100 8523 2016486303 25002665 10013396
0b000001 0b00c701 10005 100 16384 2013959493 27551576 10014056
0b000101 0b00ca01 10000 100 27386 2016435126 25086380 10014978
0b000d01 0b00c201 10002 100 42140 2014523281 27001649 10016216
0b000001 0b00c901 10004 100 23582 2016546014 25035424 10014658
0b000b01 0b00c901 10005 100 27919 2015486161 26230564 10015021
0b000d01 0b00cc01 10004 100 112210 2023845671 17895084 10022090
0b000201 0b00cc01 10010 100 33318 2028222551 13524829 10015476
0b000d01 0b00c101 10003 100 13478 2016429125 25354279 10013812
0b000f01 0b00c501 10010 100 169628 2022974376 18821343 10026903
0b000b01 0b00c901 10004 100 138085 2014590564 27315447 10024260
0b000c01 0b00c201 10001 100 47173 2004363208 37587371 10016638
0b000b01 0b00c401 10003 100 74107 2015316208 26664309 10018896
0b000501 0b00ce01 10001 100 20444 2005963652 36068988 10014396
0b000901 0b00c601 10003 100 27387 2015679806 26378228 10014978
0b000701 0b00c301 10005 100 1911 2017616580 24461362 10012840
0b000501 0b00ca01 10002 100 20573 2013816541 28263237 10014406
0b000701 0b00c101 10003 100 32259 2005706609 36379936 10015387
0b000101 0b00cc01 10007 100 51144 2028875172 13223040 10016971
0b000f01 0b00c501 10003 100 336106 2004714286 37392460 10040862
0b000801 0b00c801 10000 100 6770 2006376899 35749496 10013248
0b000a01 0b00cf01 10003 100 72603 2015607596 26551960 10018768
0b000401 0b00cf01 10001 100 9751 2006070620 36129894 10013498
0b000601 0b00c101 10005 100 77031 2025625198 16592690 10019142
0b000b01 0b00ce01 10005 100 40200 2027124732 15144781 10016053
0b000a01 0b00c301 10007 100 5932 2020867194 21403754 10013177
0b000a01 0b00c901 10010 100 4623 2020894473 21378540 10013069
0b000901 0b00c801 10008 100 4635 2029604589 12682963 10013070
0b000d01 0b00cc01 10001 100 71030 2004215061 38090753 10018638
0b000401 0b00c801 10000 100 51671 2004490752 37826917 10017013
0b000d01 0b00ca01 10002 100 47314 2016860852 25531324 10016649
0b000e01 0b00ca01 10003 100 68590 2020388701 22081482 10018432
0b000801 0b00c701 10003 100 2469 2016546024 25991271 10012889
0b000801 0b00ce01 10003 100 17384 2016400079 26158827 10014139
0b000001 0b00c601 10004 100 38739 2015222701 27345667 10015928
0b000801 0b00c901 10007 100 57046 2027170968 15497910 10017466
0b000701 0b00c701 10009 100 20593 2021706824 20966138 10014408
0b000701 0b00cc01 10000 100 42483 2001142331 41596619 10016243
0b000701 0b00c301 10004 100 19799 2010346279 32417569 10014340
0b000c01 0b00c801 10005 100 706632 2018668166 24104555 10071925
0b000601 0b00c501 10001 100 42425 2017045099 25737319 10016239
0b000c01 0b00ca01 10004 100 8730 2022181922 20631292 10013412
0b000501 0b00cd01 10000 100 1837075 2005738784 37091257 10166703
0b000f01 0b00c101 10003 100 17639 2015895133 26957690 10014160
0b000d01 0b00c901 10008 100 5999 2030536811 12316998 10013182
0b000e01 0b00c001 10006 100 9918 2016035089 26842362 10013511
0b000501 0b00c001 10003 100 47577 2018170137 24774871 10016670
0b000e01 0b00c801 10003 100 739218 2011432452 31529152 10074659
0b000801 0b00c401 10003 100 8769 2017141171 25826602 10013416
0b000c01 0b00c901 10004 100 9635 2017853038 25132983 10013489
0b000c01 0b00c901 10005 100 4649 2018005322 25025499 10013071
0b000d01 0b00c401 10010 100 436832 2019206945 23837895 10049304
0b000201 0b00cc01 10001 100 23249 2015088914 27985234 10014632
0b000c01 0b00c401 10001 100 626 2009031928 34054409 10012733
0b000c01 0b00c801 10004 100 15061 2016146346 26990005 10013946
0b000c01 0b00ca01 10001 100 619403 2010935176 32205454 10064613
0b000b01 0b00c701 10001 100 26020 2021512245 21636583 10014865
0b000b01 0b00c301 10004 100 5403 2017307467 25853772 10013135
0b000101 0b00c501 10004 100 28494 2019389663 23776614 10015070
0b000901 0b00c701 10003 100 68185 2016135466 27041063 10018399
0b000601 0b00c001 10005 100 1749 2018556336 24621055 10012827
0b000b01 0b00c801 10003 100 38338 2016718827 26502676 10015896
0b000701 0b00c101 10002 100 53566 2004866140 38391878 10017172
0b000d01 0b00c401 10006 100 29545 2009146271 34125441 10015158
0b000801 0b00cd01 10009 100 773111 2017801631 25550939 10077501
0b000c01 0b00ce01 10001 100 8551 2009396832 34041498 10013398
0b000501 0b00c201 10002 100 7179 2019017555 24456328 10013285
0b000201 0b00ce01 10000 100 1060490 2004948136 38607659 10101593
0b000e01 0b00c001 10008 100 26771 2022534175 21066105 10014925
0b000001 0b00c301 10006 100 77918 2029637187 13986932 10019212
0b000601 0b00c901 10002 100 804348 2007042681 36596886 10080119
0b000201 0b00c801 10003 100 9831 2007185912 36479173 10013504
0b000001 0b00cc01 10007 100 16477 2027697751 15972910 10014063
0b000901 0b00ca01 10001 100 5521 2006257816 37476983 10013144
0b000801 0b00cd01 10002 100 198951 2008907059 34840337 10029360
0b000801 0b00c601 10003 100 50319 2017261385 26488617 10016901
0b000d01 0b00ce01 10000 100 52380 2005876186 37885476 10017073
0b000d01 0b00c001 10001 100 63688 2016211434 27564903 10018020
0b000601 0b00cb01 10000 100 1788378 2004345981 39432565 10162620
0b000d01 0b00cd01 10000 100 1073 2006285761 37520580 10012773
0b000801 0b00c401 10004 100 41599 2022027292 21795587 10016169
0b000a01 0b00c701 10001 100 45838 2009376942 34487447 10016523
0b000001 0b00cb01 10001 100 2244082 2008324104 35584411 10200827
0b000801 0b00c501 10001 100 560508 2008656075 35293892 10059674
0b000501 0b00c301 10001 100 24238 2005924219 38036122 10014715
0b000701 0b00c201 10008 100 5843 2028168226 15816091 10013170
0b000901 0b00c601 10001 100 29708 2007146082 36854988 10015171
0b000901 0b00c401 10001 100 15540 2008529798 35486176 10013984
0b000f01 0b00c901 10004 100 52918 2016774158 27272968 10017116
0b000701 0b00c801 10004 100 17091 2007397714 36670431 10014116
0b000b01 0b00c901 10001 100 3068 2006802485 37286381 10012940
0b000901 0b00c701 10005 100 765 2017848343 26247753 10012745
0b000001 0b00cb01 10002 100 64456 2018871988 25224113 10018086
0b000101 0b00cd01 10000 100 2571 2000166477 44012757 10012897
0b000801 0b00cd01 10001 100 41559 2005158870 39030161 10016166
0b000901 0b00c501 10011 100 74622 2020363414 23835248 10018937
0b000f01 0b00c501 10004 100 55997 2006114202 38089386 10017374
0b000801 0b00c201 10000 100 68303 2000191967 44018444 10018409
0b000f01 0b00c901 10006 100 5753 2019214990 25024617 10013163
0b000601 0b00c001 10006 100 26325 2019565888 24678738 10014889
0b000401 0b00c701 10000 100 2164019 2003548904 40750904 10194115
0b000601 0b00c201 10003 100 3516 2019821326 24512727 10012976
0b000701 0b00cf01 10002 100 61998 2015433754 28943691 10017877
0b000501 0b00cf01 10005 100 55085 2027221004 17189014 10017301
0b000501 0b00cc01 10001 100 1560333 2004125651 40330372 10143500
0b000001 0b00c601 10007 100 26470 2020668534 23820206 10014901
0b000901 0b00c501 10002 100 797930 2002994011 41517619 10079578
0b000301 0b00cc01 10006 100 52803 2027860750 16657526 10017107
0b000801 0b00ce01 10007 100 60063 2028763233 15761471 10017719
0b000701 0b00c801 10009 100 18022 2019698453 24914433 10014194
0b000d01 0b00c001 10002 100 38413 2019229237 25433060 10015902
0b000c01 0b00c201 10006 100 10064 2017483175 27219341 10013527
0b000001 0b00c901 10001 100 1692343 2009539672 35191137 10154568
0b000401 0b00c201 10003 100 4953 2019391328 25380394 10013095
0b000801 0b00ce01 10004 100 58742 2018530595 26248155 10017605
0b000601 0b00cb01 10001 100 56787 2004767232 40043033 10017441
0b000401 0b00cc01 10000 100 913272 2001609225 43255822 10089251
0b000001 0b00cd01 10006 100 367192 2020054463 24817579 10043468
0b000c01 0b00c701 10010 100 32463 2031951123 12976624 10015403
0b000501 0b00c501 10005 100 6669 2032702879 12243164 10013240
0b000a01 0b00cd01 10001 100 106936 2004675922 40271165 10021645
0b000501 0b00c901 10003 100 311612 2026342013 18633442 10038807
0b000701 0b00c601 10003 100 6075 2017413450 27573970 10013192
0b000601 0b00c501 10003 100 20181 2028212551 16782643 10014375
0b000001 0b00c701 10006 100 31273 2017546523 27513678 10015304
0b000001 0b00cd01 10007 100 21790 2020328881 24745584 10014507
0b000c01 0b00c701 10002 100 13524 2009119822 35956372 10013815
0b000901 0b00c501 10005 100 546280 2010799023 34284818 10058482
0b000301 0b00c301 10002 100 93549 2019582830 25517843 10020524
0b000901 0b00c801 10002 100 59519 2002879210 42243988 10017671
0b000201 0b00c701 10000 100 1475050 2002415099 42717279 10136351
0b000501 0b00c101 10005 100 5668 2017265806 27885862 10013156
0b000f01 0b00c801 10003 100 172972 2025553522 19637451 10027182
0b000e01 0b00c601 10002 100 2193 2020345906 24856283 10012866
0b000101 0b00ce01 10003 100 57335 2008370123 36875260 10017489
0b000801 0b00cd01 10007 100 712390 2013072728 32193310 10072409
0b000301 0b00c901 10000 100 11740 2002564612 42714531 10013665
0b000601 0b00cd01 10001 100 742951 2011841192 33444306 10074969
0b000f01 0b00c801 10002 100 469923 2020297191 25009358 10052078
0b000201 0b00cc01 10005 100 52300 2019425288 25882063 10017067
0b000801 0b00c201 10006 100 29200 2022226900 23082154 10015131
0b000201 0b00c101 10004 100 54123 2019439444 25902208 10017221
0b000701 0b00ce01 10002 100 14657 2017760233 27664043 10013910
0b000001 0b00c401 10000 100 3730 2000744500 44700265 10012993
0b000901 0b00cb01 10001 100 71696 2010059715 35449350 10018692
0b000501 0b00c601 10004 100 25957 2019657002 25914306 10014856
0b000701 0b00c301 10002 100 24281 2007855643 37799032 10014718
0b000901 0b00c701 10006 100 16434 2019964744 25693729 10014060
0b000a01 0b00c001 10002 100 3111 2020282647 25406661 10012944
0b000d01 0b00cb01 10003 100 7490 2018621866 27119333 10013309
0b000101 0b00cc01 10004 100 131967 2016787968 28961525 10023744
0b000801 0b00ce01 10008 100 44137 2031968367 13782950 10016383
0b000801 0b00c101 10001 100 7344 2006918742 38887993 10013298
0b000a01 0b00c301 10005 100 39153 2009825177 35996649 10015965
0b000801 0b00c001 10001 100 577001 2005515294 40350803 10061059
0b000d01 0b00c701 10004 100 64562 2020199794 25746848 10018094
0b000f01 0b00c301 10003 100 6784 2025612504 20345736 10013249
0b000501 0b00c301 10006 100 9197 2018350081 27707028 10013454
0b000301 0b00c201 10001 100 4661 2008688139 37380991 10013072
0b000501 0b00cd01 10005 100 23082 2018502980 27630619 10014618
0b000b01 0b00ce01 10007 100 59913 2030835173 15337671 10017703
0b000501 0b00cc01 10006 100 28309 2020342977 25834906 10015056
0b000e01 0b00cc01 10005 100 44744 2011644748 34536977 10016432
0b000b01 0b00ce01 10008 100 3796 2031777947 14437532 10012999
0b000b01 0b00cb01 10005 100 65674 2020060571 26251122 10018187
0b000d01 0b00c301 10006 100 15599 2018975868 27367497 10013989
0b000901 0b00c701 10000 100 614 2001161767 45201311 10012732
0b000601 0b00c801 10011 100 20332 2025329058 21035239 10014387
0b000d01 0b00c601 10002 100 12208 2008147665 38217135 10013706
0b000b01 0b00cc01 10007 100 52317 2030996717 15368854 10017068
0b000401 0b00ca01 10004 100 67850 2012200626 34200229 10018369
0b000401 0b00c901 10005 100 48893 2021136487 25270099 10016779
0b000801 0b00c601 10004 100 179037 2017555623 28869148 10027694
0b000101 0b00c501 10000 100 2585 2002284139 44142321 10012898
0b000101 0b00c701 10004 100 88307 2021367981 25062259 10020086
0b000e01 0b00cd01 10001 100 74554 2020071091 26367699 10018932
0b000001 0b00cd01 10001 100 44856 2006830587 39654303 10016441
0b000201 0b00c301 10004 100 20605 2021583418 24912555 10014409
0b000f01 0b00cc01 10009 100 35694 2033630480 12883290 10015673
0b000801 0b00c901 10004 100 90442 2018841898 27702761 10020264
0b000d01 0b00c301 10008 100 6233 2026219390 20325727 10013205
0b000101 0b00ce01 10000 100 6213 2001228411 45360820 10013203
0b000301 0b00c101 10002 100 41605 2021558784 25033611 10016169
0b000901 0b00c401 10003 100 54976 2019215586 27379989 10017289
0b000c01 0b00c101 10006 100 44623 2025756039 20863853 10016422
0b000401 0b00cd01 10000 100 4280730 2000681247 45963839 10371577
0b000801 0b00c101 10005 100 12567 2012410669 34244032 10013735
0b000b01 0b00cc01 10002 100 22516 2008243999 38457994 10014569
0b000301 0b00ce01 10003 100 8193 2019169461 27533246 10013370
0b000801 0b00ca01 10001 100 20863 2008616861 38088111 10014429
0b000801 0b00cc01 10001 100 965119 2006699169 40007041 10093598
0b000d01 0b00c601 10001 100 1184807 2004619153 42087368 10112014
0b000301 0b00ce01 10002 100 21617 2018999425 27713616 10014493
0b000401 0b00cf01 10000 100 9825 2001156329 45623815 10013504
0b000301 0b00c601 10006 100 74477 2021461507 25342120 10018926
0b000001 0b00c301 10000 100 2645781 2003104603 43699942 10234503
0b000c01 0b00cf01 10001 100 129982 2011306727 35529361 10023577
0b000101 0b00c601 10004 100 76480 2021482778 25357852 10019094
0b000901 0b00c901 10000 100 122906 2003614268 43284335 10022984
0b000d01 0b00c301 10007 100 26936 2019337461 27577487 10014938
0b000701 0b00c401 10005 100 37979 2010263514 36658992 10015864
0b000101 0b00c501 10001 100 7362 2003902422 43041028 10013299
0b000501 0b00c801 10005 100 10730 2022219167 24745531 10013580
0b000801 0b00c201 10005 100 63646 2019700722 27297038 10018017
0b000d01 0b00c301 10004 100 120302 2012027364 34971766 10022768
0b000201 0b00ca01 10003 100 11513 2010494685 36506467 10013647
0b000001 0b00cc01 10005 100 6583 2022668216 24343393 10013233
0b000c01 0b00cd01 10003 100 20361 2011258777 35760504 10014389
0b000201 0b00c001 10003 100 3515 2022596313 24423026 10012976
0b000f01 0b00c601 10006 100 9415 2023475831 23550035 10013471
0b000801 0b00c101 10008 100 441566 2024792869 22287281 10049702
0b000501 0b00cc01 10007 100 246 2022584569 24515181 10012703
0b000301 0b00c301 10005 100 42373 2030618920 16491239 10016234
0b000701 0b00c601 10006 100 181413 2021590237 25520230 10027891
0b000d01 0b00cb01 10008 100 59646 2021561440 25550538 10017682
0b000601 0b00c301 10005 100 230878 2019171088 27951457 10032037
0b000f01 0b00ca01 10008 100 24870 2026561941 20621644 10014765
0b000201 0b00cb01 10005 100 28797 2018998821 28186013 10015095
0b000001 0b00c501 10004 100 52771 2026035461 21151287 10017105
0b000801 0b00cd01 10000 100 71894 2001545214 45688417 10018708
0b000c01 0b00cf01 10000 100 73749 2008850955 38386285 10018864
0b000c01 0b00c001 10006 100 125104 2018304511 28950036 10023172
0b000f01 0b00c501 10001 100 216 2003890479 43364865 10012701
0b000c01 0b00c201 10008 100 29217 2019585960 27702314 10015132
0b000901 0b00c301 10000 100 5276 2001525619 45774413 10013125
0b000501 0b00cd01 10001 100 26077 2011031696 36275794 10014869
0b000801 0b00c501 10004 100 40193 2023941869 23375785 10016052
0b000901 0b00cf01 10003 100 835706 2009528439 37796431 10082746
0b000d01 0b00c201 10003 100 8683 2019966844 27375419 10013409
0b000101 0b00c601 10000 100 5393 2013137919 34218086 10013134
0b000a01 0b00c801 10002 100 6116 2026162659 21197546 10013196
0b000501 0b00c401 10000 100 183990 2023335835 24038246 10028105
0b000901 0b00cf01 10007 100 16142 2022056148 25337754 10014036
0b000901 0b00c501 10004 100 480125 2007627713 39810870 10052937
0b000e01 0b00c001 10005 100 53909 2008786172 38727805 10017200
0b000201 0b00c801 10002 100 60279 2002923989 44606438 10017736
0b000801 0b00ce01 10002 100 69221 2009322889 38255064 10018486
0b000101 0b00c101 10010 100 615 2035538429 12043068 10012733
0b000f01 0b00c901 10008 100 65646 2033901650 13734927 10018185
0b000801 0b00ce01 10001 100 3349 2009280378 38365358 10012963
0b000001 0b00c201 10000 100 65010 2007898915 39760147 10018134
0b000901 0b00c701 10001 100 48991 2003096622 44563880 10016787
0b000101 0b00cf01 10007 100 96346 2033056209 14680804 10020760
0b000001 0b00c201 10004 100 27234 2023270225 24520244 10014966
0b000601 0b00c801 10009 100 9524 2023122203 24677373 10013480
0b000701 0b00c701 10012 100 12798 2031572543 16236922 10013753
0b000d01 0b00ce01 10001 100 44143 2012753490 35084604 10016384
0b000101 0b00ce01 10001 100 32019 2002007794 45864710 10015368
0b000301 0b00c401 10010 100 48268 2030919439 16970974 10016729
0b000a01 0b00cf01 10001 100 9353 2009818942 38094529 10013466
0b000801 0b00cd01 10010 100 10080 2022450142 25466064 10013528
0b000401 0b00cb01 10006 100 251483 2019890905 28033102 10033766
0b000101 0b00ce01 10005 100 65761 2009866898 38058955 10018194
0b000101 0b00cb01 10003 100 45105 2022994977 25004650 10016465
0b000201 0b00c201 10003 100 76114 2018463420 29589329 10019064
0b000b01 0b00cd01 10003 100 5254 2022820360 25242005 10013123
0b000901 0b00c501 10007 100 48949 2013198416 34866895 10016784
0b000201 0b00ce01 10005 100 414733 2018428066 29676719 10047452
0b000701 0b00c801 10008 100 59284 2019686545 28467626 10017653
0b000701 0b00cf01 10005 100 5239 2023560529 24675927 10013122
0b000701 0b00cd01 10002 100 1116271 2008035459 40249264 10106270
0b000101 0b00cf01 10002 100 51948 2011621818 36668741 10017035
0b000601 0b00c801 10004 100 619123 2015396870 32936270 10064590
0b000101 0b00cd01 10003 100 187331 2007833982 40529709 10028388
0b000e01 0b00c501 10006 100 33445 2020080747 28299835 10015486
0b000601 0b00c301 10010 100 35113 2034749452 13645069 10015627
0b000d01 0b00c001 10003 100 72801 2019931144 28474575 10018784
0b000e01 0b00c101 10008 100 7971 2020964123 27449609 10013348
0b000d01 0b00c401 10008 100 3977 2010428427 38014838 10013013
0b000701 0b00c201 10004 100 71624 2019134537 29310413 10018686
0b000c01 0b00c701 10001 100 1138052 2004631285 43864049 10108097
0b000401 0b00c201 10004 100 51124 2022478709 26069587 10016969
0b000301 0b00c601 10005 100 25190 2020526514 28047365 10014795
0b000801 0b00cb01 10000 100 3405117 2001664664 46930044 10298168
0b000801 0b00c001 10007 100 89255 2032635611 15969663 10020166
0b000b01 0b00cf01 10002 100 14793 2010133510 38498364 10013921
0b000201 0b00cb01 10008 100 5788 2028319749 20345581 10013166
0b000f01 0b00cc01 10004 100 7446 2021230091 27461689 10013306
0b000401 0b00c701 10003 100 599651 2014220581 34479415 10062956
0b000f01 0b00c201 10006 100 7576 2024137735 24582831 10013316
0b000301 0b00c401 10004 100 195255 2011893306 36834984 10029053
0b000101 0b00c101 10001 100 13216 2002442779 46289038 10013791
0b000501 0b00cb01 10007 100 18061 2028149689 20606407 10014197
0b000001 0b00cf01 10001 100 27294 2011985436 36790888 10014971
0b000e01 0b00cd01 10004 100 9785 2024298941 24530151 10013501
0b000701 0b00c101 10005 100 27447 2031948143 16929921 10014983
0b000c01 0b00c301 10003 100 29293 2024830790 24076438 10015138
0b000101 0b00c101 10003 100 1499797 2012856456 36065310 10138423
0b000101 0b00cd01 10002 100 3945487 2005000898 43981391 10343471
0b000701 0b00c501 10005 100 31606 2023863459 25134632 10015331
0b000b01 0b00c801 10001 100 1038480 2006744761 42254469 10099748
0b000901 0b00c501 10012 100 23732 2023777819 25265681 10014670
0b000d01 0b00c401 10007 100 47450 2010274256 38773017 10016660
0b000801 0b00c701 10007 100 2755 2024103007 25015150 10012911
0b000601 0b00c801 10001 100 116534 2008899291 40252411 10022452
0b000701 0b00cf01 10000 100 46751 2003100906 46095116 10016600
0b000d01 0b00c601 10009 100 1615 2025416862 23786165 10012816
0b000a01 0b00cf01 10008 100 61998 2035000838 14223184 10017877
0b000101 0b00cd01 10007 100 31182 2024560355 24708747 10015297
0b000c01 0b00c701 10005 100 68729 2020802282 28482784 10018443
0b000501 0b00cd01 10003 100 20871 2011663312 37625689 10014430
0b000f01 0b00c301 10006 100 90392 2031529364 17893855 10020260
0b000e01 0b00c801 10006 100 9604 2028912581 20512445 10013486
0b000101 0b00c501 10007 100 5461 2029153913 20283041 10013139
0b000401 0b00cc01 10003 100 164453 2018558287 30884010 10026469
0b000b01 0b00ca01 10004 100 93934 2023037654 26418742 10020555
0b000201 0b00c201 10002 100 5315 2006946640 42543528 10013128
0b000101 0b00c301 10002 100 77587 2020752229 28747210 10019186
0b000801 0b00c401 10005 100 19481 2024073067 25450319 10014315
0b000501 0b00cb01 10001 100 11424 2003394008 46186501 10013640
0b000c01 0b00c301 10002 100 44811 2021404063 28222607 10016437
0b000c01 0b00c901 10006 100 70427 2021107447 28519815 10018586
0b000601 0b00c001 10008 100 21007 2025720487 23964610 10014445
0b000a01 0b00cb01 10003 100 598658 2014310878 35377348 10062872
0b000201 0b00cb01 10004 100 232782 2018642099 31094861 10032197
0b000901 0b00ca01 10004 100 614 2011391231 38349982 10012732
0b000701 0b00cd01 10006 100 79778 2023639354 26105265 10019369
0b000201 0b00c201 10004 100 99967 2021839833 27917939 10021061
0b000d01 0b00c501 10001 100 632978 2009396967 40364732 10065748
0b000201 0b00cf01 10007 100 3262 2012184693 37635730 10012956
0b000901 0b00cb01 10003 100 129123 2023279092 26581919 10023509
0b000801 0b00c901 10000 100 9433 2004847853 45033558 10013473
0b000b01 0b00cb01 10000 100 805334 2003575157 46333928 10080201
0b000101 0b00c201 10001 100 174594 2011611645 38379529 10027319
0b000301 0b00c401 10006 100 300148 2021245631 28767472 10037847
0b000801 0b00c501 10000 100 279816 2004947389 45066331 10036140
0b000001 0b00cd01 10003 100 44511 2009558868 40497415 10016413
0b000801 0b00c001 10009 100 53292 2035828769 14234411 10017150
0b000301 0b00c301 10003 100 217416 2022134002 27944538 10030910
0b000f01 0b00c501 10009 100 25842 2022134910 27950012 10014847
0b000901 0b00cc01 10006 100 4541 2036798047 13322569 10013062
0b000201 0b00cc01 10013 100 60874 2035541872 14594362 10017784
0b000701 0b00cd01 10000 100 63309 2004094772 46086606 10017990
0b000e01 0b00cb01 10003 100 63573 2021496820 28737239 10018011
0b000401 0b00c801 10005 100 46804 2033469017 16790788 10016604
0b000401 0b00cb01 10004 100 45124 2011889280 38384616 10016466
0b000501 0b00ce01 10004 100 62110 2022057617 28231148 10017890
0b000f01 0b00c101 10006 100 440 2026714260 23621892 10012719
0b000b01 0b00c501 10003 100 19390 2035811993 14569973 10014308
0b000101 0b00cc01 10002 100 67112 2010077426 40338762 10018310
0b000101 0b00c001 10001 100 22470 2002244339 48197484 10014565
0b000401 0b00ce01 10004 100 585233 2016569673 33907480 10061748
0b000a01 0b00c101 10001 100 61338 2022690034 27796087 10017825
0b000801 0b00c001 10000 100 7797 2004316021 46180230 10013334
0b000801 0b00c101 10007 100 208900 2022337400 28181945 10030194
0b000f01 0b00cc01 10005 100 210183 2022862562 27666135 10030304
0b000c01 0b00c901 10001 100 7466 2011968054 38561530 10013308
0b000f01 0b00cb01 10007 100 70499 2028758616 21791683 10018592
0b000401 0b00c101 10010 100 43901 2034137439 16451181 10016361
0b000d01 0b00c501 10003 100 165147 2013688698 36901913 10026529
0b000901 0b00c501 10000 100 1035152 2002431038 48188431 10099470
0b000b01 0b00c301 10000 100 7182 2004572947 46065289 10013285
0b000901 0b00cb01 10000 100 4788501 2001536595 49153137 10414149
0b000001 0b00c501 10000 100 516956 2004930011 45778545 10056021
0b000201 0b00ca01 10008 100 61875 2028162349 22572812 10017868
0b000901 0b00c701 10004 100 5929 2016523566 34212860 10013177
0b000201 0b00c101 10005 100 9555 2026773175 24006812 10013482
0b000801 0b00c601 10008 100 2450 2037357139 13471632 10012887
0b000701 0b00cf01 10004 100 33678 2022117006 28723371 10015504
0b000601 0b00c001 10007 100 57833 2025032872 25816042 10017529
0b000001 0b00c701 10000 100 7932 2002832671 48047675 10013345
0b000301 0b00cb01 10004 100 66884 2015443273 35475904 10018288
0b000a01 0b00c501 10002 100 344557 2019968194 30952951 10041569
0b000d01 0b00cb01 10001 100 4021 2012648700 38387323 10013020
0b000001 0b00c901 10003 100 38440 2013209305 37841614 10015904
0b000901 0b00c601 10000 100 1204913 2003269244 47823775 10113700
0b000801 0b00cc01 10010 100 2566 2037903456 13217271 10012896
0b000801 0b00c201 10003 100 290815 2013398459 37737468 10037062
0b000401 0b00c701 10001 100 615174 2006958426 44200127 10064259
0b000101 0b00c901 10007 100 30716 2038246581 12946784 10015256
0b000c01 0b00ca01 10002 100 49035 2012254931 38964050 10016794
0b000601 0b00c501 10002 100 182254 2023249416 27970555 10027963
0b000601 0b00c301 10007 100 25892 2026452836 24770070 10014851
0b000801 0b00c501 10007 100 6234 2030528576 20742955 10013205
0b000501 0b00cc01 10009 100 2886 2035519970 15780160 10012922
0b000401 0b00c501 10006 100 6693 2013880324 37426137 10013242
0b000101 0b00ce01 10006 100 23584 2011752479 39576221 10014658
0b000301 0b00cd01 10003 100 3594 2027170304 24171029 10012982
0b000801 0b00c001 10004 100 19810 2024481349 26873628 10014341
0b000b01 0b00ca01 10001 100 1287 2013384733 37988369 10012790
0b000901 0b00cf01 10004 100 95293 2011861295 39580232 10020672
0b000301 0b00ca01 10003 100 188452 2020648849 30811809 10028481
0b000c01 0b00c201 10010 100 2951 2027281254 24194821 10012927
0b000901 0b00c601 10006 100 27166 2026073993 25409417 10014960
0b000901 0b00c501 10006 100 988413 2011318698 40166120 10095550
0b000401 0b00c901 10006 100 8196 2027121672 24379676 10013370
0b000d01 0b00cc01 10006 100 4793 2027222682 24301116 10013082
0b000401 0b00ca01 10010 100 85801 2034349031 17198327 10019874
0b000801 0b00c901 10008 100 19454 2030314329 21256892 10014313
0b000801 0b00c701 10001 100 837242 2011858107 39714674 10082877
0b000601 0b00c201 10001 100 13019 2010012485 41592393 10013775
0b000901 0b00ce01 10006 100 581 2026606070 25036756 10012730
0b000f01 0b00ce01 10001 100 163250 2007161003 44513567 10026369
0b000001 0b00c701 10003 100 45853 2011857870 39840676 10016524
0b000f01 0b00c601 10001 100 676910 2003242630 48462338 10069432
0b000001 0b00cc01 10001 100 1798368 2007847697 43883452 10163457
0b000501 0b00c401 10002 100 44836 2030100693 21652247 10016439
0b000f01 0b00c201 10008 100 31180 2035283457 16471723 10015297
0b000d01 0b00c501 10002 100 5530 2013327733 38463207 10013145
0b000e01 0b00c601 10003 100 84379 2026137155 25658288 10019756
0b000001 0b00c901 10006 100 7537 2023895800 27923105 10013313
0b000101 0b00cd01 10001 100 35764 2004868783 46963753 10015679
0b000601 0b00c201 10005 100 28899 2038615304 13291020 10015103
0b000101 0b00c301 10003 100 17186 2023742042 28195728 10014124
0b000d01 0b00c101 10002 100 1297626 2010669748 41279999 10121474
0b000e01 0b00cc01 10007 100 72023 2013478425 38471906 10018722
0b000d01 0b00cf01 10000 100 149116 2011917047 40094617 10025185
0b000801 0b00cd01 10011 100 37588 2030457268 21560206 10015832
0b000601 0b00c901 10008 100 182365 2032738263 19360231 10027971
0b000e01 0b00cf01 10006 100 73372 2015975721 36125148 10018833
0b000501 0b00c001 10001 100 77345 2012492935 39614195 10019167
0b000001 0b00c301 10004 100 10064 2024399631 27716334 10013527
0b000601 0b00c201 10002 100 49023 2015531900 36603357 10016793
0b000c01 0b00c901 10009 100 63751 2038140207 14050436 10018025
0b000001 0b00ce01 10005 100 16973 2039702544 12527564 10014103
0b000901 0b00ca01 10006 100 993 2018379509 33879180 10012763
0b000a01 0b00c601 10002 100 17751 2014292843 38010888 10014169
0b000501 0b00cf01 10003 100 43871 2016996967 35343109 10016358
0b000301 0b00c301 10000 100 154229 2003310965 49029166 10025613
0b000001 0b00cd01 10002 100 33439 2007070287 45312784 10015485
0b000e01 0b00c901 10008 100 38515 2036008476 16407233 10015910
0b000f01 0b00c201 10007 100 54848 2026936581 25521793 10017279
0b000001 0b00c201 10006 100 142094 2025776725 26731197 10024596
0b000c01 0b00c201 10009 100 25354 2024338950 28198819 10014808
0b000801 0b00cc01 10008 100 9591 2027414804 25123825 10013485
0b000601 0b00ca01 10006 100 12108 2036715248 15877909 10013698
0b000401 0b00ce01 10000 100 8769 2006139403 46473593 10013416
0b000c01 0b00c701 10007 100 28656 2024357879 28258599 10015083
0b000101 0b00cf01 10000 100 249982 2005541147 47092850 10033638
0b000301 0b00c601 10008 100 7465 2028475402 24199167 10013307
0b000f01 0b00c801 10004 100 23169 2028251419 24473858 10014625
0b000101 0b00ca01 10003 100 55174 2023706709 29025853 10017308
0b000001 0b00c501 10005 100 40237 2027827202 24911751 10016056
0b000901 0b00c301 10006 100 4172 2026024900 26719279 10013032
0b000f01 0b00ce01 10007 100 39002 2028120919 24670300 10015953
0b000001 0b00c501 10003 100 199517 2024770283 28048004 10029409
0b000601 0b00c001 10002 100 687452 2007983499 44837145 10070318
0b000f01 0b00cd01 10001 100 48432 2005120121 47729204 10016742
0b000d01 0b00ca01 10003 100 81744 2030708317 22142381 10019534
0b000a01 0b00c001 10007 100 3273 2038678861 14219756 10012957
0b000f01 0b00c301 10012 100 2558 2040598888 12302962 10012896
0b000f01 0b00c401 10002 100 54527 2031165420 21749524 10017253
0b000a01 0b00c701 10004 100 14121 2018496595 34427158 10013867
0b000001 0b00c901 10007 100 8481 2028681082 24256799 10013393
0b000f01 0b00c201 10005 100 42812 2017353428 35591127 10016270
0b000601 0b00c801 10013 100 30062 2032101754 20852105 10015204
0b000e01 0b00cc01 10014 100 12103 2040724158 12296178 10013698
0b000801 0b00c901 10009 100 2626 2032295174 20770830 10012901
0b000601 0b00c101 10006 100 42131 2027479000 25590395 10016215
0b000701 0b00c801 10007 100 63135 2018503969 34579904 10017976
0b000b01 0b00ca01 10005 100 9352 2026249132 26835258 10013466
0b000601 0b00c801 10010 100 9004 2025175560 27922355 10013438
0b000b01 0b00cb01 10002 100 189279 2004235512 48875606 10028551
0b000901 0b00ce01 10000 100 56685 2003597679 49531295 10017433
0b000f01 0b00c601 10004 100 60586 2015292126 37866468 10017761
0b000001 0b00cd01 10000 100 51136 2004575967 48585692 10016970
0b000c01 0b00c601 10011 100 2906 2037374504 15800136 10012924
0b000b01 0b00c001 10001 100 7876 2015149243 38080439 10013340
0b000601 0b00c401 10010 100 60699 2040172613 13079711 10017770
0b000a01 0b00cf01 10002 100 62484 2014595245 38702139 10017920
0b000001 0b00c101 10003 100 144905 2010255319 43046632 10024829
0b000b01 0b00c301 10010 100 23577 2028294187 25035231 10014658
0b000101 0b00cd01 10006 100 28902 2020533322 32808614 10015103
0b000f01 0b00cb01 10008 100 421 2028933755 24408333 10012717
0b000801 0b00c301 10006 100 10100 2039681169 13669981 10013530
0b000401 0b00c401 10001 100 59988 2019959007 33420624 10017709
0b000d01 0b00cd01 10001 100 65761 2015542747 37843641 10018194
0b000f01 0b00c401 10001 100 3113 2009406133 44006733 10012944
0b000901 0b00c201 10002 100 50474 2009029463 44395019 10016913
0b000601 0b00cb01 10005 100 13597 2028838442 24610142 10013821
0b000301 0b00c401 10009 100 119471 2027292560 26175707 10022698
0b000901 0b00c101 10004 100 228137 2011764734 41737173 10031810
0b000801 0b00c701 10010 100 24272 2038692585 14827785 10014717
0b000101 0b00cf01 10003 100 7267 2014051902 39475075 10013292
0b000001 0b00cf01 10006 100 70284 2028197234 25349000 10018575
0b000101 0b00c101 10007 100 8369 2029336393 24278607 10013384
0b000301 0b00c001 10002 100 51726 2024841730 28777128 10017017
0b000301 0b00c601 10002 100 1019520 2015928134 37710841 10098158
0b000c01 0b00c601 10007 100 79447 2024549165 29173438 10019342
0b000501 0b00cc01 10003 100 168157 2005700784 48029385 10026781
0b000801 0b00cb01 10004 100 47872 2030349186 23388633 10016694
0b000601 0b00ca01 10001 100 64982 2024025861 29712670 10018128
0b000901 0b00c101 10001 100 1048383 2004201769 49577572 10100578
0b000701 0b00cf01 10006 100 19970 2029073351 24741494 10014354
0b000001 0b00c701 10007 100 7354 2029620399 24209116 10013299
0b000001 0b00cb01 10004 100 112167 2027615806 26219141 10022087
0b000c01 0b00c801 10009 100 2256 2038014541 15845180 10012872
0b000c01 0b00c501 10005 100 24227 2037485382 16409314 10014714
0b000901 0b00c301 10004 100 23509 2015432421 38530195 10014652
0b000101 0b00cb01 10001 100 102358 2007837165 46150898 10021264
0b000101 0b00c001 10014 100 21154 2037529591 16481784 10014456
0b000801 0b00c401 10000 100 1995093 2004693921 49371646 10179952
0b000201 0b00cd01 10005 100 168776 2020616652 33461513 10026831
0b000d01 0b00c301 10014 100 2815 2041756486 12323363 10012916
0b000001 0b00c401 10006 100 2801 2033862887 20217645 10012915
0b000901 0b00c201 10004 100 252 2016154853 37964689 10012704
0b000f01 0b00c701 10001 100 22393 2006262636 47882898 10014559
0b000e01 0b00c101 10010 100 5949 2029931713 24235293 10013178
0b000001 0b00c601 10003 100 52370 2014109192 40084705 10017073
0b000b01 0b00c301 10009 100 30307 2027090433 27112714 10015223
0b000701 0b00c301 10008 100 77257 2027819483 26420716 10019160
0b000701 0b00c401 10008 100 76693 2017102527 37148945 10019111
0b000b01 0b00c301 10016 100 1631 2039863104 14412654 10012818
0b000b01 0b00c401 10009 100 9794 2039774009 14519194 10013501
0b000801 0b00cf01 10004 100 39783 2028942439 25412409 10016016
0b000801 0b00ca01 10000 100 14558 2006969110 47395348 10013902
0b000401 0b00c101 10006 100 49898 2029133428 25342673 10016863
0b000101 0b00c001 10011 100 29900 2029898898 24620395 10015187
0b000901 0b00c101 10011 100 67676 2039396791 15133425 10018355
0b000801 0b00c601 10002 100 22475 2016394769 38166997 10014566
0b000a01 0b00c101 10003 100 55640 2032423179 22139430 10017346
0b000d01 0b00c401 10012 100 1820 2030364710 24216024 10012833
0b000101 0b00cf01 10004 100 804472 2015480183 39129644 10080128
0b000101 0b00cd01 10004 100 1321260 2014541867 40070689 10123457
0b000a01 0b00c801 10003 100 3008 2027965786 26666906 10012936
0b000301 0b00cb01 10003 100 957745 2015094116 39557379 10092978
0b000801 0b00ce01 10009 100 558 2033536144 21119278 10012728
0b000201 0b00c901 10005 100 172408 2023892936 30832909 10027136
0b000801 0b00c101 10009 100 23666 2027706622 27026743 10014665
0b000801 0b00ca01 10002 100 64510 2010707452 44029546 10018090
0b000d01 0b00cf01 10001 100 13202 2022124210 32692272 10013789
0b000901 0b00ce01 10008 100 19015 2029743735 25142118 10014278
0b000d01 0b00c401 10005 100 145160 2005993668 48915983 10024853
0b000401 0b00c101 10014 100 30206 2042310896 12651954 10015215
0b000401 0b00c001 10004 100 130122 2017366831 37676077 10023592
0b000901 0b00c201 10008 100 7362 2029996389 25092249 10013299
0b000e01 0b00c501 10000 100 1729428 2004234224 50900176 10157677
0b000e01 0b00cc01 10010 100 24870 2030585738 24563053 10014765
0b000801 0b00c801 10004 100 27096 2040051671 15115590 10014955
0b000501 0b00c401 10004 100 22020 2034132447 21068138 10014529
0b000901 0b00c001 10006 100 28608 2016892765 38309358 10015080
0b000801 0b00c501 10005 100 57889 2027488196 27751964 10017533
0b000401 0b00c801 10006 100 22804 2034672943 20575070 10014592
0b000c01 0b00ce01 10003 100 23708 2011173637 44076020 10014668
0b000901 0b00c501 10008 100 5233 2017113909 38197671 10013121
0b000701 0b00c301 10006 100 45679 2019589685 35722746 10016510
0b000801 0b00cf01 10001 100 399188 2014094941 41318140 10046151
0b000f01 0b00ce01 10006 100 12791 2027418119 27998124 10013753
0b000901 0b00c301 10002 100 42379 2007009566 48407162 10016235
0b000b01 0b00c001 10004 100 6684 2028914541 26577556 10013241
0b000201 0b00c101 10003 100 170158 2016366140 39138109 10026949
0b000201 0b00cf01 10004 100 7247 2009021311 46506916 10013290
0b000901 0b00ca01 10011 100 134616 2038535348 16998485 10023967
0b000101 0b00ce01 10010 100 198809 2023957658 31642011 10029348
0b000601 0b00c801 10007 100 851 2020202983 35413575 10012751
0b000401 0b00c601 10005 100 15879 2027916746 27715146 10014011
0b000b01 0b00c801 10005 100 888690 2021233560 34412997 10087188
0b000001 0b00c501 10002 100 69328 2020495470 35154358 10018495
0b000c01 0b00c201 10014 100 14593 2035349157 20300996 10013905
0b000101 0b00cf01 10008 100 31768 2038813294 16842513 10015344
0b000801 0b00cc01 10006 100 251983 2016867679 38788170 10033806
0b000c01 0b00c501 10001 100 7736 2023092682 32565135 10013329
0b000301 0b00c701 10010 100 25480 2043055336 12624482 10014818
0b000301 0b00c001 10000 100 65615 2006211911 49472746 10018182
0b000201 0b00cb01 10003 100 26834 2015919826 39765616 10014930
0b000601 0b00cf01 10004 100 178152 2012985929 42723220 10027619
0b000101 0b00cf01 10006 100 21770 2019845918 35888676 10014506
0b000d01 0b00c401 10016 100 8780 2043441597 12294011 10013416
0b000801 0b00c801 10001 100 71620 2016924550 38817597 10018686
0b000f01 0b00c001 10012 100 77611 2037454252 18289002 10019188
0b000801 0b00c101 10004 100 1653683 2011900513 43896100 10151326
0b000501 0b00c001 10005 100 8535 2019243974 36555218 10013397
0b000b01 0b00ca01 10000 100 65779 2007094690 48710866 10018195
0b000001 0b00c501 10001 100 28110 2019908499 35899516 10015040
0b000a01 0b00c301 10004 100 22562 2007201295 48672924 10014573
0b000701 0b00c701 10008 100 4316 2015832506 40046102 10013044
0b000801 0b00c201 10002 100 2098970 2006880256 49014642 10188657
0b000301 0b00ca01 10001 100 208 2009585717 46338513 10012700
0b000501 0b00cc01 10011 100 35021 2039390880 16547720 10015619
0b000901 0b00cd01 10001 100 487367 2003933057 52010560 10053543
0b000101 0b00c801 10000 100 1925907 2009960990 46020653 10174148
0b000f01 0b00c501 10008 100 20318 2018624678 37360790 10014386
0b000c01 0b00c401 10002 100 35978 2011890354 44109036 10015696
0b000201 0b00c001 10004 100 3880 2031840097 24164538 10013005
0b000201 0b00c801 10007 100 4868 2023739630 32305944 10013088
0b000901 0b00c801 10009 100 56943 2030157618 25896228 10017454
0b000d01 0b00c801 10004 100 6300 2017227989 38834585 10013210
0b000801 0b00cc01 10009 100 65841 2029942366 26123341 10018200
0b000801 0b00cf01 10000 100 49705 2007784030 48294671 10016848
0b000b01 0b00c001 10000 100 74822 2007575253 48545856 10018953
0b000901 0b00c001 10002 100 431632 2003871455 52280725 10048869
0b000801 0b00ca01 10009 100 170569 2031735986 24468422 10026982
0b000801 0b00c101 10003 100 47727 2011830441 44402210 10016682
0b000b01 0b00c101 10002 100 2588 2008487044 47771626 10012898
0b000001 0b00c601 10002 100 11569 2009826766 46436225 10013651
0b000501 0b00c501 10004 100 24510 2031774614 24494970 10014736
0b000901 0b00ce01 10001 100 79475 2008002289 48280218 10019345
0b000d01 0b00cd01 10002 100 42996 2027684369 28699876 10016284
0b000301 0b00c801 10005 100 9399 2035925283 20468734 10013470
0b000b01 0b00c101 10008 100 61773 2020267871 36142392 10017859
0b000f01 0b00c801 10006 100 13614 2036088686 20368249 10013822
0b000101 0b00c701 10001 100 1325 2013874292 42608995 10012793
0b000a01 0b00c901 10006 100 1318528 2010725118 45854604 10123227
0b000a01 0b00c901 10004 100 34553 2007922788 48668043 10015578
0b000001 0b00c101 10008 100 3543 2019107336 37512420 10012978
0b000801 0b00cd01 10006 100 2474 2012496211 44176614 10012889
0b000301 0b00ca01 10000 100 6947 2007294582 49391856 10013262
0b000c01 0b00cf01 10005 100 55176 2043082340 13604806 10017309
0b000801 0b00c901 10006 100 477086 2022497727 34235075 10052682
0b000a01 0b00c601 10004 100 13697 2018356145 38396049 10013829
0b000901 0b00ca01 10002 100 483131 2006268637 50484275 10053189
0b000601 0b00ca01 10004 100 28562 2032737942 24026725 10015076
0b000601 0b00c901 10006 100 4589 2032420044 24364224 10013066
0b000d01 0b00c601 10004 100 1572239 2010361512 46532231 10144499
0b000301 0b00cb01 10005 100 914542 2018343654 38557892 10089356
0b000901 0b00ce01 10007 100 111704 2028913476 28065342 10022046
0b000301 0b00c901 10001 100 1939 2010733501 46314323 10012842
0b000e01 0b00cf01 10016 100 68883 2027742711 29352583 10018455
0b000501 0b00c001 10014 100 79953 2039261644 17873743 10019383
0b000201 0b00c901 10002 100 39594 2010436717 46717466 10016001
0b000a01 0b00c101 10002 100 7366 2030671040 26500135 10013300
0b000001 0b00ca01 10004 100 164255 2029150396 28021718 10026454
0b000501 0b00c001 10008 100 44412 2023247952 33932954 10016405
0b000e01 0b00c701 10003 100 788534 2018856348 38335104 10078792
0b000801 0b00c901 10001 100 591733 2013494118 43698190 10062291
0b000c01 0b00c001 10009 100 71991 2027598463 29626118 10018715
0b000301 0b00c101 10001 100 556158 2004930056 52333024 10059311
0b000a01 0b00c101 10008 100 81116 2042187656 15088179 10019484
0b000901 0b00c201 10006 100 7242 2022530705 34753852 10013290
0b000e01 0b00c101 10013 100 46988 2036234195 21059809 10016619
0b000c01 0b00cc01 10004 100 6787 2019875717 37418718 10013249
0b000d01 0b00cb01 10007 100 35967 2021307483 35996618 10015695
0b000e01 0b00c701 10004 100 3671 2033157067 24175925 10012989
0b000001 0b00ce01 10000 100 1339034 2007554528 49789980 10124948
0b000601 0b00c901 10004 100 56120 2028024645 29346604 10017388
0b000901 0b00cf01 10011 100 19754 2030692214 26705166 10014337
0b000601 0b00c601 10001 100 2348318 2005005763 52398282 10209565
0b000e01 0b00c101 10012 100 69043 2032262134 25194573 10018472
0b000f01 0b00c101 10005 100 61935 2019152569 38337285 10017872
0b000901 0b00cd01 10002 100 64853 2012405282 45255502 10018117
0b000101 0b00cf01 10001 100 67652 2010943756 46776519 10018353
0b000901 0b00cd01 10005 100 7181 2032725609 25010258 10013285
0b000a01 0b00ca01 10005 100 15595 2009726990 48058294 10013989
0b000901 0b00cf01 10002 100 52331 2009039677 48754760 10017070
0b000b01 0b00c001 10005 100 21393 2031007577 26807319 10014475
0b000801 0b00c001 10003 100 42091 2020676261 37178779 10016212
0b000001 0b00ca01 10006 100 62069 2032301846 25558312 10017887
0b000501 0b00c301 10004 100 10815 2015528504 42419613 10013587
0b000101 0b00c701 10008 100 177971 2036313852 21668088 10027601
0b000101 0b00c101 10011 100 3649 2045646995 12349499 10012987
0b000e01 0b00c801 10008 100 8914 2033767920 24251209 10013427
0b000001 0b00cd01 10008 100 5024 2020497393 37619145 10013104
0b000901 0b00c901 10002 100 16945 2010051994 48104296 10014100
0b000301 0b00ce01 10005 100 15399 2030295074 27925346 10013973
0b000201 0b00ce01 10008 100 55079 2031874423 26375357 10017301
0b000b01 0b00c101 10014 100 4212 2036997169 21266269 10013036
0b000f01 0b00c101 10007 100 171963 2033625478 24642563 10027097
0b000c01 0b00c701 10012 100 31836 2041527961 16779950 10015349
0b000b01 0b00c601 10008 100 108560 2041378261 16946722 10021783
0b000701 0b00c401 10009 100 3475 2030548825 27828724 10012973
0b000d01 0b00c501 10004 100 7640 2034122202 24312869 10013321
0b000401 0b00c501 10007 100 153848 2018599163 39842681 10025579
0b000301 0b00cb01 10000 100 45899 2008340186 50132728 10016528
0b000b01 0b00c301 10002 100 29096 2009912155 48560952 10015122
0b000b01 0b00c201 10004 100 4825 2032055896 26459394 10013085
0b000301 0b00cc01 10005 100 69170 2020834245 37708678 10018482
0b000c01 0b00ce01 10002 100 26035 2010511627 48070288 10014866
0b000401 0b00c701 10004 100 22212 2034090786 24494897 10014545
0b000b01 0b00cc01 10009 100 31459 2033066456 25570183 10015319
0b000001 0b00c401 10010 100 81139 2044623913 14059792 10019486
0b000a01 0b00cb01 10008 100 24280 2035963456 22746860 10014718
0b000c01 0b00c001 10011 100 67238 2033422014 25305518 10018320
0b000e01 0b00ca01 10008 100 712566 2025776293 32966301 10072423
0b000801 0b00ce01 10000 100 3408926 2005404364 53354510 10298484
0b000501 0b00c801 10007 100 22350 2038089182 20673456 10014556
0b000301 0b00c201 10004 100 277711 2018827731 39985771 10035964
0b000901 0b00cd01 10006 100 7144 2036329908 22499277 10013282
0b000001 0b00c801 10009 100 32714 2033905921 24936824 10015423
0b000801 0b00c001 10008 100 9624 2033690367 25188237 10013488
0b000801 0b00ca01 10005 100 29934 2020238426 38671310 10015189
0b000901 0b00c201 10005 100 77660 2020812915 38098956 10019192
0b000001 0b00ce01 10003 100 22292 2019316787 39617857 10014551
0b000b01 0b00cb01 10009 100 3613 2036755121 22195932 10012984
0b000e01 0b00c901 10006 100 68210 2033587542 25364685 10018401
0b000d01 0b00c201 10008 100 262925 2040138627 18842829 10034723
0b000901 0b00ce01 10004 100 371572 2015718343 43287288 10043834
0b000601 0b00c401 10004 100 1038241 2010822325 48233412 10099729
0b000a01 0b00c601 10005 100 21324 2023405775 35730723 10014470
0b000901 0b00c801 10005 100 8467 2014774282 44366972 10013391
0b000f01 0b00c601 10007 100 35588 2030637519 28507790 10015665
0b000a01 0b00cc01 10002 100 1259001 2007854915 51297535 10118238
0b000401 0b00cf01 10005 100 1314580 2011725617 47548386 10122896
0b000e01 0b00c101 10011 100 27469 2031058330 28225250 10014985
0b000e01 0b00c101 10004 100 23410 2010962501 48357008 10014644
0b000101 0b00c701 10003 100 49130 2019199502 40132576 10016802
0b000301 0b00c301 10001 100 296830 2013612379 45724993 10037566
0b000b01 0b00ca01 10003 100 678432 2022674834 36729423 10069561
0b000c01 0b00c301 10005 100 61678 2034110778 25321060 10017852
0b000b01 0b00c701 10005 100 7072 2034181623 25268732 10013276
0b000101 0b00cc01 10001 100 31064 2009499955 49979515 10015288
0b000e01 0b00c501 10008 100 6684 2025010427 34511164 10013241
0b000f01 0b00ce01 10003 100 19100 2014559136 44991561 10014284
0b000b01 0b00c401 10005 100 36477 2033752994 25805520 10015740
0b000301 0b00c001 10001 100 40391 2009550173 50061835 10016068
0b000901 0b00c601 10004 100 224250 2017132002 42489906 10031484
0b000801 0b00c401 10007 100 5145 2034501344 25173366 10013114
0b000401 0b00c901 10004 100 7561 2020087150 39595061 10013315
0b000201 0b00c301 10008 100 60953 2033364510 26367254 10017790
0b000b01 0b00cf01 10007 100 76496 2044914186 14850432 10019095
0b000d01 0b00c601 10006 100 432590 2017666794 42116562 10048949
0b000301 0b00cb01 10001 100 172485 2012974503 46827034 10027143
0b000501 0b00c901 10001 100 26024 2009183587 50689396 10014865
0b000b01 0b00c701 10008 100 3207 2046793355 13084387 10012951
0b000b01 0b00ca01 10002 100 53599 2015194442 44721920 10017175
0b000901 0b00c901 10004 100 68823 2021617444 38338058 10018450
0b000201 0b00cc01 10007 100 4198 2022090735 37908272 10013035
0b000301 0b00c401 10008 100 21097 2023551175 36461070 10014452
0b000701 0b00c801 10006 100 6753 2017326247 42691576 10013247
0b000301 0b00c501 10005 100 7143 2023752734 36274871 10013282
0b000501 0b00c601 10009 100 68357 2035404655 24711673 10018413
0b000901 0b00c001 10009 100 6649 2033711337 26441733 10013238
0b000c01 0b00c001 10008 100 46798 2023953650 36203030 10016604
0b000d01 0b00c601 10008 100 38489 2023053847 37117713 10015908
0b000501 0b00c001 10011 100 26429 2035647807 24537129 10014898
0b000301 0b00c301 10006 100 56116 2031284863 28906875 10017388
0b000901 0b00c101 10005 100 138109 2014014179 46189184 10024262
0b000601 0b00c801 10002 100 1268963 2010706474 49512181 10119070
0b000201 0b00cc01 10003 100 535646 2017776264 42457971 10057589
0b000801 0b00c001 10006 100 141068 2032476299 27805719 10024510
0b000801 0b00c501 10008 100 72463 2033879735 26416066 10018757
0b000601 0b00ca01 10005 100 30278 2034465662 25837418 10015221
0b000501 0b00cf01 10007 100 278253 2030902758 29420600 10036011
0b000901 0b00c101 10002 100 135629 2010053729 50332164 10024052
0b000701 0b00cb01 10004 100 27230 2020689448 39748317 10014965
0b000e01 0b00ca01 10005 100 185 2021288354 39176341 10012698
0b000201 0b00c301 10002 100 47277 2012980601 47500906 10016646
0b000201 0b00c701 10004 100 5989 2014903991 45638805 10013182
0b000a01 0b00c401 10007 100 184 2023538728 37020763 10012698
0b000601 0b00cc01 10003 100 31071 2031871761 28768226 10015288
0b000b01 0b00c901 10002 100 878941 2007473994 53190932 10086370
0b000401 0b00c601 10011 100 2865 2048111138 12575529 10012920
0b000301 0b00c701 10006 100 74875 2035028570 25674843 10018958
0b000801 0b00cf01 10005 100 63590 2038082478 22653929 10018012
0b000b01 0b00c201 10005 100 21937 2047240244 13509891 10014519
0b000b01 0b00c001 10009 100 112004 2045274990 15518623 10022074
0b000e01 0b00c201 10004 100 26656 2026017218 34803480 10014916
0b000401 0b00c401 10000 100 32736 2017816466 43008212 10015425
0b000701 0b00c701 10007 100 28190 2014163464 46662069 10015046
0b000901 0b00c501 10014 100 15904 2025824813 35013600 10014013
0b000501 0b00ca01 10008 100 76471 2026477956 34360849 10019093
0b000b01 0b00c101 10015 100 14162 2039443680 21404791 10013870
0b000501 0b00cb01 10005 100 65524 2022707950 38197805 10018175
0b000b01 0b00cc01 10006 100 9389 2025781070 35129163 10013469
0b000101 0b00c701 10000 100 29859 2010912774 50010602 10015183
0b000c01 0b00c701 10003 100 12027 2012413625 48519898 10013692
0b000b01 0b00c901 10007 100 68697 2024987823 35957931 10018440
0b000901 0b00c401 10000 100 484677 2006743866 54223109 10053316
0b000a01 0b00c401 10006 100 4052 2016982463 43991905 10013023
0b000601 0b00c301 10011 100 12812 2037168255 23821834 10013754
0b000c01 0b00c701 10004 100 7307 2013267846 47722506 10013295
0b000201 0b00ca01 10007 100 14389 2024589643 36401691 10013888
0b000801 0b00c701 10000 100 1068488 2009314488 51684957 10102264
0b000301 0b00c401 10012 100 34038 2036480043 24533393 10015537
0b000901 0b00c001 10008 100 40092 2033701146 27330924 10016044
0b000901 0b00cc01 10005 100 5563 2034545476 26497544 10013148
0b000901 0b00cf01 10012 100 42354 2033711183 27359432 10016233
0b000801 0b00c101 10012 100 277 2038742725 22354361 10012706
0b000a01 0b00ce01 10003 100 34364 2035172065 25927266 10015563
0b000501 0b00c201 10004 100 171148 2023311561 37829151 10027032
0b000b01 0b00c301 10006 100 57619 2023588419 37563671 10017512
0b000f01 0b00cc01 10001 100 93770 2012053027 49099119 10020542
0b000a01 0b00c401 10005 100 24383 2012781021 48373540 10014726
0b000f01 0b00c901 10007 100 309887 2032240370 28922468 10038661
0b000501 0b00c001 10013 100 71044 2035761855 25440318 10018640
0b000201 0b00cb01 10007 100 39780 2020545085 40697464 10016016
0b000101 0b00c601 10005 100 15699 2026853312 34411531 10013997
0b000801 0b00cb01 10006 100 43851 2034215720 27057733 10016357
0b000701 0b00c301 10012 100 76279 2046329360 14949586 10019078
0b000301 0b00cf01 10005 100 4908 2025607472 35717025 10013091
0b000101 0b00c001 10008 100 76081 2023648697 37678444 10019062
0b000001 0b00c201 10005 100 2051 2023492789 37841057 10012855
0b000901 0b00ca01 10009 100 1161 2028554326 32782917 10012780
0b000501 0b00ca01 10005 100 69402 2019973974 41379980 10018500
0b000501 0b00ca01 10004 100 13282 2015528012 45826660 10013796
0b000801 0b00cf01 10007 100 15216 2046216037 15165587 10013958
0b000401 0b00c101 10009 100 9760 2033506265 27934256 10013499
0b000301 0b00c801 10004 100 59838 2032669922 28779482 10017697
0b000501 0b00cf01 10006 100 38179 2028808820 32650899 10015884
0b000501 0b00c101 10008 100 28366 2024425354 37035722 10015060
0b000201 0b00c901 10004 100 271068 2023090444 38392435 10035409
0b000901 0b00ce01 10012 100 7555 2035119309 26437163 10013315
0b000601 0b00cf01 10006 100 18415 2017689820 43876589 10014226
0b000a01 0b00c901 10009 100 22673 2017232110 44420801 10014582
0b000001 0b00c501 10006 100 1864 2033891242 27821375 10012836
0b000d01 0b00c001 10008 100 11638 2037672376 24069637 10013657
0b000201 0b00c701 10010 100 20098 2045328157 16416176 10014368
0b000401 0b00ce01 10007 100 2809 2029337627 32465449 10012916
0b000a01 0b00c601 10007 100 1556 2028936343 32882046 10012812
0b000d01 0b00c701 10003 100 9391 2013343675 48478581 10013469
0b000701 0b00c001 10008 100 38903 2037138065 24708735 10015942
0b000c01 0b00ce01 10004 100 8812 2014423433 47428246 10013419
0b000601 0b00c701 10006 100 8191 2016217167 45654347 10013369
0b000501 0b00c601 10006 100 32685 2025841725 36062665 10015421
0b000d01 0b00c301 10012 100 66481 2032500941 29405190 10018255
0b000a01 0b00ce01 10001 100 40224 2022515209 39394835 10016055
0b000e01 0b00ca01 10010 100 71568 2036366633 25546361 10018681
0b000a01 0b00c001 10006 100 29471 2035151037 26823760 10015152
0b000c01 0b00c401 10003 100 801339 2013988835 47992441 10079866
0b000a01 0b00cb01 10006 100 786199 2021758118 40310774 10078598
0b000b01 0b00c401 10007 100 48733 2035837058 26233848 10016766
0b000a01 0b00c701 10015 100 38538 2048227403 13951232 10015912
0b000d01 0b00c001 10007 100 76845 2032294728 29900438 10019123
0b000101 0b00c001 10013 100 58730 2036248952 25964114 10017604
0b000b01 0b00c701 10003 100 425787 2029365225 32850935 10048378
0b000801 0b00c301 10004 100 33422 2036261607 25956008 10015484
0b000f01 0b00c701 10004 100 239313 2018903063 43424647 10032746
0b000b01 0b00ce01 10009 100 6971 2039896509 22453555 10013264
0b000d01 0b00cf01 10003 100 4844 2028097412 34274785 10013086
0b000b01 0b00cf01 10008 100 31095 2048856231 13543019 10015290
0b000e01 0b00c001 10004 100 820958 2005157649 57256634 10081509
0b000c01 0b00c901 10008 100 924 2034679038 27758944 10012757
0b000001 0b00c901 10002 100 1819560 2012033905 50409606 10165233
0b000301 0b00c001 10004 100 54663 2025745276 36744062 10017264
0b000301 0b00c201 10006 100 21255 2026359170 36143435 10014464
0b000a01 0b00c001 10001 100 1042698 2017457306 45053621 10100100
0b000c01 0b00c401 10004 100 17948 2017244419 45281157 10014184
0b000401 0b00ca01 10007 100 368 2019699478 42891934 10012713
0b000401 0b00ca01 10005 100 1290365 2013506508 49089817 10120866
0b000101 0b00c301 10001 100 30249 2017129152 45492261 10015218
0b000a01 0b00c701 10003 100 1128383 2017030561 45633582 10107286
0b000e01 0b00c901 10005 100 1365 2026443913 36225563 10012796
0b000a01 0b00cd01 10006 100 10121 2018815617 43893563 10013531
0b000301 0b00c201 10012 100 9147 2046790893 15935120 10013450
0b000501 0b00c001 10010 100 9540 2026207213 36533646 10013481
0b000801 0b00c001 10005 100 14519 2025695110 37079660 10013899
0b000601 0b00ca01 10002 100 60853 2025460461 37325153 10017782
0b000701 0b00ca01 10003 100 32310 2029991106 32838427 10015391
0b000901 0b00ca01 10007 100 51891 2018527735 44337019 10017030
0b000b01 0b00c701 10002 100 823682 2023326470 39581625 10081738
0b000c01 0b00c601 10004 100 55101 2015161256 47749495 10017303
0b000d01 0b00c601 10010 100 323801 2031242152 31689822 10039828
0b000501 0b00c501 10002 100 633064 2022150158 40803415 10065759
0b000501 0b00c301 10010 100 195401 2034958098 28000087 10029064
0b000a01 0b00c901 10017 100 62312 2036297375 26667572 10017906
0b000901 0b00ce01 10002 100 26568 2014446532 48596606 10014909
0b000701 0b00c701 10011 100 48141 2026055225 36996272 10016719
0b000c01 0b00c701 10009 100 47508 2030080724 33040527 10016664
0b000901 0b00cd01 10000 100 1493378 2002693637 60477666 10137887
0b000d01 0b00ce01 10004 100 8573 2038941361 24231931 10013400
0b000f01 0b00c701 10003 100 79912 2015162306 48018557 10019380
0b000301 0b00c201 10008 100 338055 2032087375 31102579 10041026
0b000901 0b00cb01 10004 100 363431 2025286651 37908235 10043152
0b000501 0b00cf01 10009 100 29348 2039091151 24118227 10015143
0b000901 0b00cf01 10000 100 1022182 2003984726 59262800 10098382
0b000701 0b00c501 10002 100 1386724 2009617983 53644049 10128944
0b000701 0b00c701 10014 100 36475 2038145275 25204260 10015740
0b000401 0b00c801 10001 100 27092 2023563526 39805563 10014954
0b000a01 0b00cf01 10007 100 198662 2033410348 29966072 10029337
0b000801 0b00cc01 10013 100 35929 2049470117 13907019 10015692
0b000c01 0b00c201 10011 100 21738 2027410017 35996331 10014503
0b000401 0b00c601 10001 100 1673433 2004774961 58644597 10152982
0b000d01 0b00c701 10006 100 58048 2029975702 33485234 10017550
0b000901 0b00ce01 10009 100 2485 2030755760 32751446 10012890
0b000b01 0b00c101 10006 100 19300 2015228840 48284720 10014300
0b000201 0b00c101 10002 100 275686 2010782751 52776165 10035794
0b000701 0b00c601 10008 100 72222 2024953340 38630562 10018738
0b000d01 0b00c601 10007 100 76815 2022472829 41116495 10019120
0b000e01 0b00c601 10004 100 180356 2032653314 30939902 10027803
0b000001 0b00c401 10007 100 26254 2035275036 28338131 10014884
0b000b01 0b00c401 10008 100 24596 2036791806 26851573 10014743
0b000e01 0b00c901 10009 100 11796 2051152792 12594604 10013669
0b000601 0b00c301 10006 100 774108 2022966457 40815235 10077584
0b000401 0b00c401 10002 100 13551 2042883767 20934011 10013817
0b000f01 0b00c001 10014 100 32515 2038460069 25369673 10015407
0b000101 0b00c801 10007 100 1375 2039952382 23884909 10012797
0b000301 0b00cd01 10006 100 70338 2038516278 25323275 10018579
0b000701 0b00c601 10004 100 670405 2020711502 43151496 10068889
0b000801 0b00cf01 10002 100 1560 2025283670 38620657 10012812
0b000601 0b00c801 10015 100 27406 2039767734 24143339 10014980
0b000d01 0b00cd01 10004 100 20016 2038992735 24924297 10014361
0b000601 0b00c201 10008 100 76489 2046999625 16946820 10019094
0b000901 0b00cb01 10002 100 21498 2015549196 48415007 10014484
0b000301 0b00c301 10008 100 45297 2043112015 20863957 10016480
0b000d01 0b00c301 10005 100 35310 2014884925 49129449 10015643
0b000001 0b00c801 10006 100 784204 2025575809 38461712 10078430
0b000b01 0b00c301 10005 100 1142198 2018501810 45588525 10108444
0b000b01 0b00c901 10009 100 174805 2038240569 25854011 10027336
0b000501 0b00ce01 10006 100 25008 2026731741 37400490 10014780
0b000001 0b00c101 10009 100 154824 2022120484 42015066 10025661
0b000b01 0b00c301 10014 100 191711 2035273230 28862687 10028754
0b000e01 0b00cd01 10005 100 2178 2027767888 36375928 10012865
0b000601 0b00c801 10014 100 46113 2039454588 24711968 10016549
0b000701 0b00c001 10007 100 7371 2035927840 28240949 10013300
0b000601 0b00c001 10010 100 1563 2040027332 24187820 10012812
0b000101 0b00c401 10000 100 57703 2016866853 47394202 10017518
0b000601 0b00c401 10005 100 1444271 2011917984 52401599 10133770
0b000301 0b00ce01 10006 100 28561 2035778103 28552011 10015076
0b000901 0b00c601 10008 100 178816 2033597352 30732789 10027672
0b000101 0b00c001 10006 100 5876 2017676597 46679138 10013173
0b000001 0b00cd01 10010 100 2455 2036434524 27921523 10012887
0b000301 0b00cd01 10008 100 41441 2039786481 24598327 10016156
0b000e01 0b00ca01 10004 100 26121 2021223362 43196141 10014873
0b000001 0b00c901 10005 100 2746 2017788556 46704286 10012911
0b000a01 0b00c701 10007 100 8388 2027383685 37127658 10013385
0b000b01 0b00cc01 10005 100 806990 2025457062 39078892 10080338
0b000201 0b00ca01 10006 100 3841 2022117850 42426971 10013002
0b000901 0b00cd01 10004 100 50960 2029307354 35352141 10016952
0b000301 0b00c201 10007 100 1279 2028558374 36114998 10012790
0b000801 0b00c901 10002 100 9678 2016731903 47965780 10013492
0b000601 0b00c101 10008 100 76403 2039615197 25093991 10019087
0b000901 0b00c001 10005 100 31592 2016221947 48501247 10015330
0b000a01 0b00c501 10004 100 12282 2031757355 33036124 10013712
0b000a01 0b00ca01 10010 100 24527 2048797469 16005392 10014738
0b000c01 0b00cc01 10007 100 79178 2038082349 26777729 10019321
0b000401 0b00c501 10011 100 7645 2051725137 13140945 10013322
0b000101 0b00cd01 10010 100 34209 2036026281 28858646 10015551
0b000901 0b00c601 10007 100 97484 2030698255 34244700 10020855
0b000001 0b00c901 10010 100 4437 2032688527 32261699 10013054
0b000f01 0b00c001 10005 100 45059 2015576069 49463845 10016461
0b000501 0b00cd01 10009 100 676 2040888809 24259397 10012737
0b000001 0b00cc01 10002 100 1516560 2009893783 55314451 10139830
0b000c01 0b00c801 10007 100 5416 2022644262 42648276 10013136
0b000701 0b00cb01 10005 100 34907 2035815497 29477305 10015606
0b000e01 0b00cf01 10013 100 96444 2027120524 38230729 10020768
0b000101 0b00cc01 10005 100 7262 2018621693 46748835 10013291
0b000701 0b00ce01 10006 100 201775 2030979603 34400659 10029597
0b000001 0b00c801 10007 100 21592 2032941672 32469656 10014491
0b000201 0b00cc01 10019 100 44059 2051591462 13841651 10016377
0b000a01 0b00cf01 10005 100 57793 2019833757 45612915 10017526
0b000e01 0b00cf01 10009 100 76851 2018813038 46670363 10019123
0b000401 0b00cf01 10010 100 173536 2037791254 27700478 10027231
0b000e01 0b00cc01 10008 100 42822 2015880715 49611140 10016270
0b000001 0b00ce01 10002 100 11173 2016324775 49181098 10013619
0b000201 0b00ce01 10004 100 49891 2017818901 47691887 10016863
0b000201 0b00c501 10005 100 126182 2036703076 28824395 10023262
0b000901 0b00cc01 10007 100 73446 2037283368 28258076 10018839
0b000a01 0b00cc01 10007 100 53776 2039085690 26489177 10017189
0b000401 0b00c001 10007 100 67185 2030459994 35190067 10018315
0b000a01 0b00cd01 10005 100 32798 2017204131 48481489 10015430
0b000501 0b00c501 10003 100 4413 2028114775 37640956 10013052
0b000801 0b00c301 10005 100 112807 2038178116 27582990 10022138
0b000801 0b00c201 10012 100 21304 2052154280 13621697 10014468
0b000c01 0b00c701 10008 100 25627 2028921029 36874232 10014830
0b000101 0b00ca01 10001 100 31538 2018672685 47125582 10015325
0b000a01 0b00ca01 10004 100 893550 2008781912 57025710 10087596
0b000401 0b00cf01 10007 100 2691 2029970393 35878889 10012906
0b000001 0b00c101 10013 100 42632 2044506285 21356721 10016255
0b000a01 0b00c701 10012 100 64648 2041652009 24218832 10018101
0b000901 0b00ca01 10010 100 44060 2030019299 35852609 10016377
0b000301 0b00cc01 10010 100 142253 2050269876 15666508 10024609
0b000701 0b00cc01 10009 100 78402 2050658204 15290608 10019255
0b000d01 0b00cd01 10003 100 57764 2030644000 35357358 10017523
0b000101 0b00ce01 10011 100 59840 2025095294 40928543 10017697
0b000101 0b00c501 10010 100 55205 2036439258 29602264 10017311
0b000a01 0b00c101 10007 100 67505 2038351372 27696294 10018341
0b000001 0b00c801 10013 100 17907 2053147898 12902597 10014181
0b000e01 0b00c801 10011 100 63833 2044366955 21709350 10018032
0b000901 0b00c101 10015 100 52805 2041845565 24246853 10017107
0b000501 0b00cb01 10008 100 2924 2029844810 36247749 10012925
0b000601 0b00cb01 10007 100 8753 2033861873 32248893 10013414
0b000701 0b00c801 10011 100 23987 2023141005 43003605 10014691
0b000a01 0b00c101 10006 100 128476 2037424326 28722393 10023453
0b000301 0b00cb01 10006 100 395238 2019962753 46195940 10045819
0b000a01 0b00c901 10005 100 804402 2009470109 56756517 10080123
0b000c01 0b00c001 10014 100 14630 2049618643 16609598 10013908
0b000101 0b00cc01 10008 100 2724 2041847778 24390828 10012909
0b000701 0b00c401 10012 100 834 2042042111 24287912 10012750
0b000701 0b00c601 10014 100 28335 2052620742 13752051 10015058
0b000001 0b00cf01 10002 100 4158 2019844167 46562372 10013031
0b000201 0b00cc01 10017 100 55571 2048589022 17858312 10017340
0b000301 0b00ce01 10004 100 54980 2025959547 40513985 10017289
0b000801 0b00cb01 10007 100 1535 2040251615 26231594 10012810
0b000c01 0b00c801 10008 100 7946 2026768017 39729206 10013346
0b000301 0b00c001 10007 100 57507 2037375658 29129295 10017503
0b000b01 0b00cf01 10005 100 820108 2028929286 37686831 10081441
0b000301 0b00c501 10006 100 34068 2037855377 28811660 10015539
0b000a01 0b00c801 10008 100 7425 2051100787 15585177 10013304
0b000c01 0b00c201 10007 100 131842 2018110414 48599595 10023734
0b000c01 0b00c601 10006 100 4036 2024192434 42544917 10013022
0b000501 0b00c101 10009 100 375312 2025212064 41534535 10044148
0b000201 0b00c801 10006 100 67665 2022054991 44720142 10018354
0b000201 0b00cb01 10006 100 590 2020234632 46580217 10012731
0b000501 0b00c501 10006 100 55872 2040887017 25943991 10017364
0b000201 0b00cf01 10014 100 51501 2041075064 25809782 10016999
0b000601 0b00c701 10004 100 1073158 2010104758 56813811 10102656
0b000c01 0b00c601 10012 100 32244 2041685261 25234875 10015386
0b000b01 0b00c201 10002 100 26609 2023321816 43619818 10014912
0b000901 0b00c001 10011 100 2462 2044145802 22812325 10012888
0b000601 0b00c201 10006 100 3891 2038762964 28196804 10013006
0b000701 0b00ca01 10005 100 6131 2038857684 28113516 10013197
0b000301 0b00c101 10005 100 21615 2046121563 20857881 10014493
0b000a01 0b00c201 10008 100 31977 2039794013 27194624 10015361
0b000201 0b00c201 10012 100 18270 2042132973 24870198 10014214
0b000d01 0b00c901 10015 100 38228 2045576834 21433149 10015888
0b000401 0b00c501 10012 100 258 2053786292 13239704 10012704
0b000001 0b00c801 10003 100 657906 2012594243 54449975 10067839
0b000e01 0b00cb01 10011 100 70136 2052583702 14467992 10018563
0b000d01 0b00cc01 10010 100 23888 2038813671 28244662 10014683
0b000f01 0b00cd01 10010 100 22199 2053560899 13504215 10014544
0b000301 0b00cc01 10007 100 22420 2032664162 34413158 10014561
0b000601 0b00c001 10015 100 5896 2046540121 20563770 10013174
0b000501 0b00c501 10007 100 23376 2042343264 24784750 10014642
0b000a01 0b00cb01 10004 100 335029 2018672194 48468871 10040772
0b000f01 0b00c401 10006 100 13458 2046300490 20870089 10013810
0b000b01 0b00c801 10006 100 7624 2024297347 43004240 10013320
0b000601 0b00cc01 10005 100 11341 2046740869 20561068 10013633
0b000201 0b00c401 10005 100 125638 2038595337 28735667 10023214
0b000001 0b00c001 10006 100 69375 2041285826 26123590 10018498
0b000d01 0b00c301 10015 100 26407 2042984431 24456043 10014896
0b000e01 0b00c301 10006 100 57916 2050275438 17175949 10017536
0b000701 0b00ca01 10004 100 6877 2035139175 32325033 10013257
0b000001 0b00c101 10012 100 220406 2042048804 25424356 10031161
0b000901 0b00ca01 10005 100 153395 2016819105 50682371 10025542
0b000c01 0b00ca01 10009 100 36570 2042020418 25491738 10015747
0b000401 0b00cb01 10007 100 79589 2024066990 43482787 10019354
0b000601 0b00ce01 10010 100 30115 2042093396 25492508 10015208
0b000e01 0b00ca01 10007 100 35803 2024787636 42879017 10015682
0b000101 0b00c401 10002 100 6878 2043195494 24472732 10013257
0b000e01 0b00c001 10009 100 3192 2039733422 27957575 10012950
0b000201 0b00cd01 10008 100 22731 2042637526 25086554 10014586
0b000501 0b00c801 10006 100 57529 2034541826 33204481 10017505
0b000901 0b00c401 10006 100 74821 2043918762 23900857 10018953
0b000b01 0b00c301 10008 100 1009 2025074210 42838211 10012768
0b000401 0b00c201 10008 100 20870 2032332500 35594235 10014430
0b000401 0b00c301 10006 100 25989 2053905406 14031317 10014858
0b000f01 0b00c101 10012 100 26838 2042977676 24978801 10014930
0b000901 0b00c801 10013 100 44989 2053474914 14543474 10016451
0b000101 0b00c801 10008 100 2856 2043728280 24306270 10012920
0b000801 0b00ca01 10007 100 861090 2027788006 40256302 10084877
0b000001 0b00c801 10005 100 20332 2025339965 42710095 10014387
0b000701 0b00c701 10013 100 66261 2038103631 29999357 10018238
0b000501 0b00c601 10003 100 192573 2018605632 49588366 10028826
0b000d01 0b00c901 10004 100 192708 2024421724 43787512 10028837
0b000c01 0b00c001 10010 100 67502 2030796204 37444419 10018341
0b000001 0b00c701 10008 100 22027 2030025133 38310319 10014530
0b000a01 0b00c201 10005 100 329817 2025401474 42951563 10040332
0b000401 0b00cd01 10004 100 482146 2033834446 34542246 10053106
0b000601 0b00c801 10008 100 923891 2022023569 46360047 10090139
0b000301 0b00c601 10007 100 21691 2026054799 42358295 10014499
0b000b01 0b00c101 10011 100 22184 2032898155 35520791 10014543
0b000201 0b00ca01 10010 100 5996 2043726751 24763787 10013182
0b000e01 0b00c201 10005 100 153753 2037761108 30736913 10025571
0b000501 0b00c701 10001 100 79087 2027003521 41541392 10019314
0b000401 0b00cf01 10006 100 469 2026194647 42391992 10012721
0b000201 0b00c101 10007 100 9355 2028561466 40061507 10013466
0b000601 0b00c301 10013 100 5092 2044238188 24388650 10013110
0b000301 0b00cf01 10008 100 115717 2042120267 26511284 10022382
0b000601 0b00c101 10011 100 20342 2043966446 24676986 10014388
0b000c01 0b00cc01 10003 100 7475 2019505039 49186786 10013308
0b000801 0b00c001 10013 100 15561 2055273936 13430881 10013986
0b000d01 0b00c901 10011 100 17747 2036413231 32316102 10014168
0b000601 0b00c901 10005 100 649235 2030822489 37928097 10067114
0b000001 0b00c901 10009 100 70564 2031340258 37444065 10018597
0b000b01 0b00c401 10004 100 21099 2023746088 45055240 10014452
0b000b01 0b00c101 10010 100 557230 2032136153 36744106 10059401
0b000a01 0b00c401 10008 100 1005645 2023851658 45032550 10096994
0b000501 0b00c601 10008 100 43535 2032133525 36784200 10016331
0b000701 0b00c401 10010 100 66563 2032624112 36323437 10018262
0b000201 0b00c901 10007 100 25215 2040212894 28735960 10014797
0b000401 0b00c001 10010 100 17595 2040958133 28050340 10014156
0b000c01 0b00cb01 10006 100 8766 2045004867 24013141 10013415
0b000801 0b00c401 10008 100 1314 2042393430 26632838 10012792
0b000101 0b00c901 10009 100 35205 2043696278 25382658 10015634
0b000801 0b00c101 10010 100 42259 2033284029 35798019 10016225
0b000b01 0b00c301 10007 100 1787 2024496720 44587382 10012830
0b000701 0b00c001 10002 100 4377 2019228919 49862956 10013049
0b000e01 0b00ce01 10006 100 50550 2028318238 40797061 10016919
0b000501 0b00c401 10003 100 22658 2030706225 38419131 10014580
0b000e01 0b00cc01 10011 100 13211 2031165144 37971404 10013790
0b000d01 0b00c601 10011 100 44041 2043663541 25498714 10016376
0b000a01 0b00c801 10004 100 20372 2032517138 36730556 10014390
0b000401 0b00c901 10009 100 59684 2039734284 29543632 10017685
0b000701 0b00c901 10007 100 64992 2031161646 38125548 10018128
0b000501 0b00ca01 10010 100 12593 2040911624 28384215 10013737
0b000b01 0b00c101 10016 100 43421 2041912921 27464309 10016322
0b000c01 0b00c601 10008 100 27765 2028704253 40676076 10015008
0b000301 0b00c401 10015 100 29373 2052831997 16553319 10015145
0b000601 0b00c701 10008 100 74745 2027611895 41835639 10018947
0b000b01 0b00cc01 10004 100 6174 2020803200 48658721 10013200
0b000301 0b00c701 10003 100 651559 2029041041 40423414 10067308
0b000a01 0b00cd01 10007 100 192683 2028578534 40906802 10028835
0b000e01 0b00cf01 10012 100 9303 2022704078 46795444 10013462
0b000301 0b00cd01 10004 100 915 2033869923 35630131 10012757
0b000701 0b00c601 10012 100 48455 2043928311 25572843 10016744
0b000e01 0b00cb01 10004 100 7313 2022830556 46697592 10013295
0b000901 0b00ca01 10013 100 66756 2046025819 23539496 10018277
0b000401 0b00c001 10006 100 748495 2029205247 40415017 10075435
0b000101 0b00ca01 10010 100 375 2056731958 12889090 10012713
0b000801 0b00c001 10002 100 319854 2017222338 52410696 10039497
0b000d01 0b00c201 10005 100 23989 2031226729 38448215 10014691
0b000001 0b00ca01 10007 100 5815 2033781595 35910915 10013168
0b000b01 0b00cd01 10004 100 2304 2026767105 42947076 10012875
0b000301 0b00c701 10004 100 69378 2032757641 36983311 10018499
0b000301 0b00c601 10012 100 23840 2045356813 24384548 10014679
0b000901 0b00c501 10009 100 906590 2017761601 51981748 10088690
0b000a01 0b00c901 10018 100 22888 2042597676 27164967 10014599
0b000b01 0b00c501 10005 100 16909 2042911504 26887910 10014098
0b000b01 0b00c901 10006 100 495828 2017444821 52377607 10054250
0b000301 0b00cd01 10009 100 8963 2041834924 28001138 10013431
0b000201 0b00c601 10007 100 25992 2023323348 46519486 10014859
0b000c01 0b00cc01 10001 100 2264395 2006160109 63779577 10202529
0b000601 0b00c301 10014 100 32733 2044464790 25531519 10015425
0b000e01 0b00c001 10007 100 837779 2016703086 53298286 10082920
0b000301 0b00c701 10008 100 70542 2040451099 29555767 10018596
0b000f01 0b00ca01 10012 100 7784 2045348716 24671239 10013333
0b000201 0b00c201 10008 100 247500 2032752061 37289871 10033432
0b000001 0b00c101 10014 100 2161 2049593146 20464824 10012864
0b000001 0b00ce01 10007 100 7530 2057018414 13050748 10013313
0b000701 0b00cd01 10008 100 64327 2032072687 38014527 10018075
0b000101 0b00cd01 10009 100 8502 2032243116 37901534 10013394
0b000301 0b00ca01 10005 100 9545 2042086299 28074784 10013482
0b000901 0b00c601 10002 100 813073 2010215253 59952087 10080851
0b000901 0b00c501 10010 100 84930 2020302678 49880204 10019800
0b000501 0b00c001 10012 100 24141 2035685416 34502302 10014707
0b000f01 0b00cb01 10005 100 329765 2018262750 51939442 10040328
0b000001 0b00c701 10013 100 1989 2049789477 20447043 10012846
0b000d01 0b00c001 10012 100 32140 2045254464 25033890 10015377
0b000e01 0b00cf01 10011 100 148521 2020765851 49526008 10025133
0b000901 0b00c901 10007 100 21936 2033498151 36797940 10014519
0b000c01 0b00c201 10013 100 9977 2033990053 36307513 10013516
0b000501 0b00c901 10007 100 4188 2046708565 23610650 10013034
0b000401 0b00cb01 10010 100 52349 2045306404 25061851 10017071
0b000601 0b00cd01 10004 100 159605 2031384398 38998854 10026062
0b000401 0b00cc01 10011 100 63527 2053108885 17276188 10018007
0b000501 0b00c701 10005 100 167226 2041854432 28558387 10026703
0b000501 0b00cb01 10011 100 19966 2042173179 28255196 10014354
0b000e01 0b00c901 10004 100 2262 2021222568 49218367 10012872
0b000401 0b00c001 10015 100 6360 2049804201 20711777 10013215
0b000401 0b00c401 10003 100 73136 2053146324 17374909 10018815
0b000801 0b00cb01 10002 100 6485 2021841579 48687846 10013225
0b000c01 0b00ce01 10007 100 104131 2047099423 23443465 10021413
0b000901 0b00c201 10011 100 21893 2043150661 27469521 10014515
0b000601 0b00cb01 10010 100 179037 2038201722 32538458 10027694
0b000101 0b00c001 10016 100 45577 2052772422 18017057 10016502
0b000501 0b00c401 10011 100 47467 2055578425 15215680 10016661
0b000f01 0b00c401 10003 100 4791 2036554746 34249258 10013082
0b000901 0b00c401 10004 100 27592 2035999034 34833918 10014994
0b000801 0b00ce01 10011 100 33065 2044823118 26017994 10015455
0b000a01 0b00ce01 10008 100 8936 2057934772 12946001 10013429
0b000b01 0b00cb01 10010 100 12649 2037143236 33743324 10013741
0b000501 0b00c801 10004 100 29998 2020722130 50174926 10015195
0b000d01 0b00cc01 10007 100 47457 2030077455 40836317 10016660
0b000601 0b00c401 10011 100 14239 2042672121 28267475 10013876
0b000801 0b00c801 10007 100 1789 2047934066 23012163 10012830
0b000901 0b00c101 10010 100 6959 2034576871 36458969 10013263
0b000601 0b00ca01 10008 100 2482 2047274827 23769194 10012890
0b000f01 0b00cf01 10000 100 10100 2034546268 36501417 10013530
0b000401 0b00cc01 10005 100 72510 2033977697 37084189 10018761
0b000c01 0b00c101 10015 100 40655 2056768093 14340873 10016089
0b000801 0b00c301 10001 100 1251991 2017770962 53361044 10117646
0b000901 0b00c601 10011 100 49654 2048326211 22818177 10016844
0b000f01 0b00cd01 10005 100 125547 2043069084 28085310 10023207
0b000201 0b00c901 10006 100 23400 2024096601 47098379 10014644
0b000001 0b00c801 10008 100 1654 2033397385 37844229 10012820
0b000201 0b00c601 10006 100 57103 2020111399 51130995 10017470
0b000e01 0b00c801 10012 100 19417 2046963407 24303864 10014310
0b000a01 0b00c701 10005 100 58394 2021512893 49768303 10017578
0b000101 0b00c001 10012 100 143989 2034884562 36405049 10024752
0b000701 0b00c201 10006 100 22131 2021274501 50032721 10014538
0b000f01 0b00ce01 10010 100 20858 2042785155 28541107 10014429
0b000c01 0b00c501 10003 100 14739 2036683430 34671641 10013916
0b000001 0b00ca01 10009 100 8950 2039121737 32259582 10013430
0b000601 0b00c401 10013 100 27091 2049563271 21823786 10014954
0b000e01 0b00cb01 10009 100 48254 2042582093 28851900 10016728
0b000b01 0b00c001 10002 100 99680 2021740944 49694140 10021038
0b000601 0b00ce01 10008 100 36586 2034036015 37422987 10015748
0b000601 0b00cf01 10014 100 47167 2048549491 22926255 10016637
0b000601 0b00c501 10010 100 53235 2054348399 17127896 10017146
0b000e01 0b00c801 10007 100 16122 2029003621 42474671 10014035
0b000401 0b00c201 10009 100 1806 2035473479 36037416 10012832
0b000d01 0b00c901 10014 100 162249 2043269599 28242382 10026285
0b000d01 0b00c901 10010 100 9771 2035332572 36181739 10013500
0b000e01 0b00c501 10014 100 27504 2050389397 21152042 10014987
0b000501 0b00cb01 10004 100 149362 2019189711 52368763 10025204
0b000001 0b00ca01 10012 100 36308 2050467194 21134613 10015726
0b000701 0b00cd01 10007 100 17405 2024711144 46985409 10014141
0b000f01 0b00ce01 10009 100 309555 2037612674 34094300 10038634
0b000501 0b00cb01 10010 100 65841 2034216908 37535979 10018200
0b000e01 0b00ca01 10013 100 60129 2054132005 17666655 10017724
0b000a01 0b00c201 10004 100 189177 2021524159 50304307 10028543
0b000101 0b00cd01 10011 100 33934 2038569540 33266079 10015525
0b000c01 0b00c101 10014 100 41104 2054646190 17247650 10016129
0b000701 0b00cd01 10005 100 329364 2022977473 48928019 10040296
0b000a01 0b00c101 10010 100 197542 2053890045 18017065 10029243
0b000d01 0b00ca01 10006 100 77191 2045367838 26539712 10019154
0b000f01 0b00c401 10010 100 5051 2055780691 16131123 10013107
0b000801 0b00ce01 10013 100 30847 2048057893 23892029 10015266
0b000b01 0b00c801 10002 100 1389977 2012969297 58984932 10129215
0b000c01 0b00c701 10016 100 139556 2054144237 17865964 10024382
0b000101 0b00c701 10005 100 46244 2024956428 47062023 10016560
0b000601 0b00c801 10016 100 70857 2046243963 25799558 10018621
0b000401 0b00cf01 10012 100 9994 2046985674 25090993 10013517
0b000701 0b00c401 10000 100 2266738 2004384200 67703761 10202724
0b000501 0b00c101 10014 100 56072 2056553420 15571488 10017384
0b000a01 0b00cc01 10006 100 10189 2036790748 35378558 10013537
0b000d01 0b00cc01 10005 100 23137 2025917379 46261118 10014623
0b000f01 0b00ca01 10010 100 41558 2036955069 35233492 10016165
0b000301 0b00c401 10007 100 42279 2021693137 50516127 10016227
0b000e01 0b00c601 10005 100 63216 2046792968 25483244 10017983
0b000501 0b00c501 10011 100 24739 2055961057 16340078 10014755
0b000201 0b00c101 10010 100 68159 2041959686 30353961 10018397
0b000701 0b00c401 10011 100 74490 2042020996 30304953 10018927
0b000401 0b00ce01 10010 100 9168 2047707608 24654158 10013451
0b000401 0b00c101 10015 100 163792 2053016984 19353414 10026413
0b000f01 0b00c101 10009 100 987 2034769849 37656330 10012762
0b000601 0b00c401 10006 100 76590 2025998390 46428056 10019102
0b000801 0b00c401 10006 100 51598 2026973485 45460136 10017007
0b000a01 0b00c801 10007 100 24845 2048511820 23934472 10014763
0b000e01 0b00cc01 10013 100 9127 2036513654 35949465 10013448
0b000601 0b00ce01 10006 100 34919 2025264696 47216023 10015607
0b000801 0b00c501 10010 100 9188 2046988188 25543271 10013453
0b000d01 0b00c701 10001 100 2787377 2005681497 66997459 10246376
0b000e01 0b00c401 10005 100 26248 2032535267 40173491 10014883
0b000a01 0b00cc01 10008 100 241112 2041959759 30759259 10032898
0b000401 0b00c001 10012 100 248660 2044109580 28612480 10033528
0b000a01 0b00c001 10008 100 38432 2046584741 26159852 10015904
0b000c01 0b00c401 10011 100 48931 2055085018 17661223 10016782
0b000901 0b00cd01 10009 100 46265 2046215097 26582917 10016561
0b000f01 0b00c601 10011 100 53549 2055039921 17767138 10017171
0b000b01 0b00c901 10010 100 71609 2038309556 34545482 10018685
0b000101 0b00c501 10014 100 68735 2049254367 23622174 10018443
0b000c01 0b00c301 10009 100 403274 2040651843 32229137 10046493
0b000801 0b00c101 10002 100 1924223 2010106352 62809606 10174009
0b000401 0b00cc01 10006 100 32327 2034678695 38263672 10015392
0b000301 0b00cd01 10010 100 56406 2043824691 29127115 10017411
0b000101 0b00cb01 10004 100 47586 2029699474 43274757 10016671
0b000101 0b00cd01 10016 100 24171 2047382105 25616979 10014709
0b000201 0b00c601 10014 100 26699 2059082915 13917305 10014919
0b000d01 0b00c101 10006 100 30791 2039986215 33026160 10015262
0b000d01 0b00c301 10009 100 1703 2027248354 45779188 10012823
0b000d01 0b00c401 10014 100 53899 2035561003 37475133 10017199
0b000801 0b00c301 10002 100 9252 2024282137 48764075 10013458
0b000201 0b00c601 10009 100 28188 2025488429 47568536 10015046
0b000601 0b00c601 10004 100 1000175 2016642095 56459585 10096537
0b000101 0b00c901 10010 100 66511 2046368618 26762201 10018258
0b000801 0b00c801 10002 100 1707 2030236235 42922365 10012824
0b000901 0b00c801 10011 100 5070 2046035552 27186842 10013108
0b000201 0b00c801 10013 100 6635 2060038966 13278978 10013237
0b000201 0b00c201 10007 100 63755 2030842115 42490239 10018026
0b000b01 0b00c401 10012 100 31056 2047451616 25925326 10015287
0b000001 0b00c201 10003 100 671859 2021951387 51433059 10069009
0b000701 0b00c701 10022 100 72679 2056780986 16624729 10018774
0b000001 0b00ca01 10010 100 393589 2040447369 32973074 10045680
0b000201 0b00c201 10010 100 55037 2039314586 34117452 10017298
0b000401 0b00cf01 10011 100 315436 2040359045 33080126 10039128
0b000301 0b00c701 10005 100 176981 2033734503 39725527 10027518
0b000e01 0b00c501 10009 100 48668 2026439722 47025580 10016761
0b000c01 0b00c701 10014 100 20285 2048597172 24872693 10014383
0b000401 0b00c901 10010 100 29247 2045396402 28092691 10015134
0b000d01 0b00c401 10013 100 413265 2031932079 41576014 10047330
0b000d01 0b00c101 10010 100 41913 2048011310 25503045 10016194
0b000f01 0b00c401 10004 100 7007 2037522602 36071014 10013271
0b000801 0b00c801 10006 100 191641 2045161739 28432397 10028748
0b000b01 0b00ca01 10006 100 63212 2029750336 43860904 10017982
0b000501 0b00c501 10008 100 6943 2045865995 27785097 10013262
0b000901 0b00cc01 10002 100 264 2026727430 46981767 10012704
0b000f01 0b00c901 10014 100 23761 2040845024 32891332 10014673
0b000001 0b00c301 10003 100 13442 2023683641 50062259 10013809
0b000d01 0b00c601 10005 100 1233362 2016702475 57138570 10116087
0b000201 0b00c201 10013 100 49591 2051751725 22090185 10016839
0b000a01 0b00c201 10010 100 4425 2052767439 21093450 10013053
0b000601 0b00c801 10005 100 1081243 2016444179 57430264 10103334
0b000f01 0b00c901 10019 100 46423 2058649292 15230526 10016574
0b000e01 0b00ce01 10010 100 7936 2045914339 27987698 10013345
0b000a01 0b00c401 10009 100 9047 2037647799 36262355 10013442
0b000501 0b00c301 10013 100 74817 2046786996 27136293 10018953
0b000701 0b00cc01 10008 100 177214 2032007853 41930797 10027540
0b000901 0b00c601 10009 100 52838 2034352111 39599724 10017110
0b000101 0b00c601 10008 100 25733 2059793775 14193448 10014838
0b000901 0b00cd01 10012 100 21245 2060240803 13751145 10014464
0b000f01 0b00c401 10011 100 28471 2057100833 16920621 10015069
0b000701 0b00c601 10007 100 3610 2024582168 49489615 10012984
0b000001 0b00c001 10007 100 6091 2049594904 24488186 10013194
0b000301 0b00ca01 10008 100 601 2053531143 20573214 10012731
0b000501 0b00ca01 10013 100 13651 2058228832 15906311 10013825
0b000701 0b00c801 10018 100 75424 2055912654 18241167 10019005
0b000101 0b00cb01 10010 100 8107 2049821388 24375076 10013363
0b000c01 0b00c501 10002 100 66022 2023623398 50619915 10018219
0b000801 0b00cb01 10009 100 49683 2051889481 22359711 10016846
0b000401 0b00c001 10008 100 35125 2031589732 42690834 10015628
0b000b01 0b00c801 10016 100 64866 2060207495 14073364 10018118
0b000f01 0b00cc01 10011 100 42098 2056743739 17545150 10016212
0b000201 0b00ce01 10006 100 64592 2026041144 48301040 10018096
0b000601 0b00c001 10009 100 70094 2036835074 37519274 10018560
0b000501 0b00cc01 10015 100 51580 2051252778 23104812 10017006
0b000701 0b00c601 10010 100 24522 2027729835 46639388 10014737
0b000b01 0b00c401 10011 100 62999 2046054843 28352505 10017961
0b000501 0b00c101 10015 100 37587 2057836142 16607723 10015832
0b000a01 0b00c001 10004 100 68533 2024777059 49692346 10018427
0b000101 0b00c301 10007 100 3372 2050316034 24186488 10012965
0b000301 0b00cb01 10009 100 62782 2037342564 37172834 10017944
0b000901 0b00c001 10016 100 27599 2057275488 17277709 10014995
0b000501 0b00c001 10004 100 283033 2019223520 55338070 10036413
0b000a01 0b00ce01 10004 100 46942 2036458466 38138487 10016615
0b000e01 0b00c701 10006 100 236150 2037525591 37101533 10032482
0b000c01 0b00cd01 10008 100 50457 2040964766 33674226 10016912
0b000701 0b00c801 10013 100 26917 2038169012 36486181 10014937
0b000b01 0b00cf01 10009 100 11877 2049440487 25229262 10013676
0b000f01 0b00cb01 10012 100 20151 2058084920 16614917 10014372
0b000801 0b00c701 10016 100 14385 2057950148 16760604 10013888
0b000001 0b00c801 10014 100 9106 2053853129 20862866 10013446
0b000101 0b00c301 10004 100 8527 2028481386 46245340 10013396
0b000f01 0b00cf01 10002 100 17369 2046143198 28587341 10014138
0b000601 0b00ce01 10007 100 4341 2032334785 42400923 10013046
0b000e01 0b00c501 10011 100 23597 2040024256 34735995 10014659
0b000b01 0b00cf01 10004 100 76907 2026719511 48060096 10019128
0b000001 0b00c301 10007 100 9530 2038664900 36116744 10013480
0b000401 0b00ce01 10006 100 27811 2028130963 46696054 10015012
0b000701 0b00c101 10006 100 3985 2032451996 42403742 10013014
0b000e01 0b00c801 10004 100 709506 2011901798 62956377 10072166
0b000f01 0b00c901 10009 100 76774 2038138465 36840814 10019117
0b000001 0b00c901 10014 100 69027 2049436430 25562584 10018470
0b000701 0b00c601 10013 100 6538 2047082087 27944159 10013229
0b000601 0b00c701 10009 100 67176 2030904631 44171058 10018315
0b000201 0b00c001 10002 100 335526 2016560859 58619467 10040812
0b000501 0b00c001 10009 100 48007 2025226335 49958552 10016708
0b000b01 0b00ce01 10011 100 57066 2049119785 26091858 10017468
0b000f01 0b00c001 10011 100 58362 2035802864 39418943 10017575
0b000f01 0b00c501 10019 100 2177 2054388222 20848838 10012865
0b000a01 0b00c001 10005 100 7565 2028289103 46967712 10013315
0b000d01 0b00ce01 10003 100 34471 2028667872 46594454 10015572
0b000d01 0b00c501 10005 100 28007 2040563394 34702600 10015031
0b000d01 0b00c601 10012 100 29347 2046805655 28526242 10015142
0b000701 0b00c301 10010 100 75898 2038921568 36437839 10019043
0b000901 0b00c701 10009 100 40909 2039721557 35641783 10016110
0b000301 0b00c001 10005 100 975205 2030802195 44572417 10094444
0b000c01 0b00cb01 10001 100 1756556 2010617195 64759156 10159951
0b000f01 0b00cc01 10010 100 41173 2046101004 29306659 10016135
0b000801 0b00c401 10011 100 48960 2049278040 26129877 10016784
0b000701 0b00c501 10012 100 40856 2058508014 16972089 10016105
0b000c01 0b00cc01 10010 100 24911 2050316092 25225526 10014768
0b000901 0b00c101 10014 100 459 2041192344 34353802 10012720
0b000001 0b00cc01 10008 100 73557 2027827144 47740724 10018848
0b000601 0b00cc01 10004 100 337129 2042392800 33177318 10040948
0b000f01 0b00c401 10005 100 170067 2042430369 33157464 10026942
0b000301 0b00c601 10015 100 5701 2051505334 24088651 10013159
0b000401 0b00c101 10004 100 543411 2024690392 50916176 10058241
0b000101 0b00c001 10005 100 754897 2017138393 58473966 10075970
0b000f01 0b00c501 10016 100 4076 2051242938 24407461 10013025
0b000a01 0b00c301 10012 100 8455 2040242353 35414460 10013390
0b000601 0b00cf01 10013 100 42541 2047304809 28357244 10016248
0b000f01 0b00c201 10012 100 178800 2045374542 30290513 10027671
0b000c01 0b00c701 10015 100 37043 2050253913 25505019 10015789
0b000e01 0b00c501 10012 100 241 2041549772 34213948 10012703
0b000001 0b00c501 10010 100 195442 2043637422 32149414 10029068
0b000301 0b00c701 10011 100 31798 2047263152 28523869 10015346
0b000f01 0b00ce01 10012 100 11754 2047746292 28083761 10013666
0b000301 0b00cd01 10005 100 29421 2035516952 40363384 10015148
0b000f01 0b00c301 10010 100 6362 2037946493 37944164 10013215
0b000c01 0b00ca01 10007 100 67230 2028431917 47506588 10018319
0b000901 0b00ce01 10015 100 3470 2048772758 27191750 10012972
0b000401 0b00c101 10012 100 508 2039658580 36312561 10012724
0b000b01 0b00c801 10015 100 52775 2058270033 17740532 10017105
0b000101 0b00c401 10001 100 21994 2040921817 35096865 10014524
0b000601 0b00cf01 10011 100 4263 2039822022 36199069 10013040
0b000b01 0b00cc01 10012 100 279458 2042937339 33106810 10036111
0b000b01 0b00cc01 10013 100 168935 2045136832 30964486 10026843
0b000a01 0b00c301 10011 100 40470 2037961885 38162453 10016075
0b000301 0b00c001 10006 100 41465 2035295040 40830457 10016158
0b000201 0b00c301 10010 100 62390 2046127594 30012175 10017913
0b000601 0b00c101 10013 100 249536 2045554135 30596008 10033602
0b000d01 0b00c801 10014 100 37717 2059200950 16952008 10015843
0b000901 0b00c001 10000 100 3228961 2001958103 74218965 10283396
0b000d01 0b00c201 10007 100 28530 2039426954 36756877 10015073
0b000c01 0b00cb01 10005 100 458937 2035452337 40739849 10051157
0b000901 0b00c901 10011 100 8363 2048982601 27210531 10013383
0b000201 0b00cc01 10018 100 64224 2049695568 26521267 10018067
0b000e01 0b00cf01 10018 100 40829 2039276333 36952874 10016103
0b000301 0b00c701 10009 100 64731 2042798815 33431653 10018108
0b000a01 0b00c901 10014 100 138026 2026453631 49784757 10024255
0b000801 0b00c501 10011 100 47248 2051214406 25035010 10016644
0b000c01 0b00c901 10015 100 9550 2055157846 21117787 10013482
0b000901 0b00c201 10007 100 1145 2027676265 48643811 10012779
0b000401 0b00c101 10007 100 27594 2029794148 46531165 10014995
0b000601 0b00c501 10004 100 571777 2028452483 47955921 10060618
0b000401 0b00c301 10005 100 48548 2048358299 28097307 10016752
0b000201 0b00c001 10005 100 66914 2046527000 29942855 10018290
0b000301 0b00c601 10010 100 719105 2036893060 39581920 10072973
0b000601 0b00c801 10012 100 20339 2030401292 46101283 10014387
0b000c01 0b00c301 10007 100 73506 2036599588 39917331 10018844
0b000001 0b00c101 10011 100 29875 2041809381 34713416 10015185
0b000801 0b00c801 10005 100 78538 2040275072 36286424 10019266
0b000f01 0b00cd01 10007 100 9829 2048617915 27971930 10013504
0b000001 0b00c401 10009 100 9606 2042175546 34433378 10013486
0b000301 0b00c801 10007 100 7182 2040602251 36018240 10013285
0b000801 0b00cd01 10017 100 37424 2058837565 17805876 10015819
0b000601 0b00c601 10008 100 21159 2036654224 40014098 10014457
0b000a01 0b00c901 10020 100 61963 2061684443 14989566 10017875
0b000701 0b00cd01 10009 100 55511 2049929650 26776554 10017335
0b000201 0b00c101 10006 100 73938 2027740838 48985837 10018879
0b000701 0b00c901 10009 100 67747 2047441640 29309847 10018360
0b000d01 0b00c001 10014 100 70506 2060514332 16245182 10018593
0b000701 0b00cb01 10013 100 28012 2043583774 33180294 10015032
0b000601 0b00c101 10016 100 5163 2051824809 24949697 10013116
0b000401 0b00cc01 10014 100 26806 2061717610 15079546 10014928
0b000901 0b00cf01 10010 100 29966 2029336772 47489323 10015192
0b000f01 0b00c501 10017 100 27010 2052012452 24867490 10014948
0b000601 0b00ce01 10013 100 20306 2055084028 21809672 10014385
0b000b01 0b00ce01 10006 100 48608 2027593127 49345867 10016756
0b000601 0b00cf01 10009 100 86584 2029637350 47317197 10019940
0b000e01 0b00c201 10009 100 7085 2048985506 27981700 10013277
0b000f01 0b00c501 10013 100 15546 2036766999 40256080 10013985
0b000401 0b00ca01 10006 100 1269531 2016204456 60872057 10119119
0b000601 0b00c401 10007 100 7181 2027313425 49764269 10013285
0b000d01 0b00c701 10005 100 17482 2026858955 50229023 10014147
0b000701 0b00c801 10014 100 11609 2042504640 34584657 10013654
0b000201 0b00c501 10010 100 9884 2048954801 28137938 10013509
0b000d01 0b00c001 10006 100 447728 2030568242 46567349 10050218
0b000b01 0b00ce01 10004 100 401391 2024257335 52897776 10046334
0b000f01 0b00c601 10010 100 120790 2048820746 28419989 10022807
0b000d01 0b00c801 10001 100 2241004 2008645684 68608782 10200569
0b000401 0b00c801 10003 100 876522 2028062840 49223930 10086169
0b000401 0b00c301 10010 100 4819 2063027995 14276765 10013084
0b000601 0b00c501 10006 100 60449 2040754589 36571882 10017750
0b000c01 0b00c301 10010 100 65053 2050628709 26780955 10018137
0b000101 0b00c701 10015 100 6738 2061096503 16315370 10013245
0b000701 0b00cb01 10009 100 23061 2040768644 36665582 10014617
0b000601 0b00cf01 10008 100 647319 2027721794 49730851 10066953
0b000301 0b00c401 10005 100 1143124 2020683597 56777150 10108522
0b000301 0b00c401 10013 100 65564 2041666273 35795538 10018178
0b000001 0b00c201 10009 100 133957 2038218060 39243891 10023911
0b000901 0b00cd01 10007 100 19553 2038628484 38843503 10014321
0b000501 0b00cc01 10017 100 5711 2055929820 21543562 10013159
0b000b01 0b00c301 10012 100 628931 2029845020 47641000 10065409
0b000301 0b00c101 10004 100 44186 2040324365 37202247 10016387
0b000101 0b00ca01 10011 100 24538 2060495287 17047622 10014739
0b000f01 0b00c101 10010 100 55063 2037874447 39720906 10017300
0b000501 0b00c301 10014 100 17657 2061981326 15621519 10014161
0b000c01 0b00cc01 10009 100 5628 2049584170 28072275 10013153
0b000901 0b00c501 10023 100 9108 2053660239 24009406 10013447
0b000d01 0b00c001 10010 100 7401 2041310193 36381289 10013302
0b000b01 0b00c301 10011 100 29654 2028694137 48998780 10015167
0b000001 0b00cc01 10011 100 28173 2037232873 40461649 10015045
0b000001 0b00c801 10012 100 1158 2050049894 27668800 10012780
0b000101 0b00cd01 10015 100 61442 2047333650 30428411 10017833
0b000d01 0b00c101 10008 100 157910 2045792937 32089121 10025919
0b000801 0b00ce01 10017 100 41621 2063359576 14523483 10016170
0b000e01 0b00ca01 10011 100 601560 2040680110 37206445 10063116
0b000201 0b00c101 10011 100 8346 2043510498 34377022 10013382
0b000701 0b00ca01 10002 100 5020 2028077419 49814820 10013104
0b000501 0b00cf01 10011 100 62114 2050411637 27508546 10017891
0b000901 0b00cd01 10011 100 2033 2057130767 20789609 10012854
0b000b01 0b00ca01 10015 100 22244 2064474296 13446213 10014547
0b000f01 0b00c501 10020 100 45370 2060666212 17297425 10016486
0b000a01 0b00c201 10007 100 479000 2039628147 38349503 10052839
0b000401 0b00ce01 10001 100 2562191 2006337552 71688630 10227497
0b000d01 0b00c301 10017 100 7055 2050107226 27989310 10013275
0b000501 0b00c601 10019 100 79524 2061147388 16977240 10019349
0b000c01 0b00c501 10010 100 72835 2060388330 17758744 10018787
0b000a01 0b00ce01 10007 100 26600 2050165590 27992845 10014911
0b000c01 0b00c201 10012 100 28071 2031531810 46627334 10015037
0b000e01 0b00c901 10011 100 5470 2054125581 24057222 10013140
0b000b01 0b00cd01 10008 100 1975 2061526565 16667248 10012845
0b000501 0b00c501 10009 100 26684 2049929297 28265310 10014918
0b000b01 0b00c301 10013 100 55051 2034245974 44006953 10017299
0b000701 0b00c701 10016 100 6886 2043709290 34551337 10013257
0b000e01 0b00c901 10007 100 49970 2034997150 43271724 10016869
0b000101 0b00c501 10011 100 36749 2041018334 37272329 10015762
0b000201 0b00c701 10007 100 29099 2027401065 50909953 10015123
0b000b01 0b00c101 10012 100 49036 2033334330 45013002 10016794
0b000301 0b00cb01 10012 100 30516 2053451701 24911572 10015240
0b000801 0b00c401 10010 100 471645 2047892753 30487511 10052224
0b000801 0b00c601 10006 100 15498 2029561086 48825997 10013981
0b000401 0b00ca01 10012 100 58753 2041378545 37011038 10017606
0b000401 0b00ca01 10016 100 3478 2050838449 27581937 10012973
0b000801 0b00ca01 10012 100 51582 2055925400 22503927 10017006
0b000401 0b00cb01 10015 100 44682 2053763597 24666887 10016427
0b000301 0b00c001 10008 100 598113 2041501407 36958209 10062829
0b000101 0b00c601 10007 100 177205 2050142538 28337275 10027539
0b000a01 0b00c901 10008 100 1378857 2014546594 63954959 10128283
0b000301 0b00c601 10019 100 66552 2061019277 17484694 10018261
0b000b01 0b00cf01 10011 100 992 2051324113 27182687 10012763
0b000501 0b00c401 10006 100 34845 2041947566 36573710 10015602
0b000601 0b00c601 10010 100 45668 2050450925 28077169 10016510
0b000401 0b00c401 10004 100 13128 2054846653 23689339 10013784
0b000101 0b00c001 10017 100 23158 2056998704 21641273 10014624
0b000b01 0b00c801 10014 100 9399 2057850880 20794044 10013470
0b000f01 0b00cd01 10009 100 1767 2050973149 27711167 10012829
0b000f01 0b00c201 10018 100 2572 2050934276 27767334 10012897
0b000901 0b00c701 10011 100 20103 2053436533 25295027 10014368
0b000901 0b00cc01 10012 100 54739 2052053126 26693494 10017270
0b000501 0b00ce01 10009 100 128970 2047031711 31763413 10023492
0b000f01 0b00c301 10009 100 26049 2036142588 42690165 10014867
0b000b01 0b00cb01 10006 100 46836 2029697126 49190779 10016607
0b000201 0b00cc01 10020 100 3218 2057907092 20983488 10012952
0b000c01 0b00c101 10007 100 172219 2029022632 49884239 10027121
0b000901 0b00c901 10009 100 42951 2042680820 36226776 10016281
0b000201 0b00cd01 10009 100 3081 2044633063 34296900 10012941
0b000601 0b00c001 10011 100 540146 2040830726 38194007 10057969
0b000d01 0b00c501 10009 100 8134 2054378867 24655986 10013365
0b000101 0b00cf01 10010 100 192701 2046260130 32779571 10028837
0b000c01 0b00ca01 10010 100 172270 2048656275 30482899 10027125
0b000401 0b00c501 10009 100 2420 2029084394 50150184 10012885
0b000801 0b00c301 10008 100 58512 2056433715 22867570 10017587
0b000401 0b00c901 10007 100 4311 2033354591 45995277 10013044
0b000001 0b00c501 10011 100 9717 2046775524 32606178 10013495
0b000f01 0b00c501 10018 100 66324 2053317918 26071768 10018243
0b000801 0b00c001 10012 100 28105 2054827767 24575347 10015039
0b000701 0b00cb01 10006 100 26973 2035830173 43576565 10014941
0b000d01 0b00c401 10021 100 47368 2057122445 22293878 10016653
0b000501 0b00c001 10016 100 2888 2044971434 34501691 10012922
0b000b01 0b00cd01 10009 100 3493 2062775741 16743269 10012974
0b000c01 0b00cf01 10002 100 147402 2029976476 49548219 10025040
0b000401 0b00ca01 10008 100 646976 2023778595 55748134 10066922
0b000501 0b00c201 10005 100 16028 2053886984 25795718 10014027
0b000d01 0b00c901 10019 100 78152 2062670364 17022760 10019235
0b000f01 0b00c901 10020 100 31787 2062807805 16914990 10015345
0b000c01 0b00c801 10010 100 104031 2040375453 39353853 10021405
0b000501 0b00cc01 10008 100 562453 2031404316 48326956 10059838
0b000d01 0b00c501 10010 100 75712 2061174196 18562156 10019028
0b000e01 0b00c501 10007 100 1201450 2021284411 58467090 10113411
0b000d01 0b00c001 10011 100 284621 2043650820 36115007 10036544
0b000401 0b00c601 10006 100 63066 2035635466 44135140 10017971
0b000601 0b00c301 10015 100 21811 2057730695 22046171 10014509
0b000401 0b00ce01 10012 100 26569 2052190138 27613687 10014909
0b000e01 0b00cd01 10007 100 23144 2039517653 40289091 10014623
0b000401 0b00c101 10008 100 49158 2031816404 47996989 10016804
0b000201 0b00c101 10012 100 975 2047332908 32488862 10012761
0b000801 0b00c701 10015 100 27334 2054139693 25734753 10014974
0b000a01 0b00cd01 10015 100 911 2052613458 27269550 10012756
0b000f01 0b00c901 10015 100 63990 2042001151 37885092 10018044
0b000a01 0b00cd01 10009 100 79288 2041406936 38482505 10019330
0b000501 0b00c801 10008 100 65195 2038945119 40953458 10018149
0b000f01 0b00c401 10009 100 3912 2055299253 24603158 10013008
0b000f01 0b00c701 10010 100 75782 2061574708 18374087 10019034
0b000b01 0b00c101 10021 100 39841 2054197320 25774944 10016020
0b000e01 0b00ce01 10008 100 45379 2036918324 43096320 10016486
0b000801 0b00cd01 10020 100 8240 2063092913 17007473 10013373
0b000b01 0b00c101 10013 100 1220 2036822717 43295126 10012785
0b000601 0b00c501 10011 100 5463 2054785771 25359890 10013140
0b000401 0b00cd01 10003 100 883646 2031558571 48587534 10086766
0b000c01 0b00c901 10013 100 4840 2047638887 32532184 10013086
0b000e01 0b00c401 10010 100 28086 2065016077 15253333 10015038
0b000601 0b00c101 10014 100 193232 2049350109 30977265 10028883
0b000d01 0b00c101 10015 100 45660 2064449188 15928982 10016509
0b000c01 0b00c001 10013 100 12145 2040160996 40261108 10013701
0b000b01 0b00c401 10006 100 123329 2033957006 46473401 10023022
0b000a01 0b00cd01 10016 100 13842 2055515386 24962694 10013841
0b000701 0b00c901 10006 100 25512 2030255475 50253107 10014820
0b000101 0b00c701 10011 100 64593 2041875536 38642227 10018097
0b000501 0b00c901 10008 100 72539 2050123237 30429609 10018763
0b000801 0b00ca01 10010 100 4625 2045224156 35360777 10013069
0b000c01 0b00c001 10012 100 198095 2037107384 43499419 10029291
0b000a01 0b00c101 10004 100 8016 2033457084 47200471 10013355
0b000a01 0b00c101 10005 100 40369 2035762252 45022049 10016066
0b000401 0b00cc01 10001 100 1548908 2012214127 68574092 10142540
0b000b01 0b00c401 10010 100 169397 2042095479 38710330 10026884
0b000e01 0b00cb01 10007 100 20406 2038113733 42717357 10014393
0b000d01 0b00c901 10017 100 75082 2050882058 29968732 10018978
0b000d01 0b00c701 10012 100 20844 2065722667 15129068 10014428
0b000201 0b00c401 10010 100 202 2064704615 16171990 10012700
0b000601 0b00c001 10012 100 78154 2043845011 37046768 10019235
0b000b01 0b00c301 10022 100 3957 2067563406 13342286 10013011
0b000201 0b00c601 10013 100 46389 2055369298 25552376 10016571
0b000101 0b00c401 10010 100 66746 2062051991 18874083 10018276
0b000201 0b00cb01 10009 100 68399 2036075542 44851938 10018416
0b000d01 0b00ca01 10007 100 59093 2046899848 34064447 10017637
0b000b01 0b00ce01 10017 100 37737 2066665073 14313306 10015844
0b000901 0b00ca01 10008 100 1289683 2019556866 61452242 10120808
0b000701 0b00cf01 10009 100 25288 2056673916 24344975 10014802
0b000e01 0b00c601 10001 100 1715936 2006521264 74498355 10156544
0b000301 0b00ca01 10006 100 41323 2044356998 36683788 10016147
0b000001 0b00c701 10009 100 63087 2033762761 47324145 10017972
0b000d01 0b00c301 10024 100 27897 2065645766 15443069 10015019
0b000f01 0b00c001 10017 100 3298 2056193810 24910983 10012959
0b000301 0b00cf01 10007 100 125496 2040316264 40822971 10023203
0b000301 0b00ca01 10007 100 43897 2044378360 36775726 10016360
0b000101 0b00c701 10016 100 1735 2067316413 13846558 10012826
0b000801 0b00c501 10006 100 181146 2029185823 51999642 10027870
0b000101 0b00c501 10016 100 21041 2055938612 25253430 10014447
0b000401 0b00c001 10019 100 2760 2056153371 25040222 10012912
0b000001 0b00c601 10008 100 158274 2039330987 41928185 10025952
0b000501 0b00c601 10017 100 41445 2058442172 22845358 10016156
0b000701 0b00c101 10008 100 10021 2053798741 27600186 10013523
0b000f01 0b00c701 10009 100 48863 2058258750 23177082 10016777
0b000001 0b00c801 10015 100 76543 2054742221 26707316 10019099
0b000a01 0b00c401 10010 100 18962 2044374168 37105387 10014269
0b000701 0b00cf01 10008 100 7019 2041541028 39955939 10013272
0b000101 0b00cb01 10014 100 20675 2059651484 21862246 10014414
0b000a01 0b00c301 10009 100 63896 2033251812 48263337 10018037
0b000501 0b00c901 10004 100 25748 2031231167 50337921 10014839
0b000501 0b00cd01 10010 100 29393 2043200525 38388238 10015146
0b000101 0b00cb01 10011 100 27953 2052692904 28922047 10015023
0b000a01 0b00cd01 10020 100 2341 2068389711 13234662 10012878
0b000a01 0b00c901 10015 100 64558 2033446355 48192851 10018094
0b000601 0b00cb01 10012 100 43544 2046473397 35180917 10016332
0b000601 0b00cc01 10006 100 887 2047221733 34432761 10012754
0b000001 0b00ca01 10013 100 56168 2056246531 25426145 10017392
0b000401 0b00cc01 10012 100 6621 2054299612 27398962 10013236
0b000c01 0b00cb01 10009 100 20303 2053433649 28277025 10014384
0b000401 0b00ca01 10009 100 689582 2031020835 50703259 10070496
0b000301 0b00ce01 10011 100 25216 2056830516 24896383 10014797
0b000b01 0b00c101 10023 100 5283 2060750377 20994535 10013125
0b000601 0b00c401 10014 100 27664 2054049850 27724914 10015000
0b000b01 0b00c801 10010 100 24633 2042686345 39134816 10014746
0b000d01 0b00cd01 10010 100 4448 2066196262 15625468 10013055
0b000b01 0b00ca01 10010 100 81917 2052427393 29451219 10019548
0b000c01 0b00c901 10011 100 32067 2045061345 36836263 10015372
0b000401 0b00c801 10007 100 2108 2039595439 42315595 10012860
0b000801 0b00ce01 10016 100 69436 2058690998 23223279 10018503
0b000b01 0b00cf01 10012 100 64235 2053078136 28864463 10018068
0b000801 0b00c601 10010 100 45568 2056005156 25945786 10016502
0b000501 0b00cc01 10016 100 56906 2054922123 27033648 10017451
0b000101 0b00c501 10015 100 2774 2054363296 27640607 10012913
0b000501 0b00cb01 10009 100 56937 2031405519 50647156 10017453
0b000201 0b00cc01 10011 100 60461 2030158489 51897274 10017751
0b000c01 0b00cc01 10011 100 512551 2050770781 31356236 10055654
0b000901 0b00c901 10013 100 28324 2056827602 25317429 10015057
0b000f01 0b00c001 10010 100 35150 2034926936 47229653 10015630
0b000401 0b00cf01 10014 100 123968 2057514299 24668183 10023073
0b000701 0b00c501 10009 100 58297 2055171968 27034990 10017570
0b000501 0b00cd01 10012 100 182202 2048145939 34064918 10027958
0b000101 0b00ca01 10004 100 181534 2031215749 51008009 10027901
0b000101 0b00ce01 10012 100 27820 2035376751 46871720 10015013
0b000301 0b00c001 10012 100 21072 2060635185 21657065 10014450
0b000701 0b00c001 10009 100 24157 2041821446 40473920 10014708
0b000b01 0b00c001 10007 100 274560 2039928973 42403449 10035700
0b000f01 0b00c601 10008 100 11430 2032187635 50160201 10013640
0b000501 0b00cd01 10011 100 295194 2046969215 35429493 10037432
0b000401 0b00ca01 10013 100 38243 2044150861 38260631 10015889
0b000301 0b00c701 10007 100 20946 2035630443 46781122 10014436
0b000c01 0b00c101 10011 100 27434 2041651199 40769697 10014982
0b000501 0b00ca01 10009 100 8488 2036102307 46324081 10013393
0b000201 0b00c701 10013 100 41921 2056683642 25760163 10016194
0b000d01 0b00c301 10016 100 34623 2045292052 37166881 10015584
0b000f01 0b00c001 10018 100 24087 2060354395 22174675 10014702
0b000901 0b00cf01 10013 100 9895 2034236309 48346536 10013510
0b000d01 0b00c601 10014 100 58281 2052774454 29821089 10017569
0b000501 0b00c801 10010 100 5975 2042777549 39851530 10013181
0b000f01 0b00ca01 10009 100 9308 2032765157 49930970 10013463
0b000c01 0b00cc01 10008 100 27723 2045632426 37099300 10015005
0b000501 0b00ca01 10011 100 79633 2041201381 41559780 10019357
0b000901 0b00cc01 10016 100 64878 2067063028 15740392 10018119
0b000201 0b00cf01 10013 100 617478 2033849095 49016957 10064451
0b000a01 0b00c501 10007 100 65303 2046287770 36597415 10018157
0b000901 0b00cb01 10007 100 22324 2034152869 48748379 10014554
0b000a01 0b00c801 10010 100 37831 2057287030 25637944 10015852
0b000b01 0b00ca01 10016 100 4072 2065918174 17041812 10013024
0b000201 0b00c501 10004 100 32693 2035620189 47340935 10015422
0b000701 0b00c501 10008 100 199863 2051487444 31516609 10029437
0b000801 0b00c101 10016 100 5232 2058560855 24455458 10013121
0b000d01 0b00ce01 10009 100 84697 2052834423 30216398 10019782
0b000101 0b00cb01 10008 100 68862 2044503494 38577505 10018453
0b000301 0b00cf01 10010 100 7134 2055484793 27597433 10013281
0b000d01 0b00ce01 10005 100 30987 2044558467 38529922 10015278
0b000a01 0b00c501 10005 100 8691 2034704615 48385305 10013409
0b000c01 0b00cb01 10011 100 4422 2058110820 25025619 10013052
0b000201 0b00ca01 10011 100 13720 2045079798 38059598 10013831
0b000c01 0b00c601 10016 100 2439 2055644456 27579200 10012886
0b000401 0b00cf01 10009 100 21764 2036609610 46621910 10014505
0b000b01 0b00ca01 10008 100 6306 2038890523 44385696 10013211
0b000d01 0b00c601 10016 100 59485 2054044581 29238429 10017669
0b000401 0b00c001 10011 100 327050 2042825461 40489406 10040103
0b000001 0b00c301 10012 100 8937 2066897147 16449957 10013429
0b000301 0b00cc01 10009 100 7671 2046955581 36397838 10013324
0b000f01 0b00c201 10011 100 7405 2040907633 42463046 10013303
0b000001 0b00c901 10017 100 31716 2055096543 28279085 10015340
0b000c01 0b00c501 10011 100 37160 2066968655 16428241 10015798
0b000901 0b00c801 10006 100 1518022 2018583013 64817809 10139954
0b000801 0b00c001 10014 100 5485 2055340694 28065983 10013141
0b000601 0b00c401 10009 100 73702 2036480592 46940370 10018860
0b000301 0b00cc01 10011 100 8597 2058784456 24636938 10013402
0b000d01 0b00cf01 10007 100 13490 2050444383 32989582 10013812
0b000901 0b00c401 10012 100 149874 2050103132 33331080 10025245
0b000d01 0b00ce01 10012 100 2388 2058793640 24664153 10012882
0b000701 0b00cc01 10011 100 64292 2053934908 29526935 10018072
0b000b01 0b00c801 10007 100 189015 2036582044 46943242 10028530
0b000401 0b00c101 10011 100 18118 2036894666 46720371 10014202
0b000901 0b00c901 10006 100 486557 2032932542 50704861 10053474
0b000101 0b00c701 10014 100 29084 2054954438 28718073 10015121
0b000c01 0b00cd01 10011 100 176582 2050334170 33363410 10027486
0b000d01 0b00ca01 10010 100 20767 2054942909 28755709 10014422
0b000a01 0b00ca01 10009 100 36041 2039617332 44090791 10015705
0b000b01 0b00c101 10018 100 23565 2048116573 35606165 10014657
0b000901 0b00cf01 10009 100 910696 2026643136 57091707 10089033
0b000d01 0b00c401 10015 100 24431 2043344536 40422938 10014730
0b000f01 0b00cd01 10004 100 34438 2042909164 40877303 10015569
0b000101 0b00c201 10004 100 13004 2033590647 50245533 10013774
0b000501 0b00cd01 10015 100 59480 2058766348 25079994 10017668
0b000d01 0b00c101 10009 100 79188 2047513588 36349782 10019322
0b000601 0b00c201 10007 100 57577 2045588514 38303086 10017508
0b000a01 0b00cd01 10011 100 26374 2048155710 35774160 10014893
0b000401 0b00cc01 10007 100 15206 2043784572 40212759 10013957
0b000c01 0b00c201 10023 100 28713 2059683288 24335062 10015088
0b000901 0b00cc01 10008 100 646 2045253479 38775018 10012735
0b000d01 0b00cb01 10009 100 497744 2023428083 60665421 10054411
0b000a01 0b00c001 10011 100 44809 2049781577 34324292 10016437
0b000b01 0b00c001 10006 100 24966 2035400391 48710359 10014773
0b000001 0b00c901 10018 100 61936 2055098720 29029415 10017872
0b000e01 0b00c001 10013 100 30871 2055945982 28192264 10015268
0b000a01 0b00c901 10022 100 49437 2065465539 18688757 10016826
0b000801 0b00c701 10017 100 22884 2059205599 24985131 10014599
0b000901 0b00c401 10007 100 9086 2044968249 39239710 10013445
0b000f01 0b00c001 10015 100 3128 2051508597 32727463 10012945
0b000f01 0b00c901 10013 100 46452 2040604538 43637900 10016576
0b000901 0b00ca01 10012 100 2604 2040824703 43451165 10012899
0b000a01 0b00c701 10006 100 682941 2023966339 60322748 10069938
0b000a01 0b00cd01 10017 100 26923 2055655268 28655674 10014937
0b000901 0b00c001 10014 100 73004 2053556291 30789401 10018804
0b000101 0b00c001 10020 100 29005 2069321925 15044697 10015115
0b000a01 0b00c801 10005 100 7297 2039892392 44480647 10013294
0b000801 0b00c001 10010 100 835 2037139021 47242440 10012750
0b000701 0b00c501 10014 100 51355 2059443834 24993129 10016988
0b000d01 0b00c501 10008 100 133905 2052218228 32260867 10023906
0b000901 0b00cc01 10015 100 7257 2060213110 24309083 10013291
0b000c01 0b00c601 10010 100 704556 2036079410 48446392 10071751
0b000c01 0b00c801 10014 100 8191 2068792866 15739301 10013369
0b000c01 0b00c201 10016 100 155756 2047424428 37212490 10025739
0b000401 0b00c201 10007 100 174065 2030983371 53656518 10027277
0b000201 0b00cb01 10014 100 46720 2061913237 22789175 10016598
0b000801 0b00c201 10013 100 24536 2059503494 25210539 10014738
0b000601 0b00c101 10019 100 35049 2058431199 26295389 10015622
0b000801 0b00c701 10008 100 1009826 2030576900 54150201 10097344
0b000e01 0b00c001 10011 100 591153 2047772810 36979133 10062245
0b000c01 0b00c201 10022 100 25565 2056515834 28268795 10014825
0b000f01 0b00c201 10017 100 54680 2050621311 34233884 10017265
0b000e01 0b00c801 10010 100 167257 2041505884 43386009 10026705
0b000001 0b00cd01 10009 100 1257178 2021042167 63866033 10118084
0b000c01 0b00c101 10018 100 4760 2069857219 15051899 10013080
0b000d01 0b00c401 10017 100 3100 2044939966 39970938 10012943
0b000a01 0b00c001 10009 100 47512 2046710324 38232972 10016665
0b000d01 0b00c901 10006 100 788661 2027201349 57782832 10078802
0b000e01 0b00c301 10005 100 55311 2044067397 40933746 10017319
0b000001 0b00ca01 10014 100 35020 2059858463 25152518 10015619
0b000e01 0b00cf01 10017 100 834077 2035261557 49758218 10082612
0b000301 0b00ce01 10010 100 53195 2056537738 28489102 10017142
0b000d01 0b00cf01 10009 100 55022 2059706579 25327947 10017296
0b000001 0b00c201 10010 100 401742 2040140826 44918281 10046363
0b000e01 0b00cb01 10013 100 35031 2062332689 22727299 10015620
0b000001 0b00c701 10011 100 1991 2045316022 39747230 10012846
0b000c01 0b00cd01 10009 100 61720 2043655520 41420751 10017855
0b000001 0b00c501 10008 100 77076 2037289600 47802107 10019145
0b000d01 0b00c301 10021 100 21843 2059856590 25271944 10014511
0b000801 0b00c301 10003 100 348634 2031259879 53878302 10041910
0b000301 0b00c801 10009 100 9790 2056934229 28211840 10013501
0b000c01 0b00c401 10016 100 43724 2068579870 16592950 10016346
0b000c01 0b00c501 10012 100 37963 2068719631 16453255 10015862
0b000001 0b00c401 10011 100 24974 2044804081 40373688 10014773
0b000201 0b00ce01 10013 100 22366 2060465053 24718163 10014557
0b000d01 0b00cc01 10008 100 533174 2035783463 49404177 10057384
0b000c01 0b00c401 10009 100 35437 2047917089 37305496 10015653
0b000301 0b00c601 10018 100 31677 2057292743 27954878 10015337
0b000501 0b00c601 10018 100 3903 2058444870 26822963 10013007
0b000401 0b00cb01 10011 100 9810 2047010917 38259124 10013503
0b000301 0b00c601 10004 100 1589949 2019745730 65562888 10145981
0b000501 0b00c701 10004 100 693589 2039179165 46177397 10070832
0b000501 0b00c901 10014 100 624 2062462727 22902216 10012733
0b000f01 0b00c901 10010 100 23608 2038499716 46869705 10014660
0b000801 0b00c701 10019 100 7501 2060741789 24635870 10013310
0b000101 0b00c001 10019 100 29273 2059278769 26112640 10015137
0b000901 0b00c201 10015 100 29478 2059985526 25415166 10015153
0b000d01 0b00c601 10020 100 45107 2062052586 23357977 10016465
0b000d01 0b00cf01 10010 100 57679 2060007455 25431794 10017517
0b000001 0b00cc01 10014 100 29639 2045025530 40450004 10015166
0b000c01 0b00c201 10017 100 22918 2048893979 36635813 10014601
0b000601 0b00c601 10007 100 6997 2035310244 50239688 10013266
0b000901 0b00c101 10021 100 65986 2069608104 15950456 10018212
0b000301 0b00c201 10009 100 170247 2042173687 43386029 10026956
0b000b01 0b00ca01 10007 100 190762 2038750567 46822445 10028674
0b000801 0b00cf01 10006 100 29084 2040478897 45126527 10015121
0b000e01 0b00cf01 10008 100 1211281 2016914841 68762977 10114236
0b000101 0b00c101 10012 100 47728 2047836059 37887222 10016682
0b000c01 0b00c601 10013 100 14040 2045430135 40336748 10013860
0b000501 0b00c701 10006 100 20932 2049718321 36055673 10014435
0b000b01 0b00cc01 10017 100 5412 2068535203 17251731 10013136
0b000901 0b00c201 10009 100 659574 2030549500 55249244 10067980
0b000301 0b00c401 10014 100 66267 2046684767 39117003 10018238
0b000701 0b00c201 10009 100 8812 2045908795 39963189 10013419
0b000f01 0b00c801 10009 100 62720 2045916088 39960395 10017939
0b000601 0b00c101 10023 100 17228 2070540020 15336952 10014127
0b000001 0b00cf01 10007 100 1027490 2030982505 54898055 10098826
0b000e01 0b00c501 10013 100 9604 2045784076 40097600 10013486
0b000901 0b00cd01 10008 100 503076 2042657348 43226464 10054861
0b000701 0b00ca01 10006 100 2921 2051088271 34903139 10012925
0b000801 0b00c401 10009 100 620922 2044393595 41614340 10064738
0b000801 0b00ca01 10011 100 74197 2048810303 37214443 10018903
0b000501 0b00c901 10009 100 23875 2050402563 35628583 10014682
0b000c01 0b00c501 10007 100 122813 2054992717 31041567 10022977
0b000701 0b00ca01 10007 100 63516 2051348314 34700992 10018007
0b000401 0b00c801 10002 100 1258628 2024009255 62091198 10118204
0b000a01 0b00c901 10024 100 14579 2068581129 17552427 10013903
0b000d01 0b00ce01 10007 100 54016 2048634303 37516468 10017212
0b000001 0b00cb01 10005 100 74658 2038458093 47806297 10018940
0b000301 0b00c201 10011 100 9633 2046322101 39942850 10013489
0b000201 0b00cf01 10011 100 65406 2033447579 52820066 10018165
0b000601 0b00cd01 10008 100 29892 2049936968 36398015 10015186
0b000601 0b00c001 10017 100 76446 2049920367 36428924 10019091
0b000901 0b00c401 10008 100 53787 2045575050 40815813 10017190
0b000301 0b00c601 10020 100 253134 2062490543 23951803 10033906
0b000101 0b00c901 10006 100 44839 2035222001 51244587 10016439
0b000701 0b00c501 10011 100 74503 2057647772 28891193 10018928
0b000101 0b00ca01 10008 100 44168 2048706553 37897037 10016386
0b000a01 0b00c701 10008 100 1123363 2027581341 59049335 10106865
0b000a01 0b00cd01 10013 100 10287 2051542512 35123125 10013545
0b000f01 0b00c601 10012 100 29714 2058700179 27995133 10015172
0b000401 0b00c601 10009 100 137646 2041782448 44946358 10024221
0b000801 0b00cd01 10018 100 5758 2061519940 25221511 10013163
0b000301 0b00cf01 10011 100 48990 2058583252 28180561 10016787
0b000601 0b00cf01 10012 100 33831 2045979718 40797574 10015517
0b000701 0b00c501 10013 100 37493 2058855739 27930692 10015825
0b000701 0b00cf01 10007 100 8246 2040675785 46113780 10013374
0b000501 0b00cc01 10010 100 4904 2036849007 49971914 10013091
0b000b01 0b00c601 10004 100 460579 2031125138 55696135 10051296
0b000b01 0b00ce01 10018 100 26782 2068737682 18085395 10014926
0b000d01 0b00cc01 10013 100 22984 2053456932 33442638 10014607
0b000501 0b00c601 10020 100 50852 2062572555 24358727 10016944
0b000101 0b00c301 10006 100 49339 2050311355 36663830 10016819
0b000b01 0b00c501 10008 100 40623 2058395673 28591681 10016087
0b000e01 0b00cb01 10010 100 10147 2050449211 36549345 10013534
0b000f01 0b00cc01 10012 100 35646 2058547286 28452255 10015669
0b000801 0b00c801 10003 100 29621 2039268046 47732761 10015164
0b000401 0b00c701 10010 100 93209 2068009929 19014281 10020497
0b000801 0b00cd01 10021 100 12917 2065920438 21127852 10013763
0b000601 0b00ca01 10013 100 113211 2067129167 19935444 10022174
0b000a01 0b00c701 10019 100 4470 2066166298 20898440 10013056
0b000901 0b00c401 10015 100 28957 2068954173 18110670 10015107
0b000401 0b00c601 10008 100 15596 2039921800 47163961 10013989
0b000501 0b00c401 10008 100 43770 2046458878 40634625 10016350
0b000c01 0b00c501 10008 100 92678 2058843314 28256434 10020451
0b000601 0b00cf01 10015 100 6313 2051453014 35651129 10013211
0b000d01 0b00ce01 10011 100 21633 2058467053 28645041 10014495
0b000f01 0b00ca01 10013 100 43727 2047641662 39508704 10016347
0b000e01 0b00c101 10015 100 75702 2050680607 36501029 10019028
0b000e01 0b00cd01 10008 100 163377 2041466827 45767284 10026379
0b000c01 0b00c401 10008 100 38260 2046296539 40978172 10015890
0b000701 0b00c901 10012 100 78548 2057690365 29604242 10019267
0b000f01 0b00c201 10021 100 21755 2061689042 25611554 10014504
0b000601 0b00c401 10018 100 46544 2063111815 24229228 10016584
0b000b01 0b00c001 10014 100 28167 2069402810 17955220 10015044
0b000b01 0b00c601 10006 100 36909 2039261937 48133031 10015774
0b000201 0b00cf01 10005 100 1196304 2010382847 77034013 10112980
0b000c01 0b00c701 10013 100 178322 2045778442 41670564 10027633
0b000401 0b00cf01 10013 100 97182 2049096865 38406603 10020830
0b000101 0b00c101 10016 100 9752 2062667588 24910912 10013498
0b000201 0b00cc01 10012 100 450233 2035138057 52466683 10050430
0b000c01 0b00c501 10004 100 26272 2036970982 50691109 10014885
0b000201 0b00c701 10014 100 41771 2061858648 25810012 10016182
0b000501 0b00cc01 10014 100 34413 2049269725 38436914 10015567
0b000c01 0b00cb01 10008 100 27923 2047059358 40667092 10015021
0b000401 0b00c601 10014 100 47518 2071486467 16295309 10016665
0b000301 0b00ca01 10011 100 155049 2058798636 28995890 10025682
0b000c01 0b00c801 10003 100 1453796 2015561939 72249218 10134567
0b000601 0b00ce01 10009 100 964 2037938086 49880026 10012760
0b000d01 0b00c801 10015 100 17806 2064077891 23879770 10014173
0b000d01 0b00c101 10017 100 7001 2065621616 22366100 10013270
0b000401 0b00cb01 10018 100 53319 2061312958 26691226 10017152
0b000e01 0b00c401 10006 100 906883 2036076281 51948439 10088713
0b000301 0b00ca01 10015 100 61679 2071724753 16321829 10017852
0b000401 0b00cb01 10009 100 179524 2045265649 42791265 10027733
0b000001 0b00c201 10008 100 60576 2036772483 51329083 10017760
0b000001 0b00c801 10018 100 79309 2061837571 26294532 10019331
0b000801 0b00c901 10010 100 217065 2039883484 48252862 10030882
0b000901 0b00c201 10010 100 170305 2039567739 48589907 10026961
0b000a01 0b00c801 10009 100 4735 2053292562 34939698 10013078
0b000501 0b00c901 10002 100 1340227 2015442720 72798216 10125047
0b000201 0b00cc01 10021 100 65535 2058724817 29518894 10018176
0b000201 0b00c201 10009 100 61733 2036163138 52097079 10017856
0b000301 0b00cd01 10013 100 3760 2053551568 34735197 10012996
0b000c01 0b00ce01 10008 100 136672 2050820327 37484351 10024139
0b000701 0b00c601 10001 100 1279798 2013017155 75299294 10119979
0b000401 0b00c101 10013 100 67641 2041608238 46782786 10018352
0b000401 0b00c401 10010 100 25734 2072752240 15672401 10014838
0b000c01 0b00ce01 10011 100 75375 2070741933 17696985 10019001
0b000701 0b00ce01 10008 100 76050 2051022758 37451344 10019059
0b000f01 0b00cd01 10016 100 4672 2072997168 15524560 10013072
0b000b01 0b00c301 10021 100 29369 2062742205 25788830 10015144
0b000e01 0b00c501 10016 100 19850 2063159367 25399500 10014344
0b000c01 0b00cf01 10004 100 5739 2042200589 46362764 10013162
0b000b01 0b00c001 10010 100 185362 2047960771 40618236 10028223
0b000e01 0b00c801 10013 100 75917 2063801864 24815912 10019045
0b000601 0b00c901 10015 100 3967 2065806917 22813446 10013012
0b000a01 0b00c601 10012 100 78643 2061456936 27175379 10019274
0b000e01 0b00c101 10017 100 512500 2052202889 36489290 10055649
0b000401 0b00c701 10007 100 25993 2048958912 39776045 10014859
0b000e01 0b00c001 10010 100 230361 2047400999 41346283 10031995
0b000501 0b00ca01 10014 100 43005 2061279375 27483453 10016289
0b000801 0b00c901 10014 100 4596 2049645212 39146759 10013066
0b000001 0b00c701 10015 100 176205 2056869658 31923096 10027456
0b000e01 0b00c201 10006 100 947188 2040187909 48620513 10092095
0b000c01 0b00c201 10026 100 9697 2065269948 23626584 10013494
0b000201 0b00c501 10013 100 4675 2061923672 27031633 10013073
0b000301 0b00c601 10021 100 2880 2064358679 24615207 10012921
0b000d01 0b00cb01 10005 100 1032599 2020800755 68189407 10099254
0b000501 0b00c701 10009 100 55701 2064355292 24647638 10017351
0b000101 0b00c801 10010 100 2099 2062017340 27000414 10012859
0b000201 0b00c301 10009 100 75023 2036163195 52862139 10018973
0b000301 0b00ce01 10009 100 71343 2051338850 37712198 10018663
0b000101 0b00cb01 10017 100 146142 2061309319 27780598 10024935
0b000701 0b00c301 10014 100 19237 2050910129 38210237 10014295
0b000d01 0b00c701 10011 100 65484 2051175216 38019843 10018172
0b000201 0b00c901 10010 100 3043 2056413145 32863716 10012938
0b000d01 0b00cf01 10008 100 53214 2051115650 38170196 10017144
0b000201 0b00c901 10008 100 536960 2046949544 42342600 10057698
0b000c01 0b00c501 10006 100 37565 2053101557 36232957 10015831
0b000101 0b00c601 10010 100 28246 2063669491 25698446 10015051
0b000d01 0b00c401 10018 100 10512 2046872496 42516351 10013563
0b000601 0b00c501 10007 100 9286 2042090609 47304094 10013461
0b000501 0b00c601 10005 100 1106799 2020257763 69186758 10105474
0b000301 0b00c101 10008 100 189410 2066260903 23249704 10028562
0b000201 0b00cc01 10015 100 56181 2041258934 48271980 10017393
0b000c01 0b00c001 10015 100 550356 2050293935 39253601 10058824
0b000701 0b00c001 10011 100 9029 2054121896 35474074 10013440
0b000d01 0b00c601 10019 100 45460 2062043410 27575510 10016493
0b000301 0b00cb01 10020 100 70496 2072955787 16665890 10018592
0b000201 0b00c501 10006 100 26282 2042412473 47226079 10014886
0b000d01 0b00c601 10013 100 194103 2047405697 42253758 10028957
0b000001 0b00c301 10009 100 3162 2053171156 36512970 10012948
0b000301 0b00c401 10020 100 68890 2065671503 24082870 10018456
0b000e01 0b00ce01 10013 100 24363 2056395027 33373506 10014725
0b000b01 0b00ca01 10009 100 874056 2048118720 41662281 10085964
0b000301 0b00cd01 10007 100 23613 2039362495 50433555 10014661
0b000001 0b00c501 10009 100 6239 2043364808 46433385 10013206
0b000001 0b00c801 10020 100 3050 2062894752 26950337 10012939
0b000501 0b00c001 10006 100 1405135 2020064468 69791863 10130489
0b000001 0b00c201 10013 100 35937 2067328616 22577050 10015693
0b000b01 0b00ca01 10011 100 5790 2054911699 35033627 10013166
0b000c01 0b00cb01 10007 100 33541 2046526789 43427986 10015493
0b000b01 0b00c101 10025 100 13535 2065540447 24423481 10013816
0b000a01 0b00ca01 10011 100 186458 2055935808 34042168 10028314
0b000001 0b00c401 10015 100 15266 2064024112 25955654 10013962
0b000a01 0b00c201 10009 100 47706 2041437597 48543876 10016680
0b000d01 0b00c801 10012 100 5347 2053890840 36120557 10013130
0b000d01 0b00c801 10011 100 27758 2053148957 36871977 10015008
0b000501 0b00c601 10021 100 39092 2062924178 27104437 10015960
0b000a01 0b00c701 10014 100 292672 2046344457 43732830 10037218
0b000e01 0b00cd01 10006 100 645048 2036984043 53101508 10066764
0b000001 0b00cc01 10004 100 1654066 2016468978 73672324 10151360
0b000401 0b00ce01 10013 100 49964 2055819642 34373505 10016869
0b000f01 0b00ca01 10021 100 761 2074699644 15496603 10012744
0b000b01 0b00ce01 10013 100 69066 2052844386 37357177 10018474
0b000601 0b00c301 10016 100 5647 2064057887 26147714 10013154
0b000d01 0b00cd01 10012 100 66307 2072290451 17920480 10018241
0b000201 0b00c401 10008 100 78844 2051456879 38762882 10019290
0b000701 0b00c701 10010 100 1000575 2025307184 64931963 10096569
0b000f01 0b00c101 10011 100 12993 2040014702 50267203 10013769
0b000701 0b00c501 10007 100 22455 2042911773 47393179 10014564
0b000301 0b00cb01 10010 100 4223 2044366623 45989195 10013037
0b000e01 0b00cb01 10005 100 1039410 2032852090 57508226 10099826
0b000901 0b00c601 10012 100 178189 2058996771 31364289 10027622
0b000101 0b00ca01 10006 100 11200 2047647508 42828007 10013622
0b000201 0b00c601 10011 100 7153 2047987718 42489341 10013282
0b000c01 0b00c901 10007 100 1114524 2022277991 68239695 10106123
0b000601 0b00ca01 10009 100 44453 2051677885 38909807 10016409
0b000601 0b00c101 10022 100 3858 2067368719 23245351 10013004
0b000901 0b00c301 10005 100 1383461 2022768339 67859385 10128671
0b000701 0b00c601 10020 100 22195 2066662718 23971840 10014543
0b000e01 0b00c901 10016 100 8403 2063798599 26867340 10013386
0b000101 0b00ce01 10015 100 2703 2066040372 24645199 10012907
0b000d01 0b00cc01 10016 100 41291 2062566390 28122234 10016144
0b000501 0b00c801 10011 100 152502 2051621304 39073529 10025467
0b000001 0b00c701 10012 100 54229 2047228969 43471925 10017229
0b000c01 0b00c401 10014 100 76769 2061849656 28889379 10019117
0b000401 0b00c901 10014 100 1010 2067983976 22788898 10012768
0b000501 0b00c001 10017 100 164059 2049659350 41151352 10026438
0b000401 0b00ce01 10003 100 1785592 2011279259 79571202 10162385
0b000201 0b00c001 10008 100 7270 2066083563 24808896 10013292
0b000601 0b00ce01 10012 100 45836 2052166927 38785839 10016523
0b000201 0b00c501 10007 100 58604 2043090850 47876678 10017594
0b000201 0b00c401 10006 100 65255 2042921144 48063749 10018153
0b000701 0b00c201 10012 100 27567 2064153209 26878562 10014992
0b000b01 0b00ce01 10010 100 66362 2042206858 48833997 10018246
0b000701 0b00cb01 10010 100 13858 2040995938 50046104 10013842
0b000201 0b00c201 10015 100 26347 2054099852 37013200 10014891
0b000101 0b00c501 10021 100 33672 2068079855 23055370 10015504
0b000101 0b00c701 10006 100 606752 2032675364 58464949 10063551
0b000a01 0b00c701 10013 100 77138 2046156515 45014202 10019150
0b000a01 0b00cd01 10018 100 6783 2065990815 25185074 10013249
0b000001 0b00c901 10022 100 20093 2076101458 15079567 10014368
0b000301 0b00ca01 10002 100 1693680 2018021655 73190857 10154679
0b000801 0b00c901 10011 100 5904 2042551555 48661981 10013175
0b000001 0b00cc01 10016 100 13519 2052834819 38387607 10013815
0b000901 0b00cc01 10010 100 55598 2051264891 39989979 10017342
0b000b01 0b00c101 10020 100 8947 2051849754 39409482 10013430
0b000301 0b00cb01 10011 100 12420 2051360203 39947017 10013723
0b000d01 0b00c501 10012 100 9524 2075464527 15860226 10013480
0b000601 0b00c101 10018 100 19886 2052998897 38344039 10014347
0b000101 0b00ce01 10013 100 78266 2045859743 45532202 10019244
0b000e01 0b00cf01 10004 100 1581373 2009766642 81626978 10145264
0b000a01 0b00cc01 10010 100 73983 2054652888 36768292 10018882
0b000801 0b00cb01 10012 100 25942 2066642326 24786286 10014855
0b000801 0b00c901 10016 100 21283 2066824671 24616061 10014467
0b000401 0b00cc01 10008 100 67025 2044105634 47350084 10018303
0b000401 0b00c301 10012 100 7624 2064613696 26862529 10013320
0b000001 0b00cf01 10003 100 1310957 2023542341 68002904 10122590
0b000a01 0b00cc01 10012 100 3498 2063908008 27665070 10012975
0b000601 0b00c401 10012 100 177964 2049431945 42154880 10027600
0b000b01 0b00c401 10014 100 931 2056761697 34827306 10012758
0b000e01 0b00c601 10006 100 55635 2054285253 37417233 10017345
0b000701 0b00c701 10017 100 76875 2047073698 44631151 10019125
0b000301 0b00c301 10015 100 7227 2064517488 27193805 10013288
0b000101 0b00cf01 10009 100 23253 2041058923 50654502 10014632
0b000101 0b00ca01 10005 100 9745 2041643439 50070220 10013498
0b000501 0b00ca01 10015 100 84857 2063292477 28474118 10019794
0b000f01 0b00c001 10016 100 38361 2055582502 36197933 10015898
0b000201 0b00cc01 10009 100 467937 2027675261 64108723 10051912
0b000701 0b00cd01 10010 100 54312 2054860784 36926393 10017236
0b000901 0b00cc01 10013 100 38226 2052640123 39174733 10015887
0b000901 0b00c801 10014 100 2602 2059069105 32814632 10012899
0b000c01 0b00c201 10020 100 412357 2052576292 39310801 10047254
0b000101 0b00c201 10007 100 7272 2066989758 24938584 10013292
0b000801 0b00cd01 10019 100 47287 2062650602 29368559 10016647
0b000201 0b00cf01 10017 100 53766 2063197946 28860683 10017188
0b000d01 0b00ca01 10005 100 30943 2044925774 47166344 10015274
0b000301 0b00ca01 10010 100 25521 2056748191 35355906 10014821
0b000e01 0b00c601 10007 100 27753 2054864446 37242245 10015007
0b000601 0b00ce01 10014 100 57897 2064194479 27955323 10017534
0b000201 0b00c001 10007 100 34409 2065244560 26906831 10015567
0b000a01 0b00cf01 10009 100 77865 2043116468 49036527 10019208
0b000501 0b00c601 10023 100 890 2065098917 27072743 10012755
0b000b01 0b00c001 10008 100 6447 2044809878 47374529 10013222
0b000501 0b00c901 10011 100 26817 2055909468 36292942 10014929
0b000001 0b00cf01 10013 100 3067 2067516334 24705363 10012940
0b000401 0b00c501 10018 100 6833 2068547929 23678875 10013253
0b000701 0b00c701 10015 100 43292 2041271813 50956232 10016312
0b000e01 0b00ce01 10015 100 875 2064695903 27578348 10012753
0b000b01 0b00c901 10011 100 64913 2043829398 48464869 10018122
0b000601 0b00cf01 10018 100 22269 2065590945 26703477 10014549
0b000201 0b00c801 10009 100 21499 2053414775 38901627 10014484
0b000801 0b00c001 10011 100 20315 2048691981 43625347 10014385
0b000001 0b00c701 10016 100 2133 2057472763 34860578 10012862
0b000a01 0b00c601 10014 100 2470 2067202957 25169303 10012889
0b000001 0b00c701 10014 100 23347 2055534168 36863491 10014639
0b000b01 0b00c801 10013 100 3540 2057299905 35100851 10012978
0b000701 0b00c701 10019 100 33191 2053764735 38669053 10015465
0b000d01 0b00c601 10015 100 198037 2053403767 39042875 10029287
0b000301 0b00cd01 10015 100 68048 2063855472 28596239 10018388
0b000c01 0b00cb01 10010 100 23184 2055188321 37280488 10014626
0b000601 0b00cb01 10003 100 1203509 2021956380 70548381 10113584
0b000201 0b00ce01 10014 100 2611 2067795315 24748586 10012900
0b000d01 0b00c401 10019 100 161619 2047971824 44603494 10026231
0b000a01 0b00cb01 10009 100 4417 2049368872 43211595 10013052
0b000501 0b00c701 10011 100 27328 2068259255 24327766 10014973
0b000f01 0b00c101 10004 100 1229856 2017930248 74695492 10115791
0b000601 0b00c501 10013 100 43956 2065297898 27354432 10016365
0b000c01 0b00ce01 10010 100 54411 2065101852 27551628 10017244
0b000401 0b00c001 10026 100 3343 2076101433 16564341 10012962
0b000d01 0b00c601 10021 100 30358 2066098365 26576864 10015227
0b000801 0b00ce01 10014 100 21342 2052780884 39919748 10014471
0b000501 0b00c401 10010 100 48569 2055509037 37227730 10016753
0b000e01 0b00ca01 10017 100 6673 2076660862 16080157 10013240
0b000d01 0b00ce01 10013 100 7004 2059333134 33422260 10013271
0b000701 0b00c101 10012 100 67394 2064515087 28246043 10018332
0b000201 0b00c901 10009 100 25198 2049553287 43231185 10014795
0b000001 0b00ce01 10010 100 58603 2066813622 26009449 10017594
0b000001 0b00c401 10008 100 184549 2038672196 54155842 10028154
0b000901 0b00c301 10016 100 91926 2076361787 16485347 10020387
0b000001 0b00c201 10012 100 564118 2060134135 32721593 10059979
0b000801 0b00c701 10014 100 3774 2053432084 39424739 10012997
0b000c01 0b00c301 10011 100 64710 2058007008 34851647 10018106
0b000c01 0b00ce01 10009 100 75320 2053847037 39030245 10018997
0b000901 0b00c901 10010 100 8231 2047563727 45367337 10013373
0b000401 0b00ca01 10017 100 31925 2065224122 27733766 10015356
0b000e01 0b00c201 10007 100 179980 2042822940 50170275 10027769
0b000501 0b00cc01 10019 100 24455 2066248589 26779569 10014732
0b000701 0b00c601 10023 100 6927 2076275487 16768390 10013261
0b000b01 0b00cb01 10014 100 6518 2071285774 21762729 10013228
0b000501 0b00c601 10013 100 56258 2045524127 47524421 10017399
0b000a01 0b00c901 10012 100 1028010 2025183589 67873502 10098872
0b000d01 0b00c801 10005 100 1594985 2018778822 74288880 10146403
0b000601 0b00c701 10014 100 34328 2066110243 26961945 10015560
0b000f01 0b00c201 10022 100 8852 2066500870 26628079 10013422
0b000d01 0b00c801 10010 100 32600 2052650027 40509422 10015414
0b000201 0b00c401 10013 100 8244 2078110360 15054854 10013374
0b000701 0b00c201 10010 100 37157 2054442241 38741331 10015798
0b000e01 0b00c901 10019 100 13479 2077083001 16101225 10013812
0b000901 0b00ca01 10016 100 943 2075724361 17474120 10012759
0b000901 0b00c101 10019 100 9396 2053645507 39658751 10013470
0b000201 0b00c501 10009 100 72631 2044666153 48675773 10018770
0b000001 0b00cf01 10000 100 2726323 2010798269 82576468 10241257
0b000e01 0b00c201 10002 100 2171271 2004743653 88664457 10194722
0b000801 0b00c901 10015 100 29529 2053365915 40145706 10015157
0b000901 0b00ca01 10000 100 2617000 2004734872 88838345 10232089
0b000e01 0b00c701 10007 100 129401 2051015784 42569786 10023531
0b000601 0b00c101 10012 100 61406 2044694928 48890908 10017830
0b000201 0b00c801 10010 100 19010 2056479513 37115722 10014277
0b000a01 0b00c901 10016 100 498471 2035967750 57628850 10054473
0b000901 0b00c501 10025 100 79794 2069147308 24600443 10019370
0b000b01 0b00cc01 10014 100 45433 2045550187 48210255 10016491
0b000201 0b00c201 10011 100 66257 2041643940 52186699 10018237
0b000501 0b00c401 10016 100 16340 2078055525 15782370 10014052
0b000801 0b00c201 10010 100 2703 2050756489 43100028 10012907
0b000701 0b00c301 10011 100 151689 2046197053 47676298 10025398
0b000001 0b00c101 10015 100 336355 2050405233 43471767 10040882
0b000401 0b00c201 10012 100 26589 2056330105 37547142 10014910
0b000501 0b00c501 10010 100 26090 2055503152 38409693 10014870
0b000301 0b00c601 10022 100 49485 2067773757 26169631 10016830
0b000601 0b00c901 10016 100 69141 2065972820 28030768 10018480
0b000901 0b00c201 10014 100 39233 2059643041 34366396 10015972
0b000901 0b00c901 10015 100 8091 2066242890 27767614 10013361
0b000401 0b00c701 10006 100 54298 2047331253 46730324 10017235
0b000301 0b00c601 10013 100 193759 2047649813 46431012 10028925
0b000c01 0b00c901 10012 100 36538 2046654365 47448221 10015745
0b000901 0b00c401 10014 100 75419 2065987429 28133799 10019005
0b000001 0b00cd01 10011 100 175474 2057027112 37122880 10027393
0b000901 0b00cc01 10004 100 983079 2030009122 64170832 10095104
0b000d01 0b00c201 10010 100 9575 2067256793 26948636 10013484
0b000101 0b00c401 10003 100 240282 2047508823 46736073 10032828
0b000f01 0b00c201 10016 100 78208 2049321899 44960884 10019240
0b000001 0b00c101 10017 100 5429 2069644160 24687373 10013137
0b000401 0b00c001 10013 100 21486 2046845912 47492556 10014483
0b000101 0b00cb01 10006 100 75981 2041806170 52561150 10019050
0b000f01 0b00cf01 10009 100 37510 2069391534 24977343 10015826
0b000301 0b00c801 10006 100 932181 2039866180 54538679 10090837
0b000a01 0b00cd01 10021 100 69453 2070471100 23945456 10018505
0b000e01 0b00c901 10020 100 18655 2078469494 15994191 10014245
0b000701 0b00cd01 10012 100 31933 2076529461 17951377 10015357
0b000801 0b00ce01 10018 100 12267 2065273180 29215112 10013711
0b000101 0b00ce01 10016 100 12765 2069672848 24846618 10013751
0b000101 0b00c101 10017 100 15946 2066999068 27526956 10014017
0b000e01 0b00cc01 10016 100 851423 2046463711 48065843 10084065
0b000101 0b00c901 10014 100 87212 2064184442 30413934 10019994
0b000c01 0b00ca01 10011 100 78457 2052321962 42315350 10019259
0b000201 0b00ce01 10002 100 1272884 2008252269 86387066 10119399
0b000501 0b00c901 10010 100 16526 2054864946 39824593 10014067
0b000c01 0b00cf01 10008 100 29299 2057388041 37312834 10015139
0b000401 0b00c901 10012 100 59795 2054248498 40461595 10017694
0b000b01 0b00cf01 10018 100 44692 2071716134 22996000 10016428
0b000901 0b00c801 10010 100 78842 2044808172 49913098 10019290
0b000501 0b00c601 10025 100 15900 2068945779 25813086 10014013
0b000101 0b00ca01 10012 100 3282 2061449511 33342430 10012957
0b000401 0b00cb01 10012 100 702746 2050846463 43951863 10071599
0b000d01 0b00ca01 10015 100 42143 2067733988 27079275 10016216
0b000801 0b00c601 10013 100 10341 2069437858 25408821 10013549
0b000401 0b00c601 10007 100 1018031 2036605935 58251548 10098035
0b000d01 0b00c801 10017 100 18842 2068165539 26692029 10014260
0b000901 0b00c501 10024 100 15 2067245112 27619508 10012685
0b000501 0b00ce01 10015 100 51196 2076274382 18605844 10016975
0b000601 0b00cd01 10012 100 10883 2067159731 27730303 10013592
0b000401 0b00c001 10020 100 50601 2058536988 36367238 10016923
0b000401 0b00ce01 10014 100 259489 2062283122 32626242 10034437
0b000b01 0b00c401 10018 100 24972 2070134492 24789946 10014773
0b000701 0b00c201 10001 100 1602082 2009930564 85024946 10147002
0b000a01 0b00cf01 10015 100 57666 2065364784 29593840 10017516
0b000601 0b00c801 10006 100 1335221 2019979171 74989043 10124627
0b000601 0b00cb01 10016 100 410801 2064738000 30236736 10047122
0b000401 0b00cb01 10017 100 63973 2058368177 36610980 10018043
0b000001 0b00c201 10018 100 27527 2077142688 17851806 10014989
0b000901 0b00cf01 10019 100 74618 2078877138 16151694 10018937
0b000a01 0b00c701 10011 100 739758 2040812412 54250009 10074702
0b000301 0b00cb01 10007 100 1563461 2025507622 69572593 10143762
0b000101 0b00cc01 10016 100 6949 2077773539 17347120 10013262
0b000101 0b00c501 10019 100 185146 2061591394 33550114 10028205
0b000701 0b00c701 10024 100 313346 2057201172 37998315 10038953
0b000101 0b00c301 10010 100 71056 2077487591 17771375 10018640
0b000701 0b00c301 10015 100 3189 2059942273 35320453 10012950
0b000001 0b00cd01 10013 100 24758 2077674431 17668264 10014756
0b000201 0b00cf01 10019 100 198570 2070992225 24427329 10029329
0b000401 0b00c301 10007 100 5132 2059713680 35762305 10013113
0b000401 0b00c401 10011 100 5009 2078503249 16990754 10013103
0b000301 0b00ca01 10019 100 70612 2077370570 18198145 10018601
0b000801 0b00c101 10017 100 9753 2067651419 27918394 10013498
0b000c01 0b00ca01 10014 100 37582 2069038300 26540141 10015832
0b000301 0b00cf01 10009 100 47039 2055236995 40441123 10016627
0b000301 0b00cd01 10018 100 13691 2080143586 15537367 10013829
0b000f01 0b00c301 10014 100 6491 2068591470 27091860 10013226
0b000101 0b00c901 10022 100 1044 2080730985 14970013 10012771
0b000401 0b00c801 10008 100 11399 2045847355 49853984 10013638
0b000301 0b00ce01 10012 100 70991 2066326284 29376125 10018631
0b000001 0b00c601 10010 100 18450 2068404812 27314681 10014228
0b000201 0b00c501 10012 100 5148 2059317989 36432342 10013114
0b000401 0b00c501 10013 100 33325 2056021735 39732213 10015476
0b000d01 0b00cd01 10008 100 48151 2058648670 37126952 10016720
0b000901 0b00c001 10015 100 381009 2053859058 41918509 10044627
0b000901 0b00c201 10016 100 119663 2070145651 25669986 10022713
0b000b01 0b00c401 10017 100 73596 2069202300 26617028 10018851
0b000e01 0b00c001 10016 100 12945 2080068749 15793910 10013765
0b000c01 0b00ce01 10015 100 26616 2079768040 16169225 10014912
0b000d01 0b00ce01 10015 100 191965 2062027812 33924588 10028774
0b000901 0b00c001 10012 100 70274 2050401148 45594914 10018574
0b000901 0b00c401 10013 100 5320 2057776287 38298347 10013128
0b000401 0b00c301 10009 100 59219 2060655221 35470045 10017647
0b000d01 0b00cc01 10014 100 445772 2054537786 41616682 10050054
0b000801 0b00c101 10019 100 50817 2070640495 25532158 10016941
0b000d01 0b00c001 10013 100 18703 2056417070 39769848 10014249
0b000c01 0b00ce01 10016 100 1979 2080861812 15357599 10012846
0b000601 0b00c501 10009 100 34131 2048044132 48187214 10015544
0b000c01 0b00ca01 10013 100 25682 2068263979 28009674 10014834
0b000d01 0b00c001 10005 100 693106 2030231076 66059573 10070793
0b000a01 0b00cf01 10019 100 77315 2076262052 20028845 10019164
0b000b01 0b00c501 10006 100 25961 2046691774 49631706 10014856
0b000a01 0b00c501 10012 100 9251 2068416501 27915154 10013458
0b000301 0b00c001 10011 100 5398 2060329823 36005462 10013134
0b000501 0b00c701 10012 100 7621 2068533696 27816527 10013320
0b000b01 0b00cc01 10016 100 53379 2065818869 30536440 10017157
0b000001 0b00cb01 10009 100 164720 2059434679 36934127 10026491
0b000f01 0b00c701 10012 100 19761 2079025557 17363798 10014337
0b000a01 0b00cd01 10019 100 56158 2066732768 29663949 10017391
0b000801 0b00ce01 10012 100 37768 2046489472 49922618 10015847
0b000101 0b00c301 10005 100 849634 2028853052 67570438 10083914
0b000a01 0b00cf01 10006 100 1537438 2019900282 76550851 10141580
0b000501 0b00c201 10007 100 631 2071243069 25230116 10012734
0b000401 0b00cb01 10019 100 33771 2071317683 25181676 10015512
0b000f01 0b00c001 10019 100 25317 2069899353 26601049 10014805
0b000201 0b00c101 10021 100 76004 2077795025 18732171 10019056
0b000101 0b00ca01 10016 100 5171 2081325770 15261534 10013116
0b000801 0b00c201 10017 100 5478 2074594900 22001475 10013141
0b000a01 0b00c101 10011 100 535338 2054401384 42212888 10057565
0b000301 0b00c301 10009 100 446366 2048166455 48470109 10050105
0b000101 0b00ce01 10018 100 56111 2079437752 17282707 10017387
0b000a01 0b00c601 10015 100 40821 2070113638 26640186 10016103
0b000001 0b00ca01 10015 100 19416 2067933044 28828830 10014310
0b000b01 0b00cd01 10011 100 32450 2070602109 26162383 10015402
0b000a01 0b00ce01 10012 100 78312 2069849410 26938946 10019248
0b000501 0b00cb01 10012 100 431571 2045218950 51569662 10048864
0b000a01 0b00c901 10025 100 43975 2070059484 26750033 10016366
0b000e01 0b00c901 10010 100 197906 2052603196 44217290 10029272
0b000e01 0b00cf01 10019 100 78398 2045453288 51370258 10019255
0b000d01 0b00ca01 10011 100 52443 2055887989 40945215 10017078
0b000501 0b00c001 10018 100 45722 2049893754 46970895 10016514
0b000c01 0b00ce01 10006 100 133779 2046831839 50101143 10023896
0b000101 0b00cb01 10012 100 51153 2055476869 41505176 10016971
0b000901 0b00cb01 10013 100 22005 2072158270 24851145 10014528
0b000201 0b00c401 10009 100 21885 2058147992 38866890 10014515
0b000601 0b00cb01 10014 100 715 2062023385 35030315 10012741
0b000801 0b00ce01 10015 100 23599 2056855207 40200855 10014660
0b000a01 0b00cd01 10010 100 17725 2047579044 49493385 10014167
0b000c01 0b00c401 10013 100 35160 2060424419 36656422 10015631
0b000901 0b00c801 10007 100 1408319 2022888087 74215013 10130756
0b000501 0b00c901 10005 100 767801 2036149324 60997033 10077053
0b000f01 0b00c101 10013 100 30222 2053314283 43839081 10015216
0b000d01 0b00cc01 10015 100 32974 2060635201 36521744 10015444
0b000301 0b00c601 10023 100 72577 2076727038 20433749 10018766
0b000001 0b00cc01 10021 100 5703 2070168972 27050217 10013159
0b000701 0b00c701 10021 100 49021 2056534119 40738857 10016793
0b000501 0b00c601 10030 100 3004 2081568857 15729726 10012935
0b000d01 0b00c801 10013 100 137902 2059041026 38303548 10024242
0b000101 0b00cb01 10018 100 11864 2072348455 25016256 10013675
0b000901 0b00c301 10011 100 236332 2060738435 36651040 10032496
0b000901 0b00ce01 10018 100 47402 2066517686 30873466 10016656
0b000101 0b00c601 10011 100 914 2064080693 33312487 10012756
0b000801 0b00c701 10020 100 73063 2067384060 30036936 10018809
0b000b01 0b00c001 10011 100 71619 2050444865 46988841 10018686
0b000c01 0b00c401 10018 100 55842 2072332917 25112974 10017362
0b000c01 0b00c801 10015 100 7484 2073715802 23766531 10013309
0b000c01 0b00c601 10019 100 121230 2067153360 30353819 10022846
0b000401 0b00c901 10016 100 8613 2070936933 26583456 10013403
0b000a01 0b00c101 10009 100 188 2048378154 49143609 10012698
0b000c01 0b00cc01 10013 100 62795 2060068150 37479903 10017945
0b000f01 0b00c101 10015 100 283761 2059142872 38418626 10036471
0b000401 0b00c001 10024 100 44028 2069792844 27773298 10016375
0b000d01 0b00c301 10018 100 9364 2050738217 46835824 10013467
0b000b01 0b00cc01 10018 100 23087 2069274798 28313479 10014619
0b000e01 0b00c401 10007 100 181321 2055871369 41736482 10027884
0b000101 0b00c701 10012 100 89962 2047689118 49938826 10020222
0b000d01 0b00cb01 10010 100 26546 2057941893 39699102 10014907
0b000201 0b00c001 10006 100 12324 2050738622 46911654 10013715
0b000f01 0b00c601 10003 100 1746923 2012900045 84760420 10159142
0b000f01 0b00ca01 10014 100 44787 2057090070 40573633 10016435
0b000501 0b00cb01 10015 100 586148 2055034298 42638510 10061825
0b000701 0b00c101 10010 100 57108 2058079771 39597750 10017471
0b000e01 0b00cd01 10009 100 79827 2049770559 47951279 10019373
0b000b01 0b00c701 10009 100 22001 2071825666 25914158 10014528
0b000301 0b00c401 10016 100 104512 2059945502 37824313 10021444
0b000e01 0b00c501 10001 100 1950948 2008818124 88990645 10176247
0b000101 0b00c601 10014 100 75515 2077591673 20219379 10019013
0b000801 0b00cc01 10012 100 4343 2048613415 49200310 10013046
0b000a01 0b00c601 10009 100 722477 2035075316 62751901 10073254
0b000201 0b00c801 10012 100 56780 2059342208 38497039 10017441
0b000601 0b00ce01 10015 100 8033 2070843250 27000666 10013357
0b000901 0b00c401 10011 100 542816 2049822808 48022187 10058190
0b000f01 0b00c101 10017 100 56191 2060443381 37405897 10017394
0b000f01 0b00c901 10022 100 11150 2071653813 26211210 10013618
0b000101 0b00cd01 10021 100 58453 2070918291 26954603 10017582
0b000c01 0b00c601 10009 100 967333 2035029477 62890710 10093783
0b000201 0b00ca01 10013 100 15464 2075017080 22923823 10013978
0b000b01 0b00c301 10023 100 175484 2068077788 29874268 10027394
0b000101 0b00c501 10013 100 40344 2046518945 51439259 10016064
0b000c01 0b00cf01 10006 100 79940 2049464237 48501914 10019382
0b000f01 0b00ca01 10005 100 1383671 2017852582 80122342 10128688
0b000101 0b00cb01 10013 100 9514 2058187694 39788500 10013479
0b000b01 0b00ca01 10012 100 4381 2055162453 42817578 10013049
0b000501 0b00c301 10015 100 4895 2074912374 23068639 10013090
0b000101 0b00c901 10020 100 22326 2079965499 18032478 10014554
0b000001 0b00cc01 10019 100 46065 2061715759 36318183 10016545
0b000b01 0b00cf01 10010 100 26778 2050508005 47582020 10014925
0b000201 0b00c901 10013 100 8141 2070846116 27245688 10013365
0b000801 0b00cd01 10023 100 44101 2078326617 19780782 10016380
0b000c01 0b00cb01 10014 100 83406 2072105501 26097318 10019675
0b000001 0b00cb01 10008 100 5844 2055183299 43061816 10013170
0b000301 0b00c301 10014 100 361 2059009414 39255322 10012712
0b000001 0b00cc01 10015 100 317550 2051695191 46627694 10039305
0b000601 0b00c101 10017 100 10140 2052310954 46022087 10013533
0b000301 0b00c601 10017 100 31625 2054957566 43418458 10015332
0b000001 0b00ca01 10008 100 804700 2038080558 60340831 10080147
0b000b01 0b00c001 10016 100 20033 2083122638 15300643 10014363
0b000701 0b00c901 10011 100 484 2052963828 45473288 10012722
0b000b01 0b00c301 10024 100 73509 2070375148 28097957 10018844
0b000701 0b00cf01 10011 100 8989 2059595562 38897395 10013433
0b000801 0b00c701 10021 100 29149 2070047510 28493261 10015127
0b000601 0b00c901 10020 100 48918 2081087836 17472572 10016781
0b000601 0b00ca01 10015 100 41286 2070812249 27752282 10016144
0b000001 0b00c801 10016 100 47792 2059566821 39001424 10016687
0b000901 0b00c001 10017 100 134028 2068339544 30250205 10023920
0b000a01 0b00cf01 10014 100 27056 2061684993 36928088 10014952
0b000101 0b00c501 10018 100 312736 2059113883 39509181 10038900
0b000801 0b00c501 10019 100 1911 2080666534 17967511 10012840
0b000c01 0b00cb01 10015 100 7751 2075033717 23601923 10013330
0b000801 0b00cd01 10012 100 1166852 2033629769 65006928 10110509
0b000601 0b00c001 10022 100 32966 2072436800 26212587 10015444
0b000e01 0b00c101 10021 100 73363 2070258568 28404960 10018833
0b000d01 0b00c301 10023 100 17685 2064229108 34438842 10014163
0b000a01 0b00cc01 10009 100 19197 2048979479 49690697 10014292
0b000401 0b00cd01 10012 100 6891 2081562777 17109879 10013258
0b000d01 0b00c101 10013 100 47186 2061594064 37105053 10016639
0b000301 0b00c001 10015 100 5365 2071470415 27240110 10013132
0b000c01 0b00cd01 10014 100 190751 2067755002 30963881 10028673
0b000501 0b00cf01 10008 100 990078 2032683621 66076993 10095691
0b000201 0b00c901 10003 100 1280765 2012304274 86465347 10120060
0b000f01 0b00cb01 10014 100 47548 2063065968 35718805 10016668
0b000b01 0b00ca01 10013 100 34857 2055248041 43545270 10015602
0b000b01 0b00cd01 10012 100 255146 2076326234 22510696 10034074
0b000901 0b00c801 10017 100 147823 2069885154 28955265 10025074
0b000401 0b00c201 10011 100 18035 2055257892 43615684 10014195
0b000b01 0b00c201 10006 100 21110 2052830377 46045703 10014453
0b000f01 0b00c601 10013 100 24018 2061152322 37739772 10014697
0b000f01 0b00c001 10020 100 9486 2074856794 24126711 10013477
0b000901 0b00c801 10012 100 463 2051966514 47034761 10012720
0b000e01 0b00c901 10017 100 118688 2069191153 29833581 10022632
0b000701 0b00c301 10018 100 1038 2072595869 26507516 10012770
0b000601 0b00cf01 10017 100 27632 2063757949 35372671 10014998
0b000001 0b00c101 10018 100 71583 2072454019 26746242 10018683
0b000801 0b00c401 10012 100 9895 2052229897 46975280 10013510
0b000b01 0b00c001 10012 100 6489 2056283775 42945085 10013226
0b000e01 0b00c301 10004 100 699514 2040944393 58318271 10071329
0b000e01 0b00c001 10014 100 44260 2060254589 39028585 10016393
0b000901 0b00c901 10017 100 54186 2069521502 29766840 10017226
0b000301 0b00c901 10006 100 116813 2057919710 41539039 10022474
0b000401 0b00cd01 10007 100 70900 2060440131 39024512 10018624
0b000501 0b00c401 10012 100 32845 2061247783 38224967 10015434
0b000701 0b00c801 10015 100 560242 2045990951 53498840 10059653
0b000201 0b00c201 10018 100 9780 2070585319 28912494 10013500
0b000f01 0b00ca01 10015 100 51023 2058694500 40817267 10016961
0b000201 0b00ca01 10019 100 20965 2083474602 16120213 10014437
0b000201 0b00c301 10011 100 39197 2048631721 50971062 10015969
0b000f01 0b00c401 10012 100 394356 2057777112 41832254 10045745
0b000f01 0b00ca01 10020 100 25360 2072682357 26967201 10014808
0b000e01 0b00c101 10022 100 34121 2074931647 24755323 10015544
0b000101 0b00c701 10018 100 25815 2074078774 25612551 10014845
0b000c01 0b00c801 10013 100 95650 2062804952 36899782 10020700
0b000a01 0b00c901 10027 100 62967 2075990121 23748052 10017959
0b000801 0b00c401 10015 100 183028 2068268462 31492256 10028028
0b000f01 0b00c201 10013 100 81203 2047124194 52653793 10019491
0b000001 0b00c901 10024 100 27792 2081398016 18406744 10015010
0b000001 0b00c801 10024 100 32715 2076470819 23385377 10015423
0b000001 0b00ca01 10018 100 73504 2075303202 24585756 10018844
0b000301 0b00cb01 10019 100 2903 2072798269 27105522 10012923
0b000901 0b00c901 10016 100 117366 2067934243 31975617 10022522
0b000d01 0b00c501 10011 100 73867 2070063708 30015914 10018873
0b000101 0b00c701 10013 100 28610 2052848666 47246016 10015080
0b000501 0b00c701 10008 100 72863 2059438962 40717054 10018789
0b000301 0b00c601 10016 100 3754 2053716566 46454004 10012995
0b000001 0b00c901 10016 100 2280 2053730664 46453483 10012873
0b000e01 0b00ce01 10012 100 97557 2051493827 48738822 10020860
0b000a01 0b00c901 10031 100 39215 2084194049 16074623 10015970
0b000001 0b00c001 10012 100 54772 2073856876 26415074 10017272
0b000001 0b00ca01 10019 100 85446 2080133690 20138344 10019845
0b000d01 0b00c801 10007 100 758735 2042932425 57348814 10076293
0b000401 0b00c801 10012 100 5818 2065334733 34948345 10013168
0b000001 0b00c201 10017 100 36913 2076717466 23570994 10015775
0b000001 0b00cb01 10010 100 69367 2064977422 35330168 10018498
0b000301 0b00ca01 10016 100 23438 2073352739 26978042 10014647
0b000801 0b00c701 10018 100 21174 2060066919 40309574 10014458
0b000601 0b00c601 10003 100 1701433 2014003810 86420784 10155330
0b000b01 0b00cb01 10015 100 42567 2075078575 25365620 10016250
0b000d01 0b00c001 10019 100 60729 2072474961 27983275 10017772
0b000601 0b00c001 10018 100 6221 2054888191 45578303 10013204
0b000d01 0b00c101 10007 100 831516 2041439356 59102300 10082396
0b000201 0b00c801 10014 100 22283 2076961099 23582040 10014550
0b000d01 0b00c201 10009 100 19225 2053544577 47032857 10014294
0b000c01 0b00c501 10009 100 134627 2059656508 40944054 10023968
0b000d01 0b00cd01 10006 100 225072 2056529027 44074800 10031553
0b000301 0b00cb01 10013 100 30228 2053772370 46836411 10015217
0b000101 0b00c901 10013 100 8528 2063839193 36810250 10013396
0b000001 0b00c201 10014 100 375333 2068045892 32604628 10044150
0b000101 0b00cd01 10023 100 56195 2081067940 19605827 10017394
0b000601 0b00c801 10021 100 72773 2081365518 19353886 10018782
0b000801 0b00c201 10011 100 4156 2051476726 49260292 10013031
0b000701 0b00c601 10022 100 24402 2074658920 26090506 10014728
0b000401 0b00cd01 10005 100 1457498 2033877937 66907115 10134878
0b000c01 0b00c301 10015 100 21563 2076318904 24486030 10014489
0b000301 0b00c001 10010 100 49231 2050253799 50621153 10016810
0b000201 0b00c101 10009 100 384711 2038234536 62646881 10044935
0b000f01 0b00cd01 10017 100 48731 2073081156 27815473 10016766
0b000b01 0b00c401 10015 100 4264 2065701817 35239115 10013040
0b000d01 0b00ce01 10014 100 58435 2060311820 40718595 10017581
0b000f01 0b00c401 10008 100 7407 2054409505 46633598 10013303
0b000a01 0b00cc01 10015 100 13903 2076413255 24641432 10013846
0b000a01 0b00c201 10013 100 65035 2065545187 35547033 10018136
0b000e01 0b00c601 10010 100 46271 2073795173 27299561 10016562
0b000d01 0b00c901 10021 100 4561 2077358418 23752855 10013064
0b000f01 0b00c201 10010 100 686097 2040586288 60571080 10070205
0b000e01 0b00c001 10017 100 5618 2085820723 15364797 10013152
0b000f01 0b00cf01 10010 100 126573 2071854799 29343177 10023293
0b000701 0b00c601 10009 100 1002272 2026965258 74233473 10096713
0b000601 0b00c201 10009 100 37520 2062437910 38803636 10015827
0b000301 0b00c601 10003 100 1805872 2016466664 84833694 10164084
0b000301 0b00c001 10016 100 21713 2074265870 27048541 10014501
0b000101 0b00cc01 10013 100 53145 2061136798 40214132 10017138
0b000b01 0b00cf01 10016 100 6479 2065029180 36375297 10013225
0b000501 0b00cc01 10018 100 606527 2056431662 44994746 10063533
0b000f01 0b00c601 10017 100 47478 2075204773 26241047 10016662
0b000c01 0b00cf01 10003 100 1003181 2035317465 66129088 10096789
0b000101 0b00ca01 10002 100 1116748 2023602427 77872980 10106309
0b000d01 0b00c101 10005 100 1239559 2031507297 69968622 10116606
0b000201 0b00c901 10014 100 2685 2074486729 27076858 10012906
0b000e01 0b00ca01 10016 100 27009 2074868955 26696031 10014948
0b000701 0b00ca01 10009 100 81737 2060462720 41118607 10019533
0b000801 0b00cb01 10011 100 6755 2055037464 46638853 10013247
0b000b01 0b00c101 10019 100 162964 2051776873 49953709 10026343
0b000d01 0b00ca01 10009 100 33206 2050936710 50809465 10015467
0b000901 0b00c001 10013 100 550250 2052492716 49281078 10058815
0b000401 0b00c701 10014 100 21215 2075815933 25983857 10014461
0b000601 0b00cd01 10011 100 37772 2062942528 38878740 10015847
0b000a01 0b00cf01 10020 100 3558 2079609914 22215445 10012980
0b000501 0b00c601 10028 100 60945 2076264745 25573005 10017789
0b000401 0b00ca01 10011 100 954184 2034833449 67012759 10092681
0b000401 0b00c101 10003 100 1488164 2019720210 82132388 10137450
0b000501 0b00c801 10012 100 126031 2052052750 49865179 10023250
0b000601 0b00c801 10020 100 179937 2079854824 22067830 10027766
0b000e01 0b00cf01 10022 100 16175 2058332093 43618984 10014039
0b000001 0b00c201 10019 100 1339 2077236746 24745063 10012794
0b000801 0b00cb01 10010 100 151088 2054499018 47486613 10025350
0b000901 0b00ca01 10014 100 26591 2065112313 36971102 10014910
0b000201 0b00cd01 10012 100 11780 2072931474 29156090 10013668
0b000d01 0b00cf01 10011 100 46208 2061871119 40216851 10016557
0b000b01 0b00c901 10012 100 40797 2051914023 50227680 10016101
0b000f01 0b00ce01 10013 100 61225 2064359629 37789738 10017816
0b000a01 0b00c201 10012 100 25668 2062605544 39546008 10014833
0b000101 0b00c401 10009 100 74327 2060936835 41220784 10018914
0b000b01 0b00cc01 10015 100 97684 2050879203 51300865 10020871
0b000a01 0b00c301 10014 100 9969 2052700821 49499819 10013515
0b000901 0b00c601 10015 100 11685 2076326472 25899732 10013660
0b000601 0b00cb01 10011 100 902623 2042529002 59702816 10088357
0b000d01 0b00c401 10025 100 24276 2065929589 36326804 10014718
0b000801 0b00c701 10022 100 47188 2076198395 26075934 10016639
0b000501 0b00ca01 10006 100 1353528 2020897816 81421334 10126161
0b000701 0b00c001 10016 100 7738 2075089676 27242495 10013329
0b000801 0b00c501 10014 100 107268 2061534478 40815126 10021676
0b000101 0b00c401 10005 100 163721 2048784029 53568043 10026407
0b000c01 0b00c601 10018 100 368908 2066259991 36107140 10043609
0b000a01 0b00cd01 10023 100 65319 2081649710 20758435 10018158
0b000d01 0b00c001 10021 100 17369 2076164776 26254783 10014138
0b000201 0b00c101 10017 100 49747 2064015916 38404379 10016851
0b000801 0b00c501 10016 100 2337 2074884291 27616567 10012878
0b000f01 0b00ca01 10022 100 1094 2078232480 24309332 10012775
0b000a01 0b00cc01 10016 100 173725 2081258570 21288424 10027246
0b000a01 0b00ca01 10013 100 16711 2068776447 33770689 10014082
0b000201 0b00c601 10004 100 1183567 2014454071 88096179 10111911
0b000b01 0b00c801 10004 100 1928573 2018307924 84257118 10174373
0b000c01 0b00c701 10018 100 76761 2074709760 27857740 10019116
0b000301 0b00c201 10015 100 186811 2072518957 30057961 10028342
0b000501 0b00c701 10016 100 216114 2078350272 24233254 10030802
0b000501 0b00cd01 10020 100 4844 2077303673 25298353 10013086
0b000d01 0b00c801 10019 100 52536 2076634360 25973689 10017086
0b000601 0b00c301 10019 100 4021 2076029054 26591585 10013020
0b000501 0b00cd01 10013 100 35258 2056004075 46656537 10015638
0b000301 0b00c301 10013 100 39560 2058915535 43751420 10015998
0b000301 0b00cd01 10014 100 1005 2056219537 46489051 10012768
0b000f01 0b00ce01 10017 100 63426 2075628921 27118160 10017999
0b000801 0b00c701 10023 100 20889 2077857131 24976088 10014431
0b000e01 0b00c301 10007 100 73433 2062839176 40033390 10018838
0b000101 0b00cf01 10011 100 60920 2063740377 39136975 10017787
0b000301 0b00c401 10024 100 546 2087228305 15722577 10012727
0b000c01 0b00cd01 10015 100 177039 2074201187 28761327 10027526
0b000b01 0b00c301 10018 100 552721 2058053681 44920008 10059021
0b000c01 0b00c901 10020 100 6519 2087523345 15505843 10013228
0b000801 0b00ca01 10019 100 15463 2087061711 15987099 10013978
0b000701 0b00c801 10021 100 53366 2073720156 29385346 10017156
0b000101 0b00c901 10016 100 32127 2077062997 26125746 10015376
0b000801 0b00ce01 10020 100 2424 2079002129 24210323 10012885
0b000501 0b00cd01 10019 100 2021 2076826431 26399855 10012853
0b000d01 0b00c101 10019 100 2642 2077565037 25668777 10012902
0b000801 0b00ca01 10014 100 7369 2067112685 36126690 10013300
0b000001 0b00cf01 10009 100 100914 2054454401 48817811 10021140
0b000401 0b00c001 10028 100 26 2086353144 16969571 10012685
0b000d01 0b00ce01 10017 100 70653 2065339128 38050778 10018604
0b000901 0b00cc01 10011 100 681723 2051361065 52031856 10069836
0b000f01 0b00cf01 10007 100 359525 2063653226 39765634 10042824
0b000301 0b00c901 10012 100 26030 2075507711 27937516 10014866
0b000101 0b00c601 10015 100 69226 2077653027 25803588 10018486
0b000001 0b00c601 10009 100 4506 2053753633 49743027 10013059
0b000501 0b00c001 10021 100 24885 2064930937 38566207 10014766
0b000f01 0b00ce01 10018 100 27680 2079038676 24460880 10015001
0b000e01 0b00c101 10002 100 2588528 2003162408 100364642 10229704
0b000a01 0b00c501 10010 100 29250 2056329535 47211517 10015135
0b000701 0b00c001 10017 100 32540 2075299456 28250901 10015409
0b000801 0b00c101 10006 100 1599084 2020170005 83380773 10146750
0b000901 0b00c801 10016 100 503636 2068493521 35079460 10054906
0b000a01 0b00c001 10016 100 73796 2065628616 37949462 10018867
0b000801 0b00c401 10020 100 29409 2076675512 26915961 10015147
0b000e01 0b00c801 10014 100 68159 2064605763 38995633 10018397
0b000e01 0b00c901 10014 100 25648 2059688347 43914040 10014831
0b000301 0b00c901 10009 100 54559 2065677700 37969265 10017255
0b000101 0b00cf01 10005 100 1469684 2018201812 85484919 10135899
0b000701 0b00c601 10015 100 53101 2056211656 47498712 10017135
0b000501 0b00c601 10022 100 25079 2065045543 38687806 10014786
0b000401 0b00ce01 10015 100 75732 2064591666 39168563 10019030
0b000801 0b00cd01 10024 100 6483 2079259911 24505525 10013225
0b000501 0b00c801 10013 100 27845 2079418029 24353802 10015015
0b000901 0b00c501 10029 100 47147 2083858182 19931052 10016636
0b000a01 0b00c601 10001 100 2331381 2008086887 95811699 10208145
0b000d01 0b00ce01 10019 100 20576 2065916320 37991605 10014406
0b000b01 0b00c401 10016 100 164721 2069201656 34740242 10026491
0b000b01 0b00c001 10015 100 8807 2079629048 24368514 10013419
0b000c01 0b00c601 10024 100 3994 2079434180 24572661 10013014
0b000801 0b00c501 10020 100 21391 2080765010 23257820 10014475
0b000b01 0b00cf01 10014 100 72865 2056081471 47957022 10018789
0b000601 0b00c401 10020 100 9491 2078555533 25490807 10013477
0b000201 0b00c701 10011 100 24464 2053501847 50558158 10014733
0b000c01 0b00cc01 10005 100 1295836 2024636097 79430688 10121323
0b000101 0b00cf01 10015 100 25476 2078344559 25755340 10014817
0b000901 0b00cf01 10008 100 1536547 2022345554 81758796 10141505
0b000c01 0b00c201 10021 100 8915 2054237826 49877046 10013427
0b000c01 0b00c101 10016 100 195209 2059932029 44191904 10029049
0b000101 0b00cc01 10018 100 29705 2078284749 25955036 10015171
0b000f01 0b00c701 10005 100 1266783 2021504252 82741984 10118887
0b000001 0b00cb01 10013 100 63095 2077604159 26650261 10017973
0b000f01 0b00c901 10016 100 23485 2053991127 50271118 10014650
0b000301 0b00ca01 10013 100 5422 2061042924 43249795 10013136
0b000601 0b00c801 10017 100 30037 2054497855 49825482 10015202
0b000a01 0b00c901 10026 100 51940 2073174455 31164229 10017034
0b000a01 0b00c701 10020 100 27487 2076092500 28251583 10014986
0b000c01 0b00c601 10022 100 5031 2078737690 25613138 10013105
0b000401 0b00c301 10008 100 18370 2060046513 44325838 10014222
0b000101 0b00c901 10017 100 6522 2077193303 27215360 10013228
0b000601 0b00cd01 10009 100 192829 2051219708 53190499 10028847
0b000b01 0b00c601 10013 100 66830 2068748288 35687298 10018283
0b000401 0b00c501 10016 100 4088 2066664691 37777249 10013026
0b000101 0b00c901 10012 100 52626 2063388134 41086374 10017093
0b000b01 0b00ce01 10014 100 75744 2053378737 51107040 10019031
0b000101 0b00cc01 10014 100 64801 2075051297 29474828 10018113
0b000001 0b00cf01 10011 100 141931 2062342323 42199208 10024579
0b000c01 0b00c801 10012 100 39437 2057614597 46934093 10015988
0b000a01 0b00c301 10016 100 148721 2060907684 43675984 10025149
0b000501 0b00c201 10008 100 4302 2076087541 28516038 10013043
0b000401 0b00c001 10016 100 735000 2054812284 49804373 10074302
0b000001 0b00c101 10020 100 6217 2079780411 24869632 10013204
0b000101 0b00c701 10009 100 470461 2039526144 65124096 10052125
0b000201 0b00c501 10011 100 41298 2056861378 47800539 10016145
0b000101 0b00c501 10012 100 231180 2045075070 59612754 10032065
0b000a01 0b00c501 10009 100 7745 2055217881 49524091 10013330
0b000901 0b00c601 10014 100 17750 2074760659 29990261 10014169
0b000401 0b00c901 10019 100 40804 2086468673 18305096 10016101
0b000501 0b00c501 10016 100 19004 2077706676 27160837 10014277
0b000d01 0b00c701 10013 100 40424 2066094264 38782343 10016071
0b000601 0b00c101 10003 100 1830959 2014713674 90172925 10166187
0b000c01 0b00ca01 10015 100 71829 2077525169 27439494 10018702
0b000901 0b00c901 10012 100 55603 2053531852 51437369 10017343
0b000901 0b00cb01 10010 100 28344 2057924177 47048313 10015058
0b000d01 0b00c701 10015 100 7578 2067507814 37486929 10013316
0b000201 0b00c101 10023 100 21403 2080978184 24074043 10014476
0b000a01 0b00c101 10012 100 22497 2061536778 43600345 10014568
0b000b01 0b00c701 10011 100 2243 2077560512 27579365 10012870
0b000901 0b00cc01 10014 100 330557 2056868210 48436433 10040395
0b000b01 0b00c101 10030 100 10535 2080865331 24478127 10013565
0b000401 0b00c401 10006 100 25000 2060801785 44545117 10014776
0b000101 0b00c901 10018 100 31282 2079328893 26049140 10015305
0b000101 0b00cf01 10014 100 44961 2076756352 28663940 10016449
0b000701 0b00cf01 10010 100 47306 2058272445 47150142 10016648
0b000d01 0b00c801 10016 100 24915 2066308097 39128463 10014769
0b000201 0b00c801 10011 100 3716 2058916206 46545769 10012992
0b000601 0b00ca01 10016 100 353 2079033132 26461381 10012712
0b000a01 0b00c701 10021 100 49388 2076631574 28943505 10016823
0b000801 0b00c401 10017 100 75784 2075293484 30312376 10019034
0b000101 0b00c401 10015 100 56123 2085463386 20154254 10017388
0b000b01 0b00cf01 10021 100 37678 2081914711 23714144 10015840
0b000d01 0b00ce01 10028 100 23304 2086635374 19006124 10014636
0b000101 0b00c501 10020 100 8160 2062039529 43617894 10013367
0b000601 0b00c401 10017 100 315990 2057185395 48472808 10039172
0b000f01 0b00c601 10016 100 188066 2070861180 34804635 10028451
0b000201 0b00cc01 10022 100 21826 2081680557 23993120 10014510
0b000c01 0b00c601 10021 100 41391 2078189016 27499699 10016152
0b000c01 0b00c101 10017 100 43094 2069558053 36158455 10016296
0b000d01 0b00c701 10014 100 15239 2067042740 38695553 10013960
0b000801 0b00c901 10019 100 76472 2078534413 27250481 10019093
0b000501 0b00ca01 10017 100 8748 2068800304 37103838 10013414
0b000d01 0b00ce01 10020 100 250327 2071273584 34635351 10033670
0b000b01 0b00c601 10017 100 4749 2083360257 22585767 10013079
0b000f01 0b00c301 10005 100 829517 2031182305 74788853 10082228
0b000701 0b00cb01 10007 100 1082783 2035937161 70036763 10103461
0b000d01 0b00c901 10020 100 55295 2067058756 38924715 10017318
0b000801 0b00c601 10012 100 37452 2061858908 44170150 10015822
0b000d01 0b00c001 10009 100 671204 2040732650 65318404 10068956
0b000101 0b00c901 10025 100 4117 2082657080 23417226 10013028
0b000b01 0b00cc01 10019 100 6797 2070495440 35587679 10013250
0b000501 0b00c501 10015 100 62648 2077343045 28751421 10017933
0b000201 0b00c201 10019 100 137011 2073816664 32379677 10024170
0b000501 0b00c601 10014 100 605369 2048133414 58211225 10063436
0b000f01 0b00c501 10022 100 241940 2069368353 36999488 10032964
0b000401 0b00cd01 10006 100 9286 2057339392 49048702 10013461
0b000a01 0b00cb01 10011 100 168725 2064656090 41779254 10026826
0b000101 0b00c701 10021 100 4207 2079534361 26948276 10013035
0b000701 0b00c401 10015 100 6485 2057566221 48916900 10013225
0b000701 0b00c601 10016 100 38987 2057808705 48709848 10015948
0b000801 0b00c401 10021 100 36607 2080995119 25551193 10015750
0b000e01 0b00cf01 10025 100 10090 2080011274 26570449 10013529
0b000f01 0b00c101 10020 100 36681 2080208888 26390398 10015756
0b000501 0b00cd01 10007 100 1098709 2029187455 77413907 10104796
0b000901 0b00ce01 10023 100 22697 2087387178 19240700 10014584
0b000701 0b00c101 10013 100 60904 2068368550 38264170 10017786
0b000601 0b00cf01 10019 100 2719 2080094442 26541612 10012909
0b000d01 0b00c201 10015 100 52047 2086306314 20359786 10017047
0b000601 0b00c001 10023 100 92706 2077472372 29209288 10020453
0b000701 0b00c201 10011 100 6776 2062210943 44474788 10013248
0b000e01 0b00ca01 10021 100 79419 2088597255 18109876 10019340
0b000401 0b00cd01 10011 100 6635 2080134296 26587189 10013237
0b000001 0b00cb01 10020 100 76219 2087935751 18789482 10019073
0b000c01 0b00cf01 10010 100 60869 2081404941 25340373 10017783
0b000e01 0b00c401 10011 100 1594 2069375962 37385718 10012815
0b000601 0b00cc01 10007 100 349632 2048475498 58306201 10041994
0b000101 0b00c401 10011 100 48318 2066166683 40663986 10016733
0b000b01 0b00c801 10012 100 199440 2056193835 50642789 10029403
0b000a01 0b00cb01 10017 100 46082 2082405023 24443549 10016547
0b000f01 0b00cc01 10013 100 60687 2068994151 37863050 10017769
0b000d01 0b00cd01 10005 100 42829 2056361143 50538530 10016271
0b000101 0b00c801 10011 100 437730 2062938958 43993792 10049380
0b000401 0b00c901 10011 100 493031 2051748982 55242765 10054019
0b000f01 0b00c701 10008 100 43172 2056357225 50651184 10016302
0b000101 0b00c101 10005 100 1041737 2026463784 80545331 10100020
0b000201 0b00c301 10013 100 8220 2081316097 25744528 10013372
0b000101 0b00cc01 10019 100 20519 2079426551 27707498 10014402
0b000a01 0b00cc01 10019 100 2252 2088395707 18754155 10012871
0b000401 0b00cf01 10016 100 29305 2068171367 39052056 10015139
0b000701 0b00c301 10017 100 32548 2067958905 39392813 10015410
0b000001 0b00ce01 10011 100 14289 2068076845 39308070 10013880
0b000f01 0b00cd01 10014 100 24835 2068353157 39042677 10014762
0b000d01 0b00c401 10030 100 359 2084079829 23331936 10012712
0b000b01 0b00c301 10030 100 64906 2090133868 17286976 10018122
0b000901 0b00cb01 10015 100 164493 2079367314 28062680 10026473
0b000401 0b00cf01 10019 100 125791 2076867879 30570484 10023227
0b000b01 0b00cb01 10016 100 40483 2080139686 27307919 10016076
0b000201 0b00c101 10016 100 27958 2059985666 47465499 10015024
0b000601 0b00c301 10021 100 10365 2081843466 25664279 10013551
0b000a01 0b00cc01 10013 100 3842 2068416905 39091355 10013002
0b000a01 0b00c401 10020 100 77323 2078853735 28654754 10019165
0b000a01 0b00c901 10019 100 49243 2056547574 50961269 10016811
0b000001 0b00c201 10015 100 60636 2069272921 38236469 10017765
0b000201 0b00c101 10018 100 68012 2068676378 38833813 10018385
0b000701 0b00c801 10027 100 14702 2089623325 17902234 10013913
0b000501 0b00c701 10017 100 8883 2083207584 24340098 10013425
0b000a01 0b00c901 10023 100 69162 2065558157 41998541 10018481
0b000f01 0b00c101 10021 100 2402 2081126993 26459580 10012883
0b000801 0b00c501 10022 100 33990 2082174279 25507541 10015529
0b000a01 0b00c301 10015 100 23626 2057574221 50127160 10014662
0b000701 0b00ce01 10011 100 79777 2075598118 32151105 10019369
0b000401 0b00c701 10016 100 27699 2079234837 28582758 10015003
0b000801 0b00c901 10017 100 191881 2075623434 32195201 10028767
0b000201 0b00cd01 10018 100 3470 2089573541 18245442 10012972
0b000901 0b00c201 10018 100 27221 2077590466 30234019 10014965
0b000001 0b00c501 10012 100 21335 2060946429 46890400 10014471
0b000301 0b00c401 10022 100 15596 2083757787 24223015 10013989
0b000301 0b00cc01 10008 100 1589021 2035963784 72022690 10145907
0b000101 0b00c801 10009 100 520900 2057378047 50667776 10056352
0b000a01 0b00cf01 10013 100 1292 2058686776 49364957 10012791
0b000d01 0b00cf01 10012 100 40741 2081714689 26346176 10016096
0b000501 0b00cd01 10021 100 1244 2081803541 26375383 10012787
0b000901 0b00cd01 10013 100 73969 2066348119 41840692 10018881
0b000a01 0b00ce01 10015 100 6803 2083816301 24380180 10013251
0b000101 0b00c001 10023 100 75608 2075960825 32236622 10019020
0b000c01 0b00c801 10018 100 38030 2088286391 19931182 10015872
0b000101 0b00c501 10023 100 76476 2079795175 28435961 10019093
0b000201 0b00c901 10011 100 30140 2057749623 50497093 10015210
0b000101 0b00c001 10025 100 30421 2081651491 26616776 10015232
0b000101 0b00c501 10017 100 40978 2057481721 50853215 10016115
0b000a01 0b00c701 10023 100 16148 2083579891 24786491 10014037
0b000101 0b00c401 10016 100 24645 2091214028 17189501 10014747
0b000601 0b00ca01 10014 100 77644 2068556474 39962652 10019191
0b000f01 0b00cd01 10003 100 910815 2039320621 69221030 10089043
0b000b01 0b00c501 10009 100 517346 2064825025 43722698 10056056
0b000201 0b00ce01 10011 100 103752 2055497286 53064442 10021379
0b000501 0b00cb01 10013 100 729025 2048142969 60498960 10073805
0b000801 0b00c101 10014 100 1120853 2038888420 69760198 10106652
0b000901 0b00c401 10020 100 41774 2084590642 24119092 10016183
0b000901 0b00c401 10019 100 459598 2077056621 31663390 10051214
0b000c01 0b00cb01 10016 100 26390 2080405723 28318485 10014894
0b000f01 0b00ca01 10011 100 671252 2037870412 70860464 10068960
0b000301 0b00c801 10013 100 2367 2072557197 36244000 10012880
0b000901 0b00ca01 10019 100 20708 2082054505 26761119 10014417
0b000b01 0b00c201 10007 100 2034 2059088458 49728342 10012854
0b000101 0b00c301 10008 100 592410 2050612552 58226886 10062349
0b000c01 0b00cc01 10021 100 74137 2090625676 18224691 10018898
0b000a01 0b00c901 10029 100 23225 2081875294 27112138 10014630
0b000701 0b00c101 10011 100 9503 2061398767 47589852 10013478
0b000f01 0b00c501 10015 100 289679 2050375509 58656114 10036967
0b000701 0b00c001 10018 100 11269 2084288120 24810016 10013627
0b000301 0b00ce01 10020 100 69397 2080928258 28174783 10018500
0b000b01 0b00ce01 10015 100 64228 2057964232 51143811 10018067
0b000901 0b00c001 10018 100 37969 2074530693 34577792 10015863
0b000501 0b00ce01 10019 100 13916 2083129057 25981172 10013847
0b000b01 0b00c301 10028 100 7413 2084790576 24358234 10013303
0b000201 0b00cc01 10023 100 29492 2082329426 26822937 10015154
0b000001 0b00c401 10016 100 62313 2068971692 40186107 10017906
0b000001 0b00c001 10013 100 529279 2074124079 35054391 10057057
0b000101 0b00c501 10024 100 58204 2080086885 29103315 10017562
0b000f01 0b00c101 10016 100 6637 2060002850 49196379 10013237
0b000e01 0b00c101 10023 100 435864 2075279710 33927646 10049223
0b000b01 0b00c301 10017 100 976441 2041544137 67691320 10094546
0b000901 0b00c301 10018 100 9399 2082499066 26736807 10013470
0b000c01 0b00c201 10024 100 24064 2061713440 47523287 10014701
0b000d01 0b00c401 10004 100 3067927 2005654408 103646315 10269895
0b000e01 0b00ca01 10020 100 26191 2083493609 25827974 10014878
0b000b01 0b00c401 10022 100 3880 2086296998 23053190 10013005
0b000b01 0b00c601 10018 100 32384 2084330349 25020422 10015397
0b000701 0b00c501 10015 100 31719 2059622774 49737324 10015340
0b000d01 0b00c401 10027 100 119707 2067418113 41973794 10022717
0b000d01 0b00c601 10018 100 26679 2059798977 49627141 10014918
0b000701 0b00c801 10020 100 15625 2071021855 38434623 10013991
0b000c01 0b00c101 10013 100 727163 2052540060 56917235 10073648
0b000201 0b00c601 10023 100 8083 2091103178 18473185 10013361
0b000901 0b00c501 10032 100 34367 2089552374 20052528 10015563
0b000f01 0b00cb01 10015 100 27849 2072739788 36868999 10015015
0b000401 0b00c001 10025 100 28733 2073779839 35838143 10015090
0b000701 0b00c201 10015 100 15441 2081096274 28545787 10013976
0b000201 0b00c701 10006 100 985662 2024708922 84936464 10095319
0b000d01 0b00c401 10029 100 130745 2080429661 29223874 10023642
0b000201 0b00c201 10021 100 66342 2090085676 19609506 10018244
0b000a01 0b00c401 10017 100 17100 2069692712 40030988 10014117
0b000101 0b00c801 10015 100 9469 2070871515 38852215 10013475
0b000b01 0b00cf01 10022 100 55356 2083972052 25779961 10017323
0b000101 0b00cb01 10015 100 20041 2059965319 49815733 10014363
0b000801 0b00c401 10023 100 16631 2084845328 24970621 10014075
0b000901 0b00ca01 10017 100 274951 2078403311 31427131 10035732
0b000c01 0b00c601 10017 100 14143 2065322531 44544997 10013869
0b000501 0b00c701 10015 100 184245 2077209867 32667776 10028130
0b000101 0b00ca01 10007 100 624242 2048411674 61469229 10065019
0b000c01 0b00c901 10018 100 10202 2082908930 27017571 10013538
0b000301 0b00cf01 10013 100 7742 2060774186 49161151 10013330
0b000d01 0b00ce01 10024 100 156085 2079701308 30281257 10025769
0b000e01 0b00c301 10010 100 38947 2081165426 28824779 10015945
0b000b01 0b00c601 10010 100 481871 2049829687 60168926 10053080
0b000001 0b00c101 10024 100 5791 2084353199 25665670 10013166
0b000301 0b00c801 10016 100 59859 2079889877 30160014 10017699
0b000901 0b00c901 10014 100 125773 2065599563 44499104 10023225
0b000701 0b00c201 10013 100 50061 2070975890 39130739 10016880
0b000001 0b00cc01 10024 100 9590 2091575396 18532530 10013485
0b000301 0b00c901 10011 100 63642 2071414568 38715800 10018017
0b000601 0b00c701 10019 100 2068 2092885059 17265303 10012856
0b000d01 0b00c701 10016 100 338408 2079671439 30481570 10041054
0b000e01 0b00c401 10014 100 15181 2084940529 25212817 10013955
0b000701 0b00cd01 10014 100 16939 2083192067 26965635 10014100
0b000c01 0b00cf01 10011 100 68685 2083371239 26831367 10018439
0b000701 0b00c001 10015 100 26703 2074099515 36122217 10014919
0b000b01 0b00c401 10019 100 24413 2070308865 39916028 10014729
0b000b01 0b00c601 10014 100 23329 2070354667 39870360 10014638
0b000401 0b00cc01 10018 100 63329 2082919201 27316526 10017992
0b000901 0b00cf01 10020 100 7690 2083779827 26470493 10013325
0b000801 0b00c801 10016 100 23916 2090111199 20156514 10014685
0b000401 0b00c501 10021 100 71052 2081812166 28482714 10018640
0b000601 0b00c801 10023 100 101846 2089768911 20593089 10021219
0b000201 0b00c601 10021 100 2659 2083372681 27011542 10012904
0b000001 0b00ca01 10016 100 65177 2069934807 40450926 10018147
0b000101 0b00ce01 10023 100 42485 2092249551 18142036 10016243
0b000901 0b00c801 10018 100 191 2070845792 39618535 10012699
0b000101 0b00ce01 10021 100 15980 2083073965 27420985 10014019
0b000201 0b00c201 10020 100 62423 2080521264 30005240 10017915
0b000b01 0b00cb01 10012 100 5810 2060954580 49612923 10013167
0b000a01 0b00cf01 10021 100 9721 2087085631 23486313 10013496
0b000201 0b00cd01 10014 100 9349 2085428979 25150259 10013466
0b000e01 0b00c701 10008 100 17206 2061445127 49217743 10014125
0b000e01 0b00c701 10009 100 32645 2064237349 46501585 10015418
0b000d01 0b00c601 10024 100 54400 2083014223 27728365 10017243
0b000001 0b00c101 10016 100 49723 2060709763 50038606 10016849
0b000801 0b00c601 10014 100 194807 2075966344 34795404 10029013
0b000b01 0b00c401 10021 100 773 2083349049 27418993 10012745
0b000101 0b00cc01 10012 100 34747 2060341649 50434943 10015594
0b000d01 0b00c101 10021 100 1437 2083932581 26847092 10012802
0b000101 0b00c601 10009 100 39409 2060221395 50601553 10015986
0b000101 0b00cb01 10020 100 18811 2091902904 18942722 10014257
0b000301 0b00c401 10026 100 16775 2091851527 18994708 10014087
0b000d01 0b00cb01 10015 100 78396 2082318852 28547914 10019255
0b000301 0b00c501 10015 100 147558 2078714791 32154836 10025052
0b000d01 0b00c501 10016 100 20804 2083356098 27526514 10014424
0b000a01 0b00cf01 10011 100 954968 2046768519 64153597 10092744
0b000201 0b00c801 10015 100 66231 2078347165 32654557 10018235
0b000201 0b00c901 10022 100 8147 2094211941 16804619 10013366
0b000a01 0b00c401 10018 100 26397 2070583420 40446637 10014895
0b000c01 0b00ce01 10013 100 2249 2075284401 35757852 10012871
0b000901 0b00c301 10014 100 67514 2068738600 42320240 10018342
0b000401 0b00cd01 10014 100 7199 2084685459 26380469 10013286
0b000801 0b00c701 10006 100 1670111 2023833766 87242178 10152705
0b000d01 0b00c801 10018 100 75478 2070880003 40202247 10019010
0b000101 0b00c201 10008 100 6323 2071847394 39255056 10013212
0b000801 0b00c201 10019 100 102445 2079183748 31931487 10021271
0b000e01 0b00c701 10005 100 1533031 2035348052 75809127 10141213
0b000a01 0b00c701 10022 100 68857 2080929257 30239594 10018453
0b000901 0b00c901 10018 100 50830 2069546873 41627314 10016942
0b000901 0b00c501 10030 100 78896 2084634428 26551323 10019295
0b000301 0b00ce01 10021 100 56388 2083268739 27941587 10017409
0b000101 0b00c201 10010 100 54553 2083652541 27608992 10017255
0b000101 0b00ce01 10026 100 2661 2094835316 16466654 10012904
0b000d01 0b00ca01 10019 100 9280 2086512937 24809868 10013460
0b000f01 0b00c401 10018 100 44555 2086312834 25084598 10016417
0b000a01 0b00c601 10013 100 39457 2066807089 44619523 10015990
0b000001 0b00c101 10022 100 20292 2083880446 27546785 10014384
0b000a01 0b00c901 10030 100 37345 2082634040 28829377 10015813
0b000601 0b00c401 10022 100 5384 2085281417 26195247 10013133
0b000801 0b00c501 10023 100 4292 2085024493 26476252 10013042
0b000901 0b00c901 10021 100 6921 2083919288 27597209 10013260
0b000401 0b00c901 10018 100 519 2085632014 25947785 10012725
0b000c01 0b00c701 10019 100 4671 2084102440 27479175 10013072
0b000f01 0b00c801 10010 100 42195 2061395246 50187850 10016220
0b000001 0b00c001 10008 100 13572 2062389671 49214169 10013819
0b000401 0b00c501 10015 100 13718 2063199909 48415363 10013831
0b000f01 0b00cd01 10019 100 67463 2084333007 27297109 10018338
0b000101 0b00c001 10022 100 289970 2075714979 35925077 10036991
0b000b01 0b00c501 10012 100 74314 2085123234 26522496 10018913
0b000901 0b00ce01 10010 100 900319 2033334870 78316870 10088165
0b000f01 0b00c201 10027 100 49334 2082790451 28933004 10016818
0b000e01 0b00c901 10018 100 23221 2073220485 38541763 10014629
0b000f01 0b00c401 10016 100 370687 2081169382 30631722 10043759
0b000d01 0b00c401 10024 100 714365 2062402743 49417362 10072574
0b000a01 0b00c601 10010 100 810357 2041818491 70001808 10080622
0b000301 0b00c501 10019 100 47125 2093002178 18826298 10016634
0b000801 0b00c101 10021 100 39182 2080235409 31606384 10015968
0b000201 0b00ca01 10009 100 896777 2037367467 74499605 10087866
0b000c01 0b00c201 10030 100 37977 2087334468 24549989 10015864
0b000d01 0b00c601 10022 100 715 2074274095 37624931 10012741
0b000301 0b00ca01 10020 100 83778 2081680008 30223012 10019704
0b000701 0b00c101 10007 100 813677 2046440404 65463136 10080899
0b000701 0b00c401 10020 100 70785 2082493117 29533072 10018615
0b000e01 0b00cc01 10021 100 109550 2070656737 41374112 10021866
0b000d01 0b00c201 10012 100 75358 2071380690 40680182 10019000
0b000101 0b00c801 10003 100 1102561 2029079714 82981351 10105120
0b000501 0b00ce01 10020 100 61130 2083983485 28084151 10017808
0b000501 0b00c601 10027 100 13713 2074499696 37573776 10013830
0b000401 0b00c901 10013 100 59917 2065360921 46797109 10017703
0b000701 0b00ca01 10012 100 54206 2083770042 28414785 10017227
0b000301 0b00cd01 10020 100 20715 2094729313 17511806 10014417
0b000701 0b00c801 10026 100 23255 2085475757 26825072 10014632
0b000d01 0b00ce01 10018 100 66545 2065372250 47024754 10018260
0b000201 0b00cf01 10021 100 208031 2077224601 35198041 10030125
0b000a01 0b00ca01 10012 100 142560 2064148428 48292428 10024633
0b000601 0b00cf01 10010 100 1197096 2035342763 77176160 10113048
0b000901 0b00cb01 10012 100 23662 2065705547 46831029 10014665
0b000401 0b00cc01 10016 100 12605 2074928496 37656983 10013738
0b000101 0b00c101 10015 100 112574 2061925190 50678003 10022119
0b000e01 0b00c401 10009 100 24409 2063355833 49319912 10014728
0b000f01 0b00c201 10020 100 596422 2061136354 51581472 10062686
0b000301 0b00c801 10010 100 157270 2060047634 52689887 10025868
0b000001 0b00c301 10008 100 686792 2051040829 61708273 10070261
0b000c01 0b00c001 10018 100 9471 2089147985 23618711 10013476
0b000b01 0b00c101 10032 100 38143 2087483181 25311748 10015881
0b000401 0b00c801 10011 100 299944 2059708940 53122731 10037827
0b000a01 0b00cb01 10013 100 99739 2069816621 43015838 10021043
0b000c01 0b00c801 10016 100 28096 2074282085 38554752 10015039
0b000901 0b00cd01 10015 100 48155 2083822689 29015693 10016720
0b000d01 0b00c901 10018 100 73906 2061696539 51167102 10018876
0b000101 0b00ce01 10017 100 91839 2073013951 39856248 10020380
0b000d01 0b00c101 10018 100 7122 2075137965 37741219 10013280
0b000701 0b00c501 10017 100 42666 2066552005 46342305 10016258
0b000a01 0b00c301 10019 100 5699 2073516136 39394977 10013158
0b000d01 0b00c001 10016 100 455103 2069865711 43062743 10050839
0b000a01 0b00c901 10035 100 60768 2094269993 18673305 10017775
0b000601 0b00ce01 10016 100 8762 2074480147 38493110 10013415
0b000901 0b00cd01 10016 100 9479 2085299796 27734203 10013476
0b000301 0b00c301 10019 100 177258 2087761838 25284563 10027544
0b000201 0b00cf01 10016 100 44056 2062644536 50412672 10016377
0b000a01 0b00c101 10021 100 24835 2096303835 16782524 10014762
0b000901 0b00c301 10012 100 338043 2061382152 51715284 10041025
0b000401 0b00c701 10011 100 466726 2070129308 42971368 10051811
0b000501 0b00c501 10017 100 128875 2083089675 30027056 10023485
0b000e01 0b00c101 10020 100 653312 2064255890 48897357 10067456
0b000701 0b00c001 10014 100 53502 2073777859 39399341 10017167
0b000d01 0b00c101 10012 100 401071 2061076316 52248945 10046309
0b000701 0b00c701 10018 100 408506 2051563508 61774135 10046931
0b000901 0b00c601 10019 100 12900 2093739761 19627837 10013761
0b000f01 0b00c401 10017 100 105160 2082096160 31283120 10021499
0b000f01 0b00ca01 10016 100 38961 2063470150 49910147 10015946
0b000a01 0b00c701 10024 100 33304 2088528015 24868792 10015474
0b000901 0b00c801 10019 100 8231 2075746964 37664803 10013373
0b000801 0b00c801 10010 100 63297 2061388388 52069362 10017989
0b000401 0b00c701 10019 100 23776 2095207059 18272260 10014674
0b000701 0b00cd01 10013 100 149942 2080959813 32546740 10025251
0b000801 0b00ce01 10021 100 20303 2088396556 25113825 10014384
0b000401 0b00cc01 10019 100 9167 2087280209 26262698 10013451
0b000501 0b00c001 10022 100 47318 2073523125 40046231 10016649
0b000001 0b00c801 10023 100 137896 2073047197 40534797 10024241
0b000f01 0b00cb01 10016 100 45216 2073811821 39781676 10016473
0b000a01 0b00cf01 10010 100 741104 2044689272 68912783 10074817
0b000801 0b00c201 10021 100 22344 2085434129 28179909 10014555
0b000801 0b00ca01 10017 100 23138 2085034000 28595066 10014623
0b000c01 0b00c601 10025 100 159239 2081559851 32103505 10026033
0b000001 0b00cf01 10012 100 31356 2063935072 49771620 10015311
0b000601 0b00cd01 10007 100 504300 2049472253 64247676 10054963
0b000701 0b00ce01 10014 100 45073 2085432142 28295653 10016462
0b000701 0b00cb01 10014 100 652581 2046563755 67191863 10067394
0b000201 0b00c601 10016 100 40364 2063303299 50463988 10016066
0b000301 0b00c701 10002 100 1665078 2018458868 95331112 10152283
0b000e01 0b00ca01 10014 100 37909 2065171987 48625405 10015858
0b000701 0b00c501 10004 100 1455967 2017208393 96615701 10134748
0b000301 0b00c401 10023 100 97420 2084364809 29461949 10020849
0b000301 0b00ce01 10019 100 186105 2080565335 33272249 10028286
0b000c01 0b00cd01 10018 100 25535 2089574972 24288257 10014822
0b000301 0b00ce01 10013 100 21350 2067086821 46801703 10014472
0b000801 0b00c201 10027 100 24602 2093248101 20646853 10014744
0b000501 0b00ca01 10021 100 9606 2085314207 28606048 10013486
0b000901 0b00c001 10019 100 22195 2083113088 30825563 10014543
0b000001 0b00ce01 10009 100 198540 2063221389 50826967 10029327
0b000d01 0b00c401 10026 100 7359 2066614386 47473252 10013299
0b000001 0b00c301 10018 100 8534 2095330511 18771238 10013397
0b000601 0b00c301 10023 100 45448 2087676816 26465584 10016492
0b000001 0b00c301 10019 100 8181 2095494819 18673934 10013369
0b000a01 0b00ce01 10014 100 9270 2077705186 36463828 10013460
0b000101 0b00c101 10022 100 74935 2086605893 27692639 10018962
0b000801 0b00c501 10024 100 28866 2085486243 28840118 10015100
0b000901 0b00c501 10026 100 22414 2076093704 38233963 10014561
0b000901 0b00c601 10016 100 36771 2089113590 25242768 10015763
0b000501 0b00c601 10035 100 12258 2088887968 25505112 10013710
0b000c01 0b00cc01 10017 100 785 2069032103 45420454 10012746
0b000901 0b00cb01 10017 100 27303 2090263871 24201654 10014971
0b000801 0b00cc01 10018 100 62467 2075770835 38709374 10017919
0b000101 0b00cf01 10013 100 20851 2067017392 47463172 10014428
0b000001 0b00ca01 10022 100 52745 2088716235 25790695 10017103
0b000601 0b00c401 10016 100 619213 2056730572 57784735 10064597
0b000c01 0b00c101 10022 100 74454 2088609094 25909989 10018924
0b000a01 0b00c901 10033 100 8102 2086838428 27709287 10013362
0b000c01 0b00c301 10018 100 75432 2085181398 29398814 10019006
0b000201 0b00c501 10018 100 192617 2079137696 35452834 10028830
0b000501 0b00c601 10032 100 36846 2087255009 27447249 10015769
0b000301 0b00cc01 10015 100 5835 2089670963 25051615 10013169
0b000101 0b00c901 10005 100 1107101 2027423687 87307183 10105502
0b000f01 0b00c301 10015 100 44186 2076515665 38270258 10016387
0b000501 0b00c501 10013 100 69976 2064715073 50086444 10018546
0b000801 0b00c001 10015 100 500789 2061085765 53749219 10054666
0b000501 0b00ce01 10013 100 121511 2066022557 48853392 10022869
0b000701 0b00cc01 10016 100 10211 2066785353 48109917 10013539
0b000101 0b00ce01 10019 100 3828 2079938009 34967662 10013001
0b000401 0b00ce01 10019 100 238401 2079978489 34929478 10032669
0b000b01 0b00cd01 10010 100 7730 2065056422 49865949 10013329
0b000101 0b00c701 10023 100 43181 2088388693 26559273 10016303
0b000c01 0b00c601 10030 100 8947 2098433673 16525576 10013430
0b000201 0b00c401 10007 100 670445 2045367553 69661733 10068892
0b000c01 0b00c901 10022 100 35843 2089702985 25334909 10015685
0b000701 0b00c101 10014 100 4517 2076498345 38578442 10013060
0b000e01 0b00c501 10017 100 14723 2079083870 36003002 10013915
0b000d01 0b00ce01 10023 100 34551 2076307558 38812568 10015578
0b000e01 0b00c701 10014 100 2711 2090846244 24298963 10012908
0b000301 0b00ca01 10018 100 24680 2077039736 38157057 10014750
0b000a01 0b00c701 10009 100 1370432 2036134227 79071410 10127579
0b000201 0b00c501 10020 100 6464 2090843163 24364872 10013224
0b000f01 0b00ce01 10015 100 49555 2074971077 40292251 10016836
0b000701 0b00cd01 10004 100 1277300 2022351052 92924923 10119771
0b000901 0b00cf01 10018 100 9678 2077280539 38026309 10013492
0b000a01 0b00cc01 10017 100 7174 2084725170 30639334 10013284
0b000f01 0b00c601 10019 100 25333 2095523342 19849102 10014806
0b000f01 0b00cc01 10017 100 47146 2086952724 28478405 10016636
0b000101 0b00cf01 10016 100 5521 2090432396 25006658 10013144
0b000501 0b00c001 10023 100 73316 2074251467 41192269 10018829
0b000d01 0b00c301 10030 100 34131 2090879009 24616217 10015544
0b000601 0b00ca01 10003 100 1678101 2025897307 89639810 10153375
0b000301 0b00c301 10017 100 21404 2065960792 49602596 10014476
0b000101 0b00c301 10012 100 6332 2085462897 30110295 10013213
0b000d01 0b00c101 10023 100 29511 2087142057 28434868 10015156
0b000201 0b00c401 10012 100 6475 2076529011 39103370 10013224
0b000501 0b00ca01 10018 100 38276 2076982264 38651185 10015891
0b000501 0b00c101 10018 100 24216 2077504584 38129168 10014713
0b000501 0b00ca01 10016 100 119232 2063808016 51833707 10022679
0b000301 0b00c901 10010 100 44855 2067581032 48065536 10016441
0b000d01 0b00c501 10020 100 3258 2096754314 18908333 10012956
0b000601 0b00c901 10018 100 13316 2067256682 48461870 10013799
0b000201 0b00c801 10016 100 2567 2078902407 36821913 10012896
0b000a01 0b00c801 10013 100 24958 2084570465 31182112 10014772
0b000801 0b00c001 10017 100 75902 2085007578 30768120 10019044
0b000e01 0b00cf01 10014 100 1695268 2027231979 88562983 10154814
0b000f01 0b00cf01 10011 100 284782 2080229378 35593618 10036556
0b000c01 0b00c001 10017 100 9314 2088173806 27660709 10013463
0b000301 0b00c001 10014 100 478330 2066590930 49289103 10052785
0b000901 0b00c301 10019 100 24082 2084682842 31224567 10014702
0b000401 0b00c301 10013 100 7281 2067683757 48256906 10013293
0b000501 0b00c601 10034 100 47324 2088132622 27822165 10016650
0b000001 0b00c601 10011 100 6442 2078596086 37361704 10013222
0b000b01 0b00c601 10000 100 2577404 2011834112 104140008 10228771
0b000401 0b00cc01 10015 100 55782 2068436632 47552955 10017357
0b000801 0b00cf01 10014 100 40636 2074994155 40995544 10016088
0b000f01 0b00c301 10018 100 24811 2090832654 25182682 10014760
0b000901 0b00c201 10019 100 53971 2078769176 37249184 10017205
0b000901 0b00ce01 10024 100 74310 2089501949 26545487 10018912
0b000f01 0b00c501 10023 100 351546 2074184376 41865689 10042155
0b000b01 0b00c201 10009 100 320618 2079256496 36797044 10039562
0b000001 0b00cb01 10011 100 9094 2066939554 49128354 10013445
0b000a01 0b00c201 10017 100 21904 2091686677 24400920 10014516
0b000601 0b00ce01 10022 100 14789 2097976323 18133537 10013920
0b000f01 0b00c101 10022 100 47847 2087742535 28458563 10016692
0b000c01 0b00c901 10010 100 1212495 2042643924 73558008 10114337
0b000f01 0b00cf01 10008 100 2902 2067986057 48262415 10012923
0b000b01 0b00c101 10027 100 46727 2071050982 45199169 10016598
0b000501 0b00c901 10016 100 43544 2066742661 49508015 10016332
0b000b01 0b00cd01 10013 100 31687 2088228473 28061945 10015337
0b000601 0b00c501 10015 100 37680 2078095953 38202378 10015840
0b000c01 0b00c901 10017 100 53943 2077382346 38953252 10017202
0b000101 0b00c601 10006 100 690531 2049422878 66915570 10070575
0b000401 0b00c401 10012 100 64706 2088324554 28043749 10018106
0b000801 0b00c701 10024 100 25853 2088336389 28042456 10014848
0b000401 0b00c901 10020 100 29174 2086695064 29685346 10015129
0b000601 0b00c901 10017 100 51811 2067002658 49387585 10017024
0b000d01 0b00c001 10024 100 58085 2086984752 29414958 10017553
0b000101 0b00cd01 10026 100 46007 2089645536 26762587 10016541
0b000401 0b00c901 10021 100 58915 2089248539 27168579 10017619
0b000f01 0b00c601 10015 100 25920 2070045837 46426189 10014853
0b000a01 0b00c401 10013 100 512365 2063168108 53307816 10055639
0b000e01 0b00c601 10009 100 25683 2070421854 46063346 10014834
0b000501 0b00c501 10020 100 5585 2098732141 17801769 10013149
0b000e01 0b00c801 10020 100 50996 2098021970 18515334 10016955
0b000001 0b00c301 10011 100 55258 2066428907 50195014 10017315
0b000601 0b00cc01 10010 100 4718 2090790724 25841137 10013076
0b000e01 0b00c901 10023 100 23326 2099211025 17425894 10014638
0b000b01 0b00ca01 10017 100 43256 2069107100 47593247 10016309
0b000c01 0b00c001 10002 100 3157735 2004950721 111771184 10277425
0b000901 0b00c501 10022 100 756496 2042887749 73836431 10076106
0b000e01 0b00c601 10011 100 3533 2078421206 38332516 10012978
0b000101 0b00c101 10021 100 28289 2078877669 37892475 10015054
0b000a01 0b00c301 10020 100 74171 2089175673 27607391 10018901
0b000101 0b00c901 10019 100 7943 2079790716 37010983 10013346
0b000301 0b00c601 10027 100 25590 2085635218 31255241 10014827
0b000601 0b00ce01 10018 100 23654 2091001600 25970822 10014664
0b000e01 0b00cf01 10026 100 56985 2090634537 26376693 10017457
0b000201 0b00c901 10019 100 76948 2088446323 28566784 10019131
0b000401 0b00c901 10017 100 19781 2078950573 38065935 10014339
0b000f01 0b00c201 10025 100 19778 2080986406 36059234 10014339
0b000801 0b00c201 10024 100 27956 2088284412 28776792 10015024
0b000401 0b00c001 10029 100 33319 2090753998 26336494 10015476
0b000f01 0b00cb01 10018 100 27586 2091677404 25425023 10014994
0b000f01 0b00c401 10019 100 122811 2087950039 29170426 10022977
0b000901 0b00c401 10018 100 25532 2076859305 40264893 10014822
0b000901 0b00cb01 10014 100 57361 2077999507 39188957 10017491
0b000401 0b00c001 10023 100 30704 2068099098 49110138 10015255
0b000d01 0b00c601 10028 100 19984 2089976479 27252625 10014355
0b000d01 0b00c001 10022 100 5464 2078938595 38303807 10013140
0b000101 0b00c301 10014 100 41501 2088645850 28598180 10016161
0b000501 0b00c401 10017 100 92573 2087532935 29764805 10020442
0b000a01 0b00c001 10019 100 179940 2075458985 41870401 10027766
0b000801 0b00c801 10017 100 13842 2092713727 24651488 10013841
0b000201 0b00ca01 10018 100 53911 2079684202 37727209 10017200
0b000e01 0b00c701 10016 100 26991 2097229532 20217013 10014942
0b000a01 0b00ce01 10010 100 68161 2065476741 51988795 10018397
0b000c01 0b00c301 10017 100 12483 2079814720 37693318 10013728
0b000d01 0b00c701 10017 100 19892 2080094292 37473855 10014348
0b000101 0b00c601 10023 100 39974 2098861673 18709384 10016031
0b000501 0b00c701 10010 100 355856 2066001098 51583860 10042515
0b000601 0b00cf01 10022 100 8975 2092171025 25417377 10013432
0b000401 0b00cf01 10015 100 248139 2064874646 52730050 10033487
0b000401 0b00c501 10020 100 199831 2080927534 36681275 10029434
0b000201 0b00c301 10007 100 952083 2024624779 93025775 10092506
0b000a01 0b00c001 10021 100 4106 2090053091 27645289 10013027
0b000401 0b00cd01 10016 100 6853 2088487810 29215533 10013255
0b000d01 0b00cb01 10016 100 61301 2088310373 29395903 10017822
0b000f01 0b00cd01 10020 100 57223 2088112413 29614784 10017480
0b000901 0b00cf01 10025 100 95628 2098248300 19517021 10020698
0b000501 0b00c001 10026 100 73458 2085865472 31916893 10018840
0b000801 0b00cd01 10014 100 1265289 2039988813 77824273 10118764
0b000001 0b00cd01 10014 100 7285 2078622111 39205794 10013293
0b000d01 0b00cb01 10013 100 379048 2068052649 49795824 10044463
0b000401 0b00c401 10008 100 22882 2068941037 48935036 10014598
0b000201 0b00c001 10013 100 12176 2098592722 19301338 10013704
0b000901 0b00ce01 10017 100 421622 2064647648 53265164 10048030
0b000601 0b00c701 10018 100 3799 2092069887 25887965 10012999
0b000301 0b00cd01 10022 100 48720 2096780084 21213126 10016765
0b000701 0b00c201 10016 100 22030 2081128064 36882710 10014530
0b000101 0b00c001 10024 100 7897 2081058266 37022438 10013342
0b000401 0b00c101 10019 100 78888 2089546981 28598849 10019294
0b000101 0b00cf01 10012 100 63915 2066788020 51386863 10018038
0b000a01 0b00c801 10011 100 7503 2081764152 36423084 10013310
0b000e01 0b00c401 10013 100 31747 2081667754 36522426 10015342
0b000001 0b00c801 10021 100 265681 2065029749 53179630 10034955
0b000d01 0b00c701 10019 100 6843 2087537175 30672498 10013254
0b000101 0b00c201 10011 100 6478 2093066874 25155067 10013225
0b000a01 0b00c701 10025 100 41732 2088640520 29603986 10016179
0b000d01 0b00c301 10032 100 9912 2098828070 19424405 10013511
0b000f01 0b00c201 10023 100 541154 2068816532 49437345 10058053
0b000d01 0b00c301 10029 100 105888 2090868166 27421699 10021558
0b000401 0b00c601 10019 100 38748 2098779815 19511384 10015929
0b000301 0b00ca01 10021 100 23308 2082028390 36322342 10014636
0b000701 0b00c401 10017 100 9886 2070978066 47542430 10013509
0b000501 0b00c901 10023 100 18812 2088754529 29779634 10014257
0b000501 0b00c901 10019 100 71951 2086463455 32103834 10018712
0b000901 0b00c201 10020 100 23843 2081650863 36940638 10014679
0b000e01 0b00cf01 10028 100 3009 2094169897 24461048 10012936
0b000501 0b00cf01 10012 100 21821 2079411761 39220110 10014510
0b000d01 0b00c201 10013 100 7509 2081225915 37414168 10013311
0b000201 0b00ca01 10016 100 7291 2079273172 39426709 10013294
0b000f01 0b00ca01 10019 100 553583 2068350038 50473842 10059094
0b000a01 0b00ce01 10009 100 214384 2064133114 54710143 10030656
0b000701 0b00c301 10003 100 1933382 2008749932 110112757 10174777
0b000501 0b00c401 10019 100 43953 2091388350 27497730 10016365
0b000001 0b00c001 10011 100 15924 2071934864 46962049 10014015
0b000201 0b00c101 10024 100 420 2094500431 24410332 10012717
0b000901 0b00cf01 10017 100 26524 2071901125 47029801 10014905
0b000e01 0b00c201 10008 100 1034555 2044490414 74472488 10099418
0b000001 0b00c601 10013 100 186937 2087535166 31446602 10028353
0b000701 0b00cc01 10020 100 24784 2091988741 27015005 10014758
0b000e01 0b00c801 10017 100 27875 2090785594 28220992 10015017
0b000201 0b00c601 10012 100 751196 2053715046 65295912 10075663
0b000a01 0b00cc01 10020 100 69793 2088703693 30326622 10018532
0b000e01 0b00c401 10016 100 137606 2096652236 22388939 10024218
0b000201 0b00c201 10017 100 534298 2061854105 57216468 10057478
0b000901 0b00c101 10023 100 5648 2071814665 47328744 10013154
0b000c01 0b00cc01 10022 100 113200 2090675742 28481605 10022173
0b000c01 0b00c701 10017 100 60478 2071899317 47271350 10017752
0b000d01 0b00c501 10013 100 79792 2079430879 39745259 10019370
0b000d01 0b00cd01 10013 100 3205 2083771039 35483601 10012951
0b000101 0b00ca01 10013 100 514412 2063819792 55452659 10055810
0b000801 0b00c201 10014 100 670928 2059760912 59526052 10068930
0b000001 0b00c501 10014 100 1476 2081951415 37349371 10012805
0b000e01 0b00cc01 10023 100 63705 2086574167 32738948 10018022
0b000401 0b00c401 10014 100 24060 2092766292 26663997 10014700
0b000801 0b00ca01 10024 100 34611 2093689592 25741733 10015583
0b000901 0b00cf01 10023 100 13487 2091403243 28033000 10013812
0b000b01 0b00c101 10026 100 79180 2067393136 52063879 10019321
0b000c01 0b00ce01 10018 100 22904 2091885549 27588346 10014600
0b000b01 0b00c601 10016 100 25391 2079182719 40292495 10014811
0b000e01 0b00c901 10021 100 7085 2092457705 27039203 10013277
0b000201 0b00c501 10021 100 35323 2091519485 27986027 10015644
0b000301 0b00c301 10022 100 63644 2098829546 20725458 10018017
0b000a01 0b00ce01 10016 100 128444 2086841804 32718079 10023450
0b000b01 0b00cf01 10025 100 508 2092235427 27345317 10012724
0b000201 0b00c201 10023 100 550 2093410764 26214685 10012727
0b000601 0b00c501 10019 100 28496 2093434686 26193041 10015071
0b000401 0b00c001 10027 100 93389 2078464239 41181323 10020512
0b000501 0b00c401 10018 100 83821 2090972280 28760468 10019708
0b000201 0b00ca01 10000 100 2046311 2004093635 115699516 10184245
0b000c01 0b00c901 10023 100 137468 2097890506 21909375 10024207
0b000401 0b00c701 10018 100 77046 2091255937 28572651 10019143
0b000201 0b00cc01 10027 100 8670 2092695518 27165415 10013408
0b000501 0b00c401 10014 100 56547 2069565084 50304402 10017422
0b000901 0b00c101 10024 100 22679 2071912038 48016639 10014582
0b000301 0b00ce01 10016 100 39733 2074221937 45706966 10016012
0b000301 0b00c401 10011 100 1500577 2034246721 85708179 10138490
0b000201 0b00cf01 10022 100 303856 2081199080 38770996 10038155
0b000d01 0b00ca01 10018 100 608 2082525430 37454821 10012732
0b000201 0b00ca01 10017 100 35175 2079365457 40667224 10015632
0b000e01 0b00c801 10019 100 48521 2093837054 26204607 10016749
0b000701 0b00c701 10029 100 53305 2079798622 40259882 10017151
0b000901 0b00c501 10021 100 840831 2042195602 77865639 10083175
0b000b01 0b00cf01 10026 100 7649 2092705908 27365113 10013322
0b000c01 0b00ca01 10016 100 59754 2079775095 40352789 10017690
0b000801 0b00c501 10018 100 6124 2080507600 39649887 10013196
0b000101 0b00c901 10023 100 8347 2081035083 39173283 10013382
0b000b01 0b00cc01 10022 100 60021 2091254730 28954941 10017715
0b000001 0b00cd01 10015 100 26835 2080579984 39637704 10014930
0b000601 0b00c801 10024 100 94921 2091285350 28947586 10020638
0b000301 0b00c201 10016 100 4583 2082689337 37582962 10013065
0b000c01 0b00c401 10019 100 85018 2079138851 41146299 10019811
0b000101 0b00c601 10019 100 140321 2086379056 33932771 10024447
0b000401 0b00c101 10021 100 25789 2093738475 26657732 10014842
0b000201 0b00c701 10017 100 158661 2086331905 34088206 10025983
0b000201 0b00c701 10018 100 6890 2093531279 26954783 10013258
0b000901 0b00cc01 10018 100 11352 2080716719 39773801 10013634
0b000b01 0b00ca01 10018 100 7204 2085562889 34940836 10013287
0b000101 0b00c601 10018 100 197569 2085652907 34859552 10029245
0b000601 0b00ca01 10020 100 1887 2094656483 25860677 10012838
0b000f01 0b00cc01 10018 100 33955 2092364995 28164655 10015526
0b000901 0b00ce01 10025 100 30790 2092054795 28509872 10015262
0b000d01 0b00c401 10032 100 43275 2094592511 25993928 10016310
0b000e01 0b00cf01 10027 100 72964 2090732066 29893022 10018797
0b000a01 0b00c701 10026 100 11095 2092858623 27781818 10013613
0b000601 0b00cb01 10020 100 6409 2094873037 25798927 10013219
0b000d01 0b00c001 10023 100 48732 2082081694 38597222 10016766
0b000601 0b00c401 10019 100 701408 2072303912 48377625 10071488
0b000701 0b00c501 10018 100 28691 2073288794 47402267 10015086
0b000401 0b00cd01 10013 100 9570 2083561517 37233780 10013484
0b000101 0b00c801 10019 100 22712 2084528963 36270694 10014585
0b000001 0b00c201 10016 100 39254 2075371434 45434349 10015973
0b000701 0b00c701 10027 100 7426 2075546651 45263304 10013304
0b000201 0b00c901 10015 100 78310 2078317944 42494653 10019248
0b000f01 0b00c801 10014 100 253475 2083014619 37836179 10033933
0b000901 0b00cc01 10020 100 65671 2091664315 29214671 10018187
0b000301 0b00c501 10018 100 64371 2092747220 28143062 10018079
0b000301 0b00c901 10015 100 22554 2094923670 26015554 10014572
0b000f01 0b00c401 10020 100 60804 2094316671 26631612 10017778
0b000c01 0b00c001 10019 100 64217 2094115866 26834256 10018066
0b000901 0b00cf01 10014 100 1107231 2043917008 77041559 10105513
0b000801 0b00cf01 10015 100 10657 2081112287 39883356 10013574
0b000801 0b00cb01 10013 100 186862 2083713515 37282845 10028347
0b000301 0b00c701 10014 100 45915 2070557331 50454793 10016529
0b000001 0b00c301 10017 100 122155 2091213993 29824983 10022924
0b000701 0b00cc01 10017 100 22158 2073877734 47183798 10014540
0b000201 0b00cf01 10025 100 25984 2091592654 29551005 10014858
0b000101 0b00ca01 10014 100 681431 2067843611 53345617 10069813
0b000601 0b00c801 10022 100 416157 2088287938 33030367 10047573
0b000401 0b00c001 10022 100 424423 2067726323 53641929 10048265
0b000a01 0b00c001 10022 100 29949 2092350435 29019148 10015191
0b000701 0b00c901 10002 100 1963737 2007304522 114066178 10177320
0b000b01 0b00c601 10021 100 10253 2097106992 24300848 10013542
0b000501 0b00c201 10010 100 248176 2082208238 39327811 10033490
0b000901 0b00c101 10022 100 52327 2070000357 51583781 10017069
0b000701 0b00c701 10032 100 75432 2091864054 29729101 10019006
0b000401 0b00ce01 10020 100 54095 2081029588 40580129 10017218
0b000d01 0b00cc01 10017 100 42464 2082530366 39100116 10016242
0b000301 0b00c801 10014 100 153541 2076770826 44863537 10025554
0b000301 0b00ce01 10014 100 28823 2071709542 49986116 10015097
0b000e01 0b00ca01 10012 100 1164661 2043472208 78230549 10110326
0b000c01 0b00c501 10016 100 25410 2096225025 25495212 10014812
0b000701 0b00c801 10024 100 59458 2081300516 40446921 10017667
0b000c01 0b00cb01 10017 100 60513 2084435517 37318558 10017755
0b000401 0b00ce01 10017 100 23627 2074480782 47290480 10014662
0b000601 0b00c301 10017 100 1735 2073447273 48329630 10012826
0b000e01 0b00c601 10016 100 15743 2093907671 27878400 10014000
0b000701 0b00c801 10025 100 33616 2082624468 39166962 10015499
0b000001 0b00ce01 10014 100 75050 2082493441 39299900 10018975
0b000801 0b00ce01 10023 100 44799 2099181696 22676773 10016436
0b000001 0b00ce01 10012 100 104502 2072402515 49477413 10021443
0b000001 0b00cb01 10015 100 44095 2081594031 40291747 10016380
0b000d01 0b00c301 10025 100 3525 2076271021 45626545 10012977
0b000a01 0b00cc01 10014 100 506415 2068964176 52956960 10055140
0b000b01 0b00c901 10013 100 58598 2070332839 51591734 10017594
0b000d01 0b00c301 10027 100 5440 2086302696 35664521 10013138
0b000001 0b00c801 10027 100 182431 2090096894 31937872 10027977
0b000101 0b00c001 10029 100 49513 2095244790 26807300 10016833
0b000501 0b00c101 10023 100 940 2092728337 29340630 10012759
0b000201 0b00c201 10024 100 59533 2094456382 27655822 10017673
0b000901 0b00c601 10013 100 380661 2061151880 61007851 10044595
0b000701 0b00c701 10033 100 7907 2096455626 25713385 10013343
0b000001 0b00c901 10021 100 168955 2068871146 53321779 10026845
0b000501 0b00ce01 10022 100 73453 2089937957 32310830 10018840
0b000601 0b00c401 10027 100 17024 2095815415 26439986 10014111
0b000201 0b00c901 10021 100 74278 2093915876 28394629 10018910
0b000b01 0b00c701 10013 100 77904 2081670230 40649290 10019211
0b000701 0b00cc01 10018 100 3514 2077039184 45294598 10012976
0b000301 0b00cb01 10026 100 26876 2094551339 27787346 10014933
0b000401 0b00c601 10018 100 15933 2095988426 26357261 10014016
0b000601 0b00c601 10013 100 1055 2096608842 25748560 10012772
0b000201 0b00c001 10011 100 24248 2076740060 45620923 10014715
0b000601 0b00c401 10023 100 75067 2090744990 31670187 10018977
0b000601 0b00c901 10021 100 24554 2096171180 26248745 10014740
0b000b01 0b00c201 10014 100 58568 2096786498 25658969 10017592
0b000001 0b00c101 10023 100 24931 2084001988 38466832 10014770
0b000f01 0b00cc01 10020 100 66279 2095478001 27027729 10018239
0b000f01 0b00c401 10015 100 23740 2073728301 48839552 10014671
0b000501 0b00ca01 10019 100 53186 2082446999 40134755 10017142
0b000a01 0b00c901 10036 100 30390 2097330136 25256493 10015230
0b000d01 0b00c301 10031 100 18440 2094107145 28497792 10014228
0b000e01 0b00c101 10030 100 167953 2091121493 31489390 10026761
0b000a01 0b00cd01 10025 100 56745 2096282324 26333079 10017438
0b000a01 0b00c101 10016 100 4098 2076435392 46185772 10013027
0b000201 0b00c901 10024 100 111439 2097664318 24961232 10022025
0b000e01 0b00c101 10026 100 411993 2082569899 40069692 10047221
0b000e01 0b00cd01 10014 100 63115 2092794909 29849527 10017974
0b000301 0b00c801 10022 100 176796 2096010074 26643283 10027503
0b000a01 0b00cb01 10025 100 48111 2092687074 29999508 10016717
0b000d01 0b00c401 10031 100 20365 2085420166 37280727 10014389
0b000a01 0b00c001 10024 100 1017 2095116169 27632980 10012769
0b000b01 0b00c201 10010 100 75797 2085453365 37301113 10019035
0b000901 0b00ca01 10018 100 149699 2080676985 42094961 10025231
0b000e01 0b00c701 10012 100 1062 2085287172 37489585 10012772
0b000601 0b00ce01 10020 100 1324 2097081038 25703560 10012793
0b000e01 0b00cf01 10030 100 8924 2097968666 24833424 10013428
0b000301 0b00ca01 10017 100 21307 2075313833 47496571 10014469
0b000e01 0b00c301 10017 100 76882 2095048010 27781111 10019126
0b000f01 0b00c201 10009 100 1113063 2035840105 87002266 10106002
0b000e01 0b00c501 10018 100 124219 2083063090 39825240 10023097
0b000101 0b00c001 10021 100 76660 2071022625 51868626 10019108
0b000601 0b00cc01 10011 100 32963 2092375162 30516829 10015443
0b000101 0b00ce01 10022 100 55275 2084152487 38773790 10017317
0b000f01 0b00c601 10020 100 5291 2095984603 27013141 10013126
0b000201 0b00cc01 10025 100 4085 2087183597 35814759 10013026
0b000b01 0b00c901 10016 100 47893 2094053294 29017022 10016695
0b000901 0b00cb01 10005 100 1220575 2033218438 89864388 10115014
0b000401 0b00c401 10005 100 949763 2055317613 67863498 10092309
0b000101 0b00cb01 10009 100 818707 2046644060 76614031 10081321
0b000a01 0b00c701 10018 100 850707 2058769972 64532270 10084004
0b000101 0b00c301 10013 100 27062 2086554737 36761323 10014952
0b000701 0b00c801 10028 100 104001 2092285507 31043803 10021403
0b000301 0b00cc01 10018 100 2561 2098383131 25019131 10012896
0b000201 0b00c801 10017 100 12389 2083992058 39426809 10013721
0b000d01 0b00c201 10011 100 488095 2071328596 52113970 10053605
0b000d01 0b00c701 10010 100 811698 2049879305 73590723 10080733
0b000501 0b00c701 10014 100 8354 2075950505 47539252 10013382
0b000001 0b00c901 10030 100 7176 2096602142 26931107 10013284
0b000901 0b00c401 10023 100 46097 2094413152 29124998 10016548
0b000601 0b00c301 10024 100 471637 2088490564 35047779 10052223
0b000001 0b00c901 10013 100 1348617 2042721457 80888499 10125749
0b000001 0b00c901 10011 100 1758308 2036137960 87472644 10160099
0b000101 0b00c101 10006 100 1291284 2028446699 95229553 10120944
0b000301 0b00cd01 10016 100 392934 2063988017 59724348 10045623
0b000801 0b00ca01 10025 100 34943 2093957303 29805977 10015609
0b000a01 0b00ce01 10013 100 122404 2075730143 48037958 10022944
0b000a01 0b00c001 10013 100 768280 2057718706 66071615 10077095
0b000c01 0b00cf01 10014 100 32112 2095734252 28084225 10015375
0b000301 0b00cb01 10027 100 16108 2098153168 25669934 10014033
0b000f01 0b00c801 10015 100 6992 2088287283 35546094 10013266
0b000801 0b00c801 10015 100 122432 2089549337 34316276 10022946
0b000f01 0b00cc01 10016 100 341890 2083224436 40720842 10041344
0b000b01 0b00c101 10029 100 36317 2076777364 47200023 10015727
0b000c01 0b00c601 10026 100 73090 2081998758 41986277 10018811
0b000a01 0b00cb01 10018 100 189948 2087633316 36357080 10028605
0b000201 0b00c501 10022 100 18238 2098135131 25883830 10014212
0b000801 0b00c201 10008 100 1469069 2030692002 93328252 10135850
0b000a01 0b00c501 10001 100 1972873 2016595517 107427615 10178086
0b000e01 0b00ce01 10003 100 2288898 2008415134 115705248 10204581
0b000301 0b00c901 10014 100 17693 2084449559 39677248 10014164
0b000f01 0b00cb01 10013 100 384835 2062259082 61868686 10044945
0b000801 0b00c301 10011 100 29969 2073759201 50379506 10015192
0b000d01 0b00c201 10016 100 60741 2086779389 37453498 10017773
0b000801 0b00c601 10016 100 26136 2095171781 29073941 10014874
0b000601 0b00cd01 10015 100 25380 2086461825 37807115 10014810
0b000201 0b00c501 10015 100 21124 2074488978 49796676 10014454
0b000f01 0b00c301 10017 100 5122 2085231759 39092674 10013112
0b000601 0b00ca01 10022 100 23150 2097678805 26693042 10014624
0b000f01 0b00c201 10031 100 60463 2091253736 33159789 10017751
0b000e01 0b00ce01 10018 100 81541 2083624041 40856308 10019518
0b000501 0b00c401 10020 100 346 2098818961 25666108 10012711
0b000a01 0b00cf01 10023 100 32426 2095352539 29145187 10015400
0b000f01 0b00c201 10029 100 57556 2085840011 38674967 10017507
0b000201 0b00c401 10011 100 63487 2075379975 49195889 10018004
0b000001 0b00cf01 10022 100 24146 2087069875 37513155 10014707
0b000501 0b00c101 10025 100 29523 2097643925 26946036 10015157
0b000901 0b00c401 10017 100 454 2075150949 49457580 10012720
0b000401 0b00cb01 10020 100 3108 2086583634 38052250 10012944
0b000d01 0b00cd01 10014 100 28197 2087207895 37448089 10015047
0b000601 0b00cd01 10019 100 43217 2097186927 27477913 10016306
0b000601 0b00c701 10016 100 2101 2086096915 38580751 10012859
0b000701 0b00c901 10015 100 2557 2087842934 36869107 10012896
0b000c01 0b00cb01 10020 100 32321 2098962757 25782952 10015392
0b000601 0b00c701 10015 100 51771 2085255747 39546201 10017021
0b000201 0b00c501 10016 100 37296 2074493756 50328418 10015809
0b000601 0b00c201 10013 100 12260 2098370377 26455148 10013710
0b000501 0b00c501 10019 100 27703 2098146705 26724142 10015003
0b000601 0b00c901 10022 100 30510 2097656886 27214644 10015239
0b000001 0b00cc01 10009 100 1906456 2031783515 93095769 10172519
0b000701 0b00c601 10028 100 108787 2093560940 31342595 10021801
0b000f01 0b00cd01 10015 100 138794 2072274092 52635026 10024317
0b000801 0b00c001 10018 100 5687 2086226084 38736766 10013158
0b000701 0b00c401 10018 100 15560 2077762229 47222433 10013986
0b000101 0b00c301 10017 100 735 2098469077 26588396 10012742
0b000d01 0b00c901 10022 100 40605 2084639786 40423638 10016085
0b000b01 0b00cf01 10020 100 75531 2078565753 46523522 10019014
0b000e01 0b00c001 10020 100 29891 2096776259 28370880 10015186
0b000101 0b00c701 10020 100 21328 2077549607 47641646 10014470
0b000201 0b00c901 10017 100 5970 2086203931 38994962 10013180
0b000f01 0b00cb01 10019 100 185275 2093914677 31301312 10028216
0b000f01 0b00c301 10011 100 1110402 2038262575 86956897 10105778
0b000a01 0b00ca01 10015 100 55673 2086180564 39057602 10017348
0b000a01 0b00cb01 10021 100 179133 2088839344 36412396 10027701
0b000b01 0b00cf01 10023 100 97707 2086185904 39117573 10020872
0b000201 0b00cb01 10015 100 60941 2083860535 41445237 10017789
0b000301 0b00cb01 10024 100 199745 2078713366 46725757 10029427
0b000901 0b00c001 10020 100 55675 2083286440 42156381 10017349
0b000b01 0b00c701 10010 100 252734 2077521361 47930971 10033870
0b000e01 0b00c101 10029 100 10142 2088730362 36748724 10013533
0b000f01 0b00cc01 10019 100 130043 2093393609 32121631 10023586
0b000801 0b00c201 10020 100 46140 2083235189 42334838 10016551
0b000b01 0b00ca01 10019 100 65960 2086449276 39163171 10018210
0b000c01 0b00cf01 10013 100 6661 2089111815 36530034 10013239
0b000a01 0b00c301 10010 100 1206698 2037460110 88229095 10113850
0b000901 0b00c001 10010 100 1076088 2042402046 83365342 10102902
0b000c01 0b00cc01 10024 100 78888 2098166587 27641278 10019294
0b000d01 0b00c501 10017 100 3408 2090227860 35588530 10012968
0b000901 0b00c901 10020 100 55049 2083596351 42310358 10017298
0b000101 0b00c701 10024 100 20942 2098293951 27616686 10014436
0b000401 0b00c201 10016 100 22887 2099311811 26600535 10014599
0b000701 0b00c801 10029 100 15190 2099405211 26531673 10013956
0b000801 0b00c501 10026 100 2005 2090529575 35420977 10012851
0b000d01 0b00ce01 10030 100 110553 2094705992 31247328 10021950
0b000401 0b00c601 10015 100 17676 2079928589 46070660 10014163
0b000601 0b00c301 10025 100 4663 2088841396 37171173 10013072
0b000701 0b00cb01 10019 100 18408 2088037982 37978849 10014225
0b000401 0b00c701 10015 100 2991 2078799823 47230913 10012930
0b000e01 0b00cc01 10020 100 275076 2068636081 57395123 10035745
0b000501 0b00c201 10009 100 35841 2076177432 49888576 10015685
0b000001 0b00cd01 10017 100 8429 2086040521 40071021 10013388
0b000a01 0b00cc01 10018 100 32813 2085681643 40461303 10015431
0b000501 0b00ca01 10023 100 816 2096689065 29475952 10012749
0b000e01 0b00cd01 10012 100 69056 2083697334 42525335 10018473
0b000901 0b00c401 10025 100 4510 2098342172 27891474 10013060
0b000d01 0b00c401 10001 100 4907971 2003102759 123135325 10424164
0b000901 0b00c801 10022 100 6469 2085595490 40669943 10013224
0b000801 0b00ca01 10018 100 89389 2086130847 40159546 10020176
0b000501 0b00c001 10025 100 393949 2084179387 42223283 10045708
0b000301 0b00cf01 10012 100 791418 2060074403 66376713 10079034
0b000c01 0b00cf01 10015 100 26909 2098275688 28210935 10014936
0b000601 0b00c401 10021 100 31031 2078881668 47610235 10015285
0b000501 0b00cb01 10016 100 167299 2081345594 45150245 10026709
0b000501 0b00c901 10017 100 42902 2076411139 50089019 10016277
0b000901 0b00c701 10002 100 2204100 2011985704 114517872 10197475
0b000801 0b00c901 10020 100 12657 2085496523 41028193 10013742
0b000601 0b00cb01 10021 100 46870 2098751657 27775453 10016610
0b000101 0b00cb01 10022 100 3638 2099623741 26911238 10012986
0b000501 0b00c901 10022 100 18581 2087833359 38725526 10014239
0b000501 0b00c101 10019 100 49623 2086679579 39897124 10016841
0b000701 0b00c201 10019 100 5137 2088431979 38195449 10013114
0b000301 0b00c501 10022 100 68319 2096210550 30425563 10018410
0b000701 0b00c801 10022 100 260142 2075055465 51615177 10034493
0b000b01 0b00c301 10032 100 162853 2097835852 28867306 10026334
0b000b01 0b00c101 10036 100 121840 2099256437 27478815 10022895
0b000b01 0b00ce01 10019 100 34384 2077929165 48822944 10015565
0b000c01 0b00c501 10014 100 246168 2092809668 33948088 10033321
0b000501 0b00c201 10011 100 26801 2088744519 38030620 10014927
0b000901 0b00c801 10020 100 22517 2076791308 49997222 10014569
0b000901 0b00cc01 10023 100 94007 2099596047 27201200 10020565
0b000301 0b00ca01 10024 100 71604 2086751152 40085128 10018684
0b000701 0b00ca01 10011 100 8839 2079225893 47654897 10013421
0b000501 0b00ce01 10014 100 68254 2075771508 51116693 10018405
0b000401 0b00cd01 10009 100 80754 2075199286 51720962 10019451
0b000001 0b00cf01 10023 100 27681 2089222077 37710077 10015002
0b000001 0b00c901 10025 100 8285 2081575992 45390473 10013377
0b000101 0b00c001 10026 100 26268 2086050292 40945940 10014885
0b000101 0b00c601 10016 100 506366 2079959488 47068135 10055136
0b000301 0b00c301 10021 100 7708 2098023798 29006506 10013327
0b000301 0b00c201 10018 100 23430 2095323991 31713048 10014646
0b000001 0b00cc01 10022 100 87837 2085938474 41133259 10020044
0b000601 0b00c201 10012 100 1137 2079896339 47193670 10012778
0b000101 0b00c701 10025 100 57426 2099514768 27601354 10017496
0b000f01 0b00c301 10019 100 65978 2097754393 29432538 10018211
0b000d01 0b00c801 10024 100 6225 2099860492 27331136 10013204
0b000e01 0b00c401 10012 100 44776 2077549230 49696931 10016434
0b000801 0b00cd01 10025 100 46112 2086128292 41125685 10016549
0b000b01 0b00c601 10019 100 8882 2086600439 40680777 10013425
0b000e01 0b00c501 10015 100 900763 2057973893 69354075 10088200
0b000701 0b00c901 10016 100 6763 2089206368 38153422 10013247
0b000d01 0b00c101 10020 100 70305 2078301740 49063721 10018577
0b000b01 0b00c801 10017 100 22388 2077129037 50286772 10014559
0b000301 0b00cb01 10017 100 356566 2068478872 58956083 10042576
0b000801 0b00cc01 10021 100 78905 2098550055 28889581 10019295
0b000d01 0b00c301 10033 100 7187 2098973219 28477587 10013285
0b000001 0b00c801 10025 100 24227 2080018738 47450739 10014714
0b000501 0b00cc01 10023 100 26381 2096745202 30773677 10014894
0b000001 0b00c401 10017 100 164482 2076043777 51510615 10026472
0b000b01 0b00c101 10033 100 18716 2088467157 39107490 10014250
0b000901 0b00c401 10002 100 1799699 2018855751 108744317 10163567
0b000601 0b00c401 10028 100 3480 2097756243 29861477 10012973
0b000a01 0b00c101 10022 100 17831 2099202592 28436644 10014175
0b000101 0b00cc01 10009 100 836122 2044589059 83096070 10082783
0b000601 0b00c501 10017 100 14868 2090097808 37610307 10013927
0b000e01 0b00c601 10012 100 12359 2080133710 47605614 10013718
0b000f01 0b00cd01 10013 100 622832 2063283649 64486755 10064898
0b000a01 0b00c001 10025 100 42742 2098115427 29674425 10016264
0b000d01 0b00c001 10026 100 14782 2096496404 31320373 10013920
0b000201 0b00c801 10019 100 59884 2097807549 30032343 10017701
0b000f01 0b00c201 10033 100 54997 2098653631 29222647 10017290
0b000901 0b00c701 10014 100 37739 2087214792 40681579 10015845
0b000601 0b00ce01 10017 100 1499 2090831640 37084126 10012807
0b000f01 0b00cb01 10010 100 775911 2050694981 77252217 10077732
0b000401 0b00c101 10020 100 23823 2089983038 37969739 10014678
0b000b01 0b00cc01 10020 100 39768 2078826156 49140898 10016015
0b000801 0b00c701 10025 100 56324 2088812030 39221231 10017404
0b000601 0b00c201 10004 100 1524979 2020828653 107243949 10140534
0b000701 0b00c601 10026 100 30092 2087503422 40573786 10015206
0b000601 0b00ca01 10017 100 170742 2083770804 44433056 10026996
0b000601 0b00c901 10011 100 882807 2051786751 76439959 10086695
0b000d01 0b00cc01 10018 100 3708 2082814829 45449256 10012992
0b000501 0b00ce01 10017 100 566753 2079832219 48434075 10060197
0b000e01 0b00cf01 10024 100 112361 2075963622 52323813 10022102
0b000b01 0b00c401 10020 100 541 2080427548 47878465 10012727
0b000d01 0b00c501 10021 100 109842 2096904944 31427998 10021889
0b000f01 0b00c401 10007 100 970059 2048116010 80297206 10094013
0b000801 0b00cc01 10020 100 47812 2097840249 30642805 10016689
0b000a01 0b00cb01 10014 100 99458 2080117824 48481923 10021020
0b000201 0b00ca01 10020 100 23877 2089234967 39374936 10014682
0b000601 0b00ca01 10018 100 44570 2088236869 40394572 10016418
0b000001 0b00ce01 10015 100 10866 2089491672 39148540 10013591
0b000601 0b00c001 10026 100 14287 2089214922 39483813 10013880
0b000901 0b00cc01 10019 100 584406 2082465141 46271295 10061678
0b000d01 0b00cf01 10013 100 2326 2089448303 39288968 10012877
0b000c01 0b00c201 10019 100 1013620 2050538643 78226049 10097663
0b000801 0b00c001 10021 100 7447 2092208024 36557795 10013306
0b000f01 0b00c201 10026 100 18917 2082719996 46087354 10014266
0b000f01 0b00c001 10023 100 320119 2089604479 39346209 10039522
0b000901 0b00c801 10021 100 529946 2083791648 45187700 10057110
0b000301 0b00c601 10026 100 365707 2083344932 45679053 10043342
0b000801 0b00c101 10020 100 5537 2079356660 49683958 10013146
0b000301 0b00c101 10015 100 78350 2099642912 29437144 10019251
0b000a01 0b00c801 10017 100 102480 2096838324 32272162 10021273
0b000001 0b00c601 10015 100 5042 2090843277 38342150 10013106
0b000a01 0b00ce01 10017 100 3427 2097788566 31601966 10012969
0b000201 0b00c901 10016 100 32009 2078958255 50450114 10015367
0b000101 0b00c901 10021 100 15756 2080079819 49340870 10014001
0b000001 0b00cb01 10016 100 53291 2082134351 47302723 10017150
0b000b01 0b00ce01 10021 100 74036 2099808369 29663377 10018890
0b000a01 0b00ca01 10017 100 195797 2095825995 33662567 10029096
0b000e01 0b00c401 10015 100 40354 2091849512 37649037 10016065
0b000501 0b00c001 10028 100 63642 2087703800 41897657 10018017
0b000801 0b00cd01 10026 100 6649 2089827641 39793991 10013238
0b000001 0b00cf01 10017 100 28815 2081799129 47823236 10015096
0b000501 0b00c101 10022 100 6000 2092270493 37353437 10013183
0b000601 0b00c701 10013 100 811043 2064110289 65522286 10080681
0b000101 0b00c401 10013 100 113569 2085219503 44517639 10022203
0b000e01 0b00c301 10014 100 6367 2092034615 37707489 10013216
0b000501 0b00c301 10017 100 22971 2080750792 48997365 10014606
0b000c01 0b00ca01 10012 100 828754 2058771742 70985569 10082163
0b000f01 0b00c801 10012 100 612154 2068323844 61529971 10064006
0b000001 0b00cf01 10025 100 37781 2090391975 39472622 10015848
0b000a01 0b00c601 10018 100 28339 2089042785 40843572 10015058
0b000401 0b00cf01 10022 100 27552 2091679263 38207139 10014991
0b000a01 0b00ce01 10018 100 1482 2098280619 31627717 10012806
0b000801 0b00c201 10026 100 33170 2092133914 37795553 10015464
0b000901 0b00cd01 10017 100 53920 2090872735 39137830 10017200
0b000701 0b00c901 10019 100 79718 2096265795 33824028 10019364
0b000901 0b00ce01 10027 100 186934 2096206787 33898995 10028352
0b000701 0b00c401 10021 100 155409 2084758400 45371458 10025711
0b000801 0b00c101 10023 100 5328 2081839832 48347670 10013129
0b000201 0b00c801 10018 100 51559 2090777683 39448902 10017004
0b000701 0b00ce01 10012 100 498651 2079258162 50997677 10054488
0b000901 0b00c201 10022 100 8416 2084106327 46358270 10013387
0b000601 0b00c901 10023 100 327573 2099282318 31200900 10040145
0b000001 0b00cb01 10006 100 1564672 2040904542 89600187 10143863
0b000001 0b00cd01 10018 100 1679 2092366843 38150302 10012822
0b000801 0b00c201 10025 100 2991 2091345727 39182362 10012930
0b000101 0b00cd01 10027 100 37505 2092089705 38442159 10015826
0b000001 0b00c301 10016 100 53882 2090502503 40139653 10017197
0b000801 0b00c301 10015 100 25499 2093148325 37584918 10014819
0b000d01 0b00c101 10026 100 8459 2094150518 36611956 10013391
0b000d01 0b00c601 10025 100 185995 2085226710 45565627 10028273
0b000101 0b00ce01 10020 100 45431 2080355234 50522014 10016491
0b000e01 0b00c801 10018 100 156182 2092939090 37966205 10025777
0b000601 0b00c701 10017 100 150486 2088637658 42309201 10025298
0b000d01 0b00c001 10020 100 232753 2075745883 55245851 10032194
0b000f01 0b00cc01 10021 100 178625 2096328331 34688113 10027657
0b000601 0b00c101 10027 100 51276 2091542271 39522778 10016981
0b000801 0b00c101 10025 100 5536 2091226346 39856415 10013145
0b000401 0b00cb01 10014 100 1093113 2053183918 77911313 10104330
0b000601 0b00cc01 10009 100 412905 2078701538 52403704 10047298
0b000601 0b00cf01 10021 100 529 2091894681 39240661 10012726
0b000101 0b00c401 10004 100 878997 2048483524 82669498 10086375
0b000e01 0b00cb01 10015 100 60792 2083737939 47429151 10017777
0b000401 0b00c501 10025 100 22306 2092813303 38582940 10014552
0b000301 0b00c801 10021 100 1511 2092713204 38803736 10012808
0b000101 0b00c601 10020 100 9913 2091113852 40440241 10013511
0b000401 0b00c201 10015 100 421012 2098111089 33564041 10047981
0b000b01 0b00c601 10020 100 73678 2088566392 43134948 10018858
0b000501 0b00cb01 10022 100 45386 2099839133 31879680 10016487
0b000101 0b00ce01 10002 100 3937512 2007287707 124459704 10342802
0b000701 0b00ce01 10004 100 1476354 2022917071 108868231 10136460
0b000c01 0b00c301 10014 100 828819 2068575346 63329376 10082168
0b000a01 0b00ca01 10014 100 29824 2081201457 50717087 10015181
0b000101 0b00c901 10028 100 10038 2091336736 40589270 10013525
0b000001 0b00cf01 10018 100 51414 2082699026 49231984 10016992
0b000c01 0b00cf01 10009 100 794942 2070444761 61618989 10079328
0b000a01 0b00c101 10013 100 882698 2061763152 70343360 10086686
0b000e01 0b00c601 10014 100 436715 2092721146 39398123 10049295
0b000101 0b00c001 10027 100 17178 2086116796 46176523 10014123
0b000b01 0b00c101 10035 100 28603 2095544713 36756354 10015079
0b000101 0b00cb01 10019 100 69993 2090720979 41667345 10018548
0b000901 0b00c501 10028 100 114295 2083655417 48748740 10022265
0b000201 0b00c601 10025 100 3523 2093577634 38843968 10012977
0b000101 0b00c601 10017 100 48781 2083009237 49451696 10016770
0b000301 0b00cc01 10016 100 14089 2091575186 40886051 10013864
0b000c01 0b00ce01 10019 100 27599 2094904391 37563495 10014995
0b000d01 0b00c801 10020 100 94548 2091885995 40666804 10020608
0b000a01 0b00c801 10012 100 52300 2084422125 48131269 10017067
0b000d01 0b00cf01 10014 100 32340 2095525083 37066380 10015393
0b000201 0b00c901 10018 100 187311 2086746433 45846751 10028386
0b000e01 0b00c701 10015 100 2295 2096070206 36528517 10012875
0b000f01 0b00c201 10032 100 18789 2094113354 38577064 10014256
0b000801 0b00c801 10018 100 47741 2093943959 38832544 10016683
0b000301 0b00c401 10025 100 52047 2091462826 41327494 10017047
0b000001 0b00ca01 10001 100 4918056 2006641747 126171352 10425013
0b000b01 0b00cb01 10018 100 9338 2092906941 39932887 10013465
0b000101 0b00ca01 10019 100 137677 2097642537 35219402 10024224
0b000501 0b00cd01 10025 100 196040 2099034602 33829178 10029119
0b000e01 0b00c601 10015 100 15571 2093425174 39445601 10013987
0b000d01 0b00cc01 10019 100 34815 2095302479 37585235 10015599
0b000701 0b00c301 10019 100 17264 2094238381 38654761 10014130
0b000501 0b00c301 10018 100 43039 2083717736 49232669 10016292
0b000901 0b00c301 10020 100 64902 2084898454 48078735 10018121
0b000801 0b00c501 10025 100 184711 2087131818 45894268 10028167
0b000001 0b00c401 10022 100 26053 2095313693 37723085 10014867
0b000401 0b00c301 10016 100 651480 2083822564 49233120 10067302
0b000501 0b00cb01 10006 100 1573823 2023982322 109112937 10144630
0b000301 0b00cc01 10014 100 106995 2080756955 52374502 10021650
0b000401 0b00c501 10023 100 8499 2084783435 48396515 10013394
0b000001 0b00cd01 10016 100 40608 2085045006 48227096 10016086
0b000801 0b00c501 10027 100 9823 2093135504 40163193 10013504
0b000601 0b00c601 10012 100 129377 2091351991 42047894 10023529
0b000801 0b00cc01 10002 100 3161824 2011030519 122377884 10277768
0b000c01 0b00c601 10027 100 7705 2084272733 49196429 10013327
0b000f01 0b00c401 10000 100 2745166 2008231066 125308308 10242837
0b000801 0b00cb01 10017 100 172589 2099190031 34399807 10027151
0b000c01 0b00c401 10017 100 476775 2070152933 63455731 10052653
0b000501 0b00cd01 10023 100 119519 2091384676 42356126 10022702
0b000601 0b00cc01 10012 100 44347 2094566216 39182738 10016400
0b000901 0b00c601 10018 100 26539 2093333193 40445183 10014906
0b000301 0b00c801 10018 100 283227 2082787762 51003133 10036428
0b000d01 0b00ce01 10027 100 361206 2085442469 48368577 10042966
0b000901 0b00c301 10024 100 8348 2096085747 37752232 10013382
0b000701 0b00c601 10018 100 639243 2059010860 74922218 10066277
0b000b01 0b00c501 10002 100 1833395 2032887094 101071050 10166394
0b000b01 0b00c301 10029 100 15864 2087414910 46578264 10014010
0b000201 0b00c601 10026 100 25218 2094106560 39889394 10014797
0b000801 0b00c401 10025 100 76137 2093788527 40297192 10019066
0b000001 0b00c901 10029 100 445 2095734735 38367325 10012719
0b000001 0b00c401 10023 100 7640 2097043424 37120420 10013321
0b000501 0b00c301 10021 100 16728 2095717959 38484735 10014083
0b000401 0b00c201 10013 100 32526 2085481745 48747029 10015408
0b000e01 0b00cc01 10022 100 66466 2082842337 51415932 10018254
0b000101 0b00c201 10012 100 198195 2096627003 37735074 10029299
0b000501 0b00c901 10012 100 884592 2056100172 78286156 10086845
0b000501 0b00c601 10031 100 2500 2086195604 48196833 10012891
0b000b01 0b00cd01 10005 100 1528460 2043806072 90644744 10140828
0b000c01 0b00c601 10020 100 593596 2068534350 65945941 10062448
0b000b01 0b00cc01 10021 100 608608 2089161015 45330598 10063707
0b000b01 0b00c001 10017 100 6524 2089277285 45227472 10013228
0b000201 0b00c101 10026 100 2421 2095893762 38634678 10012885
0b000501 0b00ca01 10020 100 59126 2084271741 50288055 10017640
0b000b01 0b00c501 10014 100 74903 2087346517 47217927 10018960
0b000d01 0b00c401 10034 100 375019 2095580235 38990399 10044125
0b000201 0b00cf01 10018 100 711947 2064474253 70103501 10072369
0b000c01 0b00c401 10021 100 585504 2085802683 48803005 10061770
0b000b01 0b00cf01 10017 100 851113 2067574299 67060702 10084040
0b000f01 0b00c501 10024 100 5836 2095296492 39345805 10013169
0b000201 0b00cb01 10016 100 4435 2088661447 45981731 10013054
0b000301 0b00ce01 10022 100 463955 2083914435 50730588 10051578
0b000d01 0b00c501 10019 100 69104 2096016838 38721579 10018477
0b000b01 0b00c601 10011 100 1142167 2053239931 81573490 10108442
0b000e01 0b00cc01 10024 100 13177 2089157688 45723315 10013787
0b000101 0b00c901 10027 100 23275 2085979728 48908534 10014634
0b000401 0b00cd01 10015 100 69882 2085571106 49343790 10018539
0b000001 0b00c701 10018 100 38227 2086795507 48127510 10015887
0b000501 0b00cb01 10021 100 5350 2096905861 38032919 10013131
0b000901 0b00c901 10024 100 20006 2096679968 38352286 10014361
0b000401 0b00c901 10023 100 53786 2093865585 41257238 10017190
0b000401 0b00cc01 10020 100 281301 2087414725 47723968 10036266
0b000001 0b00cf01 10028 100 14935 2094263465 40876534 10013932
0b000a01 0b00c901 10011 100 1915839 2021568433 113576132 10173304
0b000601 0b00ce01 10004 100 1945175 2017060841 118164051 10175766
0b000301 0b00c001 10009 100 1334941 2046722686 88627636 10124601
0b000b01 0b00c001 10018 100 16442 2098865743 36493236 10014060
0b000a01 0b00cf01 10016 100 773598 2067536032 67905353 10077540
0b000001 0b00ca01 10021 100 31779 2086491833 49016604 10015345
0b000c01 0b00cd01 10017 100 9245 2088836021 46679847 10013458
0b000f01 0b00c701 10013 100 4460 2099037040 36504101 10013056
0b000601 0b00cc01 10013 100 289825 2098489944 37218207 10036979
0b000b01 0b00ca01 10014 100 1058618 2056157778 79571195 10101436
0b000701 0b00c701 10020 100 898301 2055273321 80474822 10087996
0b000401 0b00ca01 10022 100 102796 2094372058 41387431 10021299
0b000501 0b00c701 10007 100 1029791 2052836092 82969584 10099018
0b000501 0b00c901 10026 100 45302 2096225712 39606687 10016480
0b000e01 0b00ce01 10019 100 67112 2087434544 48404761 10018310
0b000f01 0b00c901 10025 100 47623 2095088832 40819317 10016674
0b000001 0b00cf01 10005 100 1722534 2027528987 108517109 10157099
0b000a01 0b00c801 10015 100 46664 2092625239 43424255 10016593
0b000901 0b00c201 10023 100 3094 2090604706 45445283 10012942
0b000701 0b00cb01 10003 100 1452900 2020458306 115715101 10134491
0b000e01 0b00cc01 10025 100 456449 2092373240 43810958 10050950
0b000101 0b00c801 10016 100 663578 2077323203 58880704 10068316
0b000c01 0b00cc01 10020 100 20491 2086548751 49766172 10014399
0b000001 0b00c701 10017 100 26362 2086638384 49779852 10014892
0b000101 0b00cd01 10014 100 1089018 2042928203 93560192 10103987
0b000901 0b00ca01 10022 100 9422 2090978477 45578623 10013472
0b000601 0b00c501 10016 100 110187 2085289237 51268690 10021921
0b000601 0b00cf01 10016 100 800871 2062316594 74275434 10079825
0b000b01 0b00c801 10019 100 75492 2089277979 47406318 10019011
0b000b01 0b00c801 10009 100 1418177 2037660091 99042275 10131583
0b000801 0b00c201 10023 100 33220 2086259462 50468493 10015468
0b000101 0b00c901 10024 100 565703 2082547429 54186754 10060109
0b000d01 0b00c101 10025 100 20728 2090588561 46207511 10014418
0b000001 0b00cb01 10021 100 2095 2089948373 46851706 10012859
0b000501 0b00c101 10020 100 51996 2087795735 49075081 10017039
0b000501 0b00c801 10016 100 70963 2086043827 50877071 10018629
0b000901 0b00c301 10023 100 51767 2089153039 47806533 10017021
0b000401 0b00cf01 10023 100 60345 2095134848 41831393 10017741
0b000401 0b00c801 10013 100 11865 2089665097 47352523 10013675
0b000401 0b00c701 10013 100 655483 2074572665 62458190 10067637
0b000601 0b00c301 10027 100 22576 2098357292 38696153 10014574
0b000701 0b00c701 10031 100 8696 2088837128 48251976 10013410
0b000701 0b00ce01 10003 100 1546461 2018811683 118353507 10142337
0b000701 0b00c601 10027 100 6243 2089010551 48237887 10013206
0b000e01 0b00c101 10027 100 44788 2086545237 50784982 10016435
0b000d01 0b00ce01 10010 100 972778 2057474861 79879839 10094238
0b000901 0b00c201 10025 100 15526 2091444668 45988589 10013983
0b000c01 0b00c801 10021 100 9765 2096210371 41249678 10013499
0b000301 0b00c301 10018 100 578798 2073282755 64249331 10061207
0b000901 0b00c001 10023 100 47159 2097911322 39638827 10016637
0b000b01 0b00c201 10008 100 422747 2078935691 58648376 10048124
0b000701 0b00cf01 10017 100 26766 2089283690 48303395 10014924
0b000f01 0b00c301 10016 100 176644 2081326985 56388870 10027491
0b000b01 0b00c701 10014 100 10540 2088052863 49723308 10013565
0b000001 0b00c801 10011 100 1814647 2045018606 92792641 10164821
0b000d01 0b00ce01 10026 100 191921 2081743771 56074393 10028770
0b000d01 0b00c501 10022 100 41229 2099774104 38184463 10016139
0b000401 0b00ca01 10023 100 39790 2096955829 41075441 10016016
0b000d01 0b00c301 10028 100 130269 2088351944 49726357 10023604
0b000b01 0b00c301 10027 100 192392 2083874462 54308334 10028812
0b000101 0b00c301 10015 100 62296 2088842732 49356094 10017905
0b000c01 0b00cd01 10019 100 107659 2094997585 43203635 10021707
0b000e01 0b00ce01 10004 100 2206579 2015153585 123089027 10197681
0b000f01 0b00c401 10014 100 684606 2071374201 66891650 10070078
0b000b01 0b00c701 10015 100 65575 2098308531 40078054 10018179
0b000001 0b00c201 10021 100 113321 2093154881 45317197 10022183
0b000601 0b00c201 10014 100 25326 2099675728 38907864 10014805
0b000901 0b00ca01 10025 100 59354 2098497914 40115699 10017658
0b000d01 0b00ce01 10031 100 63970 2096931098 41683485 10018043
0b000901 0b00cb01 10019 100 20194 2098423889 40195043 10014376
0b000601 0b00cd01 10010 100 955251 2053890596 84773336 10092771
0b000a01 0b00c801 10016 100 25767 2096116725 42581620 10014841
0b000201 0b00ce01 10016 100 321126 2076068360 62630667 10039606
0b000b01 0b00cf01 10015 100 1156984 2058865815 79964231 10109681
0b000701 0b00ce01 10015 100 47716 2096871923 41965262 10016681
0b000e01 0b00c601 10018 100 7307 2099393819 39453264 10013295
0b000501 0b00c401 10013 100 729252 2064803833 74053889 10073823
0b000501 0b00c301 10022 100 47899 2099142078 39727427 10016696
0b000901 0b00c401 10022 100 56010 2088402846 50559866 10017379
0b000101 0b00c901 10011 100 1016328 2049769734 89201969 10097891
0b000b01 0b00c201 10011 100 26820 2088776966 50239562 10014929
0b000201 0b00cd01 10013 100 631477 2073416240 65648780 10065625
0b000001 0b00cf01 10027 100 474094 2094126365 44942054 10052431
0b000401 0b00c501 10024 100 13862 2090795584 48283754 10013842
0b000001 0b00cd01 10020 100 34085 2098733242 40363356 10015541
0b000601 0b00c801 10025 100 95001 2097636333 41533448 10020648
0b000701 0b00cf01 10016 100 61668 2088476813 50712775 10017851
0b000601 0b00c101 10026 100 4255 2091141524 48068939 10013039
0b000801 0b00ca01 10008 100 1624713 2029123542 110146905 10148897
0b000801 0b00c601 10007 100 1449905 2035778881 103551172 10134240
0b000401 0b00c001 10030 100 19677 2098995779 40402327 10014330
0b000001 0b00c901 10031 100 39743 2099058902 40489939 10016013
0b000b01 0b00ca01 10020 100 56591 2098165457 41387765 10017426
0b000501 0b00ce01 10023 100 60847 2099287894 40424548 10017782
0b000601 0b00c001 10027 100 152041 2096192176 43631052 10025430
0b000201 0b00cf01 10028 100 2623 2098983447 40844795 10012901
0b000301 0b00c101 10014 100 96154 2097435002 42447300 10020744
0b000301 0b00c501 10016 100 98492 2088314003 51593740 10020939
0b000501 0b00c901 10024 100 28620 2091592062 48368169 10015080
0b000301 0b00c801 10017 100 183216 2082331098 57732375 10028043
0b000301 0b00c601 10030 100 203367 2092089747 47992282 10029732
0b000e01 0b00cf01 10029 100 75105 2095745232 44396238 10018980
0b000501 0b00c401 10001 100 1670107 2025348269 114899050 10152705
0b000c01 0b00c201 10031 100 245155 2092437149 47875002 10033237
0b000201 0b00cd01 10011 100 796927 2060899430 79562959 10079494
0b000701 0b00c901 10020 100 20479 2099529919 40984801 10014398
0b000e01 0b00c901 10024 100 34457 2099810908 40709781 10015570
0b000901 0b00cf01 10022 100 80641 2088582527 51974439 10019442
0b000001 0b00c101 10026 100 536331 2099488421 41114285 10057648
0b000f01 0b00c801 10011 100 749812 2063830251 76773601 10075544
0b000601 0b00c001 10025 100 440507 2087403772 53290762 10049614
0b000301 0b00c101 10013 100 4125 2092390062 48335392 10013029
0b000701 0b00cd01 10017 100 55592 2090423373 50486290 10017342
0b000001 0b00c301 10015 100 409785 2087685846 53278545 10047037
0b000a01 0b00c801 10014 100 23078 2090885504 50087139 10014618
0b000c01 0b00ce01 10017 100 195646 2088226805 52792929 10029084
0b000201 0b00cd01 10015 100 99728 2087658964 53372308 10021042
0b000c01 0b00c601 10029 100 123660 2097027718 44119697 10023048
0b000e01 0b00c401 10004 100 2089630 2017359449 123798224 10187876
0b000c01 0b00cc01 10015 100 1029039 2064988361 76206394 10098958
0b000701 0b00c701 10023 100 911771 2056892507 84327136 10089123
0b000e01 0b00c301 10013 100 641320 2088696731 52530887 10066450
0b000e01 0b00c101 10031 100 52649 2099568085 41662106 10017095
0b000501 0b00cd01 10016 100 802699 2065503395 75825780 10079979
0b000d01 0b00cb01 10006 100 1837126 2021165866 120168439 10166708
0b000401 0b00c701 10017 100 107588 2090159904 51219954 10021701
0b000901 0b00c101 10025 100 250000 2084005013 57454916 10033640
0b000301 0b00c001 10018 100 85515 2099789845 41812299 10019851
0b000101 0b00c001 10028 100 16291 2092341741 49443429 10014048
0b000801 0b00c501 10028 100 10731 2095689536 46148733 10013580
0b000e01 0b00c301 10015 100 590 2093130034 48742830 10012731
0b000c01 0b00c801 10019 100 692184 2089277791 52606711 10070715
0b000501 0b00c901 10015 100 783052 2065949305 76160261 10078334
0b000001 0b00ca01 10025 100 58131 2098899337 43259941 10017557
0b000e01 0b00c601 10008 100 816247 2064757798 77446475 10081117
0b000701 0b00cf01 10013 100 670107 2070304553 71929677 10068865
0b000001 0b00cc01 10025 100 9598 2095342583 46901345 10013486
0b000401 0b00c401 10007 100 993908 2067625935 74652739 10096009
0b000101 0b00c601 10001 100 2580857 2013477379 128908338 10229059
0b000a01 0b00c201 10016 100 61367 2090276323 52153386 10017827
0b000d01 0b00ca01 10004 100 1248755 2038696065 103884802 10117376
0b000001 0b00c701 10019 100 55914 2092249459 50399599 10017368
0b000501 0b00cb01 10020 100 24090 2094041985 48613646 10014703
0b000601 0b00c401 10030 100 496140 2098678067 43989058 10054279
0b000101 0b00cc01 10020 100 172088 2089226224 53502246 10027111
0b000b01 0b00c201 10013 100 173731 2091608030 51295781 10027246
0b000501 0b00c301 10020 100 79072 2091837876 51071906 10019312
0b000f01 0b00ca01 10026 100 65444 2099313388 43690651 10018168
0b000201 0b00c101 10013 100 1102006 2049733773 93344529 10105076
0b000201 0b00c601 10020 100 608612 2078022273 65119243 10063707
0b000b01 0b00c901 10017 100 28573 2096236388 46999129 10015077
0b000d01 0b00c001 10025 100 24459 2096205440 47115639 10014732
0b000401 0b00c501 10017 100 752898 2068088319 75243849 10075803
0b000001 0b00c001 10016 100 151875 2098145131 45250605 10025413
0b000701 0b00cb01 10020 100 78073 2091533129 51914284 10019229
0b000201 0b00c401 10016 100 181029 2093359844 50201367 10027861
0b000901 0b00ca01 10023 100 2753 2094290952 49279812 10012911
0b000701 0b00cf01 10018 100 116197 2089852580 53729607 10022425
0b000101 0b00cb01 10016 100 938671 2060490715 83145908 10091379
0b000b01 0b00c601 10015 100 731415 2072249237 71411051 10074004
0b000501 0b00c001 10030 100 339085 2099215998 44491392 10041112
0b000701 0b00c001 10020 100 8894 2095831701 47891483 10013426
0b000f01 0b00ca01 10024 100 15782 2096685465 47044784 10014004
0b000201 0b00c301 10005 100 1145227 2022626745 121127468 10108698
0b000001 0b00ce01 10017 100 150446 2098444725 45338124 10025295
0b000a01 0b00c501 10015 100 632475 2080233349 63562512 10065708
0b000901 0b00ca01 10024 100 58564 2095671541 48218885 10017591
0b000601 0b00c401 10026 100 15594 2095623282 48307059 10013988
0b000501 0b00c401 10009 100 1335147 2049444273 94487497 10124622
0b000401 0b00cd01 10017 100 20565 2095421324 48518452 10014405
0b000b01 0b00cf01 10027 100 550 2098297446 45796270 10012727
0b000c01 0b00cc01 10016 100 1085503 2065939774 78271043 10103690
0b000001 0b00c701 10020 100 5139 2097179214 47041500 10013114
0b000901 0b00cc01 10021 100 21218 2097359996 46865389 10014461
0b000f01 0b00c101 10024 100 49973 2093310852 51029243 10016869
0b000e01 0b00c501 10021 100 51096 2095634975 48721219 10016967
0b000c01 0b00c601 10028 100 74093 2092954034 51495135 10018895
0b000101 0b00c501 10006 100 1536141 2024471550 120025624 10141473
0b000801 0b00c801 10021 100 159632 2099082860 45448296 10026064
0b000a01 0b00cb01 10019 100 136025 2088377948 56185863 10024088
0b000a01 0b00c201 10019 100 4853 2098342552 46241641 10013087
0b000901 0b00c701 10008 100 1631223 2029201460 115403268 10149444
0b000801 0b00c201 10007 100 1881801 2025640935 118973412 10170450
0b000e01 0b00c701 10017 100 145498 2098910302 45763587 10024880
0b000e01 0b00c701 10011 100 463745 2081116209 63584344 10051561
0b000701 0b00cc01 10010 100 997669 2053718137 91110103 10096325
0b000601 0b00c901 10007 100 1580621 2032447812 112518117 10145200
0b000d01 0b00c401 10036 100 13278 2098307047 46903398 10013796
0b000a01 0b00c201 10006 100 1827015 2026331249 118954996 10165860
0b000401 0b00ce01 10023 100 6699 2097315764 47981953 10013242
0b000601 0b00ce01 10021 100 9969 2097290005 48055363 10013515
0b000201 0b00c601 10003 100 1761185 2011239799 134214266 10160340
0b000201 0b00c101 10025 100 30037 2095490943 50027678 10015202
0b000701 0b00c801 10012 100 1338520 2033446704 112076924 10124903
0b000601 0b00c701 10011 100 1283106 2037574020 108108274 10120259
0b000001 0b00c301 10001 100 2854846 2013588734 132199188 10252030
0b000301 0b00c201 10014 100 1066781 2055169277 90637970 10102119
0b000901 0b00c901 10023 100 4526 2096110817 49697990 10013061
0b000201 0b00c701 10020 100 372167 2098843893 46977339 10043885
0b000401 0b00c901 10024 100 606018 2097718449 48105452 10063492
0b000901 0b00c001 10022 100 4369 2096208142 49741732 10013048
0b000401 0b00ca01 10024 100 649597 2097652375 48375955 10067143
0b000601 0b00c501 10012 100 919065 2059075496 86956824 10089738
0b000901 0b00cb01 10009 100 1102379 2041196552 104945552 10105105
0b000101 0b00c001 10010 100 1515718 2027347124 118855607 10139758
0b000901 0b00c901 10025 100 85594 2097110541 49193163 10019857
0b000001 0b00c101 10025 100 9551 2097278145 49041958 10013482
0b000401 0b00c601 10017 100 447693 2082488161 63863068 10050215
0b000701 0b00c601 10021 100 727701 2073131232 73232186 10073691
0b000701 0b00c401 10019 100 377404 2079333698 67134508 10044323
0b000101 0b00cb01 10021 100 93603 2094314204 52254567 10020529
0b000501 0b00cf01 10013 100 39592 2097370321 49335623 10016000
0b000401 0b00c601 10012 100 1107473 2061370248 85360711 10105532
0b000901 0b00c301 10009 100 1287457 2035031220 111791492 10120622
0b000801 0b00cf01 10018 100 357601 2090159329 56668983 10042662
0b000801 0b00c201 10028 100 56140 2094158472 52800582 10017390
0b000d01 0b00c101 10024 100 692752 2087603244 59510386 10070761
0b000e01 0b00c101 10019 100 1195401 2063502457 83666397 10112904
0b000b01 0b00ce01 10020 100 23514 2097014203 50303877 10014653
0b000601 0b00c801 10026 100 25470 2098768289 48718945 10014817
0b000b01 0b00c301 10025 100 1087160 2072315446 75278278 10103830
0b000601 0b00cd01 10014 100 890678 2073411357 74230999 10087355
0b000d01 0b00c701 10022 100 588314 2093961157 54063447 10062006
0b000e01 0b00c201 10014 100 44154 2099588132 48462246 10016385
0b000e01 0b00c501 10022 100 27449 2097885817 50275900 10014983
0b000801 0b00c901 10021 100 283657 2096334203 51835094 10036463
0b000e01 0b00c701 10001 100 2462236 2011999267 136243183 10219116
0b000d01 0b00c201 10018 100 73570 2098795310 49501591 10018849
0b000e01 0b00cb01 10018 100 299078 2099593668 48728529 10037758
0b000701 0b00cc01 10005 100 1691109 2021107044 127281744 10154466
0b000801 0b00c801 10020 100 74751 2097602553 50895513 10018948
0b000c01 0b00c201 10029 100 954809 2079027330 69921729 10092731
0b000a01 0b00cb01 10026 100 356267 2094945346 54031987 10042552
0b000301 0b00ce01 10025 100 202468 2099866432 49269975 10029656
0b000701 0b00c201 10020 100 46190 2099163616 49994576 10016555
0b000401 0b00c001 10009 100 1815714 2034669806 114542648 10164910
0b000501 0b00c601 10029 100 819316 2079117338 70224305 10081374
0b000101 0b00c601 10002 100 2252190 2015205229 134189289 10201506
0b000101 0b00ca01 10021 100 77833 2098880290 50641339 10019206
0b000b01 0b00c101 10034 100 830252 2090508336 59065982 10082291
0b000d01 0b00ce01 10025 100 874604 2081106364 68596717 10086008
0b000a01 0b00ca01 10001 100 6421829 2003526518 146183656 10551086
0b000e01 0b00cf01 10007 100 2590688 2016236388 133629369 10229884
0b000101 0b00c201 10013 100 329902 2096711857 53192514 10040339
0b000d01 0b00c301 10026 100 674519 2086000358 64016336 10069233
0b000301 0b00c701 10017 100 37811 2099168860 50864542 10015850
0b000b01 0b00c801 10008 100 1813462 2036656423 113599466 10164722
0b000001 0b00c401 10019 100 565431 2087350940 63176760 10060087
0b000601 0b00cb01 10018 100 286458 2092095050 58524101 10036698
0b000f01 0b00c801 10016 100 372723 2091020111 59753660 10043930
0b000c01 0b00c401 10015 100 1302210 2066943994 83831937 10121860
0b000901 0b00cc01 10022 100 52027 2099260757 51535481 10017045
0b000101 0b00cc01 10017 100 776979 2077915329 72896013 10077822
0b000001 0b00c601 10006 100 2571091 2019993411 130856499 10228243
0b000101 0b00c501 10008 100 1403500 2032344838 119054879 10130351
0b000301 0b00c601 10029 100 209202 2091316123 60202746 10030222
0b000101 0b00c801 10018 100 726091 2081248589 70286940 10073558
0b000c01 0b00ca01 10008 100 1690230 2031900954 119669783 10154391
0b000e01 0b00c401 10008 100 1274930 2059674847 92277009 10119570
0b000c01 0b00c201 10002 100 2755264 2014011732 138218798 10243684
0b000d01 0b00c701 10018 100 639878 2080424741 71894168 10066327
0b000201 0b00c801 10008 100 1139901 2030229002 122235750 10108249
0b000201 0b00c901 10012 100 943406 2058487174 94262066 10091777
0b000501 0b00c301 10008 100 2174617 2020743432 132062763 10195001
0b000b01 0b00cb01 10017 100 680130 2086502514 66428183 10069705
0b000801 0b00ca01 10020 100 276320 2087279114 65718996 10035849
0b000801 0b00c301 10007 100 1247381 2044863995 108152704 10117262
0b000601 0b00c301 10018 100 909054 2074094881 78926113 10088898
0b000801 0b00cc01 10007 100 1664990 2026105492 126925136 10152272
0b000601 0b00c801 10019 100 1010253 2072186481 80983039 10097382
0b000c01 0b00c601 10002 100 4673778 2002893703 150382618 10404530
0b000301 0b00cb01 10028 100 384244 2098671716 54821910 10044897
0b000301 0b00cc01 10004 100 2541816 2018975136 134674163 10225786
0b000d01 0b00ca01 10020 100 234175 2095421286 58293020 10032316
0b000601 0b00c901 10012 100 1428649 2057404195 96450516 10132459
0b000501 0b00c601 10015 100 1239766 2053209802 100833065 10116622
0b000901 0b00c101 10006 100 2827032 2015379811 138792533 10249702
0b000901 0b00ce01 10020 100 1017527 2076940551 77275884 10097991
0b000f01 0b00c901 10026 100 193961 2098399344 55868485 10028941
0b000501 0b00c901 10020 100 688616 2086906463 67735538 10070415
0b000401 0b00ce01 10024 100 237550 2098506731 56405191 10032597
0b000101 0b00c401 10017 100 198524 2097719526 57378480 10029326
0b000d01 0b00c001 10015 100 1141662 2066531142 88866641 10108398
0b000a01 0b00c501 10017 100 509285 2095213510 60227090 10055381
0b000701 0b00c001 10019 100 690669 2084778758 70692802 10070586
0b000801 0b00c901 10013 100 1368886 2043950092 111810402 10127447
0b000b01 0b00cb01 10013 100 1231094 2069398823 86673400 10115898
0b000f01 0b00c701 10006 100 1664850 2023920641 132200609 10152261
0b000d01 0b00c101 10022 100 891493 2084166414 72010623 10087424
0b000701 0b00c501 10016 100 997824 2062848019 93480215 10096338
0b000501 0b00c001 10024 100 603510 2083920131 72818758 10063280
0b000c01 0b00ce01 10014 100 1143276 2075580303 81190580 10108535
0b000401 0b00cf01 10018 100 1141538 2074809023 82146287 10108388
0b000b01 0b00cc01 10008 100 2542803 2032643997 124576259 10225869
0b000e01 0b00c701 10010 100 950660 2069574755 87663873 10092384
0b000c01 0b00c201 10028 100 940689 2075063855 82189943 10091548
0b000301 0b00c001 10017 100 286544 2095659539 61622173 10036705
0b000c01 0b00c101 10021 100 627536 2085507750 71783740 10065294
0b000601 0b00c301 10002 100 2799135 2011090759 146282208 10247362
0b000701 0b00cb01 10002 100 1842814 2016171712 141256752 10167182
0b000c01 0b00c301 10004 100 2132629 2026640576 130885389 10191481
0b000e01 0b00ce01 10022 100 615338 2095237089 62321374 10064272
0b000901 0b00c101 10026 100 896829 2089375715 68218179 10087870
0b000f01 0b00c601 10014 100 948399 2064087427 93619234 10092196
0b000401 0b00cc01 10009 100 1384768 2048284650 109490971 10128779
0b000b01 0b00c001 10003 100 1890263 2028582773 129288542 10171162
0b000f01 0b00c101 10023 100 758263 2088620251 69303409 10076255
0b000f01 0b00cc01 10014 100 913871 2070146999 87776918 10089299
0b000401 0b00cf01 10021 100 847573 2081380227 76728786 10083742
0b000a01 0b00c901 10013 100 2117041 2025239223 132903429 10190176
0b000b01 0b00c801 10018 100 1210529 2087662364 70587371 10114172
0b000b01 0b00c901 10018 100 916243 2096502500 61747995 10089500
0b000c01 0b00c401 10010 100 1241206 2049785081 108528266 10116745
0b000001 0b00cb01 10012 100 1302641 2068088985 90332387 10121894
0b000a01 0b00c901 10021 100 1219734 2063628877 94938367 10114943
0b000c01 0b00cc01 10023 100 716662 2093013281 65730577 10072766
0b000301 0b00c801 10019 100 653689 2083507398 75418848 10067486
0b000b01 0b00c101 10009 100 3113265 2029499077 129745078 10273698
0b000c01 0b00ca01 10005 100 1936044 2027238285 132034443 10175001
0b000e01 0b00c301 10009 100 878829 2077024996 82453686 10086361
0b000c01 0b00ce01 10012 100 1323957 2074801209 84699338 10123680
0b000d01 0b00ca01 10014 100 1308926 2066421547 93139108 10122420
0b000801 0b00c101 10011 100 1509872 2036584476 123008864 10139268
0b000a01 0b00c001 10017 100 1116531 2070618325 89453670 10106291
0b000201 0b00c601 10017 100 990135 2065707494 94555712 10095696
0b000301 0b00c201 10000 100 9453064 2001182805 159138669 10805228
0b000a01 0b00c301 10022 100 574297 2099684357 60663075 10060831
0b000a01 0b00c401 10021 100 631556 2093889208 66532108 10065631
0b000401 0b00c301 10004 100 1654059 2045500254 114927053 10151359
0b000f01 0b00c101 10014 100 1422354 2057314112 103271375 10131932
0b000601 0b00ca01 10007 100 1700266 2038275298 122327491 10155233
0b000801 0b00cf01 10003 100 1987416 2027745846 132915781 10179307
0b000701 0b00cb01 10018 100 995674 2069594539 91364093 10096158
0b000d01 0b00c601 10023 100 943470 2074750444 86459758 10091782
0b000401 0b00c201 10006 100 2548236 2025661389 135591037 10226327
0b000b01 0b00ce01 10003 100 3116898 2021738685 139566191 10274001
0b000801 0b00c901 10012 100 1474037 2042644372 118689011 10136266
0b000401 0b00c901 10008 100 1920522 2038963311 122591023 10173698
0b000501 0b00cd01 10006 100 2423521 2019767535 142219513 10215869
0b000d01 0b00c401 10028 100 1003297 2069114302 93017637 10096799
0b000201 0b00ce01 10007 100 1559556 2027212072 134990187 10143434
0b000f01 0b00c501 10002 100 3882421 2004513783 157784751 10338184
0b000c01 0b00c701 10006 100 1951138 2022347243 140044439 10176266
0b000b01 0b00c101 10031 100 1460460 2082565595 79969543 10135127
0b000b01 0b00c801 10021 100 1561255 2097733482 64815661 10143578
0b000501 0b00c901 10018 100 826005 2081890975 80681699 10081936
0b000601 0b00c901 10009 100 1727766 2036554864 126171012 10157536
0b000001 0b00ce01 10016 100 535030 2094504376 68250498 10057540
0b000101 0b00cd01 10013 100 1435257 2041019014 121934937 10133014
0b000b01 0b00c601 10002 100 3816632 2016546441 146526048 10332667
0b000b01 0b00c701 10012 100 1711639 2081185177 81968931 10156185
0b000c01 0b00cb01 10021 100 416226 2099538340 63692176 10047579
0b000e01 0b00ce01 10005 100 2955127 2017325098 145964384 10260441
0b000701 0b00c901 10004 100 1954652 2025462164 137952200 10176559
0b000201 0b00cf01 10008 100 1772324 2016581724 146858037 10161274
0b000c01 0b00c501 10000 100 3726942 2007969232 155558192 10325147
0b000201 0b00c301 10016 100 599543 2093520659 70292859 10062947
0b000f01 0b00c201 10004 100 2056959 2014691714 149189418 10185135
0b000c01 0b00c601 10023 100 1037887 2079121020 84873291 10099696
0b000301 0b00cd01 10019 100 744049 2081696710 82385113 10075064
0b000301 0b00c501 10009 100 1822815 2045797508 118493395 10165505
0b000301 0b00c401 10027 100 879078 2092410913 72304904 10086385
0b000401 0b00c301 10015 100 1241075 2081395994 83368837 10116735
0b000101 0b00cd01 10025 100 769105 2088218916 76665274 10077165
0b000b01 0b00c501 10011 100 1656320 2085009215 79902947 10151548
0b000a01 0b00c701 10010 100 1893640 2037215159 127839775 10171444
0b000401 0b00ca01 10015 100 1685768 2049978197 115156917 10154015
0b000e01 0b00c501 10020 100 849274 2093651846 71706715 10083885
0b000901 0b00c501 10001 100 3975399 2002971099 162505057 10345979
0b000f01 0b00c401 10021 100 1008620 2097799379 67804580 10097244
0b000001 0b00cf01 10016 100 1295714 2076414366 89231899 10121313
0b000501 0b00c401 10005 100 1702642 2041193833 124594584 10155430
0b000201 0b00cf01 10024 100 532399 2091480155 74341333 10057318
0b000f01 0b00c001 10024 100 870791 2093206380 72748889 10085687
0b000301 0b00cf01 10017 100 788110 2081787627 84555577 10078758
0b000b01 0b00cf01 10024 100 1244554 2090091687 76485330 10117025
0b000001 0b00c401 10020 100 926627 2088462540 78160213 10090369
0b000b01 0b00cd01 10015 100 946709 2093206694 73445965 10092053
0b000b01 0b00c501 10007 100 2371466 2053514037 113182514 10211505
0b000401 0b00cc01 10010 100 1582570 2052791705 114012647 10145364
0b000e01 0b00c301 10011 100 812167 2086530883 80382465 10080775
0b000f01 0b00c301 10008 100 1529891 2035775195 131195843 10140946
0b000a01 0b00ca01 10016 100 788134 2094397031 72606027 10078760
0b000d01 0b00c301 10002 100 2487501 2011125961 155996676 10221234
0b000701 0b00cc01 10003 100 1966132 2017584806 149635835 10177523
0b000c01 0b00c201 10018 100 1620640 2049476793 118083029 10148555
0b000a01 0b00c401 10011 100 1568000 2051360852 116462266 10144141
0b000b01 0b00c601 10009 100 3132877 2042834936 125158281 10275340
0b000b01 0b00c101 10022 100 1771581 2054623691 113395819 10161210
0b000601 0b00ce01 10023 100 1268655 2098999838 69224187 10119045
0b000801 0b00cf01 10011 100 1150729 2065500268 102891359 10109158
0b000801 0b00c401 10022 100 849691 2081364073 87256844 10083919
0b000a01 0b00cd01 10014 100 1341573 2051743624 116896091 10125159
0b000701 0b00c201 10014 100 984565 2073731219 94935535 10095227
0b000901 0b00c001 10021 100 1208515 2085335433 83436888 10114003
0b000b01 0b00c101 10007 100 3048688 2016908133 151960954 10268283
0b000b01 0b00cd01 10007 100 1803970 2055551046 113398475 10163924
0b000f01 0b00c501 10014 100 1816003 2044954610 124078895 10164937
0b000001 0b00c001 10015 100 1173288 2092995747 76248577 10111051
0b000701 0b00c301 10013 100 1392824 2047975318 121415721 10129455
0b000601 0b00c401 10008 100 2525547 2030762693 138816963 10224423
0b000a01 0b00c601 10016 100 1312928 2080128245 89558624 10122756
0b000401 0b00c601 10010 100 2211092 2042896819 126826449 10198061
0b000601 0b00c401 10015 100 1382434 2054929700 114922781 10128585
0b000f01 0b00cb01 10011 100 1346530 2051313085 118564617 10125574
0b000001 0b00cf01 10004 100 2560522 2025831425 144126760 10227356
0b000b01 0b00cd01 10014 100 1227584 2091650129 78781218 10115602
0b000201 0b00c501 10019 100 838589 2080177899 90730727 10082988
0b000a01 0b00cd01 10022 100 937572 2079389223 91584615 10091287
0b000601 0b00c001 10013 100 1919824 2046257621 124902762 10173638
0b000901 0b00ce01 10011 100 1917104 2034402904 136768015 10173413
0b000301 0b00c501 10021 100 675129 2095871798 75471756 10069286
0b000d01 0b00c501 10007 100 1366474 2051284841 120146016 10127247
0b000d01 0b00ce01 10006 100 1482442 2048526821 122914671 10136970
0b000901 0b00c101 10017 100 1506812 2045480213 126005961 10139011
0b000b01 0b00c701 10007 100 3585657 2042533753 128985752 10313302
0b000c01 0b00cc01 10014 100 1252734 2061005355 110644164 10117710
0b000b01 0b00c301 10015 100 2835032 2035450539 136222818 10250372
0b000801 0b00ca01 10015 100 875989 2074710644 97000924 10086122
0b000501 0b00ce01 10018 100 1189533 2081870376 90023951 10112412
0b000f01 0b00cd01 10021 100 1491389 2094477185 77462498 10137720
0b000401 0b00ce01 10005 100 2619119 2027316545 145850045 10232270
0b000601 0b00cc01 10008 100 1604083 2054482120 118800277 10147169
0b000701 0b00c801 10005 100 1741525 2015068519 158394412 10158691
0b000e01 0b00cd01 10011 100 1465274 2079909053 93570795 10135531
0b000a01 0b00c901 10034 100 789043 2088449459 85066178 10078837
0b000e01 0b00c601 10000 100 3599235 2003935896 169580057 10314442
0b000501 0b00cc01 10005 100 2588281 2016148953 157371940 10229684
0b000e01 0b00cb01 10017 100 836094 2095231775 78615726 10082781
0b000b01 0b00c201 10000 100 4955707 2010503685 163351727 10428167
0b000a01 0b00c001 10023 100 720009 2094413213 79721519 10073049
0b000401 0b00c001 10018 100 1794390 2056075169 118085764 10163124
0b000801 0b00ce01 10022 100 786544 2089655678 84636613 10078625
0b000301 0b00c101 10006 100 1946387 2046361486 128122841 10175867
0b000801 0b00c101 10018 100 874306 2070050483 104492192 10085984
0b000601 0b00c101 10007 100 2797679 2039280595 135274116 10247238
0b000d01 0b00cf01 10005 100 2147207 2037161540 137610221 10192704
0b000101 0b00ca01 10009 100 1498686 2052879012 122086765 10138331
0b000401 0b00ce01 10016 100 1603535 2073973762 101019205 10147122
0b000501 0b00c901 10025 100 897276 2092440257 82668672 10087910
0b000101 0b00c001 10004 100 2692191 2014806151 160463714 10238396
0b000c01 0b00c301 10020 100 1168000 2087263354 88122000 10110605
0b000e01 0b00c801 10016 100 1250083 2086083694 89313006 10117490
0b000101 0b00c901 10004 100 1935252 2026442220 149034056 10174934
0b000801 0b00ce01 10010 100 1689283 2038927575 136692051 10154312
0b000901 0b00cb01 10016 100 1345084 2082789906 93045680 10125455
0b000901 0b00c401 10005 100 2080837 2036230863 139611261 10187138
0b000201 0b00c501 10008 100 1586942 2044348149 131511657 10145729
0b000801 0b00cd01 10028 100 755040 2091000494 84975336 10075986
0b000301 0b00c401 10029 100 1052984 2099239630 76848304 10100962
0b000701 0b00c601 10005 100 1890224 2021187337 155144026 10171159
0b000a01 0b00c701 10017 100 1496222 2054278355 122140724 10138126
0b000101 0b00c101 10019 100 1000349 2073686146 102867441 10096551
0b000701 0b00c801 10017 100 1667825 2052613748 123957451 10152511
0b000301 0b00ce01 10023 100 845097 2085426952 91203125 10083536
0b000201 0b00c201 10025 100 576745 2096672702 79960511 10061035
0b000301 0b00c301 10011 100 1991220 2051962876 124823997 10179626
0b000301 0b00c301 10020 100 921141 2092399683 84518154 10089911
0b000f01 0b00c601 10018 100 1566442 2095368506 81853461 10144012
0b000d01 0b00ca01 10012 100 1563313 2059279520 117975731 10143750
0b000b01 0b00c701 10004 100 3087454 2030263526 146998345 10271534
0b000601 0b00c401 10029 100 1034119 2097788904 79567334 10099383
0b000901 0b00c401 10021 100 1396380 2085250913 92521523 10129754
0b000201 0b00cb01 10012 100 1505035 2053821426 123998899 10138865
0b000e01 0b00ce01 10002 100 3464609 2008196027 169753406 10303154
0b000f01 0b00c001 10004 100 3294567 2009765188 168191333 10288898
0b000f01 0b00c201 10015 100 1813154 2048716575 129590492 10164698
0b000401 0b00cc01 10017 100 1538104 2081501820 97244353 10141638
0b000a01 0b00cb01 10024 100 985103 2092132045 86615295 10095274
0b000701 0b00cc01 10007 100 1864580 2026759188 151999643 10169008
0b000d01 0b00c101 10029 100 875353 2099707380 79137350 10086072
0b000301 0b00cb01 10025 100 1141895 2091497887 87451898 10108416
0b000e01 0b00ce01 10014 100 1997315 2056618455 122417683 10180137
0b000b01 0b00cc01 10001 100 8334544 2006274857 172839469 10711449
0b000b01 0b00cb01 10019 100 2155745 2097482938 81692589 10193418
0b000401 0b00c501 10026 100 1349542 2098351407 80872419 10125827
0b000101 0b00c901 10002 100 3027215 2015724227 163559206 10266484
0b000101 0b00cd01 10012 100 1977207 2039303970 140029534 10178452
0b000001 0b00cd01 10021 100 1079856 2099532604 79876087 10103215
0b000101 0b00cc01 10011 100 1711059 2048514212 130899070 10156138
0b000d01 0b00c701 10008 100 2531710 2033673438 145996318 10224939
0b000401 0b00cc01 10013 100 1921481 2056113633 123715716 10173778
0b000601 0b00c301 10026 100 1532135 2090631988 89321888 10141137
0b000301 0b00c101 10007 100 1658221 2059631738 120418283 10151708
0b000e01 0b00c201 10010 100 1379770 2078636060 101419673 10128360
0b000d01 0b00c201 10004 100 3040874 2020100302 160013919 10267627
0b000201 0b00cd01 10006 100 1757383 2026402125 153743582 10160021
0b000601 0b00c901 10014 100 1557914 2064741968 115477381 10143295
0b000201 0b00cd01 10007 100 1442521 2040367092 139876327 10133622
0b000d01 0b00c801 10008 100 2211794 2043530066 136799427 10198117
0b000d01 0b00cc01 10011 100 2487768 2038987596 141384813 10221255
0b000401 0b00cc01 10002 100 2917079 2014137578 166276963 10257251
0b000b01 0b00c401 10013 100 2189932 2049905896 130563454 10196284
0b000601 0b00c501 10018 100 1215119 2091461316 89024719 10114558
0b000101 0b00c101 10013 100 1378947 2057993071 122596127 10128291
0b000f01 0b00cf01 10001 100 1516555 2035192723 145424282 10139829
0b000701 0b00c901 10013 100 1327664 2060476642 120286082 10123992
0b000f01 0b00c001 10022 100 1840713 2085828028 94975727 10167006
0b000901 0b00c301 10015 100 1483420 2069497101 111416910 10137052
0b000401 0b00cd01 10018 100 1226660 2098571907 82469357 10115524
0b000001 0b00cf01 10008 100 2274360 2049583870 131561986 10203364
0b000a01 0b00c301 10017 100 1563082 2067593884 113606205 10143732
0b000201 0b00c301 10001 100 1887294 2012960547 168243719 10170913
0b000701 0b00ca01 10014 100 964959 2098206344 83183499 10093582
0b000b01 0b00c501 10004 100 1819189 2041972601 139550575 10165203
0b000401 0b00cf01 10003 100 2501004 2007841106 173693278 10222368
0b000301 0b00c801 10008 100 1565668 2049995664 131595839 10143946
0b000d01 0b00ce01 10021 100 1440529 2072926986 108687749 10133455
0b000f01 0b00c001 10021 100 1952682 2085454786 96303887 10176394
0b000a01 0b00cc01 10011 100 1825294 2063378468 118445156 10165715
0b000d01 0b00ce01 10008 100 1843451 2050747578 131107041 10167237
0b000f01 0b00cb01 10009 100 1877045 2029179382 152880267 10170055
0b000f01 0b00c901 10017 100 1517750 2057163312 124897930 10139929
0b000801 0b00c201 10009 100 1774699 2038282564 143800594 10161471
0b000e01 0b00c501 10019 100 1550718 2091205453 90917371 10142693
0b000201 0b00ce01 10012 100 1378852 2057338105 124866908 10128283
0b000d01 0b00c701 10020 100 1380498 2090498320 91712453 10128422
0b000601 0b00c301 10012 100 3288376 2038921879 143460047 10288379
0b000b01 0b00cb01 10007 100 2391612 2031719890 150719877 10213194
0b000a01 0b00c201 10015 100 1081877 2088870181 93574630 10103385
0b000a01 0b00ce01 10005 100 2507138 2039505375 143184718 10222881
0b000601 0b00c501 10008 100 1894896 2043813194 139268440 10171548
0b000e01 0b00cb01 10012 100 1341335 2055306940 128133901 10125140
0b000501 0b00c301 10012 100 2325289 2042090776 141430594 10207634
0b000d01 0b00c801 10009 100 1982479 2045764179 137805157 10178893
0b000a01 0b00cc01 10005 100 2855514 2025215825 158435310 10252088
0b000c01 0b00cd01 10016 100 1202949 2074462769 109238236 10113535
0b000c01 0b00cb01 10013 100 1792613 2064139412 119733036 10162974
0b000501 0b00c601 10010 100 1835058 2036450508 147429430 10166534
0b000f01 0b00c901 10005 100 2749420 2018962016 164932093 10243193
0b000f01 0b00c401 10013 100 1297760 2063349371 120660225 10121485
0b000a01 0b00c101 10019 100 1177803 2093575641 90443363 10111427
0b000001 0b00cc01 10017 100 2232236 2053322598 130724534 10199833
0b000001 0b00cf01 10015 100 1281640 2072322071 112080832 10120134
0b000301 0b00c901 10004 100 1889014 2056023145 128436514 10171058
0b000001 0b00c201 10022 100 1545681 2094089328 90469621 10142271
0b000d01 0b00c201 10019 100 1848595 2098871262 85900358 10167667
0b000401 0b00cb01 10016 100 1430984 2058226835 126595681 10132653
0b000c01 0b00c701 10020 100 1304160 2097155691 87820866 10122024
0b000a01 0b00ce01 10011 100 1911336 2066606918 118497491 10172928
0b000401 0b00c201 10014 100 1458852 2096624090 88578765 10134990
0b000701 0b00c401 10014 100 1487310 2050678321 134733074 10137378
0b000401 0b00c401 10015 100 1611190 2096633896 88859204 10147765
0b000401 0b00c001 10021 100 1819007 2067165575 118390999 10165189
0b000101 0b00c701 10007 100 1847824 2033267013 152367306 10167602
0b000c01 0b00c301 10013 100 1906656 2064026683 121762075 10172535
0b000801 0b00c401 10018 100 933189 2075589005 110290932 10090921
0b000301 0b00c201 10010 100 1897108 2044686482 141378784 10171736
0b000d01 0b00c301 10010 100 2821512 2030240304 156048467 10249237
0b000901 0b00c501 10018 100 2189533 2038291228 148251655 10196252
0b000201 0b00cd01 10010 100 1600327 2048051338 138574224 10146854
0b000c01 0b00c001 10020 100 1104516 2098532064 88494789 10105284
0b000401 0b00cf01 10008 100 2642076 2036519640 150551350 10234195
0b000901 0b00c301 10010 100 1746834 2060489582 126837794 10159135
0b000b01 0b00cf01 10006 100 2810849 2035055391 152306156 10248342
0b000101 0b00cd01 10019 100 1327437 2066264759 121123001 10123974
0b000101 0b00c501 10009 100 1991147 2034168068 153521047 10179621
0b000801 0b00c201 10022 100 796218 2085942129 101861911 10079437
0b000401 0b00c901 10015 100 1793548 2069335809 118608273 10163052
0b000f01 0b00c901 10021 100 1888887 2063186092 124768952 10171044
0b000001 0b00ca01 10024 100 1926041 2098480647 89785992 10174162
0b000301 0b00cb01 10015 100 1925351 2058378215 130218347 10174103
0b000e01 0b00ca01 10018 100 1568690 2082382529 106249887 10144200
0b000b01 0b00c901 10008 100 3791824 2035850316 152796965 10330587
0b000e01 0b00c101 10007 100 3535808 2020962652 167741378 10309122
0b000901 0b00c101 10007 100 2874180 2016995732 171757016 10253654
0b000d01 0b00c501 10006 100 1933804 2043282057 145594017 10174810
0b000e01 0b00c401 10001 100 3126645 2006979170 182098471 10274819
0b000701 0b00c801 10010 100 2525185 2023140684 165984082 10224394
0b000f01 0b00cf01 10004 100 2537486 2048127474 141022855 10225424
0b000101 0b00c101 10009 100 1943130 2032113309 157164533 10175595
0b000b01 0b00cb01 10008 100 4377017 2031899570 157468037 10379652
0b000701 0b00ce01 10013 100 1095392 2079999234 109388185 10104520
0b000401 0b00cb01 10008 100 1978955 2044726409 144745705 10178595
0b000201 0b00cf01 10009 100 2264409 2018243818 171393218 10202530
0b000101 0b00c001 10018 100 1912549 2058506046 131331636 10173029
0b000601 0b00c001 10014 100 1977750 2046382603 143593733 10178495
0b000a01 0b00c401 10014 100 1514614 2063379752 126731401 10139666
0b000801 0b00c801 10022 100 878008 2099183453 90945588 10086296
0b000e01 0b00c301 10003 100 3054654 2017161655 173015074 10268783
0b000901 0b00c401 10010 100 1994278 2048135745 142566613 10179883
0b000801 0b00c901 10022 100 1007022 2097128103 93629057 10097112
0b000001 0b00c901 10023 100 1330757 2077729746 113390105 10124251
0b000701 0b00cf01 10019 100 1468333 2098107923 93071999 10135787
0b000b01 0b00c301 10020 100 2550365 2062103104 129189263 10226505
0b000401 0b00c201 10010 100 1694474 2048323651 142997088 10154746
0b000501 0b00c101 10024 100 1471822 2097591943 93900763 10136078
0b000001 0b00cf01 10026 100 1625083 2092886774 98663997 10148930
0b000e01 0b00cf01 10023 100 1786180 2058792529 132826405 10162436
0b000601 0b00cd01 10018 100 1502662 2094877507 96879287 10138664
0b000601 0b00cd01 10013 100 1871323 2068022414 123752161 10169574
0b000a01 0b00c501 10006 100 2872812 2036458892 155390608 10253537
0b000501 0b00cd01 10022 100 1058259 2089714943 102318918 10101407
0b000101 0b00cc01 10015 100 1670271 2075699505 116338083 10152718
0b000d01 0b00ce01 10029 100 1140816 2093355235 98803282 10108326
0b000701 0b00cb01 10008 100 1758706 2038424196 153963115 10160131
0b000501 0b00cd01 10017 100 1761178 2066585240 126180928 10160340
0b000d01 0b00ca01 10016 100 1638825 2077157933 115976294 10150079
0b000e01 0b00c101 10028 100 1401392 2088626773 104635697 10130175
0b000a01 0b00cb01 10005 100 3615946 2020974920 172856672 10315841
0b000601 0b00c101 10009 100 2349478 2043055847 150894767 10209662
0b000801 0b00ce01 10006 100 3280259 2020659778 173473749 10287699
0b000701 0b00c101 10009 100 1703903 2054962982 139172855 10155535
0b000601 0b00c601 10009 100 1757110 2048331918 145947836 10159999
0b000b01 0b00c801 10011 100 3068643 2044522297 149837775 10269956
0b000001 0b00c601 10005 100 2420720 2019569328 175122657 10215634
0b000801 0b00c701 10012 100 1878575 2043687817 151393593 10170181
0b000301 0b00c201 10013 100 1763153 2053325472 141798923 10160506
0b000301 0b00c801 10020 100 1172999 2088658482 106828523 10111024
0b000001 0b00c001 10010 100 2458835 2066172669 129387313 10218829
0b000001 0b00ca01 10003 100 4024087 2016877013 178732847 10350062
0b000701 0b00ce01 10009 100 1424871 2061951634 133710227 10132141
0b000f01 0b00c501 10021 100 2561547 2068366799 127446639 10227441
0b000701 0b00cc01 10014 100 1262652 2061188753 134633027 10118542
0b000801 0b00ca01 10003 100 3924931 2014846212 181263426 10341746
0b000b01 0b00cc01 10011 100 3871217 2037308116 158852468 10337245
0b000201 0b00ca01 10014 100 1326276 2075669040 120566311 10123877
0b000601 0b00ca01 10011 100 2524277 2060073454 136449364 10224318
0b000701 0b00c901 10010 100 1437587 2049314209 147485711 10133208
0b000101 0b00c701 10002 100 3236135 2015697369 181110107 10284000
0b000001 0b00cb01 10014 100 1685804 2078926633 117977993 10154018
0b000401 0b00ca01 10019 100 2226789 2066748184 130362914 10199374
0b000201 0b00c701 10009 100 2010910 2042369588 154784915 10181275
0b000001 0b00c201 10020 100 1292378 2080987090 116442400 10121035
0b000c01 0b00c801 10020 100 1070486 2095085572 102480979 10102431
0b000601 0b00c301 10020 100 2068339 2079604471 118350373 10186092
0b000001 0b00ca01 10005 100 3471129 2029394577 168784360 10303702
0b000801 0b00cf01 10013 100 1323634 2069987526 128202740 10123654
0b000601 0b00c901 10001 100 4483548 2004906633 193363117 10388582
0b000b01 0b00c301 10019 100 2916467 2060634787 137657911 10257198
0b000c01 0b00cf01 10012 100 1554378 2085276894 113022112 10143001
0b000801 0b00c701 10011 100 1816199 2042529523 155792914 10164953
0b000601 0b00c701 10012 100 2199158 2051471068 146969860 10197060
0b000101 0b00c601 10021 100 1500831 2091725137 106886090 10138510
0b000d01 0b00c501 10015 100 1652813 2083033014 115635563 10151252
0b000c01 0b00cc01 10018 100 1836015 2075134471 123546208 10166615
0b000601 0b00c001 10021 100 2509956 2068860937 129856342 10223114
0b000301 0b00c801 10012 100 2038282 2066598141 132168637 10183572
0b000501 0b00c601 10026 100 1650425 2070662964 128119565 10151053
0b000801 0b00c301 10012 100 1118169 2074409699 124620845 10106430
0b000e01 0b00c101 10025 100 2326660 2076067012 122972791 10207748
0b000a01 0b00ca01 10018 100 1477814 2099153422 99945084 10136580
0b000a01 0b00ca01 10007 100 2531601 2031541494 167794581 10224930
0b000201 0b00c401 10004 100 2439370 2023719659 176004859 10217199
0b000f01 0b00c801 10000 100 2763489 2015705277 184092866 10244372
0b000001 0b00c501 10013 100 1629645 2077078622 122844330 10149310
0b000b01 0b00c901 10015 100 3228663 2075549958 124473036 10283372
0b000801 0b00c701 10013 100 1640112 2045913751 154164330 10150190
0b000901 0b00c701 10012 100 1634846 2053466151 146710295 10149746
0b000701 0b00ce01 10007 100 2162131 2044338753 155909663 10193956
0b000401 0b00ce01 10022 100 1886251 2095835407 104655157 10170826
0b000601 0b00c301 10022 100 1882425 2084819170 115743960 10170504
0b000501 0b00c501 10001 100 5292420 2007335572 193274178 10456398
0b000301 0b00c801 10000 100 6200879 2001514080 199280172 10532562
0b000601 0b00c201 10010 100 1426136 2069074572 132019977 10132250
0b000a01 0b00c001 10012 100 1790193 2057709211 143459427 10162772
0b000b01 0b00c601 10003 100 4784024 2026916094 174576507 10413776
0b000e01 0b00ce01 10017 100 1324588 2079493316 122119783 10123735
0b000101 0b00cb01 10005 100 2252109 2037722272 163979648 10201500
0b000001 0b00c801 10017 100 2804367 2060901796 140804590 10247800
0b000e01 0b00c101 10024 100 1739825 2075677622 126148105 10158547
0b000b01 0b00c101 10028 100 3203311 2071212167 130781446 10281248
0b000401 0b00c701 10009 100 1315399 2065361160 136956004 10122965
0b000901 0b00c601 10010 100 2755705 2038749231 163668221 10243719
0b000201 0b00c001 10010 100 1543665 2075351620 127278492 10142102
0b000301 0b00c601 10025 100 1277921 2080074870 122884374 10119821
0b000c01 0b00cd01 10005 100 2785709 2028208718 174871881 10246234
0b000201 0b00cb01 10000 100 7047282 2001289528 201929654 10603526
0b000f01 0b00cc01 10002 100 4463371 2012589586 190885491 10386891
0b000f01 0b00c101 10018 100 1274905 2068101791 135437838 10119568
0b000d01 0b00cb01 10014 100 1956854 2079538690 124521593 10176743
0b000201 0b00c101 10019 100 1364847 2072969882 131137021 10127109
0b000e01 0b00c001 10018 100 1323336 2089926644 114458062 10123631
0b000601 0b00c801 10018 100 2609507 2061364978 143053098 10231462
0b000701 0b00c201 10017 100 1228277 2082853388 121651114 10115661
0b000801 0b00ca01 10026 100 913219 2094110275 110456534 10089247
0b000701 0b00cc01 10013 100 1453464 2059280635 145365522 10134540
0b000c01 0b00c301 10016 100 1639222 2078180457 126935831 10150115
0b000001 0b00cf01 10021 100 1660342 2086916566 118912853 10151885
0b000301 0b00cc01 10013 100 1524783 2077161543 128822344 10140518
0b000301 0b00cd01 10017 100 1524041 2072916386 133223596 10140459
0b000701 0b00ca01 10001 100 1719557 2027476354 178688866 10156849
0b000b01 0b00c601 10007 100 4164456 2041130095 165108665 10361830
0b000701 0b00c601 10025 100 1785026 2081051539 125477338 10162340
0b000e01 0b00cf01 10020 100 2457537 2045920530 160758483 10218721
0b000101 0b00ca01 10015 100 1756652 2071430454 135290769 10159959
0b000901 0b00c301 10022 100 1381683 2087491930 119462908 10128521
0b000101 0b00c001 10015 100 1863176 2049662461 157507249 10168891
0b000001 0b00c401 10012 100 2383428 2051784231 155410453 10212508
0b000f01 0b00cf01 10013 100 1779595 2082672832 124555797 10161882
0b000c01 0b00c901 10019 100 1346193 2086924981 120424979 10125547
0b000001 0b00c501 10007 100 2733242 2035661519 171905716 10241837
0b000301 0b00c101 10010 100 1123521 2085183993 122555056 10106877
0b000d01 0b00c001 10004 100 2765525 2027459820 180622410 10244543
0b000001 0b00c201 10011 100 2885133 2047377192 160875769 10254572
0b000f01 0b00c001 10013 100 3788820 2038220921 170206752 10330335
0b000401 0b00c901 10022 100 1661821 2090124927 118685664 10152007
0b000901 0b00c201 10026 100 1233837 2099223170 109798518 10116125
0b000d01 0b00c601 10026 100 1571632 2085569313 123579290 10144447
0b000d01 0b00c301 10020 100 1760556 2058169071 151262350 10160286
0b000f01 0b00ca01 10017 100 1831984 2065831435 143812006 10166273
0b000d01 0b00cb01 10004 100 3522340 2020502228 189268910 10307995
0b000601 0b00cd01 10005 100 3238271 2041779210 168296937 10284179
0b000b01 0b00c701 10006 100 4170807 2042066262 168595024 10362361
0b000101 0b00c601 10012 100 1370717 2068336935 142452617 10127602
0b000f01 0b00cd01 10012 100 1466233 2058018119 152823126 10135611
0b000801 0b00c601 10017 100 1464726 2097349847 113767837 10135483
0b000301 0b00cc01 10017 100 1066941 2091989975 119341207 10102132
0b000801 0b00c801 10011 100 1436504 2068788834 142789869 10133118
0b000401 0b00ca01 10018 100 1424641 2066509035 145394766 10132123
0b000e01 0b00c301 10016 100 1882223 2093897050 118116737 10170488
0b000301 0b00c301 10004 100 3153196 2027495258 184593819 10277047
0b000a01 0b00cd01 10024 100 1769014 2087788517 124331187 10160997
0b000501 0b00cf01 10001 100 4777210 2009526637 202596042 10413204
0b000e01 0b00c101 10018 100 3345132 2058735363 153533972 10293139
0b000901 0b00cd01 10014 100 2954733 2081427092 131026130 10260405
0b000c01 0b00c101 10012 100 2798142 2043408217 169136569 10247279
0b000701 0b00c601 10017 100 1925817 2058125099 155014192 10174141
0b000801 0b00cb01 10015 100 1346915 2088202984 124946310 10125605
0b000c01 0b00c301 10019 100 2101680 2085615123 127628541 10188886
0b000d01 0b00ce01 10002 100 3844258 2019491581 193846158 10334985
0b000e01 0b00ca01 10015 100 2100392 2065581211 147760111 10188779
0b000d01 0b00c601 10027 100 1740063 2087856385 125559853 10158570
0b000001 0b00cc01 10020 100 1710329 2064694902 148797596 10156076
0b000e01 0b00c901 10012 100 2613792 2055092177 158569113 10231821
0b000801 0b00c301 10014 100 1108907 2091983013 121679924 10105651
0b000401 0b00c001 10017 100 3095914 2055418793 158826475 10272241
0b000b01 0b00ce01 10012 100 4768068 2050368302 164143646 10412438
0b000101 0b00cc01 10006 100 2439825 2028756953 185765202 10217235
0b000401 0b00c501 10019 100 2507673 2075281958 139316182 10222924
0b000001 0b00cb01 10022 100 2131318 2096022302 118675784 10191372
0b000401 0b00c901 10025 100 1821763 2099356643 115345434 10165417
0b000e01 0b00cc01 10019 100 1993992 2068154073 146682118 10179856
0b000601 0b00cb01 10002 100 4072187 2015152695 199764646 10354095
0b000401 0b00c501 10022 100 2170060 2084386582 130697713 10194621
0b000001 0b00c401 10014 100 2989062 2062714555 152958057 10263286
0b000101 0b00cc01 10003 100 3785726 2016246252 199476840 10330076
0b000901 0b00c501 10017 100 3641528 2035183704 180656432 10317987
0b000001 0b00c401 10021 100 2332973 2093108768 122739751 10208276
0b000c01 0b00c801 10001 100 5510798 2003880301 212014679 10474706
0b000601 0b00ce01 10019 100 1752484 2096151843 119942679 10159610
0b000b01 0b00c801 10020 100 3215565 2090650956 125621802 10282274
0b000501 0b00c101 10006 100 3568151 2018290138 198072397 10311837
0b000c01 0b00c101 10020 100 3002973 2072281546 144281842 10264449
0b000801 0b00c601 10015 100 1474689 2086704442 129956634 10136319
0b000b01 0b00c301 10026 100 2878263 2082472439 134195323 10253996
0b000501 0b00cc01 10021 100 1436982 2070216851 146561770 10133156
0b000801 0b00cb01 10005 100 2909957 2033556874 183409587 10256650
0b000401 0b00c001 10003 100 4259276 2008972725 208049076 10369780
0b000001 0b00c601 10001 100 5262705 2008577561 208550411 10453906
0b000101 0b00c801 10006 100 3066010 2039156456 178078766 10269738
0b000501 0b00c101 10016 100 1482206 2072168172 145435272 10136951
0b000101 0b00c701 10017 100 1724772 2071853518 146101192 10157285
0b000001 0b00cf01 10024 100 2604664 2090373011 127640564 10231056
0b000c01 0b00cc01 10006 100 2775789 2026323026 191719474 10245402
0b000b01 0b00c401 10023 100 3336804 2094399441 123694397 10292438
0b000101 0b00c201 10006 100 1753790 2064121704 154414106 10159718
0b000d01 0b00cc01 10002 100 3408155 2019179734 199434192 10298422
0b000101 0b00ca01 10020 100 1862027 2098322103 120389590 10168796
0b000101 0b00c501 10003 100 3608811 2018516394 200570458 10315243
0b000a01 0b00cb01 10023 100 2055908 2091796659 127517007 10185047
0b000101 0b00cb01 10023 100 1728276 2099807546 119715679 10157581
0b000d01 0b00ca01 10013 100 2555505 2060751801 158793814 10226935
0b000801 0b00cb01 10003 100 4494300 2028592521 191024109 10389484
0b000201 0b00c201 10026 100 1355188 2099625014 120122351 10126302
0b000301 0b00cf01 10014 100 1917527 2062915095 156954321 10173447
0b000501 0b00c801 10009 100 2508619 2039222988 180675102 10223004
0b000f01 0b00c701 10000 100 5256318 2006156921 213811300 10453372
0b000601 0b00c901 10010 100 3399541 2050538457 169467081 10297699
0b000501 0b00c901 10021 100 1862633 2087691654 132560905 10168844
0b000c01 0b00c301 10006 100 1842043 2035942539 184411004 10167120
0b000501 0b00c601 10002 100 4141651 2011910633 208508513 10359917
0b000101 0b00c601 10003 100 4082142 2016334344 204275022 10354930
0b000801 0b00c501 10012 100 2782581 2052415016 168607702 10245973
0b000f01 0b00cf01 10012 100 2960133 2082401047 138716567 10260860
0b000301 0b00cf01 10016 100 1417193 2076267715 145268997 10131500
0b000701 0b00c201 10018 100 2318060 2084645823 136979436 10207029
0b000001 0b00c401 10005 100 3678371 2023652708 198142783 10321077
0b000901 0b00c201 10021 100 1507524 2082634327 139352420 10139072
0b000601 0b00cb01 10009 100 3316820 2037862093 184169876 10290762
0b000401 0b00c401 10009 100 1927306 2068997228 153108274 10174268
0b000d01 0b00cc01 10020 100 2522166 2095930371 126211717 10224141
0b000d01 0b00ca01 10008 100 1997902 2046927610 175348885 10180184
0b000801 0b00cf01 10012 100 1461807 2069371186 153102729 10135238
0b000c01 0b00cd01 10006 100 3809718 2035260454 187263351 10332087
0b000601 0b00ca01 10019 100 2180157 2094498600 128033116 10195467
0b000601 0b00cf01 10000 100 5722826 2002993406 219711445 10492482
0b000801 0b00c501 10002 100 4859649 2011546818 211372127 10420114
0b000801 0b00c001 10020 100 1311547 2089924246 134061937 10122641
0b000801 0b00c501 10009 100 1994414 2045215364 178798586 10179893
0b000701 0b00c001 10010 100 2919680 2053422288 170592330 10257467
0b000601 0b00cb01 10017 100 1581693 2080616660 143582548 10145290
0b000801 0b00c101 10024 100 2354322 2085999414 138554721 10210068
0b000001 0b00cc01 10018 100 3402261 2054303251 170775840 10297928
0b000501 0b00cc01 10013 100 3287312 2047935745 177667796 10288290
0b000901 0b00c501 10031 100 2722222 2089319182 136395115 10240914
0b000301 0b00c501 10013 100 1820942 2074691969 151039333 10165348
0b000801 0b00ca01 10022 100 1785857 2090125528 135709988 10162406
0b000501 0b00cd01 10014 100 2676417 2058616127 167373063 10237073
0b000701 0b00ca01 10008 100 1656732 2058156208 167991355 10151581
0b000f01 0b00ce01 10004 100 4009870 2019307985 207090554 10348868
0b000b01 0b00c201 10015 100 3379885 2098529203 127962456 10296050
0b000401 0b00c301 10003 100 4606757 2017000696 209522595 10398911
0b000801 0b00cd01 10015 100 3182156 2041200282 185624861 10279475
0b000f01 0b00c201 10024 100 2097612 2069642802 157253838 10188545
0b000e01 0b00cb01 10014 100 1606642 2075412522 151687030 10147382
0b000f01 0b00c901 10012 100 4220088 2040244865 187001969 10366495
0b000901 0b00c501 10027 100 2969014 2079817795 147581940 10261605
0b000501 0b00cd01 10008 100 2563502 2039606404 187954696 10227605
0b000001 0b00c801 10029 100 2789248 2094014705 133922153 10246533
0b000701 0b00c801 10016 100 2520622 2051462583 176479619 10224010
0b000301 0b00c501 10004 100 4300383 2017303029 210683991 10373226
0b000701 0b00c501 10022 100 2488034 2096118521 131899739 10221280
0b000101 0b00ce01 10008 100 2842549 2014152403 214014316 10251001
0b000e01 0b00cf01 10015 100 3814523 2027579028 200651189 10332491
0b000301 0b00c401 10017 100 2947119 2061163843 167354552 10259769
0b000601 0b00cd01 10017 100 3430213 2091847936 136914421 10300272
0b000d01 0b00ce01 10016 100 1624594 2062825722 166057405 10148887
0b000201 0b00c601 10008 100 2766233 2023720191 205176949 10244603
0b000c01 0b00c401 10022 100 2511586 2095233293 133811938 10223252
0b000c01 0b00c401 10007 100 4984477 2037248544 191909220 10430580
0b000a01 0b00cb01 10012 100 2146479 2067189987 162235344 10192642
0b000001 0b00ca01 10023 100 2503333 2095501759 134254979 10222562
0b000601 0b00c001 10004 100 4998726 2011387916 218371323 10431774
0b000401 0b00c401 10013 100 2546094 2091487497 138346272 10226148
0b000401 0b00ce01 10018 100 3423885 2077548794 152526892 10299738
0b000601 0b00c001 10020 100 2843805 2060965912 169129476 10251105
0b000101 0b00ce01 10014 100 3128312 2064342696 166286375 10274960
0b000801 0b00c301 10013 100 1214348 2085010446 145632872 10114493
0b000001 0b00c601 10014 100 2465478 2088017321 142710902 10219387
0b000701 0b00c501 10019 100 1332397 2082905584 148215940 10124390
0b000f01 0b00c801 10008 100 3153947 2038007979 193158510 10277107
0b000801 0b00cf01 10009 100 1815752 2057903345 173464246 10164913
0b000501 0b00ce01 10016 100 1486115 2077316072 154246351 10137279
0b000501 0b00c101 10010 100 3773769 2025559503 206510327 10329073
0b000a01 0b00c401 10012 100 2669008 2058587139 173525932 10236453
0b000a01 0b00cc01 10022 100 1800949 2095268397 137338775 10163671
0b000201 0b00cb01 10010 100 2705551 2040675133 192079962 10239515
0b000501 0b00c201 10001 100 4800959 2008115477 224659221 10415192
0b000d01 0b00c201 10006 100 3553531 2036436877 196398819 10310609
0b000301 0b00c501 10008 100 3583067 2044893302 188065450 10313087
0b000b01 0b00cc01 10023 100 4651660 2098623497 134359440 10402676
0b000401 0b00cc01 10022 100 2793207 2096587159 136692237 10246865
0b000501 0b00ca01 10022 100 2196441 2095292492 138153140 10196831
0b000c01 0b00c901 10021 100 1692193 2087653103 146074168 10154556
0b000d01 0b00c601 10017 100 2613486 2055480970 178358169 10231796
0b000b01 0b00c501 10010 100 3897987 2070413473 163488506 10339487
0b000d01 0b00c101 10028 100 2215557 2095088634 139033565 10198434
0b000001 0b00c801 10010 100 3592303 2040008923 194124819 10313861
0b000601 0b00c301 10009 100 4784481 2029350786 204825372 10413812
0b000301 0b00c901 10013 100 1863715 2084308839 149941971 10168934
0b000d01 0b00c801 10006 100 3644079 2027967595 206313421 10318203
0b000801 0b00c401 10002 100 4902278 2015744332 218724261 10423689
0b000f01 0b00ca01 10025 100 3196273 2097954704 136747019 10280658
0b000601 0b00c501 10000 100 3302530 2008455774 226340726 10289565
0b000001 0b00cf01 10029 100 3180146 2096843359 137986168 10279306
0b000b01 0b00c201 10016 100 5127712 2099516910 135493214 10442588
0b000001 0b00ce01 10004 100 4925211 2024054725 211282777 10425612
0b000d01 0b00c901 10016 100 2999867 2048554542 186919814 10264189
0b000401 0b00cd01 10001 100 4841922 2021862798 213817635 10418627
0b000701 0b00cc01 10012 100 1871537 2059041183 176644863 10169591
0b000801 0b00c701 10004 100 3039334 2017000732 219079992 10267500
0b000501 0b00cb01 10002 100 4140665 2007782608 228338201 10359834
0b000001 0b00c901 10012 100 3660641 2037418528 198848454 10319589
0b000101 0b00c301 10011 100 2929441 2077959250 158367543 10258286
0b000701 0b00c701 10030 100 1887089 2082870247 154013915 10170897
0b000e01 0b00c501 10002 100 5443504 2010073546 226919376 10469065
0b000c01 0b00cb01 10019 100 2174816 2097395048 139765415 10195017
0b000f01 0b00cf01 10005 100 1657326 2058853229 178355360 10151632
0b000d01 0b00cf01 10004 100 3661701 2035188832 202139207 10319678
0b000401 0b00c101 10016 100 4108271 2060496108 177317799 10357120
0b000701 0b00cb01 10011 100 2950882 2041891298 195953305 10260082
0b000501 0b00c601 10036 100 2663805 2098156357 139724723 10236014
0b000c01 0b00c001 10007 100 4919655 2018980389 218929186 10425145
0b000901 0b00c101 10020 100 3280308 2065238287 172910840 10287703
0b000a01 0b00c901 10032 100 2617761 2085861899 152348737 10232154
0b000901 0b00c201 10013 100 2881667 2057483810 180833072 10254280
0b000b01 0b00cf01 10013 100 7236711 2055074085 183361829 10619406
0b000e01 0b00cc01 10015 100 4000256 2044754669 193733039 10348064
0b000b01 0b00cb01 10004 100 7258000 2010840501 227973780 10621190
0b000101 0b00c201 10005 100 3279726 2045355833 193865759 10287653
0b000301 0b00ca01 10025 100 1356878 2088071982 151168570 10126441
0b000501 0b00c601 10012 100 3384182 2045042995 194228061 10296412
0b000101 0b00c301 10009 100 3673941 2054105846 185192969 10320703
0b000d01 0b00c401 10011 100 4369926 2023842866 215468442 10379054
0b000e01 0b00c001 10001 100 5981067 2002983754 236875344 10514136
0b000d01 0b00c301 10013 100 3642012 2038058440 201801286 10318030
0b000301 0b00c801 10015 100 1518348 2077297232 162824715 10139980
0b000b01 0b00c301 10031 100 3520855 2090377606 149938628 10307869
0b000101 0b00c801 10012 100 2553362 2065758038 174564865 10226756
0b000201 0b00cd01 10016 100 1382258 2088824591 151556044 10128571
0b000e01 0b00c501 10004 100 6075613 2014974243 225412034 10522060
0b000601 0b00c001 10019 100 3843098 2056402325 184145897 10334888
0b000b01 0b00c501 10013 100 6944721 2085910972 154768201 10594926
0b000a01 0b00cd01 10012 100 1935745 2049607668 191273000 10174973
0b000301 0b00cf01 10015 100 2656652 2073271799 167651465 10235415
0b000f01 0b00c201 10014 100 3428049 2047435538 193962612 10300091
0b000a01 0b00c601 10011 100 3432886 2050782836 190831645 10300493
0b000301 0b00c401 10028 100 1831796 2097246494 144409068 10166258
0b000b01 0b00c101 10024 100 4953118 2063942920 177816469 10427952
0b000501 0b00cc01 10024 100 2570773 2097946301 144080240 10228214
0b000e01 0b00c801 10015 100 2904899 2072096686 170249693 10256227
0b000d01 0b00c901 10009 100 3421862 2032827065 209534263 10299569
0b000301 0b00c701 10012 100 2472628 2068081806 174407431 10219986
0b000501 0b00c101 10002 100 3042481 2012453487 230052269 10267763
0b000601 0b00ca01 10012 100 4447353 2061363373 181372393 10385548
0b000301 0b00ce01 10018 100 1525805 2079945034 163222384 10140604
0b000b01 0b00cc01 10010 100 8136173 2034008318 209692073 10694819
0b000901 0b00cb01 10006 100 3545733 2033648486 210407654 10309955
0b000e01 0b00ce01 10016 100 1683592 2075446904 169229900 10153833
0b000701 0b00c701 10025 100 2410376 2067310663 177442161 10214768
0b000e01 0b00c301 10000 100 4789051 2005385570 239460689 10414197
0b000f01 0b00ce01 10014 100 3870154 2065128545 179795546 10337156
0b000201 0b00c601 10024 100 1518977 2091354493 153898844 10140031
0b000001 0b00cb01 10017 100 2481283 2082191218 163100633 10220713
0b000c01 0b00c801 10011 100 4078067 2047037899 198289173 10354588
0b000401 0b00cd01 10008 100 3500358 2065973721 179520278 10306152
0b000201 0b00c601 10018 100 1893443 2076376312 169285367 10171428
0b000a01 0b00c801 10001 100 4535230 2017318686 228708917 10392916
0b000701 0b00c501 10010 100 2785679 2056102328 189926718 10246232
0b000501 0b00cc01 10004 100 4288972 2006593441 239444643 10372267
0b000901 0b00c301 10021 100 1683711 2085537310 160789475 10153843
0b000d01 0b00c001 10000 100 5821318 2013799910 232904554 10500741
0b000301 0b00ce01 10008 100 3858881 2043932106 202908002 10336209
0b000501 0b00cc01 10022 100 2469374 2075247461 171614188 10219714
0b000201 0b00c701 10015 100 2308356 2062924885 184162818 10206215
0b000001 0b00c301 10005 100 4408057 2026606294 220691370 10382255
0b000a01 0b00cc01 10004 100 4640852 2022165814 225400037 10401769
0b000d01 0b00cf01 10002 100 4945223 2027037432 220612462 10427290
0b000601 0b00c401 10025 100 3645776 2093449876 154695446 10318342
0b000201 0b00c701 10012 100 2661614 2054567850 194064666 10235831
0b000901 0b00ca01 10003 100 5032738 2010383297 238339373 10434625
0b000b01 0b00c901 10000 100 8660954 2006391969 242993887 10738814
0b000e01 0b00c601 10017 100 3852831 2097202513 152439881 10335702
0b000001 0b00ca01 10011 100 4418838 2044336996 205322722 10383156
0b000d01 0b00c001 10018 100 3182184 2071812833 178574320 10279477
0b000901 0b00cf01 10021 100 2130675 2086601659 163851110 10191317
0b000f01 0b00c801 10005 100 4932480 2033017982 217569896 10426221
0b000401 0b00cb01 10003 100 4714106 2010150073 240589097 10407914
0b000901 0b00c701 10010 100 2898484 2043406351 207492923 10255690
0b000801 0b00cc01 10011 100 2188668 2045435562 205554745 10196179
0b000501 0b00c201 10003 100 4457893 2019295150 231793350 10386430
0b000f01 0b00c101 10019 100 3717022 2077174262 173933159 10324318
0b000a01 0b00c301 10008 100 3749194 2026261525 224860271 10327015
0b000901 0b00c101 10018 100 3061752 2046476080 205768939 10269378
0b000801 0b00cd01 10013 100 2136580 2038456129 214081205 10191812
0b000f01 0b00c001 10002 100 6651237 2004684512 248072525 10570322
0b000c01 0b00c001 10016 100 3196104 2053217644 199549983 10280644
0b000001 0b00c401 10018 100 3415902 2080623151 172566284 10299069
0b000601 0b00cf01 10023 100 2999638 2095085710 158122551 10264171
0b000201 0b00c901 10020 100 3069674 2088627930 164980499 10270042
0b000b01 0b00c201 10012 100 8521740 2091074934 162826569 10727143
0b000101 0b00c201 10009 100 3844304 2083259861 170667663 10334989
0b000601 0b00c001 10016 100 1948626 2049870948 204058598 10176054
0b000e01 0b00ce01 10021 100 3480677 2094667052 159346261 10304501
0b000e01 0b00ce01 10020 100 3377353 2090699450 163623441 10295839
0b000d01 0b00c201 10014 100 2729646 2081256397 173101161 10241534
0b000301 0b00ca01 10014 100 3429510 2063816607 190840822 10300212
0b000a01 0b00c501 10011 100 4085803 2058682641 196042225 10355234
0b000901 0b00c001 10007 100 4183367 2028602527 226398273 10363415
0b000401 0b00c701 10005 100 6654305 2040750624 214715478 10570579
0b000301 0b00c601 10028 100 2725724 2088961516 166554939 10241205
0b000e01 0b00c001 10015 100 3776208 2072701817 182995732 10329280
0b000801 0b00c301 10000 100 4975344 2014290541 241558409 10429815
0b000001 0b00c601 10016 100 3376952 2091544304 164946024 10295803
0b000201 0b00c901 10000 100 4813707 2003803924 252794688 10416262
0b000901 0b00cc01 10017 100 3601728 2072783231 184013535 10314649
0b000301 0b00c801 10001 100 6443850 2003497202 253449176 10552932
0b000e01 0b00cf01 10031 100 3327326 2098884051 158238458 10291645
0b000101 0b00c601 10013 100 3774481 2074577973 182820694 10329134
0b000e01 0b00ca01 10019 100 4289399 2083101651 174388742 10372305
0b000301 0b00cb01 10014 100 3570862 2056465358 201151946 10312061
0b000401 0b00c601 10016 100 2982291 2080086087 177577991 10262718
0b000d01 0b00cd01 10011 100 4103790 2070079483 188357621 10356742
0b000401 0b00cf01 10020 100 2981299 2080916365 177535914 10262634
0b000d01 0b00c401 10022 100 4948855 2059457244 199970668 10427592
0b000301 0b00cd01 10011 100 4839642 2044670565 214889030 10418436
0b000b01 0b00c101 10004 100 9508762 2010885271 248761375 10809895
0b000901 0b00c301 10008 100 3685791 2032409018 227241480 10321697
0b000e01 0b00cf01 10010 100 6978708 2019077134 240589397 10597776
0b000001 0b00c101 10005 100 5880192 2010845141 248875505 10505678
0b000101 0b00c801 10017 100 4066991 2078238015 181510024 10353656
0b000401 0b00c601 10013 100 7099157 2064746505 195022175 10607876
0b000001 0b00ce01 10006 100 4823198 2040795761 218983129 10417060
0b000a01 0b00cf01 10017 100 5048768 2068082653 191703869 10435969
0b000301 0b00c301 10007 100 4568609 2041319765 218784683 10395713
0b000c01 0b00cb01 10018 100 4148257 2089491864 171015466 10360472
0b000401 0b00c101 10017 100 4775145 2065270772 195297474 10413031
0b000101 0b00c801 10001 100 4471877 2017355789 243368327 10387602
0b000101 0b00cf01 10018 100 4098479 2096339835 165079120 10356298
0b000201 0b00c401 10014 100 1514216 2089907288 171813587 10139634
0b000d01 0b00c801 10023 100 3550705 2099594873 162212042 10310372
0b000801 0b00c901 10018 100 2902211 2076006748 186096938 10256004
0b000301 0b00c101 10011 100 4200335 2088908255 173982773 10364838
0b000d01 0b00c301 10022 100 4369502 2063512982 199388715 10379020
0b000401 0b00c601 10004 100 7661951 2025753428 237245399 10655058
0b000f01 0b00ce01 10008 100 4028002 2036608015 226511691 10350391
0b000501 0b00c001 10027 100 2895708 2087336646 175829437 10255457
0b000301 0b00c101 10012 100 3837912 2089490843 173904054 10334450
0b000901 0b00ce01 10019 100 3182596 2072386853 191106740 10279510
0b000301 0b00c901 10007 100 3621031 2060114973 203567145 10316270
0b000101 0b00cf01 10017 100 3817897 2092645558 171108753 10332772
0b000901 0b00cd01 10018 100 2909291 2096003179 167825622 10256597
0b000e01 0b00cb01 10006 100 4923912 2034433094 229457556 10425501
0b000e01 0b00ce01 10011 100 5820824 2046206858 218211071 10500698
0b000801 0b00c201 10018 100 3832656 2074670987 190027444 10334011
0b000701 0b00c701 10005 100 4549564 2011685092 253086479 10394117
0b000e01 0b00c001 10019 100 4180068 2090959146 174112659 10363140
0b000701 0b00c001 10006 100 4027853 2031827257 233285290 10350375
0b000301 0b00cd01 10002 100 3185315 2021100163 244081222 10279739
0b000f01 0b00c901 10018 100 5059399 2057875194 207554377 10436862
0b000901 0b00c001 10004 100 5992110 2010670123 254779199 10515061
0b000601 0b00c601 10006 100 4516304 2029786692 235794306 10391329
0b000301 0b00c501 10017 100 3231513 2092534177 173489067 10283611
0b000201 0b00cc01 10004 100 4157375 2018570405 247746754 10361236
0b000801 0b00c901 10005 100 5399556 2021688596 244778032 10465380
0b000701 0b00ca01 10010 100 2909830 2070161723 196373547 10256640
0b000d01 0b00c201 10017 100 3054459 2090203745 176374690 10268767
0b000001 0b00cd01 10019 100 4240236 2096374587 170223612 10368184
0b000c01 0b00c501 10015 100 4678079 2095107885 171735572 10404893
0b000701 0b00c301 10007 100 4015406 2025438816 241836559 10349333
0b000301 0b00c101 10009 100 4890769 2081020461 186884113 10422722
0b000901 0b00cc01 10009 100 4502097 2050743966 217202520 10390139
0b000101 0b00cd01 10017 100 3402505 2064519020 203529327 10297947
0b000101 0b00ce01 10009 100 4206402 2022702255 245471548 10365347
0b000701 0b00c201 10007 100 4132354 2023885796 244340665 10359139
0b000301 0b00c801 10011 100 4915824 2065982319 202398488 10424823
0b000501 0b00c501 10012 100 3545800 2059790791 208907604 10309960
0b000901 0b00cc01 10003 100 4679055 2029209949 239564031 10404975
0b000401 0b00ce01 10011 100 2289721 2049292110 219486525 10204651
0b000301 0b00cb01 10021 100 6096615 2076260496 192868609 10523821
0b000501 0b00ce01 10011 100 1897322 2064729727 204827004 10171754
0b000501 0b00c601 10024 100 3007148 2065112432 204751826 10264802
0b000701 0b00cd01 10015 100 3326351 2084091653 185805958 10291563
0b000c01 0b00c901 10016 100 4674018 2062752150 207199754 10404553
0b000e01 0b00c201 10013 100 5112637 2087069968 182978341 10441324
0b000c01 0b00c101 10010 100 4769008 2041290705 228809745 10412517
0b000301 0b00c001 10013 100 4060275 2064975356 205162950 10353096
0b000101 0b00c701 10022 100 3626100 2085707697 184509372 10316695
0b000a01 0b00c901 10028 100 1712928 2079968744 190309904 10156292
0b000a01 0b00cf01 10018 100 2890054 2075643831 194651952 10254985
0b000f01 0b00c301 10007 100 2239839 2035464263 234984634 10200468
0b000801 0b00c101 10022 100 4867050 2080536984 190079194 10420737
0b000c01 0b00cc01 10002 100 6701642 2014489912 256430903 10574547
0b000601 0b00c401 10024 100 6004794 2093280603 177651395 10516122
0b000001 0b00c901 10027 100 3742738 2085156001 185849177 10326472
0b000c01 0b00cd01 10002 100 8160879 2002109696 268907347 10696888
0b000c01 0b00c201 10025 100 4378370 2062340692 208823777 10379764
0b000d01 0b00c801 10022 100 3761065 2097921189 173297653 10328011
0b000201 0b00c301 10015 100 2575054 2087320769 183903692 10228576
0b000801 0b00c201 10015 100 3705851 2067091580 204158256 10323379
0b000101 0b00c501 10005 100 4915715 2022128003 249263975 10424814
0b000301 0b00cb01 10018 100 7797924 2069068276 202342279 10666458
0b000c01 0b00cd01 10020 100 4805052 2097297608 174245319 10415539
0b000201 0b00c101 10022 100 2149744 2080776200 191446320 10192915
0b000901 0b00cf01 10016 100 4615708 2071120083 201548078 10399662
0b000801 0b00ca01 10023 100 2851017 2093257105 179758519 10251713
0b000701 0b00ca01 10000 100 2801882 2020105263 253030818 10247590
0b000a01 0b00c601 10017 100 4127285 2085499227 187688234 10358714
0b000801 0b00c501 10013 100 3523333 2053834509 219475333 10308078
0b000201 0b00ca01 10015 100 3498139 2075674735 198105237 10305967
0b000001 0b00cb01 10019 100 4936216 2085816434 188123031 10426535
0b000901 0b00c201 10012 100 4347625 2052087035 222041006 10377186
0b000c01 0b00c001 10005 100 8166868 2011136801 263117551 10697390
0b000701 0b00c601 10019 100 3304845 2066231532 208136929 10289758
0b000601 0b00cb01 10019 100 3777760 2094574240 179796661 10329408
0b000901 0b00cd01 10010 100 4341133 2049163910 225374380 10376643
0b000701 0b00c001 10013 100 4516277 2059593675 214967861 10391327
0b000901 0b00c701 10013 100 3457938 2083852534 190776415 10302593
0b000f01 0b00c001 10009 100 5675771 2031763032 242921458 10488537
0b000a01 0b00c101 10017 100 4594127 2081373423 193333401 10397854
0b000601 0b00cf01 10007 100 6356340 2021392237 253394316 10545598
0b000101 0b00c401 10018 100 3873172 2098181614 176807277 10337409
0b000001 0b00c601 10012 100 4653846 2087357882 187644247 10402859
0b000301 0b00cb01 10016 100 6435704 2067173057 207970646 10552250
0b000701 0b00c201 10002 100 5197840 2011776988 263400709 10448467
0b000401 0b00c301 10018 100 7819752 2093516043 181755063 10668288
0b000501 0b00c701 10003 100 4199178 2038884459 236412665 10364742
0b000301 0b00c301 10010 100 6895193 2049440122 226459842 10590776
0b000201 0b00cd01 10019 100 3302601 2099537275 176452382 10289571
0b000a01 0b00cb01 10007 100 5948782 2033772536 242222559 10511426
0b000701 0b00c401 10007 100 4990215 2016148435 260036234 10431062
0b000a01 0b00c501 10016 100 3950631 2083327950 192891384 10343902
0b000c01 0b00c501 10013 100 3845991 2090782954 185684728 10335127
0b000801 0b00c301 10010 100 5536262 2061161434 215489585 10476843
0b000401 0b00ca01 10020 100 4739386 2087212646 189478845 10410032
0b000201 0b00c601 10027 100 1647178 2094410595 182386115 10150782
0b000d01 0b00c401 10035 100 1948022 2096471105 180514763 10176005
0b000201 0b00cc01 10008 100 4350744 2025935566 251086273 10377447
0b000d01 0b00c401 10023 100 4489608 2060831069 216263920 10389090
0b000801 0b00c101 10013 100 2434138 2038813451 238378810 10216761
0b000101 0b00ca01 10017 100 5190315 2087562951 189925583 10447838
0b000301 0b00ce01 10015 100 3910563 2073851342 204008795 10340543
0b000a01 0b00c601 10006 100 6661810 2026801494 251198544 10571206
0b000201 0b00cc01 10024 100 2327121 2085453499 192551782 10207789
0b000601 0b00cf01 10020 100 6267474 2089377636 188695664 10538147
0b000301 0b00ca01 10023 100 4291732 2085011994 193254267 10372499
0b000901 0b00c701 10007 100 5676504 2025330568 253132845 10488600
0b000501 0b00ce01 10003 100 4431933 2019278041 259448790 10384253
0b000901 0b00c401 10024 100 1823806 2097231800 181525108 10165588
0b000601 0b00cc01 10002 100 7734136 2015035367 264042085 10661113
0b000d01 0b00c101 10004 100 4556485 2027818615 251669475 10394697
0b000101 0b00c401 10008 100 4794578 2059262748 220319870 10414659
0b000301 0b00c101 10000 100 9508824 2003118215 276560180 10809900
0b000901 0b00c201 10017 100 4253702 2076872230 202930227 10369311
0b000801 0b00ca01 10021 100 4194440 2090053784 189910666 10364344
0b000801 0b00c701 10005 100 5352066 2021058027 259204898 10461400
0b000301 0b00c701 10015 100 1873293 2078213252 202336133 10169739
0b000001 0b00cd01 10012 100 4649398 2066199121 214389471 10402487
0b000d01 0b00c301 10011 100 4059552 2031990089 248875656 10353034
0b000201 0b00c201 10006 100 4442175 2025428302 255557783 10385115
0b000a01 0b00c001 10018 100 2060211 2073993039 207017338 10185411
0b000001 0b00c001 10009 100 4941422 2063471838 217601078 10426971
0b000a01 0b00c501 10014 100 3801693 2078681428 202520960 10331415
0b000901 0b00c901 10019 100 4027651 2083371306 198010967 10350359
0b000a01 0b00c501 10008 100 4302918 2051081390 231016840 10373436
0b000101 0b00c101 10020 100 4559118 2074606564 207921560 10394919
0b000c01 0b00c901 10014 100 5330672 2051181734 231408427 10459604
0b000801 0b00c401 10013 100 1945039 2058235700 224495576 10175755
0b000c01 0b00c401 10012 100 5698783 2059371334 223713040 10490466
0b000201 0b00cb01 10002 100 5791620 2007879089 275288448 10498250
0b000901 0b00ce01 10026 100 4868887 2093270831 190174566 10420887
0b000c01 0b00cc01 10012 100 7871341 2053745525 229735992 10672615
0b000901 0b00cf01 10015 100 5448686 2049435142 234058754 10469499
0b000b01 0b00c001 10013 100 6994854 2061354784 222283570 10599129
0b000201 0b00cb01 10017 100 2142194 2092205481 191608924 10192284
0b000401 0b00c801 10009 100 7984694 2056949852 226986155 10682117
0b000f01 0b00c301 10000 100 9292433 2005210959 279086263 10791759
0b000c01 0b00c801 10017 100 4830244 2081745815 202719528 10417650
0b000901 0b00ce01 10013 100 4673574 2040316124 244404652 10404514
0b000f01 0b00c201 10028 100 6745870 2083843798 201025104 10578254
0b000901 0b00c301 10017 100 5814226 2081034500 204324080 10500147
0b000401 0b00c001 10000 100 8916294 2005652337 280184818 10760224
0b000101 0b00c801 10013 100 5774694 2066988987 218871214 10496831
0b000c01 0b00c101 10019 100 6983125 2071803732 214088829 10598148
0b000001 0b00c101 10021 100 3711670 2082118540 203908537 10323867
0b000a01 0b00cf01 10004 100 4848987 2018033631 268268360 10419219
0b000101 0b00c101 10008 100 4966839 2030462523 255953101 10429100
0b000f01 0b00cb01 10003 100 7091522 2010940650 275625910 10607235
0b000201 0b00c301 10012 100 4119648 2063653900 222980641 10358072
0b000301 0b00c501 10020 100 5995446 2094391551 192279434 10515340
0b000f01 0b00cd01 10006 100 6352882 2045383386 241497924 10545306
0b000701 0b00c101 10015 100 3342678 2082867541 204303701 10292931
0b000101 0b00c701 10019 100 4860576 2074397230 212841977 10420192
0b000401 0b00cb01 10013 100 4612448 2051229059 236013697 10399389
0b000d01 0b00cd01 10009 100 6460600 2059885652 227418030 10554338
0b000201 0b00c201 10014 100 2341377 2053714777 233698102 10208983
0b000e01 0b00ce01 10007 100 4939842 2036235819 251190694 10426836
0b000001 0b00c101 10010 100 5534490 2036959287 250486894 10476693
0b000b01 0b00c901 10014 100 12165954 2074366529 213135313 11032673
0b000001 0b00c101 10019 100 6017984 2075874478 211634863 10517227
0b000e01 0b00ce01 10009 100 6221505 2039939121 247638861 10534292
0b000b01 0b00c101 10017 100 6111315 2045670490 242221791 10525055
0b000801 0b00c601 10011 100 2267443 2060112818 228432530 10202784
0b000701 0b00c801 10023 100 4143085 2075459423 213235849 10360039
0b000701 0b00c201 10003 100 5496113 2018404485 270339230 10473477
0b000001 0b00c901 10026 100 2018772 2084668150 204230570 10181934
0b000601 0b00cb01 10004 100 7818997 2025629718 263345331 10668224
0b000d01 0b00cb01 10012 100 4493267 2067195739 222103427 10389398
0b000401 0b00c801 10004 100 6022854 2032105909 257303361 10517636
0b000c01 0b00cd01 10007 100 7676024 2036054594 253491905 10656241
0b000501 0b00c301 10009 100 4945185 2021969191 267784821 10427287
0b000901 0b00c301 10013 100 5522951 2066712982 223068380 10475724
0b000d01 0b00ca01 10001 100 7113699 2007718287 282558977 10609093
0b000701 0b00c301 10009 100 4222745 2030935866 259522945 10366715
0b000d01 0b00c901 10012 100 4903080 2038860548 251754948 10423757
0b000101 0b00ca01 10018 100 5788249 2088530035 202323784 10497969
0b000e01 0b00c201 10011 100 6488355 2081302711 209577185 10556666
0b000e01 0b00c501 10005 100 7922349 2020076303 271410895 10676892
0b000401 0b00ce01 10009 100 7751246 2047479253 244181000 10662547
0b000301 0b00cf01 10004 100 5455816 2024254430 267525308 10470096
0b000d01 0b00cf01 10006 100 3978234 2040567154 251235116 10346218
0b000301 0b00cd01 10021 100 3949601 2095580795 196568453 10343816
0b000a01 0b00ca01 10008 100 5975563 2038716221 253608144 10513672
0b000601 0b00cd01 10016 100 4843066 2086560291 205954231 10418726
0b000001 0b00c301 10010 100 5740793 2059067932 233694327 10493988
0b000d01 0b00c701 10007 100 5412726 2033170111 259695395 10466484
0b000001 0b00c901 10008 100 6189193 2029764716 263110218 10531585
0b000101 0b00c501 10025 100 6789660 2084725232 208511140 10581926
0b000101 0b00cd01 10020 100 5385923 2069024579 224324363 10464236
0b000c01 0b00ca01 10006 100 2886541 2027887450 265467167 10254689
0b000501 0b00ca01 10012 100 4763053 2044101178 249255271 10412018
0b000d01 0b00c801 10021 100 1953755 2093286988 200441095 10176483
0b000c01 0b00cc01 10019 100 8122089 2078453738 215851516 10693639
0b000701 0b00c401 10022 100 4119056 2090519684 204601941 10358025
0b000001 0b00ce01 10001 100 9033820 2011093799 284177786 10770076
0b000101 0b00c801 10014 100 5128210 2070592115 224791523 10442632
0b000801 0b00cb01 10016 100 3631825 2093332014 202489389 10317172
0b000f01 0b00cc01 10007 100 8611709 2028057157 267880189 10734686
0b000d01 0b00c501 10014 100 5139969 2082176104 213916693 10443615
0b000c01 0b00cb01 10002 100 8380971 2011451496 284668114 10715340
0b000e01 0b00c601 10013 100 7262798 2082807528 213343120 10621593
0b000c01 0b00c101 10008 100 8585573 2038348887 258032765 10732496
0b000001 0b00ca01 10017 100 5026241 2074045878 222372372 10434082
0b000501 0b00c101 10013 100 2401859 2055924846 240522163 10214052
0b000001 0b00c001 10005 100 6957167 2033577150 262987220 10595972
0b000901 0b00ce01 10014 100 7557863 2041375123 256354707 10646331
0b000901 0b00c301 10007 100 5928282 2029842803 268098681 10509709
0b000401 0b00c201 10001 100 9596338 2014692515 283393154 10817239
0b000d01 0b00ce01 10022 100 5690835 2074596885 223813751 10489800
0b000d01 0b00cd01 10015 100 3942181 2089691345 209256377 10343195
0b000e01 0b00cc01 10009 100 6474442 2020505045 278478752 10555499
0b000d01 0b00c101 10027 100 5238013 2094855652 204223477 10451838
0b000601 0b00cb01 10008 100 8541852 2035673307 263772729 10728829
0b000601 0b00c701 10020 100 7607210 2093122178 206725156 10650471
0b000801 0b00c801 10013 100 1800128 2079882752 220055745 10163606
0b000201 0b00c901 10023 100 2067952 2094894609 205104099 10186057
0b000901 0b00cf01 10024 100 7320887 2094212166 205899441 10626463
0b000001 0b00ce01 10008 100 6782160 2057770683 242362177 10581299
0b000601 0b00c101 10025 100 6514659 2081559191 218630755 10558870
0b000f01 0b00cb01 10017 100 6155876 2082820127 217538320 10528789
0b000c01 0b00c801 10006 100 9570435 2019604048 281090766 10815067
0b000001 0b00cb01 10003 100 7557898 2024928743 275890363 10646334
0b000e01 0b00c101 10005 100 9602342 2012607673 288335437 10817742
0b000301 0b00cf01 10018 100 5197008 2099378737 201587568 10448400
0b000c01 0b00cb01 10004 100 8386771 2031079318 270049270 10715827
0b000501 0b00cf01 10010 100 4821843 2048135229 253091986 10416943
0b000001 0b00cd01 10005 100 8539544 2017881943 283455850 10728637
0b000601 0b00c601 10011 100 4869680 2081856982 219632405 10420955
0b000a01 0b00c501 10013 100 4204150 2068586627 232932148 10365159
0b000901 0b00ca01 10021 100 6977119 2090238006 211484368 10597645
0b000001 0b00cc01 10023 100 4816602 2087790587 214196291 10416505
0b000901 0b00c101 10009 100 7044656 2033282187 268787882 10603305
0b000e01 0b00c801 10009 100 3070780 2034155279 267920937 10270135
0b000901 0b00c401 10009 100 9119022 2045647010 256830677 10777222
0b000601 0b00cf01 10001 100 4547497 2005218607 297313806 10393944
0b000c01 0b00c401 10005 100 9671812 2029269148 273306249 10823565
0b000d01 0b00cb01 10002 100 9084397 2017697099 284998489 10774318
0b000e01 0b00c201 10012 100 7865740 2083036422 219917262 10672144
0b000501 0b00cd01 10024 100 3971088 2093312694 209749408 10345619
0b000b01 0b00cf01 10019 100 7486434 2076384170 226863155 10640344
0b000601 0b00c301 10008 100 6975516 2028475819 274873132 10597509
0b000501 0b00c101 10012 100 4895570 2053763013 249762002 10423126
0b000b01 0b00c101 10001 100 15670281 2008032029 295566960 11326479
0b000901 0b00c501 10013 100 8088494 2025074753 278923306 10690821
0b000b01 0b00cd01 10006 100 9579384 2054831926 249170312 10815817
0b000101 0b00cd01 10022 100 8283574 2077071151 226952913 10707176
0b000e01 0b00c901 10013 100 8166556 2059212221 244884303 10697365
0b000901 0b00c901 10022 100 6758161 2090119490 214555465 10579287
0b000901 0b00cb01 10020 100 4773580 2099177456 205507144 10412898
0b000901 0b00c301 10003 100 8353398 2010161486 294596002 10713031
0b000301 0b00c601 10024 100 9935485 2079213159 225796556 10845673
0b000701 0b00cc01 10015 100 3553620 2063928054 241702029 10310616
0b000201 0b00cf01 10012 100 4990454 2033798587 271914454 10431081
0b000d01 0b00c101 10011 100 6514217 2049242773 256917537 10558834
0b000101 0b00cd01 10024 100 7800149 2083612427 222579816 10666647
0b000101 0b00cb01 10007 100 7141873 2042775558 263701168 10611455
0b000a01 0b00c101 10018 100 5324589 2087402754 219601769 10459095
0b000d01 0b00c701 10021 100 5952547 2091425511 215864877 10511743
0b000901 0b00c501 10015 100 9355886 2031323683 276030324 10797077
0b000401 0b00ce01 10021 100 9772385 2090008588 217662783 10831999
0b000d01 0b00c901 10007 100 7229158 2028489097 279616164 10618775
0b000a01 0b00c201 10014 100 3618075 2073047354 235293123 10316022
0b000001 0b00c001 10003 100 7844632 2019516149 289352658 10670375
0b000101 0b00c601 10022 100 5568595 2095037582 213855560 10479552
0b000801 0b00cc01 10014 100 6363912 2053485712 255758624 10546230
0b000601 0b00cf01 10002 100 4461585 2005601174 303990060 10386740
0b000201 0b00c701 10019 100 5100258 2097107017 212615913 10440288
0b000101 0b00c901 10029 100 8079068 2098421586 211635894 10690032
0b000d01 0b00c901 10013 100 6385910 2042029922 268069069 10548075
0b000e01 0b00c301 10008 100 7026520 2073440227 236687813 10601785
0b000a01 0b00ca01 10019 100 3712957 2099321250 210922746 10323974
0b000901 0b00c501 10019 100 2532694 2039795146 270485634 10225022
0b000301 0b00cf01 10006 100 6946826 2034741126 275566206 10595102
0b000101 0b00c901 10015 100 4988401 2076090567 234486857 10430909
0b000901 0b00c501 10016 100 8546308 2032607309 278042326 10729205
0b000901 0b00cd01 10003 100 8571730 2028784759 281916426 10731334
0b000201 0b00ce01 10015 100 3247390 2075201568 235753553 10284943
0b000401 0b00c501 10014 100 8926822 2060893309 251141405 10761105
0b000301 0b00ce01 10017 100 8007914 2079875717 232243986 10684063
0b000201 0b00c201 10022 100 7139708 2092092817 220120346 10611274
0b000801 0b00c301 10009 100 4894056 2059351849 252967440 10423001
0b000c01 0b00c401 10006 100 9606977 2034689355 278089526 10818129
0b000001 0b00cf01 10019 100 6206560 2083855831 228994062 10533039
0b000201 0b00cc01 10026 100 4461232 2091735422 221146537 10386712
0b000001 0b00cb01 10018 100 7018717 2083161275 229860257 10601130
0b000801 0b00c901 10003 100 6557091 2017709743 295566775 10562430
0b000401 0b00c301 10017 100 8291297 2090573255 222889140 10707825
0b000d01 0b00cc01 10021 100 6564337 2098489756 215500161 10563036
0b000a01 0b00cf01 10022 100 4426537 2091039761 223057609 10383802
0b000f01 0b00c801 10017 100 17473245 2098826499 215350696 11477639
0b000501 0b00ce01 10010 100 5478295 2059377762 255147177 10471982
0b000e01 0b00cd01 10013 100 7932793 2092482996 222300879 10677766
0b000501 0b00c601 10007 100 5762176 2027409513 287497484 10495784
0b000e01 0b00c901 10022 100 8757680 2093436161 221639291 10746925
0b000701 0b00ce01 10010 100 4723287 2065397883 250129298 10408683
0b000101 0b00c901 10026 100 8879088 2082921626 233254775 10757106
0b000f01 0b00cd01 10008 100 9195349 2049309690 266937816 10783620
0b000f01 0b00c301 10013 100 9751177 2066483074 249838140 10830221
0b000601 0b00c101 10021 100 9355071 2066273144 250147971 10797012
0b000a01 0b00c101 10014 100 4325781 2071806093 244708010 10375354
0b000201 0b00c001 10000 100 7295069 2003388860 313158255 10624302
0b000001 0b00cb01 10007 100 8491781 2050424016 266778502 10724631
0b000801 0b00c601 10005 100 2950774 2027054311 290177518 10260073
0b000301 0b00c101 10003 100 6554969 2028061129 289210665 10562248
0b000301 0b00ca01 10009 100 4951290 2054418715 262911027 10427798
0b000d01 0b00c101 10001 100 9494607 2009595739 308211365 10808709
0b000501 0b00ce01 10008 100 4935027 2041851145 276568580 10426436
0b000901 0b00c101 10012 100 9305657 2040176182 278281449 10792867
0b000301 0b00ca01 10004 100 8816810 2031072035 287556443 10751882
0b000901 0b00ce01 10021 100 13311290 2086732694 231942781 11128701
0b000c01 0b00c401 10020 100 7846958 2079590274 239094816 10670569
0b000901 0b00cb01 10011 100 13179215 2064206851 254713249 11117628
0b000f01 0b00c101 10008 100 15000354 2033815678 285239808 11270312
0b000201 0b00cb01 10013 100 2775147 2056776442 262514365 10245351
0b000501 0b00ce01 10021 100 4987651 2087399365 232146614 10430846
0b000a01 0b00cc01 10023 100 6885651 2095773765 224080380 10589974
0b000001 0b00c901 10019 100 8530383 2056003919 263920967 10727869
0b000901 0b00c901 10001 100 8075259 2005628970 314483975 10689712
0b000501 0b00c601 10033 100 5092511 2087433653 232731671 10439638
0b000101 0b00c901 10008 100 6873888 2042449278 277842655 10588987
0b000201 0b00c301 10006 100 5171975 2023017110 297477011 10446298
0b000201 0b00c201 10016 100 4838989 2057841825 262675176 10418380
0b000a01 0b00cc01 10021 100 4584298 2092571335 228190611 10397030
0b000101 0b00c401 10012 100 7613593 2068426318 252357548 10651005
0b000f01 0b00c701 10007 100 2998604 2050991129 269799351 10264084
0b000501 0b00cb01 10018 100 3832355 2083803802 237291228 10333987
0b000f01 0b00c701 10011 100 9888537 2076824402 244887787 10841736
0b000d01 0b00cd01 10007 100 7641225 2058253397 263540332 10653323
0b000501 0b00c701 10002 100 2845141 2029630008 292289864 10251219
0b000501 0b00c301 10011 100 4881591 2039969460 282243249 10421954
0b000301 0b00c701 10016 100 4910214 2093390164 228828295 10424355
0b000401 0b00c501 10008 100 9282966 2019868188 302474391 10790964
0b000a01 0b00c201 10011 100 7515701 2061064372 261596304 10642797
0b000201 0b00c601 10015 100 5519102 2060332389 262403369 10475404
0b000c01 0b00c201 10027 100 5308331 2072541623 250247373 10457733
0b000a01 0b00ce01 10002 100 8395101 2028278026 294712492 10716528
0b000201 0b00c701 10005 100 3237623 2019647453 303513492 10284123
0b000901 0b00c201 10000 100 13109466 2003925602 320235032 11111779
0b000401 0b00cf01 10017 100 5910728 2071523561 252692635 10508236
0b000501 0b00c001 10019 100 5184054 2053583571 271076252 10447314
0b000501 0b00c101 10011 100 5613239 2041033075 283673942 10483296
0b000101 0b00c101 10018 100 7397572 2069084201 255842068 10632894
0b000f01 0b00cf01 10003 100 7347976 2046310641 278762023 10628734
0b000501 0b00c701 10013 100 5139112 2071640659 254098211 10443546
0b000001 0b00cf01 10010 100 9513736 2060142225 266271157 10810312
0b000801 0b00c801 10014 100 8466109 2089061025 237467743 10722482
0b000001 0b00c801 10022 100 2749985 2069554715 257021865 10243238
0b000601 0b00c001 10024 100 12434844 2079305703 247862623 11055217
0b000201 0b00c601 10022 100 2490991 2083418616 244437977 10221524
0b000101 0b00c801 10004 100 8559162 2031485476 296589448 10730283
0b000601 0b00cd01 10003 100 3446235 2017668242 310937877 10301615
0b000c01 0b00c301 10008 100 15802898 2039450613 289568250 11337595
0b000101 0b00cc01 10021 100 8467810 2096228350 232793977 10722621
0b000201 0b00cc01 10016 100 5726429 2046338534 282810035 10492786
0b000f01 0b00c501 10000 100 26279182 2000881902 328507968 12215929
0b000201 0b00c101 10020 100 7620939 2076416211 253137758 10651619
0b000301 0b00c501 10010 100 24770362 2058823365 270733584 12089429
0b000501 0b00c301 10016 100 4593036 2080036401 249569243 10397763
0b000601 0b00ce01 10011 100 8670995 2045101026 284528763 10739656
0b000a01 0b00c101 10020 100 5470057 2095914633 233741728 10471293
0b000d01 0b00c101 10016 100 10067108 2065016809 264724483 10856709
0b000201 0b00cf01 10023 100 6241548 2083691340 246496834 10535973
0b000901 0b00c301 10025 100 6027851 2099270704 231044354 10518055
0b000301 0b00c501 10014 100 4629440 2074897889 255450917 10400814
0b000201 0b00c201 10000 100 19211094 2001525852 329409379 11623341
0b000f01 0b00c801 10013 100 6295043 2077496678 253741852 10540460
0b000701 0b00cd01 10011 100 5278833 2068497407 262941703 10455258
0b000501 0b00c801 10014 100 2255449 2081343165 250510015 10201778
0b000101 0b00c701 10010 100 2708546 2040912425 291277536 10239766
0b000201 0b00cf01 10027 100 10132186 2097334576 235254919 10862165
0b000601 0b00cb01 10015 100 9581816 2062376503 270443978 10816020
0b000701 0b00c601 10024 100 5790365 2076786176 256127713 10498146
0b000a01 0b00c001 10014 100 7730536 2058064040 274851475 10660809
0b000401 0b00c201 10002 100 15443871 2018945399 314128245 11307494
0b000401 0b00c801 10010 100 11244557 2057303919 275821318 10955425
0b000201 0b00c401 10017 100 8843870 2098230867 234996567 10754150
0b000f01 0b00cd01 10011 100 23264247 2057037220 276344509 11963157
0b000a01 0b00cb01 10015 100 8678707 2081535829 251980242 10740303
0b000901 0b00cb01 10018 100 7796094 2092486221 241191503 10666308
0b000101 0b00c501 10022 100 6961380 2073107692 261204240 10596324
0b000901 0b00ce01 10022 100 7453465 2087192103 247573131 10637580
0b000401 0b00c701 10008 100 9502770 2064967832 270708232 10809393
0b000001 0b00cf01 10014 100 9418967 2069681173 266690105 10802366
0b000201 0b00c101 10015 100 9014555 2052197717 284366804 10768462
0b000601 0b00c201 10011 100 18797092 2071147354 265579283 11588631
0b000301 0b00c601 10014 100 7612188 2049139849 288563824 10650888
0b000e01 0b00cf01 10021 100 8919269 2048327151 289516811 10760474
0b000301 0b00c901 10008 100 17123328 2065637638 272373749 11448302
0b000801 0b00c501 10015 100 9242211 2065469388 272652306 10787550
0b000301 0b00cb01 10023 100 9461027 2076970347 261283566 10805896
0b000801 0b00cd01 10016 100 8770979 2050105073 288450776 10748038
0b000a01 0b00cb01 10022 100 9421437 2090432325 248163212 10802575
0b000301 0b00cd01 10012 100 3007057 2050572858 288071670 10264795
0b000e01 0b00c701 10000 100 3867389 2008933285 329754970 10336924
0b000001 0b00ca01 10020 100 7052307 2086282923 252606777 10603948
0b000901 0b00c201 10024 100 6865203 2090898914 248123450 10588261
0b000601 0b00c501 10014 100 10947818 2068484010 270896265 10930545
0b000e01 0b00cb01 10016 100 2529202 2090462678 249549580 10224731
0b000301 0b00ce01 10024 100 9108836 2089024459 251046343 10776365
0b000b01 0b00c201 10003 100 3681391 2023969891 316523032 10321330
0b000201 0b00ca01 10012 100 7277599 2068948113 271734489 10622835
0b000601 0b00c101 10024 100 12834873 2075408134 265410568 11088756
0b000d01 0b00c601 10003 100 9688859 2009314264 331804910 10824994
0b000801 0b00cd01 10029 100 7495613 2097869004 244091821 10641113
0b000901 0b00cf01 10001 100 7068724 2008372319 334474863 10605322
0b000e01 0b00c901 10002 100 4058581 2007796542 335662146 10352953
0b000901 0b00c901 10005 100 7958976 2023725567 319973876 10679960
0b000301 0b00c301 10016 100 9318488 2065888397 278073038 10793944
0b000e01 0b00c201 10003 100 16885204 2024263471 320721188 11428338
0b000301 0b00c201 10017 100 4678054 2089806777 255628157 10404891
0b000f01 0b00cd01 10018 100 20378340 2075274595 270207103 11721202
0b000501 0b00ce01 10000 100 9943617 2005168131 340548173 10846354
0b000701 0b00cb01 10012 100 2679318 2043476832 302322447 10237316
0b000e01 0b00ca01 10009 100 17273505 2034477112 311579390 11460892
0b000501 0b00c401 10007 100 5350982 2045974305 300325661 10461306
0b000501 0b00c101 10007 100 7444871 2022417509 324323638 10636858
0b000201 0b00c301 10003 100 17353482 2019265621 327815387 11467597
0b000f01 0b00c201 10030 100 6880075 2088283394 260016946 10589509
0b000a01 0b00c301 10021 100 2201186 2094061117 254730177 10197230
0b000c01 0b00cb01 10003 100 28972395 2023606556 325766952 12441727
0b000d01 0b00c501 10018 100 5695638 2095857012 253542866 10490203
0b000c01 0b00cb01 10012 100 6652039 2060410753 289022772 10570390
0b000501 0b00cb01 10017 100 4985306 2082418962 267642973 10430650
0b000201 0b00ca01 10002 100 9298302 2008099931 342014636 10792252
0b000601 0b00c601 10005 100 3248482 2026425527 323915314 10285034
0b000701 0b00c501 10006 100 2961933 2032303889 318220014 10261008
0b000001 0b00cc01 10003 100 9273175 2011796347 339283331 10790146
0b000101 0b00cd01 10005 100 10133678 2017541151 334074177 10862288
0b000d01 0b00c701 10009 100 10586785 2041719372 310118854 10900276
0b000501 0b00c501 10014 100 4880170 2075139651 276823651 10421836
0b000101 0b00c101 10004 100 8345424 2020955733 331271770 10712362
0b000701 0b00c501 10023 100 6553231 2097713774 255212955 10562105
0b000501 0b00c301 10005 100 8514140 2016709715 336396576 10726508
0b000d01 0b00c901 10001 100 19270726 2006265062 347163422 11628338
0b000d01 0b00cb01 10011 100 7914223 2065852680 287832302 10676211
0b000201 0b00c001 10009 100 8254972 2068704054 285135337 10704776
0b000e01 0b00cb01 10008 100 15691185 2040961568 312886901 11328232
0b000201 0b00cb01 10018 100 5931356 2099285285 254667181 10509967
0b000401 0b00c301 10011 100 11409511 2064532376 290106719 10969255
0b000f01 0b00cc01 10003 100 17827118 2013375932 341418927 11507308
0b000401 0b00cf01 10004 100 16204210 2008058507 346757138 11371244
0b000c01 0b00c101 10009 100 3073929 2041154992 314045825 10270398
0b000c01 0b00cd01 10013 100 9166713 2064847766 290389749 10781218
0b000301 0b00c401 10030 100 9574834 2099591316 255794348 10815434
0b000b01 0b00cb01 10003 100 21594346 2010828913 344621598 11823152
0b000001 0b00cf01 10020 100 9631127 2084915840 270655723 10820157
0b000c01 0b00c601 10031 100 9703256 2098999607 257426521 10826203
0b000d01 0b00c701 10002 100 15778656 2012751689 343728818 11335563
0b000301 0b00ce01 10007 100 17878377 2039693966 317792257 11511605
0b000101 0b00ce01 10024 100 10792205 2092315468 265376769 10917501
0b000001 0b00c301 10014 100 15168355 2076144391 281724963 11284397
0b000201 0b00cc01 10014 100 3349074 2037179609 320721357 10293469
0b000601 0b00c901 10013 100 26214279 2061309780 296818626 12210487
0b000901 0b00ce01 10016 100 24295802 2062991436 295372917 12049640
0b000001 0b00cc01 10010 100 3382803 2035977989 322712395 10296294
0b000001 0b00c001 10004 100 15775765 2029723183 329121602 11335321
0b000601 0b00c101 10004 100 18561108 2016277441 342599209 11568846
0b000201 0b00ce01 10003 100 3975014 2010104978 348805346 10345948
0b000501 0b00ce01 10012 100 8414889 2065692155 293429526 10718184
0b000201 0b00cd01 10004 100 7428577 2011060556 348214740 10635493
0b000e01 0b00c101 10014 100 15819137 2050483578 309265094 11338959
0b000801 0b00cb01 10014 100 8478675 2084264659 276094986 10723533
0b000501 0b00c401 10015 100 8255244 2072168832 288278149 10704802
0b000801 0b00c701 10002 100 9339176 2015591254 345073730 10795679
0b000701 0b00c801 10019 100 6856401 2059979607 300722441 10587522
0b000501 0b00c801 10001 100 9436286 2012435917 348478783 10803820
0b000e01 0b00c701 10013 100 21188156 2089106149 271893128 11789098
0b000d01 0b00cb01 10017 100 16796519 2098667899 262375370 11420902
0b000701 0b00cb01 10015 100 7675414 2050456061 311606092 10656188
0b000c01 0b00c301 10012 100 9090494 2061112709 301770843 10774828
0b000f01 0b00cc01 10008 100 24680684 2028953732 334113074 12081909
0b000701 0b00c301 10020 100 7306388 2097403641 265877976 10625249
0b000901 0b00c601 10017 100 6317997 2091551148 272042533 10542380
0b000801 0b00cd01 10027 100 9560230 2090791097 272903681 10814212
0b000101 0b00c101 10014 100 27105152 2058295713 305465967 12285179
0b000201 0b00cf01 10006 100 9789734 2012123738 352046599 10833452
0b000401 0b00c001 10005 100 27177404 2026364050 338223184 12291235
0b000d01 0b00ca01 10021 100 2617711 2099573701 265445786 10232150
0b000001 0b00cc01 10013 100 3462839 2039682678 325951384 10303005
0b000e01 0b00cc01 10006 100 25784238 2013381461 352347259 12174433
0b000201 0b00c601 10001 100 4021263 2005215098 360609028 10349825
0b000201 0b00c601 10005 100 3410570 2014694871 351453976 10298623
0b000d01 0b00c901 10005 100 12625781 2026916040 339501099 11071226
0b000d01 0b00cc01 10003 100 15735094 2022945597 343791893 11331913
0b000201 0b00c701 10016 100 6745839 2078183904 288664135 10578251
0b000001 0b00c201 10007 100 17293159 2026157898 341058075 11462541
0b000f01 0b00cc01 10015 100 24337586 2075723556 291513556 12053144
0b000801 0b00c901 10023 100 9554931 2099263775 268082850 10813765
0b000101 0b00ce01 10025 100 29329330 2092630709 274821987 12471653
0b000e01 0b00cc01 10012 100 13033153 2032492081 334967491 11105382
0b000c01 0b00c601 10003 100 18757310 2013325973 354548383 11585295
0b000501 0b00c601 10016 100 9724779 2055000611 312947100 10828006
0b000301 0b00c601 10009 100 14850522 2031248342 336748071 11257749
0b000601 0b00c701 10007 100 17520417 2026275055 341764432 11481594
0b000b01 0b00ce01 10016 100 25178280 2062339605 305926303 12123629
0b000701 0b00c901 10017 100 7116060 2092630751 275877962 10609294
0b000f01 0b00c901 10024 100 16195094 2086529271 282187754 11370480
0b000f01 0b00c001 10006 100 26447831 2022814534 346060850 12230066
0b000701 0b00c601 10002 100 3966934 2013998695 356389979 10345268
0b000a01 0b00c001 10010 100 28668831 2046874223 323560797 12416275
0b000601 0b00c501 10005 100 3361592 2036066770 334929318 10294517
0b000001 0b00c901 10028 100 2724210 2089340943 281918902 10241080
0b000e01 0b00cc01 10018 100 27762467 2060416512 311019906 12340287
0b000701 0b00c501 10021 100 7321388 2094663864 277173978 10626507
0b000701 0b00c901 10014 100 6675118 2079414796 292858549 10572325
0b000d01 0b00c701 10000 100 28914224 2001133047 371542766 12436851
0b000701 0b00c001 10004 100 9048417 2023862799 349227805 10771301
0b000c01 0b00cd01 10004 100 23136462 2015470689 357691164 11952443
0b000501 0b00c101 10004 100 9412743 2016754233 356858288 10801845
0b000001 0b00c101 10007 100 24216425 2019094076 355044269 12042987
0b000001 0b00c801 10019 100 17883187 2062188492 312006963 11512009
0b000801 0b00c101 10015 100 14441373 2055955522 318448251 11223447
0b000201 0b00c901 10001 100 4297345 2008635818 365904173 10372971
0b000001 0b00ce01 10013 100 14155427 2078127429 296720580 11199473
0b000801 0b00c401 10014 100 24373654 2059056479 315902250 12056168
0b000801 0b00c801 10019 100 24203651 2095301603 279873271 12041915
0b000501 0b00c901 10006 100 8648682 2036431268 339311840 10737786
0b000901 0b00cc01 10001 100 18391209 2016075893 359831933 11554602
0b000f01 0b00c901 10011 100 10641561 2038910868 337012309 10904870
0b000f01 0b00cc01 10006 100 3669345 2026143824 349927687 10320320
0b000401 0b00ca01 10014 100 28985226 2045386018 331328952 12442804
0b000a01 0b00ce01 10006 100 13295960 2045725350 331027791 11127413
0b000001 0b00c901 10015 100 13252741 2052770477 324807724 11123790
0b000701 0b00c401 10004 100 4301610 2007245595 370868833 10373328
0b000001 0b00cc01 10012 100 14281974 2038605920 339569355 11210080
0b000701 0b00ce01 10005 100 9417339 2024880110 353546870 10802232
0b000a01 0b00c001 10015 100 9981292 2064206757 314363885 10849514
0b000201 0b00cf01 10015 100 7377083 2057598401 321055545 10631178
0b000601 0b00cb01 10006 100 19834556 2031304094 347642600 11675610
0b000601 0b00cd01 10006 100 17258010 2049146073 329876275 11459595
0b000701 0b00c901 10018 100 27972232 2096060438 283477544 12357874
0b000001 0b00c801 10026 100 28818589 2080447712 299276467 12428832
0b000301 0b00cb01 10008 100 3824306 2034957100 344858558 10333312
0b000701 0b00cc01 10004 100 3361973 2017956986 361953330 10294547
0b000801 0b00cf01 10016 100 2615244 2083362162 296678971 10231944
0b000601 0b00c101 10020 100 22707192 2059175273 320917024 11916454
0b000901 0b00cc01 10000 100 25163160 2010805078 369351948 12122362
0b000501 0b00cf01 10004 100 27165787 2019648581 360568019 12290260
0b000801 0b00ca01 10013 100 2786056 2064204931 316330528 10246266
0b000b01 0b00c601 10012 100 28724560 2053835186 327100219 12420948
0b000001 0b00c301 10013 100 26521341 2071429875 309700196 12236231
0b000301 0b00c501 10011 100 3318149 2060879749 321038651 10290876
0b000201 0b00cb01 10011 100 23590957 2044783225 337267455 11990546
0b000701 0b00c101 10004 100 22955600 2026582227 356666859 11937279
0b000701 0b00c001 10003 100 20635885 2023750805 359543414 11742793
0b000701 0b00c401 10013 100 3012438 2049547346 333955923 10265244
0b000501 0b00cc01 10012 100 19133699 2043690776 340418803 11616850
0b000101 0b00c801 10005 100 17031077 2033063682 351152074 11440569
0b000201 0b00c001 10012 100 22506547 2091783068 292739625 11899630
0b000101 0b00c301 10016 100 2991463 2091690521 292879870 10263486
0b000301 0b00ca01 10012 100 3413610 2059468982 325380768 10298878
0b000801 0b00cc01 10017 100 2619801 2075481175 309424010 10232324
0b000201 0b00cc01 10006 100 9337965 2020861860 365093314 10795575
0b000a01 0b00c001 10000 100 20225531 2006337155 379666977 11708390
0b000a01 0b00cf01 10012 100 18712960 2054910242 331490494 11581574
0b000701 0b00c701 10026 100 8958326 2070717563 315735059 10763748
0b000801 0b00c401 10016 100 2832518 2068943732 317748300 10250160
0b000b01 0b00cb01 10011 100 24894029 2049954357 337447525 12099799
0b000701 0b00ca01 10013 100 17045065 2087680069 300198956 11441741
0b000401 0b00cd01 10010 100 3005357 2076982135 311290339 10264651
0b000501 0b00cd01 10018 100 9985415 2073535123 315176459 10849859
0b000a01 0b00c301 10013 100 13186691 2043135005 345949890 11118253
0b000501 0b00c801 10015 100 23705928 2081843318 307344852 12000185
0b000201 0b00cf01 10026 100 24853424 2091936184 297525220 12096393
0b000901 0b00ca01 10020 100 26936771 2085578390 303998964 12271059
0b000201 0b00c401 10015 100 8734066 2090581373 299121367 10744947
0b000e01 0b00c401 10003 100 4489966 2015135730 374879122 10389118
0b000a01 0b00cd01 10004 100 28221333 2016060533 375077023 12378759
0b000b01 0b00c901 10003 100 5800608 2007643943 383579336 10499004
0b000101 0b00c501 10002 100 14021936 2009264073 382076210 11188279
0b000501 0b00cc01 10020 100 23616810 2067673085 323758828 11992714
0b000f01 0b00ce01 10016 100 3271493 2075447446 316125523 10286963
0b000c01 0b00c701 10011 100 21244121 2037959271 353788666 11793790
0b000c01 0b00c001 10001 100 21000703 2004238549 387812412 11773380
0b000901 0b00c001 10003 100 4349411 2009397245 383447204 10377336
0b000701 0b00c401 10016 100 9954600 2060431675 332770375 10847275
0b000c01 0b00cf01 10007 100 21182171 2054172165 339052736 11788596
0b000701 0b00c301 10016 100 8759224 2061338935 332135307 10747056
0b000201 0b00ca01 10005 100 4329741 2021526157 372440005 10375686
0b000201 0b00c601 10002 100 4927668 2007004432 386964410 10425816
0b000701 0b00c601 10011 100 9661805 2031164217 362873885 10822726
0b000201 0b00c801 10005 100 4041975 2010486200 383684087 10351559
0b000901 0b00c101 10016 100 4815319 2044001135 350300907 10416398
0b000d01 0b00cc01 10012 100 3950281 2050376105 344092854 10343874
0b000801 0b00cd01 10005 100 6670506 2010107222 384447898 10571937
0b000e01 0b00c801 10001 100 6672376 2004003436 390567833 10572094
0b000d01 0b00c301 10019 100 3889547 2053268890 341603960 10338781
0b000101 0b00cd01 10008 100 3775234 2029810342 365134486 10329198
0b000201 0b00ce01 10010 100 3975679 2053248985 341941311 10346002
0b000501 0b00c501 10018 100 8527262 2091992492 303520413 10727608
0b000001 0b00c401 10013 100 3827051 2052895196 342648191 10333543
0b000201 0b00c401 10003 100 4783561 2017753362 377961940 10413735
0b000301 0b00c501 10007 100 25696011 2039644828 356145596 12167037
0b000701 0b00cb01 10001 100 5933803 2010817734 385000190 10510170
0b000801 0b00cf01 10017 100 3439393 2089590396 306300095 10301041
0b000201 0b00c601 10010 100 4354450 2029851893 366153546 10377759
0b000301 0b00c401 10018 100 3966364 2061399268 334902523 10345222
0b000d01 0b00c401 10020 100 6791852 2053279246 343137407 10582109
0b000701 0b00cd01 10016 100 10211660 2084869218 311647277 10868826
0b000701 0b00c001 10005 100 6510140 2030783028 366305585 10558493
0b000301 0b00c501 10012 100 5693161 2068062106 329296582 10489997
0b000801 0b00ca01 10004 100 6371526 2016387063 381102780 10546870
0b000501 0b00c201 10006 100 9213981 2064051065 333453422 10785180
0b000201 0b00cf01 10010 100 6572108 2028152137 369375751 10563688
0b000801 0b00cf01 10010 100 5627865 2061673852 335903561 10484520
0b000801 0b00c601 10009 100 5627036 2045985630 351682819 10484454
0b000a01 0b00cd01 10003 100 6004071 2011042511 386637026 10516064
0b000801 0b00c501 10017 100 5855177 2077790727 319898474 10503581
0b000701 0b00c401 10002 100 4804496 2006995851 391024373 10415490
0b000301 0b00c401 10021 100 5639776 2079879399 318311383 10485519
0b000701 0b00c501 10000 100 20986736 2005214269 393014776 11772208
0b000401 0b00ce01 10008 100 29038623 2039826586 358628821 12447279
0b000501 0b00ca01 10007 100 19024876 2023451182 375034150 11607726
0b000801 0b00cc01 10015 100 29216954 2062696174 336139972 12462229
0b000701 0b00cb01 10016 100 10086413 2066668745 332558719 10858327
0b000501 0b00cb01 10019 100 26814305 2092785317 306614113 12260794
0b000201 0b00c501 10017 100 9465558 2078934727 320858244 10806274
0b000401 0b00c101 10001 100 15913621 2011150618 388669139 11346879
0b000f01 0b00c201 10019 100 8713427 2051722305 349170413 10743215
0b000e01 0b00c101 10016 100 14506631 2051115488 350858066 11228917
0b000201 0b00ce01 10009 100 19189346 2049422905 352685151 11621517
0b000201 0b00cd01 10001 100 14749974 2002598272 399767220 11249317
0b000701 0b00c901 10005 100 9092715 2026225805 376390715 10775014
0b000701 0b00c701 10003 100 7094849 2008227424 395091127 10607512
0b000601 0b00ce01 10000 100 9888946 2002715815 400635388 10841769
0b000f01 0b00c301 10004 100 4218338 2025946913 377738596 10366348
0b000e01 0b00cb01 10001 100 21850183 2004418537 399469514 11844602
0b000301 0b00c901 10005 100 9696947 2057303216 346937843 10825672
0b000701 0b00cc01 10002 100 7958513 2011332909 393633668 10679923
0b000501 0b00c001 10015 100 3696319 2041767447 363970608 10322582
0b000701 0b00c401 10001 100 4978636 2006774594 399281537 10430090
0b000201 0b00c301 10014 100 16319383 2082223410 324396494 11380899
0b000001 0b00c801 10028 100 3456270 2090797379 315994933 10302456
0b000101 0b00c401 10007 100 15134178 2052087719 354832334 11281532
0b000801 0b00c801 10012 100 26660813 2075540247 331457328 12247923
0b000101 0b00c201 10000 100 29082701 2002508694 404709898 12450974
0b000701 0b00c101 10000 100 26097807 2001017147 406551780 12200720
0b000301 0b00cb01 10022 100 15470849 2076724925 330878017 11309756
0b000401 0b00cf01 10002 100 7675628 2007537020 400346114 10656206
0b000501 0b00c001 10029 100 25065566 2092427299 316001576 12114178
0b000101 0b00c401 10006 100 28325701 2050352520 358302934 12387507
0b000c01 0b00c601 10014 100 3911027 2048833430 360044772 10340584
0b000701 0b00cf01 10012 100 29247744 2065047901 344107057 12464811
0b000f01 0b00ca01 10003 100 4683507 2016070721 393546728 10405347
0b000301 0b00cc01 10012 100 27226679 2072746340 336953170 12295366
0b000701 0b00cc01 10019 100 9970284 2078185659 331524783 10848591
0b000d01 0b00c101 10014 100 3739286 2062199942 347740014 10326184
0b000e01 0b00cc01 10017 100 29318364 2051751798 359448998 12470734
0b000401 0b00cd01 10002 100 4305147 2024105285 387873271 10373626
0b000701 0b00c001 10012 100 3417119 2058825104 353825601 10299174
0b000a01 0b00c401 10004 100 22448364 2006092907 406898947 11894753
0b000101 0b00c201 10003 100 4293075 2022256845 391304939 10372614
0b000a01 0b00c801 10006 100 3846453 2047502385 366320128 10335168
0b000201 0b00cd01 10017 100 3364541 2089016640 325323501 10294764
0b000501 0b00c001 10020 100 28944221 2054314504 360777804 12439366
0b000e01 0b00c901 10015 100 27957813 2062968128 352741257 12356663
0b000401 0b00c101 10005 100 4306723 2027096082 388991135 10373756
0b000c01 0b00c601 10015 100 4173244 2051346179 364778059 10362567
0b000301 0b00c701 10013 100 19645380 2070273368 346478442 11659751
0b000701 0b00cb01 10017 100 26233236 2067021761 350292731 12212077
0b000501 0b00c101 10021 100 27723869 2089812510 329445518 12337049
0b000401 0b00c101 10018 100 3546556 2075143240 345555735 10310024
0b000f01 0b00ce01 10011 100 4067838 2045885414 375196198 10353728
0b000501 0b00c301 10019 100 26057638 2090321670 331268875 12197353
0b000001 0b00c001 10014 100 4120466 2087826109 334135456 10358141
0b000e01 0b00c301 10012 100 4049739 2087709593 334451349 10352211
0b000401 0b00c501 10010 100 4169423 2048826200 373444516 10362246
0b000d01 0b00ca01 10017 100 4256894 2078709475 343725680 10369578
0b000401 0b00c701 10012 100 3600795 2072796767 350532343 10314571
0b000601 0b00c101 10010 100 4118715 2043831573 379758620 10357994
0b000f01 0b00c901 10023 100 3948908 2072249825 351404130 10343756
0b000001 0b00c901 10020 100 4278735 2067792798 356470865 10371410
0b000901 0b00c801 10015 100 4302441 2063233534 361057702 10373398
0b000501 0b00c101 10017 100 18482289 2074359639 350379622 11562237
0b000e01 0b00c501 10010 100 4642781 2034457848 391314567 10401931
0b000301 0b00c601 10031 100 3954174 2094746631 331223740 10344201
0b000a01 0b00cb01 10016 100 24373167 2081711594 344438001 12056129
0b000401 0b00c301 10014 100 4974341 2073022384 353170350 10429731
0b000101 0b00cd01 10018 100 3930869 2065152846 361579335 10342244
0b000201 0b00c101 10008 100 4562956 2032451861 394573092 10395238
0b000701 0b00c401 10023 100 3798303 2095263794 331891130 10331132
0b000101 0b00c901 10001 100 27699665 2010682588 416578404 12335021
0b000a01 0b00c001 10020 100 3671787 2087433666 341156694 10320523
0b000701 0b00cf01 10015 100 9101784 2076583888 352163902 10775774
0b000a01 0b00c101 10015 100 25457679 2075162112 353602467 12147053
0b000001 0b00c701 10010 100 7933934 2034152553 395124445 10677861
0b000401 0b00cc01 10021 100 4555447 2094987285 334391820 10394610
0b000801 0b00c401 10019 100 3785048 2076456644 353436347 10330022
0b000501 0b00c601 10011 100 5380846 2043690441 386612368 10463810
0b000a01 0b00cb01 10020 100 3983413 2088501337 341965843 10346651
0b000501 0b00c201 10012 100 20785731 2091798730 339120547 11755356
0b000601 0b00c901 10019 100 4862749 2074415977 356617322 10420373
0b000c01 0b00cd01 10010 100 7379136 2048672584 382387431 10631350
0b000201 0b00ce01 10017 100 4074651 2077499120 354560133 10354300
0b000701 0b00ce01 10000 100 21737469 2006933581 425450244 11835151
0b000a01 0b00c401 10019 100 4303226 2078658786 353978205 10373465
0b000b01 0b00c601 10005 100 9511795 2034271221 398676768 10810149
0b000501 0b00c901 10013 100 4388762 2056576106 376712227 10380634
0b000e01 0b00c801 10002 100 6431704 2010409330 423525125 10551915
0b000801 0b00c001 10016 100 4048553 2075331268 359047335 10352112
0b000a01 0b00c401 10015 100 4629717 2066477621 368388540 10400836
0b000501 0b00c801 10003 100 7136883 2019499119 415463167 10611036
0b000d01 0b00cc01 10009 100 9249636 2037627330 397473271 10788170
0b000401 0b00ca01 10021 100 7083082 2091044518 344317096 10606529
0b000301 0b00c201 10005 100 6463628 2025315801 410114959 10554592
0b000a01 0b00c201 10018 100 3961347 2094853914 340826622 10344801
0b000f01 0b00c001 10007 100 6218328 2024109310 411727514 10534027
0b000601 0b00ca01 10021 100 5942025 2095850620 340097749 10510863
0b000a01 0b00c601 10008 100 5220613 2031866153 404124745 10450377
0b000201 0b00c501 10003 100 5684726 2028127948 408285960 10489288
0b000d01 0b00c001 10017 100 6026018 2070119549 366540521 10517905
0b000a01 0b00cd01 10008 100 4909674 2038751630 398075666 10424308
0b000a01 0b00c401 10016 100 4600935 2067156594 369860244 10398422
0b000a01 0b00c301 10006 100 6161212 2010187349 426958353 10529239
0b000601 0b00c101 10015 100 6143984 2050395137 387910108 10527791
0b000601 0b00ca01 10010 100 7054886 2055420958 382896291 10604162
0b000201 0b00c501 10014 100 4568123 2064383434 374553079 10395674
0b000d01 0b00c401 10033 100 8518213 2095133444 343942086 10726850
0b000e01 0b00cd01 10010 100 7986535 2051475603 388326366 10682272
0b000a01 0b00ca01 10006 100 5817505 2011348568 428978552 10500421
0b000201 0b00cc01 10000 100 7536274 2003352597 437199702 10644524
0b000901 0b00c101 10013 100 5351379 2040199063 400882680 10461342
0b000801 0b00c701 10009 100 4679248 2038569030 402607434 10404991
0b000901 0b00c101 10003 100 6702938 2010383825 431204250 10574654
0b000801 0b00cd01 10022 100 4573171 2067485426 374182645 10396097
0b000301 0b00c001 10003 100 7366092 2025706666 418087600 10630256
0b000a01 0b00c701 10016 100 6775055 2049598013 394226801 10580704
0b000f01 0b00c801 10007 100 5289047 2037333654 406790412 10456117
0b000001 0b00cc01 10006 100 19722610 2023961864 421158652 11666225
0b000901 0b00c401 10016 100 7363441 2073199311 372352799 10630033
0b000c01 0b00cd01 10012 100 9761265 2051209861 394580410 10831067
0b000801 0b00ce01 10019 100 4075595 2077787743 368193819 10354379
0b000701 0b00c701 10028 100 4719030 2077199534 369472426 10408327
0b000601 0b00cb01 10013 100 8177457 2049678341 397558395 10698280
0b000a01 0b00c301 10018 100 7047575 2072408080 375793078 10603550
0b000501 0b00ce01 10007 100 9589901 2038326665 410485533 10816697
0b000a01 0b00c501 10000 100 7434937 2006700915 442152690 10636025
0b000901 0b00c901 10008 100 6731067 2041164272 408051825 10577016
0b000501 0b00cb01 10014 100 7438951 2051011390 398728515 10636361
0b000701 0b00cc01 10006 100 7373824 2022464627 428411027 10630902
0b000901 0b00cf01 10006 100 8255895 2017386727 434606136 10704854
0b000201 0b00c101 10014 100 6995859 2050670162 402040884 10599213
0b000f01 0b00c601 10009 100 6230246 2043498975 409236885 10535026
0b000601 0b00ca01 10000 100 27824374 2009230258 444461776 12345477
0b000801 0b00cf01 10008 100 6828873 2051053854 402971015 10585213
0b000801 0b00cc01 10016 100 6943657 2073076166 381717837 10594837
0b000e01 0b00cc01 10004 100 13847469 2011361743 443438175 11173653
0b000a01 0b00cb01 10010 100 8832915 2056433697 398922278 10753231
0b000701 0b00c401 10006 100 7333742 2012666031 443539071 10627541
0b000f01 0b00c001 10008 100 9770482 2026579154 429639456 10831839
0b000f01 0b00ca01 10007 100 8079947 2019408776 438667774 10690102
0b000901 0b00cb01 10008 100 8645448 2040777792 417473820 10737516
0b000901 0b00c501 10020 100 9347086 2040635071 418147869 10796343
0b000201 0b00c501 10001 100 13272144 2022400692 437151521 11125419
0b000701 0b00c501 10003 100 7874207 2010552818 449002528 10672856
0b000a01 0b00c901 10003 100 13074042 2005657095 453975848 11108811
0b000801 0b00ca01 10016 100 5748118 2075244162 384501095 10494605
0b000f01 0b00cf01 10006 100 9854397 2061053777 399074048 10838874
0b000701 0b00cf01 10014 100 8105040 2076551939 383691696 10692210
0b000301 0b00c601 10011 100 9606703 2043377850 417044000 10818107
0b000801 0b00c501 10003 100 9384391 2020848557 440002706 10799469
0b000801 0b00c001 10019 100 8126630 2086304093 374560096 10694018
0b000701 0b00c201 10005 100 7829261 2019998070 441114130 10669088
0b000f01 0b00ca01 10023 100 8969691 2087994359 373735849 10764700
0b000f01 0b00c901 10002 100 22838321 2008556748 453205359 11927447
0b000901 0b00ca01 10015 100 11292036 2071141630 391110240 10959408
0b000201 0b00c601 10019 100 7740106 2077621676 384986236 10661613
0b000301 0b00ca01 10022 100 14417575 2083049739 380304722 11221451
0b000801 0b00c801 10008 100 7406167 2049029195 414692888 10633616
0b000801 0b00c201 10016 100 8674903 2071624055 392137785 10739984
0b000701 0b00c901 10008 100 7635351 2044609944 419816350 10652830
0b000a01 0b00c201 10002 100 22904601 2010802835 453724354 11933003
0b000301 0b00c301 10012 100 8682338 2057502524 407547802 10740609
0b000801 0b00ca01 10006 100 16968694 2024000346 441228930 11435336
0b000201 0b00c701 10008 100 4737053 2031812036 433521942 10409838
0b000801 0b00c801 10009 100 9137886 2056426983 409019897 10778800
0b000101 0b00c001 10009 100 9841439 2027203279 439336938 10837788
0b000c01 0b00c201 10015 100 24028457 2038778006 429415687 12027227
0b000801 0b00c401 10024 100 19061460 2084975023 383589023 11610794
0b000f01 0b00ca01 10018 100 20949167 2067323867 401753584 11769061
0b000401 0b00c001 10014 100 25138007 2047816918 423215436 12120254
0b000101 0b00cc01 10010 100 12219628 2044725859 426339753 11037175
0b000e01 0b00c501 10003 100 17542801 2010362280 461054552 11483469
0b000701 0b00c501 10020 100 17107622 2093513057 380203692 11446984
0b000401 0b00c501 10003 100 7833932 2003707589 470486648 10669477
0b000e01 0b00c001 10012 100 21700444 2054313290 421882667 11832047
0b000201 0b00c601 10000 100 22952141 2001475237 474918227 11936990
0b000701 0b00c001 10001 100 29364134 2014099497 462347184 12474572
0b000801 0b00cc01 10019 100 22620029 2086199273 390975905 11909146
0b000101 0b00c401 10014 100 26810010 2085365324 391899830 12260435
0b000101 0b00ce01 10007 100 15436443 2011874827 465462327 11306873
0b000801 0b00cb01 10008 100 26522600 2040960586 445052522 12236336
0b000801 0b00c501 10021 100 26163510 2081093689 404954132 12206230
0b000201 0b00cf01 10020 100 25041703 2074807551 413962668 12112177
0b000601 0b00c701 10010 100 27809617 2033347774 455761760 12344239
0b000501 0b00c001 10007 100 29485061 2021056021 468434906 12484711
0b000301 0b00c401 10019 100 24003052 2063487519 426009510 12025099
0b000301 0b00c701 10001 100 21327719 2016787202 477284684 11800797
