0b000d01 0b00c101 10000 100 14317 2000216451 10015882 10013882
0b000401 0b00c401 10000 100 2978 2000304267 10014495 10012929
0b000c01 0b00cd01 10000 100 24901 2000658636 10185323 10014768
0b000601 0b00cd01 10000 100 70840 2000683626 10215662 10018619
0b000201 0b00c501 10000 100 1953152 2000453697 10445785 10176435
0b000201 0b00c101 10000 100 20418 2000846981 10121698 10014394
0b000e01 0b00ca01 10000 100 22387 2001393793 11513343 10014559
0b000001 0b00c301 10000 100 8554803 2000401833 12667309 10729915
0b000201 0b00cf01 10000 100 57232 2001393831 11779699 10017481
0b000a01 0b00c201 10000 100 9114 2002226752 11024697 10013447
0b000001 0b00cc01 10000 100 68576 2002454698 11198242 10018431
0b000601 0b00c801 10000 100 1453318 2002298365 11397033 10134528
0b000a01 0b00cf01 10000 100 785226 2002866970 11337029 10078516
0b000a01 0b00c401 10000 100 623418 2002891543 11440793 10064949
0b000401 0b00ce01 10000 100 2371227 2002610247 11747740 10211486
0b000501 0b00c801 10000 100 1727911 2002687353 12221708 10157548
0b000701 0b00c601 10000 100 30305 2003412598 11606215 10015223
0b000701 0b00cc01 10000 100 3152592 2002847926 12191411 10276994
0b000101 0b00c501 10001 100 40726 2003114961 12049737 10016095
0b000301 0b00cb01 10001 100 4074 2004401754 11744213 10013025
0b000401 0b00cf01 10000 100 24855 2003615164 13108247 10014764
0b000701 0b00c801 10002 100 7786 2005239801 12055135 10013333
0b000101 0b00ce01 10000 100 101885 2004338591 13137599 10021222
0b000101 0b00c501 10000 100 37174 2000041840 18020656 10015799
0b000901 0b00c501 10000 100 32098 2003960162 14160665 10015374
0b000501 0b00c401 10000 100 43064 2003774159 14527270 10016294
0b000301 0b00cc01 10000 100 61649 2000345428 18019785 10017850
0b000301 0b00c901 10000 100 741083 2000372494 18097476 10074815
0b000701 0b00ce01 10000 100 8357271 2003086211 15404820 10713356
0b000301 0b00ca01 10001 100 186989 2004922350 14260697 10028357
0b000001 0b00cf01 10000 100 1523930 2001224019 18834928 10140446
0b000501 0b00c901 10000 100 9904576 2000567957 19632561 10843081
0b000101 0b00ca01 10001 100 193461 2004303360 16159509 10028901
0b000001 0b00c001 10001 100 25224 2008021369 12732081 10014797
0b000a01 0b00c501 10000 100 22646 2001696481 19384257 10014580
0b000901 0b00ce01 10000 100 7348995 2004222559 16904741 10628819
0b000f01 0b00c301 10000 100 363525 2001650099 19499731 10043159
0b000501 0b00cb01 10000 100 55962 2001919771 19241817 10017372
0b000501 0b00c701 10001 100 802057 2002260259 19206243 10079928
0b000c01 0b00c101 10000 100 133179 2002358474 19165239 10023848
0b000a01 0b00c701 10000 100 2151500 2002164925 19385893 10193063
0b000901 0b00ce01 10001 100 76114 2008321298 13281403 10019064
0b000101 0b00cc01 10001 100 2112278 2002201674 19403864 10189776
0b000801 0b00c701 10000 100 33933 2002528265 19162848 10015525
0b000a01 0b00c701 10001 100 20149 2002740683 19152032 10014372
0b000d01 0b00c101 10001 100 49021 2000374023 22018594 10016793
0b000101 0b00cd01 10000 100 72020 2003192137 19287810 10018721
0b000d01 0b00cb01 10000 100 149480 2000419878 22104410 10025214
0b000b01 0b00c601 10000 100 40651 2003297197 19254719 10016089
0b000401 0b00ca01 10001 100 2300 2000545632 22021287 10012875
0b000801 0b00ce01 10001 100 171321 2003305887 19282807 10027046
0b000f01 0b00c901 10000 100 33538 2007277418 15768980 10015493
0b000101 0b00cd01 10001 100 26272 2003528820 19560666 10014885
0b000501 0b00cd01 10000 100 68514 2001002156 22110519 10018426
0b000101 0b00cc01 10000 100 151797 2001067690 22203441 10025407
0b000301 0b00c701 10001 100 248622 2003745266 19690274 10033525
0b000701 0b00c601 10001 100 9386 2008575299 14982568 10013469
0b000c01 0b00ce01 10000 100 1844851 2003645949 20017988 10167352
0b000001 0b00cf01 10001 100 7773 2006947076 16766504 10013332
0b000a01 0b00c401 10002 100 665580 2009060433 14819432 10068483
0b000f01 0b00cf01 10001 100 56447 2008734734 15222907 10017414
0b000b01 0b00c301 10000 100 27627 2007157895 16852818 10014997
0b000a01 0b00c401 10001 100 7592 2007350882 16770224 10013318
0b000101 0b00c101 10000 100 903245 2003118511 21019850 10088410
0b000a01 0b00c801 10000 100 63911 2001443022 22842933 10018038
0b000c01 0b00cb01 10001 100 72574 2004445263 19958641 10018766
0b000d01 0b00c901 10000 100 1059591 2004299725 20107937 10101517
0b000201 0b00c801 10001 100 4216 2009096345 15422885 10013036
0b000b01 0b00c701 10000 100 79657 2003494783 21119501 10019359
0b000901 0b00cc01 10000 100 66962 2001634027 23043543 10018294
0b000301 0b00c301 10000 100 1703174 2004559972 20224699 10155477
0b000201 0b00c901 10002 100 18256 2007639312 17276392 10014213
0b000e01 0b00c801 10001 100 1741001 2006397075 18539184 10158649
0b000601 0b00c901 10000 100 3869985 2001039157 23912180 10337139
0b000901 0b00c301 10001 100 1063627 2008925593 16235207 10101855
0b000201 0b00cb01 10000 100 29727 2001473110 23706602 10015173
0b000b01 0b00c901 10000 100 5834 2008679614 16502817 10013169
0b000e01 0b00cd01 10001 100 73222 2002110685 23095235 10018821
0b000701 0b00cb01 10003 100 70133 2007561498 17844594 10018563
0b000d01 0b00cf01 10002 100 3399 2010323345 15111492 10012967
0b000e01 0b00c701 10000 100 35388 2003888744 21627911 10015649
0b000d01 0b00c401 10000 100 27774 2002375492 23142854 10015009
0b000e01 0b00c501 10001 100 44837 2010414106 15145684 10016439
0b000f01 0b00ca01 10000 100 226 2003966410 21604524 10012701
0b000f01 0b00cb01 10000 100 135927 2002491893 23130805 10024076
0b000401 0b00cb01 10001 100 1291017 2007665030 18027456 10120922
0b000601 0b00ce01 10001 100 2732238 2002217212 23523154 10241753
0b000101 0b00ca01 10000 100 1959151 2002497650 23438049 10176938
0b000c01 0b00c301 10000 100 2948559 2002414308 23522571 10259888
0b000701 0b00c701 10002 100 6119197 2004304110 21646514 10525716
0b000401 0b00cf01 10002 100 26996 2006018232 20150871 10014943
0b000401 0b00c401 10001 100 19398 2002738288 23449429 10014308
0b000601 0b00c201 10000 100 1539358 2002644532 23564795 10141742
0b000401 0b00ce01 10001 100 29233 2002883274 23382958 10015133
0b000001 0b00c001 10000 100 2450860 2004586762 21801712 10218160
0b000801 0b00cf01 10000 100 45551 2003093447 23355413 10016500
0b000401 0b00c401 10002 100 6995 2006326984 20302542 10013266
0b000901 0b00cc01 10002 100 825 2010021168 16630261 10012749
0b000401 0b00cf01 10004 100 146163 2008562056 18122104 10024937
0b000101 0b00c401 10000 100 9094 2000663911 26062501 10013445
0b000401 0b00cb01 10000 100 7896 2003230961 23541692 10013342
0b000801 0b00c601 10001 100 591 2010610830 16283063 10012731
0b000201 0b00c101 10001 100 29531 2003464414 23463806 10015157
0b000701 0b00c501 10000 100 3811 2010491737 16441141 10013000
0b000701 0b00c801 10000 100 66441 2000906685 26130815 10018252
0b000201 0b00c201 10000 100 2500629 2003159102 24123962 10222334
0b000001 0b00c701 10000 100 9273 2003833763 23628614 10013460
0b000f01 0b00ce01 10001 100 5781 2003961100 23545687 10013165
0b000701 0b00cb01 10002 100 1085735 2004004509 23524175 10103709
0b000701 0b00c701 10001 100 18454 2004283313 23249230 10014229
0b000a01 0b00ca01 10000 100 2092662 2003587002 24209810 10188130
0b000d01 0b00c001 10001 100 57143 2008073974 20193589 10017474
0b000901 0b00cd01 10001 100 5222 2013369937 14935644 10013120
0b000901 0b00c901 10001 100 5997 2013381025 14929024 10013182
0b000c01 0b00ca01 10002 100 9832 2015609968 12765253 10013504
0b000201 0b00cc01 10001 100 19695 2015282963 13215819 10014332
0b000701 0b00c701 10003 100 4051 2008438606 20185492 10013023
0b000e01 0b00c801 10000 100 5954 2005383817 23344715 10013179
0b000801 0b00c001 10003 100 124112 2012898766 15851515 10023088
0b000b01 0b00c401 10001 100 78190 2003622816 25260083 10019238
0b000901 0b00c101 10000 100 18971 2004087558 24807117 10014270
0b000c01 0b00c101 10001 100 191783 2009990768 18943990 10028759
0b000f01 0b00c101 10004 100 5964 2016055822 12906435 10013180
0b000201 0b00c601 10000 100 5249448 2000871947 28163035 10452795
0b000501 0b00c401 10001 100 67936 2004987385 24100412 10018376
0b000301 0b00c101 10001 100 77750 2008758636 20441014 10019199
0b000601 0b00cd01 10005 100 150476 2011577047 17641380 10025297
0b000101 0b00c001 10001 100 87102 2014044585 15245587 10019986
0b000601 0b00c201 10002 100 8180 2012820630 16483665 10013368
0b000801 0b00cc01 10001 100 27133 2014194935 15419378 10014958
0b000101 0b00c701 10000 100 3740 2004021826 25593680 10012994
0b000e01 0b00c401 10001 100 56728 2010281695 19471954 10017437
0b000601 0b00cc01 10000 100 122933 2006782933 23002252 10022986
0b000201 0b00c901 10001 100 56801 2006214484 23775032 10017442
0b000201 0b00cd01 10000 100 88838 2010099840 19910199 10020128
0b000301 0b00c401 10000 100 52617 2005027972 25124175 10017092
0b000501 0b00c801 10001 100 23730 2012256453 17951134 10014670
0b000801 0b00c101 10000 100 4176698 2012840827 17437142 10362855
0b000801 0b00c201 10000 100 38425 2014705017 15647336 10015903
0b000401 0b00c501 10001 100 42545 2006831075 23589310 10016248
0b000001 0b00cb01 10000 100 3053 2005285998 25141843 10012939
0b000801 0b00cb01 10000 100 64546 2005098299 25331872 10018093
0b000501 0b00cf01 10000 100 50750 2005050702 25547694 10016935
0b000201 0b00c401 10000 100 1570 2014712451 15963907 10012813
0b000301 0b00c901 10003 100 284839 2014554418 16194666 10036561
0b000701 0b00c001 10000 100 38435 2003291565 27556974 10015904
0b000f01 0b00c301 10001 100 5531 2006820545 24055962 10013145
0b000001 0b00ce01 10000 100 1238572 2006394670 24581724 10116523
0b000501 0b00c901 10001 100 15701 2000931932 30128241 10013997
0b000b01 0b00cf01 10000 100 3329951 2004012066 27083313 10291863
0b000701 0b00c801 10004 100 23577 2007808053 23554545 10014658
0b000b01 0b00cc01 10002 100 1123389 2012029910 19408148 10106867
0b000101 0b00ca01 10002 100 25680 2007397375 24071129 10014834
0b000b01 0b00c801 10000 100 61967 2006506086 25033039 10017875
0b000701 0b00cd01 10000 100 2322 2007168075 24403497 10012877
0b000301 0b00c901 10001 100 994456 2001114000 30499093 10096057
0b000f01 0b00c001 10000 100 66747 2011612631 20203170 10018277
0b000b01 0b00c101 10000 100 363872 2015947648 16024504 10043187
0b000201 0b00cb01 10001 100 755102 2005395315 26619601 10075991
0b000901 0b00c301 10000 100 59712 2007210541 24869709 10017687
0b000c01 0b00c601 10000 100 103073 2000076609 32082463 10021325
0b000801 0b00ce01 10000 100 45825 2000202391 32016452 10016522
0b000d01 0b00cf01 10003 100 24976 2017716956 14513055 10014774
0b000101 0b00c801 10000 100 7723 2009229985 23028433 10013328
0b000101 0b00c701 10001 100 424762 2006518350 25792277 10048292
0b000401 0b00c001 10000 100 5522 2006234803 26226970 10013144
0b000a01 0b00cc01 10000 100 6779174 2001090098 31645470 10581049
0b000401 0b00ca01 10000 100 2915661 2000276230 32568949 10257130
0b000501 0b00c401 10002 100 393197 2006257746 26625621 10045648
0b000201 0b00ca01 10001 100 4574 2012657560 20311347 10013065
0b000901 0b00cf01 10003 100 31536 2019114608 13862623 10015325
0b000c01 0b00ce01 10005 100 37958 2012489314 20531604 10015862
0b000401 0b00c501 10000 100 3348 2000907455 32175625 10012963
0b000701 0b00cb01 10004 100 69516 2010955824 22128032 10018510
0b000001 0b00cb01 10002 100 73141 2018946103 14144189 10018815
0b000b01 0b00ce01 10000 100 2208508 2001803926 31304059 10197843
0b000601 0b00c601 10001 100 5542 2007358525 25771013 10013146
0b000601 0b00ce01 10000 100 3615275 2001322995 31899638 10315787
0b000c01 0b00c901 10000 100 1289518 2005491695 27830601 10120795
0b000801 0b00c501 10000 100 9322 2009684781 23692620 10013464
0b000e01 0b00c401 10000 100 25026 2008997742 24411769 10014781
0b000b01 0b00c401 10002 100 1166950 2007594314 26137809 10110517
0b000a01 0b00c301 10002 100 45092 2019729163 14028877 10016464
0b000101 0b00cb01 10000 100 122124 2009743149 24054635 10022922
0b000e01 0b00c101 10000 100 22490 2002622389 31214561 10014567
0b000b01 0b00c401 10000 100 69218 2001207127 32643357 10018486
0b000c01 0b00cb01 10000 100 39810 2002741416 31267476 10016018
0b000201 0b00ce01 10001 100 1704 2015306938 18849287 10012824
0b000f01 0b00cc01 10002 100 66681 2013293931 20879939 10018271
0b000201 0b00c101 10003 100 57232 2014030476 20164632 10017481
0b000501 0b00c701 10000 100 161198 2000265372 34030217 10026197
0b000601 0b00ca01 10000 100 19713 2009780244 24552017 10014333
0b000601 0b00c501 10000 100 744805 2002859728 31480237 10075125
0b000501 0b00ca01 10001 100 65724 2016490914 17850862 10018191
0b000801 0b00c001 10001 100 9404 2009887555 24479630 10013470
0b000c01 0b00c501 10000 100 193206 2018218420 16256965 10028881
0b000001 0b00c701 10001 100 29037 2006920822 27560026 10015118
0b000001 0b00c501 10000 100 124909 2001079926 33468804 10023152
0b000701 0b00c701 10005 100 63969 2012198350 22423037 10018043
0b000401 0b00c401 10003 100 499879 2006569453 28067861 10054590
0b000d01 0b00c501 10001 100 47233 2009415762 25284550 10016642
0b000101 0b00ce01 10001 100 61959 2008882673 25832775 10017874
0b000401 0b00c001 10003 100 26796 2017026860 17774953 10014927
0b000001 0b00c001 10002 100 22670 2010989089 23945271 10014581
0b000501 0b00c601 10001 100 110852 2009732780 25243254 10021974
0b000d01 0b00c601 10004 100 42052 2021021528 14300990 10016209
0b000c01 0b00ce01 10003 100 9854 2007525690 27800311 10013506
0b000201 0b00c801 10000 100 561700 2003614306 31735834 10059774
0b000401 0b00cf01 10003 100 9983 2008001924 27446219 10013517
0b000601 0b00cc01 10001 100 122371 2010702372 24789630 10022942
0b000a01 0b00c801 10002 100 171387 2011038570 24495443 10027051
0b000601 0b00cb01 10002 100 65763 2007656061 27899158 10018194
0b000d01 0b00c501 10000 100 57490 2002078807 33521378 10017501
0b000d01 0b00c301 10000 100 55476 2004090299 31529698 10017333
0b000001 0b00c801 10000 100 20600 2001888956 33738216 10014408
0b000701 0b00c101 10001 100 3789 2010842141 24850758 10012998
0b000301 0b00c801 10002 100 31098 2013010056 22730535 10015290
0b000d01 0b00ca01 10002 100 3640731 2005376247 30412314 10317919
0b000801 0b00cd01 10000 100 2269637 2010098651 25879907 10202967
0b000301 0b00cf01 10001 100 9076 2012689110 23292561 10013444
0b000701 0b00c101 10000 100 66535 2009395329 26650893 10018260
0b000e01 0b00c801 10002 100 1117966 2007477189 28569581 10106410
0b000201 0b00cd01 10001 100 75192 2011594456 24464893 10018987
0b000301 0b00c801 10000 100 64863 2002662626 33486610 10018118
0b000301 0b00ca01 10000 100 611141 2002631850 33547378 10063921
0b000b01 0b00c701 10001 100 964 2010558484 25753075 10012760
0b000601 0b00cd01 10003 100 2820 2008600566 27720809 10012917
0b000601 0b00ce01 10002 100 24268 2022010145 14342098 10014717
0b000601 0b00c201 10001 100 49636 2009541414 26884489 10016842
0b000601 0b00c701 10001 100 19158 2016416728 20037073 10014289
0b000701 0b00c001 10001 100 1724901 2006252823 30207832 10157296
0b000b01 0b00ca01 10002 100 14903 2008055156 28443447 10013929
0b000f01 0b00ce01 10000 100 32046 2003021921 33588317 10015370
0b000101 0b00c201 10000 100 1071975 2001763416 35155277 10102554
0b000601 0b00cd01 10001 100 8264 2004758935 32204495 10013375
0b000a01 0b00c201 10002 100 185799 2011039865 25946434 10028258
0b000301 0b00c501 10000 100 4094 2008666981 28381535 10013026
0b000701 0b00cb01 10006 100 8471 2016186847 20885736 10013392
0b000501 0b00c101 10001 100 1888 2011089409 26051316 10012838
0b000d01 0b00ca01 10001 100 2612 2001919514 35280389 10012900
0b000a01 0b00cc01 10001 100 28068 2023587657 13632829 10015036
0b000401 0b00c501 10005 100 70609 2014468823 22752380 10018601
0b000601 0b00c201 10003 100 4925 2015979204 21286199 10013093
0b000b01 0b00c701 10002 100 661 2024404093 12998361 10012736
0b000301 0b00cb01 10004 100 22245 2012794732 24617656 10014547
0b000801 0b00c501 10002 100 6150790 2016206324 21278014 10528363
0b000701 0b00c701 10000 100 437330 2003421265 34100221 10049348
0b000c01 0b00c901 10001 100 140793 2016779265 20754755 10024484
0b000401 0b00c501 10007 100 25593 2023190216 14359147 10014827
0b000f01 0b00ca01 10002 100 39831 2013835944 23746031 10016020
0b000e01 0b00c601 10002 100 53061 2014223905 23387047 10017132
0b000e01 0b00c501 10005 100 23496 2023778425 13849946 10014651
0b000201 0b00ce01 10000 100 2540812 2007492824 30149899 10225702
0b000001 0b00cb01 10001 100 6610 2010590989 27086484 10013235
0b000d01 0b00c001 10000 100 150615 2005109006 32573319 10025309
0b000e01 0b00cf01 10001 100 23062 2005076079 32608441 10014617
0b000901 0b00cf01 10000 100 20981 2012519410 25259551 10014439
0b000b01 0b00c001 10000 100 72119 2003653919 34151478 10018729
0b000701 0b00c801 10001 100 8956 2003986861 33855448 10013431
0b000301 0b00cd01 10002 100 9847 2014251714 23633971 10013506
0b000101 0b00c001 10002 100 6347487 2014763351 23185492 10544855
0b000f01 0b00c801 10000 100 22551 2005498976 32455922 10014572
0b000901 0b00c601 10001 100 43496 2012805864 25150937 10016328
0b000001 0b00c601 10000 100 362942 2004061715 33928194 10043109
0b000c01 0b00c201 10002 100 43373 2014639462 23447749 10016318
0b000a01 0b00c801 10001 100 1830258 2009523773 28616541 10166131
0b000901 0b00c501 10001 100 43215 2012899190 25280626 10016306
0b000d01 0b00cf01 10001 100 44806 2009578664 28706609 10016437
0b000901 0b00c601 10000 100 55483 2012526781 25763400 10017333
0b000c01 0b00c501 10001 100 86546 2022807575 15526344 10019937
0b000a01 0b00c201 10005 100 643819 2021106378 17251077 10066658
0b000e01 0b00c801 10006 100 23799 2025000439 13704051 10014676
0b000901 0b00c201 10000 100 10662 2014950423 23785353 10013575
0b000e01 0b00cc01 10001 100 18515 2017478850 21305646 10014234
0b000801 0b00ca01 10001 100 29711 2018979936 19837165 10015172
0b000c01 0b00ce01 10009 100 6124 2018337161 20502367 10013196
0b000d01 0b00c301 10001 100 100058 2017894978 20978037 10021072
0b000a01 0b00cd01 10003 100 5080 2019125250 19784816 10013109
0b000f01 0b00c701 10001 100 23430 2014913767 24127813 10014646
0b000e01 0b00c201 10000 100 749479 2006917560 32126124 10075518
0b000001 0b00c801 10002 100 2551467 2011952989 27120189 10226597
0b000401 0b00c601 10000 100 1940 2018260317 20831280 10012842
0b000d01 0b00c601 10001 100 789766 2008770009 30345114 10078894
0b000501 0b00ce01 10001 100 544066 2014556637 24646829 10058298
0b000301 0b00cd01 10000 100 18596 2008754092 30503315 10014240
0b000501 0b00c501 10002 100 64802 2012704525 26569889 10018113
0b000101 0b00c601 10001 100 191463 2012224455 27075626 10028734
0b000601 0b00cb01 10000 100 1502492 2004421487 34914968 10138650
0b000501 0b00cd01 10001 100 41594 2004592938 34759637 10016168
0b000501 0b00c001 10000 100 79669 2018294829 21082905 10019360
0b000401 0b00c501 10006 100 49614 2016262155 23147533 10016841
0b000401 0b00c401 10004 100 182487 2011794695 27632522 10027981
0b000e01 0b00c301 10001 100 130501 2015125569 24339979 10023623
0b000701 0b00c301 10000 100 97411 2003846612 35627977 10020849
0b000f01 0b00cb01 10001 100 13803 2016675465 22895895 10013838
0b000401 0b00c701 10000 100 24681 2025891493 13694816 10014750
0b000101 0b00ce01 10003 100 6623 2019461203 20173872 10013236
0b000d01 0b00ce01 10000 100 149433 2004127376 35577610 10025210
0b000c01 0b00c101 10003 100 8329 2011182112 28763550 10013380
0b000c01 0b00c601 10001 100 110786 2005021489 34938065 10021969
0b000901 0b00c101 10002 100 498611 2019073289 20967446 10054485
0b000f01 0b00c201 10000 100 7218775 2004006711 36074543 10617902
0b000901 0b00cc01 10001 100 73840 2004899019 35215604 10018871
0b000e01 0b00c701 10003 100 9560 2012001276 28146309 10013483
0b000e01 0b00cd01 10004 100 14583 2012144850 28021129 10013904
0b000901 0b00c501 10002 100 43461 2015728526 24446472 10016325
0b000d01 0b00ce01 10004 100 6657 2026194153 13993806 10013239
0b000801 0b00c701 10002 100 16943 2004650932 35570880 10014100
0b000a01 0b00c301 10004 100 113608 2026453862 13768503 10022206
0b000d01 0b00c901 10001 100 1142983 2017421495 22923021 10108507
0b000301 0b00c601 10000 100 1910598 2005214850 35135824 10172866
0b000801 0b00c701 10003 100 323486 2006779260 33593943 10039803
0b000201 0b00c401 10001 100 11549 2018751028 21650979 10013650
0b000c01 0b00c401 10000 100 51579 2006082730 34382050 10017006
0b000401 0b00cf01 10005 100 28772 2018858129 21626139 10015093
0b000301 0b00c701 10000 100 1803720 2000162508 40322398 10163904
0b000301 0b00cc01 10002 100 44014 2020525757 20010591 10016373
0b000c01 0b00c501 10002 100 59340 2024841912 15721246 10017657
0b000501 0b00c601 10000 100 99 2007706365 33009917 10012691
0b000001 0b00c201 10002 100 34747 2014186936 26545757 10015594
0b000301 0b00ce01 10000 100 7708721 2004691173 36056330 10658980
0b000501 0b00cb01 10001 100 170411 2006677940 34152849 10026969
0b000201 0b00c901 10000 100 39908 2000560858 40279888 10016026
0b000801 0b00cb01 10002 100 1947930 2010446744 30413875 10175994
0b000b01 0b00ce01 10001 100 21345 2013442500 27453731 10014472
0b000f01 0b00c001 10001 100 9730 2016084810 24903353 10013496
0b000a01 0b00c901 10001 100 5373 2018668498 22443310 10013132
0b000e01 0b00c801 10004 100 21092 2011683087 29508780 10014451
0b000201 0b00c701 10001 100 42749 2008930156 32291962 10016265
0b000501 0b00cc01 10003 100 69810 2020183027 21072291 10018533
0b000601 0b00c101 10001 100 111939 2006510401 34753526 10022065
0b000801 0b00ce01 10002 100 1555835 2018429872 22901578 10143121
0b000301 0b00c901 10004 100 10585 2015362640 25977729 10013569
0b000001 0b00ca01 10000 100 75876 2004238969 37123844 10019041
0b000801 0b00c701 10001 100 4773155 2003249562 38125847 10412864
0b000701 0b00c801 10003 100 63847 2005317837 36082392 10018033
0b000101 0b00cf01 10001 100 1430 2019816319 21589248 10012802
0b000601 0b00c601 10005 100 27857 2026463752 14956503 10015016
0b000701 0b00cf01 10001 100 45137 2020468405 20972349 10016467
0b000001 0b00c101 10000 100 859857 2005899803 35547273 10084770
0b000d01 0b00c401 10001 100 33137 2006882806 34703631 10015461
0b000101 0b00cf01 10000 100 11635 2019334712 22349751 10013656
0b000e01 0b00c001 10001 100 5935 2014516173 27208549 10013177
0b000201 0b00c101 10002 100 19255 2007795124 34030626 10014297
0b000101 0b00c601 10002 100 8578 2020279287 21553335 10013400
0b000b01 0b00c601 10001 100 67231 2006438050 35493923 10018319
0b000e01 0b00cd01 10002 100 652661 2004689779 37259846 10067400
0b000101 0b00c701 10002 100 3201 2014575497 27446682 10012951
0b000101 0b00c101 10001 100 449947 2014467713 27554856 10050403
0b000b01 0b00cd01 10001 100 10147 2021168465 20857976 10013534
0b000801 0b00c501 10001 100 6964 2013610374 28424360 10013264
0b000401 0b00c201 10001 100 877534 2010121294 31915705 10086254
0b000c01 0b00c801 10000 100 44067 2005436137 36637476 10016378
0b000301 0b00c901 10002 100 1209553 2010498022 31588987 10114090
0b000401 0b00ce01 10003 100 25667 2015121246 26981489 10014833
0b000101 0b00c901 10000 100 35498 2006708074 35546155 10015658
0b000601 0b00cf01 10001 100 6092 2016597770 25656941 10013194
0b000c01 0b00c601 10003 100 56468 2020320953 21949244 10017416
0b000101 0b00c301 10002 100 123093 2019917738 22364613 10023003
0b000a01 0b00cf01 10002 100 6351 2015166787 27244410 10013214
0b000b01 0b00cc01 10000 100 20027 2004765625 37659757 10014362
0b000401 0b00c201 10002 100 42326 2015538327 26944533 10016231
0b000701 0b00c601 10003 100 43668 2020929648 21597389 10016342
0b000b01 0b00ca01 10001 100 2089246 2005434342 37093735 10187845
0b000d01 0b00c601 10000 100 40930 2007810006 34751652 10016111
0b000801 0b00cc01 10000 100 561443 2004457562 38106523 10059753
0b000301 0b00c701 10003 100 1301114 2014854263 27737353 10121768
0b000101 0b00c801 10001 100 1653201 2021577324 21066659 10151287
0b000201 0b00c501 10001 100 9795195 2005259501 37456561 10833912
0b000601 0b00cd01 10002 100 56844 2004759003 38007713 10017446
0b000201 0b00c901 10003 100 36206 2016507284 26278271 10015718
0b000d01 0b00c501 10004 100 9370 2022077331 20723353 10013468
0b000d01 0b00ca01 10003 100 1159675 2010395597 32418030 10109908
0b000501 0b00cc01 10000 100 29748 2006947955 35900361 10015175
0b000601 0b00c801 10001 100 703816 2013722759 29252131 10071688
0b000e01 0b00c601 10003 100 11396 2015427317 27648587 10013637
0b000601 0b00c401 10000 100 2466502 2001352579 41767639 10219473
0b000001 0b00c901 10001 100 69087 2028007952 15168726 10018475
0b000301 0b00c101 10000 100 229 2007634679 35561132 10012702
0b000101 0b00c501 10002 100 14019 2028803690 14435992 10013859
0b000501 0b00c101 10000 100 194302 2001675134 41600135 10028972
0b000001 0b00ca01 10001 100 2977 2006995353 36375760 10012929
0b000601 0b00cb01 10001 100 9841217 2005220904 38155292 10837770
0b000d01 0b00ce01 10003 100 35402 2011222742 32167272 10015650
0b000f01 0b00c101 10000 100 6810 2001968021 41477151 10013251
0b000c01 0b00ce01 10006 100 50569 2015608766 27887627 10016921
0b000d01 0b00c501 10003 100 443653 2017946098 25563386 10049877
0b000d01 0b00cd01 10000 100 2748932 2006000996 37516405 10243150
0b000301 0b00cb01 10000 100 1134514 2001745301 41864799 10107799
0b000801 0b00ca01 10000 100 30497 2002056770 41573855 10015238
0b000401 0b00cd01 10003 100 53799 2021793603 21892633 10017191
0b000f01 0b00c201 10003 100 1729772 2011950264 31827158 10157704
0b000201 0b00cf01 10002 100 162703 2017249502 26584045 10026322
0b000f01 0b00cc01 10000 100 29833 2002448938 41469694 10015181
0b000c01 0b00ca01 10003 100 81262 2020301043 23635922 10019495
0b000401 0b00cd01 10001 100 26381 2017443612 26521798 10014894
0b000001 0b00c001 10003 100 549080 2015636103 28337362 10058718
0b000501 0b00c701 10003 100 9628 2023042961 20971361 10013488
0b000e01 0b00c701 10001 100 67717 2009369241 34666506 10018358
0b000701 0b00cb01 10000 100 10855 2000042306 44075160 10013590
0b000601 0b00c901 10002 100 28021 2023148096 21013893 10015033
0b000201 0b00c801 10002 100 46800 2009584336 34583403 10016604
0b000f01 0b00c101 10001 100 192613 2007881524 36292775 10028830
0b000b01 0b00c801 10001 100 70701 2016519805 27797713 10018608
0b000c01 0b00cf01 10000 100 26300 2006535492 37872155 10014887
0b000901 0b00cb01 10000 100 3939120 2005700963 38713409 10342939
0b000601 0b00c501 10001 100 6476 2010153111 34484926 10013224
0b000d01 0b00cf01 10000 100 3839251 2002617925 42041508 10334565
0b000201 0b00c501 10003 100 47409 2010245450 34436815 10016657
0b000901 0b00c201 10001 100 1274003 2024086339 20637602 10119496
0b000f01 0b00cb01 10002 100 79954 2017591695 27224853 10019383
0b000c01 0b00ce01 10011 100 5433 2022990822 21852501 10013137
0b000901 0b00cb01 10001 100 2248853 2020212494 24636365 10201224
0b000b01 0b00c001 10001 100 4609 2009509550 35353608 10013067
0b000c01 0b00c701 10000 100 23691 2007086485 37783961 10014667
0b000101 0b00c301 10000 100 1318113 2003085721 41784813 10123194
0b000f01 0b00c801 10003 100 5785 2023077792 21810702 10013165
0b000001 0b00c201 10000 100 32900 2007576824 37361456 10015438
0b000f01 0b00c101 10003 100 513524 2010279358 34688423 10055735
0b000e01 0b00ca01 10001 100 1815285 2008908293 36069599 10164876
0b000301 0b00c801 10001 100 6599 2010577678 34416868 10013234
0b000201 0b00cb01 10004 100 147818 2030028439 14972351 10025073
0b000a01 0b00c801 10004 100 37419 2018336383 26756110 10015819
0b000c01 0b00cc01 10000 100 50210 2007172936 37922449 10016892
0b000901 0b00c101 10001 100 4548259 2016570757 28549305 10394008
0b000601 0b00c801 10002 100 55985 2016810893 28380047 10017373
0b000a01 0b00ca01 10001 100 1829644 2005738324 39613276 10166078
0b000701 0b00c101 10002 100 139863 2016834368 28533172 10024406
0b000e01 0b00c401 10003 100 23935 2011787958 33582497 10014686
0b000001 0b00c801 10001 100 1662997 2009920866 35472067 10152105
0b000201 0b00c701 10000 100 1285727 2003279087 42189643 10120476
0b000a01 0b00c801 10003 100 35899 2017287824 28199713 10015690
0b000c01 0b00ca01 10000 100 62984 2010620509 34887549 10017960
0b000a01 0b00c901 10000 100 821005 2003452681 42074265 10081516
0b000e01 0b00cc01 10000 100 1961780 2010782246 34752655 10177156
0b000201 0b00cd01 10004 100 3199 2019145897 26400336 10012951
0b000c01 0b00cd01 10002 100 54131 2022577103 22982800 10017221
0b000d01 0b00ca01 10000 100 1961526 2000955798 44622219 10177136
0b000801 0b00c001 10000 100 7975970 2003395260 42238279 10681385
0b000e01 0b00c401 10002 100 73326 2011686425 33975357 10018830
0b000e01 0b00c801 10005 100 73612 2023489570 22182014 10018853
0b000601 0b00c601 10004 100 783916 2021814035 24090729 10078403
0b000601 0b00c301 10000 100 6528 2019969371 25941206 10013229
0b000501 0b00c101 10005 100 75471 2018736720 27214680 10019009
0b000a01 0b00ca01 10005 100 28509 2032846444 13108005 10015072
0b000401 0b00c001 10001 100 1787298 2006309266 39712869 10162529
0b000401 0b00ca01 10004 100 113949 2019422152 26621242 10022233
0b000901 0b00c401 10001 100 1766897 2022595014 23569771 10160817
0b000101 0b00cd01 10002 100 2154976 2011037979 35145068 10193353
0b000401 0b00c501 10002 100 2900693 2007384990 38819636 10255875
0b000601 0b00c501 10003 100 3943657 2019984482 26222921 10343317
0b000f01 0b00cf01 10003 100 6732 2019824934 26405945 10013245
0b000001 0b00c001 10004 100 1082 2023634352 22614688 10012774
0b000a01 0b00c301 10000 100 6736 2013664127 32595242 10013245
0b000f01 0b00c601 10000 100 183922 2009928270 36343070 10028100
0b000f01 0b00c101 10002 100 11695 2009251680 37101107 10013661
0b000501 0b00c001 10003 100 10684 2030881581 15507595 10013576
0b000701 0b00cc01 10001 100 14098 2012024357 34452669 10013865
0b000501 0b00c001 10002 100 41546 2023714920 22774750 10016164
0b000601 0b00cd01 10004 100 5120690 2008808978 37692273 10441999
0b000f01 0b00c601 10001 100 21968 2010288923 36317720 10014521
0b000101 0b00ca01 10003 100 29729 2012046268 34606314 10015173
0b000701 0b00c301 10003 100 885985 2016415684 30240987 10086961
0b000301 0b00c401 10002 100 21252 2011116487 35547652 10014464
0b000b01 0b00c001 10002 100 613171 2009950469 36735546 10064091
0b000e01 0b00c801 10003 100 53531 2008299511 38393770 10017169
0b000101 0b00c201 10001 100 7422 2012360455 34398139 10013304
0b000b01 0b00cd01 10000 100 487047 2015104044 31682926 10053517
0b000401 0b00ca01 10003 100 9691 2018146306 28917676 10013493
0b000201 0b00c301 10000 100 1422206 2017291431 29797891 10131920
0b000001 0b00cd01 10000 100 24075 2002125211 45101907 10014702
0b000f01 0b00c801 10001 100 21341 2011016645 36279191 10014471
0b000201 0b00ca01 10000 100 44373 2011915421 35392134 10016402
0b000c01 0b00ca01 10004 100 49897 2020759146 26573352 10016863
0b000601 0b00cc01 10004 100 169871 2024317762 23027126 10026922
0b000a01 0b00cd01 10001 100 22676 2011511005 35844604 10014582
0b000801 0b00c301 10000 100 1154260 2020776285 26590615 10109456
0b000901 0b00cf01 10001 100 3370549 2016978469 30430083 10295268
0b000a01 0b00cf01 10001 100 36463 2004463643 42987446 10015739
0b000e01 0b00cb01 10000 100 35258 2011830492 35627140 10015638
0b000f01 0b00c201 10004 100 27225 2019180152 28334446 10014965
0b000e01 0b00c301 10000 100 5710 2004636507 42905382 10013159
0b000101 0b00cf01 10002 100 14469 2025866949 21760470 10013895
0b000f01 0b00c301 10002 100 1158575 2013463620 34213632 10109816
0b000701 0b00c201 10000 100 45003 2025758077 21935766 10016456
0b000801 0b00cc01 10002 100 31593 2024640943 23071206 10015330
0b000001 0b00ca01 10002 100 190364 2010537059 37186584 10028642
0b000801 0b00c901 10000 100 42038 2027599013 20133595 10016208
0b000601 0b00c601 10000 100 3200940 2006102115 41683905 10281047
0b000e01 0b00c201 10002 100 180222 2010926367 36859855 10027792
0b000301 0b00c201 10000 100 861513 2012596025 35197089 10084911
0b000d01 0b00c401 10002 100 65171 2021067722 26814211 10018147
0b000a01 0b00cb01 10005 100 8567 2021841981 26045143 10013399
0b000b01 0b00c401 10003 100 22636 2019315431 28648257 10014579
0b000401 0b00cd01 10000 100 7636 2005716912 42287087 10013321
0b000301 0b00c601 10002 100 453074 2017709521 30336840 10050669
0b000b01 0b00ca01 10000 100 21525 2005190436 42876309 10014486
0b000b01 0b00cc01 10003 100 25061 2019843733 28267348 10014784
0b000001 0b00c201 10006 100 74975 2034205182 13934132 10018966
0b000f01 0b00cb01 10004 100 56826 2025380528 22810970 10017444
0b000201 0b00c501 10004 100 85749 2013937675 34269455 10019870
0b000001 0b00c801 10003 100 133618 2033836850 14412958 10023884
0b000c01 0b00cc01 10001 100 44534 2013549521 34736238 10016415
0b000e01 0b00c701 10002 100 38614 2010069397 38229008 10015918
0b000501 0b00cc01 10001 100 572789 2007338894 41066563 10060703
0b000001 0b00c701 10003 100 1044216 2024886565 23595700 10100230
0b000901 0b00ca01 10002 100 229551 2024478907 24050693 10031927
0b000e01 0b00c201 10001 100 1492840 2010778204 37808799 10137840
0b000d01 0b00c701 10000 100 4565 2010843127 37819197 10013064
0b000401 0b00ca01 10002 100 42491 2002940528 45756692 10016244
0b000f01 0b00c201 10001 100 108532 2005205083 43524524 10021781
0b000201 0b00cb01 10002 100 69460 2011159318 37572429 10018505
0b000901 0b00ce01 10002 100 2378139 2013017317 35721900 10212066
0b000901 0b00c701 10000 100 1059323 2024682455 24177479 10101496
0b000c01 0b00cb01 10003 100 625929 2011726714 37191310 10065158
0b000a01 0b00c201 10001 100 426500 2003334662 45667782 10048439
0b000301 0b00ce01 10001 100 77637 2025662285 23410953 10019190
0b000f01 0b00cf01 10004 100 72250 2022134281 26959156 10018740
0b000201 0b00ca01 10002 100 2506497 2018132835 30994273 10222826
0b000501 0b00ca01 10000 100 7661624 2005894706 43268736 10655032
0b000901 0b00cf01 10002 100 7977 2019027909 30153691 10013348
0b000e01 0b00c501 10002 100 7683 2014435290 34755708 10013325
0b000a01 0b00cb01 10007 100 56704 2028284562 21044477 10017435
0b000201 0b00cd01 10002 100 1208618 2011837604 37514407 10114012
0b000101 0b00cd01 10003 100 71050 2036566459 12820159 10018640
0b000301 0b00ce01 10002 100 26791 2037040242 12355549 10014926
0b000f01 0b00cc01 10001 100 2173439 2010336473 39108541 10194903
0b000701 0b00c501 10002 100 145913 2017079626 32433391 10024913
0b000701 0b00cb01 10001 100 19706 2003982714 45535674 10014333
0b000701 0b00c401 10000 100 14249 2026952021 22668751 10013877
0b000601 0b00c601 10002 100 4494 2017393552 32367055 10013058
0b000601 0b00c401 10002 100 19936 2026656727 23119397 10014351
0b000201 0b00c201 10001 100 4176302 2006511533 43327859 10362823
0b000601 0b00c901 10003 100 107969 2023279512 26575190 10021732
0b000101 0b00c301 10003 100 59609 2027345278 22747851 10017679
0b000c01 0b00ca01 10001 100 77695 2012874912 37437705 10019195
0b000f01 0b00c801 10004 100 21282 2035921935 14418748 10014467
0b000e01 0b00cf01 10000 100 59502 2004165255 46297169 10017670
0b000a01 0b00cb01 10003 100 12560 2007103258 43373030 10013734
0b000901 0b00c001 10004 100 653745 2032768497 17709143 10067490
0b000601 0b00c601 10003 100 523 2019840080 30682597 10012725
0b000201 0b00c201 10003 100 4133 2013812854 36731895 10013029
0b000d01 0b00ce01 10005 100 25894 2028066007 22588520 10014851
0b000d01 0b00c201 10000 100 29976 2013502735 37215392 10015193
0b000f01 0b00c901 10001 100 49223 2007678932 43070676 10016809
0b000801 0b00c601 10000 100 67262 2006901955 43852855 10018322
0b000201 0b00c201 10002 100 72724 2013312898 37468059 10018778
0b000e01 0b00ca01 10004 100 14170 2028781361 22200973 10013871
0b000d01 0b00c601 10003 100 29013 2020613899 30387497 10015116
0b000c01 0b00c201 10003 100 23576 2017102148 33921021 10014658
0b000201 0b00cd01 10006 100 80510 2028208181 22840893 10019431
0b000f01 0b00c401 10002 100 28237 2028862383 22287057 10015050
0b000a01 0b00cb01 10008 100 51260 2030074228 21412270 10016980
0b000901 0b00cd01 10000 100 3648521 2006022828 45551969 10318573
0b000b01 0b00cf01 10003 100 59622 2021232381 30412605 10017680
0b000601 0b00ce01 10006 100 8172 2028434403 23213393 10013368
0b000101 0b00c801 10002 100 1611763 2024107503 27543000 10147811
0b000b01 0b00cf01 10004 100 40163 2022014040 29660300 10016050
0b000b01 0b00cc01 10005 100 3293 2027602675 24091936 10012958
0b000301 0b00c801 10003 100 44457 2017320010 34389258 10016409
0b000e01 0b00c001 10000 100 331122 2004765438 46963455 10040444
0b000401 0b00c201 10006 100 7759 2025510232 26234838 10013331
0b000201 0b00c801 10003 100 4831 2015667603 36082081 10013085
0b000401 0b00c501 10008 100 76023 2025455945 26347606 10019057
0b000f01 0b00c301 10004 100 43081 2028869058 23016663 10016295
0b000201 0b00cd01 10005 100 171440 2021155350 30731988 10027055
0b000001 0b00ce01 10002 100 7319 2025316758 26584155 10013296
0b000101 0b00cf01 10004 100 41790 2029324438 22610691 10016184
0b000301 0b00c601 10003 100 29193 2025071512 26879053 10015130
0b000801 0b00c401 10000 100 46815 2013502952 38553903 10016605
0b000f01 0b00c301 10003 100 18785 2026638688 25579204 10014255
0b000101 0b00c201 10004 100 10670 2025998212 26223724 10013575
0b000401 0b00c201 10004 100 20022 2025196579 27028715 10014362
0b000701 0b00cb01 10005 100 1946910 2013781091 38499451 10175909
0b000801 0b00c701 10004 100 29179 2017819402 34464361 10015129
0b000e01 0b00c801 10007 100 68199 2026159996 26125312 10018400
0b000901 0b00c001 10005 100 548885 2035549683 16737282 10058698
0b000401 0b00c501 10009 100 1932 2031845557 20548384 10012842
0b000501 0b00c201 10001 100 7140 2025886214 26512000 10013281
0b000001 0b00cc01 10003 100 66336 2029032616 23376096 10018244
0b000101 0b00c601 10005 100 19574 2029630313 22851165 10014322
0b000201 0b00cf01 10001 100 3312474 2008450024 44049164 10290399
0b000d01 0b00c501 10002 100 71713 2017310033 35477707 10018693
0b000101 0b00c601 10003 100 22274 2026141727 26687879 10014550
0b000a01 0b00c301 10001 100 107109 2017009586 35829607 10021663
0b000001 0b00c901 10000 100 772450 2010804670 42128190 10077444
0b000f01 0b00cc01 10003 100 9429 2018796452 34157696 10013472
0b000d01 0b00cc01 10005 100 141222 2038937642 14131084 10024523
0b000901 0b00c901 10002 100 6484 2024475337 28611002 10013225
0b000701 0b00c401 10002 100 811 2028311013 24886598 10012748
0b000c01 0b00ce01 10008 100 1683 2016797711 36428898 10012822
0b000601 0b00c101 10000 100 18739 2005875051 47364757 10014252
0b000301 0b00c001 10000 100 5836 2015531778 37720285 10013169
0b000301 0b00c401 10001 100 11188 2005238088 48022556 10013621
0b000101 0b00c001 10003 100 144529 2022017181 31309858 10024799
0b000d01 0b00ce01 10001 100 27591 2007403248 45938027 10014994
0b000d01 0b00cc01 10000 100 939458 2013553495 39802622 10091446
0b000601 0b00c301 10001 100 14268 2026826389 26617572 10013879
0b000801 0b00c801 10000 100 1215707 2025798924 27701266 10114606
0b000501 0b00c501 10005 100 46727 2030394471 23127725 10016598
0b000a01 0b00cd01 10000 100 114525 2009076053 44447360 10022283
0b000601 0b00c501 10002 100 3702077 2016548042 36999772 10323065
0b000201 0b00ce01 10005 100 78588 2030940734 22640561 10019270
0b000b01 0b00c901 10002 100 6046 2023326427 30305742 10013190
0b000901 0b00c001 10000 100 70952 2024478830 29189952 10018628
0b000e01 0b00c101 10003 100 27609 2031799105 21882732 10014996
0b000001 0b00ce01 10001 100 9641 2021482565 32218372 10013489
0b000001 0b00cb01 10004 100 110092 2026685990 27047915 10021913
0b000001 0b00c201 10001 100 63805 2011154138 42616799 10018030
0b000601 0b00cd01 10007 100 58205 2028570511 25256428 10017562
0b000d01 0b00c801 10002 100 59603 2027810785 26033603 10017678
0b000b01 0b00c501 10004 100 1821760 2021306261 32592827 10165417
0b000801 0b00c201 10001 100 490051 2028478348 25429179 10053769
0b000c01 0b00c801 10003 100 17386 2027059578 26870779 10014140
0b000c01 0b00c301 10004 100 902143 2028253685 25706824 10088318
0b000a01 0b00cb01 10002 100 1902319 2005349623 48668524 10172173
0b000601 0b00cb01 10006 100 6882 2029092346 24999584 10013257
0b000701 0b00cf01 10002 100 27538 2024837375 29406000 10014990
0b000b01 0b00cf01 10006 100 10499 2033862892 20382314 10013562
0b000d01 0b00cd01 10003 100 1374236 2017933623 36327219 10127898
0b000701 0b00c701 10004 100 78313 2009648078 44736057 10019248
0b000601 0b00c401 10001 100 25587 2010055282 44429492 10014826
0b000701 0b00ce01 10004 100 9140 2029013470 25569887 10013449
0b000001 0b00c901 10002 100 38667 2031989482 22686021 10015923
0b000a01 0b00c101 10000 100 523383 2018170696 36508926 10056562
0b000e01 0b00c101 10004 100 42634 2032201834 22481730 10016255
0b000401 0b00c301 10001 100 71101 2024216220 30486156 10018644
0b000c01 0b00cf01 10002 100 57489 2021033570 33679748 10017501
0b000d01 0b00c401 10003 100 54902 2031476727 23254395 10017283
0b000701 0b00cc01 10003 100 25363 2020122956 34660021 10014808
0b000501 0b00cc01 10004 100 27521 2020598343 34215804 10014989
0b000101 0b00cf01 10003 100 296068 2026625097 28249818 10037505
0b000901 0b00c401 10000 100 28646 2020388754 34541163 10015083
0b000401 0b00c901 10002 100 45516 2020588517 34361553 10016497
0b000601 0b00c701 10000 100 4403115 2009465687 45503761 10381840
0b000901 0b00c801 10000 100 47601 2030274774 24706846 10016672
0b000801 0b00cc01 10003 100 62475 2026214495 28791360 10017919
0b000501 0b00cd01 10002 100 1231804 2007036786 47974942 10115955
0b000201 0b00c501 10002 100 108107 2006999309 48057900 10021747
0b000201 0b00c801 10004 100 21560 2018519353 36547221 10014489
0b000501 0b00c901 10003 100 9262 2031033648 24104008 10013459
0b000c01 0b00c301 10002 100 68518 2011101849 44065926 10018426
0b000d01 0b00cc01 10002 100 28364 2024267154 30911074 10015060
0b000901 0b00c901 10000 100 6635 2011275656 43906293 10013237
0b000501 0b00ce01 10005 100 32184 2025954454 29382117 10015381
0b000b01 0b00cf01 10002 100 6747 2011810534 43539315 10013246
0b000001 0b00ce01 10006 100 17113 2031638236 23718630 10014118
0b000301 0b00c201 10002 100 51178 2025560624 29814224 10016973
0b000501 0b00c001 10001 100 19182 2020870711 34523170 10014291
0b000701 0b00cb01 10010 100 65040 2033977772 21452187 10018136
0b000c01 0b00c301 10005 100 879 2029695209 25810470 10012754
0b000801 0b00c001 10002 100 47752 2011806072 43708921 10016684
0b000101 0b00c001 10000 100 51385 2009234890 46298620 10016990
0b000101 0b00c601 10000 100 690457 2007107652 48431878 10070570
0b000401 0b00ce01 10007 100 48139 2024868107 30690584 10016719
0b000c01 0b00ce01 10013 100 41127 2032326054 23267694 10016131
0b000501 0b00c701 10002 100 4630802 2009730852 45926303 10400927
0b000a01 0b00ce01 10003 100 35121 2032215925 23457706 10015627
0b000201 0b00ce01 10002 100 50619 2019207485 36492101 10016925
0b000501 0b00c501 10007 100 77453 2031186003 24580045 10019175
0b000901 0b00c301 10005 100 173614 2033288326 22487672 10027237
0b000601 0b00cf01 10000 100 2020 2011500342 44373795 10012853
0b000301 0b00c301 10002 100 23003 2033317413 22589079 10014612
0b000f01 0b00cb01 10003 100 146077 2025209865 30726102 10024930
0b000701 0b00cd01 10003 100 21560 2022824475 33155543 10014489
0b000101 0b00c501 10003 100 28009 2029664507 26316208 10015032
0b000501 0b00c801 10002 100 67301 2015042740 41060610 10018325
0b000101 0b00c701 10003 100 54658 2019958014 36174873 10017263
0b000f01 0b00c501 10001 100 4422 2020239629 35920087 10013052
0b000901 0b00c401 10002 100 158948 2031679585 24512150 10026006
0b000701 0b00ce01 10003 100 5395 2027106521 29104436 10013134
0b000a01 0b00c401 10003 100 53948 2012574777 43661284 10017203
0b000801 0b00c401 10006 100 9566 2031845536 24409745 10013483
0b000e01 0b00c701 10005 100 807140 2020554426 35701256 10080353
0b000001 0b00c301 10003 100 4030 2035555398 20729219 10013021
0b000101 0b00c201 10003 100 1247799 2022036009 34278815 10117296
0b000b01 0b00c401 10004 100 331831 2029362326 27008997 10040501
0b000c01 0b00c101 10004 100 1061620 2013030108 43364046 10101687
0b000f01 0b00c601 10005 100 4651 2043868003 12609764 10013071
0b000001 0b00c001 10007 100 73205 2031722701 24841059 10018820
0b000401 0b00c401 10005 100 6149 2020898261 35667692 10013198
0b000601 0b00c901 10001 100 67334 2018596132 37982432 10018327
0b000401 0b00c901 10004 100 126494 2022156879 34442030 10023287
0b000c01 0b00cd01 10001 100 4289 2020948134 35679938 10013042
0b000701 0b00c501 10004 100 426782 2026974861 29657290 10048462
0b000401 0b00c501 10004 100 21410 2012731013 43958423 10014477
0b000701 0b00ce01 10005 100 152470 2030851000 25848544 10025465
0b000b01 0b00c201 10003 100 22514 2032041802 24736300 10014569
0b000401 0b00c501 10003 100 43951 2012369850 44517884 10016365
0b000201 0b00c101 10004 100 35371 2023952536 32952152 10015647
0b000101 0b00c001 10004 100 1753005 2022299655 34619969 10159655
0b000b01 0b00c001 10003 100 1743955 2010192144 46741914 10158893
0b000801 0b00cb01 10001 100 1133123 2009268210 47675444 10107684
0b000301 0b00c501 10003 100 50384 2033790627 23169177 10016906
0b000e01 0b00c701 10006 100 635000 2025676014 31385834 10065918
0b000601 0b00cf01 10003 100 25721 2033573386 23489343 10014837
0b000d01 0b00c001 10003 100 479078 2026709792 30385905 10052849
0b000e01 0b00cf01 10003 100 1696467 2014912607 42213974 10154913
0b000101 0b00ce01 10002 100 94413 2014857343 42295138 10020597
0b000501 0b00c501 10000 100 51563 2006272275 50880312 10017004
0b000901 0b00c301 10004 100 46080 2029675457 27487001 10016546
0b000501 0b00c201 10000 100 23382 2023418590 33761599 10014642
0b000201 0b00c401 10002 100 67235 2020667052 36547277 10018319
0b000301 0b00c801 10004 100 26704 2031666545 25640195 10014920
0b000b01 0b00ca01 10004 100 1715432 2012882765 44445211 10156504
0b000001 0b00ca01 10003 100 49452 2036688236 20677696 10016828
0b000b01 0b00c201 10000 100 342741 2019536640 37838054 10041416
0b000001 0b00c101 10003 100 6588 2031036834 26342816 10013233
0b000c01 0b00cd01 10005 100 4848 2027135765 30250836 10013087
0b000801 0b00c401 10001 100 79 2015387712 42059433 10012690
0b000e01 0b00cd01 10000 100 6229778 2001165627 56294245 10534985
0b000e01 0b00c601 10000 100 6658700 2000903146 56564365 10570946
0b000d01 0b00cd01 10002 100 1607897 2011158235 46343698 10147486
0b000101 0b00cd01 10005 100 39547 2045692455 11938299 10015997
0b000301 0b00cf01 10005 100 750795 2029516877 28142848 10075627
0b000801 0b00c001 10004 100 67837 2021763605 35905742 10018368
0b000c01 0b00c201 10008 100 27771 2031583341 26089574 10015009
0b000101 0b00c601 10007 100 1507 2034949698 22761811 10012808
0b000d01 0b00ce01 10008 100 3517 2035279928 22434460 10012976
0b000301 0b00c401 10003 100 21034 2019443418 38307812 10014447
0b000901 0b00c301 10006 100 81976 2037198624 20572969 10019552
0b000601 0b00c201 10005 100 116622 2040114195 17658158 10022459
0b000a01 0b00cd01 10006 100 61088 2034028376 23766134 10017805
0b000001 0b00c401 10003 100 2890 2042550375 15296891 10012922
0b000501 0b00ce01 10007 100 28823 2034167356 23799964 10015097
0b000a01 0b00cd01 10002 100 1193241 2013110177 44861647 10112724
0b000901 0b00c001 10001 100 2444842 2024583639 33483046 10217656
0b000901 0b00c501 10003 100 24869 2022069833 36036354 10014765
0b000c01 0b00c201 10007 100 76725 2030909160 27200997 10019113
0b000801 0b00ca01 10002 100 594046 2020656971 37460048 10062488
0b000501 0b00c101 10003 100 1118788 2016707128 41498193 10106480
0b000901 0b00c001 10002 100 56536 2025775360 32652470 10017421
0b000001 0b00ce01 10005 100 60073 2031564829 26863685 10017720
0b000301 0b00c001 10001 100 39921 2038132243 20313020 10016027
0b000801 0b00cd01 10001 100 19957 2026095354 32355061 10014353
0b000201 0b00cc01 10000 100 195891 2014513905 43945088 10029103
0b000501 0b00c601 10003 100 41926 2030924849 27554338 10016195
0b000601 0b00c401 10004 100 306651 2029760403 28758971 10038390
0b000501 0b00c901 10002 100 7671 2009696622 48847384 10013324
0b000701 0b00c301 10005 100 112653 2031624899 26925662 10022126
0b000001 0b00c201 10007 100 60074 2042373589 16276212 10017720
0b000601 0b00ce01 10007 100 75727 2031272539 27390078 10019030
0b000301 0b00c601 10001 100 54869 2011848807 46823768 10017280
0b000601 0b00c601 10007 100 55453 2036330502 22344018 10017331
0b000301 0b00cc01 10001 100 946575 2014413015 44280606 10092042
0b000501 0b00c301 10003 100 140 2034688173 24087221 10012695
0b000201 0b00ca01 10005 100 30904 2033511723 25290859 10015271
0b000601 0b00c501 10006 100 10978 2033749704 25067625 10013600
0b000701 0b00c901 10000 100 20953 2033246472 25588667 10014436
0b000001 0b00c001 10008 100 499 2046822721 12039468 10012723
0b000701 0b00c301 10007 100 27444 2037154587 21724275 10014983
0b000f01 0b00c401 10004 100 77976 2036896444 22047971 10019217
0b000501 0b00c301 10002 100 29814 2034687169 24269100 10015180
0b000501 0b00ca01 10002 100 22716 2023234066 35780806 10014585
0b000e01 0b00c501 10004 100 32412 2020847971 38213153 10015399
0b000f01 0b00c901 10004 100 130011 2032545181 26519489 10023583
0b000a01 0b00cd01 10004 100 78705 2023959361 35107169 10019279
0b000401 0b00ce01 10005 100 170311 2021426266 37679920 10026961
0b000c01 0b00c001 10005 100 36106 2028844968 30321713 10015710
0b000101 0b00cc01 10003 100 618664 2028395311 30833577 10064550
0b000201 0b00c501 10005 100 5875 2024465044 34868629 10013173
0b000501 0b00ce01 10004 100 846949 2025837360 33588043 10083688
0b000901 0b00ca01 10001 100 197626 2017603486 41833817 10029250
0b000f01 0b00c201 10005 100 62174 2032702326 26747627 10017895
0b000501 0b00c101 10007 100 305519 2024490192 34973337 10038296
0b000c01 0b00cb01 10005 100 76216 2033104352 26366537 10019072
0b000201 0b00c901 10007 100 1560678 2029493382 30006874 10143528
0b000701 0b00c801 10005 100 69611 2017879440 41646367 10018517
0b000501 0b00ce01 10003 100 40164 2024919162 34612501 10016050
0b000701 0b00cf01 10006 100 46424 2038627210 20976799 10016574
0b000e01 0b00c301 10003 100 29416 2034100420 25520303 10015148
0b000f01 0b00c701 10003 100 1635377 2021604990 38083531 10149792
0b000a01 0b00c701 10005 100 44086 2034629998 25124800 10016379
0b000a01 0b00c901 10004 100 39715 2024755385 35006952 10016010
0b000e01 0b00c401 10004 100 46374 2012091268 47673411 10016570
0b000501 0b00c501 10010 100 115708 2038722173 21079373 10022382
0b000701 0b00ce01 10002 100 197803 2014322341 45549685 10029264
0b000f01 0b00c701 10004 100 2536 2037000839 22959142 10012894
0b000e01 0b00c401 10007 100 1340599 2024828223 35181670 10125077
0b000f01 0b00cf01 10005 100 85918 2033015949 27004382 10019883
0b000d01 0b00c601 10002 100 21806 2009868114 50275702 10014508
0b000401 0b00c201 10007 100 32907 2035699214 24587119 10015439
0b000501 0b00c101 10002 100 22267 2011763517 48609822 10014549
0b000401 0b00c501 10011 100 5426 2036673484 23740394 10013137
0b000801 0b00cb01 10004 100 111186 2035381344 25080670 10022004
0b000801 0b00c401 10002 100 1669164 2019151994 41355773 10152625
0b000b01 0b00cf01 10005 100 2227 2028427483 32207065 10012869
0b000f01 0b00c601 10003 100 9143 2013864418 46859854 10013449
0b000b01 0b00c901 10003 100 25019 2028364777 32387055 10014781
0b000e01 0b00ce01 10000 100 1458247 2009561356 51223094 10134942
0b000501 0b00c501 10004 100 49736 2029680378 31146006 10016850
0b000801 0b00cb01 10005 100 5694 2038588772 22259743 10013158
0b000e01 0b00c101 10005 100 43500 2035278095 25653933 10016328
0b000501 0b00c801 10005 100 9573 2024493327 36453058 10013484
0b000401 0b00c001 10002 100 2726541 2010699869 50259551 10241274
0b000401 0b00c301 10005 100 68260 2048292580 12791080 10018405
0b000501 0b00c101 10004 100 27962 2017992965 43106345 10015024
0b000301 0b00c401 10004 100 57917 2036617694 24577510 10017536
0b000301 0b00c701 10005 100 22213 2027496431 33705948 10014545
0b000701 0b00cc01 10005 100 49492 2035767960 25447989 10016831
0b000c01 0b00ca01 10006 100 76908 2025798147 35477914 10019128
0b000701 0b00c201 10003 100 23146 2037241246 24090860 10014623
0b000f01 0b00c401 10000 100 22452 2024879691 36457781 10014564
0b000201 0b00c901 10004 100 72153 2017652099 43690010 10018732
0b000801 0b00c101 10001 100 74918 2017701940 43671855 10018961
0b000a01 0b00cf01 10003 100 15298 2024285730 37098828 10013965
0b000501 0b00cc01 10002 100 5136 2013870049 47518659 10013113
0b000f01 0b00c501 10002 100 25506 2024114498 37306683 10014820
0b000f01 0b00c901 10002 100 167675 2025891431 35556486 10026739
0b000e01 0b00c801 10013 100 65673 2045289578 16164836 10018187
0b000801 0b00c401 10003 100 2121425 2021429648 40077151 10190542
0b000101 0b00cb01 10001 100 34689 2024819657 36745034 10015589
0b000701 0b00c101 10004 100 7395 2037930133 23709919 10013302
0b000901 0b00c801 10002 100 10677 2037103096 24543598 10013576
0b000001 0b00c001 10005 100 671431 2027266528 34414379 10068974
0b000801 0b00c801 10003 100 6722 2037136067 24557528 10013244
0b000c01 0b00c401 10002 100 9907 2035316122 26381829 10013510
0b000901 0b00c001 10007 100 6652 2037348881 24355946 10013239
0b000501 0b00ca01 10003 100 79640 2025852523 35865770 10019358
0b000a01 0b00cb01 10006 100 99704 2025602081 36132619 10021040
0b000c01 0b00c201 10010 100 24338 2046557999 15203788 10014723
0b000201 0b00c301 10002 100 326290 2026910478 34861642 10040038
0b000c01 0b00cd01 10003 100 6537 2026297224 35480920 10013229
0b000701 0b00ce01 10001 100 183470 2012653044 49136358 10028064
0b000901 0b00c501 10004 100 68562 2024373423 37496863 10018429
0b000001 0b00cf01 10005 100 58734 2034428400 27449461 10017605
0b000a01 0b00ce01 10002 100 405655 2031505049 30394212 10046691
0b000e01 0b00cb01 10003 100 2743 2032524583 29393818 10012910
0b000b01 0b00cb01 10001 100 602993 2021432225 40594360 10063234
0b000101 0b00ca01 10005 100 8334 2049996011 12031003 10013381
0b000301 0b00ca01 10005 100 22198 2025410048 36674768 10014544
0b000301 0b00cf01 10004 100 63038 2025198170 36979712 10017968
0b000c01 0b00ce01 10004 100 176719 2012197711 49988417 10027497
0b000e01 0b00cd01 10003 100 65452 2005220044 57013577 10018169
0b000c01 0b00c301 10003 100 14455 2027857941 34382363 10013894
0b000901 0b00ca01 10000 100 1981 2013133192 49107284 10012846
0b000e01 0b00c501 10000 100 4797000 2007389612 54851467 10414860
0b000d01 0b00c301 10002 100 60773 2019622990 42643404 10017776
0b000e01 0b00c701 10004 100 111432 2016461585 45805532 10022024
0b000e01 0b00cf01 10004 100 1714114 2021937072 40430112 10156394
0b000701 0b00cb01 10008 100 79509 2024998521 37375086 10019347
0b000601 0b00c201 10004 100 13033 2040021685 22398525 10013776
0b000b01 0b00c301 10002 100 3225 2037800439 24624221 10012953
0b000e01 0b00c101 10002 100 4474 2028724565 33779078 10013057
0b000401 0b00ce01 10004 100 1298 2019317481 43252092 10012791
0b000301 0b00cd01 10004 100 27947 2032221895 30351880 10015023
0b000401 0b00cb01 10002 100 235209 2034844480 27758490 10032402
0b000c01 0b00cd01 10004 100 20225 2026710623 35898653 10014378
0b000201 0b00c001 10000 100 1150634 2022603179 40118782 10109150
0b000401 0b00c401 10007 100 70643 2035509214 27219972 10018604
0b000801 0b00ca01 10003 100 352131 2027107541 35658827 10042206
0b000801 0b00c001 10005 100 504964 2022449904 40368646 10055016
0b000701 0b00c001 10006 100 5492 2040152657 22705040 10013142
0b000a01 0b00ca01 10007 100 3391 2038344958 24520836 10012966
0b000501 0b00cc01 10007 100 30005 2038935995 23930334 10015199
0b000801 0b00c301 10001 100 871887 2025132519 37766422 10085779
0b000701 0b00cb01 10011 100 57038 2038144529 24774505 10017465
0b000a01 0b00c601 10000 100 3364446 2012283567 50665547 10294757
0b000501 0b00c601 10002 100 8433 2018593797 44423988 10013389
0b000301 0b00c201 10011 100 4301 2050854925 12166728 10013043
0b000201 0b00c601 10003 100 1490157 2020833702 42193004 10137618
0b000601 0b00c401 10005 100 179704 2040342416 22685757 10027747
0b000d01 0b00c801 10004 100 2621 2038097522 24956030 10012901
0b000801 0b00c401 10007 100 507883 2034886060 28203243 10055261
0b000101 0b00ce01 10005 100 227 2051031356 12067412 10012702
0b000201 0b00cd01 10010 100 45510 2050413584 12762296 10016497
0b000e01 0b00ca01 10002 100 49892 2018228172 44974677 10016863
0b000d01 0b00c701 10002 100 28732 2029016039 34293190 10015089
0b000701 0b00c301 10006 100 150 2035778177 27593235 10012695
0b000701 0b00c701 10009 100 46079 2030497420 32889306 10016546
0b000c01 0b00c301 10001 100 71261 2006830647 56624812 10018657
0b000f01 0b00c001 10004 100 13443 2038850742 24606582 10013809
0b000b01 0b00c501 10000 100 4204177 2009475796 54039943 10365161
0b000601 0b00ce01 10004 100 28071 2027009646 36541498 10015037
0b000201 0b00cd01 10011 100 17539 2051335723 12235734 10014152
0b000401 0b00c301 10000 100 6993 2015338475 48240406 10013266
0b000201 0b00c601 10001 100 12138744 2003181666 60569630 11030393
0b000a01 0b00ce01 10001 100 495444 2031306068 32456178 10054220
0b000a01 0b00cf01 10005 100 41634 2042112706 21702301 10016172
0b000a01 0b00c301 10005 100 10432 2040433372 23397997 10013556
0b000301 0b00cf01 10002 100 428237 2016268612 47590970 10048586
0b000901 0b00cf01 10004 100 1568 2031689207 32180043 10012813
0b000601 0b00cb01 10005 100 71608 2016319218 47568984 10018685
0b000c01 0b00cb01 10004 100 14960 2029886395 34084022 10013934
0b000901 0b00cf01 10005 100 20085 2037240875 26821307 10014367
0b000f01 0b00c501 10004 100 73814 2038340075 25723752 10018869
0b000501 0b00c101 10006 100 73521 2019679902 44450958 10018845
0b000b01 0b00cd01 10004 100 59766 2028305841 35852776 10017691
0b000901 0b00c201 10003 100 26457 2032014839 32150913 10014900
0b000901 0b00c601 10003 100 2640 2037684432 26509857 10012902
0b000801 0b00c101 10002 100 3686 2021494032 42709752 10012990
0b000f01 0b00c301 10006 100 42948 2043077030 21210524 10016280
0b000701 0b00c401 10003 100 28307 2029082301 35221102 10015055
0b000401 0b00c801 10000 100 2548401 2012460895 51891483 10226340
0b000901 0b00ce01 10003 100 50109 2020291477 44065166 10016884
0b000c01 0b00c301 10007 100 33448 2039052691 25312809 10015486
0b000601 0b00c101 10003 100 48770 2027687188 36692958 10016769
0b000501 0b00ce01 10002 100 9363 2021147939 43250953 10013467
0b000f01 0b00ca01 10001 100 4234396 2005184403 59246288 10367694
0b000001 0b00cf01 10007 100 60682 2041790944 22649542 10017768
0b000501 0b00c301 10000 100 198742 2015929877 48539020 10029343
0b000901 0b00c601 10002 100 78899 2026791811 37689948 10019295
0b000301 0b00cb01 10007 100 42198 2040286182 24322262 10016220
0b000e01 0b00c401 10008 100 35285 2048774839 15837341 10015641
0b000501 0b00c801 10006 100 29454 2029511351 35105445 10015151
0b000c01 0b00c201 10005 100 427668 2020769253 43895042 10048536
0b000401 0b00c201 10003 100 693849 2024130559 40596919 10070852
0b000401 0b00c301 10002 100 559111 2032222147 32508603 10059559
0b000701 0b00c001 10005 100 38826 2039992804 24740989 10015935
0b000001 0b00cc01 10001 100 48182 2015880700 48869852 10016722
0b000801 0b00cb01 10003 100 163600 2027871967 36883273 10026397
0b000101 0b00c401 10003 100 640261 2024289315 40472152 10066362
0b000201 0b00c701 10002 100 7700 2021712829 43058629 10013326
0b000b01 0b00ce01 10002 100 129942 2034873403 29911117 10023574
0b000e01 0b00ca01 10003 100 51917 2020266062 44603567 10017033
0b000101 0b00cc01 10006 100 1640607 2043384340 21503699 10150230
0b000b01 0b00c501 10008 100 47723 2036052728 28858877 10016682
0b000e01 0b00c401 10005 100 9751 2017749821 47182452 10013498
0b000901 0b00cd01 10002 100 165511 2029479401 35485185 10026558
0b000601 0b00cd01 10010 100 25258 2042384871 22596976 10014800
0b000501 0b00cc01 10008 100 54263 2040770537 24244061 10017232
0b000301 0b00c301 10003 100 169200 2036759716 28426799 10026868
0b000f01 0b00c201 10002 100 1428281 2009419587 55830468 10132429
0b000801 0b00c601 10004 100 31781 2040142611 25108286 10015345
0b000e01 0b00c701 10009 100 90626 2039303242 26090219 10020279
0b000101 0b00c601 10006 100 1238725 2033456392 31958902 10116535
0b000101 0b00c301 10001 100 674339 2008746337 56731498 10069219
0b000201 0b00c001 10001 100 67909 2030993041 34485652 10018373
0b000901 0b00cd01 10003 100 220858 2042350137 23130807 10031197
0b000201 0b00ca01 10003 100 15883 2018218501 47263206 10014012
0b000601 0b00ce01 10008 100 65174 2032906414 32596557 10018147
0b000701 0b00ce01 10006 100 47299 2034868200 30659970 10016648
0b000d01 0b00c301 10003 100 1496026 2026695913 38859676 10138110
0b000501 0b00cc01 10005 100 2387 2021751976 43826897 10012882
0b000101 0b00cc01 10005 100 220667 2038920876 26693874 10031182
0b000b01 0b00cb01 10002 100 2382346 2024598097 41084271 10212418
0b000001 0b00cd01 10001 100 555937 2029636197 36057404 10059290
0b000c01 0b00c701 10005 100 5227 2022214191 43523130 10013121
0b000501 0b00c801 10004 100 7111 2020997459 44743950 10013279
0b000301 0b00c501 10001 100 13682 2029650730 36161341 10013828
0b000a01 0b00c701 10007 100 5647 2041163667 24657872 10013154
0b000b01 0b00cb01 10000 100 2682846 2009246280 56608392 10237610
0b000301 0b00c201 10003 100 45673 2027849316 38080509 10016510
0b000301 0b00c701 10002 100 1306070 2014734493 51210331 10122184
0b000901 0b00c801 10004 100 7666 2041414126 24532532 10013324
0b000b01 0b00c601 10005 100 10392 2031048021 34929810 10013553
0b000201 0b00c301 10001 100 3743455 2021178449 44828233 10326533
0b000d01 0b00cf01 10006 100 931392 2026095558 40023908 10090770
0b000d01 0b00cd01 10006 100 26518 2030283140 36007657 10014905
0b000301 0b00c501 10004 100 146938 2035720820 30574454 10024999
0b000101 0b00c001 10009 100 18154 2042865582 23466379 10014205
0b000301 0b00ca01 10006 100 21770 2033441502 32954262 10014506
0b000301 0b00cc01 10003 100 43786 2022894056 43562322 10016351
0b000b01 0b00c501 10005 100 73621 2023630411 42826105 10018853
0b000c01 0b00c201 10006 100 496510 2021989335 44469762 10054309
0b000401 0b00ce01 10008 100 105806 2030835728 35628858 10021551
0b000801 0b00c301 10004 100 4070 2051737965 14816248 10013024
0b000f01 0b00ce01 10002 100 785615 2037063075 29562617 10078547
0b000901 0b00c701 10001 100 1350854 2038155564 28479773 10125936
0b000f01 0b00c701 10002 100 2734 2018377665 48281171 10012910
0b000a01 0b00c401 10004 100 14548 2029202066 37552969 10013901
0b000501 0b00cd01 10003 100 3525685 2015284647 51503968 10308274
0b000d01 0b00c301 10007 100 31840 2043017961 23920770 10015350
0b000601 0b00cc01 10002 100 1081774 2014139354 52811473 10103376
0b000001 0b00c401 10002 100 131750 2041975319 25034007 10023726
0b000701 0b00c301 10001 100 2110520 2010505208 56512739 10189627
0b000301 0b00c601 10005 100 495223 2039175773 27919881 10054202
0b000601 0b00cc01 10003 100 21032 2018884563 48236737 10014447
0b000d01 0b00cf01 10004 100 1413 2018335591 48806429 10012800
0b000901 0b00c201 10005 100 7558 2043069170 24121152 10013315
0b000e01 0b00c401 10006 100 185165 2022366342 44830392 10028207
0b000301 0b00ca01 10004 100 1137378 2019660389 47541294 10108040
0b000601 0b00cb01 10003 100 1182320 2014939518 52317688 10111808
0b000801 0b00c001 10010 100 8371 2042576187 24714978 10013384
0b000101 0b00c001 10008 100 203770 2041701923 25598867 10029764
0b000301 0b00c201 10007 100 77058 2039196223 28108224 10019144
0b000801 0b00cf01 10002 100 26215 2041765974 25581952 10014880
0b000b01 0b00c601 10003 100 20171 2019162773 48269438 10014374
0b000001 0b00c601 10002 100 23944 2024539431 42895573 10014687
0b000f01 0b00c101 10006 100 6224 2031656680 35788083 10013204
0b000801 0b00ce01 10003 100 55483 2019250357 48259607 10017333
0b000701 0b00c401 10005 100 41008 2039375072 28176937 10016121
0b000101 0b00c401 10004 100 324609 2029295158 38277280 10039896
0b000a01 0b00c101 10001 100 4488 2018800896 48832867 10013058
0b000b01 0b00cd01 10006 100 190922 2034757507 32913071 10028687
0b000c01 0b00c801 10004 100 26755 2031685702 36010856 10014924
0b000601 0b00c001 10000 100 34976 2037670209 30124218 10015612
0b000f01 0b00cf01 10006 100 39764 2033253917 34557139 10016014
0b000701 0b00c501 10003 100 7618 2023801247 44028346 10013320
0b000101 0b00cb01 10007 100 2683 2047754069 20105807 10012906
0b000501 0b00c501 10008 100 32766 2033768326 34091593 10015428
0b000101 0b00c401 10007 100 142566 2038540091 29336397 10024634
0b000201 0b00c601 10004 100 29511 2047535534 20383396 10015156
0b000a01 0b00c301 10003 100 32033 2023283864 44644950 10015369
0b000f01 0b00c701 10005 100 6166 2045114981 22915899 10013200
0b000501 0b00c001 10005 100 39206 2041166098 26949907 10015970
0b000801 0b00cb01 10006 100 190260 2045269221 22854528 10028634
0b000601 0b00c501 10007 100 21591 2040316659 27830998 10014491
0b000001 0b00c501 10001 100 5060 2023153336 44996062 10013107
0b000001 0b00c201 10004 100 3193004 2016100789 52051300 10280385
0b000501 0b00ce01 10006 100 62576 2029237676 38961509 10017928
0b000201 0b00ce01 10003 100 238294 2022345834 45885337 10032661
0b000e01 0b00c801 10008 100 37948 2030097705 38133853 10015861
0b000301 0b00c101 10004 100 615 2052768298 15505547 10012733
0b000c01 0b00c001 10006 100 42118 2032242060 36123606 10016214
0b000201 0b00cf01 10003 100 58490 2025227716 43182088 10017585
0b000001 0b00c301 10002 100 29660 2035372370 33056833 10015168
0b000201 0b00cf01 10005 100 64630 2032222234 36223899 10018100
0b000901 0b00c201 10002 100 493870 2029872500 38574450 10054086
0b000d01 0b00c001 10004 100 3066 2041782524 26669773 10012940
0b000001 0b00ce01 10003 100 231278 2028664694 39809428 10032073
0b000201 0b00c801 10005 100 64384 2032403401 36159404 10018080
0b000801 0b00cc01 10004 100 20744 2026529569 42087107 10014420
0b000f01 0b00c801 10002 100 1633100 2012868543 55806573 10149602
0b000401 0b00c201 10000 100 4049502 2007117959 61593119 10352192
0b000301 0b00c701 10007 100 74606 2041113167 27625516 10018936
0b000f01 0b00cd01 10004 100 73284 2030414528 38358300 10018826
0b000801 0b00c001 10012 100 25363 2044214511 24624465 10014808
0b000c01 0b00c001 10004 100 1150768 2026032563 42827975 10109161
0b000601 0b00c501 10005 100 2608 2029979629 38922078 10012900
0b000901 0b00c401 10003 100 2977 2032448238 36462972 10012929
0b000401 0b00cf01 10007 100 1544 2034901253 34066304 10012811
0b000601 0b00cb01 10007 100 7176 2041237296 27745750 10013284
0b000d01 0b00cd01 10008 100 75864 2044410839 24640641 10019040
0b000501 0b00c101 10010 100 28879 2034741127 34350243 10015101
0b000601 0b00c601 10006 100 847734 2032644971 36457189 10083755
0b000701 0b00c501 10001 100 43168 2011119122 58094327 10016302
0b000801 0b00c801 10002 100 14911 2030051196 39165905 10013930
0b000a01 0b00ce01 10004 100 34362 2038445298 30813580 10015563
0b000f01 0b00c901 10006 100 35889 2042917468 26393280 10015689
0b000101 0b00c401 10005 100 8471 2033030938 36297195 10013392
0b000701 0b00c701 10010 100 184807 2050195535 19226281 10028174
0b000b01 0b00ca01 10003 100 42326 2011610767 57869919 10016231
0b000101 0b00cb01 10002 100 1107659 2028126000 41358226 10105547
0b000501 0b00c601 10005 100 27774 2037698397 31829602 10015009
0b000901 0b00c301 10002 100 740251 2019958608 49628311 10074745
0b000301 0b00ce01 10003 100 79237 2045362266 24235143 10019326
0b000301 0b00c801 10006 100 12883 2045726387 23885301 10013760
0b000401 0b00ce01 10009 100 24133 2045424026 24219227 10014706
0b000301 0b00c901 10007 100 73770 2032167277 37514808 10018865
0b000e01 0b00cf01 10002 100 1761211 2009957990 59737433 10160342
0b000201 0b00c701 10004 100 28477 2046018360 23706822 10015069
0b000301 0b00cb01 10005 100 5105 2033184127 36551902 10013111
0b000e01 0b00c701 10008 100 68277 2031517862 38221685 10018407
0b000401 0b00c201 10005 100 2805 2025503878 44244000 10012915
0b000101 0b00c401 10001 100 1805 2010784480 59064748 10012832
0b000101 0b00c501 10005 100 44381 2034869367 35043791 10016403
0b000101 0b00c701 10004 100 1543677 2023129460 46846652 10142103
0b000a01 0b00c201 10003 100 192822 2011841226 58169959 10028846
0b000a01 0b00cc01 10004 100 25731 2033327622 36794367 10014838
0b000901 0b00c401 10005 100 5288 2044996774 25164402 10013126
0b000d01 0b00cf01 10005 100 26502 2022569647 47618435 10014903
0b000a01 0b00c101 10006 100 48867 2044967730 25317421 10016777
0b000901 0b00c501 10005 100 44113 2035346484 34991789 10016381
0b000101 0b00c201 10002 100 17133 2021706635 48638618 10014119
0b000501 0b00ce01 10009 100 58451 2045609286 24885413 10017582
0b000a01 0b00cc01 10005 100 15266 2033937706 36596044 10013962
0b000001 0b00c401 10004 100 24582 2042969085 27615048 10014742
0b000401 0b00cc01 10001 100 8580 2046427755 24172345 10013400
0b000d01 0b00cc01 10003 100 821033 2027515408 43122016 10081519
0b000901 0b00c001 10003 100 5275 2028527727 42120391 10013125
0b000c01 0b00c701 10008 100 23074 2047469249 23197381 10014618
0b000901 0b00c401 10004 100 1372577 2042013741 28660921 10127758
0b000901 0b00ce01 10007 100 28955 2057553631 13212632 10015107
0b000f01 0b00cd01 10002 100 1919719 2018580642 52268537 10173630
0b000901 0b00cf01 10007 100 34118 2055959017 14928036 10015543
0b000701 0b00cc01 10004 100 8662 2035268433 35624920 10013407
0b000401 0b00cd01 10005 100 1242755 2041969337 28950643 10116873
0b000901 0b00ca01 10004 100 5060 2045503948 25531917 10013107
0b000f01 0b00cc01 10004 100 86702 2036910757 34136974 10019950
0b000f01 0b00c101 10007 100 12507 2036585101 34489569 10013730
0b000801 0b00cf01 10001 100 569395 2041004904 30150789 10060420
0b000001 0b00cf01 10006 100 64980 2036426215 34782092 10018128
0b000601 0b00ce01 10003 100 1924 2023355411 47857143 10012841
0b000401 0b00c901 10007 100 57308 2035673639 35550398 10017487
0b000201 0b00c101 10005 100 21046 2046896804 24341618 10014448
0b000501 0b00c801 10011 100 69587 2046588685 24668868 10018515
0b000101 0b00c601 10004 100 1879896 2026486198 44935283 10170290
0b000c01 0b00cf01 10006 100 64363 2046731212 24734882 10018078
0b000c01 0b00c901 10005 100 77937 2055414411 16088851 10019214
0b000501 0b00c701 10004 100 50030 2033727368 37814393 10016878
0b000f01 0b00cd01 10007 100 472445 2041098451 30452278 10052291
0b000701 0b00c801 10006 100 23075 2026839551 44762935 10014618
0b000601 0b00c801 10005 100 13281 2039670453 31936363 10013796
0b000a01 0b00cb01 10004 100 1139892 2021550729 50056256 10108248
0b000201 0b00c001 10003 100 10570 2048054374 23600787 10013567
0b000201 0b00c701 10005 100 51342 2050758940 20917367 10016987
0b000b01 0b00c501 10001 100 803890 2010746210 60950538 10080078
0b000401 0b00cf01 10006 100 936 2034034624 37690167 10012758
0b000801 0b00c001 10006 100 21820 2023159124 48568102 10014510
0b000401 0b00c801 10002 100 29602 2039621163 32106499 10015163
0b000b01 0b00c501 10006 100 73001 2028839814 42938536 10018804
0b000f01 0b00c401 10003 100 19585 2035596405 36191223 10014323
0b000701 0b00cc01 10007 100 21242 2043919460 27938124 10014463
0b000901 0b00cd01 10006 100 436540 2056828258 15094310 10049281
0b000901 0b00c901 10003 100 2235542 2030807438 41125027 10200109
0b000a01 0b00cc01 10003 100 1020783 2033208517 38725984 10098263
0b000b01 0b00c601 10009 100 3723 2046252251 25710932 10012993
0b000601 0b00c801 10006 100 70652 2047280986 24685823 10018604
0b000301 0b00cb01 10006 100 1678523 2035288293 36698417 10153409
0b000701 0b00c601 10006 100 1545 2048523589 23488110 10012811
0b000a01 0b00cc01 10006 100 37193 2034659909 37352919 10015801
0b000f01 0b00cd01 10005 100 579064 2033180825 38843666 10061232
0b000601 0b00c101 10002 100 26504 2027390673 44649706 10014904
0b000301 0b00c901 10008 100 29094 2040068665 32030090 10015122
0b000c01 0b00c301 10006 100 67812 2034895128 37231444 10018366
0b000f01 0b00cd01 10000 100 1924739 2013904933 58240448 10174051
0b000401 0b00c401 10006 100 2256 2027480161 44752065 10012872
0b000801 0b00c601 10003 100 863462 2033779465 38497877 10085074
0b000601 0b00c601 10009 100 4917 2045047944 27261338 10013092
0b000101 0b00cf01 10005 100 23858 2038265188 34167263 10014680
0b000201 0b00ce01 10009 100 27669 2056886770 15557605 10015001
0b000601 0b00c101 10004 100 6857 2027722879 44725649 10013255
0b000101 0b00c301 10004 100 2508 2037430413 35018672 10012892
0b000001 0b00ce01 10013 100 4169 2048607420 23863008 10013032
0b000801 0b00c801 10001 100 9669 2026809021 45744784 10013491
0b000d01 0b00ce01 10006 100 1807947 2029606371 42977879 10164258
0b000e01 0b00c601 10007 100 444 2036314249 36270649 10012719
0b000b01 0b00cc01 10004 100 36635 2026198416 46408410 10015752
0b000201 0b00cd01 10007 100 68677 2035077605 37580704 10018439
0b000501 0b00ce01 10008 100 48802 2041571266 31095923 10016772
0b000b01 0b00c101 10003 100 159807 2036226817 36455936 10026078
0b000501 0b00c001 10007 100 69587 2048150382 24558064 10018515
0b000201 0b00cd01 10003 100 6614 2014189630 58563511 10013236
0b000101 0b00c201 10005 100 34539 2028267735 44491530 10015577
0b000001 0b00ce01 10008 100 32577 2040439222 32320347 10015412
0b000201 0b00cd01 10009 100 24488 2049025734 23753483 10014735
0b000801 0b00c801 10004 100 829754 2044652135 28210897 10082247
0b000601 0b00ca01 10004 100 54096 2048171223 24704820 10017218
0b000101 0b00c901 10002 100 3836 2049356251 23532214 10013002
0b000201 0b00ce01 10004 100 24137 2028952617 43938803 10014706
0b000201 0b00c401 10004 100 232595 2038868186 34024818 10032182
0b000601 0b00c901 10005 100 67848 2027903815 45047455 10018368
0b000201 0b00cb01 10003 100 33423 2024119622 48867723 10015484
0b000301 0b00cd01 10006 100 52487 2048905480 24089147 10017082
0b000801 0b00c401 10005 100 7396 2027511642 45503327 10013302
0b000601 0b00c901 10008 100 812501 2040214767 32809709 10080802
0b000801 0b00c301 10002 100 208056 2046117683 27063569 10030127
0b000601 0b00cf01 10002 100 41320 2028563966 44647357 10016146
0b000301 0b00cf01 10007 100 7548 2042415506 30815396 10013314
0b000101 0b00c401 10002 100 2507308 2023951108 49315688 10222895
0b000a01 0b00cc01 10009 100 26946 2047660431 25651202 10014939
0b000301 0b00ca01 10007 100 28397 2044922394 28453332 10015063
0b000801 0b00c001 10013 100 5181 2047183635 26207575 10013117
0b000f01 0b00c601 10007 100 8322 2048790568 24629737 10013380
0b000001 0b00c101 10001 100 2810016 2015100648 58351997 10248275
0b000c01 0b00ce01 10012 100 1550948 2024489888 49075148 10142711
0b000301 0b00c701 10004 100 1906432 2023307069 50269806 10172517
0b000601 0b00cb01 10004 100 7230 2015336399 58246516 10013289
0b000501 0b00c401 10006 100 45910 2052849799 20741636 10016529
0b000c01 0b00c701 10001 100 1968928 2009576973 64071370 10177755
0b000501 0b00c101 10011 100 38197 2035490476 38197362 10015885
0b000c01 0b00c301 10010 100 51142 2046115890 27575616 10016971
0b000801 0b00c901 10003 100 63688 2047936496 25763981 10018020
0b000e01 0b00c701 10010 100 15227 2050324606 23430038 10013959
0b000601 0b00cf01 10007 100 30784 2049011704 24779847 10015261
0b000901 0b00c101 10003 100 3559447 2023794538 50050382 10311106
0b000801 0b00c101 10006 100 5 2053004255 20863760 10012684
0b000b01 0b00ce01 10006 100 42564 2048076046 25796096 10016250
0b000001 0b00ca01 10004 100 21271 2045955037 27922826 10014466
0b000401 0b00c201 10010 100 9187 2050202147 23696051 10013453
0b000401 0b00c301 10006 100 41300 2050121870 23797140 10016145
0b000701 0b00c201 10002 100 141571 2033016877 40906374 10024550
0b000c01 0b00c701 10007 100 620724 2029932835 44025036 10064722
0b000701 0b00c201 10001 100 500403 2028433124 45567710 10054636
0b000701 0b00c501 10006 100 36082 2052846800 21156676 10015708
0b000a01 0b00ce01 10000 100 226423 2025816343 48188139 10031665
0b000301 0b00c801 10005 100 58800 2037728701 36368761 10017610
0b000a01 0b00cb01 10000 100 9139316 2004330366 69782611 10778922
0b000901 0b00c201 10004 100 66141 2040022183 34101598 10018228
0b000901 0b00ca01 10003 100 1580507 2033905695 40282575 10145191
0b000c01 0b00c901 10003 100 283248 2021254266 52964985 10036430
0b000f01 0b00ce01 10004 100 3389 2049834179 24410778 10012966
0b000101 0b00c401 10006 100 199631 2037010962 37321412 10029418
0b000e01 0b00c801 10012 100 5774 2042776807 31584029 10013164
0b000401 0b00c201 10009 100 26915 2046149365 28284883 10014936
0b000f01 0b00c101 10009 100 11712 2049678459 24773607 10013663
0b000501 0b00cd01 10004 100 14765 2017322743 57130074 10013918
0b000801 0b00c001 10008 100 27014 2041609239 32861832 10014948
0b000b01 0b00cd01 10002 100 604001 2025526773 48999960 10063323
0b000801 0b00c901 10001 100 10775 2037977708 36564029 10013584
0b000501 0b00c801 10012 100 33604 2050155018 24398805 10015498
0b000501 0b00c101 10009 100 1436318 2031844750 42721278 10133103
0b000601 0b00c701 10003 100 63814 2053009154 21608735 10018030
0b000601 0b00c501 10004 100 26102 2029048368 45577172 10014871
0b000c01 0b00cf01 10005 100 587438 2040732095 33913431 10061932
0b000101 0b00c501 10008 100 24085 2046799624 27912284 10014702
0b000801 0b00c201 10002 100 1965971 2034724235 39993368 10177507
0b000401 0b00c901 10008 100 63883 2045840792 28908422 10018036
0b000d01 0b00cb01 10007 100 23142 2049984094 24770202 10014623
0b000c01 0b00c901 10002 100 591792 2020942183 53812423 10062296
0b000b01 0b00cd01 10005 100 29520 2028403202 46361601 10015156
0b000901 0b00c801 10001 100 48105 2031384858 43380576 10016716
0b000e01 0b00c301 10004 100 87532 2045866123 28957505 10020020
0b000a01 0b00c201 10006 100 63357 2041162649 33676785 10017994
0b000401 0b00c901 10006 100 64639 2035564249 39301237 10018100
0b000201 0b00cb01 10005 100 28939 2040924404 33988930 10015106
0b000b01 0b00c801 10002 100 68603 2044864934 30076958 10018433
0b000201 0b00c701 10003 100 101065 2040849356 34182046 10021156
0b000c01 0b00c301 10011 100 14946 2059935406 15134513 10013933
0b000201 0b00ca01 10007 100 181229 2040275976 34794914 10027877
0b000c01 0b00c101 10011 100 21870 2062047976 13023284 10014514
0b000101 0b00c101 10002 100 749174 2035544140 39555748 10075493
0b000e01 0b00c101 10007 100 3377 2050629600 24472511 10012965
0b000301 0b00c401 10005 100 4180 2059857400 15299613 10013033
0b000001 0b00ce01 10007 100 21502 2037550872 37613798 10014484
0b000701 0b00c401 10001 100 11220 2028099250 47079452 10013623
0b000c01 0b00ce01 10016 100 18352 2038815817 36376106 10014221
0b000f01 0b00c101 10005 100 71163 2026547732 48702317 10018649
0b000a01 0b00cf01 10004 100 60925 2039548603 35712485 10017788
0b000d01 0b00cd01 10005 100 807723 2023578263 51697023 10080400
0b000201 0b00cc01 10005 100 4629 2036200324 39135282 10013069
0b000001 0b00c001 10006 100 4066 2030984466 44365058 10013024
0b000101 0b00cb01 10006 100 28079 2044338478 31028356 10015037
0b000201 0b00cc01 10006 100 36588 2050635451 24755688 10015749
0b000101 0b00c501 10009 100 77388 2051572580 23842098 10019170
0b000701 0b00c601 10005 100 4283 2037797584 37699672 10013041
0b000401 0b00c201 10008 100 63741 2036788153 38777382 10018025
0b000f01 0b00c401 10006 100 6932 2042127375 33490295 10013261
0b000901 0b00ce01 10005 100 56591 2052336543 23342520 10017426
0b000101 0b00ce01 10004 100 662199 2022976450 52749630 10068201
0b000a01 0b00c101 10008 100 2099 2052784207 22943156 10012859
0b000701 0b00c301 10008 100 49753 2050461659 25313819 10016852
0b000c01 0b00c701 10006 100 120570 2029606998 46184921 10022790
0b000301 0b00c701 10008 100 277560 2041288242 34515691 10035952
0b000601 0b00c401 10007 100 156672 2048858405 26951380 10025816
0b000a01 0b00cb01 10001 100 4310574 2004552152 71291110 10374080
0b000101 0b00c701 10006 100 38120 2039952029 35936252 10015879
0b000e01 0b00c001 10003 100 21580 2050525261 25385699 10014490
0b000a01 0b00c001 10000 100 64070 2038179458 37745159 10018055
0b000501 0b00cf01 10004 100 63467 2046726727 29243597 10018003
0b000a01 0b00c801 10006 100 83670 2049737373 26249481 10019696
0b000f01 0b00c601 10008 100 150696 2048816827 27190672 10025315
0b000e01 0b00c401 10009 100 80193 2049362742 26691399 10019406
0b000f01 0b00cf01 10007 100 1976 2041448232 34613953 10012845
0b000a01 0b00c801 10005 100 133255 2049442361 26644290 10023854
0b000c01 0b00cf01 10004 100 4162 2032041599 44087219 10013032
0b000d01 0b00cb01 10003 100 747328 2030981478 45149510 10075338
0b000001 0b00cf01 10003 100 69634 2027430111 48706220 10018519
0b000101 0b00c601 10008 100 29099 2038076408 38104536 10015123
0b000201 0b00ca01 10006 100 74975 2037863073 38354119 10018966
0b000101 0b00ca01 10004 100 1610002 2043198582 33043898 10147666
0b000c01 0b00c701 10009 100 29145 2048798719 27481955 10015126
0b000c01 0b00ca01 10011 100 189777 2049136751 27255980 10028591
0b000401 0b00c301 10003 100 1212 2042549981 33875798 10012784
0b000501 0b00ce01 10011 100 16336 2052837348 23590762 10014052
0b000101 0b00cc01 10004 100 3047486 2028963054 47475436 10268183
0b000d01 0b00c701 10005 100 54902 2041230527 35242892 10017283
0b000c01 0b00c001 10007 100 14622 2051944623 24547820 10013907
0b000901 0b00cc01 10003 100 3345517 2034074871 42423740 10293170
0b000601 0b00cf01 10005 100 39607 2041526653 34985842 10016002
0b000b01 0b00c301 10001 100 909 2018946679 57594124 10012756
0b000f01 0b00c601 10002 100 4125099 2011073062 65508477 10358531
0b000701 0b00cd01 10004 100 123541 2049783923 26895192 10023039
0b000201 0b00c201 10004 100 884894 2043614213 33130515 10086869
0b000801 0b00cd01 10003 100 520782 2050476350 26273922 10056343
0b000001 0b00cb01 10005 100 784100 2052000327 24768266 10078422
0b000e01 0b00c101 10001 100 1904477 2015490321 61427711 10172353
0b000801 0b00c401 10010 100 8353 2049833750 27228001 10013382
0b000b01 0b00cc01 10010 100 53780 2053340583 23737460 10017189
0b000f01 0b00c501 10000 100 3943579 2006493284 70627598 10343311
0b000501 0b00c701 10006 100 1490123 2037491108 39648406 10137615
0b000c01 0b00ce01 10015 100 79490 2037824459 39341818 10019346
0b000301 0b00cd01 10009 100 22240 2056538681 20658204 10014547
0b000901 0b00c401 10006 100 35766 2049802232 27404005 10015679
0b000901 0b00c901 10005 100 48148 2049753233 27494042 10016720
0b000401 0b00c001 10007 100 2154 2042434840 34832033 10012863
0b000901 0b00ce01 10008 100 21394 2063103914 14170243 10014476
0b000301 0b00cb01 10002 100 3961336 2008271371 69023406 10344800
0b000e01 0b00c801 10010 100 74008 2040858728 36454232 10018888
0b000f01 0b00c701 10007 100 73015 2049319296 28003516 10018805
0b000601 0b00c001 10003 100 1297 2062004642 15320474 10012791
0b000601 0b00cb01 10008 100 67120 2063421071 13943702 10018310
0b000201 0b00ce01 10006 100 20546 2031737811 45675917 10014404
0b000f01 0b00ce01 10003 100 6739 2041976362 35448427 10013246
0b000e01 0b00ce01 10002 100 316739 2039189186 38275568 10039236
0b000801 0b00c001 10014 100 115821 2050673882 26849638 10022391
0b000101 0b00c701 10008 100 79966 2053175545 24358516 10019384
0b000a01 0b00c701 10006 100 1021974 2037028471 40508744 10098362
0b000901 0b00cf01 10006 100 40889 2054533284 23004153 10016108
0b000c01 0b00c301 10012 100 24948 2062430958 15111868 10014771
0b000801 0b00ce01 10005 100 158322 2031794667 45753671 10025956
0b000d01 0b00c701 10004 100 99086 2038394122 39243347 10020990
0b000d01 0b00c201 10005 100 57440 2052614929 25032244 10017497
0b000c01 0b00ce01 10017 100 66507 2040774489 37007890 10018257
0b000801 0b00c201 10004 100 70414 2042111095 35707612 10018585
0b000301 0b00ca01 10009 100 46636 2050034307 27806412 10016591
0b000701 0b00c001 10008 100 6197 2052751488 25177263 10013202
0b000301 0b00c901 10011 100 84784 2062360452 15577929 10019789
0b000701 0b00ca01 10006 100 56623 2061976760 16018763 10017428
0b000f01 0b00cc01 10005 100 1136 2045426878 32595336 10012778
0b000401 0b00ca01 10007 100 751515 2039228716 38812540 10075688
0b000c01 0b00c201 10009 100 41653 2042728755 35346838 10016173
0b000d01 0b00cb01 10002 100 23637 2030156814 47990087 10014663
0b000801 0b00c201 10005 100 808735 2045297693 32875181 10080485
0b000601 0b00c101 10006 100 2279 2046091745 32103522 10012873
0b000801 0b00c301 10008 100 44403 2063428252 14807956 10016405
0b000001 0b00cf01 10009 100 14315 2050369901 27892301 10013882
0b000301 0b00c201 10010 100 44901 2050163732 28128491 10016444
0b000a01 0b00c801 10008 100 4038 2053555697 24776953 10013022
0b000901 0b00cb01 10002 100 35388 2028691114 49649634 10015649
0b000701 0b00c701 10007 100 2056124 2015545857 62916265 10185068
0b000501 0b00c301 10004 100 449039 2035487515 43070216 10050331
0b000001 0b00c801 10005 100 315434 2058660928 19970396 10039128
0b000c01 0b00cd01 10006 100 52626 2045402173 33235307 10017093
0b000201 0b00ca01 10008 100 20584 2040791361 37848136 10014407
0b000201 0b00c001 10005 100 195143 2052312230 26348593 10029044
0b000201 0b00c901 10005 100 5070649 2018070947 60613142 10437804
0b000f01 0b00c301 10005 100 472510 2040706201 38037655 10052297
0b000a01 0b00c701 10009 100 9099 2055797387 22955614 10013446
0b000201 0b00cc01 10002 100 50128 2021293782 57472421 10016886
0b000801 0b00ce01 10006 100 106887 2035749818 43042745 10021641
0b000501 0b00c101 10016 100 29850 2054475828 24366703 10015183
0b000401 0b00c601 10004 100 63733 2039257453 39601126 10018024
0b000101 0b00c101 10003 100 528845 2035804360 43083415 10057018
0b000e01 0b00c601 10004 100 3812 2031266637 47640672 10013000
0b000401 0b00c601 10006 100 8462 2050314980 28624641 10013391
0b000501 0b00cc01 10010 100 1029090 2054164672 24840160 10098962
0b000e01 0b00c501 10008 100 28614 2051139243 27870574 10015080
0b000301 0b00c101 10008 100 28499 2065575305 13441606 10015071
0b000c01 0b00c301 10009 100 578380 2044231667 34858861 10061173
0b000001 0b00cc01 10006 100 47028 2043072083 36029581 10016626
0b000701 0b00ca01 10002 100 63188 2031897002 47228677 10017980
0b000b01 0b00c601 10004 100 14568 2029746224 49385110 10013903
0b000d01 0b00c301 10006 100 1000709 2042908332 36252228 10096580
0b000d01 0b00cb01 10005 100 26843 2033544926 45684580 10014931
0b000701 0b00c001 10007 100 19679 2043251711 36030593 10014331
0b000501 0b00c501 10003 100 3817923 2019982519 59306930 10332774
0b000501 0b00c501 10011 100 30488 2044828152 34491807 10015238
0b000001 0b00ce01 10014 100 31695 2050128807 29207517 10015338
0b000501 0b00c801 10010 100 60889 2044505770 34832539 10017785
0b000901 0b00c901 10006 100 66389 2065160251 14198909 10018248
0b000401 0b00c601 10005 100 60084 2046076033 33305329 10017720
0b000401 0b00c601 10003 100 54718 2033020620 46409536 10017268
0b000f01 0b00cf01 10008 100 72859 2065315261 14134044 10018789
0b000f01 0b00c401 10009 100 32143 2050873022 28582684 10015378
0b000801 0b00c701 10007 100 57272 2052129960 27408739 10017484
0b000d01 0b00c801 10003 100 1610416 2031081781 48536146 10147699
0b000e01 0b00c801 10014 100 33609 2047945893 31672763 10015499
0b000b01 0b00c901 10004 100 20811 2037120798 42520536 10014425
0b000c01 0b00cc01 10002 100 66267 2051552140 28094722 10018238
0b000301 0b00c001 10002 100 1692284 2038977742 40693330 10154563
0b000c01 0b00c401 10005 100 74059 2053996162 25699328 10018892
0b000c01 0b00c401 10003 100 26928 2042678752 37037054 10014937
0b000201 0b00c401 10005 100 85258 2041385878 38350009 10019830
0b000301 0b00c601 10004 100 747538 2036276164 43496331 10075355
0b000101 0b00c801 10003 100 1708743 2026474659 53321397 10155942
0b000001 0b00c801 10009 100 10240 2065586338 14236705 10013541
0b000801 0b00ca01 10005 100 33913 2035818529 44060595 10015523
0b000801 0b00c101 10003 100 2233657 2027998767 51969861 10199951
0b000901 0b00cd01 10004 100 54006 2054820358 25239566 10017211
0b000c01 0b00c801 10005 100 50280 2042557030 37537633 10016898
0b000a01 0b00cb01 10009 100 5281 2046321364 33783753 10013125
0b000d01 0b00cb01 10004 100 22994 2032032966 48181747 10014607
0b000101 0b00c101 10007 100 71207 2065227533 15055114 10018653
0b000201 0b00ca01 10009 100 170697 2054710548 25590514 10026992
0b000401 0b00c901 10003 100 57017 2021628411 58689576 10017464
0b000701 0b00cb01 10007 100 320646 2019485422 60882759 10039564
0b000201 0b00ce01 10007 100 7246 2032231121 48150618 10013290
0b000e01 0b00cd01 10007 100 8295 2035664311 44751080 10013378
0b000a01 0b00c901 10002 100 1587417 2023424732 57008928 10145771
0b000001 0b00cf01 10008 100 21350 2044760258 35694800 10014472
0b000e01 0b00c401 10010 100 57587 2056417091 24063283 10017509
0b000501 0b00cf01 10001 100 79501 2022344383 58154081 10019347
0b000201 0b00c101 10007 100 23399 2066710178 13887767 10014644
0b000b01 0b00ca01 10005 100 19825 2055473128 25131079 10014342
0b000901 0b00c601 10004 100 82684 2042878627 37730738 10019613
0b000e01 0b00cd01 10009 100 2267 2043871708 36781139 10012872
0b000801 0b00c201 10003 100 938797 2038084863 42587106 10091389
0b000701 0b00ca01 10003 100 40350 2032888108 47892693 10016065
0b000e01 0b00cd01 10011 100 148611 2049019150 31814287 10025141
0b000301 0b00c501 10002 100 10294 2032374116 48492602 10013545
0b000401 0b00c701 10002 100 107281 2033776797 47099411 10021677
0b000801 0b00cc01 10005 100 2973 2059790374 21091617 10012929
0b000701 0b00c401 10004 100 9625 2038929568 41984549 10013488
0b000f01 0b00cb01 10006 100 8362 2044030938 36929745 10013383
0b000701 0b00cf01 10008 100 662199 2045246763 35727030 10068201
0b000401 0b00c601 10001 100 298466 2020760409 60349545 10037705
0b000b01 0b00cb01 10004 100 693514 2042253662 38954657 10070826
0b000701 0b00c501 10005 100 41766 2041827077 39494057 10016182
0b000b01 0b00c701 10003 100 266710 2033736742 47645132 10035042
0b000501 0b00c801 10007 100 1080901 2033270164 48200889 10103303
0b000d01 0b00ce01 10007 100 23642 2034018005 47453078 10014663
0b000401 0b00ca01 10009 100 678 2066436501 15039926 10012738
0b000801 0b00c001 10015 100 15839 2058645401 22860850 10014008
0b000301 0b00cf01 10006 100 46267 2038860586 42662158 10016561
0b000a01 0b00c701 10008 100 21049 2048177872 33350568 10014448
0b000b01 0b00ce01 10005 100 49989 2047731946 33811696 10016871
0b000201 0b00c801 10007 100 407 2052684804 28907935 10012716
0b000a01 0b00cf01 10006 100 170994 2042195099 39406134 10027016
0b000a01 0b00c501 10001 100 14757 2045546070 36082496 10013918
0b000401 0b00c001 10008 100 154238 2048507761 33298952 10025614
0b000801 0b00c301 10003 100 24365 2051103051 30708937 10014725
0b000201 0b00cc01 10004 100 2696044 2033280393 48651856 10238720
0b000f01 0b00cc01 10006 100 189445 2054781320 27216308 10028565
0b000901 0b00c101 10004 100 3426979 2032955193 49075405 10299998
0b000e01 0b00c701 10012 100 1413 2053607411 28471518 10012800
0b000a01 0b00c501 10003 100 166141 2053365056 28714201 10026612
0b000d01 0b00ca01 10005 100 3297 2037900628 44222041 10012959
0b000001 0b00cf01 10014 100 133659 2065586012 16575474 10023887
0b000301 0b00c201 10008 100 44480 2044241984 37937552 10016411
0b000f01 0b00c801 10006 100 936219 2046049211 36134108 10091175
0b000a01 0b00c301 10008 100 7585 2057019568 25190782 10013317
0b000e01 0b00c601 10006 100 44581 2034842558 47453157 10016419
0b000a01 0b00c701 10004 100 1628147 2020553751 61857808 10149187
0b000f01 0b00cd01 10009 100 124888 2052247701 30300354 10023151
0b000e01 0b00c501 10007 100 6872 2034472269 48172277 10013256
0b000e01 0b00c201 10006 100 171489 2046613021 36083288 10027059
0b000b01 0b00cb01 10005 100 49417 2045927972 36819572 10016825
0b000501 0b00cf01 10008 100 19650 2056582182 26180299 10014328
0b000901 0b00c501 10006 100 3204906 2039637497 43168920 10281379
0b000401 0b00ce01 10010 100 445261 2046267585 36649276 10050013
0b000101 0b00c501 10004 100 2077168 2031418398 51506881 10186832
0b000501 0b00c701 10007 100 42814 2050193697 32790801 10016270
0b000301 0b00c801 10007 100 45241 2048762351 34275182 10016475
0b000d01 0b00c201 10006 100 237666 2056387700 26715389 10032607
0b000201 0b00ce01 10008 100 16570 2045451304 37690449 10014070
0b000e01 0b00cd01 10008 100 991028 2041336550 41827152 10095771
0b000101 0b00c501 10007 100 123713 2044182066 38985587 10023053
0b000b01 0b00c001 10006 100 8050 2047876856 35334259 10013358
0b000d01 0b00c301 10008 100 142622 2058100036 25173866 10024638
0b000a01 0b00ca01 10006 100 1016134 2034233592 49090094 10097876
0b000001 0b00ca01 10005 100 25315 2054020304 29341028 10014805
0b000801 0b00c101 10005 100 65746 2036387496 46994253 10018193
0b000501 0b00c101 10013 100 40240 2044872827 38516324 10016056
0b000401 0b00c301 10008 100 21946 2060047885 23403235 10014520
0b000701 0b00ce01 10008 100 73897 2049296471 34155251 10018875
0b000001 0b00c401 10007 100 166924 2059510670 23941077 10026675
0b000001 0b00ce01 10011 100 20784 2047324462 36128254 10014423
0b000601 0b00cc01 10006 100 1330476 2026787661 56778393 10124229
0b000901 0b00cb01 10007 100 62300 2056717873 26866195 10017905
0b000901 0b00c201 10007 100 26965 2058308894 25298401 10014940
0b000501 0b00c101 10012 100 40342 2043959826 39664518 10016064
0b000c01 0b00ca01 10012 100 31540 2060334227 23301819 10015326
0b000a01 0b00c501 10006 100 77513 2069390572 14268260 10019180
0b000901 0b00c301 10007 100 1707143 2042616717 41065165 10155810
0b000b01 0b00c501 10007 100 458010 2034211539 49568240 10051083
0b000a01 0b00ca01 10004 100 564223 2031276540 52518035 10059987
0b000101 0b00c001 10010 100 17416 2046451709 37381339 10014142
0b000101 0b00c001 10006 100 851301 2037693260 46158539 10084055
0b000401 0b00c501 10013 100 871031 2050604007 33254978 10085710
0b000f01 0b00ce01 10006 100 31629 2054869946 29010524 10015333
0b000b01 0b00c201 10004 100 1329203 2038066837 45818130 10124123
0b000b01 0b00cf01 10008 100 7265 2049075207 34860411 10013291
0b000b01 0b00cf01 10009 100 66793 2056206321 27738137 10018280
0b000601 0b00cf01 10006 100 3357 2046392761 37566406 10012963
0b000801 0b00c501 10003 100 24052 2049342364 34661581 10014700
0b000001 0b00c601 10001 100 3615186 2021053884 62972630 10315780
0b000501 0b00c401 10007 100 74561 2056150083 27939138 10018932
0b000801 0b00c101 10009 100 24091 2069429856 14767532 10014703
0b000301 0b00c901 10012 100 43498 2062852722 21402590 10016328
0b000901 0b00c201 10008 100 33300 2061827576 22441121 10015474
0b000701 0b00c901 10005 100 454 2071647825 12626286 10012720
0b000901 0b00c801 10005 100 1369392 2047798869 36540392 10127492
0b000401 0b00c101 10005 100 2507 2055218308 29133237 10012892
0b000c01 0b00ce01 10014 100 1724501 2032489437 51884960 10157264
0b000a01 0b00c401 10010 100 136485 2047383797 37051882 10024124
0b000901 0b00cb01 10008 100 27873 2057381674 27082343 10015017
0b000501 0b00c301 10007 100 8936 2051474009 33034742 10013429
0b000601 0b00cc01 10007 100 1439704 2031362484 53176069 10133385
0b000601 0b00cf01 10009 100 6849 2063744897 20795279 10013254
0b000101 0b00cb01 10003 100 160340 2035863044 48713071 10026125
0b000301 0b00c601 10008 100 286197 2052638613 31945796 10036677
0b000a01 0b00c901 10005 100 891576 2043270139 41426858 10087431
0b000901 0b00c201 10006 100 17842 2049786786 34994051 10014176
0b000501 0b00cf01 10006 100 1455 2047275189 37622027 10012804
0b000301 0b00c401 10009 100 29360 2070887127 14024419 10015144
0b000201 0b00c901 10009 100 5999 2055528801 29384072 10013182
0b000801 0b00cb01 10007 100 57288 2049387868 35537454 10017485
0b000001 0b00c701 10005 100 61810 2069721121 15210063 10017862
0b000801 0b00c201 10007 100 45345 2055593591 29382828 10016484
0b000601 0b00ca01 10005 100 77431 2048217805 36794417 10019174
0b000a01 0b00c401 10011 100 2080 2048655248 36398461 10012857
0b000801 0b00c201 10008 100 2708 2058130454 26927190 10012908
0b000101 0b00c501 10006 100 48168 2035787508 49408857 10016721
0b000e01 0b00c201 10011 100 28795 2071012899 14286872 10015094
0b000d01 0b00c601 10007 100 59649 2063511173 21831312 10017682
0b000301 0b00c201 10004 100 854756 2029245620 56103792 10084343
0b000a01 0b00c301 10010 100 20835 2063530768 21828806 10014427
0b000901 0b00cc01 10007 100 32710 2060180401 25214722 10015423
0b000701 0b00cc01 10009 100 31698 2053613438 31813344 10015338
0b000901 0b00c801 10003 100 36349 2040119057 45321515 10015730
0b000201 0b00c301 10005 100 612691 2053037552 32415854 10064049
0b000c01 0b00cd01 10008 100 27027 2048042677 37493317 10014949
0b000e01 0b00cb01 10005 100 31297 2062256536 23340535 10015306
0b000d01 0b00cb01 10006 100 184608 2041344366 44274155 10028159
0b000301 0b00c301 10004 100 8852 2048117811 37551021 10013422
0b000101 0b00ca01 10006 100 593200 2065324409 20396086 10062416
0b000a01 0b00c201 10004 100 3054137 2018446058 67280359 10268742
0b000801 0b00c601 10007 100 4298 2072794157 12951730 10013043
0b000501 0b00c601 10007 100 18951 2051301889 34448109 10014269
0b000d01 0b00cf01 10007 100 709008 2031302548 54458241 10072127
0b000701 0b00c401 10006 100 63021 2048603840 37162272 10017967
0b000201 0b00cc01 10003 100 2339516 2027094742 58785253 10208826
0b000401 0b00c901 10000 100 5815528 2005628704 80306769 10500255
0b000701 0b00c901 10001 100 73745 2034464943 51471620 10018863
0b000b01 0b00c901 10007 100 2573 2059566525 26449234 10012897
0b000601 0b00c401 10006 100 127400 2047996527 38120766 10023363
0b000601 0b00cc01 10009 100 46922 2045786741 40334017 10016614
0b000f01 0b00c101 10008 100 1874428 2037247123 48888961 10169834
0b000c01 0b00ca01 10010 100 25246 2048824417 37334576 10014799
0b000901 0b00cd01 10007 100 1114 2057275617 29063672 10012776
0b000c01 0b00ce01 10019 100 102872 2049794646 36555559 10021305
0b000301 0b00c801 10008 100 37572 2050715579 35692781 10015831
0b000d01 0b00c401 10005 100 8811 2039573996 46855776 10013419
0b000201 0b00c201 10005 100 135114 2050828134 35637913 10024011
0b000601 0b00cf01 10008 100 403622 2049928486 36547250 10046521
0b000901 0b00cc01 10004 100 280 2050050823 36442524 10012706
0b000101 0b00cd01 10006 100 582802 2053877795 32615635 10061542
0b000c01 0b00ce01 10021 100 56636 2063062872 23550552 10017429
0b000a01 0b00cc01 10011 100 30095 2059461306 27157387 10015206
0b000901 0b00cc01 10005 100 3619 2051704131 34950688 10012984
0b000601 0b00cc01 10012 100 17083 2053971935 32710319 10014115
0b000801 0b00ce01 10008 100 77303 2050362054 36368497 10019163
0b000d01 0b00c901 10002 100 589618 2036465154 50335008 10062115
0b000401 0b00c301 10004 100 189188 2046722893 40103671 10028544
0b000501 0b00c201 10004 100 318491 2065573639 21270275 10039384
0b000401 0b00cb01 10008 100 755958 2056227407 30684862 10076059
0b000b01 0b00c001 10004 100 635840 2026488871 60425609 10065989
0b000601 0b00ce01 10005 100 74804 2027877747 59064374 10018952
0b000301 0b00c001 10003 100 9635 2047572184 39391988 10013489
0b000401 0b00c001 10006 100 1664879 2020723826 66325900 10152263
0b000e01 0b00ce01 10001 100 3636293 2014248539 72810647 10317549
0b000a01 0b00c901 10003 100 1858711 2024283061 62814573 10168515
0b000001 0b00c601 10004 100 45959 2057959169 29170612 10016533
0b000201 0b00c401 10003 100 58415 2036957275 50173663 10017579
0b000901 0b00ce01 10004 100 1851570 2041746698 45451263 10167917
0b000f01 0b00cb01 10007 100 41561 2049532721 37671065 10016166
0b000e01 0b00c001 10004 100 49256 2051589760 35650195 10016812
0b000901 0b00c101 10005 100 4446818 2038116534 49124495 10385501
0b000601 0b00c901 10009 100 27470 2059391198 27857218 10014985
0b000b01 0b00cb01 10006 100 122143 2059822308 27598100 10022923
0b000101 0b00c201 10006 100 65634 2065225746 22199287 10018184
0b000e01 0b00c601 10011 100 54309 2059258461 28223155 10017235
0b000501 0b00ce01 10000 100 4481456 2011508032 76069774 10388407
0b000f01 0b00c401 10005 100 29857 2041969149 45656080 10015183
0b000101 0b00cd01 10004 100 19955 2041828708 45815004 10014353
0b000001 0b00c101 10002 100 62928 2029703925 57949791 10017956
0b000d01 0b00c501 10007 100 26142 2066289123 21428476 10014875
0b000101 0b00cb01 10004 100 1964289 2035932137 51799529 10177368
0b000101 0b00c001 10007 100 41275 2041661429 46085226 10016143
0b000501 0b00ca01 10004 100 1448538 2034900368 52864425 10134127
0b000e01 0b00cb01 10006 100 24572 2062426832 25434659 10014741
0b000801 0b00c401 10004 100 3666147 2026776805 61115846 10320053
0b000901 0b00c401 10007 100 75073 2050492934 37442851 10018977
0b000901 0b00c901 10004 100 4971 2040123122 47960769 10013096
0b000701 0b00ce01 10007 100 70564 2047506117 40651801 10018597
0b000d01 0b00cc01 10008 100 70904 2050852217 37402007 10018624
0b000901 0b00c501 10007 100 29823 2049127642 39152966 10015181
0b000b01 0b00c301 10004 100 929276 2049841618 38687891 10090593
0b000c01 0b00cf01 10003 100 21302 2030356926 58241602 10014468
0b000501 0b00c101 10008 100 25966 2029530289 59117460 10014857
0b000c01 0b00c401 10004 100 277017 2050071683 38592862 10035908
0b000701 0b00ce01 10009 100 5653 2053471041 35203035 10013155
0b000e01 0b00cc01 10003 100 1680654 2030785676 57911577 10153587
0b000c01 0b00c801 10007 100 156220 2049134978 39654078 10025780
0b000401 0b00cc01 10000 100 938253 2045282900 43576565 10091346
0b000401 0b00cb01 10006 100 146796 2053319092 35563480 10024988
0b000d01 0b00c101 10003 100 4750 2052399585 36496949 10013079
0b000701 0b00c801 10008 100 7269 2042511594 46515509 10013292
0b000401 0b00c501 10014 100 3635 2051512284 37543096 10012986
0b000001 0b00c401 10008 100 69284 2060002295 29086722 10018491
0b000101 0b00c901 10001 100 10671 2048864480 40280245 10013575
0b000201 0b00c901 10010 100 697076 2065168943 24068734 10071126
0b000501 0b00c601 10004 100 1212009 2037686111 51580049 10114298
0b000e01 0b00cd01 10013 100 18648 2063913391 25352882 10014244
0b000a01 0b00c101 10005 100 954578 2041243268 48029223 10092713
0b000901 0b00cf01 10008 100 1117531 2057566700 31723458 10106375
0b000101 0b00c401 10009 100 45132 2054639273 34656988 10016467
0b000001 0b00cf01 10012 100 27233 2060920167 28391654 10014966
0b000f01 0b00c401 10008 100 79961 2048177238 41177975 10019384
0b000001 0b00c301 10005 100 86275 2054785589 34572084 10019916
0b000501 0b00c401 10005 100 41493 2052493382 36866673 10016160
0b000f01 0b00c501 10009 100 12202 2064332567 25033167 10013706
0b000d01 0b00cb01 10010 100 76629 2074430709 14947484 10019106
0b000d01 0b00cc01 10001 100 2842170 2023851130 65581352 10250970
0b000801 0b00ce01 10009 100 810776 2051130721 38302742 10080656
0b000501 0b00c301 10008 100 7955 2064965472 24496065 10013347
0b000201 0b00c501 10006 100 805495 2043506609 45970671 10080214
0b000501 0b00c101 10015 100 1457959 2050403402 39098137 10134915
0b000001 0b00ce01 10016 100 86700 2054306069 35208983 10019950
0b000a01 0b00cc01 10007 100 1422495 2035291186 54246395 10131943
0b000a01 0b00c201 10008 100 3286 2054966320 34710640 10012958
0b000e01 0b00c001 10006 100 233084 2063259963 26419308 10032225
0b000a01 0b00c001 10001 100 39112 2041857460 47863425 10015962
0b000e01 0b00c601 10012 100 7722 2059655188 30091300 10013328
0b000b01 0b00c101 10005 100 28899 2059949226 29900854 10015103
0b000c01 0b00ce01 10002 100 3825878 2006565786 83311814 10333442
0b000a01 0b00cf01 10007 100 639184 2054635454 35299268 10066272
0b000c01 0b00c401 10006 100 893 2057360302 32591153 10012755
0b000d01 0b00c701 10008 100 63774 2054515245 35438383 10018027
0b000c01 0b00c101 10008 100 74025 2051635935 38368544 10018890
0b000a01 0b00c301 10007 100 25934 2054809062 35240827 10014854
0b000101 0b00ce01 10009 100 315249 2062672361 27531250 10039113
0b000301 0b00c501 10005 100 21017 2058751345 31495279 10014445
0b000201 0b00cd01 10012 100 2903 2053842980 36438539 10012923
0b000a01 0b00c401 10008 100 525 2046331793 44056311 10012725
0b000601 0b00ca01 10007 100 8209 2059173656 31301208 10013371
0b000301 0b00cb01 10009 100 23703 2057751576 32735831 10014668
0b000101 0b00c101 10006 100 836186 2059988146 30499307 10082788
0b000401 0b00cb01 10007 100 56598 2054680976 35835012 10017426
0b000701 0b00cb01 10012 100 51567 2054241606 36277175 10017005
0b000901 0b00c601 10005 100 687247 2057428192 33098299 10070301
0b000e01 0b00cc01 10005 100 25456 2063339216 27250085 10014816
0b000f01 0b00c301 10008 100 307084 2051109601 39498236 10038429
0b000601 0b00cc01 10010 100 27359 2047973224 42693269 10014976
0b000f01 0b00c901 10007 100 18699 2053263638 37408174 10014248
0b000601 0b00c701 10004 100 5825 2056244283 34451595 10013169
0b000001 0b00cf01 10013 100 31132 2063549264 27149883 10015293
0b000401 0b00c301 10007 100 1241 2053536927 37169508 10012786
0b000601 0b00c801 10008 100 62248 2057017350 33718168 10017901
0b000001 0b00c201 10009 100 50578 2063633267 27120066 10016922
0b000e01 0b00cf01 10007 100 5235 2060972034 29792583 10013121
0b000801 0b00c501 10004 100 141772 2054188072 36589502 10024567
0b000c01 0b00c101 10007 100 3161 2048374793 42407943 10012948
0b000c01 0b00c801 10006 100 178302 2046104843 44697254 10027631
0b000301 0b00ca01 10014 100 342843 2071713980 19112596 10041424
0b000a01 0b00c601 10002 100 7772 2053981188 36976620 10013332
0b000101 0b00ca01 10009 100 115633 2074967468 16008159 10022376
0b000201 0b00c801 10009 100 2960 2062821714 28162643 10012928
0b000b01 0b00c801 10006 100 23056 2060999622 29993694 10014616
0b000401 0b00ce01 10011 100 14476 2053548503 37503575 10013895
0b000001 0b00c601 10006 100 6133 2077714245 13346171 10013197
0b000c01 0b00c501 10003 100 45992 2045538892 45592124 10016536
0b000201 0b00cf01 10007 100 16918 2062870633 28291480 10014098
0b000501 0b00cd01 10007 100 3765 2060064784 31167342 10012996
0b000e01 0b00cd01 10015 100 76588 2075881863 15354869 10019102
0b000501 0b00c401 10003 100 156350 2034187221 57079267 10025790
0b000401 0b00c901 10009 100 105717 2057403475 33864717 10021544
0b000601 0b00c501 10010 100 43308 2057684998 33590828 10016313
0b000101 0b00cc01 10007 100 8381 2053737182 37576461 10013385
0b000a01 0b00c901 10009 100 12038 2061808361 29566339 10013692
0b000d01 0b00c401 10007 100 2284 2066163812 25215901 10012874
0b000f01 0b00c601 10004 100 2798621 2025185970 66295064 10247317
0b000c01 0b00ce01 10027 100 46157 2076603968 14908393 10016553
0b000901 0b00ca01 10007 100 27077 2061875107 29674774 10014953
0b000901 0b00cb01 10006 100 6699 2056643696 35043266 10013242
0b000e01 0b00cd01 10012 100 35334 2056599368 35088243 10015644
0b000401 0b00ca01 10011 100 62961 2078183944 13509258 10017958
0b000901 0b00c101 10006 100 68781 2044235937 47467709 10018447
0b000101 0b00ce01 10006 100 1219875 2051974278 39777878 10114954
0b000001 0b00c901 10005 100 40458 2064641280 27135301 10016074
0b000b01 0b00c601 10008 100 77383 2043571006 48219736 10019170
0b000c01 0b00c901 10006 100 40435 2062250612 29597133 10016072
0b000701 0b00cf01 10007 100 51584 2045148952 46731928 10017006
0b000701 0b00c301 10009 100 3698 2064898427 27042029 10012991
0b000f01 0b00cd01 10011 100 44062 2062606302 29451714 10016377
0b000601 0b00ca01 10003 100 6381 2046836242 45229475 10013217
0b000501 0b00c701 10012 100 35222 2068352122 23798673 10015636
0b000501 0b00c801 10008 100 1930859 2034058040 58179967 10174563
0b000a01 0b00c601 10001 100 22811 2053811211 38447124 10014593
0b000b01 0b00c701 10004 100 8150 2048107778 44249783 10013366
0b000901 0b00c401 10008 100 924822 2052679115 39688275 10090217
0b000701 0b00c101 10006 100 40921 2046077324 46417822 10016111
0b000c01 0b00c101 10013 100 14026 2078345501 14173712 10013859
0b000201 0b00c501 10008 100 54242 2066010352 26524171 10017230
0b000801 0b00cc01 10006 100 129705 2061343250 31263456 10023555
0b000801 0b00cf01 10004 100 130693 2054365520 38283300 10023638
0b000b01 0b00c701 10006 100 18858 2049426121 43287815 10014261
0b000f01 0b00cd01 10008 100 27260 2049882852 42887100 10014968
0b000001 0b00cc01 10002 100 593773 2027604351 65272145 10062462
0b000a01 0b00ca01 10009 100 24357 2055732304 37151825 10014724
0b000101 0b00cb01 10005 100 549737 2042390870 50533492 10058770
0b000301 0b00cb01 10008 100 72802 2047170556 45846565 10018784
0b000901 0b00cc01 10006 100 18522 2054122331 38904534 10014234
0b000a01 0b00c101 10002 100 522006 2029192113 63872081 10056448
0b000c01 0b00c601 10004 100 1191246 2040327702 52758802 10112556
0b000301 0b00cf01 10009 100 1505 2064039574 29096940 10012808
0b000c01 0b00c501 10005 100 120271 2065993992 27160541 10022766
0b000301 0b00c401 10007 100 3112 2067510089 25657828 10012944
0b000201 0b00cd01 10013 100 165189 2055728060 37473627 10026532
0b000701 0b00c901 10003 100 9198 2050645590 42586081 10013454
0b000f01 0b00c001 10005 100 5228 2046805844 46446253 10013121
0b000d01 0b00cb01 10009 100 22271 2071321467 21944521 10014550
0b000601 0b00cd01 10009 100 1444339 2040538934 52737947 10133775
0b000501 0b00c501 10009 100 43946 2036952938 56330157 10016364
0b000201 0b00ca01 10010 100 704758 2069720291 23594576 10071767
0b000c01 0b00c901 10004 100 306334 2051899083 41420088 10038365
0b000501 0b00cd01 10005 100 29257 2058470316 34873757 10015135
0b000b01 0b00cd01 10007 100 53394 2044648142 48713421 10017158
0b000d01 0b00c601 10008 100 65333 2069941093 23452620 10018160
0b000b01 0b00c601 10011 100 33823 2059840836 33606005 10015516
0b000301 0b00c301 10006 100 398196 2052593610 40860401 10046067
0b000901 0b00c001 10009 100 63082 2067019839 26475920 10017972
0b000f01 0b00ca01 10007 100 59124 2062339124 31176900 10017640
0b000f01 0b00c601 10009 100 28692 2056052417 37530136 10015086
0b000801 0b00c801 10009 100 58418 2066797129 26801606 10017580
0b000e01 0b00c401 10013 100 146109 2068094635 25581075 10024933
0b000101 0b00c101 10004 100 27455 2055912237 37766898 10014983
0b000901 0b00c101 10007 100 7276 2058400542 35358607 10013292
0b000801 0b00c701 10005 100 2211339 2043866641 49947058 10198081
0b000c01 0b00cc01 10004 100 7371 2068239306 25579755 10013300
0b000801 0b00c701 10006 100 13582 2046553224 47301853 10013820
0b000101 0b00ce01 10011 100 12444 2071889454 21990935 10013725
0b000601 0b00c001 10006 100 1518 2078904175 15091464 10012809
0b000f01 0b00c101 10011 100 13369 2065254379 28765058 10013803
0b000a01 0b00c401 10013 100 68277 2062702285 31321755 10018407
0b000f01 0b00c601 10010 100 27162 2067168706 26860480 10014960
0b000201 0b00c401 10009 100 38609 2071643196 22450215 10015918
0b000b01 0b00cc01 10013 100 28274 2078034774 16069327 10015053
0b000d01 0b00c701 10006 100 61838 2044735057 49421887 10017865
0b000d01 0b00c701 10001 100 2950049 2018641451 75555100 10260015
0b000f01 0b00c801 10008 100 173032 2057162731 37036785 10027190
0b000601 0b00c101 10011 100 50734 2070559205 23644553 10016934
0b000b01 0b00c201 10001 100 3692402 2020449807 73762414 10322253
0b000a01 0b00cd01 10008 100 217243 2061234354 33015157 10030896
0b000801 0b00c401 10009 100 10508 2049641149 44616334 10013562
0b000101 0b00ca01 10010 100 38487 2080416153 13879311 10015908
0b000901 0b00ca01 10006 100 56680 2057411563 37013393 10017433
0b000801 0b00cf01 10006 100 85630 2070533471 23974982 10019860
0b000f01 0b00c301 10007 100 755353 2044721644 49923385 10076011
0b000101 0b00cb01 10008 100 99219 2059597106 35051292 10021001
0b000001 0b00c101 10004 100 167206 2033692582 61010397 10026701
0b000301 0b00c601 10009 100 1134 2060279223 34432130 10012778
0b000001 0b00c901 10004 100 3787 2064593551 30127239 10012998
0b000b01 0b00c001 10008 100 41625 2064263632 30480916 10016171
0b000b01 0b00c801 10008 100 78760 2072980613 21796313 10019284
0b000301 0b00c201 10009 100 23383 2048820005 45973760 10014642
0b000a01 0b00cb01 10010 100 850 2046849089 47948466 10012751
0b000a01 0b00c301 10006 100 14896 2051851523 42964158 10013929
0b000e01 0b00c401 10011 100 6792 2059659250 35175308 10013250
0b000701 0b00cf01 10013 100 89231 2068995053 25910214 10020164
0b000001 0b00c501 10003 100 76673 2044649510 50314084 10019109
0b000d01 0b00ce01 10012 100 736359 2069130910 25875973 10074418
0b000e01 0b00c901 10002 100 18751 2048134838 46888807 10014253
0b000401 0b00c701 10001 100 1871387 2027990066 67052900 10169579
0b000a01 0b00c801 10010 100 63215 2068812266 26241712 10017982
0b000701 0b00c901 10004 100 415501 2052418923 42648664 10047517
0b000d01 0b00c101 10007 100 21379 2081005226 14138858 10014474
0b000401 0b00c701 10005 100 620490 2056268623 38908225 10064703
0b000701 0b00c401 10008 100 49050 2071342168 23860229 10016796
0b000301 0b00c401 10008 100 173172 2070624677 24580363 10027201
0b000c01 0b00cc01 10005 100 9895 2069712535 25509898 10013510
0b000901 0b00cd01 10005 100 76049 2056211128 39016712 10019059
0b000d01 0b00ce01 10010 100 572839 2063975194 31301560 10060707
0b000001 0b00c301 10006 100 6826 2057877189 37423520 10013252
0b000201 0b00c801 10008 100 19423 2054250971 41187071 10014310
0b000b01 0b00cf01 10007 100 52282 2046530452 48913582 10017066
0b000801 0b00c101 10007 100 31992 2058463086 37040084 10015362
0b000401 0b00ce01 10012 100 19776 2060680157 34906882 10014338
0b000801 0b00c201 10010 100 30135 2058452055 37135867 10015209
0b000b01 0b00c101 10006 100 3678 2065861282 29733846 10012989
0b000801 0b00cd01 10004 100 2736 2062336673 33271596 10012910
0b000601 0b00c601 10008 100 1235031 2043448111 52163883 10116228
0b000f01 0b00c101 10010 100 38345 2052645781 42985311 10015897
0b000201 0b00ce01 10011 100 79328 2072614489 23032980 10019333
0b000101 0b00c601 10009 100 71615 2057149518 38624789 10018685
0b000a01 0b00cf01 10009 100 19451 2065736564 30040916 10014312
0b000201 0b00c201 10006 100 101621 2072715813 23076266 10021201
0b000701 0b00c201 10009 100 1496 2075267234 20586157 10012807
0b000c01 0b00ce01 10007 100 1724219 2016244503 79610786 10157241
0b000301 0b00ce01 10005 100 24246 2065997497 29864602 10014715
0b000501 0b00cc01 10012 100 29433 2058371993 37656615 10015149
0b000c01 0b00ce01 10023 100 782 2066849860 29182092 10012746
0b000501 0b00cf01 10005 100 249922 2047053529 49033212 10033633
0b000d01 0b00cc01 10007 100 1252120 2044291116 51830196 10117661
0b000d01 0b00c201 10007 100 36046 2058407133 37738353 10015705
0b000001 0b00c401 10005 100 3493 2050227986 45932223 10012974
0b000301 0b00c701 10011 100 362324 2065519183 30660502 10043059
0b000001 0b00cd01 10002 100 798472 2052641819 43579441 10079625
0b000701 0b00cf01 10010 100 197587 2058409751 37899739 10029247
0b000d01 0b00c801 10007 100 20683 2065126868 31205403 10014415
0b000101 0b00cd01 10008 100 26120 2058901269 37470689 10014873
0b000701 0b00c201 10004 100 1267949 2050735421 45646661 10118985
0b000401 0b00c701 10003 100 74829 2050323205 46059172 10018954
0b000701 0b00ca01 10008 100 28774 2080363891 16029768 10015093
0b000401 0b00c501 10012 100 27240 2046167526 50268295 10014966
0b000101 0b00cc01 10008 100 978981 2054300553 42192531 10094757
0b000501 0b00cd01 10006 100 32293 2059653385 36840340 10015390
0b000c01 0b00c501 10007 100 21066 2070641532 25923862 10014449
0b000801 0b00c201 10013 100 187496 2063796646 32895711 10028401
0b000d01 0b00ca01 10007 100 89223 2060813689 35959953 10020163
0b000e01 0b00ca01 10006 100 529348 2045061920 51804391 10057063
0b000201 0b00c401 10006 100 391122 2064897735 32006246 10045475
0b000a01 0b00c101 10003 100 1064535 2033939435 62993013 10101932
0b000501 0b00c901 10005 100 48128 2050151023 46818816 10016718
0b000a01 0b00cc01 10013 100 14702 2070368301 26613257 10013913
0b000601 0b00c001 10002 100 41119 2060848743 36170840 10016130
0b000e01 0b00c301 10002 100 2668869 2023599738 73453630 10236438
0b000201 0b00cb01 10006 100 418240 2046517430 50556001 10047748
0b000801 0b00c001 10011 100 1814521 2042957601 54119717 10164811
0b000c01 0b00c501 10008 100 55661 2073829396 23260644 10017347
0b000301 0b00c101 10006 100 74267 2060866244 36249407 10018909
0b000c01 0b00c401 10007 100 37260 2057922145 39236350 10015806
0b000a01 0b00c901 10008 100 27992 2059373830 37789620 10015026
0b000701 0b00c201 10005 100 962972 2055125680 42042409 10093415
0b000001 0b00c801 10010 100 21631 2067022644 30157785 10014494
0b000201 0b00c901 10011 100 83817 2066398905 30825112 10019707
0b000a01 0b00c301 10011 100 63576 2066275996 30985445 10018011
0b000601 0b00cc01 10014 100 27089 2065752242 31539621 10014954
0b000501 0b00c301 10006 100 4830 2051246984 46049131 10013085
0b000401 0b00cb01 10004 100 17770 2047526182 49812260 10014170
0b000501 0b00c601 10010 100 36658 2072112650 25280504 10015754
0b000001 0b00ce01 10015 100 6148 2051316713 46083611 10013198
0b000001 0b00ca01 10010 100 6959 2083677312 13727624 10013263
0b000a01 0b00c001 10003 100 65407 2058991193 38454666 10018166
0b000d01 0b00c901 10003 100 49582 2070820789 26627931 10016838
0b000201 0b00c001 10004 100 24120 2051786498 45698504 10014705
0b000b01 0b00c001 10010 100 810 2072702662 24849755 10012748
0b000a01 0b00cb01 10013 100 17196 2066828699 30734306 10014124
0b000801 0b00c801 10008 100 25931 2061784767 35818251 10014854
0b000e01 0b00cb01 10007 100 25096 2075016762 22603529 10014787
0b000801 0b00c501 10006 100 31452 2074265556 23375280 10015319
0b000a01 0b00c801 10007 100 57889 2049856945 47802197 10017533
0b000f01 0b00cd01 10012 100 6494 2071986324 25706575 10013226
0b000501 0b00cc01 10013 100 68779 2060139402 37557413 10018447
0b000601 0b00c201 10010 100 12483 2074521902 23228621 10013728
0b000501 0b00cc01 10009 100 1632975 2045678978 52100601 10149588
0b000401 0b00cc01 10002 100 4350 2055608000 42228984 10013047
0b000001 0b00c601 10003 100 28413 2041669076 56193683 10015064
0b000301 0b00c801 10009 100 1340275 2052101305 45853370 10125051
0b000501 0b00cf01 10003 100 225137 2044917034 53069739 10031558
0b000d01 0b00c201 10002 100 637121 2044842012 53197267 10066099
0b000901 0b00c301 10010 100 43795 2061287581 36763987 10016352
0b000001 0b00cc01 10004 100 3138954 2031749544 66305025 10275850
0b000701 0b00cf01 10003 100 2026420 2025350281 72739688 10182577
0b000401 0b00cd01 10007 100 2071 2047896941 50233739 10012857
0b000501 0b00c501 10001 100 7279802 2008001358 90130020 10623019
0b000101 0b00cf01 10007 100 27258 2060929336 37217644 10014968
0b000101 0b00c001 10011 100 57990 2058986403 39163667 10017541
0b000d01 0b00c801 10009 100 8591 2076412066 21740203 10013401
0b000c01 0b00c701 10010 100 8725 2048992585 49163305 10013412
0b000101 0b00c401 10011 100 6069 2075766885 22459077 10013192
0b000701 0b00c901 10002 100 662397 2043338310 54891674 10068217
0b000f01 0b00c501 10008 100 1172032 2052119498 46122910 10110946
0b000d01 0b00c601 10006 100 30023 2051438391 46819046 10015200
0b000101 0b00ca01 10008 100 2822 2068083112 30187444 10012917
0b000d01 0b00c201 10001 100 1653800 2034296637 63982497 10151335
0b000d01 0b00c001 10006 100 73050 2055879914 42476744 10018808
0b000c01 0b00c001 10003 100 1901870 2023228007 75280593 10172133
0b000401 0b00c901 10010 100 746311 2059235858 39273461 10075253
0b000701 0b00c101 10007 100 45668 2059764525 38750076 10016510
0b000d01 0b00ca01 10009 100 54265 2071934709 26593981 10017232
0b000a01 0b00ce01 10006 100 74014 2072778586 25803318 10018889
0b000801 0b00cb01 10009 100 46097 2061619911 36990389 10016548
0b000e01 0b00c601 10009 100 1268199 2039674817 58937790 10119008
0b000b01 0b00c801 10005 100 8738 2057512235 41121998 10013413
0b000901 0b00cb01 10004 100 14525 2050232797 48491690 10013899
0b000601 0b00c501 10013 100 6269 2063869189 34863441 10013208
0b000401 0b00c601 10002 100 1070816 2032535772 66219685 10102457
0b000601 0b00c101 10005 100 1135966 2042835521 55995833 10107919
0b000301 0b00c301 10005 100 940 2052012792 46871154 10012759
0b000d01 0b00c401 10008 100 374758 2070908365 28052028 10044100
0b000a01 0b00c701 10011 100 28882 2062160951 36860106 10015101
0b000301 0b00cd01 10011 100 36826 2075818211 23224332 10015768
0b000901 0b00c501 10010 100 53587 2063272067 35782075 10017174
0b000e01 0b00c901 10004 100 4312 2063814537 35246657 10013044
0b000b01 0b00cb01 10008 100 7887 2074032875 25030276 10013341
0b000f01 0b00c001 10008 100 27492 2073144152 25940878 10014986
0b000201 0b00c301 10007 100 64965 2061584003 37505135 10018126
0b000001 0b00cf01 10011 100 890567 2059603011 39514008 10087346
0b000c01 0b00cb01 10006 100 7655 2056708153 42539403 10013323
0b000801 0b00ce01 10011 100 8832 2062779772 36479708 10013421
0b000001 0b00c301 10007 100 22015 2063720543 35550766 10014529
0b000701 0b00c101 10005 100 18036 2043279597 55998089 10014195
0b000b01 0b00c901 10011 100 3151 2079181042 20102586 10012947
0b000801 0b00c901 10008 100 14967 2086557609 12732946 10013934
0b000301 0b00c901 10013 100 24819 2069020078 30275095 10014761
0b000b01 0b00ce01 10010 100 14707 2065182800 34166069 10013914
0b000101 0b00c701 10005 100 3291755 2031366119 68009231 10288661
0b000601 0b00c501 10011 100 29542 2061358819 38036230 10015158
0b000501 0b00cf01 10009 100 19392 2074628263 25012657 10014308
0b000601 0b00c801 10004 100 853173 2037727473 61920251 10084213
0b000001 0b00cb01 10009 100 37960 2077430870 22264238 10015862
0b000d01 0b00cc01 10013 100 194229 2082939903 16757656 10028967
0b000201 0b00ce01 10012 100 46281 2085005774 14701479 10016562
0b000001 0b00c801 10007 100 47338 2064250305 35461588 10016651
0b000301 0b00cd01 10008 100 112185 2056142422 43669884 10022088
0b000b01 0b00cc01 10011 100 4013 2061322328 38535190 10013020
0b000601 0b00c001 10004 100 24706 2076373189 23510153 10014752
0b000d01 0b00c001 10008 100 47535 2073459864 26434060 10016667
0b000101 0b00cd01 10013 100 4280 2078570872 21410949 10013041
0b000701 0b00cf01 10009 100 24983 2052505338 47549454 10014774
0b000701 0b00ca01 10004 100 1474233 2034227275 65867719 10136282
0b000701 0b00c301 10012 100 71859 2083266651 16838189 10018705
0b000401 0b00cd01 10008 100 44299 2064620848 35516598 10016396
0b000c01 0b00c301 10008 100 64362 2042637125 57534552 10018078
0b000801 0b00c901 10005 100 481316 2062903402 37320176 10053036
0b000801 0b00ca01 10004 100 3313147 2030942006 69329144 10290457
0b000601 0b00c601 10011 100 523092 2057361187 43062699 10056539
0b000501 0b00ce01 10012 100 186974 2061058188 39397220 10028356
0b000a01 0b00c101 10013 100 25689 2068634211 31828630 10014834
0b000a01 0b00c401 10014 100 45635 2065914561 34551623 10016507
0b000f01 0b00ce01 10008 100 60098 2068228109 32270424 10017722
0b000f01 0b00c501 10010 100 29109 2066651181 33852427 10015123
0b000e01 0b00ca01 10005 100 1330556 2035543774 64981138 10124235
0b000101 0b00c101 10009 100 7477 2069545337 30982685 10013308
0b000901 0b00c801 10008 100 28778 2088231480 12314158 10015093
0b000f01 0b00ca01 10004 100 42384 2053436431 47159150 10016235
0b000d01 0b00c501 10006 100 54426 2057066320 43617139 10017245
0b000401 0b00c101 10000 100 3022260 2022010080 78757275 10266069
0b000001 0b00ce01 10004 100 3411005 2029779254 71001805 10298662
0b000c01 0b00c301 10014 100 29203 2074463725 26421251 10015131
0b000f01 0b00cb01 10008 100 29898 2062213535 38691753 10015187
0b000001 0b00c701 10004 100 201235 2059382525 41596160 10029554
0b000301 0b00c601 10006 100 2089490 2040207339 60791208 10187864
0b000e01 0b00c401 10012 100 583737 2065686526 35358800 10061621
0b000b01 0b00c101 10004 100 43461 2053504209 47613875 10016325
0b000601 0b00c101 10007 100 21244 2053668206 47457022 10014464
0b000401 0b00cf01 10012 100 60611 2073054845 28070613 10017763
0b000c01 0b00ce01 10010 100 1627919 2022806280 78353423 10149165
0b000c01 0b00c301 10013 100 8888 2064238313 36957254 10013425
0b000101 0b00c601 10011 100 59845 2064592832 36621502 10017698
0b000801 0b00c701 10008 100 39009 2064767723 36455446 10015954
0b000b01 0b00ca01 10007 100 71424 2069986513 31314079 10018670
0b000401 0b00c801 10005 100 33070 2070788459 30616856 10015456
0b000501 0b00c201 10003 100 38574 2055719391 45780908 10015915
0b000801 0b00cd01 10006 100 26237 2076816999 24745170 10014882
0b000f01 0b00cf01 10010 100 61977 2066190497 35404775 10017876
0b000d01 0b00c501 10005 100 74532 2051566751 50078255 10018930
0b000b01 0b00ce01 10004 100 372641 2046543084 55161771 10043923
0b000601 0b00c901 10010 100 714440 2069736939 32020073 10072580
0b000601 0b00c501 10014 100 9274 2069557661 32255250 10013460
0b000901 0b00c901 10007 100 9357 2070023925 31793500 10013466
0b000501 0b00c701 10014 100 7788 2072056354 29844501 10013333
0b000401 0b00cb01 10005 100 1125682 2051587850 50351474 10107058
0b000801 0b00cd01 10005 100 18186 2063443372 38544616 10014207
0b000801 0b00c801 10005 100 14961 2044730487 57258983 10013934
0b000f01 0b00cf01 10015 100 22765 2087291220 14710513 10014589
0b000601 0b00cc01 10015 100 441649 2071940473 30064155 10049709
0b000701 0b00ca01 10005 100 39703 2061880928 40128250 10016009
0b000401 0b00cf01 10010 100 10836 2059193796 42853852 10013589
0b000c01 0b00ca01 10007 100 2153179 2030617551 71525566 10193205
0b000001 0b00c901 10008 100 15904 2070630140 31520921 10014013
0b000701 0b00ce01 10012 100 9572 2072172999 29983662 10013484
0b000201 0b00c001 10007 100 13400 2070910410 31266781 10013805
0b000001 0b00c501 10005 100 1813 2072598564 29630259 10012832
0b000601 0b00cd01 10012 100 392534 2056512537 45733859 10045591
0b000d01 0b00c801 10010 100 18129 2080426097 21858979 10014203
0b000301 0b00c101 10005 100 6271 2056895953 45403142 10013208
0b000f01 0b00c701 10011 100 269479 2076555735 25778086 10035275
0b000a01 0b00c901 10007 100 23954 2053997895 48350376 10014688
0b000601 0b00c601 10012 100 65771 2064330909 38018147 10018195
0b000a01 0b00cc01 10008 100 1581978 2043284781 59072508 10145313
0b000401 0b00c401 10008 100 774 2042977855 59379762 10012745
0b000901 0b00c301 10003 100 5905376 2026740569 75641026 10507789
0b000201 0b00c401 10007 100 3063 2065955007 36470648 10012940
0b000a01 0b00c101 10009 100 1020419 2056910541 45521967 10098234
0b000401 0b00cf01 10013 100 20008 2074937379 27514427 10014361
0b000f01 0b00c201 10007 100 92608 2062209505 40244869 10020445
0b000501 0b00c601 10008 100 28690 2052406625 50072328 10015086
0b000801 0b00cd01 10002 100 3424989 2030228983 72252810 10299831
0b000001 0b00c801 10008 100 47290 2064272938 38295346 10016647
0b000b01 0b00c101 10009 100 1053 2082321754 20255342 10012771
0b000001 0b00c401 10010 100 29038 2064061543 38549149 10015118
0b000a01 0b00c101 10011 100 67743 2065953432 36684093 10018360
0b000401 0b00c501 10018 100 46698 2063073029 39581428 10016596
0b000c01 0b00c601 10006 100 4828 2053404952 49255513 10013085
0b000f01 0b00cd01 10013 100 2893 2076856290 25817690 10012922
0b000901 0b00ce01 10006 100 844212 2056983188 45770292 10083461
0b000701 0b00cf01 10011 100 28428 2067532788 35232362 10015065
0b000d01 0b00cd01 10011 100 39295 2068648891 34235814 10015977
0b000f01 0b00c701 10008 100 5384 2056069883 46851141 10013133
0b000001 0b00ca01 10007 100 51696 2070415126 32527453 10017015
0b000801 0b00c201 10006 100 286933 2052841724 50119123 10036736
0b000f01 0b00ca01 10003 100 2410431 2026176216 76986958 10214772
0b000601 0b00c101 10010 100 101851 2064176073 39006944 10021219
0b000f01 0b00ce01 10007 100 1801 2060366844 42857201 10012831
0b000b01 0b00c601 10012 100 59307 2061594771 41645179 10017654
0b000901 0b00c301 10009 100 41164 2058472162 44778086 10016134
0b000a01 0b00c101 10004 100 1920658 2037794234 65471128 10173709
0b000e01 0b00c701 10014 100 8554 2066725073 36564943 10013398
0b000d01 0b00c901 10004 100 96749 2080399201 22930634 10020792
0b000d01 0b00ce01 10009 100 100661 2055247817 48238406 10021120
0b000e01 0b00ca01 10007 100 25757 2058070225 45449854 10014840
0b000b01 0b00cb01 10007 100 59048 2066620884 36995532 10017634
0b000d01 0b00c301 10010 100 41413 2077231470 26409015 10016154
0b000d01 0b00cd01 10007 100 2922137 2033019084 70672032 10257675
0b000f01 0b00cf01 10009 100 73235 2065428004 38373733 10018822
0b000601 0b00c501 10009 100 7981 2054487454 49316795 10013349
0b000801 0b00cd01 10008 100 34410 2082904230 20904890 10015567
0b000c01 0b00ce01 10024 100 71728 2071168687 32719030 10018694
0b000501 0b00c501 10012 100 1458601 2050833384 53059995 10134970
0b000e01 0b00ca01 10008 100 40900 2061073470 42841956 10016109
0b000201 0b00cf01 10008 100 3160 2068342660 35625180 10012948
0b000301 0b00cb01 10010 100 69456 2068935277 35044068 10018505
0b000101 0b00c101 10008 100 29923 2067905103 36076512 10015189
0b000b01 0b00ca01 10006 100 181082 2065471222 38515776 10027865
0b000201 0b00ce01 10014 100 5778 2089704499 14317712 10013165
0b000701 0b00c001 10009 100 79029 2068143333 35907121 10019309
0b000301 0b00c101 10007 100 23011 2061743954 42321709 10014613
0b000f01 0b00c001 10006 100 185975 2064735408 39334712 10028272
0b000201 0b00c301 10003 100 41107 2047955857 56126319 10016129
0b000201 0b00c501 10009 100 36133 2067312283 36781015 10015712
0b000401 0b00c401 10012 100 638411 2069038249 35059915 10066206
0b000901 0b00c501 10011 100 41900 2065781310 38317696 10016193
0b000f01 0b00c901 10010 100 24861 2089190093 14964105 10014764
0b000b01 0b00c001 10011 100 471860 2072711985 31465592 10052241
0b000701 0b00c601 10002 100 2940532 2015421411 88781285 10259216
0b000801 0b00c601 10010 100 75886 2078661813 25561941 10019042
0b000801 0b00c201 10014 100 1115330 2063975875 40268196 10106191
0b000301 0b00c701 10010 100 41199 2058299797 45950750 10016137
0b000e01 0b00c601 10010 100 22174 2045244015 59105173 10014542
0b000401 0b00cd01 10010 100 328992 2074640018 29761650 10040262
0b000101 0b00c301 10006 100 26015 2059004852 45452037 10014864
0b000b01 0b00ce01 10011 100 42457 2079887107 24604082 10016241
0b000601 0b00cc01 10013 100 18952 2064172945 40366240 10014269
0b000301 0b00cf01 10010 100 9528 2068835815 35737869 10013480
0b000801 0b00c301 10006 100 45379 2059420494 45156868 10016486
0b000301 0b00c601 10011 100 8419 2073149642 31439559 10013388
0b000a01 0b00cc01 10015 100 157333 2082034548 22565542 10025873
0b000101 0b00c001 10013 100 341431 2074360353 30247150 10041307
0b000201 0b00c001 10006 100 20626 2065883171 38797687 10014410
0b000101 0b00c301 10007 100 206 2061564246 43138018 10012700
0b000101 0b00ca01 10013 100 9787 2090585225 14130846 10013501
0b000d01 0b00cf01 10012 100 2718 2090199049 14517123 10012908
0b000b01 0b00c101 10008 100 26985 2080521928 24194928 10014942
0b000301 0b00cd01 10010 100 288438 2073987321 30824102 10036864
0b000e01 0b00cd01 10014 100 67950 2071853581 33017064 10018377
0b000101 0b00c801 10005 100 50785 2078937364 25979985 10016938
0b000f01 0b00c101 10013 100 4497 2073100434 31840886 10013058
0b000001 0b00c801 10013 100 13521 2073220898 31753903 10013815
0b000501 0b00c601 10011 100 2646 2077825526 27180674 10012903
0b000f01 0b00c101 10016 100 114521 2082143417 22870758 10022283
0b000901 0b00cb01 10005 100 1292137 2051168835 53864727 10121016
0b000801 0b00c801 10012 100 8540 2092906659 12128399 10013397
0b000201 0b00c701 10007 100 65018 2061086533 43976077 10018134
0b000901 0b00cb01 10009 100 81047 2092181292 13008192 10019478
0b000d01 0b00c201 10008 100 15829 2066514913 38685922 10014007
0b000501 0b00c401 10009 100 21741 2080411787 24857786 10014503
0b000201 0b00cd01 10016 100 23440 2091431215 13860666 10014647
0b000401 0b00cf01 10009 100 9914 2058541749 46750658 10013511
0b000601 0b00cd01 10011 100 3342 2056168870 49151443 10012962
0b000101 0b00c201 10007 100 19522 2067048266 38299662 10014318
0b000e01 0b00c801 10016 100 8173 2058690417 46746542 10013368
0b000301 0b00cb01 10016 100 212258 2088508161 16964451 10030478
0b000b01 0b00ca01 10011 100 12396 2081460826 24059712 10013721
0b000201 0b00c601 10009 100 66570 2068529288 37084000 10018262
0b000801 0b00c201 10011 100 75915 2061225823 44390228 10019045
0b000f01 0b00c701 10012 100 197482 2077234467 28386985 10029238
0b000901 0b00cf01 10013 100 64382 2081065419 24559457 10018080
0b000801 0b00cb01 10011 100 71624 2066924063 38719211 10018686
0b000301 0b00c601 10010 100 66542 2068524287 37123029 10018260
0b000b01 0b00c601 10014 100 269621 2073811357 31894133 10035286
0b000501 0b00ce01 10016 100 15427 2085112799 20621156 10013975
0b000901 0b00cc01 10008 100 1123986 2064793647 41017119 10106915
0b000401 0b00ce01 10013 100 5511 2070569797 35257341 10013143
0b000501 0b00c501 10016 100 258757 2067727731 38144996 10034375
0b000f01 0b00ce01 10010 100 3190 2084573220 21376896 10012950
0b000901 0b00cd01 10008 100 9740 2070649884 35313859 10013497
0b000c01 0b00c901 10007 100 16900 2067260894 38705148 10014097
0b000d01 0b00c001 10007 100 10239 2070234232 35752850 10013541
0b000c01 0b00c801 10008 100 57980 2062167860 43882540 10017541
0b000c01 0b00c001 10008 100 13283 2062928016 43142165 10013796
0b000501 0b00c801 10013 100 282712 2056431786 49662343 10036383
0b000e01 0b00c301 10007 100 46802 2069468602 36680728 10016604
0b000601 0b00c701 10008 100 36719 2071090705 35150206 10015759
0b000d01 0b00c201 10004 100 1537540 2048905539 57346768 10141589
0b000c01 0b00c501 10004 100 608177 2061542091 44713022 10063672
0b000501 0b00ce01 10014 100 78233 2067626241 38642259 10019242
0b000d01 0b00c801 10006 100 1123084 2053407098 52874024 10106842
0b000801 0b00c601 10008 100 788451 2073589813 32749802 10078785
0b000701 0b00c201 10007 100 52393 2072460453 33960370 10017074
0b000f01 0b00cb01 10010 100 55582 2069547025 36931918 10017341
0b000f01 0b00c501 10007 100 21993 2049773202 56759818 10014523
0b000e01 0b00cf01 10008 100 817308 2066164168 40389719 10081205
0b000801 0b00ca01 10006 100 284809 2054754901 51857588 10036559
0b000501 0b00c901 10008 100 1838 2094476369 12233153 10012834
0b000801 0b00cf01 10007 100 35132 2082277717 24432326 10015628
0b000a01 0b00c401 10015 100 58732 2082095107 24617527 10017605
0b000501 0b00c701 10009 100 775315 2062510281 44223028 10077685
0b000201 0b00c601 10010 100 15710 2070847212 35914383 10013998
0b000b01 0b00c601 10010 100 65069 2058591689 48277209 10018138
0b000101 0b00c701 10010 100 582949 2064979598 41963576 10061554
0b000101 0b00c101 10005 100 1129185 2057080077 49865666 10107354
0b000801 0b00c101 10008 100 708 2065333595 41613694 10012740
0b000e01 0b00c101 10010 100 188832 2070260425 36806611 10028512
0b000d01 0b00cf01 10011 100 5793 2085789672 21325515 10013166
0b000301 0b00c501 10006 100 41591 2068695359 38458639 10016168
0b000301 0b00c701 10009 100 113110 2055435373 51755118 10022166
0b000b01 0b00c501 10010 100 72846 2071409001 35831122 10018788
0b000501 0b00c301 10005 100 1861162 2048329750 59009466 10168723
0b000101 0b00cf01 10006 100 43971 2060308480 47033870 10016366
0b000b01 0b00ce01 10012 100 32100 2086678605 20673823 10015374
0b000c01 0b00ca01 10015 100 26181 2084715831 22645812 10014878
0b000c01 0b00ce01 10026 100 17769 2075002357 32413869 10014170
0b000801 0b00c801 10011 100 35791 2076513611 30907679 10015681
0b000a01 0b00ca01 10010 100 412 2091835581 15595125 10012716
0b000801 0b00c301 10011 100 20770 2079654448 27851227 10014422
0b000501 0b00cf01 10007 100 1927273 2047736248 59769784 10174265
0b000801 0b00c601 10011 100 82145 2081958182 25550015 10019570
0b000601 0b00c201 10007 100 170196 2058718750 48818586 10026952
0b000a01 0b00ca01 10008 100 48990 2049744356 57867414 10016787
0b000201 0b00cf01 10009 100 30930 2075715504 31913571 10015273
0b000301 0b00c901 10014 100 21491 2073376799 34307494 10014483
0b000101 0b00c701 10009 100 197097 2059708114 47992348 10029208
0b000401 0b00c901 10014 100 45112 2082843190 25159404 10016465
0b000501 0b00c301 10013 100 12028 2080680199 27381791 10013692
0b000401 0b00c701 10007 100 9242 2077162523 30900634 10013457
0b000201 0b00cd01 10014 100 55067 2081941596 26158974 10017300
0b000101 0b00cb01 10009 100 62663 2063307997 44794803 10017934
0b000601 0b00c401 10010 100 896864 2056176831 51931961 10087873
0b000001 0b00c901 10010 100 157196 2090981531 17250028 10025862
0b000701 0b00ca01 10009 100 134935 2085664529 22579665 10023993
0b000f01 0b00c801 10009 100 129650 2060068160 48235360 10023551
0b000201 0b00c901 10012 100 8495 2082881994 25452097 10013394
0b000101 0b00ce01 10015 100 32645 2082536769 25829514 10015418
0b000001 0b00cc01 10009 100 699163 2062232810 46151463 10071301
0b000101 0b00c701 10012 100 7863 2075658246 32734253 10013339
0b000501 0b00c301 10009 100 71745 2066846319 41568146 10018696
0b000201 0b00c701 10008 100 5351 2069401006 39054452 10013131
0b000001 0b00c801 10006 100 69878 2058698908 49771350 10018539
0b000801 0b00c001 10017 100 26119 2060935038 47589296 10014873
0b000001 0b00cd01 10004 100 44660 2065060997 43476336 10016425
0b000b01 0b00ce01 10007 100 708437 2056703333 51973465 10072077
0b000f01 0b00ca01 10008 100 100955 2085370279 23327057 10021144
0b000e01 0b00c301 10010 100 61399 2085125195 23595889 10017830
0b000501 0b00cc01 10006 100 3454712 2025436377 83358192 10302324
0b000201 0b00ce01 10013 100 4751 2087237605 21681927 10013079
0b000901 0b00c501 10013 100 1373950 2069594610 39330208 10127872
0b000801 0b00c201 10012 100 878908 2061579844 47362201 10086368
0b000101 0b00c201 10009 100 35171 2070907780 38134349 10015631
0b000e01 0b00c501 10009 100 22263 2069340438 39723657 10014549
0b000b01 0b00c701 10005 100 505432 2048873595 60245022 10055057
0b000a01 0b00c701 10013 100 52625 2073915362 35262474 10017093
0b000801 0b00c601 10009 100 1221 2076884891 32454964 10012785
0b000f01 0b00c301 10010 100 78648 2061548648 47815236 10019275
0b000101 0b00ce01 10012 100 20562 2073706421 35661313 10014405
0b000a01 0b00c801 10012 100 9801 2078615722 30923875 10013502
0b000f01 0b00cf01 10012 100 20860 2071680691 37866589 10014429
0b000301 0b00ca01 10013 100 24414 2064874842 44679423 10014729
0b000c01 0b00c401 10008 100 4876 2070751554 38859720 10013089
0b000e01 0b00c601 10015 100 49070 2072999440 36657346 10016797
0b000f01 0b00c401 10011 100 77662 2072943744 36714473 10019192
0b000f01 0b00ce01 10012 100 18226 2097119054 12540697 10014211
0b000301 0b00cb01 10013 100 756 2080299473 29463778 10012744
0b000e01 0b00ce01 10003 100 114875 2073203361 36563062 10022311
0b000701 0b00c701 10016 100 6487 2075838828 33957964 10013225
0b000e01 0b00cb01 10009 100 15834 2088567293 21301383 10014008
0b000a01 0b00c901 10006 100 73885 2051994729 57929763 10018874
0b000201 0b00ce01 10010 100 354150 2066564516 43446988 10042375
0b000b01 0b00ca01 10009 100 9146 2072986643 37048155 10013450
0b000201 0b00c501 10007 100 1473167 2055219865 54836236 10136193
0b000101 0b00cd01 10012 100 64136 2072937636 37178138 10018060
0b000201 0b00c001 10009 100 4831 2088205186 22030376 10013085
0b000101 0b00c101 10011 100 28956 2077868415 32378437 10015107
0b000701 0b00c701 10017 100 50913 2081773039 28478183 10016948
0b000301 0b00c001 10004 100 30527 2087843310 22458709 10015241
0b000701 0b00c701 10015 100 143008 2073139990 37231769 10024673
0b000b01 0b00c601 10016 100 11423 2078694059 31771000 10013639
0b000901 0b00c801 10007 100 14344 2086454534 24065038 10013885
0b000c01 0b00c901 10008 100 406662 2077194841 33343472 10046775
0b000101 0b00ce01 10010 100 29674 2066699954 43854249 10015169
0b000a01 0b00c001 10005 100 11713 2071952704 38612075 10013663
0b000d01 0b00cb01 10008 100 398275 2069911370 40775198 10046074
0b000201 0b00cf01 10011 100 9448 2084683763 26045041 10013474
0b000e01 0b00c401 10017 100 46376 2089053912 21740970 10016570
0b000001 0b00cf01 10010 100 943262 2059463431 51424541 10091765
0b000a01 0b00c201 10009 100 1117299 2065461761 45480765 10106357
0b000901 0b00ca01 10005 100 1792059 2054747342 56203929 10162929
0b000701 0b00c601 10007 100 23623 2064055396 46931126 10014662
0b000f01 0b00cd01 10017 100 47616 2088090231 22964588 10016673
0b000101 0b00ce01 10008 100 1223445 2061116440 49940937 10115255
0b000d01 0b00c801 10000 100 4525965 2012244216 98816493 10392137
0b000301 0b00cc01 10006 100 21696 2063661692 47424052 10014500
0b000501 0b00ca01 10005 100 952807 2059394681 51695250 10092564
0b000c01 0b00c501 10010 100 24200 2085459268 25646025 10014712
0b000f01 0b00c801 10012 100 40623 2074529571 36576401 10016087
0b000d01 0b00ca01 10008 100 120109 2069290864 41862767 10022753
0b000901 0b00c901 10008 100 59927 2079496408 31673248 10017704
0b000601 0b00c301 10003 100 102608 2076713295 34487906 10021284
0b000c01 0b00cd01 10011 100 7477 2067831582 43374414 10013308
0b000a01 0b00c901 10011 100 161645 2075228760 36015348 10026233
0b000d01 0b00ce01 10013 100 45675 2084571690 26712937 10016510
0b000001 0b00c601 10007 100 47836 2088790246 22537075 10016691
0b000d01 0b00c401 10011 100 22718 2085814806 25517052 10014585
0b000a01 0b00ca01 10003 100 2908545 2026319282 85019523 10256534
0b000201 0b00c701 10010 100 271442 2086498951 24852839 10035439
0b000601 0b00cd01 10013 100 10139 2074603492 36752020 10013533
0b000e01 0b00cc01 10008 100 396577 2068250181 43138495 10045930
0b000f01 0b00c201 10009 100 70602 2084419463 26996546 10018600
0b000001 0b00cb01 10008 100 57526 2071049288 40391953 10017504
0b000c01 0b00c001 10009 100 57191 2071154903 40290478 10017478
0b000c01 0b00c701 10013 100 66159 2084066972 27389662 10018230
0b000f01 0b00c901 10008 100 64309 2066081098 45384127 10018074
0b000a01 0b00ce01 10007 100 2702 2076078168 35392638 10012907
0b000901 0b00cf01 10011 100 1702 2067396496 44074951 10012823
0b000701 0b00c201 10008 100 22068 2072756739 38774624 10014533
0b000601 0b00c701 10009 100 18876 2074239780 37340484 10014263
0b000b01 0b00cc01 10012 100 79335 2062640194 48952992 10019334
0b000e01 0b00cc01 10009 100 25400 2078479505 33145084 10014811
0b000501 0b00c101 10019 100 175241 2087723809 23940777 10027375
0b000101 0b00c401 10008 100 3681110 2049469939 62264709 10321307
0b000c01 0b00c801 10009 100 2133 2072463588 39358032 10012862
0b000801 0b00cf01 10005 100 1080 2063650011 48175079 10012774
0b000a01 0b00c001 10004 100 23817 2063771494 48072433 10014677
0b000b01 0b00c601 10017 100 55612 2090864713 21062847 10017344
0b000c01 0b00c201 10013 100 30914 2085351100 26613444 10015272
0b000f01 0b00c201 10006 100 53276 2051920879 60046162 10017149
0b000701 0b00cb01 10013 100 43587 2071836889 40187333 10016335
0b000a01 0b00c101 10007 100 1726962 2052048339 60005544 10157468
0b000901 0b00c301 10011 100 9076 2073036241 39018694 10013444
0b000601 0b00c001 10008 100 10851 2091888287 20191986 10013590
0b000a01 0b00c801 10011 100 15770 2077814995 34268819 10014003
0b000d01 0b00cd01 10012 100 27294 2076043791 36045840 10014971
0b000d01 0b00c501 10009 100 42080 2085570865 26556730 10016211
0b000301 0b00c301 10008 100 20129 2089618218 22515509 10014370
0b000601 0b00c501 10012 100 68004 2061492137 50671732 10018385
0b000a01 0b00c501 10007 100 20450 2074762041 37464325 10014396
0b000b01 0b00cd01 10010 100 32823 2074723924 37661271 10015432
0b000501 0b00c501 10014 100 1064216 2062933285 49484976 10101906
0b000801 0b00cb01 10010 100 167562 2062010732 50492905 10026730
0b000f01 0b00c001 10009 100 13641 2076345282 36215797 10013825
0b000f01 0b00c901 10009 100 129086 2077838590 34792068 10023506
0b000701 0b00c001 10010 100 54113 2073165890 39480729 10017220
0b000c01 0b00cf01 10009 100 34035 2076109259 36577029 10015537
0b000701 0b00c401 10007 100 142077 2066447276 46334938 10024595
0b000e01 0b00c901 10007 100 76393 2075259372 37545093 10019087
0b000f01 0b00cf01 10011 100 24089 2069261582 43607394 10014703
0b000201 0b00c401 10012 100 43161 2090982587 21889032 10016301
0b000f01 0b00cd01 10018 100 75108 2091077654 21835845 10018980
0b000301 0b00c501 10007 100 895462 2068784323 44226918 10087757
0b000501 0b00ce01 10017 100 72399 2087136040 25887276 10018752
0b000501 0b00cc01 10014 100 173059 2077115044 36073865 10027192
0b000001 0b00c501 10007 100 254749 2094854772 18371813 10034039
0b000301 0b00c801 10011 100 12308 2083758432 29521174 10013714
0b000701 0b00c101 10008 100 584508 2082126536 31166774 10061687
0b000001 0b00c301 10008 100 145326 2076881885 36434730 10024866
0b000601 0b00c101 10012 100 879624 2075635938 37694335 10086429
0b000601 0b00cd01 10018 100 23316 2098139315 15260044 10014637
0b000001 0b00ca01 10008 100 6751 2079840118 33559847 10013246
0b000701 0b00cf01 10014 100 1088 2089089743 24333808 10012774
0b000901 0b00c701 10002 100 33349 2065412990 48049604 10015478
0b000901 0b00c501 10017 100 29492 2089622273 23843842 10015154
0b000b01 0b00cd01 10009 100 76171 2068080117 45458528 10019069
0b000f01 0b00cc01 10007 100 161948 2075391290 38177444 10026257
0b000f01 0b00c601 10011 100 27948 2073709334 39923084 10015023
0b000a01 0b00cc01 10010 100 1457193 2053925426 59710256 10134854
0b000001 0b00c501 10008 100 23589 2098528749 15159155 10014659
0b000601 0b00c101 10013 100 4014 2082085732 31656873 10013020
0b000e01 0b00c601 10013 100 7056 2061529755 52254557 10013275
0b000301 0b00cb01 10018 100 2498 2092566757 21277790 10012891
0b000f01 0b00c701 10009 100 7004 2073484450 40377930 10013271
0b000701 0b00cd01 10006 100 1534810 2050439941 63450719 10141359
0b000301 0b00cb01 10012 100 21459 2078602328 35307785 10014481
0b000101 0b00cd01 10015 100 77548 2083008777 30921990 10019183
0b000901 0b00c101 10011 100 1621 2090012182 23986227 10012817
0b000f01 0b00c401 10015 100 65907 2092639348 21381168 10018206
0b000901 0b00c501 10012 100 24386 2066115534 47959399 10014726
0b000b01 0b00c001 10012 100 265478 2075469401 38725700 10034939
0b000b01 0b00c801 10007 100 68729 2070320762 43878785 10018443
0b000301 0b00ca01 10012 100 43938 2063033036 51190387 10016364
0b000301 0b00c101 10010 100 513 2074631076 39627256 10012724
0b000401 0b00c101 10006 100 16332 2071607489 42722805 10014051
0b000301 0b00c301 10007 100 185674 2060946702 53393219 10028248
0b000d01 0b00c801 10011 100 53349 2080691054 33691660 10017155
0b000801 0b00c201 10009 100 1246340 2058247192 56140885 10117175
0b000201 0b00c001 10008 100 1053281 2074459078 39965988 10100989
0b000001 0b00ce01 10017 100 1112002 2063351023 51125075 10105914
0b000b01 0b00c801 10009 100 36026 2078220818 36293976 10015704
0b000101 0b00c201 10008 100 1474960 2067967598 46673952 10136340
0b000501 0b00cd01 10010 100 25738 2089933634 24717399 10014838
0b000301 0b00cc01 10008 100 104561 2079754281 34921516 10021448
0b000301 0b00ca01 10010 100 63027 2054521525 60309166 10017967
0b000901 0b00c101 10009 100 27880 2077074295 37764194 10015017
0b000201 0b00c001 10010 100 43122 2092895117 21968586 10016298
0b000301 0b00c001 10006 100 27661 2093028363 21848488 10015000
0b000001 0b00cf01 10017 100 75765 2078368500 36516784 10019033
0b000b01 0b00c901 10012 100 2387 2087252864 27647783 10012882
0b000701 0b00cd01 10007 100 1323583 2056368094 58655090 10123650
0b000c01 0b00c501 10009 100 5385 2079340677 35781175 10013133
0b000a01 0b00c101 10014 100 92000 2089987291 25200746 10020393
0b000201 0b00cb01 10011 100 35961 2078290462 36930050 10015695
0b000f01 0b00cd01 10015 100 9046 2081555498 33675372 10013442
0b000e01 0b00ca01 10009 100 74120 2073848220 41390313 10018897
0b000a01 0b00cc01 10014 100 101782 2079655928 35625950 10021214
0b000701 0b00c501 10008 100 106892 2077870099 37417291 10021642
0b000201 0b00c101 10011 100 4601 2089397060 25898201 10013067
0b000001 0b00cc01 10011 100 350760 2075683671 39652157 10042088
0b000b01 0b00c201 10002 100 2397227 2028303370 87098455 10213666
0b000d01 0b00c401 10013 100 5872 2089074463 26477097 10013172
0b000d01 0b00c701 10009 100 5740 2079651464 35905485 10013162
0b000e01 0b00cf01 10010 100 29473 2067498974 48146170 10015153
0b000901 0b00c301 10013 100 49942 2081108823 34537807 10016867
0b000301 0b00c501 10009 100 576701 2084035045 31620632 10061031
0b000201 0b00c301 10008 100 77068 2076395644 39306390 10019144
0b000601 0b00c901 10007 100 1858166 2035723356 80058855 10168471
0b000401 0b00cd01 10004 100 1900123 2025928812 89902785 10171989
0b000301 0b00c201 10013 100 22867 2082475665 33450806 10014597
0b000f01 0b00c001 10007 100 3244 2068710365 47285840 10012954
0b000b01 0b00ce01 10009 100 1447257 2064426710 51772452 10134020
0b000b01 0b00cb01 10011 100 26921 2092225668 24017963 10014937
0b000d01 0b00cc01 10011 100 62377 2079720830 36565225 10017912
0b000801 0b00c301 10010 100 48994 2077341784 39017895 10016787
0b000501 0b00c701 10008 100 1513135 2057459045 58947173 10139544
0b000101 0b00ca01 10011 100 50127 2082031576 34385922 10016886
0b000001 0b00ca01 10006 100 1270692 2054527197 61919383 10119216
0b000c01 0b00c801 10011 100 4352 2091829831 24635840 10013047
0b000101 0b00c501 10011 100 1713021 2067524412 48960657 10156303
0b000a01 0b00ce01 10005 100 833611 2070683776 45826157 10082571
0b000901 0b00ce01 10014 100 23238 2096382973 20133947 10014631
0b000801 0b00c501 10007 100 49149 2081487623 35066764 10016803
0b000901 0b00c101 10010 100 6966 2089071520 27632943 10013264
0b000301 0b00c701 10013 100 9585 2090497300 26215305 10013485
0b000801 0b00c101 10011 100 21114 2078674775 38085786 10014453
0b000001 0b00c201 10012 100 75529 2085623538 31147611 10019014
0b000f01 0b00c401 10013 100 32170 2083092258 33689208 10015380
0b000401 0b00c901 10013 100 9916 2079393935 37419622 10013511
0b000501 0b00c701 10015 100 216510 2074894507 41942018 10030834
0b000c01 0b00c101 10017 100 101715 2099235525 17610600 10021208
0b000301 0b00cc01 10005 100 49938 2056871081 60007820 10016867
0b000c01 0b00cc01 10006 100 1174917 2071311490 45567688 10111185
0b000b01 0b00c001 10015 100 37964 2092079170 24919302 10015863
0b000001 0b00ce01 10018 100 166023 2070160620 46852321 10026603
0b000101 0b00cd01 10014 100 68111 2080059133 36969899 10018393
0b000301 0b00cb01 10017 100 396 2091095241 25989792 10012715
0b000c01 0b00cd01 10012 100 186139 2075353209 41751153 10028289
0b000801 0b00cd01 10012 100 45030 2092142174 24972406 10016459
0b000201 0b00c101 10006 100 851590 2061302459 55849798 10084078
0b000f01 0b00c501 10012 100 268722 2080164514 37039329 10035210
0b000201 0b00c701 10009 100 9767 2083605520 33600233 10013499
0b000501 0b00c601 10013 100 24970 2079633176 37616938 10014773
0b000701 0b00c401 10013 100 7063 2081930298 35384801 10013275
0b000b01 0b00ca01 10013 100 71462 2091928382 25427106 10018673
0b000801 0b00c301 10012 100 4855 2079947124 37491674 10013087
0b000001 0b00cc01 10015 100 25508 2095798933 21718519 10014820
0b000101 0b00c401 10010 100 172091 2071528396 46082155 10027111
0b000301 0b00c101 10011 100 1037388 2080539711 37173380 10099656
0b000e01 0b00cb01 10008 100 11810 2077508555 40273139 10013670
0b000c01 0b00cd01 10014 100 28614 2083505510 34320742 10015080
0b000a01 0b00c701 10002 100 4869038 2010735765 107107660 10420903
0b000501 0b00c101 10018 100 20939 2078536920 39306674 10014435
0b000f01 0b00c801 10010 100 1388552 2062651638 55216898 10129097
0b000a01 0b00cb01 10012 100 90595 2064290570 53629087 10020277
0b000301 0b00cd01 10013 100 18739 2084126701 33807310 10014252
0b000e01 0b00c201 10010 100 690314 2068763489 49214812 10070558
0b000901 0b00c301 10015 100 3645 2098067161 19928595 10012986
0b000401 0b00cc01 10003 100 526093 2075750895 42289286 10056791
0b000901 0b00ca01 10010 100 5083 2085531373 32532073 10013109
0b000e01 0b00cc01 10011 100 47460 2083519982 34610381 10016661
0b000f01 0b00cd01 10010 100 1660773 2054647656 63488364 10151920
0b000401 0b00c701 10008 100 108471 2080302849 37871211 10021776
0b000e01 0b00c901 10009 100 4580 2082255587 35966296 10013065
0b000101 0b00c501 10012 100 1872 2070390065 47854819 10012837
0b000801 0b00c401 10011 100 1570241 2055105006 63226605 10144331
0b000001 0b00ca01 10009 100 57791 2081846542 36506136 10017526
0b000001 0b00c701 10008 100 12683 2097182673 21177972 10013744
0b000901 0b00c801 10009 100 45428 2093878020 24512603 10016490
0b000001 0b00c201 10010 100 64541 2073100353 45522407 10018092
0b000c01 0b00c001 10010 100 22257 2084477899 34234836 10014548
0b000b01 0b00cc01 10014 100 70310 2085183518 33598067 10018577
0b000a01 0b00c901 10010 100 65936 2070862808 47964048 10018208
0b000a01 0b00c501 10004 100 1571713 2063327986 55568738 10144453
0b000301 0b00c701 10012 100 43685 2074243223 44758804 10016343
0b000e01 0b00cf01 10009 100 25133 2066701832 52305820 10014790
0b000201 0b00c401 10010 100 106348 2076747935 42297403 10021598
0b000701 0b00c801 10010 100 176775 2078320594 40849294 10027501
0b000301 0b00c501 10010 100 2875 2084908321 34265434 10012921
0b000301 0b00c101 10012 100 36707 2081282191 37926451 10015758
0b000401 0b00c701 10009 100 70239 2081974917 37283719 10018571
0b000f01 0b00cf01 10013 100 1797 2086144909 33163246 10012831
0b000301 0b00c001 10007 100 6484 2098381541 20968379 10013225
0b000c01 0b00c801 10012 100 56013 2094383609 24977616 10017379
0b000701 0b00ce01 10016 100 31949 2095381956 23988323 10015358
0b000401 0b00cf01 10016 100 27245 2095627016 23806904 10014967
0b000f01 0b00c201 10012 100 5671 2095630626 23815910 10013156
0b000601 0b00c701 10006 100 360444 2061557010 57915417 10042901
0b000701 0b00c301 10013 100 11812 2096038356 23495526 10013671
0b000d01 0b00c501 10008 100 591305 2069475968 50074860 10062257
0b000101 0b00c301 10008 100 23770 2096860641 22746890 10014673
0b000101 0b00cb01 10011 100 42681 2067147902 52511999 10016259
0b000401 0b00c101 10004 100 1633058 2054776889 64975596 10149599
0b000e01 0b00ce01 10004 100 6706 2078870266 40974779 10013243
0b000f01 0b00c401 10007 100 2286180 2043982538 75888496 10204356
0b000601 0b00c401 10012 100 7668 2070638493 49249130 10013324
0b000301 0b00c401 10014 100 79492 2093325686 26596378 10019346
0b000201 0b00c201 10009 100 37502 2098671293 21259473 10015826
0b000201 0b00c101 10009 100 1261210 2077392872 42575432 10118422
0b000e01 0b00c801 10017 100 57418 2075026561 44950368 10017496
0b000c01 0b00ce01 10028 100 26368 2078747552 41239341 10014893
0b000401 0b00cf01 10011 100 862838 2070266172 49740600 10085020
0b000001 0b00c801 10015 100 64842 2084465739 35623493 10018116
0b000a01 0b00ce01 10008 100 75526 2077285874 42818474 10019013
0b000101 0b00c601 10013 100 4035 2076142245 43967210 10013022
0b000101 0b00cc01 10011 100 28330 2083982778 36150406 10015057
0b000e01 0b00c301 10011 100 48942 2090635653 29506405 10016783
0b000601 0b00c701 10011 100 22980 2096652662 23533286 10014606
0b000101 0b00cd01 10009 100 1366623 2066140362 54096537 10127259
0b000001 0b00c401 10014 100 48680 2096724127 23535645 10016762
0b000901 0b00c201 10012 100 50928 2095354609 24906674 10016950
0b000c01 0b00cf01 10012 100 24432 2092905489 27363473 10014730
0b000701 0b00c901 10007 100 963 2084215449 36085119 10012760
0b000c01 0b00c401 10009 100 20967 2075908055 44428509 10014438
0b000a01 0b00c901 10013 100 8822 2096615372 23792186 10013420
0b000001 0b00c701 10009 100 666 2099706664 20781188 10012737
0b000701 0b00c501 10007 100 494 2075591977 44924808 10012723
0b000f01 0b00c501 10013 100 23529 2084853068 35715057 10014654
0b000b01 0b00c901 10006 100 1009157 2057543805 63073278 10097290
0b000801 0b00ce01 10017 100 6508 2088619346 32027044 10013227
0b000c01 0b00ce01 10029 100 44571 2085238917 35451051 10016418
0b000101 0b00cd01 10016 100 1640 2090833948 29864016 10012818
0b000301 0b00cf01 10012 100 29864 2086631816 34120088 10015184
0b000f01 0b00c201 10008 100 64013 2062788244 58040047 10018050
0b000d01 0b00c101 10008 100 120615 2086144054 34686175 10022793
0b000f01 0b00c101 10012 100 1811894 2068574771 52302828 10164589
0b000601 0b00cd01 10015 100 71794 2092445172 28439231 10018700
0b000501 0b00c201 10006 100 317887 2086451181 34440511 10039332
0b000d01 0b00cf01 10010 100 7461 2077074451 43860497 10013307
0b000601 0b00cf01 10013 100 69024 2085689003 35312891 10018470
0b000201 0b00c301 10010 100 157768 2082829364 38187050 10025908
0b000701 0b00c201 10010 100 618406 2084978672 36069701 10064529
0b000f01 0b00c901 10011 100 56270 2092811573 28257102 10017400
0b000b01 0b00cb01 10009 100 22952 2083103713 37995483 10014604
0b000601 0b00cd01 10017 100 993758 2097578225 23583655 10095997
0b000f01 0b00c701 10010 100 910284 2075827546 45352753 10089000
0b000f01 0b00c101 10014 100 63597 2076678246 44509895 10018013
0b000f01 0b00c101 10018 100 34082 2086595398 34598052 10015540
0b000301 0b00c801 10012 100 37359 2085054513 36148438 10015814
0b000c01 0b00ce01 10020 100 1309596 2058671535 62556907 10122478
0b000601 0b00ca01 10010 100 79772 2092662530 28596654 10019368
0b000101 0b00c401 10014 100 60141 2094161007 27099014 10017725
0b000101 0b00c701 10014 100 7746 2086759102 34507020 10013330
0b000501 0b00c801 10015 100 24319 2086666278 34600334 10014721
0b000701 0b00c201 10006 100 792519 2067252635 54026356 10079126
0b000601 0b00cd01 10016 100 33430 2096603063 24704453 10015484
0b000801 0b00ce01 10014 100 5803 2075830686 45490746 10013167
0b000401 0b00cd01 10014 100 60891 2097130250 24198151 10017785
0b000701 0b00c601 10008 100 74861 2066464344 54954109 10018956
0b000001 0b00cc01 10014 100 54505 2094973846 26447297 10017251
0b000b01 0b00c201 10010 100 11101 2088641208 32833232 10013614
0b000b01 0b00cf01 10011 100 39335 2078110892 43368134 10015980
0b000501 0b00ce01 10013 100 17194 2064646096 56853089 10014124
0b000301 0b00c401 10010 100 505828 2071986610 49572843 10055089
0b000401 0b00c501 10022 100 580689 2097166355 24407306 10061366
0b000c01 0b00c001 10012 100 67957 2086531545 35117956 10018377
0b000a01 0b00c301 10013 100 14662 2087382712 34275539 10013910
0b000201 0b00c101 10010 100 76446 2084568203 37113107 10019091
0b000a01 0b00c901 10012 100 68285 2088022456 33672503 10018407
0b000201 0b00c101 10012 100 712718 2090068460 31631595 10072435
0b000001 0b00c401 10009 100 24026 2062363818 59339550 10014698
0b000101 0b00ce01 10007 100 694913 2058887346 62835408 10070941
0b000c01 0b00c701 10012 100 40328 2068492169 53230912 10016063
0b000401 0b00c001 10004 100 3182539 2017596425 104132370 10279505
0b000801 0b00c901 10007 100 20740 2083677347 38053941 10014419
0b000201 0b00c301 10006 100 1740198 2060787926 60963992 10158581
0b000501 0b00ca01 10007 100 718084 2072828680 48948000 10072887
0b000801 0b00c101 10012 100 30209 2085411902 36377024 10015215
0b000801 0b00c501 10009 100 15411 2089985144 31827302 10013974
0b000601 0b00cf01 10015 100 26484 2097363107 24519803 10014902
0b000801 0b00c501 10008 100 422807 2088307826 33626427 10048128
0b000601 0b00cc01 10008 100 1790262 2037592474 84369405 10162778
0b000d01 0b00ce01 10016 100 24713 2094255226 27751301 10014753
0b000701 0b00c401 10015 100 62077 2088752465 33291088 10017888
0b000001 0b00c101 10006 100 36443 2080714951 41383344 10015737
0b000a01 0b00c901 10014 100 30572 2097702974 24438111 10015244
0b000a01 0b00cf01 10010 100 352024 2081223865 41016652 10042197
0b000701 0b00c001 10012 100 7942 2088017132 34226933 10013346
0b000c01 0b00cf01 10010 100 17933 2077890646 44366047 10014183
0b000301 0b00ce01 10008 100 7518 2096031309 26288981 10013312
0b000601 0b00c401 10014 100 7100 2088250983 34223596 10013278
0b000901 0b00c201 10010 100 1408103 2079826700 42666993 10130738
0b000f01 0b00c101 10019 100 36077 2088935672 33569257 10015708
0b000001 0b00ce01 10019 100 493912 2079423782 43119019 10054089
0b000901 0b00c601 10007 100 36378 2088265741 34290888 10015732
0b000701 0b00cd01 10010 100 727195 2093157430 29548997 10073651
0b000801 0b00cb01 10013 100 74409 2085758520 36969329 10018920
0b000f01 0b00c401 10014 100 167097 2087434097 35302257 10026692
0b000701 0b00c001 10011 100 20393 2073271409 49485810 10014392
0b000901 0b00cb01 10011 100 53719 2097653720 25116708 10017184
0b000101 0b00c201 10010 100 6484 2086992443 35840974 10013225
0b000301 0b00c401 10012 100 751903 2088490374 34368131 10075719
0b000f01 0b00c801 10013 100 1101308 2075858521 47034438 10105016
0b000001 0b00c901 10006 100 3766 2065512179 57406394 10012996
0b000301 0b00cf01 10013 100 448723 2095298510 27645665 10050302
0b000901 0b00cf01 10009 100 2130858 2062048508 60932765 10191331
0b000c01 0b00c201 10011 100 294989 2069884253 53101511 10037411
0b000101 0b00c401 10012 100 13753 2078091643 44979871 10013834
0b000401 0b00c401 10009 100 48636 2063600837 59698376 10016759
0b000101 0b00cf01 10009 100 579917 2079385970 44005922 10061300
0b000201 0b00c501 10013 100 18156 2094094259 29339786 10014205
0b000601 0b00ce01 10013 100 34497 2095942518 27589810 10015574
0b000801 0b00c301 10015 100 50509 2088638648 34914080 10016916
0b000f01 0b00c401 10016 100 8611 2095927282 27675385 10013403
0b000801 0b00c301 10013 100 19069 2081509009 42134482 10014282
0b000401 0b00c901 10012 100 48193 2076363784 47481197 10016723
0b000001 0b00cf01 10015 100 1062913 2069067812 54824064 10101794
0b000901 0b00cd01 10009 100 1110260 2082989232 40940588 10105767
0b000b01 0b00ca01 10008 100 1199456 2071537656 52475299 10113244
0b000401 0b00cd01 10012 100 2905 2079105182 44930161 10012923
0b000701 0b00c501 10010 100 61828 2098454139 25647888 10017864
0b000b01 0b00c501 10009 100 1227251 2068212364 55901335 10115575
0b000001 0b00c201 10013 100 3997 2088198628 35939387 10013015
0b000f01 0b00c101 10015 100 54065 2079997575 44235643 10017216
0b000801 0b00cd01 10007 100 7896 2078558418 45681980 10013342
0b000301 0b00c501 10011 100 21420 2088441281 35826166 10014478
0b000101 0b00c701 10016 100 24517 2097470325 26813376 10014737
0b000901 0b00c901 10009 100 6995 2080886099 43510345 10013266
0b000501 0b00c901 10006 100 978148 2059611238 64791664 10094691
0b000b01 0b00c101 10001 100 2890666 2028429143 96054312 10255034
0b000301 0b00ca01 10015 100 52690 2080456872 44043271 10017098
0b000201 0b00c501 10010 100 9552 2080589681 43955356 10013482
0b000f01 0b00cd01 10014 100 8846 2080912314 43651467 10013422
0b000701 0b00c701 10018 100 374326 2083498366 41112988 10044066
0b000c01 0b00c101 10014 100 38149 2080469100 44162441 10015881
0b000e01 0b00cd01 10016 100 894609 2078434232 46217469 10087685
0b000d01 0b00c201 10009 100 55989 2096034824 28620486 10017374
0b000c01 0b00cd01 10013 100 36421 2082365395 42307411 10015735
0b000201 0b00c401 10008 100 1575208 2068669025 56025917 10144748
0b000601 0b00cb01 10010 100 44757 2077523203 47174855 10016433
0b000101 0b00cb01 10014 100 929464 2085737470 38969091 10090608
0b000c01 0b00cd01 10010 100 349241 2066092197 58632859 10041963
0b000f01 0b00c901 10005 100 2927967 2033988533 90808728 10258160
0b000001 0b00c101 10005 100 1546786 2059491579 65306196 10142363
0b000401 0b00c501 10019 100 1066412 2079491120 45394459 10102090
0b000301 0b00cc01 10007 100 1127715 2071652005 53247380 10107228
0b000f01 0b00c201 10010 100 33194 2087412738 37602884 10015466
0b000501 0b00c201 10002 100 2276235 2050583355 74486349 10203522
0b000c01 0b00c501 10011 100 188951 2089924018 35223379 10028521
0b000601 0b00cc01 10011 100 1894660 2048156780 77023917 10171529
0b000501 0b00c301 10001 100 4099054 2023295726 101901573 10356348
0b000201 0b00cd01 10015 100 53847 2089206777 36060840 10017195
0b000d01 0b00c601 10012 100 158211 2098229796 27051979 10025947
0b000c01 0b00ca01 10014 100 66454 2080253184 45036346 10018253
0b000801 0b00c801 10006 100 1951666 2058788636 66579481 10176308
0b000d01 0b00c001 10002 100 4811303 2008588560 116801813 10416062
0b000101 0b00cc01 10013 100 20067 2089768385 35643919 10014366
0b000501 0b00ce01 10018 100 39587 2089119263 36310634 10016000
0b000f01 0b00cc01 10010 100 9921 2090943300 34491561 10013512
0b000c01 0b00cf01 10007 100 1374460 2066374477 59073089 10127916
0b000b01 0b00c901 10013 100 20722 2087618770 37841099 10014418
0b000301 0b00cc01 10010 100 8804 2098668743 26848963 10013418
0b000b01 0b00c901 10005 100 1831105 2051113152 74431818 10166203
0b000a01 0b00ca01 10012 100 238148 2093973999 31633109 10032649
0b000601 0b00c501 10015 100 13718 2089333958 36309262 10013831
0b000c01 0b00c801 10010 100 701577 2086750816 38893137 10071501
0b000301 0b00c701 10006 100 2993639 2038474354 87202916 10263668
0b000e01 0b00c901 10005 100 67030 2070359432 55333202 10018303
0b000f01 0b00c501 10006 100 2346419 2047865387 77925118 10209406
0b000901 0b00c201 10011 100 905834 2088328889 37489177 10088625
0b000a01 0b00c701 10014 100 68694 2090796847 35057272 10018440
0b000b01 0b00c101 10007 100 69577 2066510767 59354067 10018514
0b000601 0b00ce01 10009 100 397615 2077425638 48457063 10046017
0b000b01 0b00cc01 10015 100 99930 2086320482 39585506 10021058
0b000401 0b00ce01 10016 100 9921 2099091855 26919077 10013512
0b000f01 0b00cb01 10013 100 25075 2097939761 28111970 10014785
0b000e01 0b00cc01 10012 100 5474 2089396391 36677882 10013140
0b000201 0b00cc01 10011 100 722595 2098286836 27836607 10073263
0b000401 0b00c201 10012 100 4804 2088408291 37727933 10013083
0b000b01 0b00ca01 10012 100 8405 2085656458 40482396 10013386
0b000501 0b00c001 10008 100 73972 2087155099 39070657 10018881
0b000401 0b00c501 10016 100 1994832 2058944868 67425501 10179927
0b000f01 0b00c101 10017 100 15538 2084779042 41656800 10013984
0b000c01 0b00c701 10011 100 1535744 2065203432 61261536 10141437
0b000001 0b00c301 10010 100 74919 2095871598 30599330 10018961
0b000801 0b00c801 10014 100 5805 2098924327 27740671 10013167
0b000801 0b00c501 10010 100 8013 2090616080 36086025 10013355
0b000801 0b00c701 10010 100 28709 2082408650 44314836 10015088
0b000801 0b00ce01 10016 100 748969 2085730947 41041133 10075473
0b000201 0b00cc01 10010 100 152477 2090856446 35983172 10025465
0b000401 0b00cb01 10012 100 20409 2090796815 36083323 10014393
0b000201 0b00ce01 10016 100 54075 2090894324 35988964 10017217
0b000601 0b00c001 10005 100 685813 2078532080 48416331 10070179
0b000d01 0b00c401 10010 100 2665 2085369551 41620095 10012904
0b000401 0b00cd01 10011 100 1096011 2077118272 49893231 10104573
0b000d01 0b00c601 10010 100 60075 2091214917 35876263 10017720
0b000e01 0b00c901 10010 100 135921 2089994831 37157573 10024075
0b000401 0b00c001 10009 100 1929058 2054242090 72925406 10174415
0b000d01 0b00c801 10012 100 668421 2096515777 30678338 10068722
0b000401 0b00c501 10020 100 58248 2088210145 38998837 10017566
0b000301 0b00c901 10015 100 47593 2084688997 42586638 10016671
0b000501 0b00ce01 10019 100 555211 2091258272 36081370 10059231
0b000701 0b00cd01 10009 100 193518 2085998655 41341781 10028906
0b000101 0b00cb01 10012 100 657938 2082590503 44868284 10067841
0b000e01 0b00c501 10011 100 79155 2090835987 36694245 10019319
0b000901 0b00c201 10009 100 7935 2069223639 58316741 10013345
0b000401 0b00c201 10013 100 20132 2094954312 32592517 10014371
0b000401 0b00cf01 10014 100 50460 2082746481 44863686 10016912
0b000801 0b00cc01 10007 100 28312 2068965298 58646039 10015056
0b000901 0b00ce01 10009 100 63298 2086291394 41364276 10017989
0b000801 0b00cd01 10009 100 13751 2083534402 44137779 10013833
0b000601 0b00ca01 10009 100 1007 2090211779 37512733 10012768
0b000901 0b00c701 10005 100 54676 2087510406 40438014 10017265
0b000401 0b00c601 10011 100 583 2092444881 35516238 10012730
0b000401 0b00cf01 10008 100 2559045 2051141762 76883569 10227234
0b000401 0b00ca01 10010 100 36750 2075029945 53033936 10015762
0b000a01 0b00c601 10005 100 4128 2093964983 34115018 10013029
0b000201 0b00c101 10013 100 17911 2092606122 35479262 10014182
0b000c01 0b00c001 10014 100 880056 2092806793 35316663 10086467
0b000e01 0b00c201 10007 100 1348323 2051507394 76814379 10125726
0b000c01 0b00cf01 10011 100 11781 2091305469 37133952 10013668
0b000301 0b00c001 10005 100 25930 2091827917 36649221 10014854
0b000401 0b00c701 10010 100 64775 2091421709 37221505 10018111
0b000d01 0b00cc01 10004 100 3271279 2038342113 90411386 10286946
0b000601 0b00cf01 10012 100 50204 2084121693 44699029 10016892
0b000901 0b00ce01 10010 100 193215 2087745792 41109686 10028882
0b000301 0b00ca01 10008 100 2227760 2046522641 82430278 10199456
0b000e01 0b00c301 10012 100 73782 2092729432 36226988 10018866
0b000601 0b00c801 10011 100 9274 2073661260 55306277 10013460
0b000601 0b00c201 10011 100 823854 2082359702 46629045 10081752
0b000c01 0b00cd01 10016 100 57479 2084563420 44455115 10017501
0b000501 0b00cd01 10011 100 36888 2091022605 38062478 10015773
0b000201 0b00c601 10007 100 744071 2063771844 65331868 10075066
0b000201 0b00cf01 10010 100 964060 2082967202 46141194 10093510
0b000101 0b00cf01 10012 100 1012 2096222577 32965046 10012768
0b000401 0b00cf01 10015 100 627189 2082856864 46340831 10065266
0b000b01 0b00c201 10009 100 6331 2084753361 44464837 10013213
0b000a01 0b00c101 10010 100 855159 2065325394 63895797 10084379
0b000d01 0b00c101 10005 100 20141 2070728755 58498959 10014371
0b000801 0b00cd01 10010 100 50202 2086217759 43016811 10016892
0b000d01 0b00cf01 10013 100 33881 2096799959 32504686 10015521
0b000101 0b00c701 10011 100 6080 2075549089 53793730 10013193
0b000401 0b00c501 10021 100 21763 2094847054 34631831 10014505
0b000e01 0b00c801 10009 100 2106179 2032572238 96924365 10189265
0b000201 0b00c301 10012 100 77937 2095503154 34023833 10019214
0b000f01 0b00ce01 10009 100 1304760 2084082820 45449096 10122072
0b000f01 0b00c301 10012 100 28602 2097476658 32068989 10015079
0b000301 0b00ce01 10007 100 12661 2092651635 36938806 10013742
0b000a01 0b00c101 10012 100 2154609 2067578828 62063918 10193323
0b000901 0b00c301 10014 100 195 2084138090 45525190 10012699
0b000a01 0b00ce01 10013 100 9032 2087637592 42034553 10013440
0b000e01 0b00ce01 10005 100 3491 2081642233 48049638 10012974
0b000601 0b00c201 10009 100 1761244 2060972632 68789598 10160345
0b000701 0b00c601 10010 100 54334 2091334028 38435960 10017237
0b000901 0b00cf01 10010 100 848761 2066421983 63387807 10083841
0b000801 0b00cf01 10008 100 378799 2089041180 40797945 10044439
0b000a01 0b00c101 10016 100 3359 2095890541 33986211 10012964
0b000701 0b00c401 10009 100 789089 2073691637 56249491 10078840
0b000501 0b00cc01 10016 100 127781 2082222428 47861434 10023394
0b000601 0b00c201 10013 100 7242 2094648548 35549066 10013290
0b000001 0b00cb01 10012 100 618132 2081476120 48740017 10064507
0b000b01 0b00c401 10006 100 399449 2086568199 43685284 10046171
0b000601 0b00c101 10014 100 46227 2085298020 44972341 10016558
0b000801 0b00c801 10013 100 91502 2093796876 36651030 10020353
0b000401 0b00c901 10005 100 3030167 2032473636 97985778 10266732
0b000f01 0b00c001 10011 100 51583 2095395916 35089365 10017006
0b000801 0b00c601 10014 100 26715 2095704872 34795971 10014920
0b000901 0b00c701 10006 100 22271 2096187833 34316544 10014550
0b000c01 0b00c201 10015 100 105662 2093321828 37195701 10021540
0b000301 0b00cd01 10012 100 815144 2081350736 49180064 10081024
0b000d01 0b00cc01 10012 100 365522 2082709895 47827979 10043327
0b000d01 0b00cc01 10009 100 1666740 2054287565 76269714 10152420
0b000801 0b00cf01 10003 100 2935984 2046190567 84460495 10258832
0b000801 0b00cd01 10011 100 124867 2086407230 44300870 10023149
0b000001 0b00c601 10008 100 2801 2093562951 37293869 10012915
0b000c01 0b00cc01 10009 100 501161 2098041047 32932034 10054700
0b000801 0b00cf01 10009 100 69589 2093098819 37997362 10018515
0b000801 0b00ce01 10019 100 16784 2091993929 39115136 10014088
0b000201 0b00ce01 10017 100 15905 2093524536 37590668 10014013
0b000d01 0b00c101 10009 100 65766 2086294652 44873874 10018194
0b000301 0b00c301 10010 100 14413 2094521118 36694224 10013890
0b000601 0b00c401 10015 100 192257 2094299937 36927209 10028801
0b000b01 0b00c501 10012 100 10893 2074437785 56794766 10013593
0b000f01 0b00cb01 10011 100 73091 2086311318 44930748 10018811
0b000d01 0b00c901 10005 100 21165 2091901319 39414506 10014457
0b000a01 0b00c401 10016 100 28298 2085140677 46208224 10015055
0b000001 0b00cb01 10011 100 172378 2080567417 50942951 10027134
0b000f01 0b00c101 10021 100 125625 2096770011 34748900 10023213
0b000a01 0b00c501 10005 100 1942693 2067217411 64508404 10175556
0b000401 0b00cb01 10011 100 158024 2086845986 44978543 10025932
0b000701 0b00c201 10012 100 7226 2099227023 32608304 10013288
0b000401 0b00c601 10009 100 72216 2084795519 47087179 10018737
0b000301 0b00c401 10013 100 199193 2090941732 40998598 10029383
0b000a01 0b00cb01 10014 100 68665 2095415033 36552223 10018438
0b000901 0b00ca01 10012 100 32968 2095820654 36176293 10015444
0b000b01 0b00c901 10016 100 57985 2093191344 38822922 10017541
0b000101 0b00ce01 10017 100 187862 2093259355 38796186 10028430
0b000a01 0b00c001 10006 100 78814 2085194915 46863107 10019288
0b000001 0b00cb01 10003 100 3876266 2025467207 106677712 10337668
0b000601 0b00c701 10010 100 158747 2088483513 43689622 10025990
0b000301 0b00c301 10001 100 6381767 2007540628 124637460 10547728
0b000701 0b00c001 10002 100 2018750 2032231840 99951408 10181932
0b000201 0b00c301 10009 100 69640 2076489758 55721464 10018520
0b000a01 0b00ca01 10002 100 4325220 2013509791 118713104 10375309
0b000901 0b00c501 10016 100 51177 2075298286 56996953 10016973
0b000d01 0b00ce01 10017 100 63715 2095750575 36595384 10018022
0b000901 0b00ce01 10011 100 199285 2090072833 42346338 10029390
0b000c01 0b00ca01 10016 100 13120 2090017496 42408517 10013783
0b000501 0b00cf01 10011 100 77628 2091614122 40898139 10019189
0b000101 0b00c901 10005 100 62616 2085254856 47360626 10017931
0b000f01 0b00c401 10017 100 108705 2096082336 36601035 10021794
0b000601 0b00c001 10007 100 977645 2078915751 53793709 10094647
0b000601 0b00c601 10014 100 961524 2075574907 57169980 10093296
0b000001 0b00c201 10015 100 966020 2094969648 37942414 10093674
0b000801 0b00c901 10006 100 72668 2081844697 51094777 10018773
0b000501 0b00c501 10017 100 441576 2077534793 55418521 10049703
0b000401 0b00c401 10016 100 855146 2099762608 33322911 10084378
0b000d01 0b00c401 10012 100 491122 2087297568 45794563 10053859
0b000d01 0b00c701 10010 100 42963 2084451056 48643649 10016282
0b000701 0b00cf01 10016 100 32672 2097396065 35755158 10015420
0b000801 0b00c401 10013 100 975 2091400228 41776498 10012761
0b000201 0b00cb01 10010 100 1659030 2074438983 58748230 10151776
0b000801 0b00cb01 10014 100 64383 2086043457 47186628 10018080
0b000b01 0b00ce01 10008 100 1608787 2060762355 72468044 10147561
0b000b01 0b00c901 10008 100 1062348 2063643535 69623708 10101749
0b000d01 0b00c401 10009 100 1019193 2084503826 48802919 10098132
0b000101 0b00c701 10013 100 1019013 2082591423 50808587 10098117
0b000e01 0b00c401 10016 100 44449 2084463284 48995990 10016408
0b000e01 0b00c201 10013 100 66564 2096503965 36997776 10018262
0b000501 0b00cd01 10009 100 4747 2088252992 45357955 10013078
0b000801 0b00c201 10015 100 876081 2086055887 47619881 10086134
0b000101 0b00c701 10015 100 32912 2086870283 46873354 10015439
0b000301 0b00c901 10009 100 2177428 2052684777 81111467 10195237
0b000c01 0b00cd01 10017 100 7120 2094169567 39675287 10013280
0b000001 0b00cb01 10013 100 792780 2091112611 42972374 10079147
0b000201 0b00c501 10012 100 400273 2092538361 41586926 10046241
0b000b01 0b00c101 10010 100 4610 2094438164 39699375 10013068
0b000501 0b00cc01 10011 100 1969131 2055580503 78608345 10177775
0b000801 0b00c701 10011 100 30944 2088109842 46135919 10015274
0b000701 0b00c601 10009 100 178903 2071448970 62801662 10027679
0b000501 0b00cf01 10010 100 25910 2091559586 42805128 10014852
0b000401 0b00c901 10011 100 1923625 2063146751 71285171 10173958
0b000d01 0b00c601 10011 100 33186 2096258777 38260489 10015465
0b000801 0b00c301 10009 100 1116875 2076402485 58118216 10106319
0b000901 0b00c901 10010 100 33688 2088563449 45978233 10015505
0b000201 0b00cb01 10013 100 1897132 2097899111 36667326 10171738
0b000a01 0b00cc01 10016 100 166031 2086323054 48286434 10026603
0b000401 0b00c801 10006 100 70049 2098336321 36356068 10018556
0b000001 0b00c901 10007 100 1478211 2068946624 65828485 10136616
0b000901 0b00c401 10010 100 26356 2096883792 38008401 10014892
0b000a01 0b00c201 10011 100 55925 2075225915 59746071 10017369
0b000601 0b00cb01 10011 100 17734 2088576503 46407243 10014167
0b000301 0b00c601 10012 100 59914 2090819551 44211183 10017703
0b000701 0b00c601 10012 100 8625 2095392055 39686489 10013404
0b000a01 0b00c501 10008 100 17059 2097252178 37900899 10014113
0b000f01 0b00c601 10012 100 21016 2077273470 57932735 10014445
0b000001 0b00c701 10007 100 6462 2096673935 38534483 10013223
0b000501 0b00c101 10020 100 192270 2094121184 41128613 10028802
0b000601 0b00cb01 10009 100 25555 2075710062 59590884 10014824
0b000101 0b00cb01 10013 100 1605717 2085035142 50399840 10147304
0b000401 0b00cd01 10015 100 23431 2098200337 37242550 10014646
0b000201 0b00c001 10012 100 5678 2096545014 39063188 10013157
0b000301 0b00c301 10011 100 2465 2096595809 39050251 10012888
0b000d01 0b00c801 10008 100 1025705 2074660957 61109922 10098676
0b000601 0b00c801 10010 100 1529102 2069952933 65945647 10140883
0b000301 0b00c801 10010 100 1092614 2074814991 61085640 10104286
0b000601 0b00c701 10012 100 7079 2098870477 37182858 10013277
0b000101 0b00cd01 10011 100 1419367 2071861063 64207088 10131682
0b000601 0b00ce01 10012 100 163337 2094194861 41981104 10026376
0b000a01 0b00c201 10010 100 1866135 2072254859 63966186 10169140
0b000a01 0b00c701 10016 100 603304 2096191401 40040728 10063263
0b000301 0b00ca01 10017 100 6221 2099430282 36817720 10013204
0b000c01 0b00cd01 10007 100 2069385 2046973719 89303115 10186179
0b000d01 0b00cd01 10014 100 1258813 2090779555 45522833 10118219
0b000e01 0b00c301 10008 100 9662 2078126958 58193647 10013491
0b000201 0b00c001 10011 100 1536861 2094393456 41992401 10141530
0b000d01 0b00c101 10006 100 1322221 2078436282 57969152 10123538
0b000c01 0b00c001 10011 100 1444951 2084940872 51539458 10133824
0b000901 0b00cb01 10010 100 532701 2092453719 44148328 10057342
0b000c01 0b00c301 10015 100 43677 2089681435 46956703 10016343
0b000001 0b00c101 10007 100 48019 2088015341 48735442 10016709
0b000d01 0b00c101 10012 100 189788 2097418122 39409770 10028592
0b000501 0b00c801 10003 100 4503438 2016888502 119964118 10390250
0b000101 0b00cc01 10010 100 3233 2079727330 57179757 10012954
0b000601 0b00c001 10001 100 1546012 2044525049 92383124 10142301
0b000a01 0b00cd01 10010 100 36688 2077267362 59730369 10015757
0b000201 0b00c401 10014 100 1390095 2096796687 40215302 10129229
0b000c01 0b00cd01 10018 100 121496 2097168673 39929312 10022868
0b000f01 0b00c701 10014 100 68297 2098321115 38876238 10018408
0b000301 0b00c901 10016 100 22714 2093602438 43609782 10014585
0b000b01 0b00cf01 10012 100 5041 2087671972 49685830 10013106
0b000b01 0b00ce01 10013 100 223 2087758161 49628503 10012701
0b000201 0b00c301 10011 100 14950 2093981002 43408028 10013933
0b000c01 0b00c101 10012 100 1068397 2071125203 66342082 10102256
0b000b01 0b00cc01 10016 100 45468 2096136400 41499565 10016494
0b000201 0b00cc01 10007 100 2729010 2051156601 86537240 10241484
0b000301 0b00c501 10012 100 142369 2091185911 46548594 10024618
0b000001 0b00cd01 10005 100 7838 2090525622 47293972 10013337
0b000c01 0b00c001 10015 100 54858 2099285039 38593023 10017279
0b000401 0b00c301 10009 100 1299071 2089215220 48787915 10121597
0b000401 0b00cf01 10001 100 11926226 2004723937 133291705 11012577
0b000001 0b00c201 10014 100 321558 2094386651 43716033 10039641
0b000c01 0b00c701 10014 100 4475 2089777542 48481526 10013057
0b000901 0b00cb01 10003 100 4669123 2044522360 93777883 10404142
0b000f01 0b00c701 10013 100 161459 2095280530 43034095 10026218
0b000601 0b00ca01 10008 100 1735050 2073224379 65221370 10158150
0b000501 0b00c301 10016 100 43553 2094363592 44270058 10016333
0b000201 0b00c601 10006 100 1249795 2062728485 75950493 10117463
0b000301 0b00ce01 10004 100 2523670 2045875061 92823162 10224265
0b000a01 0b00c701 10010 100 2536947 2058809946 79928462 10225377
0b000701 0b00cc01 10010 100 1587468 2062075217 76696879 10145775
0b000c01 0b00c101 10002 100 3281546 2010480826 128337721 10287806
0b000201 0b00c801 10012 100 1186035 2077340739 61554730 10112120
0b000e01 0b00ca01 10010 100 74634 2092006383 46922056 10018938
0b000001 0b00c201 10011 100 23205 2080627681 58383324 10014628
0b000901 0b00ca01 10011 100 5742 2093103703 46054180 10013162
0b000101 0b00ce01 10013 100 1568936 2081354307 58010606 10144219
0b000401 0b00cc01 10004 100 107117 2089927471 49465264 10021664
0b000501 0b00c301 10017 100 26059 2098512980 40890300 10014868
0b000301 0b00cd01 10015 100 8650 2096341391 43165546 10013406
0b000301 0b00cb01 10014 100 568 2083723188 55801153 10012729
0b000201 0b00c401 10013 100 4776 2095371403 44175259 10013081
0b000f01 0b00c801 10007 100 2552675 2048024648 91551136 10226697
0b000501 0b00c901 10009 100 3963 2099320652 40271116 10013012
0b000e01 0b00c101 10011 100 30988 2097094679 42587662 10015278
0b000001 0b00c401 10012 100 642614 2083410837 56293935 10066558
0b000701 0b00c001 10013 100 71087 2088710687 51001233 10018643
0b000001 0b00c401 10013 100 16711 2091298017 48455608 10014082
0b000601 0b00ca01 10001 100 4432807 2025244944 114644342 10384327
0b000e01 0b00c501 10010 100 382470 2082985692 56985850 10044748
0b000501 0b00c601 10006 100 3416395 2046220536 93770323 10299112
0b000b01 0b00c001 10013 100 44649 2079902091 60274865 10016424
0b000e01 0b00c801 10015 100 1230084 2049595288 90696373 10115813
0b000d01 0b00ce01 10018 100 38082 2098161241 42156067 10015876
0b000a01 0b00cd01 10011 100 71354 2093978520 46478123 10018664
0b000b01 0b00c401 10007 100 1743 2098435423 42068844 10012827
0b000401 0b00cd01 10013 100 448 2081490300 59023239 10012719
0b000901 0b00ce01 10012 100 44740 2092947824 47686913 10016432
0b000401 0b00c501 10010 100 3317880 2031984097 108779415 10290851
0b000801 0b00cb01 10012 100 87564 2083193763 57701102 10020023
0b000101 0b00cf01 10010 100 558 2092932562 47985851 10012728
0b000e01 0b00ca01 10011 100 9484 2095285624 45684579 10013477
0b000201 0b00c701 10011 100 1742611 2089279680 51823867 10158782
0b000401 0b00cb01 10013 100 26719 2096594994 44709598 10014921
0b000301 0b00c201 10012 100 1371176 2072160896 69262169 10127642
0b000101 0b00c901 10006 100 2039917 2094609977 46922408 10183706
0b000c01 0b00c501 10012 100 1974 2095660876 45968706 10012845
0b000701 0b00cb01 10015 100 6558 2094132972 47508921 10013231
0b000201 0b00cf01 10012 100 1505140 2093599479 48211523 10138874
0b000501 0b00cb01 10004 100 1304115 2078483438 63419455 10122020
0b000a01 0b00ce01 10015 100 68978 2098949837 43016665 10018463
0b000d01 0b00ce01 10011 100 2381825 2064486029 77566314 10212372
0b000d01 0b00c101 10010 100 78469 2091853742 50298812 10019260
0b000a01 0b00c401 10005 100 2604183 2031388717 110933475 10231017
0b000301 0b00cf01 10011 100 56695 2085118918 57250105 10017434
0b000c01 0b00ce01 10025 100 1479150 2073122049 69302034 10136695
0b000d01 0b00c001 10010 100 1508922 2080061450 62368698 10139188
0b000e01 0b00c501 10012 100 4441 2092346945 50090498 10013054
0b000a01 0b00cf01 10011 100 989408 2086033454 56463559 10095634
0b000901 0b00c301 10012 100 349046 2078842627 63721311 10041947
0b000501 0b00c501 10019 100 680831 2095611411 46982366 10069761
0b000001 0b00cc01 10013 100 658159 2089902860 52705272 10067863
0b000401 0b00c001 10010 100 24042 2094829550 47785692 10014699
0b000d01 0b00c001 10012 100 21499 2094656806 48047846 10014484
0b000901 0b00c001 10008 100 4604907 2061782319 80982331 10398755
0b000501 0b00c001 10004 100 3255316 2031389722 111393408 10285608
0b000101 0b00cf01 10011 100 1579920 2095963111 46993206 10145140
0b000301 0b00c401 10015 100 12091 2095681437 47323581 10013697
0b000601 0b00c601 10016 100 52975 2097431117 45723064 10017121
0b000c01 0b00ca01 10008 100 2891701 2033806706 109368486 10255121
0b000201 0b00c801 10013 100 9233 2094735114 48515980 10013457
0b000c01 0b00c701 10004 100 3050907 2019888808 123559495 10268468
0b000001 0b00ce01 10021 100 17360 2096382757 47281803 10014137
0b000b01 0b00cf01 10001 100 9869125 2007980218 135709316 10840110
0b000201 0b00ca01 10011 100 27634 2094738529 48996312 10014998
0b000701 0b00c401 10012 100 163553 2081085498 62853029 10026394
0b000701 0b00ce01 10010 100 719818 2070500965 73475773 10073030
0b000901 0b00c901 10011 100 32056 2097872924 46124852 10015371
0b000f01 0b00cf01 10014 100 654256 2086325766 57894125 10067535
0b000601 0b00c201 10012 100 907792 2086823383 57469490 10088790
0b000501 0b00c501 10015 100 1415560 2064885691 79444889 10131362
0b000a01 0b00c301 10012 100 142482 2086495765 57985751 10024627
0b000301 0b00c201 10006 100 3714888 2039018222 105522537 10324136
0b000a01 0b00cd01 10005 100 3795044 2029863129 114690562 10330860
0b000901 0b00cf01 10014 100 31982 2084487412 60106552 10015361
0b000601 0b00c301 10002 100 2708968 2051966397 92633000 10239800
0b000701 0b00cf01 10017 100 65680 2098567676 46239442 10018187
0b000101 0b00c601 10014 100 68116 2086276745 58645992 10018394
0b000601 0b00ce01 10010 100 5667 2085490442 59487522 10013156
0b000201 0b00ce01 10018 100 182472 2097516107 47482715 10027980
0b000b01 0b00c001 10014 100 797533 2091699098 53434091 10079546
0b000a01 0b00cc01 10019 100 20609 2096476551 48770866 10014409
0b000801 0b00c901 10009 100 1097497 2098560899 46869182 10104696
0b000501 0b00ca01 10009 100 929388 2085144979 60411798 10090602
0b000301 0b00c501 10008 100 1639383 2070080756 75610682 10150128
0b000c01 0b00c001 10000 100 4119649 2016929768 128764300 10358072
0b000001 0b00c401 10001 100 3563392 2033836168 111904636 10311437
0b000501 0b00c301 10010 100 1296509 2073353958 72450503 10121381
0b000e01 0b00c201 10009 100 1654867 2063768438 82077732 10151424
0b000e01 0b00cc01 10007 100 1621791 2064797946 81085339 10148651
0b000401 0b00ce01 10014 100 1774679 2081279668 64628427 10161470
0b000c01 0b00c701 10003 100 3722682 2012730094 133241401 10324790
0b000801 0b00c401 10012 100 1427356 2072395026 73589202 10132352
0b000501 0b00c301 10015 100 1382871 2092422544 53623397 10128620
0b000f01 0b00c301 10015 100 49699 2099364033 46843510 10016847
0b000a01 0b00c401 10017 100 27920 2086214861 60032765 10015021
0b000101 0b00ce01 10016 100 13717 2089333520 56992365 10013831
0b000901 0b00c501 10009 100 4330903 2059593296 86852616 10375783
0b000a01 0b00cc01 10018 100 134890 2092729893 53804599 10023989
0b000801 0b00c801 10007 100 2002843 2060571889 86005318 10180598
0b000e01 0b00cf01 10011 100 1610195 2073554103 73033517 10147681
0b000201 0b00c101 10016 100 34510 2098479944 48449291 10015575
0b000601 0b00c401 10013 100 9931 2087364766 59574872 10013512
0b000101 0b00cc01 10012 100 1981406 2089650988 57392760 10178803
0b000301 0b00cd01 10003 100 4533360 2025702481 121372106 10392759
0b000401 0b00cd01 10002 100 4227894 2021419112 125820159 10367147
0b000d01 0b00cc01 10014 100 74761 2096009892 51321261 10018948
0b000601 0b00c801 10012 100 2166843 2078454933 69062077 10194348
0b000b01 0b00c701 10007 100 1833089 2075787406 72024310 10166369
0b000001 0b00c101 10009 100 490989 2094823225 53248859 10053844
0b000401 0b00c401 10014 100 1572690 2089898267 58182155 10144535
0b000801 0b00ce01 10013 100 1397134 2074768731 73415785 10129819
0b000a01 0b00c501 10009 100 69246 2097957850 50414628 10018488
0b000301 0b00cd01 10001 100 3441553 2011648656 136830646 10301221
0b000d01 0b00ca01 10004 100 3743110 2035002491 113608174 10326505
0b000901 0b00ca01 10008 100 3002436 2064905898 83739209 10264406
0b000d01 0b00c001 10009 100 1936954 2076011288 72918278 10175074
0b000401 0b00cd01 10006 100 3147253 2045314870 103792089 10276548
0b000401 0b00cb01 10003 100 4055974 2035372379 113787116 10352732
0b000001 0b00cd01 10006 100 878989 2097519568 52001835 10086374
0b000e01 0b00c001 10008 100 48846 2095901238 53732725 10016775
0b000501 0b00c801 10014 100 1451601 2077716994 72007942 10134383
0b000f01 0b00c401 10001 100 4381224 2027461643 122443707 10380004
0b000e01 0b00c201 10004 100 3343979 2029192962 120759583 10293039
0b000a01 0b00cc01 10012 100 2539594 2064479234 85780500 10225601
0b000901 0b00c701 10003 100 1123518 2075145705 75121903 10106877
0b000201 0b00c201 10008 100 2521303 2076365184 73921087 10224068
0b000301 0b00c401 10016 100 1879052 2097822633 52521376 10170223
0b000c01 0b00c001 10013 100 828162 2087386115 63052425 10082116
0b000401 0b00ce01 10006 100 3462492 2024288600 126453927 10302977
0b000c01 0b00c201 10001 100 3204029 2013893264 137054802 10281309
0b000601 0b00ce01 10011 100 1737161 2087129786 63942672 10158326
0b000201 0b00c501 10011 100 1800541 2090896698 60330550 10163639
0b000b01 0b00c601 10019 100 1451381 2097524104 53787390 10134366
0b000501 0b00c001 10009 100 1735595 2098118041 53247527 10158193
0b000d01 0b00c101 10011 100 734335 2092701292 58888400 10074249
0b000301 0b00c101 10002 100 4974437 2011296968 140627661 10429738
0b000201 0b00c101 10014 100 5346 2094617173 57350158 10013130
0b000f01 0b00c801 10015 100 288209 2088248645 63784916 10036846
0b000301 0b00c201 10015 100 445202 2096201588 56632260 10050008
0b000a01 0b00c201 10012 100 951975 2095486348 57411106 10092493
0b000701 0b00cf01 10015 100 31799 2092919925 60003663 10015346
0b000601 0b00cf01 10010 100 2901295 2072821912 80329531 10255927
0b000b01 0b00c701 10009 100 1217845 2079986786 73326908 10114784
0b000101 0b00cf01 10008 100 3507643 2062593863 90954396 10306762
0b000001 0b00c801 10011 100 1805932 2068728451 85129678 10164089
0b000c01 0b00c001 10001 100 3818042 2022495720 131386401 10332788
0b000d01 0b00cb01 10011 100 1072035 2090424113 63833398 10102563
0b000301 0b00ca01 10003 100 3616706 2010208108 144151351 10315905
0b000601 0b00cf01 10014 100 1466677 2087811604 66598298 10135647
0b000001 0b00cb01 10010 100 1187736 2079808923 74632204 10112260
0b000701 0b00cb01 10009 100 2865831 2032919451 121529854 10252951
0b000c01 0b00cb01 10010 100 1958752 2074699727 79794273 10176902
0b000901 0b00c501 10015 100 4032536 2075077561 79442748 10350769
0b000701 0b00ce01 10011 100 1971374 2070911623 83620819 10177962
0b000201 0b00c901 10008 100 3878312 2043034631 111600592 10337840
0b000001 0b00c201 10005 100 6002266 2019111706 135575141 10515912
0b000501 0b00ca01 10010 100 2475341 2089683552 65026624 10220215
0b000501 0b00c701 10005 100 3382791 2034114664 120743564 10296294
0b000301 0b00cd01 10014 100 1742361 2092310390 62692930 10158762
0b000901 0b00c701 10004 100 4813858 2086679490 68327216 10416274
0b000101 0b00c801 10006 100 2576464 2099847093 55322265 10228692
0b000501 0b00c301 10014 100 1474899 2088347967 66825419 10136335
0b000101 0b00cc01 10014 100 2843876 2096437918 58756579 10251111
0b000701 0b00c201 10011 100 296809 2088128896 67087651 10037565
0b000a01 0b00c401 10006 100 3504237 2031457362 124003662 10306478
0b000801 0b00c701 10009 100 1487700 2078362574 77696978 10137409
0b000401 0b00c601 10007 100 2602087 2051799611 104379670 10230842
0b000701 0b00c301 10002 100 4969851 2010745566 145631377 10429352
0b000001 0b00c301 10009 100 1697755 2087818888 68572840 10155020
0b000501 0b00cf01 10012 100 972356 2098255436 58164077 10094204
0b000501 0b00c301 10011 100 3022736 2074858487 81618198 10266107
0b000d01 0b00c601 10009 100 1723579 2083346276 73174432 10157186
0b000501 0b00c401 10011 100 25679 2094636885 62060843 10014834
0b000701 0b00c301 10004 100 3691158 2017212579 139616638 10322149
0b000f01 0b00c001 10010 100 1739104 2079090834 77822321 10158489
0b000501 0b00c201 10007 100 1781878 2092605955 64572361 10162073
0b000801 0b00c101 10013 100 69589 2097010078 60232384 10018515
0b000901 0b00cf01 10015 100 1549586 2093055582 64216493 10142598
0b000301 0b00ca01 10011 100 3858638 2055519321 101825456 10336189
0b000201 0b00cc01 10009 100 3392473 2059173304 98396291 10297106
0b000901 0b00cc01 10010 100 1500586 2095294753 62710645 10138490
0b000401 0b00c901 10016 100 1897397 2098235712 59780749 10171760
0b000001 0b00cc01 10012 100 1291693 2089190138 68836471 10120976
0b000c01 0b00c801 10001 100 3998254 2016439239 141812880 10347896
0b000c01 0b00cb01 10007 100 4617042 2057192595 101291377 10399776
0b000c01 0b00c201 10014 100 1052438 2088828654 69723890 10100918
0b000501 0b00c701 10017 100 24209 2098771242 59798035 10014712
0b000101 0b00c001 10005 100 7642332 2025205809 133369344 10653415
0b000f01 0b00c301 10009 100 3875201 2054169117 104465979 10337579
0b000d01 0b00c601 10005 100 3053434 2039906215 118965871 10268682
0b000301 0b00ca01 10002 100 8230681 2007557343 151619813 10702741
0b000c01 0b00cb01 10002 100 6662804 2007127439 152140981 10571290
0b000201 0b00c601 10008 100 3319061 2067458606 91846612 10290953
0b000901 0b00c501 10014 100 2531555 2074498015 84980651 10224927
0b000f01 0b00ca01 10006 100 3610800 2059325052 100195584 10315410
0b000b01 0b00cd01 10011 100 1913352 2082007810 77828454 10173097
0b000f01 0b00c301 10014 100 88467 2098367918 61488762 10020099
0b000901 0b00c401 10009 100 8763647 2070928723 89219287 10747425
0b000701 0b00c301 10014 100 681084 2099245849 60943917 10069785
0b000501 0b00c801 10016 100 963026 2092324984 68147796 10093423
0b000501 0b00ce01 10010 100 3969229 2052020509 108524119 10345463
0b000401 0b00c401 10015 100 13628 2098019094 62594750 10013824
0b000601 0b00c401 10016 100 2179252 2094343546 66277625 10195391
0b000201 0b00ce01 10015 100 2479134 2090546565 70360442 10220533
0b000101 0b00ce01 10018 100 1479506 2097195344 63799386 10136723
0b000f01 0b00ce01 10005 100 3142483 2053671619 107454214 10276147
0b000c01 0b00c101 10016 100 1164777 2094031740 67361452 10110335
0b000801 0b00c601 10013 100 942960 2093115649 68332764 10091737
0b000901 0b00c601 10006 100 3308934 2087942925 73585521 10290101
0b000b01 0b00cb01 10010 100 1618361 2089171374 72368996 10148365
0b000e01 0b00cc01 10004 100 3220442 2040141310 121439144 10282684
0b000e01 0b00c901 10006 100 1786735 2073199981 88404779 10162480
0b000001 0b00c401 10011 100 2879277 2064925710 96849987 10254081
0b000301 0b00c101 10013 100 1839890 2088665381 73188465 10166936
0b000401 0b00cd01 10009 100 3687848 2065822354 96121873 10321869
0b000401 0b00c401 10013 100 1670664 2072615888 89455801 10152749
0b000f01 0b00cc01 10009 100 1011772 2090543802 71664395 10097507
0b000f01 0b00c301 10013 100 1702233 2097728291 64543341 10155398
0b000201 0b00c301 10013 100 3126577 2098709284 63753660 10274813
0b000401 0b00c901 10015 100 1964542 2085828724 76645926 10177388
0b000301 0b00c401 10017 100 1283070 2099176974 63482625 10120256
0b000c01 0b00c301 10016 100 2167253 2091572894 71267704 10194385
0b000201 0b00cb01 10007 100 4814565 2046740506 116289936 10416334
0b000b01 0b00c201 10006 100 3022364 2050499841 112578115 10266077
0b000101 0b00c001 10012 100 7124564 2067108758 95995177 10610005
0b000601 0b00c301 10004 100 2696358 2083533894 79603505 10238745
0b000301 0b00c101 10003 100 3939195 2050444342 112804398 10342945
0b000601 0b00c301 10005 100 2027771 2098631627 64645255 10182689
0b000c01 0b00cc01 10008 100 1503306 2077077742 86282165 10138719
0b000201 0b00c101 10008 100 4227008 2071145747 92236342 10367076
0b000801 0b00ce01 10007 100 3877798 2041210371 122241009 10337795
0b000601 0b00c201 10006 100 3435522 2046754765 116780054 10300716
0b000801 0b00ca01 10010 100 1216103 2092720352 70844604 10114641
0b000e01 0b00c201 10003 100 3733868 2022878557 140773995 10325728
0b000001 0b00c801 10004 100 2337956 2055834539 107975135 10208694
0b000b01 0b00c601 10007 100 2433289 2037348286 126471446 10216689
0b000c01 0b00c401 10001 100 5659323 2008002112 156176810 10487160
0b000c01 0b00cc01 10003 100 4703025 2067777942 96540429 10406985
0b000401 0b00c801 10004 100 3645855 2068986595 95359506 10318349
0b000701 0b00c901 10006 100 1868754 2082318329 82048196 10169357
0b000501 0b00c501 10018 100 1933469 2088107921 76448530 10174784
0b000e01 0b00c401 10015 100 1536114 2077745467 86898093 10141471
0b000001 0b00c201 10008 100 4709018 2055136882 109513931 10407487
0b000501 0b00c701 10010 100 1907068 2067274669 97435411 10172572
0b000101 0b00c501 10013 100 1961577 2084953725 79768926 10177140
0b000001 0b00c801 10016 100 1833853 2086439742 78328090 10166430
0b000901 0b00ca01 10009 100 9874350 2084287789 80499799 10840548
0b000b01 0b00cd01 10008 100 2664678 2045668275 119231200 10236087
0b000101 0b00c901 10004 100 2500782 2083539662 81435829 10222346
0b000a01 0b00cf01 10008 100 3860628 2055287981 109779286 10336356
0b000b01 0b00cc01 10001 100 7106087 2009004259 156248873 10608457
0b000b01 0b00cc01 10007 100 3848089 2030950992 134421790 10335307
0b000701 0b00cc01 10006 100 2024509 2037145767 128289823 10182416
0b000c01 0b00cb01 10008 100 3810680 2058801262 106680933 10332168
0b000301 0b00c801 10013 100 2308029 2086213659 79396088 10206188
0b000601 0b00c401 10008 100 2477425 2050757248 115023056 10220389
0b000001 0b00c501 10006 100 2779333 2082388955 83532571 10245701
0b000c01 0b00c201 10000 100 5017260 2008487087 157609673 10433329
0b000e01 0b00c301 10013 100 1322292 2098244881 67992125 10123543
0b000101 0b00c801 10004 100 7003308 2030946736 135469472 10599840
0b000001 0b00c901 10011 100 790876 2094539727 71882049 10078987
0b000601 0b00ca01 10006 100 3739137 2053203893 113490044 10326172
0b000e01 0b00c601 10017 100 1082039 2092983473 73764699 10103401
0b000e01 0b00c201 10005 100 2350039 2036671190 130628411 10209710
0b000101 0b00c601 10012 100 2913451 2074475870 92875754 10256945
0b000001 0b00c501 10002 100 5572387 2027639054 139855820 10479871
0b000f01 0b00cc01 10008 100 4014877 2080391952 87110942 10349287
0b000e01 0b00ce01 10007 100 1905736 2099301651 68731820 10172457
0b000001 0b00c301 10004 100 4846666 2046648929 121392787 10419025
0b000001 0b00cf01 10004 100 6478796 2033124751 135159813 10555863
0b000a01 0b00c701 10012 100 3214828 2073375965 95048552 10282211
0b000601 0b00c701 10005 100 2858115 2056520922 112559172 10252307
0b000b01 0b00c901 10015 100 1672124 2092401988 76840651 10152874
0b000d01 0b00c001 10013 100 1750060 2095337327 74093576 10159408
0b000d01 0b00c301 10011 100 1744368 2087532152 82181502 10158930
0b000b01 0b00c001 10009 100 2849913 2069525080 100295068 10251617
0b000901 0b00c001 10006 100 8826520 2036180610 133675384 10752697
0b000f01 0b00c801 10011 100 4322029 2071990931 97925207 10375042
0b000b01 0b00c601 10002 100 5485934 2014931468 155007486 10472620
0b000b01 0b00c901 10001 100 5563848 2019096204 150903935 10479153
0b000001 0b00ce01 10009 100 7915644 2043455543 127100184 10676328
0b000101 0b00cc01 10009 100 3186402 2074311185 96247938 10279830
0b000f01 0b00c601 10006 100 4147239 2046673225 123962118 10360387
0b000301 0b00ca01 10016 100 1897602 2094293411 76386617 10171776
0b000801 0b00c401 10008 100 4604576 2046556607 124495052 10398729
0b000701 0b00cd01 10002 100 2798273 2016092383 155136888 10247290
0b000f01 0b00c601 10014 100 1732152 2088281450 83049075 10157906
0b000501 0b00cb01 10003 100 2249442 2069066705 102335430 10201275
0b000701 0b00cb01 10016 100 982647 2095101845 76610122 10095066
0b000e01 0b00c201 10008 100 2841080 2054659275 117264944 10250879
0b000901 0b00ca01 10013 100 5364416 2097097418 74843778 10462434
0b000801 0b00ce01 10015 100 1768191 2085030584 87133622 10160928
0b000c01 0b00c701 10002 100 6824515 2010680622 161596210 10584849
0b000d01 0b00cd01 10001 100 8931814 2006673160 165639683 10761524
0b000901 0b00c301 10008 100 9383102 2050574770 121910722 10799362
0b000001 0b00c601 10009 100 1810827 2098709586 74117382 10164500
0b000c01 0b00cb01 10009 100 1945102 2061703757 111499244 10175760
0b000401 0b00c601 10010 100 1902732 2089748195 83533564 10172206
0b000f01 0b00c401 10010 100 3080403 2063645052 109669858 10270943
0b000301 0b00cb01 10015 100 3261085 2086526677 86847609 10286092
0b000c01 0b00c201 10004 100 6425226 2017517359 156437100 10551373
0b000c01 0b00c101 10009 100 2392905 2056277140 117751263 10213301
0b000101 0b00c901 10003 100 10927579 2066957502 107323316 10928849
0b000301 0b00c901 10006 100 6166265 2020084401 154235674 10529662
0b000f01 0b00c701 10006 100 5124140 2045461726 128961174 10442291
0b000b01 0b00c001 10007 100 2998823 2055033020 119458198 10264102
0b000701 0b00c401 10017 100 1814071 2097269884 77523880 10164775
0b000d01 0b00c701 10003 100 3471783 2034007458 140847956 10303755
0b000101 0b00c201 10011 100 3000466 2098715869 76280277 10264241
0b000701 0b00c701 10008 100 3626247 2024203060 150903372 10316707
0b000d01 0b00c301 10005 100 7882354 2042383783 133266863 10673539
0b000801 0b00c901 10002 100 4853540 2046633406 129232874 10419602
0b000b01 0b00c501 10002 100 7087559 2014133087 161872262 10606902
0b000901 0b00c501 10008 100 9523749 2059385333 116638085 10811152
0b000201 0b00cd01 10008 100 6031509 2043642370 133083502 10518363
0b000e01 0b00cc01 10002 100 4255397 2025880551 150894722 10369454
0b000501 0b00cc01 10017 100 2138533 2096067192 80931593 10191976
0b000701 0b00cf01 10005 100 2673991 2038509834 138757696 10236867
0b000f01 0b00c901 10003 100 4005285 2028592827 148775123 10348485
0b000801 0b00c501 10011 100 1666157 2092890417 84479410 10152373
0b000701 0b00c601 10011 100 2301410 2094601841 82788754 10205632
0b000601 0b00c401 10009 100 3302204 2050828780 126652751 10289539
0b000201 0b00cb01 10012 100 4102794 2092324615 85286594 10356659
0b000a01 0b00c001 10002 100 8150570 2043089123 134599043 10696025
0b000a01 0b00c401 10007 100 3832581 2041636769 136076061 10334005
0b000c01 0b00c101 10010 100 4998733 2057689089 120379672 10431774
0b000001 0b00c301 10001 100 6342369 2024750923 153357943 10544426
0b000301 0b00c201 10001 100 5179216 2015971597 162832254 10446908
0b000d01 0b00cd01 10004 100 8759721 2019959150 158867282 10747096
0b000801 0b00ce01 10018 100 1779202 2090760202 88120420 10161851
0b000d01 0b00c301 10009 100 3218225 2073459623 105440457 10282498
0b000a01 0b00c801 10009 100 4260560 2064089109 114928329 10369887
0b000c01 0b00c601 10005 100 3515111 2044950494 134191976 10307390
0b000f01 0b00ce01 10011 100 2323605 2095859735 83887971 10207492
0b000601 0b00c101 10008 100 3742054 2061049754 118711526 10326417
0b000801 0b00c401 10014 100 2003423 2099487530 80277177 10180649
0b000001 0b00c401 10000 100 5695131 2021199016 158836049 10490163
0b000601 0b00c801 10003 100 4178160 2033427757 146957195 10362980
0b000c01 0b00cf01 10008 100 2490623 2071307823 109216352 10221495
0b000201 0b00cf01 10004 100 8382695 2029754507 151218679 10715486
0b000601 0b00c501 10008 100 5902743 2043381295 137737466 10507566
0b000b01 0b00c301 10005 100 1663872 2081488621 99819758 10152179
0b000d01 0b00cd01 10013 100 5398273 2085602510 95706913 10465274
0b000d01 0b00ca01 10010 100 2060599 2094733188 86711628 10185442
0b000001 0b00cd01 10003 100 2101424 2064265241 117486083 10188865
0b000f01 0b00cd01 10019 100 2356097 2095514973 86508721 10210218
0b000c01 0b00ca01 10009 100 5043835 2037323595 144718308 10435555
0b000f01 0b00cd01 10003 100 6414624 2023724919 158790389 10550483
0b000f01 0b00cd01 10001 100 6568436 2016489899 166035633 10563379
0b000b01 0b00c501 10003 100 6499693 2014833551 167960468 10557615
0b000d01 0b00c101 10004 100 4499025 2063921275 118905787 10389882
0b000a01 0b00c101 10015 100 3467386 2095669683 87376495 10303388
0b000601 0b00cf01 10004 100 4609392 2041200417 142042966 10399133
0b000e01 0b00c101 10009 100 1822932 2066888242 116376290 10165514
0b000101 0b00c501 10010 100 8558810 2055187270 128728149 10730251
0b000601 0b00c501 10016 100 6689487 2094112749 90053859 10573528
0b000801 0b00c301 10005 100 4643175 2058967442 125410760 10401966
0b000601 0b00cd01 10014 100 4277534 2074774269 109701780 10371310
0b000a01 0b00c501 10002 100 7373180 2049058158 135983835 10630850
0b000a01 0b00ce01 10010 100 4941179 2079260199 106116832 10426951
0b000501 0b00c901 10007 100 3452226 2077581835 108191829 10302117
0b000801 0b00c101 10004 100 5551785 2030134587 155754441 10478142
0b000301 0b00cb01 10003 100 7382542 2010877860 175082532 10631634
0b000701 0b00ca01 10001 100 5338172 2016810356 169230758 10460235
0b000d01 0b00cc01 10010 100 4642155 2073991490 112103358 10401881
0b000601 0b00c901 10004 100 4694659 2025892422 160289119 10406281
0b000001 0b00cc01 10007 100 3248827 2044858093 141556915 10285062
0b000d01 0b00cd01 10009 100 3598436 2054615435 132161645 10314375
0b000801 0b00cd01 10013 100 1623386 2096379381 90562935 10148787
0b000001 0b00c201 10003 100 7230682 2014967872 172077323 10618901
0b000a01 0b00cc01 10002 100 6820968 2028105376 159035866 10584550
0b000d01 0b00c401 10006 100 3917161 2063723576 123642067 10341098
0b000a01 0b00c201 10007 100 3374276 2049921212 137577895 10295582
0b000701 0b00c601 10004 100 3264841 2031994982 155561747 10286404
0b000e01 0b00c401 10014 100 1991763 2076341736 111218280 10179670
0b000201 0b00c201 10007 100 7450177 2073473019 114132710 10637306
0b000b01 0b00c701 10008 100 4063569 2076819174 110791660 10353371
0b000501 0b00cd01 10008 100 4881735 2083461258 104496736 10421965
0b000f01 0b00c501 10003 100 7947522 2032373084 155679346 10679002
0b000d01 0b00ce01 10014 100 3229021 2086402121 101725635 10283404
0b000b01 0b00c801 10003 100 4460512 2049270758 138892441 10386651
0b000f01 0b00c401 10012 100 2481172 2075807949 112677880 10220704
0b000501 0b00c401 10004 100 5551328 2037130052 151492596 10478105
0b000d01 0b00cd01 10010 100 8996650 2063549469 125585821 10766960
0b000701 0b00ce01 10014 100 2337932 2079106464 110258441 10208692
0b000801 0b00c901 10004 100 5051549 2049606802 140069211 10436203
0b000201 0b00cb01 10009 100 5679235 2064224777 125462633 10488830
0b000801 0b00c601 10012 100 2085186 2084812315 104903123 10187505
0b000101 0b00cd01 10007 100 4757070 2054442449 135483657 10411516
0b000e01 0b00c701 10011 100 3179894 2053399454 136592748 10279282
0b000a01 0b00cc01 10017 100 4370660 2087649631 102368068 10379117
0b000f01 0b00c201 10011 100 5889653 2091073807 99097096 10506469
0b000d01 0b00c801 10001 100 7720047 2022385267 168040638 10659932
0b000901 0b00ce01 10013 100 8753307 2093058969 97481500 10746559
0b000d01 0b00cf01 10008 100 4352180 2054844791 135891738 10377569
0b000a01 0b00cb01 10011 100 2655180 2055593671 135285735 10235293
0b000f01 0b00cb01 10005 100 6699886 2039229398 151717850 10574398
0b000701 0b00c701 10012 100 2167489 2057227827 133951288 10194404
0b000401 0b00cb01 10010 100 6414978 2080450463 110755743 10550511
0b000101 0b00cc01 10002 100 20272100 2018268373 173040042 11712296
0b000d01 0b00c801 10005 100 9292008 2040533273 150837899 10791725
0b000e01 0b00c301 10006 100 3442869 2061825763 129627355 10301330
0b000801 0b00c801 10010 100 2629288 2076201651 115877823 10233122
0b000401 0b00c801 10003 100 8266549 2054012086 138109418 10705749
0b000b01 0b00c901 10009 100 2128732 2066935115 125305191 10191153
0b000b01 0b00c101 10002 100 4094936 2036180303 156281800 10355999
0b000401 0b00ce01 10002 100 9365895 2006484777 186510598 10797917
0b000d01 0b00cf01 10009 100 4402708 2060328328 132733715 10381804
0b000601 0b00c401 10011 100 4008644 2058059270 135654067 10348766
0b000201 0b00c801 10011 100 5039688 2074266688 119489330 10435208
0b000b01 0b00c601 10006 100 4804676 2032132026 161953610 10415505
0b000f01 0b00c001 10003 100 4823268 2038383896 155759323 10417065
0b000101 0b00c701 10007 100 8684464 2051318442 143077414 10740787
0b000001 0b00c801 10012 100 3243309 2071636529 122976596 10284601
0b000601 0b00cf01 10011 100 13158936 2078629124 116150494 11115925
0b000b01 0b00c201 10008 100 7840240 2069381240 125486000 10670008
0b000401 0b00c001 10005 100 4605972 2020119929 174939135 10398844
0b000801 0b00ca01 10009 100 1767444 2092646189 102453042 10160864
0b000d01 0b00ca01 10006 100 5482321 2040035479 155539144 10472320
0b000401 0b00c701 10004 100 4338708 2052419683 143374157 10376438
0b000301 0b00cf01 10000 100 8404389 2008149566 187754400 10717306
0b000701 0b00c701 10011 100 3986084 2053359994 142624259 10346876
0b000c01 0b00c101 10015 100 7274208 2089403136 106927059 10622552
0b000f01 0b00cf01 10002 100 9019927 2019630139 176726509 10768910
0b000d01 0b00c701 10007 100 9515852 2053525189 143696711 10810489
0b000501 0b00cb01 10002 100 5742152 2038926658 158314244 10494105
0b000b01 0b00cf01 10010 100 3938725 2078073407 119498308 10342903
0b000601 0b00c701 10007 100 6716995 2067313877 130461678 10575832
0b000801 0b00c001 10016 100 6867973 2058698154 139425749 10588490
0b000501 0b00c601 10012 100 3698411 2078163522 120062826 10322757
0b000b01 0b00c301 10003 100 5489027 2041043306 157188659 10472883
0b000401 0b00c501 10015 100 7842988 2058278431 140121732 10670236
0b000a01 0b00ce01 10014 100 7690378 2089730416 108894010 10657443
0b000201 0b00cb01 10008 100 7845690 2048452908 151165578 10670463
0b000d01 0b00ce01 10002 100 8638689 2011145304 188615804 10736948
0b000801 0b00c001 10009 100 5048542 2041766798 158525128 10435951
0b000601 0b00c801 10009 100 9814234 2057755439 142851588 10835508
0b000d01 0b00c101 10002 100 6849437 2011903726 188752399 10586938
0b000c01 0b00c001 10002 100 4938278 2022508374 178344512 10426708
0b000501 0b00c601 10009 100 6924085 2069137716 131752008 10593198
0b000801 0b00ce01 10012 100 3891361 2068468951 132490677 10338934
0b000501 0b00c401 10008 100 8049105 2064082344 137688416 10687520
0b000701 0b00c301 10010 100 2427107 2066860559 135831761 10216172
0b000b01 0b00c601 10018 100 6010729 2091493067 111212953 10516620
0b000801 0b00c101 10010 100 3077463 2076125279 126721488 10270696
0b000c01 0b00ca01 10013 100 1889726 2071074263 131780336 10171115
0b000e01 0b00c801 10018 100 1853567 2075975187 127135101 10168084
0b000501 0b00cc01 10015 100 5555629 2077529772 125862171 10478465
0b000301 0b00c901 10005 100 9122079 2016675628 186924472 10777478
0b000201 0b00c601 10005 100 3355555 2049608888 154112162 10294011
0b000e01 0b00c701 10007 100 6575361 2026210304 177650648 10563960
0b000601 0b00cd01 10008 100 8024766 2036360818 167571624 10685477
0b000c01 0b00ce01 10022 100 4540631 2065106847 138830199 10393367
0b000e01 0b00c501 10003 100 6222799 2018667804 185313609 10534400
0b000401 0b00c901 10001 100 8106820 2012969044 191284772 10692356
0b000201 0b00c101 10015 100 7977359 2097887159 106624304 10681504
0b000401 0b00c101 10007 100 9524980 2079926348 124701894 10811254
0b000a01 0b00c301 10009 100 4512757 2059706511 145063968 10391030
0b000401 0b00c101 10003 100 9697541 2047954779 157261709 10825723
0b000801 0b00c001 10007 100 9983656 2027704567 177595837 10849711
0b000a01 0b00ca01 10011 100 4904026 2092068028 113253345 10423837
0b000501 0b00cf01 10002 100 7176017 2040530223 164878330 10614321
0b000f01 0b00c001 10002 100 9292537 2017083228 188359367 10791768
0b000801 0b00ca01 10007 100 4042069 2090087519 115398830 10351570
0b000701 0b00c401 10011 100 4025171 2079224809 126264104 10350153
0b000801 0b00c301 10007 100 4978501 2061505637 144692312 10430079
0b000d01 0b00c401 10014 100 6314218 2091138943 115089699 10542067
0b000d01 0b00c001 10011 100 2945294 2093478524 112965226 10259616
0b000101 0b00cb01 10010 100 5926844 2063917891 142874473 10509587
0b000301 0b00c101 10009 100 5131677 2072694532 134526128 10442921
0b000d01 0b00cb01 10001 100 10203913 2019049859 188978588 10868176
0b000201 0b00c801 10010 100 8530001 2071036201 137101631 10727839
0b000501 0b00ca01 10006 100 7415436 2062421613 145970837 10634392
0b000f01 0b00c601 10013 100 4227936 2084206019 124330806 10367150
0b000401 0b00cb01 10009 100 4078518 2069411988 139141914 10354624
0b000501 0b00c801 10009 100 3531417 2034400338 174544863 10308756
0b000c01 0b00c201 10012 100 6369748 2076766468 132397106 10546720
0b000501 0b00c001 10006 100 5204310 2043810967 165539995 10449012
0b000c01 0b00c401 10011 100 9589299 2098946195 110497045 10816649
0b000301 0b00cf01 10008 100 4948181 2051645249 157841631 10427538
0b000301 0b00cd01 10005 100 10158897 2037945236 172098456 10864402
0b000f01 0b00c101 10020 100 7545809 2093126487 117096036 10645321
0b000b01 0b00c201 10005 100 7846569 2041488567 168823056 10670538
0b000c01 0b00cd01 10015 100 7387854 2083718317 127628716 10632078
0b000101 0b00c401 10013 100 9806830 2091463878 120170985 10834885
0b000801 0b00c501 10005 100 4365342 2055356580 156321701 10378672
0b000501 0b00c501 10006 100 4504230 2031123167 181054185 10390317
0b000501 0b00c901 10004 100 8199352 2035975221 176318778 10700116
0b000701 0b00c501 10009 100 3955454 2087141400 125349006 10344307
0b000801 0b00c601 10006 100 8998277 2062871016 149627021 10767098
0b000001 0b00cf01 10016 100 3056420 2074975150 137580965 10268932
0b000e01 0b00c201 10012 100 2692838 2090348731 122335395 10238448
0b000101 0b00ce01 10014 100 8365468 2081475729 131448663 10714042
0b000e01 0b00c901 10011 100 3732763 2098571939 114591567 10325635
0b000e01 0b00cb01 10004 100 5390572 2051549626 161733221 10464627
0b000701 0b00c001 10003 100 5659204 2034302992 179276181 10487150
0b000601 0b00c601 10013 100 4989937 2070211092 143476002 10431036
0b000201 0b00cf01 10006 100 13898109 2034445498 179413923 11177900
0b000601 0b00cc01 10005 100 9749130 2025351478 188545769 10830050
0b000001 0b00cf01 10002 100 8986965 2014055728 200102595 10766147
0b000b01 0b00c901 10014 100 8289264 2090961362 123811301 10707654
0b000801 0b00c601 10005 100 6896282 2061685799 154790272 10590867
0b000701 0b00c401 10014 100 6950124 2087400616 129328763 10595381
0b000d01 0b00c401 10004 100 6458115 2034188660 182647072 10554131
0b000e01 0b00c901 10008 100 3153589 2081485105 135593195 10277078
0b000701 0b00ca01 10007 100 4915156 2070596672 147004201 10424769
0b000201 0b00ca01 10004 100 7825779 2032602338 185044602 10668794
0b000c01 0b00cf01 10001 100 4179801 2014734379 202919507 10363115
0b000001 0b00c001 10009 100 6219395 2065334313 152406893 10534116
0b000a01 0b00ce01 10011 100 7694398 2081315941 136507971 10657780
0b000e01 0b00cc01 10010 100 4615542 2082641559 135298960 10399648
0b000901 0b00c101 10008 100 9674148 2065311733 152815243 10823763
0b000001 0b00c401 10006 100 4488260 2054063418 164490353 10388978
0b000a01 0b00c701 10003 100 11384170 2014962206 203795852 10967132
0b000701 0b00c301 10011 100 4799874 2080283469 138503343 10415101
0b000c01 0b00c401 10010 100 4576741 2091131273 128085197 10396394
0b000e01 0b00c601 10016 100 6177503 2076174716 143054778 10530603
0b000701 0b00cc01 10002 100 8740586 2016743030 202684922 10745492
0b000201 0b00c001 10002 100 7495555 2037070678 182990668 10641109
0b000101 0b00c301 10005 100 19037512 2054710856 165362233 11608786
0b000701 0b00c701 10019 100 3607172 2099436918 120730198 10315108
0b000e01 0b00c701 10015 100 3683453 2069662820 150933090 10321502
0b000801 0b00ce01 10004 100 23022790 2031734800 188939609 11942911
0b000b01 0b00c401 10005 100 9631346 2044768035 176117692 10820174
0b000501 0b00c701 10011 100 5040882 2067471795 153684758 10435308
0b000c01 0b00c801 10002 100 6585669 2025560410 195612778 10564823
0b000601 0b00c401 10003 100 8952978 2027803007 193428867 10763297
0b000601 0b00c101 10009 100 3615606 2062815179 158644336 10315813
0b000901 0b00cc01 10009 100 8164413 2069891355 151941075 10697186
0b000401 0b00ca01 10008 100 7527772 2064204595 157965966 10643809
0b000301 0b00cd01 10007 100 9574665 2054237517 168080560 10815421
0b000a01 0b00cd01 10009 100 9517160 2068615279 154115752 10810601
0b000001 0b00cc01 10010 100 2981652 2073351258 149528857 10262663
0b000201 0b00cc01 10008 100 4396034 2054411362 168838041 10381247
0b000601 0b00ca01 10011 100 7917492 2094906045 129009053 10676484
0b000801 0b00cc01 10008 100 3297242 2084575684 139707568 10289123
0b000701 0b00c801 10007 100 9070114 2030108513 194442001 10773121
0b000401 0b00c401 10011 100 14662584 2067660768 157297843 11241992
0b000f01 0b00c501 10005 100 11759955 2045484261 179627511 10998634
0b000401 0b00ce01 10015 100 14060312 2084702131 140747852 11191499
0b000d01 0b00c301 10004 100 9202815 2031362512 194372160 10784244
0b000e01 0b00cd01 10006 100 5123194 2033101648 192888692 10442211
0b000f01 0b00cd01 10016 100 2220095 2086263579 139738233 10198816
0b000701 0b00c101 10003 100 10981048 2021942157 204328805 10933334
0b000e01 0b00c001 10009 100 8292122 2096067715 130556705 10707894
0b000501 0b00c501 10013 100 7509853 2060003357 166755901 10642306
0b000501 0b00c401 10010 100 9159367 2087916880 138974845 10780603
0b000e01 0b00c301 10009 100 7154730 2079562076 147518877 10612533
0b000c01 0b00cc01 10007 100 5336147 2076225232 151522935 10460065
0b000c01 0b00c601 10002 100 19799821 2016115007 212045102 11672697
0b000b01 0b00ca01 10014 100 6206485 2096970924 131411074 10533033
0b000501 0b00c301 10012 100 7191628 2076017868 152377944 10615627
0b000401 0b00c101 10001 100 6202084 2027241389 201752802 10532666
0b000001 0b00cc01 10005 100 8722883 2032355084 196758248 10744006
0b000e01 0b00c901 10001 100 4981963 2046259068 183159062 10430367
0b000e01 0b00c901 10000 100 7674546 2045445910 184199322 10656115
0b000301 0b00cc01 10004 100 19850602 2042516076 187623849 11676956
0b000201 0b00c601 10002 100 17852391 2018222439 212458779 11509426
0b000801 0b00c301 10014 100 3729448 2081781209 150063997 10325359
0b000e01 0b00c601 10014 100 5393422 2072211452 159688673 10464866
0b000e01 0b00cb01 10001 100 7136731 2021102675 210931733 10611024
0b000601 0b00c901 10006 100 5556920 2033873425 198516152 10478572
0b000f01 0b00c701 10000 100 25282714 2007605943 225374648 12132383
0b000301 0b00ce01 10006 100 18446724 2083660896 149375335 11559254
0b000a01 0b00cd01 10007 100 20524036 2047528116 185548463 11733418
0b000d01 0b00c501 10010 100 8631323 2090830287 142313434 10736332
0b000e01 0b00c701 10013 100 9536253 2058691801 174700109 10812202
0b000301 0b00c301 10009 100 8017401 2093095234 140636502 10684861
0b000f01 0b00cd01 10006 100 9935685 2036367461 197481574 10845689
0b000501 0b00c101 10017 100 9498184 2064406994 169646566 10809010
0b000e01 0b00cf01 10005 100 3425738 2028000351 206254899 10299894
0b000301 0b00cb01 10019 100 7949505 2099047448 135302502 10679168
0b000b01 0b00c201 10007 100 9418998 2056807848 177605954 10802368
0b000001 0b00cb01 10007 100 9983212 2067456851 167745985 10849675
0b000101 0b00c601 10010 100 23686184 2063564990 171779339 11998532
0b000a01 0b00c101 10017 100 6916606 2099280563 136114487 10592569
0b000e01 0b00c101 10006 100 3940986 2045153265 190800070 10343092
0b000701 0b00c701 10014 100 7769663 2072375231 163655792 10664089
0b000f01 0b00cf01 10000 100 19556017 2004261066 232184753 11652260
0b000e01 0b00c301 10005 100 4591157 2055944218 180815766 10397605
0b000f01 0b00c301 10011 100 6345549 2066218511 170603342 10544692
0b000c01 0b00ce01 10001 100 9417180 2005204446 231664574 10802219
0b000201 0b00c301 10004 100 11463391 2052203411 185024092 10973773
0b000e01 0b00c001 10005 100 4774181 2056191636 181039300 10412950
0b000301 0b00c401 10006 100 12718430 2067471704 169787543 11078995
0b000f01 0b00cb01 10012 100 6315421 2092370225 144982826 10542167
0b000e01 0b00c101 10008 100 7451066 2064307537 173123491 10637380
0b000101 0b00c701 10017 100 27639285 2098285054 140001752 12329960
0b000c01 0b00c101 10005 100 28698117 2038234871 200453146 12418733
0b000301 0b00c201 10014 100 19871681 2094817968 144048768 11678722
0b000d01 0b00cc01 10006 100 23669982 2042335092 197056470 11997171
0b000c01 0b00c501 10006 100 8616581 2069753903 169725679 10735095
0b000e01 0b00cf01 10006 100 20988599 2049669258 189899691 11772365
0b000001 0b00c001 10010 100 6925251 2086111810 153461302 10593295
0b000501 0b00c201 10005 100 8885462 2081631520 157952494 10757639
0b000501 0b00c701 10013 100 7122729 2069109788 170695506 10609850
0b000e01 0b00c001 10002 100 9589806 2047609680 192263590 10816690
0b000e01 0b00cd01 10010 100 6322079 2046055072 194248145 10542726
0b000a01 0b00c601 10004 100 27902524 2077345423 163331934 12352029
0b000701 0b00c001 10014 100 5894179 2091489108 149275374 10506851
0b000701 0b00c801 10009 100 9410026 2045230972 195778493 10801620
0b000f01 0b00c801 10005 100 11797067 2041250180 199819559 11001749
0b000e01 0b00c101 10012 100 5246639 2099397238 142163917 10452559
0b000201 0b00c401 10011 100 16031876 2086251252 155538868 11356792
0b000b01 0b00cc01 10006 100 9366151 2028376703 213431312 10797941
0b000001 0b00ce01 10012 100 22833996 2047786513 194090924 11927082
0b000b01 0b00c901 10010 100 9556646 2076525363 165462862 10813910
0b000701 0b00c001 10004 100 19374682 2036643434 206046838 11637054
0b000b01 0b00cc01 10009 100 9655218 2045063340 197935783 10822176
0b000201 0b00c801 10006 100 13825757 2035840510 207264822 11171832
0b000701 0b00c901 10008 100 6244945 2096929531 146549703 10536256
0b000401 0b00c801 10001 100 19555568 2036643951 207201890 11652220
0b000b01 0b00c801 10004 100 9888742 2049421428 194511695 10841753
0b000701 0b00cc01 10008 100 20257280 2047152238 197120222 11711053
0b000d01 0b00c001 10005 100 15612924 2053859853 190604792 11321667
0b000e01 0b00cd01 10005 100 7682547 2029553825 214987194 10656786
0b000e01 0b00c501 10006 100 9394514 2025931829 218624773 10800317
0b000601 0b00cd01 10006 100 9109193 2025893491 218670047 10776397
0b000701 0b00ca01 10000 100 13004828 2010864980 234022594 11103005
0b000001 0b00cc01 10008 100 8347297 2058738944 186167177 10712520
0b000501 0b00ca01 10008 100 6092928 2082229380 162692046 10523511
0b000301 0b00c901 10010 100 27386061 2059014529 185959733 12308730
0b000b01 0b00ce01 10003 100 3696653 2042957041 202056759 10322608
0b000c01 0b00cd01 10009 100 27386931 2049594118 195582567 12308800
0b000801 0b00ca01 10008 100 4816392 2092036824 153999517 10416488
0b000301 0b00cf01 10003 100 13430858 2019724319 226429377 11138723
0b000d01 0b00c201 10003 100 7475913 2047443062 198727346 10639460
0b000501 0b00c701 10016 100 4868603 2075982554 170484633 10420865
0b000c01 0b00ce01 10018 100 8566007 2042483154 204150479 10730857
0b000701 0b00cb01 10014 100 2751945 2078414174 168598416 10243403
0b000b01 0b00ca01 10010 100 27707372 2073924712 173397579 12335668
0b000e01 0b00c701 10016 100 11554732 2075073154 173688177 10981429
0b000501 0b00ce01 10015 100 7996166 2074841601 174510888 10683081
0b000f01 0b00ca01 10005 100 10967511 2057719688 191757262 10932198
0b000801 0b00cb01 10008 100 3108044 2053817135 195677733 10273262
0b000f01 0b00c801 10014 100 26261644 2088224406 161750271 12214457
0b000e01 0b00cb01 10002 100 6935732 2029231323 222035969 10594172
0b000301 0b00cc01 10009 100 9654362 2086189595 165795533 10822104
0b000a01 0b00c401 10012 100 19649712 2059048197 193728399 11660112
0b000801 0b00c601 10002 100 15843287 2019455543 233463346 11340983
0b000e01 0b00c901 10003 100 5138185 2051085157 202333356 10443468
0b000701 0b00cf01 10004 100 9182230 2038224350 215788731 10782521
0b000001 0b00cb01 10006 100 8919610 2061929361 193907685 10760501
0b000601 0b00c801 10007 100 3373010 2054689767 202139086 10295476
0b000401 0b00c701 10006 100 3281304 2057884403 199020761 10287787
0b000001 0b00c901 10009 100 5700854 2082399183 174628106 10490640
0b000701 0b00c401 10010 100 6359225 2075515515 181616927 10545840
0b000401 0b00ca01 10005 100 6246783 2020870453 236709084 10536411
0b000801 0b00ce01 10010 100 7238387 2061564431 196312339 10619548
0b000701 0b00cf01 10000 100 17360474 2009700663 248843281 11468184
0b000401 0b00c101 10002 100 8008621 2045260262 213535017 10684124
0b000b01 0b00c601 10015 100 9545127 2074082660 184859989 10812946
0b000401 0b00c501 10017 100 8015048 2060031720 199142509 10684665
0b000e01 0b00c001 10007 100 7527578 2088392041 170891273 10643793
0b000701 0b00ce01 10015 100 6303847 2093493019 166146107 10541195
0b000601 0b00c601 10010 100 10489704 2055902543 203919381 10892137
0b000001 0b00c901 10003 100 4911768 2038890856 221126006 10424483
0b000f01 0b00cb01 10009 100 13775365 2068379898 191993993 11167609
0b000e01 0b00ce01 10006 100 9882772 2089071559 171663063 10841252
0b000b01 0b00cd01 10003 100 23917012 2027907654 232997469 12017886
0b000b01 0b00c001 10005 100 5223733 2041851536 219201111 10450638
0b000e01 0b00c401 10018 100 9031591 2092453390 169131054 10769890
0b000c01 0b00ca01 10005 100 24965380 2025313876 236308424 12105779
0b000001 0b00ce01 10020 100 8081433 2089328158 172903261 10690229
0b000001 0b00c801 10014 100 22662222 2082643957 179703995 11912683
0b000401 0b00c401 10010 100 23417662 2066633502 196500024 11976018
0b000401 0b00c601 10008 100 4752738 2077870713 185294462 10411150
0b000701 0b00cd01 10008 100 9643529 2067961656 195321392 10821195
0b000101 0b00ca01 10007 100 27106430 2065483841 198090066 12285285
0b000a01 0b00c401 10009 100 6555451 2047207965 216633792 10562291
0b000a01 0b00ce01 10009 100 15915918 2077382640 186588604 11347070
0b000901 0b00cf01 10016 100 27663230 2093231151 170879671 12331968
0b000e01 0b00c601 10001 100 27221478 2009186403 255130689 12294930
0b000901 0b00cf01 10012 100 24752505 2079663687 184714252 12087931
0b000701 0b00c401 10016 100 23347215 2090961517 173587862 11970113
0b000301 0b00c401 10011 100 8197438 2082441885 182394401 10699955
0b000001 0b00c701 10006 100 29338443 2080030868 184824792 12472417
0b000201 0b00c901 10006 100 27534209 2022309346 244209185 12321151
0b000b01 0b00cb01 10003 100 17552715 2025097166 242044031 11484300
0b000b01 0b00cc01 10008 100 29455109 2033745358 234176509 12482199
0b000001 0b00c101 10008 100 16495215 2091877227 176410367 11395641
0b000e01 0b00c801 10011 100 29689078 2042213888 226805754 12501815
0b000001 0b00ce01 10010 100 28603706 2044191123 224870179 12410815
0b000601 0b00c601 10015 100 7396284 2090587044 179145429 10632787
0b000901 0b00c801 10006 100 24259065 2078549613 191910297 12046563
0b000a01 0b00ce01 10012 100 22427197 2082232031 189116161 11892979
0b000d01 0b00ce01 10015 100 4071218 2087509755 184111129 10354013
0b000101 0b00cd01 10010 100 5234654 2070586002 201705601 10451554
0b000301 0b00c601 10007 100 20224412 2051881671 220702954 11708296
0b000b01 0b00c701 10010 100 29965001 2088184215 184441890 12524949
0b000b01 0b00c501 10013 100 9534402 2090430424 182418588 10812046
0b000a01 0b00c801 10013 100 8026243 2094090898 179245640 10685603
0b000e01 0b00c601 10008 100 25482347 2036773759 236735018 12149122
0b000301 0b00cb01 10011 100 7906822 2069215405 204988564 10675588
0b000b01 0b00c301 10006 100 7730639 2091968473 183112700 10660818
0b000101 0b00ca01 10012 100 9486201 2084419929 191460527 10808006
0b000a01 0b00c601 10003 100 27712635 2066714056 210890561 12336108
0b000601 0b00c201 10008 100 9131367 2059610950 219837564 10778256
0b000401 0b00c201 10011 100 24571699 2058002865 222982141 12072772
0b000201 0b00c701 10006 100 9037222 2058551066 224344453 10770363
0b000c01 0b00c101 10006 100 29890517 2048092760 234861126 12518702
0b000001 0b00c601 10005 100 5022226 2072814090 210556912 10433746
0b000801 0b00cb01 10015 100 23522937 2093799833 192244324 11984843
0b000501 0b00c101 10014 100 14887129 2045781435 241505298 11260820
0b000601 0b00ca01 10002 100 21590814 2028429245 263404882 11822854
0b000801 0b00c201 10016 100 9765538 2092573391 199289843 10831424
0b000701 0b00cf01 10012 100 13729376 2067978609 224411951 11163753
0b000601 0b00c701 10002 100 9649577 2041394819 251812233 10821702
0b000b01 0b00c501 10011 100 19557491 2071571030 222479978 11652382
0b000701 0b00c701 10013 100 15072841 2064573640 230041215 11276387
0b000e01 0b00c601 10005 100 7402483 2034560905 260221963 10633306
0b000f01 0b00c501 10011 100 20696861 2077341396 217605773 11747905
0b000101 0b00c101 10010 100 29751570 2072392058 222777389 12507053
0b000001 0b00c501 10004 100 12237717 2062717212 232518977 11038691
0b000e01 0b00cc01 10006 100 19946862 2063989713 231422375 11685025
0b000b01 0b00c601 10013 100 9762465 2065728174 230225985 10831167
0b000401 0b00ca01 10006 100 17640138 2031604365 264548548 11491632
0b000701 0b00c701 10006 100 24013079 2012377598 283863041 12025940
0b000301 0b00c201 10005 100 21684062 2037710124 260456117 11830675
0b000001 0b00c701 10002 100 14791406 2008139315 298880907 11252793
0b000701 0b00ce01 10013 100 9298967 2076928033 231006205 10792305
0b000a01 0b00c701 10015 100 6741067 2091657859 216820333 10577854
0b000f01 0b00cc01 10011 100 11347432 2099482671 214088513 10964050
0b000701 0b00cd01 10001 100 24972570 2012775439 308182803 12106381
0b000701 0b00cd01 10005 100 21770973 2050082913 274846738 11837958
