# 流源IP 目的IP 优先级pg 目的端口 数据量(Bytes) 流开始时间(s)
# src 		dst 	pg    		dport  	 size				start_time
3495
1 197 3 100 37174 2.000041841
7 203 3 100 10855 2.000042306
12 198 3 100 103073 2.000076609
3 199 3 100 1803720 2.000162509
8 206 3 100 45825 2.000202392
13 193 3 100 14317 2.000216451
5 199 3 100 161198 2.000265373
4 202 3 100 2915661 2.000276231
4 196 3 100 2978 2.000304268
3 204 3 100 61649 2.000345429
3 201 3 100 741083 2.000372494
13 193 3 100 49021 2.000374023
0 195 3 100 8554803 2.000401833
13 203 3 100 149480 2.000419878
2 197 3 100 1953152 2.000453698
4 202 3 100 2300 2.000545632
2 201 3 100 39908 2.000560858
5 201 3 100 9904576 2.000567958
12 205 3 100 24901 2.000658637
1 196 3 100 9094 2.000663911
6 205 3 100 70840 2.000683627
2 193 3 100 20418 2.000846981
2 198 3 100 5249448 2.000871948
14 198 3 100 6658700 2.000903147
7 200 3 100 66441 2.000906686
4 197 3 100 3348 2.000907455
5 201 3 100 15701 2.000931933
13 202 3 100 1961526 2.000955798
5 205 3 100 68514 2.001002157
6 201 3 100 3869985 2.001039157
1 204 3 100 151797 2.001067691
0 197 3 100 124909 2.001079926
10 204 3 100 6779174 2.001090098
3 201 3 100 994456 2.001114001
14 205 3 100 6229778 2.001165628
11 196 3 100 69218 2.001207128
0 207 3 100 1523930 2.001224020
6 206 3 100 3615275 2.001322996
6 196 3 100 2466502 2.001352580
14 202 3 100 22387 2.001393793
2 207 3 100 57232 2.001393831
10 200 3 100 63911 2.001443022
2 203 3 100 29727 2.001473110
9 204 3 100 66962 2.001634028
15 195 3 100 363525 2.001650100
5 193 3 100 194302 2.001675134
10 197 3 100 22646 2.001696482
3 203 3 100 1134514 2.001745301
1 194 3 100 1071975 2.001763417
11 206 3 100 2208508 2.001803926
0 200 3 100 20600 2.001888957
13 202 3 100 2612 2.001919515
5 203 3 100 55962 2.001919772
15 193 3 100 6810 2.001968021
8 202 3 100 30497 2.002056771
13 197 3 100 57490 2.002078807
14 205 3 100 73222 2.002110686
0 205 3 100 24075 2.002125211
10 199 3 100 2151500 2.002164926
1 204 3 100 2112278 2.002201675
6 206 3 100 2732238 2.002217212
10 194 3 100 9114 2.002226753
5 199 3 100 802057 2.002260260
6 200 3 100 1453318 2.002298365
12 193 3 100 133179 2.002358475
13 196 3 100 27774 2.002375492
12 195 3 100 2948559 2.002414308
15 204 3 100 29833 2.002448938
0 204 3 100 68576 2.002454698
15 203 3 100 135927 2.002491894
1 202 3 100 1959151 2.002497650
8 199 3 100 33933 2.002528265
4 206 3 100 2371227 2.002610248
13 207 3 100 3839251 2.002617925
14 193 3 100 22490 2.002622390
3 202 3 100 611141 2.002631850
6 194 3 100 1539358 2.002644532
3 200 3 100 64863 2.002662627
5 200 3 100 1727911 2.002687354
4 196 3 100 19398 2.002738289
10 199 3 100 20149 2.002740684
12 203 3 100 39810 2.002741416
7 204 3 100 3152592 2.002847927
6 197 3 100 744805 2.002859729
10 207 3 100 785226 2.002866971
4 206 3 100 29233 2.002883274
10 196 3 100 623418 2.002891543
4 202 3 100 42491 2.002940529
15 206 3 100 32046 2.003021922
1 195 3 100 1318113 2.003085721
7 206 3 100 8357271 2.003086212
8 207 3 100 45551 2.003093448
1 197 3 100 40726 2.003114961
1 193 3 100 903245 2.003118512
2 194 3 100 2500629 2.003159102
2 198 3 100 12138744 2.003181666
1 205 3 100 72020 2.003192137
4 203 3 100 7896 2.003230962
8 199 3 100 4773155 2.003249563
2 199 3 100 1285727 2.003279087
7 192 3 100 38435 2.003291565
11 198 3 100 40651 2.003297197
8 206 3 100 171321 2.003305888
10 194 3 100 426500 2.003334663
8 192 3 100 7975970 2.003395260
7 198 3 100 30305 2.003412599
7 199 3 100 437330 2.003421265
10 201 3 100 821005 2.003452681
2 193 3 100 29531 2.003464415
11 199 3 100 79657 2.003494784
1 205 3 100 26272 2.003528820
10 202 3 100 2092662 2.003587003
2 200 3 100 561700 2.003614307
4 207 3 100 24855 2.003615164
11 196 3 100 78190 2.003622816
12 206 3 100 1844851 2.003645949
11 192 3 100 72119 2.003653919
3 199 3 100 248622 2.003745266
5 196 3 100 43064 2.003774160
0 199 3 100 9273 2.003833764
7 195 3 100 97411 2.003846613
14 199 3 100 35388 2.003888744
9 197 3 100 32098 2.003960163
15 206 3 100 5781 2.003961101
15 202 3 100 226 2.003966411
7 203 3 100 19706 2.003982714
7 200 3 100 8956 2.003986861
7 203 3 100 1085735 2.004004509
15 194 3 100 7218775 2.004006712
11 207 3 100 3329951 2.004012066
1 199 3 100 3740 2.004021827
0 198 3 100 362942 2.004061716
9 193 3 100 18971 2.004087558
13 195 3 100 55476 2.004090299
13 206 3 100 149433 2.004127376
14 207 3 100 59502 2.004165256
9 206 3 100 7348995 2.004222559
0 202 3 100 75876 2.004238969
15 207 3 100 19556017 2.004261066
7 199 3 100 18454 2.004283313
13 201 3 100 1059591 2.004299725
1 202 3 100 193461 2.004303360
7 199 3 100 6119197 2.004304110
10 203 3 100 9139316 2.004330366
1 206 3 100 101885 2.004338592
3 203 3 100 4074 2.004401755
6 203 3 100 1502492 2.004421487
12 203 3 100 72574 2.004445263
8 204 3 100 561443 2.004457563
10 207 3 100 36463 2.004463644
10 203 3 100 4310574 2.004552152
3 195 3 100 1703174 2.004559972
0 192 3 100 2450860 2.004586762
5 205 3 100 41594 2.004592938
14 195 3 100 5710 2.004636508
8 199 3 100 16943 2.004650932
14 205 3 100 652661 2.004689779
3 206 3 100 7708721 2.004691174
4 207 3 100 11926226 2.004723937
6 205 3 100 8264 2.004758936
6 205 3 100 56844 2.004759003
14 192 3 100 331122 2.004765439
11 204 3 100 20027 2.004765625
9 204 3 100 73840 2.004899020
3 202 3 100 186989 2.004922350
5 196 3 100 67936 2.004987386
12 198 3 100 110786 2.005021490
3 196 3 100 52617 2.005027973
5 207 3 100 50750 2.005050702
14 207 3 100 23062 2.005076079
8 203 3 100 64546 2.005098299
13 192 3 100 150615 2.005109006
15 202 3 100 4234396 2.005184404
11 202 3 100 21525 2.005190437
12 206 3 100 9417180 2.005204446
15 194 3 100 108532 2.005205084
3 198 3 100 1910598 2.005214850
14 205 3 100 65452 2.005220044
6 203 3 100 9841217 2.005220904
3 196 3 100 11188 2.005238088
7 200 3 100 7786 2.005239801
2 197 3 100 9795195 2.005259502
0 203 3 100 3053 2.005285998
7 200 3 100 63847 2.005317838
10 203 3 100 1902319 2.005349624
13 202 3 100 3640731 2.005376247
14 200 3 100 5954 2.005383818
2 203 3 100 755102 2.005395316
11 202 3 100 2089246 2.005434342
12 200 3 100 44067 2.005436138
12 201 3 100 1289518 2.005491696
15 200 3 100 22551 2.005498976
4 201 3 100 5815528 2.005628705
9 203 3 100 3939120 2.005700964
4 205 3 100 7636 2.005716912
10 202 3 100 1829644 2.005738324
6 193 3 100 18739 2.005875052
5 202 3 100 7661624 2.005894707
0 193 3 100 859857 2.005899804
13 205 3 100 2748932 2.006000996
4 207 3 100 26996 2.006018233
9 205 3 100 3648521 2.006022829
12 196 3 100 51579 2.006082731
6 198 3 100 3200940 2.006102115
2 201 3 100 56801 2.006214484
4 192 3 100 5522 2.006234804
7 192 3 100 1724901 2.006252823
5 196 3 100 393197 2.006257746
5 197 3 100 51563 2.006272276
4 192 3 100 1787298 2.006309266
4 196 3 100 6995 2.006326984
0 206 3 100 1238572 2.006394671
14 200 3 100 1741001 2.006397076
11 198 3 100 67231 2.006438051
4 206 3 100 9365895 2.006484778
15 197 3 100 3943579 2.006493285
11 200 3 100 61967 2.006506087
6 193 3 100 111939 2.006510402
2 194 3 100 4176302 2.006511534
1 199 3 100 424762 2.006518351
12 207 3 100 26300 2.006535493
12 206 3 100 3825878 2.006565787
4 196 3 100 499879 2.006569453
13 205 3 100 8931814 2.006673160
5 203 3 100 170411 2.006677941
1 201 3 100 35498 2.006708074
8 199 3 100 323486 2.006779260
6 204 3 100 122933 2.006782933
15 195 3 100 5531 2.006820545
12 195 3 100 71261 2.006830647
4 197 3 100 42545 2.006831075
13 196 3 100 33137 2.006882806
8 198 3 100 67262 2.006901955
14 194 3 100 749479 2.006917561
0 199 3 100 29037 2.006920822
0 207 3 100 7773 2.006947077
5 204 3 100 29748 2.006947956
0 202 3 100 2977 2.006995353
2 197 3 100 108107 2.006999310
5 205 3 100 1231804 2.007036786
12 199 3 100 23691 2.007086486
10 203 3 100 12560 2.007103259
1 198 3 100 690457 2.007107652
4 194 3 100 4049502 2.007117960
12 203 3 100 6662804 2.007127439
11 195 3 100 27627 2.007157896
7 205 3 100 2322 2.007168075
12 204 3 100 50210 2.007172937
9 195 3 100 59712 2.007210541
15 201 3 100 33538 2.007277418
5 204 3 100 572789 2.007338894
10 196 3 100 7592 2.007350883
6 198 3 100 5542 2.007358526
4 197 3 100 2900693 2.007384991
14 197 3 100 4797000 2.007389613
1 202 3 100 25680 2.007397375
13 206 3 100 27591 2.007403248
14 200 3 100 1117966 2.007477190
2 206 3 100 2540812 2.007492825
12 206 3 100 9854 2.007525690
3 195 3 100 6381767 2.007540628
3 202 3 100 8230681 2.007557343
7 203 3 100 70133 2.007561499
0 194 3 100 32900 2.007576824
11 196 3 100 1166950 2.007594315
15 199 3 100 25282714 2.007605944
3 193 3 100 229 2.007634680
2 201 3 100 18256 2.007639313
6 203 3 100 65763 2.007656061
4 203 3 100 1291017 2.007665030
15 201 3 100 49223 2.007678932
5 198 3 100 99 2.007706366
2 193 3 100 19255 2.007795125
7 200 3 100 23577 2.007808054
13 198 3 100 40930 2.007810006
15 193 3 100 192613 2.007881524
11 207 3 100 9869125 2.007980219
5 197 3 100 7279802 2.008001358
4 207 3 100 9983 2.008001924
12 196 3 100 5659323 2.008002113
0 192 3 100 25224 2.008021369
11 202 3 100 14903 2.008055156
13 192 3 100 57143 2.008073975
0 199 3 100 14791406 2.008139315
3 207 3 100 8404389 2.008149566
3 203 3 100 3961336 2.008271372
14 200 3 100 53531 2.008299512
9 206 3 100 76114 2.008321299
7 199 3 100 4051 2.008438607
2 207 3 100 3312474 2.008450024
12 194 3 100 5017260 2.008487088
4 207 3 100 146163 2.008562056
7 198 3 100 9386 2.008575300
13 192 3 100 4811303 2.008588560
6 205 3 100 2820 2.008600566
3 197 3 100 4094 2.008666981
11 201 3 100 5834 2.008679614
15 207 3 100 56447 2.008734735
1 195 3 100 674339 2.008746338
3 205 3 100 18596 2.008754093
3 193 3 100 77750 2.008758636
13 198 3 100 789766 2.008770009
6 205 3 100 5120690 2.008808979
1 206 3 100 61959 2.008882673
14 202 3 100 1815285 2.008908294
9 195 3 100 1063627 2.008925594
2 199 3 100 42749 2.008930157
14 196 3 100 25026 2.008997742
11 204 3 100 7106087 2.009004259
10 196 3 100 665580 2.009060434
10 205 3 100 114525 2.009076054
2 200 3 100 4216 2.009096345
14 198 3 100 27221478 2.009186404
1 200 3 100 7723 2.009229985
1 192 3 100 51385 2.009234890
11 203 3 100 2682846 2.009246280
15 193 3 100 11695 2.009251680
8 203 3 100 1133123 2.009268210
14 199 3 100 67717 2.009369242
7 193 3 100 66535 2.009395329
13 197 3 100 47233 2.009415762
15 194 3 100 1428281 2.009419587
6 199 3 100 4403115 2.009465687
11 197 3 100 4204177 2.009475797
11 192 3 100 4609 2.009509550
10 200 3 100 1830258 2.009523773
6 194 3 100 49636 2.009541414
14 206 3 100 1458247 2.009561357
12 199 3 100 1968928 2.009576974
13 207 3 100 44806 2.009578665
2 200 3 100 46800 2.009584336
7 199 3 100 78313 2.009648078
8 197 3 100 9322 2.009684782
5 201 3 100 7671 2.009696623
7 207 3 100 17360474 2.009700664
5 199 3 100 4630802 2.009730852
5 198 3 100 110852 2.009732781
1 203 3 100 122124 2.009743149
6 202 3 100 19713 2.009780245
13 198 3 100 21806 2.009868114
8 192 3 100 9404 2.009887556
0 200 3 100 1662997 2.009920867
15 198 3 100 183922 2.009928270
11 192 3 100 613171 2.009950469
14 207 3 100 1761211 2.009957991
12 193 3 100 191783 2.009990769
9 204 3 100 825 2.010021168
6 196 3 100 25587 2.010055283
14 199 3 100 38614 2.010069397
8 205 3 100 2269637 2.010098652
2 205 3 100 88838 2.010099840
4 194 3 100 877534 2.010121295
6 197 3 100 6476 2.010153112
11 192 3 100 1743955 2.010192145
3 202 3 100 3616706 2.010208108
2 197 3 100 47409 2.010245451
15 193 3 100 513524 2.010279358
14 196 3 100 56728 2.010281696
15 198 3 100 21968 2.010288923
13 207 3 100 3399 2.010323346
15 204 3 100 2173439 2.010336474
13 202 3 100 1159675 2.010395597
14 197 3 100 44837 2.010414107
8 203 3 100 1947930 2.010446745
12 193 3 100 3281546 2.010480826
7 197 3 100 3811 2.010491737
3 201 3 100 1209553 2.010498022
7 195 3 100 2110520 2.010505208
0 202 3 100 190364 2.010537060
11 199 3 100 964 2.010558485
3 200 3 100 6599 2.010577678
0 203 3 100 6610 2.010590990
8 198 3 100 591 2.010610830
12 202 3 100 62984 2.010620510
12 199 3 100 6824515 2.010680622
4 192 3 100 2726541 2.010699869
6 204 3 100 122371 2.010702373
10 199 3 100 4869038 2.010735765
7 195 3 100 4969851 2.010745567
11 197 3 100 803890 2.010746210
14 194 3 100 1492840 2.010778205
14 204 3 100 1961780 2.010782246
1 196 3 100 1805 2.010784481
0 201 3 100 772450 2.010804671
7 193 3 100 3789 2.010842142
13 199 3 100 4565 2.010843128
7 202 3 100 13004828 2.010864980
3 203 3 100 7382542 2.010877861
14 194 3 100 180222 2.010926368
7 203 3 100 69516 2.010955825
0 192 3 100 22670 2.010989090
15 200 3 100 21341 2.011016645
1 205 3 100 2154976 2.011037980
10 200 3 100 171387 2.011038570
10 194 3 100 185799 2.011039866
15 198 3 100 4125099 2.011073063
5 193 3 100 1888 2.011089410
12 195 3 100 68518 2.011101849
3 196 3 100 21252 2.011116488
7 197 3 100 43168 2.011119122
13 206 3 100 8638689 2.011145305
0 194 3 100 63805 2.011154138
13 205 3 100 1607897 2.011158236
2 203 3 100 69460 2.011159319
12 193 3 100 8329 2.011182113
13 206 3 100 35402 2.011222743
9 201 3 100 6635 2.011275656
3 193 3 100 4974437 2.011296969
6 207 3 100 2020 2.011500343
5 206 3 100 4481456 2.011508032
10 205 3 100 22676 2.011511005
6 205 3 100 150476 2.011577048
2 205 3 100 75192 2.011594456
11 202 3 100 42326 2.011610767
15 192 3 100 66747 2.011612631
3 205 3 100 3441553 2.011648657
14 200 3 100 21092 2.011683088
14 196 3 100 73326 2.011686426
12 203 3 100 625929 2.011726715
5 193 3 100 22267 2.011763518
14 196 3 100 23935 2.011787959
4 196 3 100 182487 2.011794696
8 192 3 100 47752 2.011806072
11 207 3 100 6747 2.011810535
14 203 3 100 35258 2.011830492
2 205 3 100 1208618 2.011837604
10 194 3 100 192822 2.011841226
3 198 3 100 54869 2.011848808
13 193 3 100 6849437 2.011903727
2 202 3 100 44373 2.011915422
15 194 3 100 1729772 2.011950264
0 200 3 100 2551467 2.011952989
14 199 3 100 9560 2.012001277
7 204 3 100 14098 2.012024357
11 204 3 100 1123389 2.012029911
1 202 3 100 29729 2.012046268
14 196 3 100 46374 2.012091269
14 205 3 100 14583 2.012144851
12 206 3 100 176719 2.012197711
7 199 3 100 63969 2.012198351
1 198 3 100 191463 2.012224455
13 200 3 100 4525965 2.012244216
5 200 3 100 23730 2.012256453
10 198 3 100 3364446 2.012283568
1 194 3 100 7422 2.012360455
4 197 3 100 43951 2.012369851
7 199 3 100 24013079 2.012377598
4 200 3 100 2548401 2.012460896
12 206 3 100 37958 2.012489314
9 207 3 100 20981 2.012519411
9 198 3 100 55483 2.012526781
10 196 3 100 53948 2.012574778
3 194 3 100 861513 2.012596025
7 206 3 100 183470 2.012653045
2 202 3 100 4574 2.012657560
3 207 3 100 9076 2.012689111
5 197 3 100 64802 2.012704525
12 199 3 100 3722682 2.012730094
4 197 3 100 21410 2.012731014
7 205 3 100 24972570 2.012775440
3 203 3 100 22245 2.012794732
9 198 3 100 43496 2.012805864
6 194 3 100 8180 2.012820631
8 193 3 100 4176698 2.012840827
15 200 3 100 1633100 2.012868544
12 202 3 100 77695 2.012874912
11 202 3 100 1715432 2.012882765
8 192 3 100 124112 2.012898766
9 197 3 100 43215 2.012899191
4 201 3 100 8106820 2.012969044
3 200 3 100 31098 2.013010057
9 206 3 100 2378139 2.013017317
12 193 3 100 1061620 2.013030108
10 205 3 100 1193241 2.013110177
9 202 3 100 1981 2.013133193
15 204 3 100 66681 2.013293931
2 194 3 100 72724 2.013312898
9 205 3 100 5222 2.013369937
9 201 3 100 5997 2.013381026
11 206 3 100 21345 2.013442500
15 195 3 100 1158575 2.013463620
13 194 3 100 29976 2.013502736
8 196 3 100 46815 2.013502952
10 202 3 100 4325220 2.013509791
12 204 3 100 44534 2.013549522
13 204 3 100 939458 2.013553495
8 197 3 100 6964 2.013610375
10 195 3 100 6736 2.013664128
6 200 3 100 703816 2.013722759
7 203 3 100 1946910 2.013781092
2 194 3 100 4133 2.013812854
15 202 3 100 39831 2.013835945
15 198 3 100 9143 2.013864419
5 204 3 100 5136 2.013870050
12 194 3 100 3204029 2.013893264
15 205 3 100 1924739 2.013904933
2 197 3 100 85749 2.013937675
2 193 3 100 57232 2.014030477
1 192 3 100 87102 2.014044586
0 207 3 100 8986965 2.014055728
11 197 3 100 7087559 2.014133088
6 204 3 100 1081774 2.014139354
0 194 3 100 34747 2.014186936
2 205 3 100 6614 2.014189631
8 204 3 100 27133 2.014194936
14 198 3 100 53061 2.014223906
14 206 3 100 3636293 2.014248539
3 205 3 100 9847 2.014251715
7 206 3 100 197803 2.014322341
3 204 3 100 946575 2.014413016
14 197 3 100 7683 2.014435291
1 193 3 100 449947 2.014467713
4 197 3 100 70609 2.014468823
2 204 3 100 195891 2.014513906
14 192 3 100 5935 2.014516173
3 201 3 100 284839 2.014554419
5 206 3 100 544066 2.014556637
1 199 3 100 3201 2.014575497
12 194 3 100 43373 2.014639463
8 194 3 100 38425 2.014705018
2 196 3 100 1570 2.014712452
12 207 3 100 4179801 2.014734379
3 199 3 100 1306070 2.014734493
1 192 3 100 6347487 2.014763351
11 197 3 100 6499693 2.014833552
3 199 3 100 1301114 2.014854264
1 206 3 100 94413 2.014857343
14 207 3 100 1696467 2.014912608
15 199 3 100 23430 2.014913768
11 198 3 100 5485934 2.014931469
6 203 3 100 1182320 2.014939519
9 194 3 100 10662 2.014950423
10 199 3 100 11384170 2.014962207
0 194 3 100 7230682 2.014967872
5 200 3 100 67301 2.015042740
0 193 3 100 2810016 2.015100649
11 205 3 100 487047 2.015104044
4 206 3 100 25667 2.015121246
14 195 3 100 130501 2.015125570
10 207 3 100 6351 2.015166787
2 204 3 100 19695 2.015282963
5 205 3 100 3525685 2.015284647
2 206 3 100 1704 2.015306938
6 203 3 100 7230 2.015336399
4 195 3 100 6993 2.015338475
3 201 3 100 10585 2.015362640
8 196 3 100 79 2.015387713
7 198 3 100 2940532 2.015421412
14 198 3 100 11396 2.015427318
14 193 3 100 1904477 2.015490322
3 192 3 100 5836 2.015531779
4 194 3 100 42326 2.015538328
7 199 3 100 2056124 2.015545857
12 206 3 100 50569 2.015608766
12 202 3 100 9832 2.015609968
0 192 3 100 549080 2.015636104
2 200 3 100 4831 2.015667604
9 197 3 100 43461 2.015728526
0 204 3 100 48182 2.015880701
5 195 3 100 198742 2.015929877
11 193 3 100 363872 2.015947648
3 194 3 100 5179216 2.015971597
6 194 3 100 4925 2.015979205
15 193 3 100 5964 2.016055823
15 192 3 100 9730 2.016084810
7 205 3 100 2798273 2.016092384
0 194 3 100 3193004 2.016100790
12 198 3 100 19799821 2.016115008
7 203 3 100 8471 2.016186848
8 197 3 100 6150790 2.016206324
12 206 3 100 1724219 2.016244504
4 197 3 100 49614 2.016262156
3 207 3 100 428237 2.016268612
6 203 3 100 71608 2.016319218
7 195 3 100 885985 2.016415684
6 199 3 100 19158 2.016416729
12 200 3 100 3998254 2.016439240
14 199 3 100 111432 2.016461585
15 205 3 100 6568436 2.016489900
5 202 3 100 65724 2.016490915
2 201 3 100 36206 2.016507285
11 200 3 100 70701 2.016519806
6 197 3 100 3702077 2.016548042
9 193 3 100 4548259 2.016570758
6 207 3 100 6092 2.016597771
15 203 3 100 13803 2.016675465
3 201 3 100 9122079 2.016675629
5 193 3 100 1118788 2.016707129
7 204 3 100 8740586 2.016743030
12 201 3 100 140793 2.016779266
12 206 3 100 1683 2.016797712
7 202 3 100 5338172 2.016810356
6 200 3 100 55985 2.016810894
7 193 3 100 139863 2.016834368
5 200 3 100 4503438 2.016888502
12 192 3 100 4119649 2.016929769
9 207 3 100 3370549 2.016978469
10 195 3 100 107109 2.017009587
4 192 3 100 26796 2.017026860
7 197 3 100 145913 2.017079626
15 192 3 100 9292537 2.017083228
12 194 3 100 23576 2.017102149
7 195 3 100 3691158 2.017212579
2 207 3 100 162703 2.017249503
10 200 3 100 35899 2.017287825
2 195 3 100 1422206 2.017291432
13 197 3 100 71713 2.017310034
3 200 3 100 44457 2.017320011
5 205 3 100 14765 2.017322744
6 198 3 100 4494 2.017393552
13 201 3 100 1142983 2.017421496
4 205 3 100 26381 2.017443612
14 204 3 100 18515 2.017478851
12 194 3 100 6425226 2.017517359
15 203 3 100 79954 2.017591695
4 192 3 100 3182539 2.017596426
9 202 3 100 197626 2.017603486
2 201 3 100 72153 2.017652100
8 193 3 100 74918 2.017701941
3 198 3 100 453074 2.017709521
13 207 3 100 24976 2.017716956
14 196 3 100 9751 2.017749821
8 199 3 100 29179 2.017819403
7 200 3 100 69611 2.017879441
13 195 3 100 100058 2.017894978
13 205 3 100 1374236 2.017933624
13 197 3 100 443653 2.017946099
5 193 3 100 27962 2.017992966
2 201 3 100 5070649 2.018070947
2 202 3 100 2506497 2.018132836
4 202 3 100 9691 2.018146307
10 193 3 100 523383 2.018170697
12 197 3 100 193206 2.018218421
2 202 3 100 15883 2.018218502
2 198 3 100 17852391 2.018222439
14 202 3 100 49892 2.018228173
4 198 3 100 1940 2.018260317
1 204 3 100 20272100 2.018268374
5 192 3 100 79669 2.018294830
13 207 3 100 1413 2.018335591
10 200 3 100 37419 2.018336384
12 206 3 100 6124 2.018337162
15 199 3 100 2734 2.018377665
8 206 3 100 1555835 2.018429872
10 194 3 100 3054137 2.018446059
2 200 3 100 21560 2.018519354
15 205 3 100 1919719 2.018580643
5 198 3 100 8433 2.018593798
6 201 3 100 67334 2.018596133
13 199 3 100 2950049 2.018641451
14 197 3 100 6222799 2.018667804
10 201 3 100 5373 2.018668499
5 193 3 100 75471 2.018736720
2 196 3 100 11549 2.018751028
15 204 3 100 9429 2.018796452
10 193 3 100 4488 2.018800896
4 207 3 100 28772 2.018858130
6 204 3 100 21032 2.018884564
0 203 3 100 73141 2.018946103
11 195 3 100 909 2.018946680
8 202 3 100 29711 2.018979936
9 207 3 100 7977 2.019027909
13 203 3 100 10203913 2.019049860
9 193 3 100 498611 2.019073289
11 201 3 100 5563848 2.019096205
0 194 3 100 6002266 2.019111707
9 207 3 100 31536 2.019114609
10 205 3 100 5080 2.019125250
2 205 3 100 3199 2.019145897
8 196 3 100 1669164 2.019151994
11 198 3 100 20171 2.019162773
15 194 3 100 27225 2.019180152
2 206 3 100 50619 2.019207486
8 206 3 100 55483 2.019250357
11 196 3 100 22636 2.019315432
4 206 3 100 1298 2.019317482
1 207 3 100 11635 2.019334712
4 202 3 100 113949 2.019422152
3 196 3 100 21034 2.019443419
8 198 3 100 15843287 2.019455544
1 206 3 100 6623 2.019461203
7 203 3 100 320646 2.019485423
11 194 3 100 342741 2.019536640
13 195 3 100 60773 2.019622991
15 207 3 100 9019927 2.019630139
3 202 3 100 1137378 2.019660390
5 193 3 100 73521 2.019679902
3 207 3 100 13430858 2.019724320
10 195 3 100 45092 2.019729163
1 207 3 100 1430 2.019816320
15 207 3 100 6732 2.019824935
6 198 3 100 523 2.019840081
11 204 3 100 25061 2.019843733
12 199 3 100 3050907 2.019888808
1 195 3 100 123093 2.019917738
1 199 3 100 54658 2.019958014
9 195 3 100 740251 2.019958608
13 205 3 100 8759721 2.019959150
6 195 3 100 6528 2.019969372
5 197 3 100 3817923 2.019982519
6 197 3 100 3943657 2.019984483
3 201 3 100 6166265 2.020084401
4 192 3 100 4605972 2.020119930
7 204 3 100 25363 2.020122957
5 204 3 100 69810 2.020183028
9 203 3 100 2248853 2.020212495
15 197 3 100 4422 2.020239629
14 202 3 100 51917 2.020266062
1 198 3 100 8578 2.020279287
9 206 3 100 50109 2.020291478
12 202 3 100 81262 2.020301044
12 198 3 100 56468 2.020320954
9 196 3 100 28646 2.020388755
11 194 3 100 3692402 2.020449808
7 207 3 100 45137 2.020468406
3 204 3 100 44014 2.020525758
10 199 3 100 1628147 2.020553751
14 199 3 100 807140 2.020554427
4 201 3 100 45516 2.020588518
5 204 3 100 27521 2.020598343
13 198 3 100 29013 2.020613900
8 202 3 100 594046 2.020656971
2 196 3 100 67235 2.020667053
4 192 3 100 1664879 2.020723827
12 202 3 100 49897 2.020759146
4 198 3 100 298466 2.020760410
12 194 3 100 427668 2.020769253
8 195 3 100 1154260 2.020776286
2 198 3 100 1490157 2.020833702
14 197 3 100 32412 2.020847972
4 202 3 100 6246783 2.020870453
5 192 3 100 19182 2.020870711
4 196 3 100 6149 2.020898261
7 198 3 100 43668 2.020929648
12 201 3 100 591792 2.020942184
12 205 3 100 4289 2.020948134
5 200 3 100 7111 2.020997459
13 198 3 100 42052 2.021021529
12 207 3 100 57489 2.021033571
0 198 3 100 3615186 2.021053884
13 196 3 100 65171 2.021067723
14 203 3 100 7136731 2.021102676
10 194 3 100 643819 2.021106379
5 206 3 100 9363 2.021147939
2 205 3 100 171440 2.021155351
11 205 3 100 10147 2.021168465
2 195 3 100 3743455 2.021178450
0 196 3 100 5695131 2.021199017
11 207 3 100 59622 2.021232382
12 201 3 100 283248 2.021254266
2 204 3 100 50128 2.021293783
11 197 3 100 1821760 2.021306262
4 205 3 100 4227894 2.021419113
4 206 3 100 170311 2.021426266
8 196 3 100 2121425 2.021429649
11 203 3 100 602993 2.021432226
0 206 3 100 9641 2.021482566
8 193 3 100 3686 2.021494032
10 203 3 100 1139892 2.021550730
1 200 3 100 1653201 2.021577325
15 199 3 100 1635377 2.021604991
4 201 3 100 57017 2.021628411
1 194 3 100 17133 2.021706636
2 199 3 100 7700 2.021712830
5 204 3 100 2387 2.021751976
8 192 3 100 67837 2.021763606
4 205 3 100 53799 2.021793604
6 198 3 100 783916 2.021814036
10 203 3 100 8567 2.021841981
14 207 3 100 1714114 2.021937072
7 193 3 100 10981048 2.021942158
12 194 3 100 496510 2.021989335
4 193 3 100 3022260 2.022010081
6 206 3 100 24268 2.022010146
11 207 3 100 40163 2.022014040
1 192 3 100 144529 2.022017182
1 194 3 100 1247799 2.022036010
9 197 3 100 24869 2.022069833
13 197 3 100 9370 2.022077331
15 207 3 100 72250 2.022134281
4 201 3 100 126494 2.022156879
12 199 3 100 5227 2.022214192
1 192 3 100 1753005 2.022299656
2 201 3 100 27534209 2.022309346
5 207 3 100 79501 2.022344383
2 206 3 100 238294 2.022345835
14 196 3 100 185165 2.022366343
13 200 3 100 7720047 2.022385268
8 192 3 100 504964 2.022449904
12 192 3 100 3818042 2.022495721
12 192 3 100 4938278 2.022508374
13 207 3 100 26502 2.022569647
12 205 3 100 54131 2.022577103
9 196 3 100 1766897 2.022595014
2 192 3 100 1150634 2.022603180
12 206 3 100 1627919 2.022806281
12 197 3 100 86546 2.022807576
7 205 3 100 21560 2.022824476
14 194 3 100 3733868 2.022878558
3 204 3 100 43786 2.022894056
1 206 3 100 662199 2.022976451
12 206 3 100 5433 2.022990822
5 199 3 100 9628 2.023042962
15 200 3 100 5785 2.023077792
1 199 3 100 1543677 2.023129461
6 201 3 100 28021 2.023148097
0 197 3 100 5060 2.023153336
8 192 3 100 21820 2.023159125
4 197 3 100 25593 2.023190217
12 192 3 100 1901870 2.023228007
5 202 3 100 22716 2.023234066
6 201 3 100 107969 2.023279513
10 195 3 100 32033 2.023283864
5 195 3 100 4099054 2.023295726
3 199 3 100 1906432 2.023307070
11 201 3 100 6046 2.023326428
6 206 3 100 1924 2.023355412
5 194 3 100 23382 2.023418591
10 201 3 100 1587417 2.023424732
14 200 3 100 73612 2.023489571
13 205 3 100 807723 2.023578263
10 204 3 100 28068 2.023587658
14 195 3 100 2668869 2.023599739
11 197 3 100 73621 2.023630411
0 192 3 100 1082 2.023634352
5 192 3 100 41546 2.023714921
15 205 3 100 6414624 2.023724920
14 197 3 100 23496 2.023778425
9 193 3 100 3559447 2.023794538
7 197 3 100 7618 2.023801248
13 204 3 100 2842170 2.023851130
1 196 3 100 2507308 2.023951109
2 193 3 100 35371 2.023952537
10 205 3 100 78705 2.023959362
9 194 3 100 1274003 2.024086339
1 200 3 100 1611763 2.024107504
15 197 3 100 25506 2.024114499
2 203 3 100 33423 2.024119623
4 194 3 100 693849 2.024130559
7 199 3 100 3626247 2.024203060
4 195 3 100 71101 2.024216220
13 204 3 100 28364 2.024267155
10 201 3 100 1858711 2.024283061
10 207 3 100 15298 2.024285731
4 206 3 100 3462492 2.024288601
1 196 3 100 640261 2.024289316
6 204 3 100 169871 2.024317763
9 197 3 100 68562 2.024373423
11 199 3 100 661 2.024404094
2 197 3 100 5875 2.024465045
9 201 3 100 6484 2.024475337
9 192 3 100 70952 2.024478830
9 202 3 100 229551 2.024478907
12 206 3 100 1550948 2.024489888
5 193 3 100 305519 2.024490192
5 200 3 100 9573 2.024493327
0 198 3 100 23944 2.024539431
9 192 3 100 2444842 2.024583640
11 203 3 100 2382346 2.024598098
8 204 3 100 31593 2.024640943
9 199 3 100 1059323 2.024682456
0 195 3 100 6342369 2.024750923
10 201 3 100 39715 2.024755386
1 203 3 100 34689 2.024819657
14 196 3 100 1340599 2.024828223
7 207 3 100 27538 2.024837376
12 197 3 100 59340 2.024841913
4 206 3 100 48139 2.024868107
15 196 3 100 22452 2.024879691
0 199 3 100 1044216 2.024886565
5 206 3 100 40164 2.024919163
7 203 3 100 79509 2.024998521
14 200 3 100 23799 2.025000440
3 198 3 100 29193 2.025071513
11 203 3 100 17552715 2.025097166
8 195 3 100 871887 2.025132519
15 198 3 100 2798621 2.025185971
4 194 3 100 20022 2.025196579
3 207 3 100 63038 2.025198171
1 192 3 100 7642332 2.025205809
15 203 3 100 146077 2.025209866
2 207 3 100 58490 2.025227717
6 202 3 100 4432807 2.025244945
12 202 3 100 24965380 2.025313877
0 206 3 100 7319 2.025316759
7 207 3 100 2026420 2.025350282
6 204 3 100 9749130 2.025351479
15 203 3 100 56826 2.025380529
3 202 3 100 22198 2.025410049
5 204 3 100 3454712 2.025436377
4 197 3 100 76023 2.025455945
0 203 3 100 3876266 2.025467208
4 194 3 100 2805 2.025503879
4 194 3 100 7759 2.025510233
11 205 3 100 604001 2.025526774
12 200 3 100 6585669 2.025560411
3 194 3 100 51178 2.025560624
10 203 3 100 99704 2.025602081
3 206 3 100 77637 2.025662285
14 199 3 100 635000 2.025676014
3 205 3 100 4533360 2.025702481
7 194 3 100 45003 2.025758078
9 192 3 100 56536 2.025775361
12 202 3 100 76908 2.025798147
8 200 3 100 1215707 2.025798924
10 206 3 100 226423 2.025816344
5 206 3 100 846949 2.025837360
5 202 3 100 79640 2.025852523
1 207 3 100 14469 2.025866949
14 204 3 100 4255397 2.025880551
5 194 3 100 7140 2.025886215
15 201 3 100 167675 2.025891432
4 199 3 100 24681 2.025891493
6 201 3 100 4694659 2.025892422
6 205 3 100 9109193 2.025893491
4 205 3 100 1900123 2.025928812
14 197 3 100 9394514 2.025931829
5 206 3 100 32184 2.025954455
1 194 3 100 10670 2.025998212
12 192 3 100 1150768 2.026032564
8 205 3 100 19957 2.026095355
13 207 3 100 931392 2.026095558
1 198 3 100 22274 2.026141728
14 200 3 100 68199 2.026159996
15 202 3 100 2410431 2.026176216
13 206 3 100 6657 2.026194153
11 204 3 100 36635 2.026198416
14 199 3 100 6575361 2.026210304
8 204 3 100 62475 2.026214495
12 205 3 100 6537 2.026297225
10 202 3 100 2908545 2.026319283
10 195 3 100 113608 2.026453863
6 198 3 100 27857 2.026463752
1 200 3 100 1708743 2.026474660
1 198 3 100 1879896 2.026486199
11 192 3 100 635840 2.026488871
8 204 3 100 20744 2.026529569
15 193 3 100 71163 2.026547732
1 207 3 100 296068 2.026625098
15 195 3 100 18785 2.026638689
6 196 3 100 19936 2.026656728
0 203 3 100 110092 2.026685991
13 195 3 100 1496026 2.026695914
13 192 3 100 479078 2.026709792
12 205 3 100 20225 2.026710623
9 195 3 100 5905376 2.026740569
8 196 3 100 3666147 2.026776806
6 204 3 100 1330476 2.026787661
9 198 3 100 78899 2.026791812
8 200 3 100 9669 2.026809021
6 195 3 100 14268 2.026826389
7 200 3 100 23075 2.026839551
2 195 3 100 326290 2.026910478
7 196 3 100 14249 2.026952021
7 197 3 100 426782 2.026974862
6 206 3 100 28071 2.027009646
12 200 3 100 17386 2.027059579
2 204 3 100 2339516 2.027094742
7 206 3 100 5395 2.027106522
8 202 3 100 352131 2.027107542
12 205 3 100 4848 2.027135765
4 193 3 100 6202084 2.027241390
0 192 3 100 671431 2.027266529
1 195 3 100 59609 2.027345279
6 193 3 100 26504 2.027390674
0 207 3 100 69634 2.027430111
15 196 3 100 4381224 2.027461643
4 196 3 100 2256 2.027480162
3 199 3 100 22213 2.027496432
8 196 3 100 7396 2.027511643
13 204 3 100 821033 2.027515409
8 201 3 100 42038 2.027599013
11 204 3 100 3293 2.027602676
0 204 3 100 593773 2.027604352
0 197 3 100 5572387 2.027639055
6 193 3 100 48770 2.027687189
8 192 3 100 9983656 2.027704568
6 193 3 100 6857 2.027722879
6 196 3 100 8952978 2.027803008
13 200 3 100 59603 2.027810786
3 194 3 100 45673 2.027849317
12 195 3 100 14455 2.027857942
8 203 3 100 163600 2.027871968
6 206 3 100 74804 2.027877748
6 201 3 100 67848 2.027903815
11 205 3 100 23917012 2.027907655
4 199 3 100 1871387 2.027990066
8 193 3 100 2233657 2.027998767
14 207 3 100 3425738 2.028000351
0 201 3 100 69087 2.028007953
13 206 3 100 25894 2.028066007
7 196 3 100 11220 2.028099251
10 204 3 100 6820968 2.028105376
1 203 3 100 1107659 2.028126001
2 205 3 100 80510 2.028208181
12 195 3 100 902143 2.028253685
1 194 3 100 34539 2.028267735
10 203 3 100 56704 2.028284562
11 194 3 100 2397227 2.028303370
11 205 3 100 59766 2.028305842
7 196 3 100 811 2.028311013
11 201 3 100 25019 2.028364777
11 204 3 100 9366151 2.028376703
1 204 3 100 618664 2.028395311
11 205 3 100 29520 2.028403203
11 207 3 100 2227 2.028427484
11 193 3 100 2890666 2.028429144
6 202 3 100 21590814 2.028429246
7 194 3 100 500403 2.028433124
6 206 3 100 8172 2.028434404
8 194 3 100 490051 2.028478349
9 192 3 100 5275 2.028527728
6 207 3 100 41320 2.028563966
6 205 3 100 58205 2.028570512
15 201 3 100 4005285 2.028592828
0 206 3 100 231278 2.028664694
9 203 3 100 35388 2.028691115
14 193 3 100 4474 2.028724565
14 202 3 100 14170 2.028781361
1 197 3 100 14019 2.028803690
11 197 3 100 73001 2.028839815
12 192 3 100 36106 2.028844968
15 196 3 100 28237 2.028862384
15 195 3 100 43081 2.028869058
2 206 3 100 24137 2.028952618
1 204 3 100 3047486 2.028963054
7 206 3 100 9140 2.029013471
13 199 3 100 28732 2.029016039
0 204 3 100 66336 2.029032617
6 197 3 100 26102 2.029048369
7 196 3 100 28307 2.029082302
6 203 3 100 6882 2.029092346
10 193 3 100 522006 2.029192113
14 194 3 100 3343979 2.029192963
10 196 3 100 14548 2.029202067
14 203 3 100 6935732 2.029231324
5 206 3 100 62576 2.029237676
3 194 3 100 854756 2.029245620
1 196 3 100 324609 2.029295158
1 207 3 100 41790 2.029324439
11 196 3 100 331831 2.029362326
9 205 3 100 165511 2.029479401
2 201 3 100 1560678 2.029493382
5 200 3 100 29454 2.029511351
3 207 3 100 750795 2.029516878
5 193 3 100 25966 2.029530289
14 205 3 100 7682547 2.029553826
13 206 3 100 1807947 2.029606372
12 199 3 100 120570 2.029606999
1 198 3 100 19574 2.029630313
0 205 3 100 555937 2.029636198
3 197 3 100 13682 2.029650731
1 197 3 100 28009 2.029664507
9 195 3 100 46080 2.029675457
5 197 3 100 49736 2.029680378
12 195 3 100 879 2.029695210
0 193 3 100 62928 2.029703926
11 198 3 100 14568 2.029746224
2 207 3 100 8382695 2.029754508
6 196 3 100 306651 2.029760403
0 206 3 100 3411005 2.029779254
10 205 3 100 3795044 2.029863129
9 194 3 100 493870 2.029872500
12 203 3 100 14960 2.029886395
12 199 3 100 620724 2.029932836
6 197 3 100 2608 2.029979629
2 203 3 100 147818 2.030028439
8 200 3 100 14911 2.030051196
10 203 3 100 51260 2.030074228
14 200 3 100 37948 2.030097706
7 200 3 100 9070114 2.030108513
8 193 3 100 5551785 2.030134587
13 203 3 100 23637 2.030156814
8 205 3 100 3424989 2.030228983
9 200 3 100 47601 2.030274774
13 205 3 100 26518 2.030283141
12 207 3 100 21302 2.030356926
5 197 3 100 46727 2.030394472
15 205 3 100 73284 2.030414528
7 199 3 100 46079 2.030497420
12 202 3 100 2153179 2.030617552
14 204 3 100 1680654 2.030785677
9 201 3 100 2235542 2.030807438
4 206 3 100 105806 2.030835728
7 206 3 100 152470 2.030851001
5 192 3 100 10684 2.030881581
12 194 3 100 76725 2.030909161
5 198 3 100 41926 2.030924850
2 206 3 100 78588 2.030940734
8 202 3 100 3313147 2.030942006
1 200 3 100 7003308 2.030946737
11 204 3 100 3848089 2.030950992
13 203 3 100 747328 2.030981479
0 192 3 100 4066 2.030984466
2 192 3 100 67909 2.030993042
5 201 3 100 9262 2.031033649
0 193 3 100 6588 2.031036834
11 198 3 100 10392 2.031048022
13 200 3 100 1610416 2.031081782
5 197 3 100 4504230 2.031123167
5 197 3 100 77453 2.031186003
14 198 3 100 3812 2.031266638
6 206 3 100 75727 2.031272540
10 202 3 100 564223 2.031276541
13 207 3 100 709008 2.031302549
10 206 3 100 495444 2.031306068
6 204 3 100 1439704 2.031362485
13 195 3 100 9202815 2.031362513
1 199 3 100 3291755 2.031366120
9 200 3 100 48105 2.031384858
10 196 3 100 2604183 2.031388717
5 192 3 100 3255316 2.031389722
1 197 3 100 2077168 2.031418398
10 196 3 100 3504237 2.031457363
13 196 3 100 54902 2.031476728
10 206 3 100 405655 2.031505050
14 199 3 100 68277 2.031517863
0 206 3 100 60073 2.031564829
12 194 3 100 27771 2.031583341
4 202 3 100 17640138 2.031604366
7 195 3 100 112653 2.031624899
0 206 3 100 17113 2.031638236
15 193 3 100 6224 2.031656681
3 200 3 100 26704 2.031666546
9 196 3 100 158948 2.031679585
12 200 3 100 26755 2.031685703
9 207 3 100 1568 2.031689208
0 192 3 100 73205 2.031722701
8 206 3 100 23022790 2.031734800
2 206 3 100 20546 2.031737812
0 204 3 100 3138954 2.031749545
8 206 3 100 158322 2.031794668
14 193 3 100 27609 2.031799106
5 193 3 100 1436318 2.031844751
8 196 3 100 9566 2.031845536
4 197 3 100 1932 2.031845557
7 202 3 100 63188 2.031897002
4 197 3 100 3317880 2.031984097
0 201 3 100 38667 2.031989483
7 198 3 100 3264841 2.031994982
9 194 3 100 26457 2.032014840
13 203 3 100 22994 2.032032966
12 207 3 100 4162 2.032041600
11 194 3 100 22514 2.032041802
11 198 3 100 4804676 2.032132026
3 201 3 100 73770 2.032167277
14 193 3 100 42634 2.032201835
10 206 3 100 35121 2.032215925
3 205 3 100 27947 2.032221895
4 195 3 100 559111 2.032222147
2 207 3 100 64630 2.032222235
2 206 3 100 7246 2.032231122
7 192 3 100 2018750 2.032231840
12 192 3 100 42118 2.032242060
12 206 3 100 41127 2.032326055
0 204 3 100 8722883 2.032355084
15 197 3 100 7947522 2.032373084
3 197 3 100 10294 2.032374116
2 200 3 100 64384 2.032403402
9 196 3 100 2977 2.032448239
4 201 3 100 3030167 2.032473637
12 206 3 100 1724501 2.032489437
14 203 3 100 2743 2.032524584
4 198 3 100 1070816 2.032535772
15 201 3 100 130011 2.032545182
14 200 3 100 2106179 2.032572239
2 202 3 100 7825779 2.032602339
6 198 3 100 847734 2.032644972
15 194 3 100 62174 2.032702327
9 192 3 100 653745 2.032768497
10 202 3 100 28509 2.032846444
7 202 3 100 40350 2.032888109
6 206 3 100 65174 2.032906415
7 203 3 100 2865831 2.032919452
9 193 3 100 3426979 2.032955194
15 207 3 100 85918 2.033015949
7 194 3 100 141571 2.033016877
13 205 3 100 2922137 2.033019085
4 198 3 100 54718 2.033020621
1 196 3 100 8471 2.033030938
14 205 3 100 5123194 2.033101648
12 203 3 100 76216 2.033104352
0 207 3 100 6478796 2.033124752
15 205 3 100 579064 2.033180825
3 203 3 100 5105 2.033184127
10 204 3 100 1020783 2.033208518
7 201 3 100 20953 2.033246472
15 207 3 100 39764 2.033253917
5 200 3 100 1080901 2.033270165
2 204 3 100 2696044 2.033280393
9 195 3 100 173614 2.033288326
3 195 3 100 23003 2.033317414
10 204 3 100 25731 2.033327623
6 200 3 100 4178160 2.033427757
3 202 3 100 21770 2.033441502
1 198 3 100 1238725 2.033456393
2 202 3 100 30904 2.033511723
13 203 3 100 26843 2.033544927
6 207 3 100 25721 2.033573386
0 193 3 100 167206 2.033692582
5 199 3 100 50030 2.033727368
11 199 3 100 266710 2.033736743
11 204 3 100 29455109 2.033745358
6 197 3 100 10978 2.033749705
5 197 3 100 32766 2.033768326
4 199 3 100 107281 2.033776798
8 198 3 100 863462 2.033779466
3 197 3 100 50384 2.033790627
12 202 3 100 2891701 2.033806706
0 196 3 100 3563392 2.033836168
0 200 3 100 133618 2.033836851
11 207 3 100 10499 2.033862892
6 201 3 100 5556920 2.033873426
9 202 3 100 1580507 2.033905695
10 204 3 100 15266 2.033937706
10 193 3 100 1064535 2.033939436
7 203 3 100 65040 2.033977772
15 201 3 100 2927967 2.033988533
13 199 3 100 3471783 2.034007458
13 206 3 100 23642 2.034018005
10 205 3 100 61088 2.034028376
4 207 3 100 936 2.034034625
5 200 3 100 1930859 2.034058040
9 204 3 100 3345517 2.034074871
14 195 3 100 29416 2.034100420
5 199 3 100 3382791 2.034114664
5 206 3 100 28823 2.034167356
5 196 3 100 156350 2.034187222
13 196 3 100 6458115 2.034188661
0 194 3 100 74975 2.034205182
11 197 3 100 458010 2.034211539
7 202 3 100 1474233 2.034227275
10 202 3 100 1016134 2.034233592
13 194 3 100 1653800 2.034296638
7 192 3 100 5659204 2.034302992
5 200 3 100 3531417 2.034400339
0 207 3 100 58734 2.034428401
2 207 3 100 13898109 2.034445498
7 201 3 100 73745 2.034464943
14 197 3 100 6872 2.034472269
14 198 3 100 7402483 2.034560906
10 199 3 100 44086 2.034629999
10 204 3 100 37193 2.034659909
5 195 3 100 29814 2.034687169
5 195 3 100 140 2.034688173
8 194 3 100 1965971 2.034724235
5 193 3 100 28879 2.034741128
11 205 3 100 190922 2.034757507
14 198 3 100 44581 2.034842559
4 203 3 100 235209 2.034844481
7 206 3 100 47299 2.034868200
1 197 3 100 44381 2.034869368
11 206 3 100 129942 2.034873404
8 196 3 100 507883 2.034886061
12 195 3 100 67812 2.034895128
5 202 3 100 1448538 2.034900368
4 207 3 100 1544 2.034901253
1 198 3 100 1507 2.034949699
13 202 3 100 3743110 2.035002491
2 205 3 100 68677 2.035077605
7 204 3 100 8662 2.035268434
14 193 3 100 43500 2.035278096
13 206 3 100 3517 2.035279928
3 203 3 100 1678523 2.035288294
10 204 3 100 1422495 2.035291187
12 196 3 100 9907 2.035316123
9 197 3 100 44113 2.035346484
0 195 3 100 29660 2.035372371
4 203 3 100 4055974 2.035372379
8 203 3 100 111186 2.035381344
5 195 3 100 449039 2.035487516
5 193 3 100 38197 2.035490476
4 196 3 100 70643 2.035509214
14 202 3 100 1330556 2.035543774
1 193 3 100 749174 2.035544141
9 192 3 100 548885 2.035549684
0 195 3 100 4030 2.035555398
4 201 3 100 64639 2.035564249
15 196 3 100 19585 2.035596405
14 205 3 100 8295 2.035664311
4 201 3 100 57308 2.035673639
4 194 3 100 32907 2.035699214
3 197 3 100 146938 2.035720821
6 201 3 100 1858166 2.035723356
8 206 3 100 106887 2.035749818
7 204 3 100 49492 2.035767961
7 195 3 100 150 2.035778177
1 197 3 100 48168 2.035787509
1 193 3 100 528845 2.035804360
8 202 3 100 33913 2.035818530
2 200 3 100 13825757 2.035840511
1 203 3 100 160340 2.035863044
15 200 3 100 21282 2.035921936
1 203 3 100 1964289 2.035932137
5 201 3 100 8199352 2.035975222
11 197 3 100 47723 2.036052728
11 193 3 100 4094936 2.036180303
9 192 3 100 8826520 2.036180610
2 204 3 100 4629 2.036200325
11 193 3 100 159807 2.036226818
3 198 3 100 747538 2.036276165
14 198 3 100 444 2.036314249
6 198 3 100 55453 2.036330502
6 205 3 100 8024766 2.036360819
15 205 3 100 9935685 2.036367461
8 193 3 100 65746 2.036387496
0 207 3 100 64980 2.036426215
13 201 3 100 589618 2.036465154
1 205 3 100 71050 2.036566460
15 193 3 100 12507 2.036585101
3 196 3 100 57917 2.036617695
7 192 3 100 19374682 2.036643434
4 200 3 100 19555568 2.036643952
14 194 3 100 2350039 2.036671191
4 197 3 100 5426 2.036673484
0 202 3 100 49452 2.036688237
3 195 3 100 169200 2.036759716
14 198 3 100 25482347 2.036773760
4 194 3 100 63741 2.036788154
15 196 3 100 77976 2.036896445
15 204 3 100 86702 2.036910758
5 197 3 100 43946 2.036952939
2 196 3 100 58415 2.036957276
15 199 3 100 2536 2.037000839
1 196 3 100 199631 2.037010962
10 199 3 100 1021974 2.037028471
3 206 3 100 26791 2.037040243
15 206 3 100 785615 2.037063076
2 192 3 100 7495555 2.037070678
9 200 3 100 10677 2.037103096
11 201 3 100 20811 2.037120798
5 196 3 100 5551328 2.037130052
8 200 3 100 6722 2.037136067
7 204 3 100 2024509 2.037145767
7 195 3 100 27444 2.037154588
9 195 3 100 81976 2.037198625
9 207 3 100 20085 2.037240876
7 194 3 100 23146 2.037241247
15 193 3 100 1874428 2.037247123
12 202 3 100 5043835 2.037323595
11 198 3 100 2433289 2.037348287
9 192 3 100 6652 2.037348882
1 195 3 100 2508 2.037430413
5 199 3 100 1490123 2.037491109
0 206 3 100 21502 2.037550872
6 204 3 100 1790262 2.037592474
6 192 3 100 34976 2.037670210
9 198 3 100 2640 2.037684433
5 198 3 100 1212009 2.037686111
1 192 3 100 851301 2.037693260
5 198 3 100 27774 2.037698398
3 194 3 100 21684062 2.037710124
6 200 3 100 853173 2.037727474
3 200 3 100 58800 2.037728702
10 193 3 100 1920658 2.037794235
7 198 3 100 4283 2.037797584
11 195 3 100 3225 2.037800440
12 206 3 100 79490 2.037824460
2 202 3 100 74975 2.037863073
13 202 3 100 3297 2.037900628
7 193 3 100 7395 2.037930133
3 205 3 100 10158897 2.037945236
8 201 3 100 10775 2.037977708
11 194 3 100 1329203 2.038066837
1 198 3 100 29099 2.038076409
8 194 3 100 938797 2.038084864
13 200 3 100 2621 2.038097522
9 193 3 100 4446818 2.038116535
3 192 3 100 39921 2.038132244
7 203 3 100 57038 2.038144530
9 199 3 100 1350854 2.038155564
10 192 3 100 64070 2.038179458
7 207 3 100 9182230 2.038224350
12 193 3 100 28698117 2.038234872
1 207 3 100 23858 2.038265188
15 197 3 100 73814 2.038340076
13 204 3 100 3271279 2.038342113
10 202 3 100 3391 2.038344958
15 192 3 100 4823268 2.038383896
13 199 3 100 99086 2.038394123
10 206 3 100 34362 2.038445298
3 199 3 100 2993639 2.038474355
7 207 3 100 2673991 2.038509834
1 196 3 100 142566 2.038540092
8 203 3 100 5694 2.038588773
7 207 3 100 46424 2.038627210
5 197 3 100 115708 2.038722173
12 206 3 100 18352 2.038815817
15 192 3 100 13443 2.038850742
3 207 3 100 46267 2.038860587
2 196 3 100 232595 2.038868186
0 201 3 100 4911768 2.038890856
1 204 3 100 220667 2.038920876
5 203 3 100 5742152 2.038926659
7 196 3 100 9625 2.038929569
5 204 3 100 30005 2.038935995
13 204 3 100 141222 2.038937642
3 192 3 100 1692284 2.038977743
3 194 3 100 3714888 2.039018222
12 195 3 100 33448 2.039052691
3 198 3 100 495223 2.039175774
14 206 3 100 316739 2.039189187
3 194 3 100 77058 2.039196224
4 202 3 100 751515 2.039228717
15 203 3 100 6699886 2.039229399
4 198 3 100 63733 2.039257454
14 199 3 100 90626 2.039303243
7 196 3 100 41008 2.039375073
10 207 3 100 60925 2.039548603
13 196 3 100 8811 2.039573996
4 200 3 100 29602 2.039621163
9 197 3 100 3204906 2.039637497
6 200 3 100 13281 2.039670454
14 198 3 100 1268199 2.039674818
13 198 3 100 3053434 2.039906216
1 199 3 100 38120 2.039952030
7 192 3 100 38826 2.039992805
6 194 3 100 13033 2.040021686
9 194 3 100 66141 2.040022183
13 202 3 100 5482321 2.040035479
3 201 3 100 29094 2.040068665
6 194 3 100 116622 2.040114195
9 200 3 100 36349 2.040119057
9 201 3 100 4971 2.040123123
14 204 3 100 3220442 2.040141310
8 198 3 100 31781 2.040142612
7 192 3 100 5492 2.040152657
3 198 3 100 2089490 2.040207339
6 201 3 100 812501 2.040214767
2 202 3 100 181229 2.040275977
3 203 3 100 42198 2.040286182
6 197 3 100 21591 2.040316660
12 198 3 100 1191246 2.040327703
6 196 3 100 179704 2.040342416
10 195 3 100 10432 2.040433373
0 206 3 100 32577 2.040439223
5 207 3 100 7176017 2.040530223
13 200 3 100 9292008 2.040533274
6 205 3 100 1444339 2.040538934
15 195 3 100 472510 2.040706202
12 207 3 100 587438 2.040732095
5 204 3 100 54263 2.040770537
12 206 3 100 66507 2.040774490
2 202 3 100 20584 2.040791361
2 199 3 100 101065 2.040849357
14 200 3 100 74008 2.040858729
2 203 3 100 28939 2.040924404
8 207 3 100 569395 2.041004905
11 195 3 100 5489027 2.041043306
15 205 3 100 472445 2.041098452
3 199 3 100 74606 2.041113168
10 194 3 100 63357 2.041162650
10 199 3 100 5647 2.041163667
5 192 3 100 39206 2.041166099
6 207 3 100 4609392 2.041200417
8 206 3 100 3877798 2.041210371
13 199 3 100 54902 2.041230527
6 203 3 100 7176 2.041237297
10 193 3 100 954578 2.041243268
15 200 3 100 11797067 2.041250180
3 199 3 100 277560 2.041288243
14 205 3 100 991028 2.041336550
13 203 3 100 184608 2.041344366
2 196 3 100 85258 2.041385879
6 199 3 100 9649577 2.041394819
9 200 3 100 7666 2.041414127
15 207 3 100 1976 2.041448232
11 194 3 100 7846569 2.041488567
6 207 3 100 39607 2.041526653
5 206 3 100 48802 2.041571266
8 192 3 100 27014 2.041609239
10 196 3 100 3832581 2.041636769
1 192 3 100 41275 2.041661430
0 198 3 100 28413 2.041669077
1 192 3 100 203770 2.041701923
9 206 3 100 1851570 2.041746699
8 207 3 100 26215 2.041765974
8 192 3 100 5048542 2.041766799
13 192 3 100 3066 2.041782525
0 207 3 100 60682 2.041790945
7 197 3 100 41766 2.041827077
1 205 3 100 19955 2.041828709
11 192 3 100 5223733 2.041851537
10 192 3 100 39112 2.041857460
15 196 3 100 29857 2.041969150
4 205 3 100 1242755 2.041969338
0 196 3 100 131750 2.041975319
15 206 3 100 6739 2.041976362
9 196 3 100 1372577 2.042013742
8 194 3 100 70414 2.042111095
10 207 3 100 41634 2.042112707
15 196 3 100 6932 2.042127375
10 207 3 100 170994 2.042195100
14 200 3 100 29689078 2.042213888
11 203 3 100 693514 2.042253663
13 204 3 100 23669982 2.042335092
9 205 3 100 220858 2.042350137
0 194 3 100 60074 2.042373590
13 195 3 100 7882354 2.042383783
6 205 3 100 25258 2.042384872
1 203 3 100 549737 2.042390871
3 207 3 100 7548 2.042415506
4 192 3 100 2154 2.042434841
12 206 3 100 8566007 2.042483154
7 200 3 100 7269 2.042511594
3 204 3 100 19850602 2.042516076
4 195 3 100 1212 2.042549981
0 196 3 100 2890 2.042550376
12 200 3 100 50280 2.042557030
8 192 3 100 8371 2.042576188
9 195 3 100 1707143 2.042616717
12 195 3 100 64362 2.042637126
12 196 3 100 26928 2.042678752
12 194 3 100 41653 2.042728755
14 200 3 100 5774 2.042776807
6 193 3 100 1135966 2.042835522
1 192 3 100 18154 2.042865582
9 198 3 100 82684 2.042878628
13 195 3 100 1000709 2.042908332
15 201 3 100 35889 2.042917469
11 206 3 100 3696653 2.042957041
8 192 3 100 1814521 2.042957602
0 196 3 100 24582 2.042969085
4 196 3 100 774 2.042977856
13 195 3 100 31840 2.043017962
2 201 3 100 3878312 2.043034632
9 194 3 100 7558 2.043069171
0 204 3 100 47028 2.043072083
15 195 3 100 42948 2.043077030
10 192 3 100 8150570 2.043089123
1 202 3 100 1610002 2.043198582
7 192 3 100 19679 2.043251712
10 201 3 100 891576 2.043270139
7 193 3 100 18036 2.043279597
10 204 3 100 1581978 2.043284781
7 201 3 100 662397 2.043338311
6 197 3 100 5902743 2.043381295
1 204 3 100 1640607 2.043384341
6 198 3 100 1235031 2.043448111
0 206 3 100 7915644 2.043455544
2 197 3 100 805495 2.043506609
11 198 3 100 77383 2.043571006
2 194 3 100 884894 2.043614213
2 205 3 100 6031509 2.043642370
5 192 3 100 5204310 2.043810967
8 199 3 100 2211339 2.043866641
15 198 3 100 4651 2.043868003
14 205 3 100 2267 2.043871708
7 204 3 100 21242 2.043919460
5 193 3 100 40342 2.043959826
15 196 3 100 2286180 2.043982539
15 203 3 100 8362 2.044030938
1 197 3 100 123713 2.044182067
0 206 3 100 28603706 2.044191123
8 192 3 100 25363 2.044214512
12 195 3 100 578380 2.044231667
9 193 3 100 68781 2.044235938
3 194 3 100 44480 2.044241984
13 204 3 100 1252120 2.044291116
1 203 3 100 28079 2.044338479
13 205 3 100 75864 2.044410840
5 200 3 100 60889 2.044505771
9 203 3 100 4669123 2.044522360
6 192 3 100 1546012 2.044525050
11 205 3 100 53394 2.044648143
0 197 3 100 76673 2.044649511
8 200 3 100 829754 2.044652136
15 195 3 100 755353 2.044721644
8 200 3 100 14961 2.044730488
13 199 3 100 61838 2.044735057
0 207 3 100 21350 2.044760259
11 196 3 100 9631346 2.044768035
5 197 3 100 30488 2.044828152
13 194 3 100 637121 2.044842013
0 204 3 100 3248827 2.044858093
11 200 3 100 68603 2.044864934
5 193 3 100 40240 2.044872828
5 207 3 100 225137 2.044917034
3 202 3 100 28397 2.044922395
12 198 3 100 3515111 2.044950494
10 193 3 100 48867 2.044967730
9 196 3 100 5288 2.044996775
6 198 3 100 4917 2.045047945
14 202 3 100 529348 2.045061921
11 204 3 100 9655218 2.045063340
15 199 3 100 6166 2.045114982
7 207 3 100 51584 2.045148953
14 193 3 100 3940986 2.045153266
7 200 3 100 9410026 2.045230973
14 198 3 100 22174 2.045244015
7 207 3 100 662199 2.045246763
4 193 3 100 8008621 2.045260262
8 203 3 100 190260 2.045269222
4 204 3 100 938253 2.045282900
14 200 3 100 65673 2.045289579
8 194 3 100 808735 2.045297693
4 205 3 100 3147253 2.045314871
3 206 3 100 79237 2.045362267
12 205 3 100 52626 2.045402174
4 206 3 100 24133 2.045424026
15 204 3 100 1136 2.045426879
14 201 3 100 7674546 2.045445911
2 206 3 100 16570 2.045451305
15 199 3 100 5124140 2.045461726
15 197 3 100 11759955 2.045484262
9 202 3 100 5060 2.045503949
12 197 3 100 45992 2.045538892
10 197 3 100 14757 2.045546071
5 206 3 100 58451 2.045609287
11 205 3 100 2664678 2.045668276
5 204 3 100 1632975 2.045678978
1 205 3 100 39547 2.045692455
3 200 3 100 12883 2.045726387
5 193 3 100 14887129 2.045781436
6 204 3 100 46922 2.045786741
4 201 3 100 63883 2.045840793
14 195 3 100 87532 2.045866123
3 206 3 100 2523670 2.045875062
11 203 3 100 49417 2.045927973
0 202 3 100 21271 2.045955038
2 199 3 100 28477 2.046018360
15 200 3 100 936219 2.046049212
14 205 3 100 6322079 2.046055073
4 198 3 100 60084 2.046076034
7 193 3 100 40921 2.046077324
6 193 3 100 2279 2.046091745
12 200 3 100 178302 2.046104843
12 195 3 100 51142 2.046115891
8 195 3 100 208056 2.046117684
4 194 3 100 26915 2.046149365
4 197 3 100 27240 2.046167526
8 207 3 100 2935984 2.046190567
5 198 3 100 3416395 2.046220537
11 198 3 100 3723 2.046252252
14 201 3 100 4981963 2.046259069
4 206 3 100 445261 2.046267586
10 203 3 100 5281 2.046321364
10 196 3 100 525 2.046331794
6 207 3 100 3357 2.046392762
4 204 3 100 8580 2.046427756
1 192 3 100 17416 2.046451710
2 203 3 100 418240 2.046517431
3 202 3 100 2227760 2.046522641
11 207 3 100 52282 2.046530453
11 206 3 100 372641 2.046543084
8 199 3 100 13582 2.046553224
8 196 3 100 4604576 2.046556608
12 194 3 100 24338 2.046557999
5 200 3 100 69587 2.046588685
14 194 3 100 171489 2.046613021
8 201 3 100 4853540 2.046633406
0 195 3 100 4846666 2.046648930
15 198 3 100 4147239 2.046673225
4 195 3 100 189188 2.046722893
5 207 3 100 63467 2.046726728
12 207 3 100 64363 2.046731212
2 203 3 100 4814565 2.046740507
6 194 3 100 3435522 2.046754766
1 197 3 100 24085 2.046799625
15 192 3 100 5228 2.046805844
0 192 3 100 499 2.046822722
6 202 3 100 6381 2.046836243
10 203 3 100 850 2.046849090
2 193 3 100 21046 2.046896804
12 205 3 100 2069385 2.046973720
5 207 3 100 249922 2.047053530
7 204 3 100 20257280 2.047152239
3 203 3 100 72802 2.047170556
8 192 3 100 5181 2.047183635
10 196 3 100 6555451 2.047207965
5 207 3 100 1455 2.047275189
6 200 3 100 70652 2.047280986
0 206 3 100 20784 2.047324463
10 196 3 100 136485 2.047383798
13 194 3 100 7475913 2.047443062
12 199 3 100 23074 2.047469250
7 206 3 100 70564 2.047506118
4 203 3 100 17770 2.047526183
10 205 3 100 20524036 2.047528116
2 198 3 100 29511 2.047535534
3 192 3 100 9635 2.047572185
14 192 3 100 9589806 2.047609681
10 204 3 100 26946 2.047660432
11 206 3 100 49989 2.047731947
5 207 3 100 1927273 2.047736248
1 203 3 100 2683 2.047754070
0 206 3 100 22833996 2.047786514
9 200 3 100 1369392 2.047798869
15 197 3 100 2346419 2.047865388
11 192 3 100 8050 2.047876857
4 205 3 100 2071 2.047896942
8 201 3 100 63688 2.047936496
14 200 3 100 33609 2.047945893
4 193 3 100 9697541 2.047954780
2 195 3 100 41107 2.047955858
6 204 3 100 27359 2.047973224
6 196 3 100 127400 2.047996527
15 200 3 100 2552675 2.048024648
12 205 3 100 27027 2.048042678
2 192 3 100 10570 2.048054375
11 206 3 100 42564 2.048076047
12 193 3 100 29890517 2.048092761
11 199 3 100 8150 2.048107779
3 195 3 100 8852 2.048117811
14 201 3 100 18751 2.048134838
5 192 3 100 69587 2.048150382
6 204 3 100 1894660 2.048156781
6 202 3 100 54096 2.048171224
15 196 3 100 79961 2.048177238
10 199 3 100 21049 2.048177872
6 202 3 100 77431 2.048217805
4 195 3 100 68260 2.048292580
5 195 3 100 1861162 2.048329751
12 193 3 100 3161 2.048374794
2 203 3 100 7845690 2.048452909
4 192 3 100 154238 2.048507762
7 198 3 100 1545 2.048523589
7 196 3 100 63021 2.048603841
0 206 3 100 4169 2.048607420
10 196 3 100 2080 2.048655249
3 200 3 100 45241 2.048762351
14 196 3 100 35285 2.048774839
15 198 3 100 8322 2.048790569
12 199 3 100 29145 2.048798719
15 198 3 100 150696 2.048816827
3 194 3 100 23383 2.048820005
12 202 3 100 25246 2.048824417
6 196 3 100 156672 2.048858406
1 201 3 100 10671 2.048864481
11 199 3 100 505432 2.048873596
3 205 3 100 52487 2.048905481
13 194 3 100 1537540 2.048905539
12 199 3 100 8725 2.048992586
6 207 3 100 30784 2.049011705
14 205 3 100 148611 2.049019151
2 205 3 100 24488 2.049025734
10 197 3 100 7373180 2.049058159
11 207 3 100 7265 2.049075207
9 197 3 100 29823 2.049127643
12 200 3 100 156220 2.049134978
12 202 3 100 189777 2.049136752
11 200 3 100 4460512 2.049270758
7 206 3 100 73897 2.049296472
15 199 3 100 73015 2.049319296
8 197 3 100 24052 2.049342364
1 201 3 100 3836 2.049356252
14 196 3 100 80193 2.049362742
8 203 3 100 57288 2.049387868
11 200 3 100 9888742 2.049421428
11 199 3 100 18858 2.049426122
10 200 3 100 133255 2.049442361
1 196 3 100 3681110 2.049469940
15 203 3 100 41561 2.049532722
12 205 3 100 27386931 2.049594119
14 200 3 100 1230084 2.049595289
8 201 3 100 5051549 2.049606802
2 198 3 100 3355555 2.049608889
8 196 3 100 10508 2.049641149
14 207 3 100 20988599 2.049669258
15 193 3 100 11712 2.049678460
10 200 3 100 83670 2.049737373
10 202 3 100 48990 2.049744356
9 201 3 100 48148 2.049753233
15 197 3 100 21993 2.049773203
7 205 3 100 123541 2.049783923
9 194 3 100 17842 2.049786787
12 206 3 100 102872 2.049794646
9 196 3 100 35766 2.049802233
8 196 3 100 8353 2.049833751
15 206 3 100 3389 2.049834180
11 195 3 100 929276 2.049841619
10 200 3 100 57889 2.049856946
15 205 3 100 27260 2.049882852
10 194 3 100 3374276 2.049921212
6 207 3 100 403622 2.049928486
13 203 3 100 23142 2.049984094
1 202 3 100 8334 2.049996011
3 202 3 100 46636 2.050034308
9 204 3 100 280 2.050050824
12 196 3 100 277017 2.050071683
7 205 3 100 21770973 2.050082914
4 195 3 100 41300 2.050121871
0 206 3 100 31695 2.050128807
5 201 3 100 48128 2.050151023
5 200 3 100 33604 2.050155019
3 194 3 100 44901 2.050163732
5 199 3 100 42814 2.050193697
7 199 3 100 184807 2.050195536
4 194 3 100 9187 2.050202148
0 196 3 100 3493 2.050227987
9 203 3 100 14525 2.050232797
4 198 3 100 8462 2.050314980
4 199 3 100 74829 2.050323206
14 199 3 100 15227 2.050324606
8 206 3 100 77303 2.050362055
0 207 3 100 14315 2.050369902
5 193 3 100 1457959 2.050403402
2 205 3 100 45510 2.050413584
7 205 3 100 1534810 2.050439941
3 193 3 100 3939195 2.050444342
7 195 3 100 49753 2.050461660
8 205 3 100 520782 2.050476351
9 196 3 100 75073 2.050492934
11 194 3 100 3022364 2.050499842
14 192 3 100 21580 2.050525262
9 195 3 100 9383102 2.050574771
5 194 3 100 2276235 2.050583355
4 197 3 100 871031 2.050604007
14 193 3 100 3377 2.050629601
2 204 3 100 36588 2.050635451
7 201 3 100 9198 2.050645591
8 192 3 100 115821 2.050673883
3 200 3 100 37572 2.050715580
7 194 3 100 1267949 2.050735421
6 196 3 100 2477425 2.050757248
2 199 3 100 51342 2.050758940
2 194 3 100 135114 2.050828134
6 196 3 100 3302204 2.050828781
5 197 3 100 1458601 2.050833385
13 204 3 100 70904 2.050852217
3 194 3 100 4301 2.050854926
15 196 3 100 32143 2.050873023
1 206 3 100 227 2.051031356
14 201 3 100 5138185 2.051085157
8 195 3 100 24365 2.051103051
15 195 3 100 307084 2.051109602
11 201 3 100 1831105 2.051113152
8 206 3 100 810776 2.051130722
14 197 3 100 28614 2.051139244
4 207 3 100 2559045 2.051141763
2 204 3 100 2729010 2.051156601
9 203 3 100 1292137 2.051168836
5 195 3 100 4830 2.051246984
5 198 3 100 18951 2.051301890
0 206 3 100 6148 2.051316714
1 199 3 100 8684464 2.051318443
2 205 3 100 17539 2.051335723
13 198 3 100 30023 2.051438391
5 195 3 100 8936 2.051474009
14 194 3 100 1348323 2.051507395
4 197 3 100 3635 2.051512284
14 203 3 100 5390572 2.051549627
12 204 3 100 66267 2.051552140
13 197 3 100 74532 2.051566751
1 197 3 100 77388 2.051572580
4 203 3 100 1125682 2.051587851
14 192 3 100 49256 2.051589760
12 193 3 100 74025 2.051635936
3 207 3 100 4948181 2.051645250
9 204 3 100 3619 2.051704131
8 195 3 100 4070 2.051737965
2 192 3 100 24120 2.051786499
4 198 3 100 2602087 2.051799612
10 195 3 100 14896 2.051851524
3 198 3 100 20224412 2.051881672
12 201 3 100 306334 2.051899084
15 194 3 100 53276 2.051920880
12 192 3 100 14622 2.051944624
6 195 3 100 2708968 2.051966398
1 206 3 100 1219875 2.051974279
10 201 3 100 73885 2.051994729
0 203 3 100 784100 2.052000327
3 195 3 100 940 2.052012793
5 206 3 100 3969229 2.052020509
10 193 3 100 1726962 2.052048340
3 200 3 100 1340275 2.052101306
15 197 3 100 1172032 2.052119498
8 199 3 100 57272 2.052129961
2 195 3 100 11463391 2.052203412
15 205 3 100 124888 2.052247701
2 192 3 100 195143 2.052312230
9 206 3 100 56591 2.052336543
13 193 3 100 4750 2.052399586
5 198 3 100 28690 2.052406626
7 201 3 100 415501 2.052418924
4 199 3 100 4338708 2.052419683
5 196 3 100 41493 2.052493382
7 207 3 100 24983 2.052505338
3 195 3 100 398196 2.052593610
13 194 3 100 57440 2.052614930
3 198 3 100 286197 2.052638613
0 205 3 100 798472 2.052641820
15 193 3 100 38345 2.052645782
9 196 3 100 924822 2.052679115
3 201 3 100 2177428 2.052684777
2 200 3 100 407 2.052684804
7 192 3 100 6197 2.052751489
3 193 3 100 615 2.052768298
10 193 3 100 2099 2.052784207
5 206 3 100 16336 2.052837349
8 194 3 100 286933 2.052841725
7 197 3 100 36082 2.052846800
5 196 3 100 45910 2.052849799
8 193 3 100 5 2.053004256
6 199 3 100 63814 2.053009154
2 195 3 100 612691 2.053037553
1 199 3 100 79966 2.053175545
6 202 3 100 3739137 2.053203893
15 201 3 100 18699 2.053263639
4 203 3 100 146796 2.053319092
11 204 3 100 53780 2.053340584
7 199 3 100 3986084 2.053359994
10 197 3 100 166141 2.053365056
14 199 3 100 3179894 2.053399454
12 198 3 100 4828 2.053404953
13 200 3 100 1123084 2.053407098
15 202 3 100 42384 2.053436432
7 206 3 100 5653 2.053471042
11 193 3 100 43461 2.053504209
13 199 3 100 9515852 2.053525190
4 195 3 100 1241 2.053536927
4 206 3 100 14476 2.053548503
10 200 3 100 4038 2.053555697
14 199 3 100 1413 2.053607411
7 204 3 100 31698 2.053613438
6 193 3 100 21244 2.053668207
15 206 3 100 3142483 2.053671620
1 204 3 100 8381 2.053737183
10 198 3 100 22811 2.053811211
8 203 3 100 3108044 2.053817135
2 205 3 100 2903 2.053842981
13 192 3 100 15612924 2.053859853
1 205 3 100 582802 2.053877795
10 204 3 100 1457193 2.053925427
6 204 3 100 17083 2.053971936
10 198 3 100 7772 2.053981189
12 196 3 100 74059 2.053996163
10 201 3 100 23954 2.053997895
4 200 3 100 8266549 2.054012086
0 202 3 100 25315 2.054020305
0 196 3 100 4488260 2.054063419
9 204 3 100 18522 2.054122332
5 204 3 100 1029090 2.054164672
15 195 3 100 3875201 2.054169118
8 197 3 100 141772 2.054188072
3 205 3 100 9574665 2.054237518
7 203 3 100 51567 2.054241606
4 192 3 100 1929058 2.054242091
2 200 3 100 19423 2.054250971
13 204 3 100 1666740 2.054287565
1 204 3 100 978981 2.054300553
0 206 3 100 86700 2.054306070
8 207 3 100 130693 2.054365521
2 204 3 100 4396034 2.054411362
1 205 3 100 4757070 2.054442449
5 193 3 100 29850 2.054475828
6 197 3 100 7981 2.054487455
13 199 3 100 63774 2.054515246
3 202 3 100 63027 2.054521526
0 202 3 100 1270692 2.054527197
9 207 3 100 40889 2.054533284
13 205 3 100 3598436 2.054615435
10 207 3 100 639184 2.054635454
1 196 3 100 45132 2.054639274
15 205 3 100 1660773 2.054647656
14 194 3 100 2841080 2.054659275
4 203 3 100 56598 2.054680976
6 200 3 100 3373010 2.054689767
2 202 3 100 170697 2.054710548
1 195 3 100 19037512 2.054710857
9 202 3 100 1792059 2.054747343
8 202 3 100 284809 2.054754902
4 193 3 100 1633058 2.054776889
15 204 3 100 189445 2.054781320
0 195 3 100 86275 2.054785589
10 195 3 100 25934 2.054809063
9 205 3 100 54006 2.054820358
13 207 3 100 4352180 2.054844792
15 206 3 100 31629 2.054869946
10 194 3 100 3286 2.054966320
11 192 3 100 2998823 2.055033021
8 196 3 100 1570241 2.055105007
7 194 3 100 962972 2.055125680
0 194 3 100 4709018 2.055136883
1 197 3 100 8558810 2.055187271
4 193 3 100 2507 2.055218308
2 197 3 100 1473167 2.055219866
13 206 3 100 100661 2.055247817
10 207 3 100 3860628 2.055287981
8 197 3 100 4365342 2.055356580
12 201 3 100 77937 2.055414411
3 199 3 100 113110 2.055435374
11 202 3 100 19825 2.055473128
3 202 3 100 3858638 2.055519322
2 201 3 100 5999 2.055528802
5 204 3 100 1969131 2.055580504
8 194 3 100 45345 2.055593591
10 203 3 100 2655180 2.055593671
4 204 3 100 4350 2.055608001
5 194 3 100 38574 2.055719392
2 205 3 100 165189 2.055728061
10 202 3 100 24357 2.055732304
10 199 3 100 9099 2.055797388
0 200 3 100 2337956 2.055834539
13 192 3 100 73050 2.055879915
6 198 3 100 10489704 2.055902543
1 193 3 100 27455 2.055912238
14 195 3 100 4591157 2.055944218
9 207 3 100 34118 2.055959017
15 198 3 100 28692 2.056052417
15 199 3 100 5384 2.056069883
3 205 3 100 112185 2.056142422
5 196 3 100 74561 2.056150084
6 205 3 100 3342 2.056168870
6 196 3 100 896864 2.056176832
14 192 3 100 4774181 2.056191637
11 207 3 100 66793 2.056206322
9 205 3 100 76049 2.056211129
4 203 3 100 755958 2.056227407
6 199 3 100 5825 2.056244284
4 199 3 100 620490 2.056268624
12 193 3 100 2392905 2.056277141
7 205 3 100 1323583 2.056368094
13 194 3 100 237666 2.056387700
14 196 3 100 57587 2.056417092
5 200 3 100 282712 2.056431786
6 205 3 100 392534 2.056512538
6 199 3 100 2858115 2.056520923
3 205 3 100 22240 2.056538681
5 207 3 100 19650 2.056582182
14 205 3 100 35334 2.056599368
9 203 3 100 6699 2.056643696
11 206 3 100 708437 2.056703334
12 203 3 100 7655 2.056708153
9 203 3 100 62300 2.056717874
11 194 3 100 9418998 2.056807848
9 205 3 100 436540 2.056828259
3 204 3 100 49938 2.056871082
2 206 3 100 27669 2.056886770
3 193 3 100 6271 2.056895953
10 193 3 100 1020419 2.056910542
9 206 3 100 844212 2.056983189
6 200 3 100 62248 2.057017350
10 195 3 100 7585 2.057019569
13 197 3 100 54426 2.057066320
1 193 3 100 1129185 2.057080077
1 198 3 100 71615 2.057149518
15 200 3 100 173032 2.057162731
12 203 3 100 4617042 2.057192595
7 199 3 100 2167489 2.057227827
9 205 3 100 1114 2.057275617
12 196 3 100 893 2.057360303
6 198 3 100 523092 2.057361187
9 203 3 100 27873 2.057381675
4 201 3 100 105717 2.057403475
9 202 3 100 56680 2.057411563
9 198 3 100 687247 2.057428193
5 199 3 100 1513135 2.057459046
11 200 3 100 8738 2.057512236
11 201 3 100 1009157 2.057543806
9 206 3 100 28955 2.057553632
9 207 3 100 1117531 2.057566700
6 197 3 100 43308 2.057684998
12 193 3 100 4998733 2.057689089
15 202 3 100 10967511 2.057719688
3 203 3 100 23703 2.057751577
6 200 3 100 9814234 2.057755439
0 195 3 100 6826 2.057877189
4 199 3 100 3281304 2.057884403
12 196 3 100 37260 2.057922145
0 198 3 100 45959 2.057959169
4 194 3 100 24571699 2.058002866
6 196 3 100 4008644 2.058059270
14 202 3 100 25757 2.058070226
13 195 3 100 142622 2.058100037
8 194 3 100 2708 2.058130454
8 194 3 100 1246340 2.058247192
4 197 3 100 7842988 2.058278432
3 199 3 100 41199 2.058299797
9 194 3 100 26965 2.058308894
5 204 3 100 29433 2.058371993
9 193 3 100 7276 2.058400542
13 194 3 100 36046 2.058407134
7 207 3 100 197587 2.058409751
8 194 3 100 30135 2.058452055
8 193 3 100 31992 2.058463087
5 205 3 100 29257 2.058470317
9 195 3 100 41164 2.058472162
4 207 3 100 9914 2.058541750
2 199 3 100 9037222 2.058551067
11 198 3 100 65069 2.058591689
8 192 3 100 15839 2.058645402
0 200 3 100 315434 2.058660928
12 206 3 100 1309596 2.058671536
14 200 3 100 8173 2.058690417
14 199 3 100 9536253 2.058691802
8 192 3 100 6867973 2.058698154
0 200 3 100 69878 2.058698909
6 194 3 100 170196 2.058718750
0 204 3 100 8347297 2.058738945
3 197 3 100 21017 2.058751345
8 200 3 100 1951666 2.058788636
12 203 3 100 3810680 2.058801263
10 199 3 100 2536947 2.058809947
1 206 3 100 694913 2.058887346
1 205 3 100 26120 2.058901269
4 197 3 100 1994832 2.058944868
8 195 3 100 4643175 2.058967442
1 192 3 100 57990 2.058986403
10 192 3 100 65407 2.058991194
1 195 3 100 26015 2.059004853
3 201 3 100 27386061 2.059014530
10 196 3 100 19649712 2.059048197
2 204 3 100 3392473 2.059173304
6 202 3 100 8209 2.059173656
4 207 3 100 10836 2.059193797
4 201 3 100 746311 2.059235858
14 198 3 100 54309 2.059258462
15 202 3 100 3610800 2.059325053
10 201 3 100 27992 2.059373830
0 199 3 100 201235 2.059382526
9 197 3 100 9523749 2.059385334
6 201 3 100 27470 2.059391199
5 202 3 100 952807 2.059394681
8 195 3 100 45379 2.059420495
10 204 3 100 30095 2.059461307
0 207 3 100 943262 2.059463432
0 193 3 100 1546786 2.059491580
0 196 3 100 166924 2.059510671
11 201 3 100 2573 2.059566526
9 197 3 100 4330903 2.059593296
1 203 3 100 99219 2.059597106
0 207 3 100 890567 2.059603011
6 194 3 100 9131367 2.059610951
5 201 3 100 978148 2.059611238
5 205 3 100 32293 2.059653386
14 198 3 100 7722 2.059655189
14 196 3 100 6792 2.059659250
10 195 3 100 4512757 2.059706512
1 199 3 100 197097 2.059708115
7 193 3 100 45668 2.059764526
8 204 3 100 2973 2.059790375
11 203 3 100 122143 2.059822309
11 198 3 100 33823 2.059840837
3 196 3 100 4180 2.059857401
12 195 3 100 14946 2.059935406
11 193 3 100 28899 2.059949226
1 193 3 100 836186 2.059988147
0 196 3 100 69284 2.060002296
5 197 3 100 7509853 2.060003358
4 197 3 100 8015048 2.060031720
4 195 3 100 21946 2.060047886
5 205 3 100 3765 2.060064785
15 200 3 100 129650 2.060068161
5 204 3 100 68779 2.060139403
9 204 3 100 32710 2.060180402
3 198 3 100 1134 2.060279224
1 207 3 100 43971 2.060308481
13 207 3 100 4402708 2.060328328
12 202 3 100 31540 2.060334228
15 206 3 100 1801 2.060366845
8 200 3 100 2002843 2.060571889
4 206 3 100 19776 2.060680158
11 206 3 100 1608787 2.060762355
2 195 3 100 1740198 2.060787926
13 202 3 100 89223 2.060813689
6 192 3 100 41119 2.060848744
3 193 3 100 74267 2.060866244
0 207 3 100 27233 2.060920168
1 207 3 100 27258 2.060929336
8 192 3 100 26119 2.060935039
3 195 3 100 185674 2.060946703
14 207 3 100 5235 2.060972035
6 194 3 100 1761244 2.060972633
11 200 3 100 23056 2.060999622
6 193 3 100 3742054 2.061049755
5 206 3 100 186974 2.061058188
14 202 3 100 40900 2.061073471
2 199 3 100 65018 2.061086533
1 206 3 100 1223445 2.061116441
8 194 3 100 75915 2.061225823
10 205 3 100 217243 2.061234354
9 195 3 100 43795 2.061287582
2 193 3 100 851590 2.061302460
11 204 3 100 4013 2.061322328
8 204 3 100 129705 2.061343251
6 197 3 100 29542 2.061358819
6 197 3 100 68004 2.061492137
8 195 3 100 4978501 2.061505638
14 198 3 100 7056 2.061529755
12 197 3 100 608177 2.061542092
15 195 3 100 78648 2.061548648
6 199 3 100 360444 2.061557010
1 195 3 100 206 2.061564246
8 206 3 100 7238387 2.061564432
8 194 3 100 878908 2.061579844
2 195 3 100 64965 2.061584003
11 198 3 100 59307 2.061594771
8 203 3 100 46097 2.061619911
8 198 3 100 6896282 2.061685799
12 203 3 100 1945102 2.061703757
3 193 3 100 23011 2.061743955
9 192 3 100 4604907 2.061782320
8 200 3 100 25931 2.061784768
10 201 3 100 12038 2.061808362
14 195 3 100 3442869 2.061825764
9 194 3 100 33300 2.061827577
9 202 3 100 27077 2.061875107
7 202 3 100 39703 2.061880929
0 203 3 100 8919610 2.061929362
7 202 3 100 56623 2.061976761
6 192 3 100 1297 2.062004642
8 203 3 100 167562 2.062010732
12 193 3 100 21870 2.062047976
9 207 3 100 2130858 2.062048509
7 204 3 100 1587468 2.062075218
10 199 3 100 28882 2.062160951
12 200 3 100 57980 2.062167861
15 194 3 100 92608 2.062209506
15 203 3 100 29898 2.062213535
0 204 3 100 699163 2.062232811
12 201 3 100 40435 2.062250613
14 203 3 100 31297 2.062256536
8 205 3 100 2736 2.062336674
15 202 3 100 59124 2.062339124
3 201 3 100 84784 2.062360452
0 196 3 100 24026 2.062363818
5 202 3 100 7415436 2.062421614
14 203 3 100 24572 2.062426833
12 195 3 100 24948 2.062430958
5 199 3 100 775315 2.062510282
1 207 3 100 3507643 2.062593863
15 205 3 100 44062 2.062606303
11 204 3 100 79335 2.062640194
15 200 3 100 1388552 2.062651638
1 206 3 100 315249 2.062672361
10 196 3 100 68277 2.062702286
0 197 3 100 12237717 2.062717213
2 198 3 100 1249795 2.062728485
8 206 3 100 8832 2.062779773
15 194 3 100 64013 2.062788244
6 193 3 100 3615606 2.062815179
2 200 3 100 2960 2.062821714
3 201 3 100 43498 2.062852722
2 207 3 100 16918 2.062870633
8 198 3 100 8998277 2.062871017
8 201 3 100 481316 2.062903403
12 192 3 100 13283 2.062928017
5 197 3 100 1064216 2.062933286
3 202 3 100 43938 2.063033037
12 206 3 100 56636 2.063062873
4 197 3 100 46698 2.063073030
9 206 3 100 21394 2.063103914
4 201 3 100 1923625 2.063146751
14 192 3 100 233084 2.063259964
9 197 3 100 53587 2.063272068
1 203 3 100 62663 2.063307998
10 197 3 100 1571713 2.063327986
14 204 3 100 25456 2.063339217
0 206 3 100 1112002 2.063351023
6 203 3 100 67120 2.063421071
8 195 3 100 44403 2.063428252
8 205 3 100 18186 2.063443372
13 198 3 100 59649 2.063511174
10 195 3 100 20835 2.063530768
0 207 3 100 31132 2.063549264
13 205 3 100 8996650 2.063549470
1 198 3 100 23686184 2.063564991
4 196 3 100 48636 2.063600837
0 194 3 100 50578 2.063633267
11 201 3 100 1062348 2.063643536
15 196 3 100 3080403 2.063645052
8 207 3 100 1080 2.063650011
3 204 3 100 21696 2.063661693
0 195 3 100 22015 2.063720543
13 196 3 100 3917161 2.063723576
6 207 3 100 6849 2.063744898
14 194 3 100 1654867 2.063768439
10 192 3 100 23817 2.063771494
2 198 3 100 744071 2.063771844
8 194 3 100 187496 2.063796646
14 201 3 100 4312 2.063814538
6 197 3 100 6269 2.063869189
14 205 3 100 18648 2.063913392
1 203 3 100 5926844 2.063917891
13 193 3 100 4499025 2.063921276
13 206 3 100 572839 2.063975195
8 194 3 100 1115330 2.063975875
14 204 3 100 19946862 2.063989714
3 207 3 100 1505 2.064039575
7 198 3 100 23623 2.064055396
0 196 3 100 29038 2.064061544
5 196 3 100 8049105 2.064082344
10 200 3 100 4260560 2.064089110
6 204 3 100 18952 2.064172946
6 193 3 100 101851 2.064176073
4 202 3 100 7527772 2.064204595
2 203 3 100 5679235 2.064224777
12 195 3 100 8888 2.064238314
0 200 3 100 47338 2.064250306
11 192 3 100 41625 2.064263633
0 205 3 100 2101424 2.064265242
0 200 3 100 47290 2.064272939
10 203 3 100 90595 2.064290571
14 193 3 100 7451066 2.064307538
6 198 3 100 65771 2.064330909
15 197 3 100 12202 2.064332567
5 193 3 100 9498184 2.064406994
11 206 3 100 1447257 2.064426711
10 204 3 100 2539594 2.064479234
13 206 3 100 2381825 2.064486030
7 199 3 100 15072841 2.064573641
1 198 3 100 59845 2.064592833
0 201 3 100 3787 2.064593551
4 205 3 100 44299 2.064620848
0 201 3 100 40458 2.064641280
5 206 3 100 17194 2.064646096
15 192 3 100 185975 2.064735408
8 199 3 100 39009 2.064767723
9 204 3 100 1123986 2.064793647
14 204 3 100 1621791 2.064797946
3 202 3 100 24414 2.064874842
5 197 3 100 1415560 2.064885692
2 196 3 100 391122 2.064897735
7 195 3 100 3698 2.064898427
9 202 3 100 3002436 2.064905898
0 196 3 100 2879277 2.064925711
5 195 3 100 7955 2.064965473
1 199 3 100 582949 2.064979599
0 205 3 100 44660 2.065060998
12 206 3 100 4540631 2.065106847
13 200 3 100 20683 2.065126868
9 201 3 100 66389 2.065160251
2 201 3 100 697076 2.065168943
11 206 3 100 14707 2.065182800
12 199 3 100 1535744 2.065203432
1 194 3 100 65634 2.065225747
1 193 3 100 71207 2.065227534
15 193 3 100 13369 2.065254379
9 193 3 100 9674148 2.065311733
15 207 3 100 72859 2.065315262
1 202 3 100 593200 2.065324409
10 193 3 100 855159 2.065325395
8 193 3 100 708 2.065333596
0 192 3 100 6219395 2.065334314
9 199 3 100 33349 2.065412990
15 207 3 100 73235 2.065428005
10 194 3 100 1117299 2.065461762
11 202 3 100 181082 2.065471222
1 202 3 100 27106430 2.065483842
0 201 3 100 3766 2.065512180
3 199 3 100 362324 2.065519183
5 194 3 100 318491 2.065573639
3 193 3 100 28499 2.065575306
0 207 3 100 133659 2.065586013
0 200 3 100 10240 2.065586338
14 196 3 100 583737 2.065686527
11 198 3 100 9762465 2.065728174
10 207 3 100 19451 2.065736565
6 204 3 100 27089 2.065752243
9 197 3 100 41900 2.065781311
4 205 3 100 3687848 2.065822355
11 193 3 100 3678 2.065861283
2 192 3 100 20626 2.065883172
10 196 3 100 45635 2.065914561
10 193 3 100 67743 2.065953432
2 196 3 100 3063 2.065955008
12 197 3 100 120271 2.065993992
3 206 3 100 24246 2.065997497
2 197 3 100 54242 2.066010352
15 201 3 100 64309 2.066081098
12 205 3 100 349241 2.066092197
9 197 3 100 24386 2.066115534
1 205 3 100 1366623 2.066140362
13 196 3 100 2284 2.066163812
14 207 3 100 817308 2.066164169
15 207 3 100 61977 2.066190497
15 195 3 100 6345549 2.066218512
10 195 3 100 63576 2.066275997
13 197 3 100 26142 2.066289124
12 207 3 100 1374460 2.066374477
2 201 3 100 83817 2.066398906
9 207 3 100 848761 2.066421983
4 202 3 100 678 2.066436501
7 196 3 100 142077 2.066447277
7 198 3 100 74861 2.066464345
11 193 3 100 69577 2.066510767
13 194 3 100 15829 2.066514914
2 206 3 100 354150 2.066564516
11 203 3 100 59048 2.066620885
4 196 3 100 23417662 2.066633503
15 197 3 100 29109 2.066651181
1 206 3 100 29674 2.066699955
14 207 3 100 25133 2.066701832
2 193 3 100 23399 2.066710178
10 198 3 100 27712635 2.066714057
14 199 3 100 8554 2.066725073
8 200 3 100 58418 2.066797130
10 203 3 100 17196 2.066828699
5 195 3 100 71745 2.066846319
12 206 3 100 782 2.066849860
7 195 3 100 2427107 2.066860560
14 193 3 100 1822932 2.066888242
8 203 3 100 71624 2.066924063
11 201 3 100 2128732 2.066935115
1 201 3 100 10927579 2.066957502
9 192 3 100 63082 2.067019840
0 200 3 100 21631 2.067022644
1 194 3 100 19522 2.067048266
1 192 3 100 7124564 2.067108759
1 203 3 100 42681 2.067147903
15 198 3 100 27162 2.067168707
10 197 3 100 1942693 2.067217411
7 194 3 100 792519 2.067252635
12 201 3 100 16900 2.067260895
5 199 3 100 1907068 2.067274669
2 197 3 100 36133 2.067312284
6 199 3 100 6716995 2.067313877
9 207 3 100 1702 2.067396496
0 203 3 100 9983212 2.067456852
2 198 3 100 3319061 2.067458606
3 196 3 100 12718430 2.067471705
5 199 3 100 5040882 2.067471796
14 207 3 100 29473 2.067498975
3 196 3 100 3112 2.067510089
1 197 3 100 1713021 2.067524412
7 207 3 100 28428 2.067532789
10 193 3 100 2154609 2.067578829
5 206 3 100 78233 2.067626241
4 196 3 100 14662584 2.067660768
5 197 3 100 258757 2.067727731
12 204 3 100 4703025 2.067777943
12 205 3 100 7477 2.067831583
1 193 3 100 29923 2.067905103
7 205 3 100 9643529 2.067961656
1 194 3 100 1474960 2.067967598
7 207 3 100 13729376 2.067978610
11 205 3 100 76171 2.068080117
1 202 3 100 2822 2.068083112
14 196 3 100 146109 2.068094635
7 192 3 100 79029 2.068143333
11 197 3 100 1227251 2.068212365
15 206 3 100 60098 2.068228109
12 204 3 100 7371 2.068239306
14 204 3 100 396577 2.068250182
2 207 3 100 3160 2.068342661
5 199 3 100 35222 2.068352123
15 203 3 100 13775365 2.068379899
8 206 3 100 3891361 2.068468952
12 199 3 100 40328 2.068492169
3 198 3 100 66542 2.068524288
2 198 3 100 66570 2.068529288
15 193 3 100 1811894 2.068574771
10 205 3 100 9517160 2.068615280
10 193 3 100 25689 2.068634211
13 205 3 100 39295 2.068648891
2 196 3 100 1575208 2.068669026
3 197 3 100 41591 2.068695360
15 192 3 100 3244 2.068710366
0 200 3 100 1805932 2.068728451
14 194 3 100 690314 2.068763489
3 197 3 100 895462 2.068784323
10 200 3 100 63215 2.068812266
3 207 3 100 9528 2.068835816
3 203 3 100 69456 2.068935277
0 201 3 100 1478211 2.068946624
8 204 3 100 28312 2.068965299
4 200 3 100 3645855 2.068986596
7 207 3 100 89231 2.068995053
3 201 3 100 24819 2.069020079
4 196 3 100 638411 2.069038249
5 203 3 100 2249442 2.069066705
0 207 3 100 1062913 2.069067812
5 199 3 100 7122729 2.069109788
13 206 3 100 736359 2.069130911
5 198 3 100 6924085 2.069137717
3 203 3 100 7906822 2.069215405
9 194 3 100 7935 2.069223639
15 207 3 100 24089 2.069261583
13 202 3 100 120109 2.069290864
14 197 3 100 22263 2.069340439
11 194 3 100 7840240 2.069381241
10 197 3 100 77513 2.069390572
2 199 3 100 5351 2.069401006
4 203 3 100 4078518 2.069411988
8 193 3 100 24091 2.069429857
14 195 3 100 46802 2.069468602
13 197 3 100 591305 2.069475969
11 192 3 100 2849913 2.069525080
1 193 3 100 7477 2.069545337
15 203 3 100 55582 2.069547026
6 197 3 100 9274 2.069557662
9 197 3 100 1373950 2.069594611
14 199 3 100 3683453 2.069662820
12 204 3 100 9895 2.069712536
2 202 3 100 704758 2.069720292
0 199 3 100 61810 2.069721121
6 201 3 100 714440 2.069736940
12 197 3 100 8616581 2.069753903
12 194 3 100 294989 2.069884253
9 204 3 100 8164413 2.069891356
13 203 3 100 398275 2.069911371
13 198 3 100 65333 2.069941094
6 200 3 100 1529102 2.069952934
11 202 3 100 71424 2.069986514
9 201 3 100 9357 2.070023925
3 197 3 100 1639383 2.070080757
0 206 3 100 166023 2.070160621
6 198 3 100 4989937 2.070211092
13 192 3 100 10239 2.070234233
14 193 3 100 188832 2.070260426
4 207 3 100 862838 2.070266172
11 200 3 100 68729 2.070320763
14 201 3 100 67030 2.070359432
10 204 3 100 14702 2.070368302
1 197 3 100 1872 2.070390066
0 202 3 100 51696 2.070415127
7 206 3 100 719818 2.070500966
8 207 3 100 85630 2.070533471
6 193 3 100 50734 2.070559206
4 206 3 100 5511 2.070569797
1 205 3 100 5234654 2.070586003
7 202 3 100 4915156 2.070596672
3 196 3 100 173172 2.070624677
0 201 3 100 15904 2.070630140
6 196 3 100 7668 2.070638493
12 197 3 100 21066 2.070641533
9 205 3 100 9740 2.070649885
10 206 3 100 833611 2.070683776
13 193 3 100 20141 2.070728756
12 196 3 100 4876 2.070751554
4 200 3 100 33070 2.070788459
13 201 3 100 49582 2.070820790
2 198 3 100 15710 2.070847213
10 201 3 100 65936 2.070862809
3 196 3 100 29360 2.070887128
1 194 3 100 35171 2.070907781
13 196 3 100 374758 2.070908366
2 192 3 100 13400 2.070910411
7 206 3 100 1971374 2.070911624
9 196 3 100 8763647 2.070928724
14 194 3 100 28795 2.071012900
2 200 3 100 8530001 2.071036201
0 203 3 100 57526 2.071049289
12 202 3 100 1889726 2.071074264
6 199 3 100 36719 2.071090705
12 193 3 100 1068397 2.071125204
2 193 3 100 4227008 2.071145747
12 192 3 100 57191 2.071154903
12 206 3 100 71728 2.071168687
12 207 3 100 2490623 2.071307824
12 204 3 100 1174917 2.071311491
13 203 3 100 22271 2.071321468
7 196 3 100 49050 2.071342168
11 197 3 100 72846 2.071409001
7 198 3 100 178903 2.071448970
1 196 3 100 172091 2.071528397
11 202 3 100 1199456 2.071537657
11 197 3 100 19557491 2.071571031
4 193 3 100 16332 2.071607490
0 200 3 100 3243309 2.071636529
2 196 3 100 38609 2.071643196
7 201 3 100 454 2.071647826
3 204 3 100 1127715 2.071652006
15 207 3 100 20860 2.071680691
3 202 3 100 342843 2.071713981
7 203 3 100 43587 2.071836889
14 205 3 100 67950 2.071853581
1 205 3 100 1419367 2.071861063
1 206 3 100 12444 2.071889455
13 202 3 100 54265 2.071934709
6 204 3 100 441649 2.071940473
10 192 3 100 11713 2.071952704
15 205 3 100 6494 2.071986324
3 196 3 100 505828 2.071986611
15 200 3 100 4322029 2.071990931
5 199 3 100 7788 2.072056355
5 198 3 100 36658 2.072112651
3 194 3 100 1371176 2.072160897
7 206 3 100 9572 2.072172999
14 198 3 100 5393422 2.072211453
10 194 3 100 1866135 2.072254859
7 199 3 100 7769663 2.072375231
1 193 3 100 29751570 2.072392058
8 196 3 100 1427356 2.072395026
7 194 3 100 52393 2.072460453
12 200 3 100 2133 2.072463588
0 197 3 100 1813 2.072598565
2 206 3 100 79328 2.072614490
4 196 3 100 1670664 2.072615888
3 193 3 100 5131677 2.072694533
11 192 3 100 810 2.072702663
11 192 3 100 471860 2.072711985
2 194 3 100 101621 2.072715814
7 194 3 100 22068 2.072756740
10 206 3 100 74014 2.072778586
8 198 3 100 4298 2.072794157
0 198 3 100 5022226 2.072814090
6 207 3 100 2901295 2.072821912
5 202 3 100 718084 2.072828681
1 205 3 100 64136 2.072937637
15 196 3 100 77662 2.072943745
11 200 3 100 78760 2.072980614
11 202 3 100 9146 2.072986643
14 198 3 100 49070 2.072999441
9 195 3 100 9076 2.073036241
4 207 3 100 60611 2.073054845
0 194 3 100 64541 2.073100353
15 193 3 100 4497 2.073100434
12 206 3 100 1479150 2.073122049
7 199 3 100 143008 2.073139990
15 192 3 100 27492 2.073144153
3 198 3 100 8419 2.073149642
7 192 3 100 54113 2.073165891
14 201 3 100 1786735 2.073199981
14 206 3 100 114875 2.073203361
0 200 3 100 13521 2.073220898
6 202 3 100 1735050 2.073224379
7 192 3 100 20393 2.073271409
0 204 3 100 2981652 2.073351258
5 195 3 100 1296509 2.073353959
10 199 3 100 3214828 2.073375966
3 201 3 100 21491 2.073376799
13 195 3 100 3218225 2.073459624
13 192 3 100 47535 2.073459864
2 194 3 100 7450177 2.073473019
15 199 3 100 7004 2.073484450
14 207 3 100 1610195 2.073554103
8 198 3 100 788451 2.073589814
6 200 3 100 9274 2.073661261
7 196 3 100 789089 2.073691637
1 206 3 100 20562 2.073706422
15 198 3 100 27948 2.073709334
11 198 3 100 269621 2.073811358
12 197 3 100 55661 2.073829397
14 202 3 100 74120 2.073848221
10 199 3 100 52625 2.073915363
11 202 3 100 27707372 2.073924713
3 205 3 100 288438 2.073987321
13 204 3 100 4642155 2.073991490
11 203 3 100 7887 2.074032876
11 198 3 100 9545127 2.074082661
6 199 3 100 18876 2.074239780
3 199 3 100 43685 2.074243224
8 197 3 100 31452 2.074265557
2 200 3 100 5039688 2.074266689
1 204 3 100 3186402 2.074311185
1 192 3 100 341431 2.074360354
13 203 3 100 76629 2.074430709
11 197 3 100 10893 2.074437786
2 203 3 100 1659030 2.074438984
2 192 3 100 1053281 2.074459079
12 195 3 100 29203 2.074463725
1 198 3 100 2913451 2.074475870
9 197 3 100 2531555 2.074498015
6 194 3 100 12483 2.074521903
15 200 3 100 40623 2.074529572
6 205 3 100 10139 2.074603492
5 207 3 100 19392 2.074628263
3 193 3 100 513 2.074631076
4 205 3 100 328992 2.074640018
13 200 3 100 1025705 2.074660958
12 203 3 100 1958752 2.074699727
11 205 3 100 32823 2.074723924
10 197 3 100 20450 2.074762041
8 206 3 100 1397134 2.074768732
6 205 3 100 4277534 2.074774270
3 200 3 100 1092614 2.074814991
5 206 3 100 7996166 2.074841601
5 195 3 100 3022736 2.074858487
5 199 3 100 216510 2.074894508
4 207 3 100 20008 2.074937379
1 202 3 100 115633 2.074967468
0 207 3 100 3056420 2.074975151
12 206 3 100 17769 2.075002358
14 203 3 100 25096 2.075016762
14 200 3 100 57418 2.075026561
4 202 3 100 36750 2.075029946
14 199 3 100 11554732 2.075073154
9 197 3 100 4032536 2.075077561
9 199 3 100 1123518 2.075145705
10 194 3 100 55925 2.075225916
10 201 3 100 161645 2.075228761
14 201 3 100 76393 2.075259372
7 194 3 100 1496 2.075267234
9 197 3 100 51177 2.075298287
12 205 3 100 186139 2.075353209
15 204 3 100 161948 2.075391290
11 192 3 100 265478 2.075469402
7 196 3 100 6359225 2.075515515
1 199 3 100 6080 2.075549090
6 198 3 100 961524 2.075574907
7 197 3 100 494 2.075591977
6 193 3 100 879624 2.075635938
1 199 3 100 7863 2.075658246
0 204 3 100 350760 2.075683672
6 203 3 100 25555 2.075710062
2 207 3 100 30930 2.075715504
4 204 3 100 526093 2.075750895
1 196 3 100 6069 2.075766886
11 199 3 100 1833089 2.075787407
15 196 3 100 2481172 2.075807949
3 205 3 100 36826 2.075818211
15 199 3 100 910284 2.075827547
8 206 3 100 5803 2.075830687
7 199 3 100 6487 2.075838828
15 200 3 100 1101308 2.075858522
14 205 3 100 76588 2.075881864
12 196 3 100 20967 2.075908056
14 200 3 100 1853567 2.075975187
5 199 3 100 4868603 2.075982555
13 192 3 100 1936954 2.076011288
5 195 3 100 7191628 2.076017868
13 205 3 100 27294 2.076043791
10 206 3 100 2702 2.076078168
12 207 3 100 34035 2.076109260
8 193 3 100 3077463 2.076125280
1 198 3 100 4035 2.076142245
14 198 3 100 6177503 2.076174716
8 200 3 100 2629288 2.076201652
12 204 3 100 5336147 2.076225232
14 196 3 100 1991763 2.076341737
15 192 3 100 13641 2.076345282
4 201 3 100 48193 2.076363785
2 194 3 100 2521303 2.076365184
6 192 3 100 24706 2.076373190
2 195 3 100 77068 2.076395644
8 195 3 100 1116875 2.076402485
13 200 3 100 8591 2.076412066
2 195 3 100 69640 2.076489758
8 200 3 100 35791 2.076513612
11 201 3 100 9556646 2.076525363
15 199 3 100 269479 2.076555736
12 206 3 100 46157 2.076603968
15 193 3 100 63597 2.076678246
6 195 3 100 102608 2.076713296
2 196 3 100 106348 2.076747936
12 194 3 100 6369748 2.076766468
8 205 3 100 26237 2.076816999
11 199 3 100 4063569 2.076819175
15 205 3 100 2893 2.076856291
0 195 3 100 145326 2.076881885
8 198 3 100 1221 2.076884892
7 206 3 100 9298967 2.076928033
9 193 3 100 27880 2.077074295
13 207 3 100 7461 2.077074451
12 204 3 100 1503306 2.077077743
5 204 3 100 173059 2.077115044
4 205 3 100 1096011 2.077118273
4 199 3 100 9242 2.077162523
12 201 3 100 406662 2.077194842
13 195 3 100 41413 2.077231470
15 199 3 100 197482 2.077234468
10 205 3 100 36688 2.077267363
15 198 3 100 21016 2.077273470
10 206 3 100 75526 2.077285875
2 200 3 100 1186035 2.077340740
15 197 3 100 20696861 2.077341396
8 195 3 100 48994 2.077341784
10 198 3 100 27902524 2.077345423
10 206 3 100 15915918 2.077382641
2 193 3 100 1261210 2.077392873
6 206 3 100 397615 2.077425639
0 203 3 100 37960 2.077430871
14 203 3 100 11810 2.077508555
6 203 3 100 44757 2.077523204
5 204 3 100 5555629 2.077529772
5 197 3 100 441576 2.077534794
5 201 3 100 3452226 2.077581836
0 198 3 100 6133 2.077714245
5 200 3 100 1451601 2.077716995
14 196 3 100 1536114 2.077745468
10 200 3 100 15770 2.077814996
5 198 3 100 2646 2.077825527
15 201 3 100 129086 2.077838591
1 193 3 100 28956 2.077868416
7 197 3 100 106892 2.077870099
4 198 3 100 4752738 2.077870714
12 207 3 100 17933 2.077890646
11 204 3 100 28274 2.078034775
11 207 3 100 3938725 2.078073408
1 196 3 100 13753 2.078091643
11 207 3 100 39335 2.078110892
14 195 3 100 9662 2.078126959
5 198 3 100 3698411 2.078163522
4 202 3 100 62961 2.078183944
11 200 3 100 36026 2.078220818
2 203 3 100 35961 2.078290462
7 200 3 100 176775 2.078320594
12 193 3 100 14026 2.078345502
8 199 3 100 1487700 2.078362575
0 207 3 100 75765 2.078368501
7 203 3 100 2751945 2.078414175
14 205 3 100 894609 2.078434232
13 193 3 100 1322221 2.078436283
6 200 3 100 2166843 2.078454933
14 204 3 100 25400 2.078479506
5 203 3 100 1304115 2.078483438
6 192 3 100 685813 2.078532080
5 193 3 100 20939 2.078536921
9 200 3 100 24259065 2.078549614
8 205 3 100 7896 2.078558418
1 205 3 100 4280 2.078570873
3 203 3 100 21459 2.078602328
10 200 3 100 9801 2.078615723
6 207 3 100 13158936 2.078629125
8 198 3 100 75886 2.078661813
8 193 3 100 21114 2.078674775
11 198 3 100 11423 2.078694059
12 206 3 100 26368 2.078747553
9 195 3 100 349046 2.078842627
14 206 3 100 6706 2.078870266
6 192 3 100 1518 2.078904176
6 192 3 100 977645 2.078915752
1 200 3 100 50785 2.078937365
15 192 3 100 1739104 2.079090834
4 205 3 100 2905 2.079105183
7 206 3 100 2337932 2.079106464
11 201 3 100 3151 2.079181042
7 196 3 100 4025171 2.079224810
10 206 3 100 4941179 2.079260200
12 197 3 100 5385 2.079340678
1 207 3 100 579917 2.079385970
4 201 3 100 9916 2.079393935
0 206 3 100 493912 2.079423782
4 197 3 100 1066412 2.079491120
9 201 3 100 59927 2.079496409
14 195 3 100 7154730 2.079562077
5 198 3 100 24970 2.079633176
13 199 3 100 5740 2.079651465
8 195 3 100 20770 2.079654449
10 204 3 100 101782 2.079655929
9 207 3 100 24752505 2.079663687
13 204 3 100 62377 2.079720831
1 204 3 100 3233 2.079727331
3 204 3 100 104561 2.079754281
0 203 3 100 1187736 2.079808924
9 194 3 100 1408103 2.079826701
0 202 3 100 6751 2.079840119
11 206 3 100 42457 2.079887108
11 192 3 100 44649 2.079902091
4 193 3 100 9524980 2.079926349
8 195 3 100 4855 2.079947125
11 199 3 100 1217845 2.079986786
15 193 3 100 54065 2.079997575
0 199 3 100 29338443 2.080030868
1 205 3 100 68111 2.080059134
13 192 3 100 1508922 2.080061450
15 197 3 100 268722 2.080164515
12 202 3 100 66454 2.080253184
7 195 3 100 4799874 2.080283470
3 203 3 100 756 2.080299473
4 199 3 100 108471 2.080302849
7 202 3 100 28774 2.080363891
15 204 3 100 4014877 2.080391953
13 201 3 100 96749 2.080399201
5 196 3 100 21741 2.080411787
1 202 3 100 38487 2.080416154
13 200 3 100 18129 2.080426097
4 203 3 100 6414978 2.080450463
3 202 3 100 52690 2.080456872
12 193 3 100 38149 2.080469100
11 193 3 100 26985 2.080521928
3 193 3 100 1037388 2.080539711
0 203 3 100 172378 2.080567418
2 197 3 100 9552 2.080589682
0 194 3 100 23205 2.080627681
5 195 3 100 12028 2.080680199
13 200 3 100 53349 2.080691055
0 193 3 100 36443 2.080714951
9 201 3 100 6995 2.080886099
15 205 3 100 8846 2.080912315
13 193 3 100 21379 2.081005227
9 207 3 100 64382 2.081065420
7 196 3 100 163553 2.081085498
9 195 3 100 49942 2.081108823
10 207 3 100 352024 2.081223865
4 206 3 100 1774679 2.081279668
3 193 3 100 36707 2.081282191
10 206 3 100 7694398 2.081315941
3 205 3 100 815144 2.081350736
1 206 3 100 1568936 2.081354308
11 202 3 100 12396 2.081460827
1 206 3 100 8365468 2.081475729
0 203 3 100 618132 2.081476120
14 201 3 100 3153589 2.081485105
8 197 3 100 49149 2.081487623
11 195 3 100 1663872 2.081488621
4 205 3 100 448 2.081490300
8 195 3 100 19069 2.081509010
15 205 3 100 9046 2.081555498
5 194 3 100 8885462 2.081631520
14 206 3 100 3491 2.081642234
7 199 3 100 50913 2.081773039
8 195 3 100 3729448 2.081781210
8 201 3 100 72668 2.081844698
0 202 3 100 57791 2.081846542
7 196 3 100 7063 2.081930298
2 205 3 100 55067 2.081941596
8 198 3 100 82145 2.081958182
4 199 3 100 70239 2.081974917
11 205 3 100 1913352 2.082007811
1 202 3 100 50127 2.082031577
10 204 3 100 157333 2.082034549
6 193 3 100 4014 2.082085733
10 196 3 100 58732 2.082095108
7 193 3 100 584508 2.082126536
15 193 3 100 114521 2.082143418
5 204 3 100 127781 2.082222428
5 202 3 100 6092928 2.082229381
10 206 3 100 22427197 2.082232032
14 201 3 100 4580 2.082255587
8 207 3 100 35132 2.082277717
7 201 3 100 1868754 2.082318329
11 193 3 100 1053 2.082321754
6 194 3 100 823854 2.082359703
12 205 3 100 36421 2.082365395
0 197 3 100 2779333 2.082388956
0 201 3 100 5700854 2.082399183
8 199 3 100 28709 2.082408650
3 196 3 100 8197438 2.082441885
3 194 3 100 22867 2.082475665
1 206 3 100 32645 2.082536770
1 203 3 100 657938 2.082590503
1 199 3 100 1019013 2.082591423
14 204 3 100 4615542 2.082641560
0 200 3 100 22662222 2.082643958
13 204 3 100 365522 2.082709896
4 207 3 100 50460 2.082746481
2 195 3 100 157768 2.082829364
4 201 3 100 45112 2.082843191
4 207 3 100 627189 2.082856864
2 201 3 100 8495 2.082881994
8 205 3 100 34410 2.082904230
13 204 3 100 194229 2.082939903
2 207 3 100 964060 2.082967203
14 197 3 100 382470 2.082985693
9 205 3 100 1110260 2.082989232
1 205 3 100 77548 2.083008778
15 196 3 100 32170 2.083092258
11 203 3 100 22952 2.083103714
8 203 3 100 87564 2.083193763
7 195 3 100 71859 2.083266652
13 198 3 100 1723579 2.083346277
0 196 3 100 642614 2.083410837
5 205 3 100 4881735 2.083461259
7 199 3 100 374326 2.083498367
12 205 3 100 28614 2.083505510
14 204 3 100 47460 2.083519983
6 195 3 100 2696358 2.083533895
8 205 3 100 13751 2.083534403
1 201 3 100 2500782 2.083539663
2 199 3 100 9767 2.083605521
3 206 3 100 18446724 2.083660896
0 202 3 100 6959 2.083677313
8 201 3 100 20740 2.083677347
12 205 3 100 7387854 2.083718318
3 203 3 100 568 2.083723188
3 200 3 100 12308 2.083758433
1 204 3 100 28330 2.083982779
3 197 3 100 576701 2.084035046
12 199 3 100 66159 2.084066972
15 206 3 100 1304760 2.084082821
6 207 3 100 50204 2.084121694
3 205 3 100 18739 2.084126702
9 195 3 100 195 2.084138090
15 198 3 100 4227936 2.084206020
7 201 3 100 963 2.084215449
9 202 3 100 9874350 2.084287790
15 194 3 100 70602 2.084419463
1 202 3 100 9486201 2.084419929
13 199 3 100 42963 2.084451057
14 196 3 100 44449 2.084463285
0 200 3 100 64842 2.084465739
12 192 3 100 22257 2.084477900
9 207 3 100 31982 2.084487412
13 196 3 100 1019193 2.084503827
12 205 3 100 57479 2.084563421
2 193 3 100 76446 2.084568204
13 206 3 100 45675 2.084571690
15 206 3 100 3190 2.084573221
8 204 3 100 3297242 2.084575685
2 207 3 100 9448 2.084683763
3 201 3 100 47593 2.084688998
4 206 3 100 14060312 2.084702132
12 202 3 100 26181 2.084715831
11 194 3 100 6331 2.084753362
15 193 3 100 15538 2.084779042
4 198 3 100 72216 2.084795519
8 198 3 100 2085186 2.084812316
15 197 3 100 23529 2.084853069
3 197 3 100 2875 2.084908322
12 192 3 100 1444951 2.084940873
1 197 3 100 1961577 2.084953725
7 194 3 100 618406 2.084978672
2 206 3 100 46281 2.085005775
8 206 3 100 1768191 2.085030584
1 203 3 100 1605717 2.085035142
3 200 3 100 37359 2.085054514
5 206 3 100 15427 2.085112799
3 207 3 100 56695 2.085118918
14 195 3 100 61399 2.085125196
10 196 3 100 28298 2.085140677
5 202 3 100 929388 2.085144980
11 204 3 100 70310 2.085183518
10 192 3 100 78814 2.085194916
12 206 3 100 44571 2.085238918
1 201 3 100 62616 2.085254856
6 193 3 100 46227 2.085298020
12 194 3 100 30914 2.085351100
13 196 3 100 2665 2.085369552
15 202 3 100 100955 2.085370280
8 193 3 100 30209 2.085411902
12 197 3 100 24200 2.085459269
6 206 3 100 5667 2.085490442
9 202 3 100 5083 2.085531374
13 197 3 100 42080 2.085570865
13 205 3 100 5398273 2.085602510
0 194 3 100 75529 2.085623538
11 202 3 100 8405 2.085656459
7 202 3 100 134935 2.085664530
6 207 3 100 69024 2.085689003
8 206 3 100 748969 2.085730947
1 203 3 100 929464 2.085737470
8 203 3 100 74409 2.085758521
13 207 3 100 5793 2.085789672
13 196 3 100 22718 2.085814806
4 201 3 100 1964542 2.085828725
7 205 3 100 193518 2.085998655
10 207 3 100 989408 2.086033455
8 203 3 100 64383 2.086043458
8 194 3 100 876081 2.086055887
0 192 3 100 6925251 2.086111811
13 193 3 100 120615 2.086144054
15 207 3 100 1797 2.086144909
3 204 3 100 9654362 2.086189595
3 200 3 100 2308029 2.086213660
10 196 3 100 27920 2.086214861
8 205 3 100 50202 2.086217760
2 196 3 100 16031876 2.086251253
15 205 3 100 2220095 2.086263580
1 198 3 100 68116 2.086276745
9 206 3 100 63298 2.086291395
13 193 3 100 65766 2.086294653
15 203 3 100 73091 2.086311319
11 204 3 100 99930 2.086320482
10 204 3 100 166031 2.086323054
15 207 3 100 654256 2.086325767
13 206 3 100 3229021 2.086402122
8 205 3 100 124867 2.086407231
0 200 3 100 1833853 2.086439742
5 194 3 100 317887 2.086451181
9 200 3 100 14344 2.086454534
10 195 3 100 142482 2.086495765
2 199 3 100 271442 2.086498952
3 203 3 100 3261085 2.086526677
12 192 3 100 67957 2.086531546
8 201 3 100 14967 2.086557609
11 196 3 100 399449 2.086568200
15 193 3 100 34082 2.086595398
3 207 3 100 29864 2.086631816
5 200 3 100 24319 2.086666278
11 206 3 100 32100 2.086678606
9 199 3 100 4813858 2.086679491
12 200 3 100 701577 2.086750817
1 199 3 100 7746 2.086759103
6 194 3 100 907792 2.086823383
4 203 3 100 158024 2.086845987
1 199 3 100 32912 2.086870283
1 194 3 100 6484 2.086992444
6 206 3 100 1737161 2.087129787
5 206 3 100 72399 2.087136041
7 197 3 100 3955454 2.087141400
5 192 3 100 73972 2.087155100
2 206 3 100 4751 2.087237606
11 201 3 100 2387 2.087252865
15 207 3 100 22765 2.087291220
13 196 3 100 491122 2.087297569
6 196 3 100 9931 2.087364767
10 195 3 100 14662 2.087382713
12 192 3 100 828162 2.087386115
7 196 3 100 6950124 2.087400616
15 194 3 100 33194 2.087412739
15 196 3 100 167097 2.087434097
13 206 3 100 4071218 2.087509755
9 199 3 100 54676 2.087510407
13 195 3 100 1744368 2.087532152
11 201 3 100 20722 2.087618770
10 206 3 100 9032 2.087637592
10 204 3 100 4370660 2.087649631
11 207 3 100 5041 2.087671973
5 193 3 100 175241 2.087723810
9 206 3 100 193215 2.087745792
11 206 3 100 223 2.087758161
6 207 3 100 1466677 2.087811604
0 195 3 100 1697755 2.087818888
3 192 3 100 30527 2.087843311
5 196 3 100 9159367 2.087916881
9 198 3 100 3308934 2.087942925
0 193 3 100 48019 2.088015341
7 192 3 100 7942 2.088017132
10 201 3 100 68285 2.088022456
15 205 3 100 47616 2.088090232
5 197 3 100 1933469 2.088107921
8 199 3 100 30944 2.088109843
7 194 3 100 296809 2.088128896
11 199 3 100 29965001 2.088184215
0 194 3 100 3997 2.088198629
2 192 3 100 4831 2.088205187
4 197 3 100 58248 2.088210145
15 200 3 100 26261644 2.088224407
9 200 3 100 28778 2.088231480
15 200 3 100 288209 2.088248646
6 196 3 100 7100 2.088250983
5 205 3 100 4747 2.088252993
9 198 3 100 36378 2.088265742
15 198 3 100 1732152 2.088281451
8 197 3 100 422807 2.088307827
9 194 3 100 905834 2.088328889
5 195 3 100 1474899 2.088347968
14 192 3 100 7527578 2.088392041
4 194 3 100 4804 2.088408292
3 197 3 100 21420 2.088441282
6 199 3 100 158747 2.088483514
3 196 3 100 751903 2.088490374
3 203 3 100 212258 2.088508161
9 201 3 100 33688 2.088563449
14 203 3 100 15834 2.088567293
6 203 3 100 17734 2.088576503
8 206 3 100 6508 2.088619346
8 195 3 100 50509 2.088638649
11 194 3 100 11101 2.088641209
3 193 3 100 1839890 2.088665382
7 192 3 100 71087 2.088710688
7 196 3 100 62077 2.088752466
0 198 3 100 47836 2.088790247
12 194 3 100 1052438 2.088828655
15 193 3 100 36077 2.088935673
8 207 3 100 378799 2.089041181
14 196 3 100 46376 2.089053913
9 193 3 100 6966 2.089071520
14 206 3 100 9882772 2.089071559
13 196 3 100 5872 2.089074463
7 207 3 100 1088 2.089089744
5 206 3 100 39587 2.089119263
11 203 3 100 1618361 2.089171375
15 201 3 100 24861 2.089190093
0 204 3 100 1291693 2.089190138
2 205 3 100 53847 2.089206778
4 195 3 100 1299071 2.089215221
2 199 3 100 1742611 2.089279681
0 206 3 100 8081433 2.089328159
1 206 3 100 13717 2.089333521
6 197 3 100 13718 2.089333958
14 204 3 100 5474 2.089396391
2 193 3 100 4601 2.089397060
12 193 3 100 7274208 2.089403136
3 195 3 100 20129 2.089618218
9 197 3 100 29492 2.089622274
1 204 3 100 1981406 2.089650989
12 195 3 100 43677 2.089681435
5 202 3 100 2475341 2.089683553
2 206 3 100 5778 2.089704500
10 206 3 100 7690378 2.089730416
4 198 3 100 1902732 2.089748196
1 204 3 100 20067 2.089768386
12 199 3 100 4475 2.089777542
4 196 3 100 1572690 2.089898267
0 204 3 100 658159 2.089902860
12 197 3 100 188951 2.089924018
4 204 3 100 107117 2.089927472
5 205 3 100 25738 2.089933635
8 197 3 100 15411 2.089985145
10 193 3 100 92000 2.089987292
14 201 3 100 135921 2.089994832
9 193 3 100 1621 2.090012183
12 202 3 100 13120 2.090017496
2 193 3 100 712718 2.090068461
9 206 3 100 199285 2.090072834
8 202 3 100 4042069 2.090087520
13 207 3 100 2718 2.090199049
6 202 3 100 1007 2.090211779
14 194 3 100 2692838 2.090348731
13 203 3 100 1072035 2.090424113
11 197 3 100 9534402 2.090430424
3 199 3 100 9585 2.090497300
0 205 3 100 7838 2.090525623
15 204 3 100 1011772 2.090543802
2 206 3 100 2479134 2.090546566
1 202 3 100 9787 2.090585226
6 198 3 100 7396284 2.090587045
8 197 3 100 8013 2.090616081
14 195 3 100 48942 2.090635653
8 206 3 100 1779202 2.090760203
13 205 3 100 1258813 2.090779555
4 203 3 100 20409 2.090796815
10 199 3 100 68694 2.090796847
3 198 3 100 59914 2.090819551
13 197 3 100 8631323 2.090830288
1 205 3 100 1640 2.090833948
14 197 3 100 79155 2.090835988
2 204 3 100 152477 2.090856446
11 198 3 100 55612 2.090864713
2 206 3 100 54075 2.090894325
2 197 3 100 1800541 2.090896699
3 196 3 100 199193 2.090941732
15 204 3 100 9921 2.090943300
11 201 3 100 8289264 2.090961363
7 196 3 100 23347215 2.090961517
0 201 3 100 157196 2.090981531
2 196 3 100 43161 2.090982587
5 205 3 100 36888 2.091022605
15 194 3 100 5889653 2.091073808
15 205 3 100 75108 2.091077655
3 203 3 100 396 2.091095241
0 203 3 100 792780 2.091112612
12 196 3 100 4576741 2.091131274
13 196 3 100 6314218 2.091138944
3 197 3 100 142369 2.091185912
13 198 3 100 60075 2.091214918
5 206 3 100 555211 2.091258272
0 196 3 100 16711 2.091298017
12 207 3 100 11781 2.091305470
7 198 3 100 54334 2.091334029
8 196 3 100 975 2.091400229
4 199 3 100 64775 2.091421709
2 205 3 100 23440 2.091431215
1 196 3 100 9806830 2.091463879
7 192 3 100 5894179 2.091489108
11 198 3 100 6010729 2.091493067
5 207 3 100 25910 2.091559587
12 195 3 100 2167253 2.091572894
5 207 3 100 77628 2.091614123
10 199 3 100 6741067 2.091657859
11 192 3 100 797533 2.091699099
3 192 3 100 25930 2.091827918
12 200 3 100 4352 2.091829831
10 202 3 100 412 2.091835582
13 193 3 100 78469 2.091853742
0 193 3 100 16495215 2.091877228
6 192 3 100 10851 2.091888287
13 201 3 100 21165 2.091901319
11 202 3 100 71462 2.091928383
11 195 3 100 7730639 2.091968473
8 206 3 100 16784 2.091993929
14 202 3 100 74634 2.092006383
8 202 3 100 4816392 2.092036824
10 202 3 100 4904026 2.092068029
11 192 3 100 37964 2.092079171
8 205 3 100 45030 2.092142174
9 203 3 100 81047 2.092181293
11 203 3 100 26921 2.092225668
3 205 3 100 1742361 2.092310391
2 203 3 100 4102794 2.092324616
5 200 3 100 963026 2.092324985
14 197 3 100 4441 2.092346945
15 203 3 100 6315421 2.092370226
11 201 3 100 1672124 2.092401988
5 195 3 100 1382871 2.092422545
4 198 3 100 583 2.092444881
6 205 3 100 71794 2.092445172
14 196 3 100 9031591 2.092453390
9 203 3 100 532701 2.092453720
2 197 3 100 400273 2.092538362
3 203 3 100 2498 2.092566757
8 194 3 100 9765538 2.092573392
5 194 3 100 1781878 2.092605956
2 193 3 100 17911 2.092606123
15 196 3 100 65907 2.092639348
8 202 3 100 1767444 2.092646190
3 206 3 100 12661 2.092651635
6 202 3 100 79772 2.092662530
13 193 3 100 734335 2.092701292
8 202 3 100 1216103 2.092720352
14 195 3 100 73782 2.092729432
10 204 3 100 134890 2.092729893
12 192 3 100 880056 2.092806794
15 201 3 100 56270 2.092811573
8 197 3 100 1666157 2.092890417
2 192 3 100 43122 2.092895118
12 207 3 100 24432 2.092905489
8 200 3 100 8540 2.092906659
7 207 3 100 31799 2.092919926
1 207 3 100 558 2.092932562
9 206 3 100 44740 2.092947825
14 198 3 100 1082039 2.092983474
3 192 3 100 27661 2.093028364
9 207 3 100 1549586 2.093055583
9 206 3 100 8753307 2.093058970
3 195 3 100 8017401 2.093095234
8 207 3 100 69589 2.093098819
9 202 3 100 5742 2.093103703
8 198 3 100 942960 2.093115649
15 193 3 100 7545809 2.093126488
7 205 3 100 727195 2.093157431
11 201 3 100 57985 2.093191344
9 207 3 100 27663230 2.093231152
1 206 3 100 187862 2.093259356
12 194 3 100 105662 2.093321828
3 196 3 100 79492 2.093325686
13 192 3 100 2945294 2.093478524
7 206 3 100 6303847 2.093493020
2 206 3 100 15905 2.093524537
0 198 3 100 2801 2.093562951
2 207 3 100 1505140 2.093599480
3 201 3 100 22714 2.093602438
8 200 3 100 91502 2.093796877
8 203 3 100 23522937 2.093799834
9 200 3 100 45428 2.093878020
10 198 3 100 4128 2.093964984
10 202 3 100 238148 2.093974000
10 205 3 100 71354 2.093978521
2 195 3 100 14950 2.093981002
12 193 3 100 1164777 2.094031741
10 200 3 100 8026243 2.094090898
2 197 3 100 18156 2.094094260
6 197 3 100 6689487 2.094112749
5 193 3 100 192270 2.094121184
7 203 3 100 6558 2.094132972
1 196 3 100 60141 2.094161008
12 205 3 100 7120 2.094169568
6 206 3 100 163337 2.094194861
13 206 3 100 24713 2.094255226
3 202 3 100 1897602 2.094293411
6 196 3 100 192257 2.094299937
6 196 3 100 2179252 2.094343547
5 195 3 100 43553 2.094363592
12 200 3 100 56013 2.094383610
0 194 3 100 321558 2.094386651
2 192 3 100 1536861 2.094393456
11 193 3 100 4610 2.094438164
5 201 3 100 1838 2.094476369
3 195 3 100 14413 2.094521119
0 201 3 100 790876 2.094539728
7 198 3 100 2301410 2.094601842
1 201 3 100 2039917 2.094609978
2 193 3 100 5346 2.094617173
5 196 3 100 25679 2.094636886
6 194 3 100 7242 2.094648549
13 192 3 100 21499 2.094656807
13 202 3 100 2060599 2.094733188
2 200 3 100 9233 2.094735114
2 202 3 100 27634 2.094738530
3 194 3 100 19871681 2.094817968
0 193 3 100 490989 2.094823226
4 192 3 100 24042 2.094829550
4 197 3 100 21763 2.094847055
0 197 3 100 254749 2.094854772
6 202 3 100 7917492 2.094906045
4 194 3 100 20132 2.094954312
0 194 3 100 966020 2.094969649
0 204 3 100 54505 2.094973847
7 203 3 100 982647 2.095101846
15 199 3 100 161459 2.095280530
14 202 3 100 9484 2.095285625
9 204 3 100 1500586 2.095294753
3 207 3 100 448723 2.095298510
13 192 3 100 1750060 2.095337328
9 194 3 100 50928 2.095354609
2 196 3 100 4776 2.095371403
7 206 3 100 31949 2.095381956
7 198 3 100 8625 2.095392055
15 192 3 100 51583 2.095395917
10 203 3 100 68665 2.095415033
10 194 3 100 951975 2.095486348
2 195 3 100 77937 2.095503154
15 205 3 100 2356097 2.095514974
5 197 3 100 680831 2.095611411
4 207 3 100 27245 2.095627017
15 194 3 100 5671 2.095630627
12 197 3 100 1974 2.095660876
10 193 3 100 3467386 2.095669683
3 196 3 100 12091 2.095681437
8 198 3 100 26715 2.095704872
13 206 3 100 63715 2.095750576
0 204 3 100 25508 2.095798934
9 202 3 100 32968 2.095820655
15 206 3 100 2323605 2.095859736
0 195 3 100 74919 2.095871598
10 193 3 100 3359 2.095890541
14 192 3 100 48846 2.095901239
15 196 3 100 8611 2.095927283
6 206 3 100 34497 2.095942519
1 207 3 100 1579920 2.095963111
13 204 3 100 74761 2.096009892
3 206 3 100 7518 2.096031310
13 194 3 100 55989 2.096034825
7 195 3 100 11812 2.096038356
5 204 3 100 2138533 2.096067192
14 192 3 100 8292122 2.096067715
15 196 3 100 108705 2.096082337
11 204 3 100 45468 2.096136401
9 199 3 100 22271 2.096187833
10 199 3 100 603304 2.096191401
3 194 3 100 445202 2.096201588
1 207 3 100 1012 2.096222578
13 198 3 100 33186 2.096258777
3 205 3 100 8650 2.096341392
8 205 3 100 1623386 2.096379382
0 206 3 100 17360 2.096382758
9 206 3 100 23238 2.096382974
1 204 3 100 2843876 2.096437919
10 204 3 100 20609 2.096476552
14 194 3 100 66564 2.096503965
13 200 3 100 668421 2.096515777
2 192 3 100 5678 2.096545014
4 203 3 100 26719 2.096594994
3 195 3 100 2465 2.096595809
6 205 3 100 33430 2.096603064
10 201 3 100 8822 2.096615372
6 199 3 100 22980 2.096652663
0 199 3 100 6462 2.096673935
0 196 3 100 48680 2.096724128
15 193 3 100 125625 2.096770012
2 196 3 100 1390095 2.096796688
13 207 3 100 33881 2.096799959
1 195 3 100 23770 2.096860641
9 196 3 100 26356 2.096883793
7 201 3 100 6244945 2.096929532
11 202 3 100 6206485 2.096970925
8 193 3 100 69589 2.097010079
14 193 3 100 30988 2.097094679
9 202 3 100 5364416 2.097097418
15 206 3 100 18226 2.097119054
4 205 3 100 60891 2.097130251
4 197 3 100 580689 2.097166356
12 205 3 100 121496 2.097168673
0 199 3 100 12683 2.097182674
1 206 3 100 1479506 2.097195345
10 197 3 100 17059 2.097252179
7 196 3 100 1814071 2.097269885
6 207 3 100 26484 2.097363107
7 207 3 100 32672 2.097396066
13 193 3 100 189788 2.097418122
6 198 3 100 52975 2.097431118
1 199 3 100 24517 2.097470325
15 195 3 100 28602 2.097476658
2 206 3 100 182472 2.097516107
0 205 3 100 878989 2.097519568
11 198 3 100 1451381 2.097524104
6 205 3 100 993758 2.097578226
9 203 3 100 53719 2.097653721
10 201 3 100 30572 2.097702975
15 195 3 100 1702233 2.097728291
3 196 3 100 1879052 2.097822634
9 201 3 100 32056 2.097872925
2 193 3 100 7977359 2.097887160
2 203 3 100 1897132 2.097899112
15 203 3 100 25075 2.097939761
10 197 3 100 69246 2.097957851
4 196 3 100 13628 2.098019094
12 204 3 100 501161 2.098041048
9 195 3 100 3645 2.098067162
5 192 3 100 1735595 2.098118042
6 205 3 100 23316 2.098139315
13 206 3 100 38082 2.098161241
4 205 3 100 23431 2.098200338
13 198 3 100 158211 2.098229796
4 201 3 100 1897397 2.098235713
14 195 3 100 1322292 2.098244882
5 207 3 100 972356 2.098255436
1 199 3 100 27639285 2.098285054
2 204 3 100 722595 2.098286837
15 199 3 100 68297 2.098321115
4 200 3 100 70049 2.098336321
15 195 3 100 88467 2.098367918
3 192 3 100 6484 2.098381542
11 196 3 100 1743 2.098435424
7 197 3 100 61828 2.098454139
2 193 3 100 34510 2.098479944
5 195 3 100 26059 2.098512980
0 197 3 100 23589 2.098528750
8 201 3 100 1097497 2.098560900
7 207 3 100 65680 2.098567676
14 201 3 100 3732763 2.098571939
6 195 3 100 2027771 2.098631627
3 204 3 100 8804 2.098668743
2 194 3 100 37502 2.098671293
2 195 3 100 3126577 2.098709285
0 198 3 100 1810827 2.098709586
1 194 3 100 3000466 2.098715870
5 199 3 100 24209 2.098771242
6 199 3 100 7079 2.098870477
8 200 3 100 5805 2.098924328
12 196 3 100 9589299 2.098946196
10 206 3 100 68978 2.098949838
3 203 3 100 7949505 2.099047449
4 206 3 100 9921 2.099091855
3 196 3 100 1283070 2.099176975
7 194 3 100 7226 2.099227023
12 193 3 100 101715 2.099235525
7 195 3 100 681084 2.099245850
10 193 3 100 6916606 2.099280563
12 192 3 100 54858 2.099285040
14 206 3 100 1905736 2.099301651
5 201 3 100 3963 2.099320653
15 195 3 100 49699 2.099364033
14 193 3 100 5246639 2.099397239
3 202 3 100 6221 2.099430283
7 199 3 100 3607172 2.099436919
15 204 3 100 11347432 2.099482671
8 196 3 100 2003423 2.099487531
0 199 3 100 666 2.099706664
4 196 3 100 855146 2.099762609
1 200 3 100 2576464 2.099847094
