# 流源IP 目的IP 优先级pg 目的端口 数据量(Bytes) 流开始时间(s)
# src 		dst 	pg    		dport  	 size				start_time
9425
3 194 3 100 21818 2.000001662
15 195 3 100 2001 2.000002445
11 201 3 100 55518 2.000020837
14 207 3 100 1830242 2.000042782
9 202 3 100 107113 2.000064077
8 192 3 100 68260 2.000131928
10 194 3 100 8910541 2.000160168
15 195 3 100 40763 2.000161696
14 192 3 100 25444548 2.000162835
12 197 3 100 1448590 2.000173004
2 207 3 100 64729 2.000175051
2 193 3 100 47541 2.000184770
0 192 3 100 4667522 2.000190643
7 201 3 100 8753772 2.000193413
3 194 3 100 1400638 2.000209926
2 200 3 100 65074 2.000247707
3 193 3 100 7524117 2.000252216
8 200 3 100 19858794 2.000253660
3 203 3 100 28316 2.000259784
8 200 3 100 78413 2.000265186
7 197 3 100 28844 2.000267690
7 201 3 100 147278 2.000270458
3 206 3 100 23869 2.000278800
8 203 3 100 16796 2.000282491
5 197 3 100 51976 2.000288433
4 199 3 100 3520422 2.000325736
6 195 3 100 1239175 2.000330102
9 200 3 100 69044 2.000348506
1 195 3 100 72398 2.000362892
7 205 3 100 2565083 2.000367431
4 195 3 100 8898 2.000368863
1 196 3 100 135350 2.000390197
10 201 3 100 1789826 2.000400720
11 204 3 100 7097449 2.000404995
12 205 3 100 5287 2.000415862
8 192 3 100 1790339 2.000421596
6 200 3 100 18402 2.000432421
15 199 3 100 28889 2.000457789
13 203 3 100 8507 2.000460957
6 194 3 100 8905163 2.000461328
12 195 3 100 1198 2.000461883
13 194 3 100 20678 2.000467479
15 195 3 100 79615 2.000469712
11 198 3 100 3668 2.000474414
14 195 3 100 4461278 2.000497134
14 205 3 100 1715560 2.000506067
0 204 3 100 1939800 2.000513435
9 195 3 100 52860 2.000514009
0 207 3 100 8964960 2.000535768
2 205 3 100 7878598 2.000560682
7 201 3 100 627795 2.000593586
13 200 3 100 1740 2.000597109
0 192 3 100 8483 2.000608228
4 197 3 100 3961 2.000622366
5 192 3 100 35740 2.000628888
13 203 3 100 137335 2.000629177
4 197 3 100 4863 2.000633495
6 202 3 100 26561 2.000635256
13 200 3 100 2156714 2.000643845
5 202 3 100 69064 2.000645560
4 199 3 100 3034167 2.000662466
6 195 3 100 12698 2.000684732
5 206 3 100 3703726 2.000694327
14 200 3 100 30282 2.000695223
11 207 3 100 3215447 2.000726866
4 198 3 100 46948 2.000727228
3 200 3 100 122901 2.000728897
14 200 3 100 39061 2.000739578
7 203 3 100 11914 2.000744582
2 194 3 100 4960 2.000751745
4 202 3 100 2750651 2.000754968
5 195 3 100 9308 2.000758092
1 202 3 100 874245 2.000758702
7 207 3 100 772630 2.000769188
6 203 3 100 7760 2.000769415
2 205 3 100 8365 2.000778590
13 197 3 100 19915299 2.000786297
9 192 3 100 3201 2.000816226
4 205 3 100 9263228 2.000834331
11 200 3 100 1806 2.000834736
10 194 3 100 9413 2.000839526
1 197 3 100 29598 2.000853141
11 203 3 100 184847 2.000858871
13 199 3 100 63346 2.000864530
4 200 3 100 60487 2.000882877
0 201 3 100 9488 2.000891891
5 199 3 100 26710 2.000904685
1 196 3 100 64072 2.000927043
0 201 3 100 989346 2.000930840
7 197 3 100 61172 2.000938367
9 207 3 100 43247 2.000949168
5 205 3 100 520333 2.000976561
4 193 3 100 30987 2.000997045
6 199 3 100 6736 2.001006384
2 205 3 100 61206 2.001015590
11 192 3 100 7293646 2.001017610
9 192 3 100 4166 2.001021236
1 196 3 100 607424 2.001025361
1 206 3 100 568 2.001039746
1 203 3 100 77318 2.001047060
14 197 3 100 1995 2.001047219
11 196 3 100 18365396 2.001065455
0 203 3 100 35991 2.001068335
14 198 3 100 48166 2.001069552
1 197 3 100 167452 2.001070276
8 204 3 100 4750865 2.001077993
14 199 3 100 182639 2.001125868
4 202 3 100 3822101 2.001148021
2 203 3 100 52779 2.001150081
3 193 3 100 6916 2.001151487
14 204 3 100 24363 2.001178350
2 205 3 100 39426 2.001188807
9 201 3 100 6838 2.001198419
11 192 3 100 47702 2.001212073
11 202 3 100 5471624 2.001241408
6 201 3 100 3146797 2.001245482
5 201 3 100 713425 2.001245685
15 203 3 100 13270 2.001257395
9 198 3 100 24344 2.001283626
14 201 3 100 24092103 2.001284459
5 202 3 100 4631 2.001291783
11 202 3 100 6594 2.001294519
7 201 3 100 4376 2.001310938
6 195 3 100 11365879 2.001314979
10 192 3 100 1428959 2.001322757
11 192 3 100 19879 2.001325468
14 206 3 100 24871 2.001325715
1 197 3 100 1074404 2.001331432
5 197 3 100 47891 2.001333895
0 195 3 100 16683 2.001336549
2 202 3 100 14271 2.001356000
14 192 3 100 3066568 2.001363979
4 194 3 100 259428 2.001373361
3 202 3 100 6818 2.001378399
12 197 3 100 1456275 2.001424181
9 199 3 100 865619 2.001433369
11 197 3 100 1711662 2.001445777
5 205 3 100 71544 2.001464866
5 203 3 100 4501038 2.001473483
11 193 3 100 805349 2.001478127
11 204 3 100 36187 2.001479537
14 200 3 100 48660 2.001490409
12 200 3 100 7123086 2.001491160
11 193 3 100 97656 2.001491258
0 192 3 100 220689 2.001491491
12 201 3 100 8308 2.001500559
13 198 3 100 815933 2.001514002
4 200 3 100 3539 2.001529851
6 198 3 100 2301588 2.001534912
11 202 3 100 1180643 2.001547593
6 199 3 100 26527 2.001552619
15 203 3 100 21422 2.001555116
10 203 3 100 1348291 2.001561225
2 206 3 100 4478 2.001561691
12 201 3 100 25079 2.001573494
3 203 3 100 3670953 2.001584726
3 193 3 100 1412362 2.001587931
0 199 3 100 41181 2.001620744
8 194 3 100 69101 2.001621639
5 194 3 100 4918962 2.001623651
3 199 3 100 7075103 2.001627542
3 195 3 100 6814 2.001628223
2 192 3 100 304241 2.001628415
8 199 3 100 15378 2.001630993
7 203 3 100 42072 2.001631630
0 203 3 100 1349205 2.001632088
5 195 3 100 75814 2.001661000
7 203 3 100 1664244 2.001675514
8 207 3 100 1703 2.001678402
4 197 3 100 47827 2.001687882
1 192 3 100 13456 2.001691221
15 192 3 100 22521 2.001707274
1 203 3 100 642 2.001716691
0 205 3 100 32168 2.001717231
12 196 3 100 635199 2.001719118
10 207 3 100 72291 2.001721748
5 206 3 100 78224 2.001726241
15 198 3 100 81943 2.001727795
13 207 3 100 2763347 2.001740631
3 206 3 100 4336 2.001741044
7 198 3 100 7848214 2.001745220
11 207 3 100 35926 2.001753578
13 193 3 100 6841 2.001754732
4 200 3 100 688875 2.001756527
9 206 3 100 33973 2.001757474
2 204 3 100 6294141 2.001766292
10 193 3 100 14272 2.001788344
1 204 3 100 4720 2.001790124
3 205 3 100 8387 2.001804263
10 199 3 100 57390 2.001822813
11 204 3 100 159462 2.001859131
1 206 3 100 34209 2.001862915
12 206 3 100 2561119 2.001877991
7 204 3 100 177190 2.001881039
5 204 3 100 1847664 2.001924043
9 207 3 100 5231540 2.001936859
3 196 3 100 78677 2.001955424
0 205 3 100 68802 2.001958630
2 204 3 100 63922 2.001960088
5 192 3 100 1357401 2.001974377
3 194 3 100 13258 2.001975440
8 199 3 100 67733 2.001978329
10 194 3 100 1181202 2.001983027
13 207 3 100 4544240 2.001994241
4 195 3 100 4286 2.002012428
10 199 3 100 23524 2.002014165
6 207 3 100 1368919 2.002021693
4 205 3 100 1458709 2.002049529
6 201 3 100 2163271 2.002068206
8 193 3 100 1907484 2.002070478
8 205 3 100 16496 2.002070769
15 204 3 100 11582733 2.002092104
15 200 3 100 3872 2.002093536
7 206 3 100 3432191 2.002099861
13 196 3 100 117086 2.002101485
2 199 3 100 65969 2.002115937
11 202 3 100 868394 2.002120089
13 192 3 100 982 2.002137888
0 192 3 100 125525 2.002142876
10 203 3 100 29735 2.002156872
14 195 3 100 1654931 2.002172359
9 199 3 100 29325 2.002173762
8 200 3 100 4147 2.002197870
11 199 3 100 7296 2.002210092
10 197 3 100 2877266 2.002218415
11 192 3 100 68896 2.002219793
5 205 3 100 1449841 2.002244204
4 205 3 100 4895736 2.002250484
12 206 3 100 8273459 2.002259564
1 200 3 100 35266 2.002260320
3 204 3 100 73224 2.002273721
10 205 3 100 4456 2.002279978
0 207 3 100 2271487 2.002282460
7 204 3 100 220829 2.002287794
12 205 3 100 101756 2.002308285
3 200 3 100 24570 2.002308498
7 201 3 100 4657 2.002320746
4 192 3 100 30233 2.002330635
13 192 3 100 6354662 2.002352339
14 197 3 100 1097813 2.002371062
3 204 3 100 143402 2.002375466
14 197 3 100 1071786 2.002389106
3 197 3 100 28043 2.002392143
10 201 3 100 2515266 2.002395603
15 200 3 100 814963 2.002398752
13 197 3 100 489525 2.002405078
15 198 3 100 749296 2.002410161
1 193 3 100 5044 2.002418090
9 195 3 100 48521 2.002421025
1 205 3 100 3289767 2.002430893
12 198 3 100 2803 2.002436146
0 200 3 100 1372866 2.002440500
7 199 3 100 122 2.002456598
14 198 3 100 54844 2.002459133
0 192 3 100 9719924 2.002467900
5 205 3 100 7669470 2.002469709
4 200 3 100 32546 2.002484819
7 202 3 100 328 2.002492717
12 196 3 100 3273 2.002495559
14 202 3 100 3548711 2.002519265
15 194 3 100 25572 2.002532547
7 194 3 100 1994995 2.002539914
0 194 3 100 18337818 2.002542118
0 192 3 100 156740 2.002545517
5 205 3 100 62926 2.002548699
11 200 3 100 10473403 2.002551707
10 195 3 100 70185 2.002554589
5 196 3 100 7514 2.002557107
10 197 3 100 9351491 2.002557616
3 199 3 100 190571 2.002575503
9 200 3 100 3949 2.002579857
8 205 3 100 70812 2.002612710
8 198 3 100 4388 2.002614838
0 202 3 100 30536 2.002625653
6 192 3 100 14081 2.002651261
4 199 3 100 9308587 2.002674837
3 203 3 100 1797 2.002682664
9 192 3 100 364379 2.002689389
9 196 3 100 42807 2.002690433
13 202 3 100 1244672 2.002697876
8 204 3 100 516430 2.002727052
6 196 3 100 6129 2.002734744
7 203 3 100 2388166 2.002738671
15 196 3 100 5892 2.002738878
7 198 3 100 44019 2.002745701
5 194 3 100 27794 2.002748077
8 200 3 100 553687 2.002749062
9 194 3 100 9582 2.002756092
14 197 3 100 126181 2.002756968
3 195 3 100 15776818 2.002761090
8 196 3 100 352124 2.002764038
6 200 3 100 20560 2.002767808
9 201 3 100 116949 2.002779243
6 197 3 100 1481444 2.002788325
3 197 3 100 331713 2.002790231
3 195 3 100 1402684 2.002810382
15 196 3 100 8668 2.002822009
11 196 3 100 10727 2.002833615
1 194 3 100 26393 2.002838208
1 204 3 100 60616 2.002845926
10 200 3 100 42503 2.002849402
1 200 3 100 29779079 2.002864554
0 196 3 100 350633 2.002864638
3 203 3 100 30272 2.002867612
10 206 3 100 251352 2.002868873
5 192 3 100 1108949 2.002870461
10 192 3 100 12466 2.002889865
5 198 3 100 1106307 2.002893174
7 202 3 100 3199313 2.002902638
5 196 3 100 19591 2.002902943
6 196 3 100 92436 2.002906896
14 195 3 100 3087686 2.002911413
13 198 3 100 8994145 2.002926888
8 206 3 100 1433988 2.002931266
13 198 3 100 150446 2.002935607
1 199 3 100 2796256 2.002940420
3 203 3 100 12066489 2.002951033
15 201 3 100 5087152 2.002963722
9 199 3 100 2399458 2.002965953
15 204 3 100 1925055 2.002986087
14 202 3 100 4263786 2.002990840
13 202 3 100 44798 2.002996252
2 193 3 100 9468004 2.003002499
8 207 3 100 414685 2.003005216
8 201 3 100 3280 2.003022037
2 203 3 100 64081 2.003029786
7 195 3 100 40249 2.003032084
7 200 3 100 223323 2.003033303
5 192 3 100 20749 2.003036658
10 200 3 100 464 2.003042860
4 195 3 100 5531661 2.003088601
3 202 3 100 1375799 2.003091764
0 199 3 100 54353 2.003110355
2 197 3 100 2120194 2.003126678
8 199 3 100 2237 2.003141171
11 206 3 100 28379679 2.003143236
8 197 3 100 2245 2.003172749
13 192 3 100 814421 2.003181677
2 204 3 100 19086 2.003182762
8 207 3 100 98748 2.003188773
1 207 3 100 5992 2.003210941
7 194 3 100 632626 2.003222525
4 205 3 100 47374 2.003260927
5 199 3 100 489449 2.003274170
8 202 3 100 30617 2.003278878
5 192 3 100 68230 2.003278972
14 203 3 100 2501980 2.003286503
7 206 3 100 11092 2.003289901
0 199 3 100 21247 2.003290077
8 206 3 100 4046797 2.003299966
10 197 3 100 6300168 2.003301215
3 197 3 100 64453 2.003352527
5 203 3 100 7687694 2.003369265
1 207 3 100 9354298 2.003374426
6 202 3 100 8672 2.003380576
11 192 3 100 45057 2.003393356
2 198 3 100 28293353 2.003403090
6 196 3 100 3363 2.003410338
12 194 3 100 3300312 2.003440415
15 201 3 100 2786 2.003444821
5 192 3 100 9029 2.003447246
1 205 3 100 2759 2.003454198
14 202 3 100 995710 2.003454357
2 199 3 100 874406 2.003454866
2 198 3 100 172772 2.003456891
1 201 3 100 45378 2.003472073
15 203 3 100 1206297 2.003483308
7 196 3 100 22162744 2.003501272
3 193 3 100 1644724 2.003535851
0 204 3 100 472056 2.003553562
1 202 3 100 34370 2.003564365
9 200 3 100 28562 2.003568307
1 204 3 100 5860 2.003569737
12 201 3 100 53155 2.003578219
7 193 3 100 16534 2.003588310
7 205 3 100 68473 2.003590947
14 196 3 100 4435312 2.003591679
8 202 3 100 1064929 2.003595525
1 201 3 100 21068 2.003596146
0 197 3 100 75522 2.003597137
10 192 3 100 28888 2.003601592
8 200 3 100 3865 2.003602345
8 205 3 100 9575 2.003615879
1 198 3 100 413249 2.003631253
0 205 3 100 24971531 2.003638652
8 205 3 100 158807 2.003658331
13 200 3 100 11909 2.003663259
6 199 3 100 1634868 2.003669226
3 192 3 100 44744 2.003672855
13 205 3 100 31278 2.003678803
10 203 3 100 166335 2.003699814
2 198 3 100 2424304 2.003707142
4 203 3 100 23280 2.003713452
12 203 3 100 2769420 2.003713718
0 199 3 100 29427371 2.003743022
5 192 3 100 5585 2.003748478
12 204 3 100 24367 2.003757022
14 198 3 100 824225 2.003758082
7 195 3 100 68748 2.003762118
7 193 3 100 21376 2.003766273
0 195 3 100 16113 2.003766832
12 197 3 100 683 2.003778204
13 207 3 100 184829 2.003788683
14 206 3 100 8422 2.003794760
3 200 3 100 48247 2.003805970
12 200 3 100 16093 2.003808931
2 203 3 100 9602 2.003827440
10 202 3 100 16167 2.003835327
15 203 3 100 1091433 2.003842893
3 199 3 100 61841 2.003860494
2 198 3 100 2413704 2.003871272
7 192 3 100 4054767 2.003876242
15 201 3 100 29564743 2.003885236
0 199 3 100 2728742 2.003894064
15 206 3 100 40371 2.003910441
5 206 3 100 49540 2.003918112
1 204 3 100 4608241 2.003925482
4 204 3 100 1660385 2.003949213
14 192 3 100 13272 2.003966570
10 193 3 100 73930 2.003985174
13 206 3 100 4345731 2.003990330
15 201 3 100 1019144 2.003996473
0 197 3 100 46329 2.003999628
4 199 3 100 5148003 2.004014098
5 192 3 100 25521 2.004029902
4 192 3 100 73026 2.004046795
10 206 3 100 292302 2.004059430
3 193 3 100 68387 2.004074760
1 198 3 100 24759 2.004092847
2 198 3 100 82053 2.004105943
15 199 3 100 1280 2.004117871
5 207 3 100 52529 2.004121566
3 193 3 100 102754 2.004138509
6 194 3 100 24366777 2.004162635
14 194 3 100 76834 2.004171413
8 204 3 100 1999005 2.004222761
10 199 3 100 7322 2.004249959
2 204 3 100 418725 2.004271704
6 198 3 100 23741 2.004279851
3 203 3 100 2072624 2.004291114
4 193 3 100 1991048 2.004292717
6 207 3 100 3185266 2.004312206
5 199 3 100 8813954 2.004338393
6 199 3 100 68422 2.004341563
3 206 3 100 1872550 2.004344052
2 196 3 100 21948 2.004351520
11 201 3 100 44787 2.004362743
14 193 3 100 23824008 2.004418495
14 194 3 100 3099740 2.004422442
10 196 3 100 2607787 2.004423126
15 200 3 100 8698 2.004430286
12 203 3 100 21940 2.004438213
9 204 3 100 24239 2.004439091
13 197 3 100 17535 2.004455043
6 198 3 100 8510 2.004455988
13 201 3 100 2932429 2.004461443
10 203 3 100 967347 2.004465606
11 196 3 100 920732 2.004470593
8 199 3 100 1244 2.004474940
8 193 3 100 3509766 2.004477075
11 204 3 100 9128233 2.004491489
12 192 3 100 2371 2.004532716
11 197 3 100 28842478 2.004539965
11 197 3 100 61955 2.004553043
9 196 3 100 1461 2.004562061
4 197 3 100 536233 2.004564233
9 205 3 100 71608 2.004572634
6 196 3 100 1849415 2.004573381
14 200 3 100 46852 2.004575872
7 192 3 100 913876 2.004576873
11 192 3 100 44988 2.004585239
15 200 3 100 62331 2.004588683
1 197 3 100 59813 2.004601834
14 193 3 100 2438701 2.004605111
6 202 3 100 1725173 2.004609183
1 204 3 100 2439072 2.004616691
12 196 3 100 59313 2.004620968
6 197 3 100 4360025 2.004622425
2 207 3 100 35210 2.004640116
15 200 3 100 3556308 2.004641509
8 197 3 100 935 2.004647289
12 205 3 100 50369 2.004651528
0 192 3 100 678812 2.004658242
13 192 3 100 1044733 2.004675924
2 204 3 100 8115 2.004696933
12 193 3 100 11473 2.004698790
8 200 3 100 4214263 2.004709504
3 203 3 100 4667 2.004714678
12 204 3 100 4319011 2.004723483
9 197 3 100 824835 2.004729960
12 198 3 100 16192 2.004756235
12 203 3 100 7492818 2.004783524
14 199 3 100 5217 2.004793921
6 195 3 100 38593 2.004795123
14 206 3 100 2015729 2.004800055
14 207 3 100 163275 2.004824025
8 199 3 100 1524385 2.004826445
14 205 3 100 30724 2.004842565
6 193 3 100 2168594 2.004845420
0 196 3 100 26178 2.004866279
13 205 3 100 1917701 2.004866378
3 192 3 100 19417254 2.004900634
6 194 3 100 30387 2.004904995
15 195 3 100 47492 2.004915305
14 199 3 100 44887 2.004916727
14 194 3 100 222683 2.004923965
3 200 3 100 4610668 2.004926471
3 193 3 100 934572 2.004933865
10 205 3 100 9815145 2.004941272
14 206 3 100 8005 2.004942786
6 196 3 100 330084 2.004959929
3 201 3 100 3976852 2.004976118
11 202 3 100 9912 2.004988911
14 197 3 100 710059 2.004991565
12 200 3 100 75719 2.005000282
14 199 3 100 1564150 2.005034129
13 192 3 100 216210 2.005036307
14 198 3 100 18881 2.005040987
3 194 3 100 46946 2.005044499
14 199 3 100 14585 2.005056742
8 194 3 100 1331099 2.005073184
0 192 3 100 34172 2.005081690
3 205 3 100 1121242 2.005088066
3 194 3 100 25137 2.005100615
0 204 3 100 519954 2.005109454
1 207 3 100 10577 2.005109823
10 198 3 100 5666 2.005129932
3 198 3 100 5967271 2.005140029
14 196 3 100 1773500 2.005140351
14 194 3 100 3292039 2.005152535
15 200 3 100 356 2.005153114
3 202 3 100 1943488 2.005168738
6 204 3 100 31728 2.005170101
1 195 3 100 3158767 2.005170163
1 198 3 100 1823668 2.005170547
13 203 3 100 5430 2.005209934
5 199 3 100 1577768 2.005211119
15 204 3 100 1031629 2.005218911
8 193 3 100 4134764 2.005235832
5 207 3 100 50410 2.005246750
3 197 3 100 66844 2.005260147
15 199 3 100 183737 2.005264787
9 205 3 100 112 2.005265997
0 202 3 100 5772366 2.005271224
6 206 3 100 3999 2.005274860
13 205 3 100 8150 2.005278164
10 194 3 100 32405 2.005285881
0 204 3 100 23301 2.005287013
0 205 3 100 2754938 2.005290825
5 201 3 100 9306 2.005302550
6 207 3 100 22279 2.005310710
10 198 3 100 245396 2.005316337
10 207 3 100 34836 2.005317924
5 194 3 100 194435 2.005338681
8 195 3 100 2438937 2.005364373
15 196 3 100 121855 2.005381932
3 201 3 100 63052 2.005384150
6 198 3 100 1008794 2.005396255
12 197 3 100 1345738 2.005406346
11 199 3 100 11778 2.005408693
2 195 3 100 20090129 2.005409243
15 204 3 100 453710 2.005409359
9 199 3 100 285 2.005428052
11 200 3 100 79215 2.005436495
5 192 3 100 73846 2.005438605
12 200 3 100 36894 2.005458518
0 203 3 100 2950468 2.005488323
1 199 3 100 62459 2.005504924
2 203 3 100 76437 2.005528706
14 198 3 100 3961084 2.005532929
11 201 3 100 6024 2.005558989
13 200 3 100 6971 2.005565537
13 197 3 100 129199 2.005573356
1 200 3 100 6797 2.005574315
4 205 3 100 40324 2.005578271
11 204 3 100 25818 2.005592916
11 203 3 100 6589 2.005607903
8 203 3 100 44489 2.005611186
13 192 3 100 9062911 2.005637358
9 196 3 100 23721 2.005637604
10 192 3 100 27783 2.005639925
12 207 3 100 136864 2.005642936
10 206 3 100 58717 2.005652150
0 206 3 100 4597 2.005673486
3 201 3 100 4476180 2.005692031
15 205 3 100 42864 2.005708983
2 196 3 100 272324 2.005722832
8 205 3 100 688 2.005734661
8 200 3 100 288881 2.005737763
8 203 3 100 22599 2.005775368
12 205 3 100 14953 2.005782536
1 197 3 100 22062 2.005785093
0 207 3 100 2487503 2.005786901
12 196 3 100 1640141 2.005787286
0 200 3 100 9229 2.005787857
1 204 3 100 76202 2.005789857
3 202 3 100 4687225 2.005789904
6 203 3 100 48674 2.005830366
8 193 3 100 15881 2.005840760
4 205 3 100 6678 2.005862743
2 193 3 100 64282 2.005864587
5 203 3 100 7759 2.005868729
9 193 3 100 10037182 2.005883083
1 194 3 100 20575 2.005892890
10 194 3 100 1613302 2.005893123
10 200 3 100 7809 2.005903654
9 205 3 100 2446 2.005906361
13 206 3 100 65618 2.005910211
1 199 3 100 12928 2.005912583
10 197 3 100 7343 2.005923476
1 199 3 100 26007 2.005926101
2 197 3 100 57676 2.005926549
5 199 3 100 28424 2.005942867
5 194 3 100 21648 2.005947969
13 201 3 100 642 2.005949389
4 205 3 100 7047392 2.005971062
13 205 3 100 151287 2.005972850
1 206 3 100 1633208 2.005974916
1 197 3 100 1930088 2.005977543
10 192 3 100 17763086 2.005980910
4 206 3 100 2256 2.005982942
9 196 3 100 633720 2.005986674
12 204 3 100 1809714 2.005988343
8 204 3 100 115328 2.005990834
15 207 3 100 39614 2.005991822
12 197 3 100 4464 2.005997085
13 199 3 100 3236768 2.006004270
1 195 3 100 29929 2.006009710
14 194 3 100 375193 2.006021758
14 193 3 100 8293 2.006024367
4 195 3 100 14717 2.006027499
6 198 3 100 3016115 2.006039992
0 201 3 100 29 2.006042607
9 198 3 100 29129 2.006053760
2 206 3 100 11400 2.006054038
3 207 3 100 10574 2.006056131
4 201 3 100 3940012 2.006064577
10 203 3 100 8500698 2.006068669
1 194 3 100 2121370 2.006076476
7 203 3 100 43825 2.006080608
9 204 3 100 35823 2.006118343
10 198 3 100 808723 2.006127957
6 197 3 100 3929104 2.006129944
8 195 3 100 71170 2.006137912
12 193 3 100 797675 2.006166832
10 196 3 100 9523 2.006175786
0 206 3 100 69530 2.006205862
4 201 3 100 22274 2.006211339
15 199 3 100 194626 2.006232975
1 192 3 100 23538 2.006234663
6 195 3 100 15279 2.006241557
3 194 3 100 13647 2.006265998
2 201 3 100 4659259 2.006298905
12 192 3 100 48063 2.006307303
1 194 3 100 5555 2.006335943
1 192 3 100 1485692 2.006347788
12 196 3 100 7181288 2.006352309
13 204 3 100 75257 2.006363752
2 199 3 100 14742 2.006371913
11 196 3 100 45785 2.006372589
5 201 3 100 71268 2.006374695
8 198 3 100 28635 2.006377834
8 195 3 100 66786 2.006396997
8 205 3 100 1407829 2.006398483
4 204 3 100 19536 2.006441264
0 207 3 100 6585589 2.006449934
14 194 3 100 62368 2.006460950
6 198 3 100 474126 2.006466868
3 194 3 100 4002489 2.006476285
15 193 3 100 2806430 2.006476294
12 202 3 100 3464 2.006498298
5 204 3 100 86050 2.006498602
2 205 3 100 9382125 2.006500503
6 194 3 100 3488423 2.006505406
4 194 3 100 7784 2.006529263
9 199 3 100 485 2.006530249
4 197 3 100 4642 2.006536466
14 200 3 100 1779029 2.006537301
7 201 3 100 8843330 2.006540708
7 204 3 100 14710 2.006598805
13 192 3 100 7577744 2.006600097
2 200 3 100 48826 2.006609441
15 200 3 100 75290 2.006633997
8 199 3 100 20417 2.006641303
15 205 3 100 8382316 2.006650472
3 203 3 100 25497 2.006652871
3 197 3 100 9505 2.006655275
5 200 3 100 3848674 2.006667165
14 202 3 100 9491359 2.006680008
6 198 3 100 32491 2.006689054
0 200 3 100 61341 2.006707940
9 201 3 100 9176451 2.006737526
13 200 3 100 189559 2.006740523
1 196 3 100 26461 2.006779179
4 195 3 100 11990 2.006783611
13 206 3 100 28790 2.006785408
2 205 3 100 45573 2.006792822
0 205 3 100 4408 2.006818630
3 198 3 100 53398 2.006830306
3 206 3 100 59650 2.006848985
4 205 3 100 4039206 2.006857619
8 205 3 100 27683 2.006862041
11 207 3 100 44353 2.006864825
0 206 3 100 4558295 2.006867095
15 192 3 100 27622 2.006876701
8 197 3 100 3521 2.006881640
9 199 3 100 1226891 2.006898187
9 197 3 100 46246 2.006899950
6 193 3 100 64087 2.006902771
3 203 3 100 606227 2.006916053
4 203 3 100 4990295 2.006929323
8 205 3 100 21255 2.006946449
7 196 3 100 64852 2.006949652
0 201 3 100 2465 2.006953894
15 205 3 100 100197 2.006955152
7 200 3 100 168863 2.006969457
4 195 3 100 37015 2.006977022
11 205 3 100 1069966 2.006980971
8 203 3 100 893025 2.006983278
14 192 3 100 1328291 2.007010512
5 197 3 100 4649560 2.007012693
9 202 3 100 6773 2.007016320
14 206 3 100 52510 2.007027012
10 200 3 100 39488 2.007028145
3 203 3 100 22583 2.007030850
10 206 3 100 26985595 2.007052683
10 207 3 100 404934 2.007071574
15 192 3 100 442956 2.007076875
11 193 3 100 674467 2.007079759
0 206 3 100 25038 2.007107130
7 200 3 100 4343 2.007109590
15 201 3 100 558430 2.007113393
3 193 3 100 74967 2.007196298
8 204 3 100 5272121 2.007196403
13 195 3 100 3483501 2.007232963
1 203 3 100 26619355 2.007243444
0 203 3 100 141400 2.007249650
9 198 3 100 45847 2.007255769
1 200 3 100 26511 2.007284737
9 194 3 100 34455 2.007314305
8 206 3 100 9364 2.007314607
5 198 3 100 1939436 2.007323599
6 196 3 100 9327836 2.007323637
0 199 3 100 12359 2.007324283
4 199 3 100 67703 2.007327488
6 202 3 100 68649 2.007341572
7 198 3 100 4179227 2.007354617
3 202 3 100 70181 2.007357172
14 195 3 100 23719 2.007368535
14 195 3 100 23954 2.007372581
15 200 3 100 2289 2.007379181
13 194 3 100 3168 2.007390526
4 194 3 100 5814 2.007392799
6 204 3 100 3502 2.007396469
9 201 3 100 45444 2.007400262
10 203 3 100 1353 2.007403263
11 195 3 100 3279 2.007419162
7 207 3 100 3445 2.007424772
9 197 3 100 21132 2.007435736
11 192 3 100 4318077 2.007436899
6 204 3 100 1122459 2.007440697
14 203 3 100 52423 2.007446448
12 194 3 100 43405 2.007447476
5 194 3 100 84040 2.007449688
6 207 3 100 41072 2.007459523
0 200 3 100 33353 2.007465449
10 199 3 100 687029 2.007473285
9 207 3 100 82995 2.007473566
9 201 3 100 3081688 2.007481382
9 205 3 100 7542131 2.007494880
1 203 3 100 1394817 2.007508090
11 201 3 100 2701857 2.007510774
3 200 3 100 58995 2.007512547
9 206 3 100 1898938 2.007527945
0 192 3 100 7341333 2.007528736
3 198 3 100 338374 2.007528826
6 200 3 100 200803 2.007551576
7 207 3 100 108316 2.007559399
15 195 3 100 40255 2.007573050
3 195 3 100 9234003 2.007584898
5 200 3 100 29176 2.007593107
11 199 3 100 76532 2.007593486
7 205 3 100 50821 2.007650021
5 199 3 100 19137 2.007656798
11 198 3 100 131379 2.007658497
10 207 3 100 37883 2.007660082
4 205 3 100 1464684 2.007662154
7 198 3 100 773216 2.007671194
15 200 3 100 909534 2.007675540
15 204 3 100 27976 2.007702620
8 197 3 100 1862 2.007711383
7 202 3 100 26112 2.007711947
0 199 3 100 5992264 2.007717809
0 197 3 100 25532 2.007727877
8 199 3 100 20470 2.007744454
9 195 3 100 64721 2.007759017
11 206 3 100 3582688 2.007762115
12 207 3 100 50906 2.007791657
13 205 3 100 15924 2.007800590
8 194 3 100 6126126 2.007816681
8 195 3 100 3938482 2.007822280
1 193 3 100 56759 2.007825670
2 204 3 100 22609 2.007827767
13 203 3 100 56886 2.007840103
13 200 3 100 29661424 2.007865674
2 201 3 100 663249 2.007899692
0 192 3 100 8615 2.007909327
2 206 3 100 912116 2.007912109
11 205 3 100 23863 2.007929004
15 204 3 100 23797972 2.007931770
15 193 3 100 954418 2.007935487
14 193 3 100 570631 2.007941939
15 194 3 100 52335 2.007951360
4 201 3 100 39349 2.007951595
2 205 3 100 41660 2.007961459
5 202 3 100 183634 2.007966588
5 193 3 100 9646 2.007967232
15 193 3 100 5041686 2.007970240
12 201 3 100 4881 2.007981378
7 193 3 100 34939 2.007982280
2 198 3 100 13387 2.008029294
3 201 3 100 1246682 2.008048233
14 202 3 100 623064 2.008097598
11 204 3 100 3529108 2.008099922
0 204 3 100 7444 2.008103000
13 203 3 100 40246 2.008160497
2 193 3 100 39313 2.008173164
12 202 3 100 105628 2.008181534
4 192 3 100 50492 2.008185306
11 202 3 100 21499 2.008217573
9 199 3 100 576 2.008231606
4 193 3 100 3802463 2.008233434
2 206 3 100 2980 2.008259073
14 202 3 100 701535 2.008269358
5 192 3 100 949945 2.008290719
2 206 3 100 168122 2.008311660
14 202 3 100 153710 2.008321962
8 206 3 100 127158 2.008368576
10 195 3 100 4272 2.008376889
7 206 3 100 131807 2.008386589
15 197 3 100 5329 2.008409072
0 198 3 100 782985 2.008436249
15 201 3 100 9347833 2.008436327
2 196 3 100 3597 2.008438140
12 205 3 100 29608396 2.008441398
13 205 3 100 4272224 2.008470043
2 193 3 100 5618 2.008484288
12 204 3 100 200329 2.008495731
15 194 3 100 179498 2.008503682
15 205 3 100 33900 2.008503866
0 203 3 100 4732058 2.008505032
5 193 3 100 6578 2.008508323
9 201 3 100 2887376 2.008513771
7 202 3 100 43531 2.008516220
9 193 3 100 4344248 2.008518589
1 198 3 100 403327 2.008526113
2 201 3 100 3794073 2.008529560
15 198 3 100 8498120 2.008529695
7 195 3 100 78855 2.008539102
9 198 3 100 8105 2.008543420
15 194 3 100 15582 2.008550455
14 195 3 100 594947 2.008561610
14 205 3 100 7866 2.008564522
6 207 3 100 7023 2.008571074
3 195 3 100 5278045 2.008587807
12 196 3 100 790129 2.008590081
13 200 3 100 43043 2.008603742
0 202 3 100 25247084 2.008620067
7 202 3 100 4241835 2.008640253
8 197 3 100 93768 2.008673474
6 204 3 100 926430 2.008681532
11 195 3 100 5159 2.008684227
14 198 3 100 13408 2.008698058
5 198 3 100 47020 2.008703067
14 207 3 100 24219 2.008707819
8 193 3 100 20474558 2.008715491
1 192 3 100 34807 2.008718482
15 202 3 100 5146 2.008741195
3 193 3 100 12195646 2.008742191
12 202 3 100 30423 2.008764495
1 202 3 100 1629 2.008766021
15 203 3 100 410710 2.008766862
3 194 3 100 28176 2.008784957
13 206 3 100 66528 2.008788469
7 192 3 100 7109340 2.008804042
6 199 3 100 796034 2.008808054
6 193 3 100 28807 2.008819083
9 207 3 100 54752 2.008820298
9 194 3 100 17314 2.008823382
11 203 3 100 89947 2.008830241
14 197 3 100 21765 2.008836409
6 205 3 100 9514844 2.008836631
11 197 3 100 593558 2.008845185
10 206 3 100 8061 2.008845975
7 200 3 100 7505 2.008850954
15 194 3 100 1841818 2.008895984
6 192 3 100 1393716 2.008896349
11 202 3 100 3961 2.008910867
15 193 3 100 23805 2.008915247
8 202 3 100 1807514 2.008919481
1 205 3 100 5325 2.008935550
1 204 3 100 7193 2.008937657
9 197 3 100 4905494 2.008939727
8 201 3 100 148630 2.008943129
15 206 3 100 1568127 2.008958466
1 200 3 100 65475 2.008967061
4 196 3 100 21870 2.008975711
1 193 3 100 48926 2.008981466
0 197 3 100 1609164 2.008989252
0 203 3 100 8470270 2.009007468
11 206 3 100 60249 2.009007932
5 206 3 100 34182 2.009008006
15 199 3 100 5931219 2.009023068
8 194 3 100 8415976 2.009039103
11 193 3 100 38579 2.009049508
12 202 3 100 75536 2.009049600
12 194 3 100 36952 2.009058078
6 200 3 100 1900478 2.009064171
14 207 3 100 1465493 2.009071653
11 204 3 100 753554 2.009119628
14 197 3 100 2844 2.009122709
14 199 3 100 972730 2.009125353
12 207 3 100 2853945 2.009126952
15 206 3 100 4790880 2.009130763
4 206 3 100 4528 2.009132519
13 198 3 100 5242 2.009136207
7 206 3 100 1277857 2.009137369
1 195 3 100 6372 2.009146167
6 192 3 100 27026 2.009149503
5 193 3 100 23640 2.009150465
10 207 3 100 4600388 2.009155481
7 203 3 100 33713 2.009162528
15 196 3 100 1596872 2.009179783
12 207 3 100 1516806 2.009189091
7 204 3 100 2263 2.009192475
5 198 3 100 43150 2.009197231
8 203 3 100 22646 2.009228033
14 200 3 100 24252 2.009228213
15 203 3 100 69807 2.009250390
13 205 3 100 499240 2.009253118
9 197 3 100 3375293 2.009265601
1 202 3 100 25545 2.009265886
10 195 3 100 6492673 2.009268115
3 200 3 100 4802264 2.009277583
2 201 3 100 2492341 2.009285956
14 205 3 100 54021 2.009286758
8 207 3 100 73506 2.009302984
13 206 3 100 569172 2.009309890
12 193 3 100 112963 2.009314609
5 203 3 100 1666692 2.009314735
10 204 3 100 58524 2.009315285
11 201 3 100 1882012 2.009319032
0 199 3 100 7980698 2.009321537
11 198 3 100 23302 2.009329818
6 201 3 100 62934 2.009353125
7 202 3 100 22205586 2.009373052
1 195 3 100 63932 2.009391858
13 206 3 100 4917838 2.009412772
7 199 3 100 99715 2.009456306
15 195 3 100 34996 2.009466310
14 200 3 100 9284 2.009467735
7 203 3 100 1658942 2.009477443
2 207 3 100 1864301 2.009478096
13 193 3 100 550356 2.009479880
6 196 3 100 3760642 2.009509339
3 195 3 100 826263 2.009527001
1 204 3 100 14018495 2.009529741
3 201 3 100 1753 2.009537257
6 196 3 100 35211 2.009557768
6 204 3 100 3228 2.009562520
13 198 3 100 5381 2.009572035
4 195 3 100 56768 2.009575687
10 200 3 100 904799 2.009583463
7 205 3 100 1588343 2.009607707
8 203 3 100 61840 2.009613087
9 201 3 100 64324 2.009613494
3 196 3 100 22465 2.009619268
7 194 3 100 871862 2.009649641
13 200 3 100 4164 2.009651078
12 200 3 100 192573 2.009664595
10 204 3 100 582566 2.009669848
8 195 3 100 9921 2.009680418
14 202 3 100 61883 2.009708828
10 194 3 100 57782 2.009745884
10 198 3 100 7323720 2.009753144
7 203 3 100 5862685 2.009755611
15 203 3 100 24300 2.009755615
5 193 3 100 27525 2.009757296
2 202 3 100 7337 2.009760543
14 202 3 100 4948482 2.009777132
3 207 3 100 4643637 2.009779680
3 197 3 100 304778 2.009788727
3 197 3 100 14250055 2.009790631
15 202 3 100 527018 2.009815870
11 202 3 100 14487 2.009825173
1 195 3 100 795916 2.009832341
5 200 3 100 13338 2.009865336
1 198 3 100 2438998 2.009900978
1 197 3 100 9662651 2.009904488
5 192 3 100 430788 2.009905496
4 193 3 100 19868 2.009906528
4 202 3 100 8981565 2.009910042
0 192 3 100 70945 2.009913415
7 207 3 100 6190 2.009917803
5 193 3 100 111545 2.009930845
2 192 3 100 19137 2.009939789
9 203 3 100 1668 2.009940423
9 202 3 100 586048 2.009946263
0 206 3 100 67849 2.009960995
0 205 3 100 752325 2.009964254
14 203 3 100 793402 2.009967721
6 199 3 100 87241 2.009973398
2 199 3 100 631382 2.009991140
2 197 3 100 1432616 2.010006823
4 206 3 100 6932843 2.010012107
10 205 3 100 2088708 2.010021393
5 203 3 100 14363 2.010052076
14 193 3 100 403789 2.010052077
12 201 3 100 124039 2.010057670
12 200 3 100 11530 2.010067232
2 202 3 100 5536406 2.010098867
15 206 3 100 122808 2.010125800
6 205 3 100 4774862 2.010135600
0 206 3 100 551372 2.010137338
12 206 3 100 69413 2.010153842
2 198 3 100 180607 2.010153964
15 195 3 100 56480 2.010181264
14 204 3 100 2830 2.010182105
14 203 3 100 605 2.010188426
10 198 3 100 21961 2.010189457
1 192 3 100 19948 2.010207603
6 197 3 100 61836 2.010215182
10 202 3 100 1387985 2.010215675
10 200 3 100 3858 2.010227351
15 203 3 100 6748 2.010231238
9 195 3 100 68422 2.010259787
13 199 3 100 6743 2.010267179
14 202 3 100 12849 2.010269517
8 193 3 100 561143 2.010273515
1 201 3 100 1914548 2.010280949
4 205 3 100 6050 2.010289371
12 198 3 100 1631626 2.010294274
10 194 3 100 22143 2.010319367
11 202 3 100 116347 2.010320223
2 194 3 100 1705018 2.010370316
5 206 3 100 31768 2.010384501
10 204 3 100 18570 2.010386447
7 192 3 100 3309980 2.010388787
3 203 3 100 692774 2.010390951
1 200 3 100 61157 2.010395737
0 204 3 100 52175 2.010396820
1 204 3 100 6369451 2.010407889
3 192 3 100 667293 2.010409227
3 197 3 100 28175808 2.010410291
1 195 3 100 2866559 2.010421508
12 197 3 100 28610 2.010433627
11 198 3 100 81341 2.010435125
2 205 3 100 572697 2.010443821
5 192 3 100 4037033 2.010450064
9 207 3 100 48020 2.010452572
10 195 3 100 24167 2.010459743
2 194 3 100 4967583 2.010478369
11 196 3 100 3009299 2.010514574
2 203 3 100 41794 2.010527934
9 197 3 100 68328 2.010554495
3 205 3 100 4767 2.010568065
5 205 3 100 11987 2.010569658
4 198 3 100 5292 2.010572528
0 195 3 100 27956 2.010589370
8 192 3 100 58643 2.010595592
5 205 3 100 58506 2.010608028
8 198 3 100 68838 2.010627039
12 206 3 100 990695 2.010636152
6 195 3 100 12850 2.010640174
14 192 3 100 221113 2.010661264
0 202 3 100 35224 2.010664690
11 194 3 100 2294972 2.010679460
5 193 3 100 22647 2.010679797
0 200 3 100 3945 2.010685891
7 192 3 100 25576741 2.010695808
9 202 3 100 33241 2.010701056
10 207 3 100 669031 2.010701326
2 204 3 100 21309 2.010719538
8 202 3 100 1582775 2.010734096
4 201 3 100 28199 2.010740956
2 192 3 100 3396 2.010746931
6 206 3 100 66069 2.010758236
2 207 3 100 20361 2.010761827
8 207 3 100 1402651 2.010765059
7 195 3 100 78747 2.010769832
4 194 3 100 1627678 2.010773997
12 204 3 100 63056 2.010776832
12 199 3 100 93633 2.010782324
11 196 3 100 79491 2.010786576
10 200 3 100 1693033 2.010805725
3 202 3 100 27700 2.010818317
8 202 3 100 16484 2.010830425
6 195 3 100 8953669 2.010835319
7 203 3 100 49333 2.010866379
13 197 3 100 36014 2.010872791
14 194 3 100 16625 2.010875191
12 205 3 100 16654 2.010888351
11 201 3 100 25819300 2.010896150
8 205 3 100 58736 2.010897963
1 207 3 100 1725979 2.010900307
5 192 3 100 8641411 2.010900511
9 203 3 100 1877364 2.010904877
10 193 3 100 3121 2.010944217
10 196 3 100 17350 2.010967660
2 207 3 100 21654 2.010986724
14 202 3 100 48221 2.010990246
9 205 3 100 4040770 2.011016759
11 198 3 100 5003 2.011019692
1 198 3 100 36234 2.011029262
10 204 3 100 4077477 2.011035156
1 193 3 100 72225 2.011039500
14 196 3 100 1016074 2.011049478
9 207 3 100 3704 2.011081147
2 205 3 100 3328153 2.011081814
10 199 3 100 73029 2.011086975
14 195 3 100 72806 2.011099712
4 199 3 100 3736 2.011101284
9 203 3 100 1746 2.011101375
1 200 3 100 20603 2.011119830
15 193 3 100 52690 2.011123613
9 195 3 100 8721 2.011138119
12 206 3 100 25683 2.011148991
5 201 3 100 6586 2.011160316
3 196 3 100 2882 2.011175220
4 198 3 100 191075 2.011184451
15 205 3 100 5442389 2.011194659
15 202 3 100 770003 2.011214214
11 198 3 100 24511 2.011226219
2 206 3 100 32441 2.011244529
5 192 3 100 27859 2.011245372
14 202 3 100 2406114 2.011247774
12 196 3 100 37330 2.011258282
14 201 3 100 23645 2.011259096
1 194 3 100 2 2.011275907
10 203 3 100 541788 2.011275948
1 194 3 100 62128 2.011276617
5 195 3 100 438164 2.011286027
12 194 3 100 24458 2.011295829
14 200 3 100 1383880 2.011313027
11 198 3 100 26860 2.011326617
13 200 3 100 17978421 2.011332220
3 193 3 100 35119 2.011332378
0 204 3 100 469450 2.011341889
5 205 3 100 629150 2.011346626
12 202 3 100 1683 2.011374236
12 207 3 100 40289 2.011382232
12 195 3 100 389427 2.011388251
2 198 3 100 54757 2.011391020
3 207 3 100 1271386 2.011395465
5 192 3 100 2242 2.011398078
11 203 3 100 222259 2.011403216
12 205 3 100 7200 2.011416055
12 200 3 100 34504 2.011425253
0 192 3 100 9769435 2.011437283
10 204 3 100 1658726 2.011441463
3 205 3 100 604492 2.011489003
1 193 3 100 1720859 2.011490609
4 194 3 100 2850 2.011522290
9 192 3 100 25065 2.011526290
12 206 3 100 7620 2.011526988
1 205 3 100 3071771 2.011533266
0 205 3 100 214998 2.011538681
5 207 3 100 3904851 2.011551884
12 205 3 100 323369 2.011590736
5 203 3 100 35569 2.011602643
0 200 3 100 75495 2.011614769
8 192 3 100 825073 2.011615128
12 207 3 100 70879 2.011663925
5 198 3 100 934792 2.011669765
14 200 3 100 76535 2.011670878
9 204 3 100 64579 2.011681166
1 194 3 100 20093 2.011690603
15 202 3 100 26452 2.011694343
11 196 3 100 438392 2.011701984
10 193 3 100 161529 2.011714962
10 196 3 100 838000 2.011733592
7 192 3 100 1078293 2.011756239
10 201 3 100 7558 2.011789145
14 192 3 100 7126425 2.011790245
0 198 3 100 28839 2.011814102
15 202 3 100 21815 2.011818587
3 194 3 100 27788525 2.011822855
3 196 3 100 40503 2.011837351
9 203 3 100 4401 2.011848610
9 200 3 100 30537 2.011848694
2 197 3 100 20645 2.011851883
4 198 3 100 53324 2.011855550
13 207 3 100 46097 2.011860433
7 205 3 100 79540 2.011863556
9 199 3 100 26420 2.011864319
8 192 3 100 3545392 2.011880000
6 196 3 100 7160 2.011890669
5 206 3 100 64723 2.011902732
3 204 3 100 2513 2.011913818
15 201 3 100 47933 2.011922094
13 198 3 100 1680773 2.011922784
0 194 3 100 46122 2.011923623
3 195 3 100 2712 2.011941193
7 207 3 100 1746208 2.011944635
5 193 3 100 16954 2.011952161
13 196 3 100 5582233 2.011977049
5 205 3 100 71475 2.011977741
10 192 3 100 44367 2.011985690
6 195 3 100 74751 2.011989200
12 207 3 100 4998751 2.011997212
7 202 3 100 9043 2.011999316
0 196 3 100 222106 2.012007888
0 199 3 100 67381 2.012010073
0 200 3 100 42921 2.012012791
8 195 3 100 8703 2.012028500
0 196 3 100 3006334 2.012031783
6 205 3 100 1179020 2.012036260
10 194 3 100 77946 2.012043697
6 198 3 100 351099 2.012054280
0 194 3 100 1251604 2.012058873
6 193 3 100 1900799 2.012063593
9 195 3 100 2060352 2.012065113
5 195 3 100 4880364 2.012086920
10 199 3 100 20537702 2.012097295
12 204 3 100 17580 2.012105163
1 207 3 100 3977 2.012117115
12 203 3 100 2223095 2.012138566
0 196 3 100 23528 2.012144789
2 194 3 100 1949280 2.012149200
1 205 3 100 62976 2.012153408
5 200 3 100 9093 2.012167180
8 205 3 100 6753 2.012194111
1 192 3 100 3099841 2.012209027
8 196 3 100 8482 2.012215331
4 203 3 100 26667 2.012217927
0 198 3 100 4601 2.012220236
3 192 3 100 24090 2.012245323
1 201 3 100 13501 2.012257967
3 201 3 100 183759 2.012273552
4 195 3 100 72689 2.012286730
8 203 3 100 1488344 2.012295278
2 202 3 100 6903058 2.012297009
2 205 3 100 2082588 2.012299925
9 200 3 100 26265640 2.012317900
15 200 3 100 9233 2.012318652
7 195 3 100 57147 2.012324787
2 201 3 100 79762 2.012324982
11 206 3 100 6471 2.012331972
8 201 3 100 1616589 2.012336645
13 199 3 100 52111 2.012341297
6 206 3 100 32896 2.012342351
1 193 3 100 820662 2.012354424
15 202 3 100 330620 2.012354658
1 203 3 100 50081 2.012369291
9 202 3 100 2218655 2.012369612
12 204 3 100 28653 2.012390212
4 194 3 100 69897 2.012393001
8 206 3 100 8854572 2.012407348
12 194 3 100 13963 2.012416569
10 206 3 100 52027 2.012451095
10 204 3 100 14359 2.012454231
9 198 3 100 117034 2.012461396
12 192 3 100 87247 2.012466266
8 200 3 100 24028 2.012470995
0 197 3 100 20248 2.012482312
14 193 3 100 9638 2.012503329
8 206 3 100 47355 2.012511947
14 197 3 100 55949 2.012515275
4 204 3 100 197251 2.012531926
10 201 3 100 6857717 2.012539022
0 193 3 100 47143 2.012552104
12 202 3 100 5923910 2.012556077
12 201 3 100 65204 2.012568319
5 201 3 100 38232 2.012574905
3 205 3 100 41934 2.012581146
2 198 3 100 4283265 2.012581537
15 192 3 100 62547 2.012584477
9 199 3 100 15027 2.012609201
15 196 3 100 32704 2.012619985
6 192 3 100 4668 2.012623196
9 202 3 100 2267997 2.012640891
3 198 3 100 1535614 2.012643509
9 192 3 100 8494 2.012653139
12 207 3 100 6924 2.012692393
8 195 3 100 4114 2.012749047
15 206 3 100 9452 2.012779311
14 202 3 100 1784492 2.012790157
9 202 3 100 1509453 2.012791746
8 200 3 100 180693 2.012804484
10 204 3 100 11265 2.012805078
12 204 3 100 2307 2.012808318
5 201 3 100 132902 2.012821705
7 199 3 100 9703 2.012884192
0 200 3 100 8886398 2.012885178
13 201 3 100 1845469 2.012886537
2 205 3 100 8631 2.012898010
14 202 3 100 168127 2.012899181
0 201 3 100 56973 2.012900277
5 199 3 100 935527 2.012902125
11 199 3 100 187348 2.012911625
9 200 3 100 4889717 2.012912949
8 196 3 100 126611 2.012934806
11 196 3 100 444214 2.012952716
14 192 3 100 48512 2.012969815
12 199 3 100 26393 2.012970089
2 200 3 100 6904 2.012978707
1 196 3 100 66122 2.012994462
3 197 3 100 9702951 2.013008430
6 206 3 100 7631965 2.013019133
11 199 3 100 38009 2.013036646
8 202 3 100 5775785 2.013046157
1 197 3 100 186284 2.013049360
13 199 3 100 25172 2.013091826
10 203 3 100 10985 2.013092683
10 202 3 100 72886 2.013095979
15 195 3 100 74570 2.013111336
15 198 3 100 46196 2.013114826
14 204 3 100 41791 2.013118974
2 204 3 100 10125 2.013125554
2 197 3 100 20354 2.013144543
1 198 3 100 33259 2.013144768
2 199 3 100 885693 2.013156193
5 193 3 100 32877 2.013158446
10 204 3 100 45312 2.013159871
10 192 3 100 538541 2.013162731
0 205 3 100 1491984 2.013163673
2 205 3 100 2140 2.013173133
7 201 3 100 59196 2.013174229
3 202 3 100 37745 2.013193553
8 203 3 100 1052721 2.013209655
2 194 3 100 5617256 2.013219543
10 201 3 100 1168624 2.013223456
3 197 3 100 31215 2.013237589
14 207 3 100 3967652 2.013245337
4 201 3 100 23878 2.013287030
1 203 3 100 27584 2.013287878
0 193 3 100 1257822 2.013330439
0 207 3 100 66727 2.013330718
11 201 3 100 37783 2.013334748
13 201 3 100 14454 2.013339611
8 198 3 100 2214760 2.013350097
14 206 3 100 1969206 2.013368526
4 201 3 100 7859791 2.013380370
6 205 3 100 8869 2.013385258
8 202 3 100 111492 2.013390758
8 199 3 100 160297 2.013390946
2 204 3 100 60765 2.013396547
1 203 3 100 7395611 2.013437553
8 196 3 100 1304980 2.013442806
10 200 3 100 716444 2.013454204
7 192 3 100 3475605 2.013458147
9 199 3 100 1518013 2.013469456
12 205 3 100 20543 2.013482344
14 206 3 100 56832 2.013489124
15 204 3 100 20734 2.013489605
12 199 3 100 14684 2.013491682
2 206 3 100 1623074 2.013505957
14 204 3 100 2256001 2.013516288
1 207 3 100 1646261 2.013528117
9 201 3 100 17064185 2.013534427
7 192 3 100 68685 2.013542009
13 194 3 100 4061163 2.013560880
5 194 3 100 1782 2.013572526
11 194 3 100 55058 2.013575276
6 198 3 100 10262 2.013588325
12 197 3 100 1199050 2.013599995
14 204 3 100 1667 2.013606142
12 201 3 100 64437 2.013623096
4 193 3 100 1987590 2.013635640
8 193 3 100 67327 2.013636537
5 203 3 100 46068 2.013638351
2 194 3 100 41469 2.013656944
7 195 3 100 38263 2.013665146
14 200 3 100 13228555 2.013670859
3 194 3 100 34113 2.013702063
15 203 3 100 29185 2.013712684
9 201 3 100 35974 2.013723339
12 196 3 100 58570 2.013746488
14 205 3 100 31494 2.013761155
13 206 3 100 1642564 2.013764003
12 199 3 100 54952 2.013769703
10 198 3 100 2393725 2.013787286
9 202 3 100 4367 2.013798547
1 202 3 100 26817 2.013806116
7 194 3 100 21465174 2.013816251
2 207 3 100 27031 2.013825837
10 201 3 100 75909 2.013834256
9 196 3 100 5647 2.013884686
9 195 3 100 57608 2.013884832
2 206 3 100 513 2.013901172
4 194 3 100 695008 2.013903627
9 194 3 100 11252 2.013909627
14 205 3 100 1327997 2.013921628
6 198 3 100 56177 2.013927267
4 203 3 100 1187204 2.013932559
0 198 3 100 802811 2.013935688
3 195 3 100 796378 2.013937547
2 199 3 100 762691 2.013948399
12 205 3 100 1273276 2.013951254
8 197 3 100 26753 2.013953431
9 198 3 100 534024 2.013973084
2 194 3 100 28560 2.013981867
1 206 3 100 101858 2.013984488
0 201 3 100 12661 2.013988577
9 196 3 100 175700 2.013997920
5 195 3 100 6766 2.014002194
2 198 3 100 73808 2.014005680
8 199 3 100 66104 2.014012267
3 200 3 100 9018 2.014013540
1 193 3 100 19342709 2.014014118
14 202 3 100 23091 2.014017518
13 206 3 100 1721453 2.014040667
3 206 3 100 510271 2.014044315
3 202 3 100 2189 2.014047042
8 194 3 100 4786 2.014049776
13 203 3 100 152878 2.014084630
15 196 3 100 75694 2.014091056
13 192 3 100 14126 2.014092133
13 195 3 100 145606 2.014093458
13 203 3 100 8449338 2.014093699
3 204 3 100 4094018 2.014097006
8 199 3 100 1072125 2.014114875
14 203 3 100 735737 2.014117130
13 200 3 100 23004 2.014121556
8 200 3 100 74192 2.014124518
0 201 3 100 165665 2.014131419
8 196 3 100 27127823 2.014133104
4 204 3 100 28085 2.014133637
12 207 3 100 1532525 2.014171281
4 203 3 100 49533 2.014174255
5 207 3 100 4933 2.014174803
12 205 3 100 132580 2.014175182
11 202 3 100 225917 2.014179972
12 193 3 100 32632 2.014185828
0 207 3 100 1542 2.014192366
2 206 3 100 4862657 2.014202683
5 197 3 100 1869 2.014210955
15 204 3 100 4648515 2.014230462
3 202 3 100 29977 2.014232591
11 194 3 100 58846 2.014244544
8 195 3 100 4781 2.014310001
0 204 3 100 5817 2.014315526
0 195 3 100 29717148 2.014316164
2 201 3 100 1389188 2.014326108
4 202 3 100 7766865 2.014330112
3 200 3 100 56969 2.014368333
15 207 3 100 2820541 2.014380116
6 206 3 100 3455816 2.014412343
14 206 3 100 44101 2.014427715
5 201 3 100 6838 2.014431367
9 195 3 100 237469 2.014445033
3 201 3 100 702384 2.014459277
15 195 3 100 20191 2.014482114
0 198 3 100 9255 2.014491448
15 207 3 100 6770586 2.014506140
4 206 3 100 1537738 2.014527838
15 197 3 100 744953 2.014530646
7 204 3 100 27066 2.014537215
9 192 3 100 77982 2.014543583
13 194 3 100 411495 2.014555248
10 204 3 100 5465770 2.014560643
13 207 3 100 70060 2.014563184
5 204 3 100 67121 2.014566035
12 195 3 100 2044 2.014568530
0 199 3 100 1100455 2.014570930
2 205 3 100 3323070 2.014583968
1 207 3 100 2481443 2.014589651
7 194 3 100 53890 2.014605475
2 193 3 100 7446356 2.014608146
14 199 3 100 2364691 2.014611144
1 203 3 100 77151 2.014617462
7 201 3 100 71008 2.014656729
15 193 3 100 26991 2.014696603
9 207 3 100 6707522 2.014702806
2 192 3 100 1527766 2.014711826
11 197 3 100 44917 2.014713811
1 200 3 100 42455 2.014724939
13 206 3 100 1583244 2.014780964
4 197 3 100 6036 2.014807877
13 192 3 100 64344 2.014849755
1 207 3 100 167461 2.014860340
4 206 3 100 11291283 2.014868939
1 197 3 100 37672 2.014870551
4 199 3 100 2220 2.014883441
4 196 3 100 1040154 2.014883814
8 197 3 100 73140 2.014917862
10 204 3 100 14968805 2.014921153
1 195 3 100 8582 2.014950417
12 203 3 100 19853 2.014954433
4 205 3 100 1315819 2.014966182
7 205 3 100 5368 2.014966445
10 201 3 100 98667 2.014977593
10 198 3 100 16442 2.014991209
6 199 3 100 56808 2.015014819
1 198 3 100 43634 2.015044474
0 198 3 100 77032 2.015062104
12 200 3 100 249903 2.015064709
2 195 3 100 54097 2.015076556
5 195 3 100 7879947 2.015081734
7 195 3 100 30021 2.015105828
9 201 3 100 50329 2.015106927
11 193 3 100 48166 2.015129780
6 202 3 100 21162 2.015132907
9 194 3 100 7703 2.015149304
6 196 3 100 3624338 2.015149700
7 197 3 100 78776 2.015149720
5 206 3 100 29623 2.015160112
5 193 3 100 7891410 2.015162930
14 192 3 100 75421 2.015167054
6 206 3 100 72733 2.015167680
14 202 3 100 73035 2.015189347
8 207 3 100 21106 2.015197183
0 206 3 100 24043 2.015208762
2 195 3 100 1308662 2.015215951
9 194 3 100 8653 2.015229789
5 192 3 100 901175 2.015234673
7 200 3 100 4016456 2.015240047
2 207 3 100 2440684 2.015243184
10 196 3 100 51645 2.015245463
4 201 3 100 2157259 2.015255235
11 200 3 100 65784 2.015267590
2 198 3 100 38912 2.015290071
8 193 3 100 24771 2.015294642
6 197 3 100 71615 2.015297263
7 192 3 100 4347728 2.015357809
11 205 3 100 9108 2.015367052
7 199 3 100 193352 2.015371431
10 197 3 100 75768 2.015374495
9 197 3 100 1411855 2.015387386
11 200 3 100 1359093 2.015398947
12 205 3 100 6132 2.015399119
10 207 3 100 744931 2.015403763
6 204 3 100 673424 2.015404175
1 207 3 100 67507 2.015413999
5 201 3 100 14990 2.015426893
0 201 3 100 91748 2.015440566
6 205 3 100 5603466 2.015471623
7 206 3 100 26716 2.015474577
15 203 3 100 24810584 2.015479100
4 200 3 100 173646 2.015489044
14 205 3 100 8424 2.015491050
13 196 3 100 14177 2.015517044
6 195 3 100 6561967 2.015538887
7 198 3 100 186059 2.015553453
7 204 3 100 79662 2.015560455
13 202 3 100 1629 2.015561201
4 194 3 100 29437 2.015571185
4 192 3 100 256641 2.015595893
2 199 3 100 13565 2.015601801
1 193 3 100 3664945 2.015629456
5 205 3 100 558 2.015670056
1 193 3 100 44129 2.015676226
4 202 3 100 8239 2.015684660
1 204 3 100 3381729 2.015695836
14 194 3 100 16175 2.015704717
0 197 3 100 9106889 2.015705441
3 196 3 100 5005 2.015713067
8 201 3 100 39921 2.015721068
2 199 3 100 13015 2.015721746
7 206 3 100 102446 2.015724777
13 199 3 100 63150 2.015727168
1 195 3 100 1461427 2.015732125
0 193 3 100 960767 2.015738378
10 202 3 100 8429 2.015741324
9 203 3 100 409 2.015747053
10 200 3 100 108649 2.015756323
1 196 3 100 1821327 2.015777871
10 202 3 100 337275 2.015777921
1 203 3 100 1956274 2.015787093
4 201 3 100 56917 2.015790754
0 205 3 100 1261362 2.015794307
2 195 3 100 8139188 2.015795121
3 193 3 100 1833573 2.015799734
13 196 3 100 1026729 2.015799772
15 192 3 100 1605961 2.015801049
13 207 3 100 9144 2.015810781
7 198 3 100 17372686 2.015810829
3 202 3 100 35837 2.015814189
4 204 3 100 27145 2.015834566
14 204 3 100 9976397 2.015843858
14 203 3 100 25742 2.015855070
9 201 3 100 2432993 2.015862233
8 193 3 100 5490529 2.015865583
8 201 3 100 18923 2.015894295
14 198 3 100 3616268 2.015904645
6 197 3 100 4900 2.015920289
0 194 3 100 44027 2.015922554
3 203 3 100 37242 2.015933222
4 198 3 100 61434 2.015933359
8 200 3 100 1919735 2.015957385
2 196 3 100 4948488 2.015966118
2 197 3 100 4649560 2.015966655
14 203 3 100 4393 2.015979131
5 199 3 100 1424374 2.015984873
7 196 3 100 116349 2.015985887
8 193 3 100 1860515 2.015992633
0 201 3 100 7071257 2.016000123
6 204 3 100 9066957 2.016001053
14 194 3 100 73567 2.016013407
15 202 3 100 1729058 2.016014462
9 199 3 100 37958 2.016043795
1 196 3 100 380667 2.016070170
11 201 3 100 189610 2.016076230
3 202 3 100 26359 2.016089005
6 200 3 100 87716 2.016091809
8 207 3 100 3914913 2.016108288
12 201 3 100 72799 2.016132572
2 199 3 100 21778 2.016145091
5 204 3 100 3459305 2.016161045
7 198 3 100 1957410 2.016170642
6 203 3 100 381398 2.016172091
10 207 3 100 76888 2.016180519
8 199 3 100 79027 2.016185359
10 193 3 100 133426 2.016206366
10 195 3 100 1298420 2.016218120
7 207 3 100 4819934 2.016224319
4 206 3 100 9625 2.016225589
14 195 3 100 56313 2.016239655
12 203 3 100 51109 2.016256715
0 199 3 100 23478879 2.016282252
12 196 3 100 64871 2.016290455
13 199 3 100 712690 2.016290529
12 204 3 100 2237828 2.016291295
0 194 3 100 46300 2.016292124
3 202 3 100 323351 2.016340123
0 197 3 100 3999614 2.016351192
15 201 3 100 1028160 2.016364995
13 193 3 100 192364 2.016382804
5 200 3 100 4685329 2.016391182
9 199 3 100 718296 2.016402534
14 196 3 100 1429 2.016407342
9 195 3 100 12886133 2.016414879
10 194 3 100 23230 2.016418627
9 202 3 100 23508140 2.016420376
0 206 3 100 45859 2.016422460
12 206 3 100 193470 2.016423629
3 193 3 100 18459 2.016425504
0 192 3 100 596586 2.016441136
2 207 3 100 2629254 2.016448128
6 205 3 100 52809 2.016458352
15 203 3 100 1598 2.016463988
15 201 3 100 12745 2.016494368
1 201 3 100 22286 2.016495858
9 194 3 100 34381 2.016526825
0 205 3 100 487107 2.016544201
13 195 3 100 3682 2.016553435
10 196 3 100 39098 2.016590717
9 207 3 100 7674402 2.016597741
9 200 3 100 3909668 2.016621581
12 194 3 100 27174 2.016637807
9 204 3 100 176517 2.016639178
6 207 3 100 4153401 2.016644438
4 196 3 100 34210 2.016673374
14 196 3 100 7661 2.016701042
13 198 3 100 88964 2.016734938
11 195 3 100 7322 2.016756334
11 194 3 100 847473 2.016757686
9 199 3 100 1223300 2.016795360
2 200 3 100 26983870 2.016796463
5 198 3 100 151757 2.016821234
7 194 3 100 7602 2.016821629
9 200 3 100 47042 2.016833178
10 206 3 100 54137 2.016848767
5 196 3 100 85430 2.016875215
5 202 3 100 235549 2.016880023
15 204 3 100 1598156 2.016909642
8 195 3 100 8744732 2.016925002
13 203 3 100 2017741 2.016930013
11 204 3 100 1611445 2.016944152
2 202 3 100 2863624 2.016948223
13 206 3 100 1364221 2.016974687
1 206 3 100 4793521 2.016986805
13 203 3 100 1071637 2.016986896
15 195 3 100 81491 2.016997426
7 201 3 100 1216 2.017003090
11 205 3 100 4955 2.017022637
9 207 3 100 15056 2.017041582
9 204 3 100 4805932 2.017049300
11 197 3 100 34387 2.017054998
6 194 3 100 7286 2.017061302
8 206 3 100 1013966 2.017068358
3 203 3 100 78649 2.017071350
0 197 3 100 73326 2.017083633
4 195 3 100 32610 2.017085890
3 202 3 100 66392 2.017086132
8 207 3 100 146923 2.017124029
4 200 3 100 1671804 2.017124171
11 199 3 100 898741 2.017136513
4 202 3 100 20306 2.017137920
5 204 3 100 1298005 2.017152550
9 194 3 100 1399148 2.017171336
4 203 3 100 5245199 2.017173169
6 195 3 100 46188 2.017183551
6 203 3 100 79241 2.017191135
2 202 3 100 23692 2.017209182
9 205 3 100 25305 2.017226667
2 198 3 100 350844 2.017231073
5 202 3 100 1426 2.017236977
15 200 3 100 24983 2.017256562
15 193 3 100 5202 2.017291814
0 201 3 100 8447117 2.017296093
4 207 3 100 21348 2.017321085
0 206 3 100 5126 2.017333788
2 193 3 100 4711972 2.017348175
13 197 3 100 8818812 2.017373061
8 205 3 100 27971 2.017381694
11 207 3 100 1056065 2.017398708
0 205 3 100 2587933 2.017417850
8 203 3 100 1308 2.017425467
14 199 3 100 2613228 2.017433206
4 193 3 100 5806 2.017449346
13 201 3 100 66272 2.017452219
5 204 3 100 3178 2.017462382
10 207 3 100 3323933 2.017477073
3 206 3 100 156809 2.017483367
9 196 3 100 6241 2.017487492
3 195 3 100 3998 2.017492894
8 204 3 100 73942 2.017496543
2 207 3 100 190615 2.017506067
1 202 3 100 3375194 2.017507320
6 200 3 100 26591 2.017514319
9 197 3 100 65092 2.017517407
8 193 3 100 69029 2.017519451
3 203 3 100 47249 2.017531002
2 203 3 100 3678508 2.017538144
7 193 3 100 20329 2.017541035
12 196 3 100 74873 2.017560462
7 193 3 100 76641 2.017567856
1 195 3 100 1265078 2.017576746
6 196 3 100 4998056 2.017578560
6 193 3 100 22651 2.017590426
0 205 3 100 508743 2.017607147
6 204 3 100 66090 2.017611787
1 207 3 100 3545579 2.017617979
7 204 3 100 23207 2.017625540
1 195 3 100 8620 2.017633025
7 207 3 100 39622 2.017637723
8 202 3 100 18229 2.017646196
6 207 3 100 470595 2.017653634
0 195 3 100 12654 2.017655304
15 202 3 100 25370 2.017661825
9 192 3 100 2331 2.017684250
2 192 3 100 11605 2.017707292
5 200 3 100 28411215 2.017730507
10 200 3 100 186010 2.017741249
14 204 3 100 54050 2.017749312
5 196 3 100 60548 2.017753782
12 192 3 100 22276 2.017769313
5 204 3 100 1832687 2.017778428
13 205 3 100 891864 2.017792678
9 202 3 100 31812 2.017805817
3 202 3 100 9011938 2.017815010
3 206 3 100 8506019 2.017817970
7 198 3 100 9462 2.017818121
9 204 3 100 8635 2.017843949
4 201 3 100 369544 2.017846861
15 194 3 100 211 2.017857747
15 205 3 100 6803297 2.017863637
5 204 3 100 2753485 2.017864408
0 207 3 100 7157 2.017869175
4 204 3 100 59120 2.017874372
15 199 3 100 12218 2.017879445
3 207 3 100 123134 2.017928367
8 192 3 100 6664 2.017950288
10 199 3 100 89118 2.017963773
12 198 3 100 67089 2.017972926
15 207 3 100 7809991 2.017973864
12 199 3 100 95431 2.018006132
7 202 3 100 18262 2.018045872
8 195 3 100 344497 2.018050116
5 193 3 100 11246 2.018052793
4 192 3 100 6455520 2.018068933
8 201 3 100 5576242 2.018095567
15 200 3 100 55917 2.018098685
7 199 3 100 20547 2.018110189
3 207 3 100 19897 2.018116848
5 205 3 100 12957 2.018169743
5 197 3 100 3490 2.018182210
11 193 3 100 5011 2.018189812
15 192 3 100 124906 2.018201223
13 204 3 100 144977 2.018209727
8 204 3 100 144219 2.018213445
13 201 3 100 18190 2.018220027
11 192 3 100 56745 2.018226317
1 193 3 100 2177440 2.018246190
8 199 3 100 521777 2.018253221
1 204 3 100 56786 2.018259816
6 197 3 100 1408 2.018266199
11 196 3 100 857914 2.018282588
10 197 3 100 27726 2.018301616
2 197 3 100 13489 2.018306186
0 200 3 100 9710 2.018308818
14 202 3 100 56514 2.018333658
9 206 3 100 4565791 2.018340100
0 196 3 100 137268 2.018345395
0 206 3 100 347719 2.018345728
2 205 3 100 1493 2.018349868
8 202 3 100 2380 2.018361945
15 192 3 100 6418896 2.018377453
13 200 3 100 67778 2.018389110
12 203 3 100 264495 2.018398253
12 197 3 100 7419 2.018400343
7 193 3 100 27512 2.018421242
0 203 3 100 75622 2.018443616
10 200 3 100 50621 2.018445416
6 194 3 100 120233 2.018454192
14 200 3 100 59661 2.018465205
11 199 3 100 8611 2.018465811
13 194 3 100 34364 2.018472693
1 204 3 100 43061 2.018474911
7 202 3 100 2966 2.018492693
4 202 3 100 75440 2.018495971
1 197 3 100 1821449 2.018501766
7 203 3 100 20729 2.018502496
6 193 3 100 27115 2.018505724
4 207 3 100 14999 2.018509909
0 196 3 100 23741 2.018510450
8 194 3 100 9031 2.018513143
4 198 3 100 62046 2.018515648
15 202 3 100 5846 2.018534635
5 202 3 100 2404990 2.018537382
4 196 3 100 43478 2.018544467
11 192 3 100 8831667 2.018547849
0 198 3 100 38403 2.018554979
10 192 3 100 162276 2.018555505
11 203 3 100 41077 2.018574255
12 198 3 100 44507 2.018582985
4 207 3 100 18045 2.018638075
6 205 3 100 2112266 2.018639559
9 206 3 100 35971 2.018645390
3 200 3 100 18458 2.018662059
15 204 3 100 242281 2.018668292
6 199 3 100 4736342 2.018670354
14 203 3 100 1737178 2.018671992
10 206 3 100 5984 2.018673615
13 192 3 100 950737 2.018692364
14 200 3 100 108090 2.018695798
1 206 3 100 64731 2.018725263
1 205 3 100 191626 2.018727363
3 195 3 100 1725044 2.018730189
12 202 3 100 1297271 2.018746705
9 201 3 100 6614 2.018750043
12 204 3 100 2952707 2.018791657
1 204 3 100 3465852 2.018792693
10 201 3 100 38953 2.018813093
10 200 3 100 38101 2.018827504
15 194 3 100 5588 2.018831434
5 201 3 100 6796767 2.018843719
10 197 3 100 9503574 2.018865275
8 207 3 100 39995 2.018867194
1 192 3 100 7480650 2.018878370
9 197 3 100 33725 2.018880717
1 206 3 100 59583 2.018901259
14 207 3 100 605403 2.018904920
8 196 3 100 96960 2.018957541
2 198 3 100 59324 2.018975692
11 207 3 100 46975 2.018982688
5 199 3 100 3654347 2.019014908
14 194 3 100 28933 2.019028505
3 206 3 100 4803716 2.019034403
5 202 3 100 72216 2.019043988
9 197 3 100 61580 2.019056256
10 207 3 100 1305147 2.019061344
13 203 3 100 43946 2.019100712
2 196 3 100 2165 2.019105240
12 196 3 100 4425000 2.019110167
5 202 3 100 3766565 2.019113737
13 204 3 100 20901 2.019116167
3 194 3 100 497376 2.019120493
5 196 3 100 7413005 2.019144061
2 205 3 100 153849 2.019148518
12 205 3 100 3268400 2.019179635
9 194 3 100 23015 2.019191067
11 199 3 100 211714 2.019192664
1 206 3 100 11193 2.019194882
14 194 3 100 64444 2.019207404
4 197 3 100 521986 2.019207972
11 201 3 100 3877 2.019208319
10 201 3 100 76225 2.019211278
6 198 3 100 77685 2.019213550
5 192 3 100 2848742 2.019214239
15 206 3 100 2945777 2.019216472
5 205 3 100 734127 2.019240048
14 206 3 100 19347 2.019242042
3 195 3 100 46417 2.019243259
2 200 3 100 5564 2.019246987
4 202 3 100 3037 2.019262357
9 197 3 100 278666 2.019267418
11 204 3 100 1345 2.019293058
10 195 3 100 9614274 2.019303010
11 196 3 100 3048386 2.019316244
5 207 3 100 8516330 2.019324870
4 205 3 100 17483 2.019329247
2 195 3 100 38463 2.019332035
14 192 3 100 125 2.019332279
3 207 3 100 24797 2.019348145
6 195 3 100 261265 2.019371891
14 195 3 100 23753 2.019375758
13 205 3 100 4777875 2.019390499
12 206 3 100 7657681 2.019413483
0 193 3 100 2107026 2.019425132
2 203 3 100 69517 2.019447470
1 197 3 100 616942 2.019450096
8 193 3 100 61984 2.019458861
13 205 3 100 4143841 2.019461245
5 193 3 100 21326 2.019467037
3 204 3 100 666 2.019469158
13 195 3 100 20627 2.019476597
4 206 3 100 124545 2.019479248
11 194 3 100 2252 2.019481695
7 205 3 100 20616 2.019509739
14 203 3 100 1697547 2.019521497
0 194 3 100 181483 2.019525330
1 203 3 100 75084 2.019525688
10 195 3 100 37164 2.019526025
1 198 3 100 1917097 2.019552333
14 204 3 100 1971598 2.019559792
6 192 3 100 1679102 2.019573523
15 195 3 100 5219 2.019607594
8 192 3 100 35877 2.019611310
10 205 3 100 1152801 2.019621979
4 198 3 100 1851096 2.019627997
15 201 3 100 4319 2.019643322
3 194 3 100 6164645 2.019656287
15 193 3 100 4796255 2.019670919
10 194 3 100 320110 2.019672126
14 195 3 100 3103 2.019693561
9 197 3 100 77802 2.019699189
1 207 3 100 3303 2.019700081
8 201 3 100 55830 2.019701557
11 204 3 100 22315 2.019702529
5 204 3 100 42400 2.019718326
3 193 3 100 793771 2.019725801
7 205 3 100 6911 2.019772854
14 193 3 100 7364675 2.019791397
5 201 3 100 20921 2.019799645
10 201 3 100 1004 2.019866422
8 204 3 100 25972 2.019884432
12 195 3 100 9282925 2.019899074
1 198 3 100 1599732 2.019901690
0 194 3 100 28623 2.019913115
3 200 3 100 958846 2.019915623
12 198 3 100 8124718 2.019919778
8 205 3 100 3135564 2.019945996
9 199 3 100 35446 2.019959335
12 206 3 100 1105119 2.019960719
6 194 3 100 74016 2.019968026
3 205 3 100 14099 2.019973304
5 195 3 100 9911 2.019974668
9 202 3 100 42863 2.019978570
1 205 3 100 7093 2.019978583
7 202 3 100 30825 2.019979645
0 203 3 100 15672 2.019993819
11 200 3 100 1808760 2.019998889
9 202 3 100 17203458 2.020024313
15 194 3 100 582479 2.020032282
12 194 3 100 33007 2.020032650
7 199 3 100 57646 2.020032744
8 193 3 100 35680 2.020036360
9 196 3 100 1318635 2.020045461
1 192 3 100 154380 2.020052103
10 200 3 100 5233260 2.020070651
3 207 3 100 1491377 2.020073599
6 202 3 100 78614 2.020107053
13 194 3 100 1839266 2.020127023
10 193 3 100 4602284 2.020127419
13 201 3 100 4225187 2.020135013
13 206 3 100 290846 2.020159700
14 207 3 100 36263 2.020163183
12 204 3 100 2112971 2.020186625
0 193 3 100 21081 2.020226111
0 204 3 100 2124 2.020227759
0 204 3 100 2523888 2.020236796
14 201 3 100 22886 2.020247231
2 196 3 100 184499 2.020250488
0 200 3 100 43086 2.020254666
14 195 3 100 21982 2.020258595
6 192 3 100 57951 2.020283721
0 198 3 100 15679 2.020289716
4 195 3 100 6964802 2.020297002
11 202 3 100 4650296 2.020305603
0 201 3 100 177076 2.020313248
6 207 3 100 1374760 2.020323988
6 200 3 100 409559 2.020325152
8 203 3 100 65483 2.020334831
12 205 3 100 2355111 2.020348143
14 206 3 100 5888 2.020368541
9 207 3 100 192952 2.020372488
4 198 3 100 35761 2.020395635
4 194 3 100 29392 2.020397331
11 195 3 100 30884 2.020400704
15 204 3 100 8584 2.020403433
13 194 3 100 36613 2.020415266
8 202 3 100 21177 2.020429934
1 202 3 100 6662 2.020437841
9 193 3 100 2941104 2.020444478
4 199 3 100 8618 2.020495884
1 204 3 100 50721 2.020506261
2 207 3 100 417940 2.020506739
7 206 3 100 66833 2.020523120
7 199 3 100 82891 2.020524785
4 202 3 100 541912 2.020532227
14 198 3 100 4404 2.020560542
14 194 3 100 3243630 2.020579918
5 206 3 100 61156 2.020584252
7 194 3 100 1100009 2.020592056
9 196 3 100 345913 2.020594613
9 204 3 100 54881 2.020606167
4 201 3 100 4796 2.020637848
8 195 3 100 28885 2.020643878
7 203 3 100 1592822 2.020689710
7 203 3 100 7800171 2.020715474
6 193 3 100 40659 2.020717616
15 206 3 100 25110 2.020717885
4 194 3 100 2575806 2.020732597
8 194 3 100 70270 2.020732943
14 205 3 100 63019 2.020739840
0 199 3 100 1450903 2.020748501
0 198 3 100 102 2.020760583
1 204 3 100 1480023 2.020761655
9 195 3 100 40407 2.020770373
12 197 3 100 9454662 2.020774932
2 193 3 100 20134 2.020775171
6 204 3 100 10131 2.020777863
8 205 3 100 27325 2.020779356
4 201 3 100 77469 2.020809859
10 202 3 100 1659172 2.020816403
3 194 3 100 277 2.020822988
2 201 3 100 159297 2.020827167
0 193 3 100 57223 2.020828408
4 202 3 100 145242 2.020830478
15 202 3 100 245116 2.020840496
3 196 3 100 22196 2.020863277
6 198 3 100 7561018 2.020865146
2 195 3 100 1479153 2.020869458
3 198 3 100 40079 2.020875920
7 205 3 100 15847854 2.020880780
6 202 3 100 58303 2.020888919
1 194 3 100 70744 2.020894046
2 204 3 100 64011 2.020908420
11 197 3 100 1923175 2.020912344
4 203 3 100 72168 2.020920218
8 205 3 100 33200 2.020939978
6 205 3 100 70290 2.020947516
3 195 3 100 92218 2.020951486
12 201 3 100 13564 2.020982661
5 201 3 100 1827889 2.020992336
6 192 3 100 3164191 2.021030506
11 192 3 100 24257 2.021031198
7 197 3 100 5700 2.021051201
14 203 3 100 76658 2.021064772
14 206 3 100 29435 2.021079099
6 198 3 100 10227 2.021082388
3 199 3 100 9029 2.021091638
9 206 3 100 3182113 2.021095289
4 199 3 100 56936 2.021103326
14 198 3 100 33317 2.021106981
7 205 3 100 27848 2.021112190
6 202 3 100 62 2.021120257
0 197 3 100 8808239 2.021149646
0 199 3 100 52042 2.021162023
15 194 3 100 3904197 2.021162417
0 202 3 100 58600 2.021189007
11 200 3 100 524574 2.021190042
2 204 3 100 2474 2.021192973
14 199 3 100 721 2.021202595
1 202 3 100 1262790 2.021202641
15 193 3 100 12606 2.021207349
3 193 3 100 731600 2.021211136
5 207 3 100 960082 2.021218343
12 207 3 100 4880 2.021242232
14 198 3 100 3777 2.021243059
11 202 3 100 8991431 2.021246930
15 195 3 100 2351138 2.021254854
15 194 3 100 355745 2.021257244
1 201 3 100 6843 2.021306621
10 200 3 100 1850974 2.021307334
7 196 3 100 8561824 2.021319212
4 195 3 100 703185 2.021323925
1 202 3 100 916038 2.021332047
0 196 3 100 3940506 2.021352562
2 197 3 100 3636478 2.021356668
3 207 3 100 1233625 2.021363578
8 204 3 100 82416 2.021365488
3 200 3 100 34809 2.021391463
11 192 3 100 679906 2.021392667
5 204 3 100 39352 2.021403411
10 199 3 100 28833 2.021417574
1 202 3 100 1108906 2.021419542
6 197 3 100 3368875 2.021425323
1 207 3 100 40812 2.021428802
2 200 3 100 7714 2.021437309
13 195 3 100 42526 2.021438395
13 207 3 100 2314367 2.021440868
7 194 3 100 33004 2.021445604
0 198 3 100 9633 2.021472692
4 195 3 100 162481 2.021475591
8 196 3 100 15883 2.021480929
15 205 3 100 328499 2.021483614
3 202 3 100 7347316 2.021485107
1 194 3 100 70099 2.021497273
14 201 3 100 3215705 2.021501077
13 203 3 100 58714 2.021507943
10 203 3 100 74911 2.021516782
7 196 3 100 2941633 2.021547352
9 201 3 100 2565188 2.021561423
11 200 3 100 59300 2.021565516
14 201 3 100 631813 2.021577539
1 207 3 100 4621840 2.021579781
2 201 3 100 1139 2.021586361
0 198 3 100 27880 2.021592013
7 204 3 100 509678 2.021594557
14 192 3 100 52330 2.021606742
4 201 3 100 2981798 2.021615821
7 193 3 100 2435 2.021640088
1 202 3 100 3860570 2.021641831
12 195 3 100 9003119 2.021642525
9 205 3 100 49437 2.021667074
14 204 3 100 4090844 2.021667685
13 192 3 100 3113466 2.021698707
4 195 3 100 4826 2.021700093
5 207 3 100 117725 2.021700373
4 200 3 100 25576 2.021714742
6 198 3 100 31273 2.021748850
14 201 3 100 66913 2.021756951
0 200 3 100 491312 2.021769421
14 201 3 100 1748216 2.021779644
2 203 3 100 181827 2.021797983
5 204 3 100 32230 2.021803885
7 193 3 100 409776 2.021816350
14 192 3 100 5160307 2.021827166
8 195 3 100 51716 2.021828587
15 201 3 100 208991 2.021849904
11 204 3 100 1479474 2.021854657
14 192 3 100 1262424 2.021869827
11 206 3 100 4079 2.021964706
13 197 3 100 539479 2.021964732
1 195 3 100 28540 2.021965736
7 202 3 100 45474 2.021975405
1 200 3 100 3434794 2.021981625
14 195 3 100 13275 2.021984306
6 192 3 100 51149 2.021986145
7 204 3 100 52006 2.021990460
7 192 3 100 8399331 2.021994197
4 206 3 100 484045 2.021996730
4 198 3 100 216713 2.022002465
12 197 3 100 21582504 2.022012024
8 204 3 100 9620006 2.022024442
10 193 3 100 7696457 2.022034363
11 205 3 100 8924 2.022043655
12 200 3 100 1690619 2.022049149
15 200 3 100 23038 2.022062291
13 203 3 100 1288959 2.022084067
6 195 3 100 68843 2.022085717
11 207 3 100 59229 2.022104815
14 205 3 100 3572677 2.022105623
14 193 3 100 67963 2.022122960
11 199 3 100 606990 2.022131299
3 197 3 100 1551 2.022131936
14 202 3 100 9402102 2.022134543
3 200 3 100 70274 2.022144124
8 194 3 100 16690257 2.022170056
0 192 3 100 36916 2.022170313
0 205 3 100 2460913 2.022175091
5 199 3 100 2013105 2.022183792
9 195 3 100 165609 2.022204510
12 203 3 100 16142 2.022208174
2 202 3 100 26490 2.022218201
4 200 3 100 23186 2.022229744
10 195 3 100 3510735 2.022230780
1 202 3 100 1938082 2.022237941
14 203 3 100 8181 2.022244922
10 195 3 100 55709 2.022276495
13 199 3 100 27631 2.022302812
11 203 3 100 4242916 2.022306687
0 203 3 100 466 2.022310879
0 202 3 100 27595487 2.022318228
5 207 3 100 2038308 2.022319801
2 206 3 100 27240855 2.022355085
5 202 3 100 3396771 2.022374668
6 204 3 100 8120416 2.022389670
2 193 3 100 1288275 2.022408809
3 197 3 100 3782996 2.022414746
7 197 3 100 6122 2.022415267
4 199 3 100 16024976 2.022441254
12 197 3 100 55963 2.022446498
9 202 3 100 8034350 2.022491365
9 198 3 100 21589 2.022494306
1 206 3 100 39425 2.022499747
0 198 3 100 55392 2.022500710
5 203 3 100 4375 2.022504486
10 194 3 100 38568 2.022512686
9 201 3 100 12209 2.022532443
9 197 3 100 16964183 2.022534419
10 194 3 100 20331 2.022545118
6 200 3 100 8447 2.022553151
2 201 3 100 8948 2.022556774
11 196 3 100 25325 2.022574349
9 196 3 100 2058260 2.022587716
13 205 3 100 199931 2.022593639
5 204 3 100 12964 2.022598507
15 197 3 100 4497431 2.022614561
14 207 3 100 20044 2.022623213
1 201 3 100 2587858 2.022626905
15 194 3 100 24239 2.022656279
12 207 3 100 46894 2.022660527
3 193 3 100 17299 2.022662247
14 193 3 100 273886 2.022672424
12 196 3 100 27081 2.022673593
8 198 3 100 44137 2.022682821
1 195 3 100 67423 2.022695560
8 192 3 100 33701 2.022701086
0 206 3 100 22203 2.022709733
6 206 3 100 6425617 2.022712069
4 193 3 100 1568572 2.022754330
2 194 3 100 23594 2.022773188
1 204 3 100 23120984 2.022783303
14 201 3 100 6662035 2.022787339
6 207 3 100 22690 2.022796698
10 203 3 100 174674 2.022797346
7 207 3 100 36278 2.022797802
1 195 3 100 27132 2.022804369
1 203 3 100 194793 2.022816786
13 201 3 100 23487 2.022818802
5 195 3 100 1125872 2.022821878
13 207 3 100 74162 2.022823487
11 203 3 100 193047 2.022884116
11 202 3 100 48784 2.022884458
8 192 3 100 605213 2.022888398
0 198 3 100 190704 2.022896285
11 195 3 100 352698 2.022909204
8 198 3 100 25332 2.022937833
12 193 3 100 8883659 2.022953323
0 205 3 100 17143 2.022970609
11 207 3 100 2050816 2.022999142
6 193 3 100 4602970 2.023028550
4 193 3 100 914862 2.023050242
5 204 3 100 27829 2.023050350
8 196 3 100 5070 2.023075979
6 193 3 100 2178422 2.023085773
11 194 3 100 57523 2.023089420
13 198 3 100 1160594 2.023101566
2 206 3 100 27358 2.023113644
0 200 3 100 10959 2.023116429
13 200 3 100 1399560 2.023126812
4 195 3 100 4579 2.023128516
0 205 3 100 1563027 2.023152665
8 204 3 100 23539 2.023153077
9 196 3 100 100410 2.023157572
5 204 3 100 37587 2.023158778
15 206 3 100 172444 2.023165047
8 194 3 100 1747822 2.023171273
0 195 3 100 3092820 2.023181134
9 202 3 100 8204 2.023197293
1 205 3 100 4745447 2.023202318
12 205 3 100 739 2.023207412
2 194 3 100 17467 2.023238559
14 194 3 100 63362 2.023264148
10 197 3 100 7923 2.023270587
2 202 3 100 74759 2.023272163
4 193 3 100 772122 2.023272920
12 207 3 100 25729 2.023277394
2 202 3 100 19179 2.023285340
9 207 3 100 163318 2.023288899
5 200 3 100 2287034 2.023289586
12 207 3 100 39410 2.023294921
11 196 3 100 118532 2.023299877
4 198 3 100 24924 2.023302002
7 196 3 100 234879 2.023303412
10 202 3 100 44278 2.023317688
10 194 3 100 2054201 2.023331322
9 201 3 100 7703 2.023346874
0 199 3 100 66837 2.023351337
15 202 3 100 40588 2.023360844
13 203 3 100 7861118 2.023375163
2 204 3 100 50266 2.023377913
11 205 3 100 603063 2.023381341
4 193 3 100 60500 2.023384228
1 206 3 100 659265 2.023400938
13 206 3 100 70587 2.023408599
0 199 3 100 3407558 2.023411530
12 204 3 100 4240682 2.023430129
7 200 3 100 42979 2.023434657
3 196 3 100 20867 2.023447810
5 195 3 100 23746 2.023458131
8 204 3 100 53583 2.023465206
14 205 3 100 128669 2.023465285
12 200 3 100 514676 2.023472696
9 196 3 100 3313 2.023487290
2 197 3 100 45166 2.023495848
12 200 3 100 2114799 2.023501531
13 201 3 100 18267 2.023502268
11 207 3 100 1690856 2.023522794
6 205 3 100 11438399 2.023536329
14 192 3 100 53944 2.023555623
3 198 3 100 942782 2.023563893
10 194 3 100 2872 2.023565467
14 206 3 100 44179 2.023565649
7 198 3 100 79288 2.023572397
13 199 3 100 39817 2.023573585
3 192 3 100 4961347 2.023576884
13 199 3 100 3150 2.023578358
0 194 3 100 58195 2.023583772
6 193 3 100 65861 2.023589127
7 207 3 100 41459 2.023617647
12 203 3 100 162029 2.023635706
5 203 3 100 1929303 2.023643124
2 198 3 100 18325 2.023662893
4 195 3 100 26395 2.023664753
8 199 3 100 56700 2.023667846
5 197 3 100 44533 2.023678182
13 207 3 100 8911 2.023699132
9 192 3 100 1681353 2.023707862
11 204 3 100 1993 2.023765618
2 193 3 100 3369599 2.023766607
15 207 3 100 1868001 2.023776880
12 194 3 100 8659778 2.023778549
10 196 3 100 2263064 2.023779466
10 198 3 100 1301012 2.023792650
10 194 3 100 42483 2.023797499
9 201 3 100 3496655 2.023797534
14 201 3 100 760912 2.023813396
5 200 3 100 1077401 2.023822088
13 195 3 100 24199 2.023831494
15 192 3 100 61219 2.023833322
3 199 3 100 28613 2.023836790
9 199 3 100 1292498 2.023839742
10 205 3 100 1622656 2.023849873
9 195 3 100 18 2.023856584
12 203 3 100 37329 2.023860827
11 207 3 100 78830 2.023861847
9 201 3 100 8186904 2.023862599
1 202 3 100 998 2.023877738
11 198 3 100 447621 2.023888004
3 193 3 100 42611 2.023890477
15 194 3 100 29912 2.023891907
10 199 3 100 33486 2.023893679
10 195 3 100 3987 2.023894219
0 204 3 100 35595 2.023895836
7 195 3 100 68629 2.023899350
6 206 3 100 26710 2.023899573
5 197 3 100 1828775 2.023903856
2 201 3 100 2990262 2.023904224
7 199 3 100 1238527 2.023912586
15 193 3 100 120866 2.023919683
7 198 3 100 21627 2.023926566
0 202 3 100 9123160 2.023939996
0 200 3 100 533228 2.023953809
15 195 3 100 60452 2.023965941
2 206 3 100 531 2.023968748
14 198 3 100 14993 2.023975246
8 197 3 100 4979 2.023976944
1 203 3 100 1425286 2.023982432
11 198 3 100 13277 2.023983159
8 192 3 100 1538204 2.024001351
3 199 3 100 72258 2.024010905
3 206 3 100 65508 2.024013122
4 206 3 100 1090985 2.024024282
5 200 3 100 1272231 2.024024880
2 195 3 100 2441 2.024028823
11 206 3 100 1654530 2.024044247
13 201 3 100 4691676 2.024046128
7 196 3 100 28570 2.024052644
8 193 3 100 1391347 2.024112562
14 204 3 100 2284596 2.024116767
6 196 3 100 984813 2.024135513
2 201 3 100 4281160 2.024155973
15 203 3 100 67122 2.024161475
9 203 3 100 1710931 2.024187823
1 192 3 100 1770631 2.024199818
15 204 3 100 9985282 2.024210365
13 195 3 100 25385 2.024218832
14 195 3 100 69647 2.024228817
14 197 3 100 1717302 2.024235503
5 195 3 100 21171 2.024236202
15 199 3 100 41069 2.024253106
4 200 3 100 21009 2.024269186
8 198 3 100 985071 2.024286254
13 193 3 100 2382376 2.024295957
5 201 3 100 911509 2.024296406
6 195 3 100 864468 2.024299178
7 197 3 100 130496 2.024313375
5 194 3 100 20714 2.024315541
12 197 3 100 1767867 2.024318208
14 206 3 100 3188104 2.024331219
0 204 3 100 50959 2.024347243
12 204 3 100 4417238 2.024363346
10 201 3 100 1711 2.024365875
13 196 3 100 5407 2.024366075
12 199 3 100 112866 2.024377467
11 203 3 100 2265 2.024391079
13 201 3 100 27190 2.024405280
3 201 3 100 24207 2.024411727
0 207 3 100 1272 2.024431099
7 200 3 100 21452 2.024431980
13 205 3 100 4334 2.024443785
13 197 3 100 3880105 2.024449511
1 193 3 100 9623929 2.024455486
14 204 3 100 1166948 2.024461975
13 204 3 100 78396 2.024463117
9 204 3 100 3527 2.024489898
6 201 3 100 4084292 2.024506039
1 196 3 100 22667176 2.024506096
8 201 3 100 40464 2.024517901
9 194 3 100 27777 2.024533023
12 198 3 100 1987099 2.024536867
11 203 3 100 110902 2.024546651
14 193 3 100 4316738 2.024548578
5 203 3 100 2226790 2.024552006
3 198 3 100 38449 2.024583538
6 201 3 100 7492353 2.024591672
8 203 3 100 3946 2.024603560
3 203 3 100 9844 2.024611201
1 201 3 100 45658 2.024618801
15 202 3 100 3223724 2.024620642
13 203 3 100 15924 2.024658776
6 199 3 100 53815 2.024677687
5 202 3 100 19529 2.024678322
12 194 3 100 50387 2.024683517
6 204 3 100 242834 2.024690795
13 195 3 100 61264 2.024715572
2 192 3 100 7665 2.024715927
4 194 3 100 27328 2.024716501
15 192 3 100 1984926 2.024727001
14 196 3 100 42110 2.024796833
3 192 3 100 51011 2.024797835
3 207 3 100 469128 2.024805596
0 193 3 100 1119838 2.024840764
1 201 3 100 55405 2.024885743
13 203 3 100 64680 2.024947427
7 199 3 100 10118 2.024950805
3 195 3 100 332376 2.024971035
0 201 3 100 185695 2.024994105
8 197 3 100 48793 2.025007596
7 198 3 100 4019747 2.025025735
9 196 3 100 159089 2.025026139
7 199 3 100 59406 2.025027346
6 204 3 100 33411 2.025027808
10 207 3 100 27386 2.025049400
6 201 3 100 8900603 2.025054263
12 197 3 100 16943 2.025061509
5 204 3 100 67883 2.025066614
15 197 3 100 64110 2.025094132
7 201 3 100 31248 2.025099778
2 206 3 100 1667239 2.025102399
3 204 3 100 29364 2.025111079
6 205 3 100 1220115 2.025153822
9 203 3 100 20642140 2.025155061
13 199 3 100 70977 2.025187195
9 193 3 100 180950 2.025187298
15 193 3 100 99130 2.025188144
4 203 3 100 1632397 2.025189144
3 206 3 100 58417 2.025209156
15 192 3 100 5682694 2.025225539
12 206 3 100 16053 2.025228397
3 201 3 100 133841 2.025249317
14 196 3 100 26679 2.025275033
10 206 3 100 3884122 2.025277228
4 201 3 100 49541 2.025284636
9 202 3 100 20293 2.025299095
14 193 3 100 27636 2.025302403
6 197 3 100 3003462 2.025307287
15 192 3 100 1273 2.025307617
10 200 3 100 56508 2.025308532
9 204 3 100 1969601 2.025312177
15 204 3 100 24888 2.025320478
5 198 3 100 75106 2.025334780
3 200 3 100 38717 2.025342175
2 202 3 100 72824 2.025360602
12 201 3 100 594578 2.025384680
2 203 3 100 1236 2.025397090
9 205 3 100 2189 2.025430248
13 201 3 100 53059 2.025436235
9 192 3 100 4696377 2.025441798
5 203 3 100 62648 2.025448918
0 200 3 100 784728 2.025461006
15 193 3 100 994227 2.025463963
6 203 3 100 28532019 2.025472603
12 194 3 100 4869 2.025475162
5 192 3 100 6103 2.025502921
14 200 3 100 3982229 2.025513546
0 193 3 100 22807 2.025520785
6 201 3 100 2647670 2.025522090
8 197 3 100 112213 2.025523487
14 199 3 100 1150216 2.025569600
13 200 3 100 18144 2.025593910
15 205 3 100 8927 2.025615085
2 193 3 100 4464 2.025632235
6 193 3 100 599008 2.025648193
11 203 3 100 61216 2.025675713
0 199 3 100 21795 2.025680749
3 196 3 100 1665818 2.025685222
14 204 3 100 4151 2.025685312
4 206 3 100 17653 2.025691428
14 194 3 100 1581333 2.025704453
14 200 3 100 77617 2.025712313
8 200 3 100 37706 2.025718176
7 192 3 100 5219 2.025722709
8 200 3 100 411990 2.025723416
2 198 3 100 13759 2.025735735
6 207 3 100 25604 2.025742512
1 201 3 100 35235 2.025752036
2 196 3 100 1226977 2.025755846
3 204 3 100 9768 2.025767735
7 199 3 100 1066 2.025775471
9 204 3 100 739930 2.025778577
13 201 3 100 1462256 2.025788614
10 199 3 100 14637 2.025798634
12 198 3 100 19892 2.025805777
9 198 3 100 24116 2.025809979
14 197 3 100 1716133 2.025834748
10 192 3 100 43623 2.025839737
10 196 3 100 1676708 2.025848133
9 195 3 100 488563 2.025861849
5 204 3 100 1554094 2.025885797
4 194 3 100 29527 2.025901953
0 200 3 100 7536760 2.025903814
5 206 3 100 1217 2.025908657
0 202 3 100 2202164 2.025911937
11 200 3 100 26589 2.025921879
12 203 3 100 36126 2.025931512
6 195 3 100 9293529 2.025934964
2 205 3 100 48885 2.025935002
11 198 3 100 21192 2.025938414
10 195 3 100 9645032 2.025946299
9 203 3 100 78272 2.025985145
0 197 3 100 5340718 2.026003410
14 207 3 100 11970 2.026031612
3 199 3 100 3309217 2.026041113
0 207 3 100 58527 2.026046241
0 192 3 100 5613714 2.026046396
12 201 3 100 40101 2.026049346
2 193 3 100 41156 2.026053086
2 206 3 100 11031163 2.026066190
9 205 3 100 6114973 2.026109563
9 193 3 100 26331 2.026120146
11 205 3 100 4717533 2.026133092
2 206 3 100 6741845 2.026151346
15 197 3 100 32883 2.026168522
11 199 3 100 21054 2.026175295
4 196 3 100 15277 2.026191301
2 194 3 100 18478162 2.026194738
6 205 3 100 172287 2.026197521
5 194 3 100 3539992 2.026200313
3 199 3 100 25914 2.026201753
9 206 3 100 54788 2.026204441
3 203 3 100 381813 2.026206223
6 204 3 100 64841 2.026207605
5 204 3 100 3280004 2.026208148
12 203 3 100 487411 2.026217828
9 194 3 100 37028 2.026218889
1 202 3 100 5519 2.026235779
15 194 3 100 24889 2.026241695
8 206 3 100 73977 2.026262305
2 195 3 100 41222 2.026269596
15 193 3 100 3207056 2.026290403
9 192 3 100 7833 2.026299369
0 201 3 100 7011 2.026300590
10 203 3 100 1838821 2.026309960
11 197 3 100 1796554 2.026352498
6 193 3 100 26064 2.026360920
1 203 3 100 644176 2.026385450
1 200 3 100 47322 2.026398701
14 202 3 100 158479 2.026403088
1 206 3 100 1346783 2.026411588
10 197 3 100 68942 2.026431760
10 195 3 100 9055 2.026447299
2 198 3 100 1551997 2.026450544
2 196 3 100 27959 2.026456505
1 207 3 100 164251 2.026457738
15 206 3 100 1328583 2.026458634
0 201 3 100 2304 2.026465351
6 207 3 100 12214139 2.026467921
9 202 3 100 1537261 2.026469811
6 196 3 100 1522 2.026471920
5 203 3 100 270740 2.026475925
2 206 3 100 3679 2.026486481
4 198 3 100 5178 2.026498897
8 198 3 100 199524 2.026519792
12 194 3 100 22160917 2.026521829
6 200 3 100 21681 2.026530632
4 206 3 100 17739985 2.026532514
14 197 3 100 42451 2.026533830
3 199 3 100 25413 2.026558740
0 194 3 100 57100 2.026588630
14 201 3 100 95238 2.026603562
8 195 3 100 54768 2.026605744
11 206 3 100 25907 2.026617163
12 192 3 100 62858 2.026618424
1 203 3 100 39819 2.026632406
8 202 3 100 32982 2.026638799
11 205 3 100 183047 2.026645817
15 196 3 100 35686 2.026645950
12 204 3 100 3782589 2.026651465
9 205 3 100 25998 2.026659359
7 192 3 100 27438 2.026671865
10 201 3 100 544434 2.026683157
14 195 3 100 1257753 2.026684784
7 196 3 100 68350 2.026689304
8 199 3 100 4039871 2.026691365
15 198 3 100 35140 2.026734510
11 204 3 100 29097 2.026734524
3 195 3 100 65811 2.026766989
15 201 3 100 1418 2.026772633
15 197 3 100 1632 2.026777666
13 192 3 100 25849 2.026779087
5 192 3 100 937888 2.026792089
15 198 3 100 64554 2.026800012
7 205 3 100 7085578 2.026815735
11 204 3 100 1449418 2.026817804
9 197 3 100 968 2.026817861
14 194 3 100 3879 2.026840595
6 202 3 100 1125749 2.026861092
2 200 3 100 21694 2.026888349
6 202 3 100 27852 2.026895481
15 201 3 100 275808 2.026918166
15 198 3 100 3248444 2.026919084
14 195 3 100 6776 2.026924671
8 202 3 100 11651 2.026926403
0 199 3 100 17238253 2.026935728
14 202 3 100 1097279 2.026961220
10 197 3 100 73856 2.027007927
13 196 3 100 2657627 2.027010730
14 201 3 100 709959 2.027014983
14 204 3 100 137596 2.027016122
5 205 3 100 7159 2.027019687
0 207 3 100 3544296 2.027030275
2 202 3 100 1364364 2.027032635
10 205 3 100 2702785 2.027054269
0 207 3 100 1759 2.027055701
8 207 3 100 4928033 2.027152728
1 205 3 100 194149 2.027155887
6 197 3 100 412273 2.027185307
9 198 3 100 35930 2.027187244
6 203 3 100 68336 2.027197391
5 195 3 100 51976 2.027211387
8 207 3 100 512471 2.027218291
2 206 3 100 3051012 2.027229448
12 192 3 100 992 2.027265690
8 206 3 100 14163486 2.027269508
14 199 3 100 5850 2.027304851
3 203 3 100 52003 2.027313339
5 194 3 100 5905830 2.027313345
12 199 3 100 53035 2.027321064
12 202 3 100 53600 2.027355663
13 192 3 100 47242 2.027370633
9 194 3 100 77457 2.027377903
12 198 3 100 471289 2.027379289
8 202 3 100 228290 2.027390083
1 192 3 100 61463 2.027392850
11 193 3 100 6864574 2.027393251
2 200 3 100 1764 2.027395445
8 196 3 100 5354 2.027410500
2 205 3 100 2087787 2.027450538
0 198 3 100 1078990 2.027456283
3 203 3 100 52217 2.027466557
11 204 3 100 6617182 2.027478931
4 194 3 100 3124 2.027513251
7 194 3 100 94835 2.027515602
15 197 3 100 4507781 2.027541194
12 207 3 100 503190 2.027558897
2 203 3 100 14151 2.027569866
13 202 3 100 814839 2.027584064
8 193 3 100 1285400 2.027608697
12 203 3 100 533 2.027617953
4 196 3 100 25641730 2.027644042
6 199 3 100 47132 2.027661176
8 206 3 100 1195897 2.027675790
11 202 3 100 45331 2.027679110
14 198 3 100 3274974 2.027680016
12 192 3 100 3147 2.027699809
5 203 3 100 54427 2.027728330
1 207 3 100 1008836 2.027765749
13 204 3 100 7756 2.027778022
15 206 3 100 2519087 2.027781943
10 203 3 100 33626 2.027793939
9 197 3 100 20991 2.027798456
3 206 3 100 29381 2.027801237
5 207 3 100 9846104 2.027805577
15 204 3 100 5718 2.027831030
11 203 3 100 1491569 2.027831876
15 203 3 100 1825696 2.027871643
10 195 3 100 4100985 2.027894611
11 202 3 100 7159 2.027899998
1 198 3 100 5599 2.027904527
14 195 3 100 3052744 2.027906796
2 206 3 100 120096 2.027912206
6 197 3 100 9052383 2.027917514
10 199 3 100 1281 2.027918035
1 198 3 100 1356711 2.027936166
4 198 3 100 32758 2.027941145
12 197 3 100 168463 2.027952134
10 202 3 100 26789 2.027955034
7 194 3 100 58045 2.027969328
10 193 3 100 310281 2.027970894
15 198 3 100 9524009 2.028007202
2 203 3 100 1622931 2.028010385
11 207 3 100 25299 2.028031436
12 198 3 100 17753 2.028032605
13 207 3 100 6290 2.028038556
11 203 3 100 730585 2.028085212
9 200 3 100 21896 2.028118158
10 205 3 100 9572669 2.028133184
7 203 3 100 76580 2.028146100
9 193 3 100 13978 2.028147408
15 206 3 100 218267 2.028157659
12 195 3 100 31610 2.028203638
8 207 3 100 145914 2.028212190
10 201 3 100 4952783 2.028212704
15 207 3 100 6201 2.028227308
13 200 3 100 29664 2.028240676
7 205 3 100 10870 2.028243050
5 206 3 100 36113 2.028257638
3 196 3 100 74757 2.028266510
12 196 3 100 3659 2.028284451
11 194 3 100 5337620 2.028289209
11 192 3 100 60321 2.028292434
8 193 3 100 184141 2.028300792
4 195 3 100 388079 2.028316005
13 207 3 100 7222 2.028318962
6 199 3 100 4488 2.028334013
11 192 3 100 1162 2.028336136
1 204 3 100 2655847 2.028337015
11 200 3 100 47120 2.028355360
4 197 3 100 4574199 2.028380205
5 200 3 100 1905338 2.028386324
2 205 3 100 72513 2.028386662
4 204 3 100 5803 2.028409242
1 200 3 100 5961434 2.028409446
13 206 3 100 57033 2.028413749
4 204 3 100 585990 2.028418914
2 196 3 100 3358 2.028420875
6 194 3 100 1411 2.028428818
1 202 3 100 23945127 2.028430803
1 207 3 100 93349 2.028442288
14 192 3 100 76029 2.028452318
11 196 3 100 66258 2.028485858
6 201 3 100 7480468 2.028499201
1 207 3 100 384714 2.028501938
12 192 3 100 13791987 2.028511786
13 199 3 100 57928 2.028542026
5 192 3 100 20103259 2.028549429
4 196 3 100 146036 2.028549647
15 199 3 100 2716 2.028559857
15 197 3 100 157820 2.028566952
12 194 3 100 514787 2.028589031
8 198 3 100 90118 2.028591860
3 197 3 100 1481596 2.028620039
13 201 3 100 3939092 2.028620899
12 207 3 100 136627 2.028633203
2 207 3 100 110919 2.028634236
13 202 3 100 29347 2.028636612
9 200 3 100 48205 2.028637591
2 201 3 100 54971 2.028637652
4 205 3 100 1180587 2.028643263
14 194 3 100 27760 2.028679916
12 196 3 100 2125 2.028682383
4 207 3 100 9347 2.028686350
11 196 3 100 72519 2.028688082
8 198 3 100 17702 2.028735585
9 206 3 100 24359 2.028746287
9 203 3 100 880476 2.028750405
9 194 3 100 2928516 2.028779087
8 201 3 100 23177 2.028790335
3 203 3 100 875810 2.028798005
10 192 3 100 3733 2.028802419
9 197 3 100 9657 2.028809801
0 204 3 100 16654854 2.028811659
4 207 3 100 107419 2.028814804
3 193 3 100 31952 2.028817829
2 193 3 100 174249 2.028843422
0 206 3 100 65799 2.028862870
0 206 3 100 259703 2.028873287
15 202 3 100 55886 2.028874619
15 205 3 100 21108 2.028899768
8 194 3 100 1574895 2.028901173
10 192 3 100 23452 2.028925163
14 205 3 100 2779932 2.028927698
3 206 3 100 35323 2.028951571
5 199 3 100 4359 2.028984454
10 195 3 100 733956 2.028987709
0 197 3 100 29191 2.029022841
1 194 3 100 9985 2.029030769
1 197 3 100 58517 2.029042288
4 201 3 100 2063028 2.029061141
8 202 3 100 32973 2.029064267
3 198 3 100 18224695 2.029084587
0 192 3 100 228993 2.029089737
3 206 3 100 3827355 2.029093530
2 199 3 100 19501 2.029096927
1 206 3 100 243925 2.029104781
11 194 3 100 369917 2.029118829
13 199 3 100 5428890 2.029119435
4 203 3 100 326685 2.029128364
10 200 3 100 1110772 2.029129741
9 207 3 100 64535 2.029137071
10 205 3 100 850239 2.029142770
6 205 3 100 58574 2.029151150
6 196 3 100 6876586 2.029175651
8 195 3 100 703048 2.029177811
15 206 3 100 9270638 2.029179086
13 196 3 100 45622 2.029181857
12 192 3 100 3548 2.029185700
6 194 3 100 696 2.029189852
0 198 3 100 6527 2.029193484
4 193 3 100 5274 2.029195983
7 192 3 100 1121954 2.029197086
15 206 3 100 1089484 2.029237354
4 193 3 100 5622013 2.029245087
9 201 3 100 17799 2.029274712
12 198 3 100 41679 2.029309598
9 206 3 100 2020279 2.029312505
11 197 3 100 4426 2.029338006
3 203 3 100 1556911 2.029339778
5 198 3 100 2524 2.029342481
15 194 3 100 4767546 2.029349695
0 197 3 100 68378 2.029371962
9 198 3 100 60009 2.029384192
4 202 3 100 24697600 2.029385422
11 202 3 100 119921 2.029388046
12 199 3 100 25533 2.029422449
12 201 3 100 2800 2.029443185
15 193 3 100 1407439 2.029448677
11 199 3 100 69282 2.029453441
12 195 3 100 6701829 2.029454478
11 199 3 100 1554246 2.029488065
10 202 3 100 7561677 2.029492441
8 206 3 100 4798020 2.029511743
3 203 3 100 25454 2.029516190
2 194 3 100 5884943 2.029531351
8 201 3 100 84492 2.029532041
2 192 3 100 9918138 2.029532278
10 205 3 100 5129 2.029533552
1 204 3 100 877005 2.029545319
0 203 3 100 60430 2.029577556
3 207 3 100 267249 2.029577839
7 199 3 100 3691105 2.029581123
13 207 3 100 159554 2.029625961
14 199 3 100 27716 2.029626417
11 207 3 100 6576134 2.029632832
15 200 3 100 4613554 2.029639439
15 202 3 100 4642347 2.029641690
2 204 3 100 144059 2.029654057
8 202 3 100 22237 2.029656474
9 199 3 100 26021 2.029663317
1 200 3 100 852962 2.029663879
4 197 3 100 27902 2.029665692
14 202 3 100 2000 2.029669211
3 203 3 100 1918973 2.029682169
13 200 3 100 53743 2.029682505
15 196 3 100 26946 2.029683627
8 192 3 100 22123 2.029689121
8 195 3 100 4009 2.029693344
13 207 3 100 1854954 2.029720496
12 192 3 100 2669 2.029731235
4 203 3 100 19806 2.029747831
8 196 3 100 21440 2.029750380
5 199 3 100 953965 2.029753563
2 193 3 100 1282245 2.029766080
7 198 3 100 3628 2.029769029
13 207 3 100 5098159 2.029816582
14 205 3 100 62517 2.029817122
3 196 3 100 31226 2.029847331
11 202 3 100 46099 2.029871096
0 196 3 100 50960 2.029917750
5 207 3 100 2230827 2.029926047
1 197 3 100 192948 2.029938631
13 200 3 100 61477 2.029940213
11 193 3 100 28592 2.029949374
6 207 3 100 5492 2.029950338
14 200 3 100 9483 2.029962844
7 196 3 100 65226 2.029984673
14 207 3 100 1422921 2.029988336
0 204 3 100 2581855 2.030004387
1 206 3 100 70326 2.030009769
7 192 3 100 4527117 2.030045458
13 203 3 100 1628685 2.030057738
7 206 3 100 867998 2.030068409
10 198 3 100 7863509 2.030071916
8 205 3 100 11001 2.030099528
8 200 3 100 14926 2.030104551
2 206 3 100 2000 2.030105223
12 197 3 100 3730263 2.030125912
5 194 3 100 2187825 2.030133148
6 198 3 100 278930 2.030143390
6 197 3 100 1380676 2.030150196
1 194 3 100 5263 2.030161725
7 196 3 100 9858 2.030175566
8 192 3 100 110855 2.030183975
0 201 3 100 3851474 2.030185658
5 206 3 100 1501161 2.030196897
6 195 3 100 41287 2.030198151
9 193 3 100 815406 2.030203198
12 207 3 100 77651 2.030206065
5 202 3 100 19941 2.030208292
9 195 3 100 540605 2.030228939
12 207 3 100 26630 2.030242591
0 198 3 100 15692 2.030246488
12 199 3 100 3866218 2.030251406
0 204 3 100 7531 2.030254520
2 204 3 100 26305111 2.030255256
9 205 3 100 68808 2.030255770
4 203 3 100 5076 2.030267011
2 198 3 100 238464 2.030267565
7 204 3 100 6179825 2.030288597
11 207 3 100 26 2.030293814
1 198 3 100 20345 2.030301664
5 199 3 100 3879461 2.030303551
2 206 3 100 2888 2.030326242
8 199 3 100 1339477 2.030375477
15 196 3 100 5119 2.030387955
1 198 3 100 77088 2.030392047
13 201 3 100 739767 2.030392346
4 202 3 100 301843 2.030428356
0 197 3 100 2734264 2.030441994
15 204 3 100 801577 2.030449975
2 201 3 100 12801 2.030453302
7 202 3 100 51049 2.030460352
6 206 3 100 41271 2.030475305
12 193 3 100 37612 2.030488283
12 204 3 100 51303 2.030508397
1 194 3 100 3081571 2.030518055
6 207 3 100 21045 2.030536864
15 207 3 100 1759 2.030542030
0 203 3 100 865667 2.030552314
13 193 3 100 4308431 2.030553332
3 207 3 100 620704 2.030606247
15 199 3 100 246 2.030618242
10 202 3 100 4006856 2.030644494
14 197 3 100 56403 2.030649022
0 207 3 100 22714 2.030654204
8 197 3 100 6888248 2.030657473
4 193 3 100 1615959 2.030664682
9 204 3 100 819953 2.030688027
7 203 3 100 184938 2.030694619
13 207 3 100 27088 2.030702272
3 205 3 100 4136673 2.030702533
10 205 3 100 27684 2.030730014
5 204 3 100 395120 2.030756228
5 201 3 100 68315 2.030767360
9 202 3 100 343167 2.030780215
2 200 3 100 3368066 2.030814940
5 203 3 100 14950 2.030819087
2 206 3 100 11755272 2.030823382
1 205 3 100 6435 2.030831233
15 202 3 100 26260 2.030874405
7 196 3 100 118887 2.030876390
11 196 3 100 4390324 2.030876706
2 196 3 100 75128 2.030915527
7 195 3 100 2544020 2.030918651
11 198 3 100 14318 2.030921670
14 206 3 100 6053846 2.030928777
0 194 3 100 28554 2.030929501
8 195 3 100 335 2.030931685
7 195 3 100 457142 2.030937866
11 197 3 100 2337716 2.030940566
4 197 3 100 37504 2.030972186
0 198 3 100 7188 2.030989845
1 201 3 100 57690 2.031007691
14 207 3 100 15683 2.031020303
15 194 3 100 1331 2.031040226
5 194 3 100 8966 2.031042137
1 193 3 100 24635 2.031062367
0 200 3 100 124384 2.031064106
14 196 3 100 193740 2.031082987
2 198 3 100 26860 2.031116519
4 198 3 100 6323 2.031124601
14 202 3 100 9895666 2.031126356
12 198 3 100 14237 2.031126402
5 194 3 100 7848024 2.031128870
6 192 3 100 1754641 2.031140920
9 202 3 100 9114368 2.031145695
15 206 3 100 43400 2.031151021
13 201 3 100 75416 2.031152646
2 205 3 100 5732882 2.031152951
13 196 3 100 58768 2.031154874
6 196 3 100 3348976 2.031155436
4 206 3 100 29163 2.031155948
0 196 3 100 8412 2.031172865
4 207 3 100 893424 2.031175827
13 195 3 100 33714 2.031179612
7 196 3 100 1949 2.031196673
11 201 3 100 141944 2.031227547
13 198 3 100 25625 2.031235443
7 205 3 100 57242 2.031236689
6 201 3 100 810349 2.031251644
5 194 3 100 74719 2.031255823
0 197 3 100 6171 2.031268426
6 207 3 100 16057 2.031270724
2 199 3 100 17145429 2.031272036
2 199 3 100 7235 2.031281743
7 196 3 100 37493 2.031284400
12 200 3 100 44900 2.031291350
14 201 3 100 26635 2.031305523
10 200 3 100 3818115 2.031309863
12 204 3 100 292609 2.031360840
5 205 3 100 64203 2.031361350
11 204 3 100 64776 2.031369861
15 196 3 100 5421 2.031390176
3 201 3 100 11333153 2.031399766
2 207 3 100 180748 2.031410134
5 198 3 100 26740 2.031410203
1 204 3 100 76947 2.031421367
0 207 3 100 26988 2.031438967
12 205 3 100 62870 2.031454862
1 193 3 100 10915 2.031457447
15 198 3 100 28897 2.031466533
9 198 3 100 88141 2.031475219
8 194 3 100 1068070 2.031475630
15 199 3 100 31331 2.031483229
0 192 3 100 164592 2.031495149
12 200 3 100 547490 2.031510010
0 198 3 100 66028 2.031534038
11 201 3 100 3841 2.031540015
3 204 3 100 8833 2.031560002
14 202 3 100 8863 2.031587028
0 199 3 100 55078 2.031588558
10 201 3 100 1596678 2.031593234
10 201 3 100 20744 2.031597117
5 206 3 100 3091756 2.031598281
6 202 3 100 1570400 2.031603963
13 207 3 100 8383323 2.031616854
5 192 3 100 1730936 2.031660626
13 195 3 100 186633 2.031664636
8 206 3 100 1967314 2.031668456
13 204 3 100 25091 2.031672762
15 194 3 100 125357 2.031696861
2 201 3 100 28686 2.031736527
5 203 3 100 522848 2.031739203
5 196 3 100 3401266 2.031783065
8 205 3 100 29842 2.031785696
7 205 3 100 4740532 2.031797608
3 198 3 100 3474152 2.031807499
1 201 3 100 1783091 2.031811715
12 203 3 100 7581 2.031819488
10 206 3 100 160807 2.031828625
11 197 3 100 108738 2.031829017
7 194 3 100 67449 2.031831369
2 192 3 100 1431513 2.031833428
2 206 3 100 18968631 2.031835893
3 197 3 100 21143 2.031836282
8 199 3 100 232411 2.031873775
5 200 3 100 1921691 2.031877792
14 195 3 100 69878 2.031898076
6 199 3 100 41801 2.031905255
10 199 3 100 13595096 2.031907766
6 198 3 100 44066 2.031909398
3 198 3 100 32636 2.031916304
2 197 3 100 50666 2.031929458
11 192 3 100 87555 2.031934908
0 192 3 100 185 2.031934952
3 207 3 100 24761 2.031935062
15 201 3 100 10672 2.031976694
9 203 3 100 9971 2.032009499
10 204 3 100 3261868 2.032023152
12 196 3 100 6654336 2.032026055
0 196 3 100 1837265 2.032036634
14 193 3 100 931355 2.032055679
4 197 3 100 46763 2.032066244
0 207 3 100 3008844 2.032084774
6 204 3 100 715 2.032091615
11 200 3 100 20344 2.032103828
5 202 3 100 391689 2.032104270
1 193 3 100 15340 2.032132717
13 199 3 100 59801 2.032147936
14 194 3 100 12090 2.032199215
13 197 3 100 1086039 2.032203013
14 206 3 100 7398267 2.032205804
7 206 3 100 9007 2.032206649
4 205 3 100 2425984 2.032207692
1 207 3 100 843339 2.032210272
8 204 3 100 27018 2.032230157
9 205 3 100 111554 2.032234876
9 205 3 100 993107 2.032245217
8 200 3 100 473757 2.032246508
9 200 3 100 2787 2.032246612
13 196 3 100 3577497 2.032269460
14 202 3 100 29799 2.032272820
15 201 3 100 23951 2.032288699
6 197 3 100 477347 2.032329459
4 196 3 100 1453982 2.032341019
12 203 3 100 28534 2.032346795
5 204 3 100 9560879 2.032348587
15 203 3 100 10311 2.032372452
13 201 3 100 48459 2.032393910
6 198 3 100 31677 2.032429969
10 195 3 100 152769 2.032430483
10 207 3 100 278235 2.032432736
5 199 3 100 4662912 2.032433771
14 207 3 100 9951691 2.032442287
9 204 3 100 80576 2.032447167
14 200 3 100 23699 2.032456700
1 192 3 100 3256 2.032457647
13 202 3 100 59005 2.032459583
4 196 3 100 55424 2.032462706
1 207 3 100 115159 2.032465480
2 196 3 100 1805 2.032480437
0 194 3 100 20680 2.032482145
11 198 3 100 61889 2.032490331
10 198 3 100 49177 2.032504148
13 201 3 100 9019 2.032508823
6 196 3 100 60541 2.032531370
8 200 3 100 35033 2.032535865
11 201 3 100 172951 2.032545085
3 192 3 100 9811 2.032545672
12 199 3 100 1844168 2.032550748
11 194 3 100 73344 2.032585333
6 195 3 100 52699 2.032595373
4 198 3 100 945418 2.032601195
13 198 3 100 20012 2.032623214
3 198 3 100 28906 2.032633284
15 194 3 100 18963 2.032636606
1 196 3 100 7157530 2.032653135
4 195 3 100 41785 2.032665874
2 201 3 100 4835655 2.032685891
0 201 3 100 538725 2.032688321
15 200 3 100 24456045 2.032688693
6 196 3 100 57662 2.032688811
11 204 3 100 176626 2.032691607
15 202 3 100 24227 2.032694798
4 203 3 100 585520 2.032696481
8 197 3 100 47576 2.032699167
3 198 3 100 27015 2.032715826
9 193 3 100 604692 2.032719609
4 206 3 100 522257 2.032729210
5 197 3 100 4791 2.032742760
8 195 3 100 9727 2.032757732
5 195 3 100 27622 2.032760833
8 196 3 100 1889 2.032778569
1 205 3 100 29901 2.032778664
15 202 3 100 640788 2.032840762
0 204 3 100 820214 2.032844620
13 194 3 100 65981 2.032849255
5 199 3 100 421269 2.032865919
3 198 3 100 28458 2.032880236
3 200 3 100 46551 2.032898687
14 202 3 100 130379 2.032906617
2 205 3 100 19538 2.032924371
6 192 3 100 7666 2.032933702
0 203 3 100 66116 2.032965611
15 203 3 100 69700 2.032991882
0 206 3 100 1305264 2.032995909
14 196 3 100 8381 2.033028103
1 197 3 100 59018 2.033044655
10 199 3 100 2802 2.033047706
6 202 3 100 1862110 2.033051428
5 206 3 100 42560 2.033054283
0 198 3 100 22274 2.033069562
0 196 3 100 54661 2.033072223
10 196 3 100 134296 2.033078395
0 194 3 100 25492 2.033084667
7 197 3 100 2671982 2.033101118
4 206 3 100 32100 2.033106666
12 196 3 100 1126149 2.033127871
2 207 3 100 44396 2.033142849
14 192 3 100 1492373 2.033142996
5 202 3 100 3603613 2.033146172
9 207 3 100 34776 2.033169098
3 199 3 100 2430542 2.033172012
10 202 3 100 20010 2.033193053
12 198 3 100 29302 2.033195404
0 197 3 100 66200 2.033195588
14 207 3 100 46132 2.033196713
14 204 3 100 3066 2.033208183
0 192 3 100 2005903 2.033208873
8 200 3 100 1210443 2.033209608
10 194 3 100 17183 2.033213871
15 194 3 100 36394 2.033227140
7 192 3 100 196559 2.033235729
13 207 3 100 18531178 2.033240371
12 204 3 100 8417 2.033246238
7 199 3 100 430113 2.033262382
9 200 3 100 92313 2.033292137
7 207 3 100 2808 2.033302452
7 194 3 100 3888089 2.033306308
12 202 3 100 1158812 2.033312410
14 198 3 100 1628155 2.033324258
4 204 3 100 2736243 2.033324687
13 199 3 100 1337478 2.033328803
8 199 3 100 59342 2.033340342
1 199 3 100 167806 2.033344057
6 194 3 100 4270523 2.033359867
7 198 3 100 5354 2.033362300
2 194 3 100 30412 2.033363471
1 196 3 100 31452 2.033367047
14 196 3 100 29502 2.033370690
12 196 3 100 19423691 2.033372982
0 197 3 100 2037604 2.033377938
7 198 3 100 2769347 2.033378231
14 195 3 100 72454 2.033378477
9 197 3 100 151868 2.033382323
14 196 3 100 4251874 2.033383350
12 206 3 100 66000 2.033414613
3 193 3 100 57480 2.033417819
3 197 3 100 11598 2.033430643
11 194 3 100 2707923 2.033479057
5 207 3 100 79756 2.033484219
14 206 3 100 32840 2.033517910
14 192 3 100 1434486 2.033566091
2 195 3 100 72986 2.033571264
7 203 3 100 29413 2.033606597
7 200 3 100 430378 2.033620059
3 194 3 100 45895 2.033626860
13 198 3 100 310074 2.033644647
13 196 3 100 65857 2.033680070
9 206 3 100 51358 2.033680993
15 207 3 100 8267435 2.033696877
14 204 3 100 69025 2.033697281
15 199 3 100 22321 2.033741603
8 195 3 100 28156 2.033744362
9 192 3 100 26436 2.033766907
7 204 3 100 54043 2.033777664
2 197 3 100 69642 2.033777976
6 201 3 100 2108244 2.033778035
2 196 3 100 11810 2.033783405
15 194 3 100 6966257 2.033785873
9 205 3 100 26520 2.033789057
10 198 3 100 12592 2.033794267
3 206 3 100 38209 2.033809863
14 205 3 100 5271 2.033813354
13 195 3 100 111839 2.033827219
3 207 3 100 63425 2.033848372
6 199 3 100 43400 2.033853698
7 193 3 100 678692 2.033871440
9 200 3 100 38873 2.033872109
0 199 3 100 60712 2.033874687
13 207 3 100 3469044 2.033884276
2 205 3 100 4509 2.033890575
6 196 3 100 78125 2.033891744
13 200 3 100 26703 2.033892658
8 206 3 100 29523 2.033900364
3 206 3 100 6314571 2.033911907
12 206 3 100 203883 2.033916943
15 197 3 100 9562413 2.033918219
7 198 3 100 47498 2.033941750
1 205 3 100 3076 2.033948914
1 204 3 100 11004 2.033949731
13 202 3 100 2161292 2.033972908
1 197 3 100 1956237 2.033981041
7 195 3 100 2184829 2.033986190
9 206 3 100 113299 2.033989016
7 206 3 100 6448 2.034003063
10 192 3 100 213372 2.034016763
9 197 3 100 71930 2.034030994
2 197 3 100 68271 2.034053246
3 199 3 100 833568 2.034058386
2 199 3 100 21923 2.034084368
12 197 3 100 3279 2.034092874
5 199 3 100 4034 2.034095853
2 195 3 100 42486 2.034097524
1 206 3 100 190392 2.034109248
4 206 3 100 45204 2.034120274
2 204 3 100 59918 2.034167054
4 194 3 100 2065026 2.034181700
14 201 3 100 5586456 2.034194260
5 207 3 100 1231137 2.034196284
8 194 3 100 23357760 2.034200233
5 197 3 100 5050 2.034210036
2 193 3 100 719375 2.034219471
8 202 3 100 191239 2.034230249
3 204 3 100 3958 2.034234333
9 193 3 100 658119 2.034246209
1 202 3 100 297627 2.034259582
0 203 3 100 31861 2.034272230
2 194 3 100 12280 2.034279760
10 207 3 100 64823 2.034286867
2 198 3 100 1239 2.034306130
2 198 3 100 655637 2.034330401
3 196 3 100 5741 2.034330639
4 207 3 100 16577 2.034349644
0 192 3 100 1742827 2.034354226
4 192 3 100 46672 2.034358466
2 197 3 100 151997 2.034359035
2 196 3 100 84219 2.034362846
0 198 3 100 9174 2.034364692
0 205 3 100 23399 2.034365902
10 203 3 100 5596592 2.034411751
3 192 3 100 8578 2.034411928
6 197 3 100 5428 2.034414691
0 201 3 100 4372614 2.034415564
8 204 3 100 7848500 2.034420617
4 202 3 100 7354141 2.034426448
10 204 3 100 22130 2.034447511
14 202 3 100 1265 2.034471845
6 202 3 100 1498456 2.034477662
10 193 3 100 3380074 2.034484729
3 205 3 100 4825110 2.034498559
11 196 3 100 60230 2.034500714
11 198 3 100 21105 2.034501568
5 204 3 100 5948 2.034506609
10 197 3 100 75666 2.034511845
6 196 3 100 43319 2.034525639
4 206 3 100 35667 2.034533060
14 198 3 100 1683266 2.034535853
11 199 3 100 39978 2.034541218
4 194 3 100 118775 2.034548557
9 194 3 100 65681 2.034549808
9 201 3 100 10652692 2.034549867
7 201 3 100 21497 2.034553914
3 195 3 100 64398 2.034580153
5 195 3 100 1839669 2.034592896
11 197 3 100 18374678 2.034609353
1 192 3 100 1330710 2.034617601
14 198 3 100 4751 2.034626430
4 198 3 100 160896 2.034632952
2 205 3 100 2727147 2.034651932
6 195 3 100 51341 2.034656862
3 200 3 100 7530429 2.034658212
2 207 3 100 1194731 2.034661113
4 200 3 100 722126 2.034684144
6 192 3 100 4207704 2.034693259
9 205 3 100 3840480 2.034700301
6 192 3 100 46372 2.034701792
4 192 3 100 64835 2.034717559
3 198 3 100 12090 2.034733383
2 193 3 100 59000 2.034740170
13 197 3 100 23635 2.034757400
9 207 3 100 1677861 2.034758031
15 196 3 100 102428 2.034792217
11 206 3 100 24641 2.034799780
4 193 3 100 1695342 2.034816837
14 206 3 100 2611 2.034821544
6 202 3 100 7863 2.034834267
4 205 3 100 1792 2.034854261
5 192 3 100 156 2.034861383
5 194 3 100 66439 2.034878718
9 196 3 100 4779831 2.034896295
0 199 3 100 8566074 2.034898128
9 192 3 100 20964 2.034918482
14 192 3 100 1604944 2.034927952
6 194 3 100 23057102 2.034940321
6 195 3 100 1191159 2.034949061
7 192 3 100 73042 2.034970918
14 196 3 100 3639 2.034986060
0 207 3 100 2965 2.035004914
11 205 3 100 2230935 2.035027770
7 193 3 100 1943121 2.035056888
5 204 3 100 6503171 2.035061992
15 199 3 100 1609 2.035064213
13 205 3 100 13853 2.035067729
5 199 3 100 1891502 2.035073608
8 194 3 100 97718 2.035077269
5 195 3 100 5803 2.035078213
3 207 3 100 8203844 2.035080713
7 207 3 100 28341 2.035081638
8 206 3 100 2240131 2.035083712
10 200 3 100 481789 2.035095943
3 205 3 100 4164903 2.035100601
6 206 3 100 4757678 2.035104560
15 202 3 100 11308 2.035109177
11 204 3 100 1981537 2.035121747
14 197 3 100 5089372 2.035122482
6 202 3 100 133396 2.035128835
0 207 3 100 3137270 2.035142236
1 204 3 100 5646565 2.035145233
15 205 3 100 5595151 2.035150179
11 204 3 100 42584 2.035161855
15 203 3 100 32776 2.035183484
10 201 3 100 6607 2.035208683
2 192 3 100 3513503 2.035228952
10 206 3 100 79527 2.035276287
1 204 3 100 3809605 2.035277891
10 200 3 100 9719697 2.035285085
15 196 3 100 140490 2.035304510
13 196 3 100 62373 2.035315720
7 198 3 100 2926 2.035335809
14 201 3 100 734304 2.035357624
7 199 3 100 1785487 2.035363691
7 201 3 100 35168 2.035365132
13 194 3 100 50948 2.035388553
0 206 3 100 11441 2.035427621
13 207 3 100 68811 2.035445649
7 194 3 100 11808 2.035450782
14 197 3 100 2400103 2.035466690
2 196 3 100 3297960 2.035484735
7 203 3 100 107914 2.035485546
3 194 3 100 7201488 2.035506148
15 194 3 100 5507 2.035514280
14 193 3 100 8299416 2.035517846
6 196 3 100 109511 2.035521245
5 200 3 100 7881 2.035525392
13 193 3 100 131830 2.035537714
14 193 3 100 4940784 2.035585154
4 195 3 100 28471 2.035585336
6 201 3 100 4793811 2.035597185
12 204 3 100 49962 2.035624300
9 203 3 100 20995 2.035640661
12 195 3 100 1939192 2.035640709
9 195 3 100 207264 2.035644529
8 198 3 100 27047 2.035651276
4 195 3 100 367811 2.035660394
1 203 3 100 930961 2.035688398
13 207 3 100 4334 2.035716162
13 198 3 100 3660417 2.035720951
5 201 3 100 539308 2.035725049
1 197 3 100 9333 2.035732402
14 204 3 100 549102 2.035737175
6 198 3 100 193592 2.035754480
2 199 3 100 64827 2.035770802
6 195 3 100 27277 2.035774284
13 194 3 100 60747 2.035776166
9 194 3 100 4549216 2.035779194
4 195 3 100 6158699 2.035796590
5 203 3 100 20942 2.035803392
13 195 3 100 26894 2.035816568
10 206 3 100 1567 2.035827109
12 204 3 100 5418977 2.035830324
8 193 3 100 6671142 2.035834081
3 202 3 100 8849742 2.035840263
12 196 3 100 9196109 2.035856268
12 207 3 100 55834 2.035866498
6 200 3 100 74583 2.035876686
10 197 3 100 43923 2.035877835
3 207 3 100 28213 2.035879227
10 205 3 100 66090 2.035904940
12 199 3 100 1697126 2.035922663
11 202 3 100 1090238 2.035933616
2 197 3 100 5818088 2.035969692
15 198 3 100 6066 2.035976972
10 198 3 100 6307818 2.035992423
12 198 3 100 9246065 2.036006009
1 197 3 100 42068 2.036009297
7 196 3 100 466684 2.036033685
4 195 3 100 11296 2.036037733
7 205 3 100 1124156 2.036042503
3 198 3 100 1096738 2.036048241
1 192 3 100 5208 2.036048415
3 203 3 100 4273793 2.036070860
7 202 3 100 1804143 2.036077574
11 204 3 100 6794335 2.036083223
0 206 3 100 4756720 2.036095283
8 200 3 100 1750319 2.036111581
5 201 3 100 8519 2.036114503
11 198 3 100 5601337 2.036123471
7 205 3 100 9995953 2.036145305
8 197 3 100 25224 2.036156012
15 207 3 100 9962 2.036160361
11 193 3 100 8672 2.036163169
0 200 3 100 2590818 2.036172298
12 197 3 100 58261 2.036175781
5 195 3 100 7160328 2.036177338
6 195 3 100 53531 2.036185576
7 195 3 100 66591 2.036202534
14 196 3 100 19903 2.036208436
14 194 3 100 4389685 2.036243026
2 193 3 100 1824015 2.036248881
1 195 3 100 44453 2.036253652
15 199 3 100 192461 2.036254132
10 202 3 100 3241102 2.036264709
0 194 3 100 27141832 2.036267477
0 196 3 100 20566 2.036290325
11 196 3 100 528097 2.036290763
4 206 3 100 1714 2.036298701
4 204 3 100 24880 2.036302003
8 197 3 100 47178 2.036304988
10 201 3 100 20751 2.036312527
0 192 3 100 7630 2.036317388
8 196 3 100 34822 2.036319121
1 197 3 100 183419 2.036349632
11 200 3 100 1439752 2.036350559
6 196 3 100 50476 2.036353725
9 200 3 100 810 2.036362870
11 195 3 100 26370 2.036376579
11 195 3 100 1979495 2.036396430
15 193 3 100 40913 2.036401789
13 205 3 100 28545 2.036407859
13 203 3 100 254004 2.036408996
12 196 3 100 62930 2.036417649
6 200 3 100 3646653 2.036418362
15 194 3 100 8033 2.036441597
1 206 3 100 44478 2.036453641
7 195 3 100 171955 2.036455502
6 205 3 100 9708 2.036477925
7 205 3 100 2928 2.036482067
9 199 3 100 858380 2.036483317
6 198 3 100 505028 2.036483539
9 204 3 100 7920722 2.036494141
4 207 3 100 22486 2.036500554
4 199 3 100 154424 2.036506771
4 195 3 100 21494 2.036507070
6 205 3 100 3830 2.036530490
12 196 3 100 20592 2.036534866
6 192 3 100 112194 2.036538792
6 204 3 100 1929 2.036541122
4 198 3 100 1520747 2.036548615
2 192 3 100 5493858 2.036550191
12 207 3 100 5373 2.036552214
1 207 3 100 1282 2.036553159
1 201 3 100 45210 2.036557042
6 199 3 100 10687 2.036558520
0 200 3 100 727154 2.036559067
7 195 3 100 57434 2.036582875
11 198 3 100 42014 2.036585165
8 196 3 100 60289 2.036589805
8 206 3 100 4041 2.036600231
4 207 3 100 11940 2.036602607
2 205 3 100 2097 2.036611495
0 203 3 100 16947721 2.036613729
14 192 3 100 4109 2.036622363
11 197 3 100 40194 2.036629408
15 194 3 100 75535 2.036639546
2 205 3 100 2750758 2.036641447
13 193 3 100 62431 2.036650576
14 205 3 100 1000464 2.036653156
6 197 3 100 1090481 2.036657141
0 194 3 100 63936 2.036659424
11 192 3 100 4281240 2.036673000
8 192 3 100 3099012 2.036679293
14 197 3 100 13658094 2.036715562
1 203 3 100 57497 2.036718396
11 198 3 100 74361 2.036739629
14 203 3 100 8769876 2.036744749
1 193 3 100 4916171 2.036747215
0 196 3 100 45071 2.036747326
1 201 3 100 1424151 2.036762305
10 196 3 100 30901 2.036764176
5 202 3 100 18527 2.036773000
4 200 3 100 35672 2.036794305
13 200 3 100 47413 2.036806723
6 204 3 100 2732657 2.036810770
7 195 3 100 25971 2.036828823
13 196 3 100 8438185 2.036835780
14 200 3 100 23383 2.036885669
5 201 3 100 760851 2.036892737
0 202 3 100 32688 2.036912547
7 195 3 100 19947789 2.036917367
6 192 3 100 1563086 2.036921430
5 203 3 100 21731 2.036943246
3 206 3 100 74638 2.036943984
2 199 3 100 23127764 2.036947089
13 202 3 100 59405 2.036955094
12 203 3 100 6465 2.036958816
0 199 3 100 5895714 2.036960809
0 193 3 100 9719322 2.036962741
10 199 3 100 30941 2.036968633
3 206 3 100 19197 2.036969790
3 193 3 100 73876 2.036972340
7 202 3 100 9197 2.036979561
10 195 3 100 818907 2.036985370
4 196 3 100 27249 2.036989335
10 197 3 100 3398 2.037022612
2 196 3 100 5339107 2.037025135
1 207 3 100 41186 2.037032218
15 192 3 100 78095 2.037033435
5 193 3 100 3748764 2.037036831
5 193 3 100 377453 2.037051352
3 202 3 100 35983 2.037060933
9 198 3 100 12806655 2.037088392
4 197 3 100 197388 2.037088536
4 192 3 100 2243183 2.037105521
3 207 3 100 810175 2.037108209
2 197 3 100 324016 2.037110473
11 206 3 100 213532 2.037121247
0 197 3 100 3033787 2.037131336
7 193 3 100 2029 2.037150240
10 192 3 100 3461232 2.037160396
10 206 3 100 1175586 2.037164701
14 199 3 100 107948 2.037167474
4 203 3 100 1441 2.037173514
15 202 3 100 1362626 2.037177606
9 192 3 100 4048543 2.037177878
11 205 3 100 34010 2.037180692
5 199 3 100 3430075 2.037191781
11 202 3 100 50083 2.037199453
12 206 3 100 13065 2.037209298
1 204 3 100 23152 2.037209870
14 200 3 100 63719 2.037232762
12 196 3 100 228748 2.037241292
9 199 3 100 1638126 2.037262498
11 206 3 100 779635 2.037274071
4 193 3 100 1055522 2.037285647
5 199 3 100 1478182 2.037310458
13 204 3 100 937198 2.037313719
3 195 3 100 66671 2.037315167
4 193 3 100 155934 2.037315957
12 203 3 100 7886954 2.037343906
7 206 3 100 8234 2.037364473
10 201 3 100 3309605 2.037376514
7 205 3 100 24854 2.037377631
6 192 3 100 70063 2.037378600
1 200 3 100 56945 2.037380578
5 205 3 100 44074 2.037384442
11 196 3 100 615 2.037397300
2 200 3 100 4004447 2.037405043
10 207 3 100 16941 2.037432601
8 204 3 100 305000 2.037433484
8 197 3 100 1728461 2.037437759
5 199 3 100 2539344 2.037439021
13 193 3 100 3869672 2.037445120
6 199 3 100 2767448 2.037450335
1 195 3 100 154627 2.037460626
1 193 3 100 6753850 2.037464796
8 192 3 100 2354473 2.037472237
7 199 3 100 5958233 2.037474713
11 198 3 100 54924 2.037484924
0 205 3 100 140927 2.037490888
15 199 3 100 63637 2.037497722
7 200 3 100 7382728 2.037505615
6 207 3 100 36522 2.037515769
5 201 3 100 58405 2.037521655
12 197 3 100 8820634 2.037524341
12 193 3 100 81018 2.037530081
0 193 3 100 8499054 2.037530386
5 206 3 100 20459 2.037537551
13 206 3 100 1189159 2.037550948
11 205 3 100 112901 2.037567453
15 203 3 100 31488 2.037576824
13 207 3 100 9821 2.037586639
6 198 3 100 135548 2.037591703
3 206 3 100 4156 2.037618082
10 194 3 100 1002 2.037626688
8 199 3 100 161 2.037630128
11 200 3 100 1375936 2.037630741
4 194 3 100 6722 2.037655668
15 203 3 100 52195 2.037668072
0 195 3 100 50930 2.037676188
9 195 3 100 2241 2.037696786
1 194 3 100 24860 2.037705269
2 198 3 100 73908 2.037707072
0 205 3 100 64318 2.037716185
10 192 3 100 859928 2.037717592
7 203 3 100 323087 2.037722390
14 205 3 100 448778 2.037761097
12 199 3 100 3435262 2.037761313
8 202 3 100 20363 2.037762187
2 195 3 100 2779 2.037770706
6 201 3 100 8533349 2.037798870
10 196 3 100 1970722 2.037812690
2 207 3 100 25450 2.037813648
3 201 3 100 2142 2.037827002
4 192 3 100 278920 2.037832414
0 201 3 100 68805 2.037834625
2 199 3 100 61987 2.037848466
2 207 3 100 4478433 2.037848800
12 205 3 100 6449 2.037870781
0 193 3 100 55798 2.037876638
1 204 3 100 1483395 2.037898658
11 204 3 100 148271 2.037915630
6 199 3 100 1241657 2.037922326
11 206 3 100 735 2.037923195
9 207 3 100 606666 2.037936154
14 201 3 100 67438 2.037940879
6 205 3 100 88098 2.037942954
10 196 3 100 68344 2.037944913
5 199 3 100 38434 2.037953118
15 207 3 100 29000 2.037971410
6 207 3 100 23384 2.037981982
7 201 3 100 3381831 2.038006510
10 202 3 100 2334296 2.038008294
12 206 3 100 4039 2.038013228
11 192 3 100 1359494 2.038014986
2 194 3 100 3440501 2.038023603
1 198 3 100 4871082 2.038023937
8 200 3 100 2179940 2.038033808
4 193 3 100 4498 2.038054250
5 194 3 100 1186 2.038066902
15 198 3 100 28322 2.038068375
1 205 3 100 6303724 2.038079420
15 199 3 100 9016 2.038101708
11 196 3 100 9534 2.038110613
0 197 3 100 4592849 2.038120034
6 204 3 100 813144 2.038138820
10 205 3 100 3149027 2.038139099
6 193 3 100 171495 2.038139724
2 201 3 100 26110669 2.038145599
10 204 3 100 772954 2.038159152
1 193 3 100 54379 2.038203609
1 204 3 100 5502 2.038204415
8 198 3 100 125976 2.038209951
15 198 3 100 17672 2.038224223
8 199 3 100 194275 2.038229832
3 202 3 100 113374 2.038232285
0 197 3 100 20909 2.038246853
6 198 3 100 1474886 2.038255718
15 207 3 100 134347 2.038260804
13 201 3 100 281709 2.038275056
7 198 3 100 27963 2.038277660
4 200 3 100 39682 2.038291245
13 205 3 100 2993064 2.038314256
13 197 3 100 45341 2.038377927
0 204 3 100 29789 2.038405309
1 192 3 100 117177 2.038418486
5 197 3 100 720527 2.038428441
14 202 3 100 1094492 2.038433285
2 200 3 100 11694 2.038436567
13 205 3 100 67834 2.038442617
3 194 3 100 66154 2.038446631
4 207 3 100 4971701 2.038455685
8 202 3 100 38297 2.038463828
5 207 3 100 41854 2.038481702
7 192 3 100 68745 2.038502104
12 204 3 100 27097 2.038502380
8 199 3 100 2814 2.038503341
3 200 3 100 14007 2.038506764
13 202 3 100 54570 2.038516218
6 200 3 100 3954 2.038517190
1 206 3 100 953279 2.038535362
5 200 3 100 25550 2.038542771
7 197 3 100 45617 2.038554655
7 194 3 100 60613 2.038555662
1 202 3 100 51505 2.038559370
11 197 3 100 23644 2.038565449
7 195 3 100 114365 2.038566727
0 199 3 100 22516 2.038597388
6 206 3 100 3548 2.038599183
3 195 3 100 165041 2.038623685
2 204 3 100 1350736 2.038655715
15 206 3 100 5324 2.038655800
10 207 3 100 8765889 2.038658119
0 198 3 100 3390 2.038666259
6 202 3 100 6260 2.038670858
0 201 3 100 66637 2.038684747
15 204 3 100 16827 2.038712297
8 199 3 100 4820 2.038722011
5 198 3 100 9957606 2.038746382
7 204 3 100 5853 2.038747548
0 204 3 100 8432193 2.038750859
10 203 3 100 507145 2.038766629
3 199 3 100 33825 2.038781196
1 199 3 100 95246 2.038787317
11 201 3 100 99421 2.038794521
15 204 3 100 21270 2.038796286
3 194 3 100 193621 2.038819472
2 206 3 100 7925950 2.038843177
6 206 3 100 6031 2.038870145
12 203 3 100 74337 2.038886286
11 197 3 100 559805 2.038888074
13 195 3 100 166461 2.038894001
2 207 3 100 26496 2.038895076
10 194 3 100 90596 2.038912829
7 202 3 100 147592 2.038942162
12 203 3 100 4289882 2.038956207
12 198 3 100 7731948 2.038966042
14 206 3 100 145319 2.038968160
8 193 3 100 118200 2.038969396
4 197 3 100 7579348 2.038977016
14 194 3 100 20872 2.038990735
9 198 3 100 57801 2.038992710
10 207 3 100 31199 2.038996442
3 201 3 100 169352 2.038997998
0 200 3 100 15702 2.038999919
14 194 3 100 20119 2.039023414
1 206 3 100 19357576 2.039045142
1 200 3 100 5772 2.039060158
15 204 3 100 1570379 2.039087455
2 204 3 100 881800 2.039106189
15 200 3 100 1800569 2.039106779
2 207 3 100 157454 2.039117800
2 206 3 100 3965240 2.039119457
8 201 3 100 3529465 2.039141301
9 201 3 100 25723 2.039144013
3 202 3 100 59008 2.039197210
7 195 3 100 28807 2.039213594
6 205 3 100 2746 2.039217358
15 194 3 100 830448 2.039225360
7 200 3 100 48965 2.039226899
5 203 3 100 11847 2.039255948
3 200 3 100 1886361 2.039266200
8 203 3 100 383388 2.039284308
4 198 3 100 649545 2.039302406
0 197 3 100 2316429 2.039307042
14 194 3 100 6304 2.039310010
11 196 3 100 9279 2.039330073
14 205 3 100 3432 2.039335105
15 196 3 100 3686 2.039337689
15 194 3 100 2780265 2.039346322
7 206 3 100 25642 2.039351401
2 199 3 100 1394794 2.039365079
12 194 3 100 82150 2.039367929
6 203 3 100 182862 2.039370342
8 206 3 100 50118 2.039373909
2 207 3 100 4714 2.039376687
15 207 3 100 31152 2.039388152
2 193 3 100 32227 2.039389123
7 200 3 100 243843 2.039390227
0 201 3 100 1388912 2.039390925
13 199 3 100 38755 2.039402217
9 193 3 100 7176 2.039409348
15 197 3 100 8582 2.039419380
8 204 3 100 38386 2.039466980
3 205 3 100 423805 2.039470377
0 205 3 100 195924 2.039472494
12 207 3 100 4997 2.039474868
0 192 3 100 20390 2.039476383
11 207 3 100 15743 2.039484674
1 193 3 100 2741 2.039496680
5 206 3 100 6704530 2.039500604
2 207 3 100 55150 2.039523451
0 206 3 100 5118 2.039523633
7 193 3 100 9212 2.039524639
8 206 3 100 6632 2.039532598
7 200 3 100 1644182 2.039548611
11 205 3 100 1174571 2.039554952
13 204 3 100 21143 2.039562526
6 197 3 100 19887 2.039572481
5 204 3 100 2284691 2.039575632
2 197 3 100 4037119 2.039593385
14 203 3 100 7711 2.039593762
0 200 3 100 32944 2.039594187
2 203 3 100 36873 2.039595590
9 199 3 100 22915 2.039605176
1 201 3 100 73678 2.039611035
14 207 3 100 4223161 2.039616779
7 203 3 100 59989 2.039620768
9 205 3 100 1806117 2.039621183
6 203 3 100 2035 2.039635417
1 197 3 100 41790 2.039643160
4 192 3 100 28904 2.039652251
1 205 3 100 2681436 2.039652369
0 196 3 100 47293 2.039680267
7 199 3 100 9348844 2.039689059
13 204 3 100 24004 2.039732480
14 193 3 100 69543 2.039747787
6 198 3 100 20688 2.039753366
10 194 3 100 325208 2.039762062
5 192 3 100 1686571 2.039793482
15 193 3 100 460724 2.039808957
15 201 3 100 5872696 2.039810732
13 197 3 100 561558 2.039813146
6 194 3 100 3721 2.039830577
1 198 3 100 49576 2.039834842
3 192 3 100 7421225 2.039860358
6 195 3 100 1162344 2.039861682
7 198 3 100 15 2.039868958
0 192 3 100 23782 2.039873048
4 204 3 100 6270809 2.039873452
6 204 3 100 9922174 2.039902324
6 207 3 100 64598 2.039914549
3 200 3 100 5292644 2.039930432
5 197 3 100 145184 2.039955231
12 206 3 100 23161 2.039980409
15 201 3 100 27020 2.039982507
2 205 3 100 24545 2.039993519
6 197 3 100 15268 2.040037913
13 192 3 100 45462 2.040045861
2 198 3 100 43568 2.040068303
4 201 3 100 78237 2.040080220
6 203 3 100 153443 2.040097899
2 195 3 100 36140 2.040110049
0 207 3 100 29886 2.040112537
8 193 3 100 26232 2.040135990
6 201 3 100 26250 2.040136167
6 205 3 100 9907649 2.040140848
4 205 3 100 48488 2.040147463
7 192 3 100 34633 2.040154703
4 199 3 100 24719 2.040155946
14 206 3 100 7469 2.040168146
1 203 3 100 1089117 2.040176112
2 194 3 100 69607 2.040185192
15 207 3 100 372786 2.040200827
0 198 3 100 502445 2.040228183
6 195 3 100 1419839 2.040251916
4 195 3 100 6992524 2.040253166
1 202 3 100 16042467 2.040255623
10 203 3 100 26590 2.040256854
6 205 3 100 1237562 2.040259195
15 199 3 100 5820003 2.040265348
14 193 3 100 355058 2.040270620
12 205 3 100 4258922 2.040277869
0 202 3 100 38629 2.040280695
14 192 3 100 68176 2.040287746
8 200 3 100 1941912 2.040298441
2 195 3 100 2989360 2.040304159
4 195 3 100 1321651 2.040309974
11 195 3 100 7938102 2.040319901
15 198 3 100 5219 2.040322149
13 207 3 100 71042 2.040322968
10 200 3 100 9751586 2.040326791
12 198 3 100 29920 2.040329594
2 201 3 100 29359 2.040343544
2 201 3 100 4498882 2.040377857
12 196 3 100 11385 2.040384869
7 199 3 100 149230 2.040389643
4 194 3 100 2637 2.040398021
7 206 3 100 5772819 2.040409130
4 207 3 100 57111 2.040409768
5 200 3 100 30824 2.040419019
6 193 3 100 23904605 2.040444458
6 192 3 100 445709 2.040457824
12 202 3 100 3156423 2.040459703
14 199 3 100 5469760 2.040461899
11 195 3 100 1704528 2.040463366
7 201 3 100 597291 2.040490630
0 197 3 100 373273 2.040490816
5 202 3 100 4152 2.040498060
1 197 3 100 587 2.040500410
0 205 3 100 28394 2.040510840
2 195 3 100 40902 2.040544986
10 197 3 100 28174 2.040549618
6 201 3 100 7337 2.040550995
11 207 3 100 17501771 2.040552647
12 200 3 100 73470 2.040568036
5 206 3 100 50556 2.040569268
6 205 3 100 540602 2.040573918
11 196 3 100 19385575 2.040592043
11 192 3 100 9171 2.040605620
5 193 3 100 1881 2.040608002
2 204 3 100 25876 2.040614563
15 194 3 100 22196 2.040619297
1 205 3 100 1857345 2.040654088
15 195 3 100 9741 2.040666914
15 202 3 100 25513 2.040667347
15 201 3 100 4812542 2.040682336
12 205 3 100 42679 2.040710062
7 195 3 100 20731 2.040729044
10 204 3 100 77713 2.040735593
0 206 3 100 19891 2.040756856
8 206 3 100 27520 2.040760870
5 206 3 100 36820 2.040779948
8 199 3 100 25532695 2.040790214
12 201 3 100 72894 2.040793690
3 203 3 100 42278 2.040828857
12 204 3 100 50266 2.040843258
14 192 3 100 706854 2.040843298
0 203 3 100 60973 2.040860797
8 197 3 100 36421 2.040885349
6 194 3 100 5430 2.040889225
10 199 3 100 3919657 2.040893192
8 195 3 100 75022 2.040905047
6 196 3 100 191288 2.040907064
13 203 3 100 85977 2.040911575
9 192 3 100 26103796 2.040920939
14 200 3 100 1903345 2.040922511
14 200 3 100 8022946 2.040926202
1 205 3 100 1400805 2.040931047
5 202 3 100 279879 2.040937630
5 197 3 100 23730 2.040975029
2 194 3 100 40154 2.040978516
8 205 3 100 13632 2.040996701
1 198 3 100 3765431 2.041015961
15 206 3 100 58490 2.041023994
2 194 3 100 73627 2.041027492
5 192 3 100 2458045 2.041038070
14 192 3 100 76299 2.041041311
11 194 3 100 55443 2.041064558
1 194 3 100 522670 2.041071716
9 203 3 100 55077 2.041074082
9 204 3 100 9781 2.041086221
12 200 3 100 16687 2.041146300
2 197 3 100 122333 2.041181037
13 192 3 100 4140 2.041206845
3 198 3 100 20659644 2.041207449
7 194 3 100 16686 2.041211094
7 194 3 100 8065 2.041217810
1 205 3 100 4235711 2.041220846
12 198 3 100 1973738 2.041222914
15 196 3 100 1357137 2.041245032
15 204 3 100 7258 2.041253440
0 203 3 100 10064 2.041255906
0 197 3 100 3265099 2.041257044
13 201 3 100 73120 2.041277971
12 195 3 100 168930 2.041283425
7 192 3 100 1053219 2.041291187
13 203 3 100 2335494 2.041294930
0 204 3 100 581732 2.041297932
0 201 3 100 46744 2.041300234
10 196 3 100 4555791 2.041308844
13 195 3 100 5032 2.041315502
7 203 3 100 8406 2.041338385
0 205 3 100 154178 2.041342559
11 207 3 100 2313310 2.041347684
6 198 3 100 23897 2.041359825
11 196 3 100 68294 2.041379988
5 195 3 100 74844 2.041385283
7 198 3 100 1993460 2.041387126
14 203 3 100 1046 2.041387807
1 202 3 100 846 2.041390525
0 199 3 100 4545 2.041405458
12 202 3 100 1152387 2.041408000
6 205 3 100 50 2.041414269
0 199 3 100 55692 2.041441967
6 199 3 100 1717 2.041446191
0 199 3 100 58678 2.041456354
8 194 3 100 20073 2.041465769
13 192 3 100 39744 2.041467285
3 205 3 100 48081 2.041468734
11 204 3 100 2859299 2.041471052
10 204 3 100 68412 2.041483152
3 200 3 100 40306 2.041515618
8 207 3 100 1708662 2.041519338
6 195 3 100 29712 2.041528604
6 198 3 100 28353 2.041530126
2 194 3 100 377091 2.041541181
13 202 3 100 2559245 2.041543032
6 192 3 100 109667 2.041544002
0 203 3 100 680936 2.041566151
4 203 3 100 553 2.041587142
2 196 3 100 5231230 2.041591691
4 206 3 100 1429480 2.041605839
6 197 3 100 25277 2.041609351
9 197 3 100 17182 2.041615785
9 199 3 100 73400 2.041624387
13 194 3 100 5812 2.041628168
2 198 3 100 7119 2.041630991
14 196 3 100 25791 2.041644065
15 205 3 100 1486788 2.041663004
14 196 3 100 1132896 2.041695055
13 201 3 100 872028 2.041701634
6 195 3 100 61101 2.041734439
2 201 3 100 17942924 2.041749300
15 192 3 100 77701 2.041754519
3 204 3 100 9691397 2.041761604
10 204 3 100 39014 2.041819884
7 198 3 100 36706 2.041851109
0 206 3 100 7730418 2.041854558
7 202 3 100 4479072 2.041855792
5 198 3 100 272761 2.041866100
4 202 3 100 592144 2.041869017
15 192 3 100 1326246 2.041869224
9 196 3 100 70164 2.041870571
2 206 3 100 51117 2.041889248
10 199 3 100 11545 2.041934033
4 195 3 100 79199 2.041937227
1 199 3 100 8937977 2.041937824
15 196 3 100 11688749 2.041947512
5 200 3 100 19423 2.041954597
0 195 3 100 240780 2.041955056
14 206 3 100 65720 2.041979675
5 197 3 100 1338430 2.041982991
9 204 3 100 22137 2.041984403
5 195 3 100 16747 2.041999574
4 202 3 100 4024756 2.042009222
12 205 3 100 4879037 2.042024262
11 198 3 100 43944 2.042027628
0 195 3 100 24530 2.042034338
8 194 3 100 1758509 2.042046257
0 205 3 100 1695731 2.042073425
8 197 3 100 59263 2.042090816
7 207 3 100 23749 2.042117200
13 196 3 100 1369193 2.042126823
13 206 3 100 19010882 2.042133726
10 192 3 100 4654861 2.042134876
6 194 3 100 840128 2.042145573
6 205 3 100 26549 2.042147677
6 206 3 100 21090135 2.042173070
15 195 3 100 39230 2.042187440
13 195 3 100 10761 2.042201136
5 198 3 100 63167 2.042269604
9 203 3 100 135442 2.042296411
12 198 3 100 28856 2.042296891
9 194 3 100 118629 2.042297504
14 201 3 100 5194918 2.042307415
8 196 3 100 27429 2.042317540
5 197 3 100 1658744 2.042327853
6 200 3 100 14912 2.042350474
12 201 3 100 1300648 2.042361293
6 206 3 100 76289 2.042367073
14 198 3 100 68154 2.042372724
4 193 3 100 4891 2.042380821
15 193 3 100 24179 2.042399027
5 197 3 100 52555 2.042401146
8 206 3 100 51259 2.042406408
14 196 3 100 52164 2.042413655
10 200 3 100 28145 2.042446693
11 194 3 100 1724778 2.042477670
0 192 3 100 26906 2.042481341
7 204 3 100 76885 2.042500963
0 200 3 100 27763 2.042510944
4 201 3 100 33878 2.042512635
11 201 3 100 505882 2.042515063
1 200 3 100 65359 2.042519026
12 194 3 100 8157 2.042522780
11 203 3 100 2470497 2.042537132
1 195 3 100 522784 2.042542680
7 196 3 100 62137 2.042544822
8 202 3 100 8786140 2.042552343
3 193 3 100 27478 2.042564992
7 204 3 100 73863 2.042568206
3 201 3 100 26354 2.042572328
6 206 3 100 2528476 2.042583553
0 200 3 100 76685 2.042596058
14 202 3 100 56808 2.042608075
0 202 3 100 26328963 2.042630359
6 194 3 100 3592 2.042637748
11 200 3 100 4113 2.042641834
15 207 3 100 146818 2.042711341
13 201 3 100 16621 2.042715126
6 204 3 100 779560 2.042736810
1 201 3 100 7928373 2.042749550
0 201 3 100 1442053 2.042760823
15 197 3 100 43379 2.042762584
13 200 3 100 22116 2.042773444
13 204 3 100 1530169 2.042780295
5 203 3 100 46220 2.042784828
5 202 3 100 39318 2.042785764
12 200 3 100 5780 2.042787533
5 201 3 100 63028 2.042811101
0 199 3 100 1937611 2.042813110
6 204 3 100 1852791 2.042813444
1 199 3 100 5167 2.042818704
10 207 3 100 185230 2.042823046
11 203 3 100 9280346 2.042823464
12 199 3 100 81730 2.042837099
13 203 3 100 69836 2.042870763
10 196 3 100 327320 2.042875427
1 197 3 100 5210434 2.042896038
3 202 3 100 1172622 2.042937545
15 192 3 100 522032 2.042939844
13 194 3 100 2709 2.042960637
12 207 3 100 203140 2.042966949
1 205 3 100 41363 2.042989572
4 202 3 100 7689113 2.042994041
13 205 3 100 7124 2.043004782
10 198 3 100 9132 2.043005745
1 194 3 100 1741292 2.043036225
14 206 3 100 6941256 2.043041492
1 199 3 100 1422146 2.043041782
3 207 3 100 485473 2.043042754
13 201 3 100 37343 2.043046428
10 193 3 100 10797680 2.043056567
9 195 3 100 31587 2.043060994
15 207 3 100 1837422 2.043062140
12 196 3 100 33156 2.043064291
9 207 3 100 21102 2.043066725
12 202 3 100 1337116 2.043091162
9 193 3 100 1007291 2.043117086
13 194 3 100 47319 2.043123906
4 198 3 100 23853 2.043144178
14 201 3 100 7765 2.043156644
11 193 3 100 2658619 2.043156997
4 206 3 100 68530 2.043160080
1 196 3 100 1499 2.043163114
15 198 3 100 106282 2.043191964
7 195 3 100 5800193 2.043198392
8 203 3 100 36789 2.043218523
4 197 3 100 701316 2.043237955
14 198 3 100 1527217 2.043254690
0 198 3 100 1498545 2.043256815
13 204 3 100 3446348 2.043289954
5 203 3 100 2151540 2.043300061
3 200 3 100 7257140 2.043301641
0 192 3 100 33212 2.043308910
7 206 3 100 3427538 2.043309796
5 199 3 100 2395 2.043310810
11 196 3 100 1683231 2.043319866
1 207 3 100 2678587 2.043331118
8 201 3 100 795019 2.043335981
2 195 3 100 30098 2.043338431
5 199 3 100 46836 2.043346413
6 196 3 100 42959 2.043357561
3 203 3 100 25420 2.043367709
7 199 3 100 552480 2.043368049
6 197 3 100 139235 2.043373518
12 199 3 100 1427865 2.043388065
2 202 3 100 664144 2.043397979
5 203 3 100 9443 2.043401327
5 206 3 100 24507 2.043401658
1 204 3 100 142205 2.043405239
14 200 3 100 1436 2.043421332
12 203 3 100 21793869 2.043453996
12 197 3 100 3130771 2.043458837
14 207 3 100 1523029 2.043475606
2 197 3 100 916416 2.043505829
4 198 3 100 4101732 2.043517776
10 203 3 100 950767 2.043519686
9 195 3 100 15979 2.043527384
1 205 3 100 53634 2.043538687
4 201 3 100 13459 2.043564874
14 194 3 100 4031188 2.043568357
14 199 3 100 21266 2.043577640
1 198 3 100 61020 2.043620511
3 193 3 100 27898 2.043647622
9 202 3 100 36067 2.043648001
8 198 3 100 3478733 2.043652947
6 207 3 100 20070 2.043657750
15 194 3 100 43617 2.043705309
4 207 3 100 6789 2.043724964
1 204 3 100 9019081 2.043775852
8 204 3 100 26936 2.043779273
14 200 3 100 18770 2.043785708
1 197 3 100 7577 2.043786548
3 195 3 100 1913439 2.043801810
2 202 3 100 3276 2.043811195
14 197 3 100 728182 2.043822762
0 205 3 100 23138 2.043842557
3 203 3 100 6131 2.043843106
2 198 3 100 2924477 2.043850491
13 196 3 100 2989041 2.043852361
11 195 3 100 61350 2.043856350
13 199 3 100 14905 2.043858556
12 196 3 100 23869 2.043878194
0 202 3 100 489197 2.043885708
11 196 3 100 60921 2.043919130
6 198 3 100 5460 2.043922895
5 205 3 100 251054 2.043953248
11 194 3 100 15480655 2.043963939
1 204 3 100 7589112 2.043974651
7 192 3 100 29460 2.043983734
12 193 3 100 24109 2.043991560
1 206 3 100 18190994 2.043992893
11 201 3 100 1938929 2.043993674
3 193 3 100 6205045 2.044005017
15 194 3 100 9371 2.044013293
10 192 3 100 75007 2.044014553
14 194 3 100 63873 2.044014939
3 195 3 100 11068 2.044017290
10 201 3 100 183055 2.044017377
10 204 3 100 28335 2.044022645
1 194 3 100 1312 2.044026310
6 194 3 100 42259 2.044027845
12 207 3 100 518181 2.044042953
13 199 3 100 11965 2.044078067
9 192 3 100 5170722 2.044081664
9 203 3 100 6409 2.044110488
7 194 3 100 24362 2.044129666
9 197 3 100 28545 2.044134330
4 207 3 100 9710517 2.044159494
2 195 3 100 27236 2.044161555
10 196 3 100 8404 2.044167042
8 202 3 100 7430160 2.044177347
12 195 3 100 1271379 2.044216768
8 204 3 100 995034 2.044270238
13 194 3 100 6929436 2.044282280
0 206 3 100 9935 2.044291511
5 194 3 100 53601 2.044318876
12 204 3 100 43577 2.044320822
3 202 3 100 351575 2.044322264
14 197 3 100 8541662 2.044336934
8 201 3 100 9041 2.044339215
13 195 3 100 6839 2.044339553
12 195 3 100 39840 2.044342150
14 202 3 100 36043 2.044353999
3 196 3 100 2398515 2.044384502
10 194 3 100 23400405 2.044402753
9 199 3 100 21833515 2.044409108
0 196 3 100 8671180 2.044419865
6 204 3 100 25515753 2.044421285
7 193 3 100 43681 2.044435070
9 201 3 100 2494603 2.044442605
3 201 3 100 56115 2.044450292
0 204 3 100 448722 2.044451102
0 202 3 100 720355 2.044454762
2 205 3 100 379193 2.044462768
14 203 3 100 41508 2.044463127
7 206 3 100 32401 2.044464285
8 203 3 100 884171 2.044464481
6 192 3 100 2835814 2.044473152
15 202 3 100 1148471 2.044510654
13 198 3 100 944743 2.044522613
9 197 3 100 115914 2.044530025
1 205 3 100 1462776 2.044550114
13 197 3 100 20854 2.044553497
9 202 3 100 17738694 2.044569316
2 207 3 100 13133 2.044571252
5 206 3 100 12962 2.044572989
5 197 3 100 4652497 2.044573194
10 206 3 100 288273 2.044579601
12 194 3 100 813350 2.044588466
10 198 3 100 941634 2.044602563
14 203 3 100 856269 2.044612248
11 192 3 100 5809010 2.044616860
5 193 3 100 64237 2.044621016
8 201 3 100 2424301 2.044644883
9 202 3 100 73457 2.044656822
10 206 3 100 14498 2.044664021
15 206 3 100 1315889 2.044664890
13 202 3 100 28194 2.044681061
14 202 3 100 1847342 2.044683726
0 192 3 100 8133 2.044685933
2 201 3 100 239719 2.044693629
14 193 3 100 88095 2.044693826
13 202 3 100 1840077 2.044706670
9 199 3 100 121981 2.044709400
8 199 3 100 62202 2.044717343
12 198 3 100 667991 2.044728050
2 198 3 100 12408 2.044735566
7 196 3 100 5572 2.044745085
4 201 3 100 9289 2.044754675
0 202 3 100 15134509 2.044767407
12 195 3 100 3969964 2.044770440
4 198 3 100 62514 2.044771610
7 198 3 100 71921 2.044774583
0 192 3 100 62388 2.044778920
4 194 3 100 61268 2.044786820
1 194 3 100 32183 2.044795541
6 200 3 100 7079 2.044800757
13 203 3 100 19299575 2.044806845
0 204 3 100 57123 2.044826415
4 207 3 100 9633042 2.044833743
9 203 3 100 27948098 2.044838304
6 194 3 100 20755 2.044840446
6 199 3 100 165059 2.044848173
0 202 3 100 269499 2.044855035
10 196 3 100 76838 2.044856090
2 194 3 100 21355 2.044874700
12 202 3 100 62483 2.044885070
4 193 3 100 4692249 2.044897197
11 192 3 100 1495332 2.044897665
8 201 3 100 2383047 2.044898610
2 207 3 100 12375 2.044899402
5 192 3 100 21203 2.044904220
13 207 3 100 1390983 2.044908166
9 195 3 100 25086 2.044933193
8 198 3 100 10790 2.044934940
12 194 3 100 8544156 2.044942717
9 201 3 100 55189 2.044945213
12 199 3 100 168309 2.044948517
0 201 3 100 57502 2.044957374
11 192 3 100 66720 2.044962857
2 193 3 100 18271 2.044976973
1 204 3 100 28591 2.044979393
0 200 3 100 27870 2.045037220
1 194 3 100 12730 2.045047474
5 195 3 100 36669 2.045056666
12 197 3 100 53548 2.045064922
3 202 3 100 50696 2.045093312
8 206 3 100 13579 2.045096600
14 204 3 100 666018 2.045106453
7 200 3 100 48904 2.045130769
9 205 3 100 7379 2.045132047
0 195 3 100 4949394 2.045148368
13 194 3 100 5592800 2.045148471
14 199 3 100 5111218 2.045181190
2 204 3 100 1959208 2.045185622
10 205 3 100 3662225 2.045210158
10 196 3 100 3672 2.045228870
8 204 3 100 2717250 2.045262166
15 194 3 100 4483653 2.045272417
0 201 3 100 70052 2.045286143
8 205 3 100 1552 2.045292428
1 196 3 100 71945 2.045312146
3 200 3 100 70162 2.045318859
13 193 3 100 10440842 2.045321832
0 198 3 100 167996 2.045337818
11 199 3 100 133825 2.045341142
9 193 3 100 16935 2.045352204
10 200 3 100 11018 2.045373694
13 203 3 100 845549 2.045383259
5 202 3 100 24250 2.045411073
11 200 3 100 66635 2.045416260
6 204 3 100 18770 2.045416925
1 201 3 100 33723 2.045438738
10 198 3 100 28954 2.045438920
8 194 3 100 4367855 2.045459064
11 199 3 100 16999 2.045469093
8 193 3 100 7352 2.045490192
11 202 3 100 22155 2.045490288
1 195 3 100 34829 2.045491873
10 197 3 100 15790827 2.045491924
1 198 3 100 21002712 2.045519168
9 203 3 100 58979 2.045520153
8 202 3 100 22286 2.045567063
12 206 3 100 74653 2.045580986
1 193 3 100 65753 2.045583617
5 204 3 100 58681 2.045595675
13 195 3 100 22675 2.045599249
12 197 3 100 6821 2.045607436
8 198 3 100 78113 2.045618520
15 201 3 100 45689 2.045622485
4 195 3 100 36769 2.045656740
15 199 3 100 150669 2.045660655
11 206 3 100 61472 2.045661598
2 197 3 100 440741 2.045664797
9 206 3 100 2699998 2.045675538
7 197 3 100 40834 2.045698183
10 199 3 100 2420 2.045707341
8 207 3 100 28051 2.045707755
15 203 3 100 29082 2.045716308
6 204 3 100 77542 2.045721301
4 201 3 100 2769502 2.045724452
2 198 3 100 47790 2.045725620
12 194 3 100 1606309 2.045728892
11 197 3 100 4260532 2.045729914
2 196 3 100 26772 2.045732399
14 198 3 100 15341 2.045741609
14 196 3 100 862707 2.045764510
8 201 3 100 30635 2.045780449
15 201 3 100 63059 2.045803936
6 200 3 100 1910032 2.045804914
2 195 3 100 14369 2.045806328
7 193 3 100 19899 2.045814116
0 201 3 100 143420 2.045820947
4 202 3 100 112551 2.045824493
13 195 3 100 14113 2.045837199
5 201 3 100 1745430 2.045844617
0 206 3 100 27465 2.045855695
4 195 3 100 52403 2.045857550
3 194 3 100 311722 2.045863030
1 196 3 100 2617 2.045906377
4 202 3 100 53176 2.045906933
6 200 3 100 1314535 2.045907568
11 199 3 100 18707 2.045945275
4 207 3 100 6018092 2.045991061
3 203 3 100 8011 2.045991527
13 192 3 100 50093 2.045994412
10 201 3 100 3706849 2.046028365
12 193 3 100 7702842 2.046060538
10 199 3 100 72743 2.046061072
9 199 3 100 753707 2.046108772
11 200 3 100 5589 2.046124577
0 205 3 100 2364801 2.046129730
14 203 3 100 43310 2.046130261
7 201 3 100 73209 2.046143482
5 200 3 100 4801149 2.046144063
7 206 3 100 1156607 2.046148987
14 193 3 100 5686083 2.046165322
6 207 3 100 7490 2.046173389
9 206 3 100 158039 2.046184815
2 196 3 100 20856 2.046209921
8 202 3 100 1298655 2.046211838
6 207 3 100 38400 2.046224426
0 207 3 100 44238 2.046246135
1 200 3 100 25537 2.046258803
11 195 3 100 4543 2.046266621
6 198 3 100 16880745 2.046273490
13 204 3 100 60485 2.046282533
15 203 3 100 233055 2.046292967
7 201 3 100 1659150 2.046318833
3 206 3 100 172839 2.046319562
2 203 3 100 664326 2.046354357
10 206 3 100 5404873 2.046364609
12 193 3 100 25072 2.046365583
14 207 3 100 181814 2.046373423
9 192 3 100 152711 2.046382837
3 206 3 100 28797 2.046387232
5 197 3 100 2345 2.046405435
5 198 3 100 52024 2.046432668
11 205 3 100 191040 2.046439203
4 202 3 100 4347222 2.046457120
5 207 3 100 19300 2.046464020
0 196 3 100 61799 2.046476694
5 197 3 100 1257054 2.046478235
6 192 3 100 942590 2.046487978
13 197 3 100 60707 2.046500754
5 204 3 100 2384747 2.046502068
11 201 3 100 28071 2.046509880
12 202 3 100 38889 2.046511596
2 207 3 100 1105537 2.046515998
2 195 3 100 20358 2.046525018
4 192 3 100 1924849 2.046547119
11 205 3 100 354 2.046572514
14 192 3 100 3204 2.046582320
1 206 3 100 3312 2.046598067
1 205 3 100 54118 2.046613990
12 197 3 100 32183 2.046625398
10 204 3 100 9672441 2.046626311
1 200 3 100 309853 2.046628565
1 192 3 100 6362 2.046638773
12 205 3 100 3167 2.046643145
6 195 3 100 1334110 2.046668370
8 197 3 100 1583558 2.046699718
3 205 3 100 6339 2.046705617
8 197 3 100 4693 2.046711047
11 198 3 100 7949 2.046715802
0 206 3 100 1440434 2.046740395
10 194 3 100 554629 2.046742559
11 195 3 100 20977 2.046743667
1 203 3 100 63302 2.046755998
13 197 3 100 666266 2.046768188
8 193 3 100 2000 2.046779796
8 204 3 100 42357 2.046805535
4 200 3 100 143360 2.046808817
8 203 3 100 1203969 2.046852153
0 195 3 100 6100205 2.046853284
4 196 3 100 47593 2.046869164
2 195 3 100 25764 2.046869926
6 192 3 100 39551 2.046891872
10 203 3 100 302127 2.046896538
1 192 3 100 24032 2.046935050
4 202 3 100 20314 2.046963509
12 195 3 100 1074 2.046970190
7 197 3 100 52497 2.046970278
6 199 3 100 8564577 2.046976476
1 196 3 100 6902485 2.046983086
2 200 3 100 1865 2.046989790
3 203 3 100 8951 2.046991182
12 201 3 100 25847288 2.046994136
6 202 3 100 68998 2.047015990
10 200 3 100 885 2.047028759
4 195 3 100 3448880 2.047044423
15 204 3 100 3099764 2.047048716
7 206 3 100 7291 2.047056848
2 206 3 100 66578 2.047062014
11 194 3 100 166344 2.047078954
12 194 3 100 22156837 2.047125478
9 194 3 100 22653 2.047141829
1 195 3 100 2287594 2.047151099
11 199 3 100 44045 2.047161757
10 207 3 100 46691 2.047171768
1 193 3 100 112478 2.047179723
15 202 3 100 3496806 2.047182926
0 200 3 100 135270 2.047190713
10 192 3 100 1418726 2.047216989
8 199 3 100 3309451 2.047230608
8 193 3 100 5135 2.047232394
7 204 3 100 15071 2.047241383
10 207 3 100 756647 2.047258657
6 197 3 100 3998 2.047263374
12 201 3 100 5801 2.047264084
3 193 3 100 77101 2.047291484
10 200 3 100 12928 2.047294880
5 197 3 100 4418 2.047313546
10 199 3 100 2287 2.047320482
0 201 3 100 803772 2.047327407
13 200 3 100 1011428 2.047330660
8 199 3 100 101954 2.047335818
13 199 3 100 8635602 2.047338191
3 199 3 100 42831 2.047342997
7 202 3 100 9976859 2.047353233
11 196 3 100 67268 2.047356248
12 205 3 100 2772789 2.047361496
6 194 3 100 610894 2.047366326
5 202 3 100 557121 2.047375866
10 202 3 100 203272 2.047380363
10 202 3 100 35174 2.047393089
8 200 3 100 451 2.047415837
10 194 3 100 98651 2.047420927
6 206 3 100 629949 2.047431648
5 207 3 100 3596607 2.047450993
2 200 3 100 29408 2.047470891
11 201 3 100 27726 2.047483263
14 194 3 100 781457 2.047492484
15 200 3 100 21510 2.047511510
10 204 3 100 66047 2.047517285
3 206 3 100 2287257 2.047518217
13 201 3 100 27620 2.047534645
1 203 3 100 21839 2.047542396
1 192 3 100 226 2.047560840
11 198 3 100 891470 2.047563440
12 203 3 100 13683718 2.047566882
7 195 3 100 24365 2.047570005
8 200 3 100 12087384 2.047575341
11 201 3 100 50767 2.047590991
7 202 3 100 1521788 2.047594178
1 205 3 100 36212 2.047597440
5 207 3 100 40721 2.047602914
14 204 3 100 2909064 2.047636736
1 206 3 100 82880 2.047637150
0 195 3 100 18829 2.047637153
3 201 3 100 1278 2.047640359
9 200 3 100 2750857 2.047653024
9 192 3 100 63292 2.047657888
10 205 3 100 50533 2.047659734
5 204 3 100 153862 2.047669163
6 204 3 100 1622465 2.047672547
13 207 3 100 45589 2.047698073
12 200 3 100 2711 2.047702041
15 205 3 100 67641 2.047702524
15 196 3 100 160359 2.047710795
9 198 3 100 145838 2.047723631
10 198 3 100 636796 2.047730916
0 205 3 100 174555 2.047740889
12 206 3 100 13728 2.047743833
7 194 3 100 20533 2.047750582
7 203 3 100 77955 2.047753322
15 207 3 100 4674 2.047753571
15 192 3 100 1273118 2.047754480
14 206 3 100 8133 2.047774302
6 207 3 100 437102 2.047794358
13 198 3 100 2639668 2.047808561
8 194 3 100 61129 2.047816219
7 203 3 100 10859 2.047826523
13 194 3 100 2270 2.047861812
15 205 3 100 1455034 2.047882404
9 192 3 100 5752860 2.047887502
10 202 3 100 3877306 2.047907095
13 204 3 100 1963038 2.047907366
4 192 3 100 1407782 2.047916445
3 195 3 100 9538 2.047920367
4 203 3 100 19147 2.047920858
12 197 3 100 177125 2.047920995
14 196 3 100 459 2.047939355
14 207 3 100 259539 2.047956371
3 195 3 100 153721 2.047972735
15 203 3 100 2188 2.047974557
15 192 3 100 42710 2.047976537
11 192 3 100 2541 2.047979864
9 201 3 100 6562 2.047980175
12 197 3 100 8042 2.048014034
7 199 3 100 19832018 2.048014887
8 196 3 100 23475 2.048041507
15 203 3 100 167580 2.048043321
8 196 3 100 4974 2.048069402
9 201 3 100 147958 2.048086563
0 201 3 100 7884 2.048088612
0 193 3 100 40297 2.048093006
1 204 3 100 9588 2.048107800
1 201 3 100 308147 2.048108892
8 201 3 100 121702 2.048208339
15 203 3 100 1316943 2.048212909
8 200 3 100 16869 2.048229462
0 195 3 100 9589 2.048248055
9 197 3 100 17946 2.048254581
9 195 3 100 4506 2.048259677
4 192 3 100 35143 2.048290117
14 203 3 100 4174379 2.048315263
11 192 3 100 272166 2.048315562
15 195 3 100 21889 2.048320557
0 200 3 100 777875 2.048338694
0 198 3 100 2418411 2.048344440
7 196 3 100 13880 2.048348195
10 193 3 100 53605 2.048358084
12 197 3 100 166491 2.048364187
4 192 3 100 7863 2.048373904
15 205 3 100 68036 2.048390591
12 204 3 100 11031 2.048396575
3 199 3 100 8838104 2.048403440
2 205 3 100 2490171 2.048404983
9 192 3 100 74364 2.048419458
12 200 3 100 147131 2.048424167
14 202 3 100 3846158 2.048437473
6 207 3 100 42157 2.048444759
12 197 3 100 927373 2.048448380
2 196 3 100 24718 2.048469489
3 193 3 100 41867 2.048478452
14 197 3 100 9505 2.048482148
11 198 3 100 169111 2.048504718
9 195 3 100 10226 2.048519019
12 196 3 100 507477 2.048519057
1 206 3 100 348228 2.048523954
6 197 3 100 7369 2.048524715
9 198 3 100 30748 2.048531901
3 192 3 100 3262401 2.048545577
15 193 3 100 1865625 2.048561571
2 199 3 100 9309 2.048582523
3 192 3 100 32899 2.048599038
14 194 3 100 82470 2.048601563
3 200 3 100 9212 2.048632200
8 202 3 100 108775 2.048636350
9 203 3 100 14324 2.048637488
5 198 3 100 107821 2.048637963
14 195 3 100 1871810 2.048646411
4 203 3 100 27914 2.048654750
5 196 3 100 4805304 2.048654764
10 198 3 100 1080010 2.048681476
5 205 3 100 414 2.048700359
9 203 3 100 705827 2.048703564
10 197 3 100 25073 2.048705328
12 196 3 100 589003 2.048705418
3 205 3 100 347391 2.048710008
10 197 3 100 5015866 2.048714632
1 194 3 100 4327 2.048731658
5 199 3 100 1094945 2.048735194
2 206 3 100 30481 2.048752746
12 199 3 100 1631831 2.048753775
13 200 3 100 54087 2.048760823
15 206 3 100 7273841 2.048766904
7 198 3 100 76331 2.048803279
15 207 3 100 764073 2.048830191
1 201 3 100 5475924 2.048854876
4 207 3 100 7972 2.048860546
12 206 3 100 32660 2.048873756
12 192 3 100 195358 2.048879213
0 204 3 100 3399083 2.048883600
8 204 3 100 28929 2.048908166
5 202 3 100 1259125 2.048918768
12 200 3 100 19827 2.048922294
4 194 3 100 3316169 2.048928366
2 199 3 100 193839 2.048934248
11 193 3 100 79756 2.048965097
5 195 3 100 63178 2.048965278
13 193 3 100 20454 2.048970949
15 203 3 100 803823 2.048983661
10 207 3 100 141298 2.049000023
2 202 3 100 7653 2.049005831
11 200 3 100 3806131 2.049014646
6 196 3 100 1928253 2.049026965
0 200 3 100 611944 2.049038586
6 193 3 100 10006 2.049045221
15 201 3 100 59986 2.049049677
12 203 3 100 2573 2.049068604
13 205 3 100 42353 2.049070403
7 206 3 100 11044390 2.049072033
5 201 3 100 18091 2.049079076
14 199 3 100 1051596 2.049087077
12 206 3 100 3418 2.049091480
7 194 3 100 63202 2.049102693
15 206 3 100 402880 2.049113399
11 199 3 100 57465 2.049128804
5 207 3 100 46194 2.049154717
3 202 3 100 72422 2.049155132
14 194 3 100 64784 2.049179308
8 205 3 100 5700223 2.049180860
8 205 3 100 31089 2.049181907
14 206 3 100 49892 2.049183882
3 202 3 100 54230 2.049185803
0 197 3 100 3832181 2.049186210
14 200 3 100 3146 2.049206102
15 204 3 100 2517 2.049206662
7 192 3 100 21240 2.049251620
6 198 3 100 1659730 2.049265048
15 200 3 100 65675 2.049274028
2 204 3 100 1611844 2.049274882
8 204 3 100 34233 2.049278728
10 207 3 100 55229 2.049312942
5 198 3 100 3186 2.049323431
2 200 3 100 55124 2.049335449
15 198 3 100 56130 2.049350579
8 196 3 100 8849 2.049350749
11 204 3 100 29381 2.049360138
12 195 3 100 65782 2.049362539
15 199 3 100 682014 2.049386039
7 198 3 100 2415253 2.049386276
7 199 3 100 4076385 2.049388439
12 205 3 100 870546 2.049388487
2 192 3 100 4143 2.049391507
10 206 3 100 91457 2.049405494
9 194 3 100 120837 2.049415503
4 193 3 100 16161283 2.049415740
5 203 3 100 21259 2.049416886
6 196 3 100 18027 2.049418117
6 201 3 100 179731 2.049426007
13 206 3 100 902562 2.049437007
1 194 3 100 4518 2.049449712
15 203 3 100 3744 2.049450099
9 202 3 100 79715 2.049450218
8 206 3 100 18989 2.049462773
12 203 3 100 7599 2.049468715
11 194 3 100 49589 2.049470039
14 205 3 100 4798 2.049486889
2 198 3 100 48903 2.049495825
3 200 3 100 34677 2.049502108
5 206 3 100 6086251 2.049521276
5 206 3 100 34761 2.049529622
12 196 3 100 936862 2.049558762
0 207 3 100 1423560 2.049565733
9 199 3 100 1168124 2.049578789
15 201 3 100 4591 2.049586209
14 196 3 100 2901 2.049597596
4 203 3 100 66388 2.049602756
9 200 3 100 51640 2.049617818
3 204 3 100 4778179 2.049619417
4 193 3 100 3916 2.049650974
8 200 3 100 47069 2.049664205
9 194 3 100 188763 2.049664862
11 199 3 100 5515917 2.049671003
8 202 3 100 916861 2.049674283
2 198 3 100 2645 2.049684040
6 199 3 100 62493 2.049686748
3 194 3 100 9558 2.049696894
5 205 3 100 1600784 2.049700611
5 192 3 100 245337 2.049708204
2 193 3 100 6217 2.049724113
10 199 3 100 854456 2.049724543
7 206 3 100 20018 2.049728436
7 205 3 100 3970 2.049735614
13 202 3 100 58062 2.049772379
6 203 3 100 56201 2.049817089
7 200 3 100 7261 2.049817372
14 197 3 100 5309433 2.049822384
3 194 3 100 59513 2.049860687
7 195 3 100 47898 2.049898037
7 195 3 100 25900811 2.049917616
9 206 3 100 28884 2.049927115
9 201 3 100 3007 2.049927929
14 199 3 100 20018 2.049928342
14 192 3 100 1707988 2.049953981
11 199 3 100 26318 2.049957204
12 200 3 100 1194484 2.049961197
2 207 3 100 1072 2.049971107
3 204 3 100 625227 2.049972078
13 195 3 100 24926 2.049990917
8 203 3 100 29059 2.049997027
7 202 3 100 1376914 2.049999507
6 205 3 100 52601 2.050002046
11 205 3 100 50859 2.050005384
8 206 3 100 37343 2.050018315
14 203 3 100 242576 2.050028999
9 207 3 100 8595789 2.050046726
0 193 3 100 1913927 2.050048504
8 195 3 100 334 2.050054137
15 203 3 100 7624 2.050057015
10 197 3 100 1095063 2.050064064
12 200 3 100 690512 2.050065773
1 194 3 100 2202 2.050069897
8 193 3 100 85821 2.050079380
12 201 3 100 32471 2.050089925
0 192 3 100 27860 2.050100457
10 207 3 100 267713 2.050112785
14 193 3 100 6384 2.050145994
15 195 3 100 699 2.050148663
7 203 3 100 47921 2.050149421
14 193 3 100 1309880 2.050156363
15 194 3 100 750122 2.050174247
5 203 3 100 19649 2.050191011
12 199 3 100 44207 2.050198407
3 194 3 100 347546 2.050235113
5 192 3 100 22450 2.050236808
1 206 3 100 2279402 2.050243284
14 193 3 100 7481 2.050248483
2 193 3 100 1759538 2.050251568
14 206 3 100 72183 2.050265372
15 193 3 100 16141 2.050276660
5 205 3 100 1899156 2.050279492
11 193 3 100 44900 2.050306499
0 206 3 100 1612550 2.050317579
13 199 3 100 589 2.050317590
8 194 3 100 74921 2.050321880
5 195 3 100 27192 2.050326959
13 205 3 100 24721 2.050329650
1 196 3 100 2797 2.050340681
11 201 3 100 69522 2.050341023
0 197 3 100 21422 2.050373501
6 192 3 100 9189 2.050381699
8 195 3 100 8888887 2.050391334
4 203 3 100 137817 2.050393237
8 197 3 100 77944 2.050415801
7 198 3 100 4913497 2.050416840
3 196 3 100 29105 2.050426614
7 207 3 100 36398 2.050427456
10 202 3 100 16376 2.050440252
0 207 3 100 14475 2.050441798
6 196 3 100 21905 2.050480579
9 194 3 100 76533 2.050480884
5 204 3 100 47 2.050483123
2 201 3 100 633 2.050507262
11 203 3 100 229589 2.050515136
9 195 3 100 56582 2.050519272
13 194 3 100 4304158 2.050522146
6 199 3 100 1028331 2.050546434
8 199 3 100 14077633 2.050553390
9 205 3 100 64743 2.050558434
9 203 3 100 29218 2.050571784
3 195 3 100 54109 2.050579449
0 202 3 100 1224980 2.050582989
2 195 3 100 22410 2.050587443
14 201 3 100 51633 2.050605561
6 205 3 100 6268 2.050606218
5 195 3 100 34397 2.050622595
15 198 3 100 4960 2.050625408
15 194 3 100 8849 2.050635820
2 195 3 100 544440 2.050643801
2 196 3 100 15713 2.050648970
14 198 3 100 22590 2.050650605
13 199 3 100 25310 2.050679693
9 193 3 100 25004 2.050680906
12 206 3 100 1436275 2.050703615
6 196 3 100 13346 2.050707387
12 204 3 100 69536 2.050714586
3 197 3 100 1692949 2.050719475
5 197 3 100 21061 2.050734724
3 194 3 100 1464021 2.050742507
4 207 3 100 4147 2.050785092
0 199 3 100 1293989 2.050809398
1 196 3 100 23934 2.050814652
13 196 3 100 45021 2.050853421
7 202 3 100 9253 2.050858092
15 192 3 100 1064602 2.050858259
0 206 3 100 8669047 2.050858650
14 203 3 100 24151 2.050867970
0 197 3 100 15647 2.050871118
6 204 3 100 2407761 2.050887231
11 207 3 100 1056964 2.050913326
2 204 3 100 28982 2.050914158
9 197 3 100 725956 2.050922257
0 206 3 100 56641 2.050924153
9 194 3 100 181540 2.050934670
11 195 3 100 3185996 2.050940848
1 193 3 100 11980 2.050944793
5 206 3 100 69387 2.050946170
5 207 3 100 40429 2.050947486
8 193 3 100 46440 2.050950357
3 200 3 100 16624733 2.050975804
12 201 3 100 47863 2.050998772
6 201 3 100 1558904 2.051001473
8 195 3 100 17858 2.051004497
13 205 3 100 6079 2.051007443
11 196 3 100 10749260 2.051008219
5 207 3 100 12590 2.051011805
5 196 3 100 73430 2.051018239
1 194 3 100 62695 2.051048787
10 194 3 100 78251 2.051055902
12 204 3 100 59345 2.051069382
12 207 3 100 62923 2.051084914
12 195 3 100 4292398 2.051086418
1 200 3 100 98666 2.051107385
5 207 3 100 193783 2.051153215
8 202 3 100 18778 2.051167206
11 201 3 100 171639 2.051180226
5 204 3 100 9781300 2.051189151
2 194 3 100 1793787 2.051209521
13 196 3 100 39106 2.051219807
11 201 3 100 35244 2.051229867
11 199 3 100 856460 2.051267754
1 197 3 100 57 2.051273833
2 204 3 100 3290133 2.051298685
0 201 3 100 22550763 2.051307138
4 199 3 100 1441423 2.051310668
3 195 3 100 19201 2.051329788
15 205 3 100 18829186 2.051331230
3 200 3 100 1724 2.051333440
7 202 3 100 2597984 2.051341369
13 193 3 100 29833 2.051347709
7 192 3 100 16770 2.051368361
14 197 3 100 2109767 2.051371989
4 203 3 100 4630 2.051388003
15 204 3 100 14332 2.051390699
1 205 3 100 42479 2.051393181
12 196 3 100 24948 2.051409241
7 205 3 100 5962842 2.051426913
12 204 3 100 306 2.051436373
13 202 3 100 20350482 2.051440146
13 204 3 100 43466 2.051445449
15 203 3 100 933256 2.051464866
1 197 3 100 159615 2.051475098
6 194 3 100 3816 2.051477385
4 199 3 100 6189 2.051481354
8 207 3 100 48914 2.051482058
10 202 3 100 1074110 2.051482911
4 200 3 100 1660936 2.051483853
2 198 3 100 54821 2.051492003
6 195 3 100 7556624 2.051553034
14 198 3 100 8080716 2.051563231
2 193 3 100 4907 2.051571988
12 204 3 100 3253836 2.051576974
12 197 3 100 69130 2.051586417
5 197 3 100 71875 2.051609169
14 202 3 100 1181195 2.051620066
3 205 3 100 17323671 2.051624782
0 195 3 100 68151 2.051629246
10 207 3 100 28031 2.051672764
10 196 3 100 2677399 2.051677523
5 204 3 100 941196 2.051691797
10 199 3 100 12754 2.051702172
2 195 3 100 1996029 2.051709528
6 201 3 100 1126322 2.051716547
7 204 3 100 384410 2.051736361
11 193 3 100 822695 2.051752130
5 197 3 100 47440 2.051769476
3 201 3 100 1635488 2.051771028
3 201 3 100 38151 2.051793333
11 203 3 100 1109446 2.051798757
12 207 3 100 49179 2.051813775
7 198 3 100 9699 2.051839634
10 203 3 100 63538 2.051850963
15 197 3 100 21559 2.051857652
8 197 3 100 140593 2.051866071
7 204 3 100 7008240 2.051867177
10 200 3 100 782746 2.051876901
9 197 3 100 1917098 2.051896430
7 203 3 100 14606 2.051903035
13 196 3 100 3399 2.051908522
13 194 3 100 28034 2.051939944
12 200 3 100 6102730 2.051948765
3 204 3 100 167678 2.051948823
11 201 3 100 14276 2.051953367
13 195 3 100 23704 2.051955346
3 197 3 100 110420 2.051965755
12 203 3 100 4192327 2.051983133
2 203 3 100 8789 2.051998968
12 204 3 100 3381141 2.052003108
10 192 3 100 2325431 2.052024973
13 207 3 100 384051 2.052049549
9 196 3 100 5619696 2.052067637
14 192 3 100 60318 2.052069430
12 192 3 100 1403149 2.052071686
3 196 3 100 1086362 2.052095829
9 195 3 100 43595 2.052137496
5 202 3 100 70451 2.052139802
8 195 3 100 508718 2.052156351
12 207 3 100 36308 2.052179960
4 194 3 100 1493768 2.052185700
7 193 3 100 57525 2.052190279
7 207 3 100 239 2.052206596
0 200 3 100 887955 2.052210016
10 199 3 100 30556 2.052210716
12 195 3 100 78837 2.052228238
2 204 3 100 28289 2.052231076
9 192 3 100 1072 2.052234265
4 194 3 100 240 2.052239732
8 193 3 100 11879 2.052251947
8 198 3 100 47708 2.052263688
13 198 3 100 48339 2.052268100
3 207 3 100 16312 2.052270813
9 207 3 100 155897 2.052280181
4 199 3 100 25742391 2.052284556
0 194 3 100 23762 2.052297259
4 206 3 100 2743 2.052309187
4 206 3 100 72857 2.052311206
0 193 3 100 71538 2.052317254
8 193 3 100 2598764 2.052319543
10 199 3 100 2929753 2.052321037
9 198 3 100 2545 2.052327584
2 199 3 100 1669754 2.052335630
10 199 3 100 9077852 2.052350099
13 196 3 100 40325 2.052356220
9 199 3 100 1866734 2.052360710
7 196 3 100 20061474 2.052360732
10 205 3 100 1614157 2.052369568
5 198 3 100 98838 2.052391110
11 194 3 100 67029 2.052415112
8 197 3 100 3184 2.052423402
2 200 3 100 1339625 2.052432883
2 201 3 100 39897 2.052436990
8 206 3 100 5479631 2.052455415
6 195 3 100 403858 2.052456394
4 193 3 100 535392 2.052473477
3 197 3 100 46706 2.052478011
10 193 3 100 62815 2.052492617
6 203 3 100 82329 2.052534346
13 203 3 100 23708 2.052545578
15 193 3 100 374702 2.052550907
6 193 3 100 40122 2.052573634
13 201 3 100 4190267 2.052587295
3 198 3 100 65595 2.052602355
15 194 3 100 1095415 2.052616022
6 205 3 100 55368 2.052632806
11 193 3 100 922021 2.052649874
5 202 3 100 66967 2.052669643
10 200 3 100 2021231 2.052670909
11 207 3 100 59167 2.052691874
1 200 3 100 868377 2.052707411
11 194 3 100 9492 2.052714842
15 205 3 100 4386803 2.052736433
3 192 3 100 72581 2.052740578
4 205 3 100 3591567 2.052741230
14 201 3 100 2970391 2.052765417
11 197 3 100 23566 2.052768018
1 207 3 100 2122032 2.052777069
3 202 3 100 47424 2.052779934
2 206 3 100 46263 2.052794373
2 199 3 100 42996 2.052810935
1 198 3 100 148134 2.052816002
2 199 3 100 9429222 2.052853177
15 200 3 100 1828483 2.052860556
15 197 3 100 4945 2.052866408
6 203 3 100 3878 2.052866449
4 196 3 100 1282712 2.052900416
3 201 3 100 8271803 2.052903671
7 197 3 100 76353 2.052929804
11 198 3 100 44737 2.052936986
0 192 3 100 1277649 2.052943040
15 192 3 100 49683 2.052970489
3 198 3 100 4860 2.052979973
0 192 3 100 4656 2.052982500
11 207 3 100 1915806 2.052987420
2 203 3 100 7874020 2.053003172
15 199 3 100 2425134 2.053010629
8 203 3 100 45516 2.053031791
10 199 3 100 1846638 2.053042697
9 207 3 100 1004147 2.053057596
13 206 3 100 1370974 2.053074964
8 196 3 100 9878 2.053095367
9 195 3 100 8776331 2.053113575
0 201 3 100 8752964 2.053121608
1 199 3 100 67878 2.053124124
11 202 3 100 64530 2.053130953
4 207 3 100 6335726 2.053139058
15 206 3 100 69347 2.053142419
11 202 3 100 6732453 2.053142758
1 205 3 100 23503587 2.053143212
1 197 3 100 430467 2.053162911
1 196 3 100 66871 2.053174599
1 204 3 100 333936 2.053189266
15 196 3 100 69320 2.053203062
14 202 3 100 413975 2.053238058
6 203 3 100 346769 2.053249462
11 200 3 100 1090784 2.053260278
9 204 3 100 492 2.053263313
1 197 3 100 78489 2.053264753
6 195 3 100 1678500 2.053265798
13 203 3 100 5554797 2.053270982
11 195 3 100 34897 2.053276783
7 200 3 100 9140 2.053331478
13 201 3 100 29570 2.053331843
4 197 3 100 993544 2.053333848
15 207 3 100 1938496 2.053337349
2 198 3 100 1246295 2.053349430
8 202 3 100 27461196 2.053354732
15 194 3 100 28660 2.053359825
4 195 3 100 15845 2.053400517
10 204 3 100 815588 2.053411425
12 192 3 100 44712 2.053412812
2 193 3 100 9864 2.053446979
0 205 3 100 4657302 2.053453749
10 197 3 100 12973 2.053486350
9 199 3 100 23298 2.053516586
15 194 3 100 82372 2.053581059
4 201 3 100 16215681 2.053586273
11 196 3 100 94504 2.053602310
9 202 3 100 2671 2.053602894
10 200 3 100 8164 2.053606005
5 198 3 100 480794 2.053607262
13 207 3 100 904484 2.053616050
5 205 3 100 79504 2.053619611
15 198 3 100 1548560 2.053621775
8 193 3 100 4049928 2.053647182
9 193 3 100 3279876 2.053653712
2 192 3 100 48022 2.053657801
1 196 3 100 57100 2.053659744
8 203 3 100 4196544 2.053670404
1 199 3 100 3901 2.053671546
12 194 3 100 137761 2.053682666
11 197 3 100 15900582 2.053685571
4 199 3 100 12957 2.053687871
0 195 3 100 15058 2.053698566
12 198 3 100 5202 2.053740117
11 194 3 100 77348 2.053771925
12 200 3 100 429061 2.053777243
4 193 3 100 27954 2.053781651
9 201 3 100 28213 2.053785854
13 202 3 100 3131349 2.053789417
8 204 3 100 1899636 2.053794167
8 205 3 100 1278405 2.053802501
11 198 3 100 4277468 2.053803700
1 192 3 100 17110 2.053812698
1 200 3 100 1013656 2.053824593
3 203 3 100 57411 2.053843145
13 194 3 100 157404 2.053852606
11 198 3 100 2922859 2.053856917
5 201 3 100 30756 2.053860600
14 207 3 100 1797105 2.053872852
8 200 3 100 4397373 2.053876090
15 194 3 100 1621948 2.053889363
8 200 3 100 50083 2.053896845
3 203 3 100 16990 2.053899484
3 200 3 100 3838871 2.053904354
2 198 3 100 8290790 2.053913819
6 205 3 100 15717 2.053922291
4 193 3 100 17190 2.053925899
12 192 3 100 9622 2.053948911
15 192 3 100 40314 2.053949991
12 197 3 100 64627 2.053952065
7 206 3 100 858226 2.053965492
5 205 3 100 130062 2.053988231
10 192 3 100 654115 2.054004011
3 205 3 100 1802663 2.054007167
3 206 3 100 22940 2.054016116
6 203 3 100 111234 2.054023862
0 200 3 100 6433609 2.054026180
15 193 3 100 195629 2.054028731
13 194 3 100 20561 2.054042941
12 206 3 100 28220752 2.054048874
0 192 3 100 70912 2.054052816
4 207 3 100 43949 2.054059949
14 193 3 100 183 2.054062924
5 200 3 100 3007600 2.054071379
15 197 3 100 25809 2.054071540
9 203 3 100 2765674 2.054086333
11 198 3 100 71421 2.054094148
0 192 3 100 396636 2.054102796
1 204 3 100 30669 2.054108616
13 205 3 100 566899 2.054109063
15 193 3 100 1754380 2.054115060
14 203 3 100 5534085 2.054128987
12 201 3 100 15892 2.054134857
5 201 3 100 14716 2.054151264
13 197 3 100 644716 2.054153816
6 200 3 100 2303 2.054158423
12 204 3 100 5756468 2.054159845
14 195 3 100 57971 2.054171671
7 206 3 100 4951 2.054178429
3 203 3 100 346985 2.054203654
15 199 3 100 41262 2.054229182
10 199 3 100 8437 2.054260946
8 201 3 100 60437 2.054281585
4 196 3 100 658313 2.054284274
7 196 3 100 9216 2.054285366
0 203 3 100 65809 2.054291825
14 193 3 100 126782 2.054301655
2 199 3 100 1078755 2.054313201
7 206 3 100 828758 2.054342249
11 195 3 100 2725541 2.054348543
10 195 3 100 2941621 2.054375698
13 202 3 100 966871 2.054382270
6 206 3 100 42271 2.054405630
5 195 3 100 779295 2.054409575
13 198 3 100 26485 2.054417885
2 200 3 100 788811 2.054424623
5 194 3 100 1356305 2.054462840
8 193 3 100 11120056 2.054475952
12 194 3 100 29149 2.054482101
9 192 3 100 89125 2.054506916
2 193 3 100 20498679 2.054507071
13 198 3 100 48547 2.054508821
15 206 3 100 7181 2.054526242
9 204 3 100 9028 2.054526738
13 201 3 100 6105 2.054528912
3 192 3 100 35367 2.054529442
1 202 3 100 225462 2.054540988
3 200 3 100 8180 2.054565383
3 196 3 100 11682 2.054570970
4 197 3 100 74499 2.054578427
5 206 3 100 21313 2.054583830
4 200 3 100 852007 2.054619330
3 196 3 100 873699 2.054620726
1 203 3 100 3252989 2.054621202
4 202 3 100 3851 2.054625756
7 192 3 100 3398200 2.054652466
7 206 3 100 29302 2.054663068
12 206 3 100 7874 2.054701282
9 198 3 100 3913 2.054718070
2 192 3 100 26244 2.054720879
13 205 3 100 8888 2.054725727
14 193 3 100 6950 2.054731603
9 204 3 100 101728 2.054736567
7 194 3 100 7765 2.054737538
7 203 3 100 7657 2.054744783
3 204 3 100 485655 2.054746956
3 201 3 100 6824393 2.054749321
6 193 3 100 24877358 2.054749682
0 200 3 100 21978 2.054757976
7 193 3 100 1663297 2.054764097
14 204 3 100 14231 2.054796259
5 199 3 100 2586267 2.054803364
2 204 3 100 2290 2.054823308
8 199 3 100 190738 2.054836096
12 205 3 100 3327025 2.054866755
10 199 3 100 65987 2.054870634
0 198 3 100 801 2.054881837
10 199 3 100 2890951 2.054902643
6 201 3 100 95409 2.054926837
0 196 3 100 2145 2.054955139
13 203 3 100 26186 2.054957920
9 204 3 100 24778 2.054963889
8 194 3 100 22991 2.054968536
2 198 3 100 1969626 2.054974604
6 192 3 100 114147 2.055012509
0 198 3 100 8928761 2.055015424
10 196 3 100 5672 2.055015652
8 195 3 100 35786 2.055024553
4 203 3 100 79160 2.055043129
12 193 3 100 25152 2.055064928
4 194 3 100 129611 2.055066291
10 197 3 100 388492 2.055067766
12 204 3 100 157974 2.055070029
5 198 3 100 4290808 2.055071953
1 192 3 100 7513 2.055074550
4 199 3 100 73689 2.055082795
9 205 3 100 154619 2.055085115
15 204 3 100 69431 2.055095892
1 201 3 100 5636 2.055113486
8 193 3 100 781196 2.055117220
12 195 3 100 1999019 2.055129766
4 207 3 100 27866 2.055138916
3 206 3 100 5214 2.055163560
1 201 3 100 22695 2.055194465
4 196 3 100 1926823 2.055238243
12 202 3 100 2023 2.055242074
1 195 3 100 27114 2.055255891
12 204 3 100 4264800 2.055267789
7 207 3 100 9031 2.055285252
1 193 3 100 1707937 2.055286320
8 196 3 100 9989372 2.055307549
1 192 3 100 1534095 2.055308909
1 202 3 100 162318 2.055310644
3 197 3 100 62758 2.055338438
10 203 3 100 29003 2.055356317
5 192 3 100 14579 2.055357157
8 197 3 100 8829 2.055365633
5 198 3 100 5756706 2.055370140
15 195 3 100 3864344 2.055372843
6 196 3 100 4163 2.055416998
13 192 3 100 23486 2.055442479
11 201 3 100 1267083 2.055448086
10 193 3 100 15862 2.055459283
8 194 3 100 2876446 2.055465956
8 198 3 100 3416599 2.055468099
14 198 3 100 797552 2.055470090
10 202 3 100 757 2.055471025
11 199 3 100 42047 2.055477870
9 194 3 100 4785035 2.055486909
10 192 3 100 46199 2.055510581
4 198 3 100 190887 2.055543167
3 201 3 100 513060 2.055589608
2 196 3 100 5103074 2.055596097
6 206 3 100 49799 2.055605165
15 196 3 100 9828 2.055609669
1 195 3 100 33151 2.055636528
1 195 3 100 5382131 2.055645955
8 201 3 100 6120223 2.055660244
4 197 3 100 946359 2.055660548
14 203 3 100 66551 2.055683774
2 194 3 100 129083 2.055684868
10 207 3 100 4212114 2.055694122
6 206 3 100 1217986 2.055697617
4 195 3 100 73484 2.055712807
6 196 3 100 27432 2.055727073
13 197 3 100 24891 2.055727923
9 199 3 100 46360 2.055734783
1 197 3 100 33173 2.055755074
3 199 3 100 26943 2.055755234
1 199 3 100 862156 2.055766663
3 199 3 100 3075954 2.055767789
4 198 3 100 2255 2.055771520
12 203 3 100 29162 2.055773239
5 192 3 100 1010681 2.055786344
8 197 3 100 5893 2.055808627
1 196 3 100 9362 2.055814128
13 193 3 100 78769 2.055821081
3 206 3 100 61636 2.055853067
9 198 3 100 9959478 2.055856050
13 205 3 100 3737241 2.055862977
0 207 3 100 35237 2.055870139
12 198 3 100 33983 2.055875798
3 204 3 100 62878 2.055879602
0 201 3 100 10125966 2.055886285
6 202 3 100 75169 2.055892393
11 197 3 100 1835133 2.055893699
11 198 3 100 4411 2.055894327
1 199 3 100 28924401 2.055915980
15 207 3 100 15238 2.055920403
4 198 3 100 154392 2.055928917
4 206 3 100 43288 2.055955762
0 197 3 100 145676 2.055961864
0 196 3 100 1076499 2.055967718
0 201 3 100 23738 2.055972115
10 192 3 100 1818030 2.055977068
0 197 3 100 7530808 2.055977409
11 204 3 100 8995048 2.055977746
3 205 3 100 1837055 2.055992279
2 201 3 100 8586 2.056000321
12 201 3 100 368362 2.056009387
1 192 3 100 38275 2.056014571
6 200 3 100 14308 2.056054621
15 198 3 100 2741500 2.056059979
8 199 3 100 3216251 2.056060584
11 193 3 100 589745 2.056068212
11 202 3 100 77517 2.056075259
15 205 3 100 20475 2.056076073
7 193 3 100 55921 2.056076150
7 195 3 100 7886221 2.056082396
4 198 3 100 75634 2.056083375
3 205 3 100 14955 2.056084825
13 199 3 100 39086 2.056097373
15 204 3 100 9329962 2.056107114
8 204 3 100 6502 2.056108815
9 207 3 100 40245 2.056120183
9 198 3 100 24666 2.056128185
11 201 3 100 15424033 2.056130245
3 206 3 100 24714464 2.056137852
9 196 3 100 7892 2.056139665
6 197 3 100 3676 2.056162110
7 206 3 100 1862066 2.056166179
11 199 3 100 1951425 2.056173406
7 201 3 100 7605538 2.056173627
6 205 3 100 68545 2.056197584
13 193 3 100 9203 2.056200893
14 193 3 100 141230 2.056215558
14 200 3 100 8346 2.056225849
14 202 3 100 7920 2.056245492
11 204 3 100 1138915 2.056251473
5 199 3 100 22226 2.056254185
1 194 3 100 138401 2.056255942
10 199 3 100 34153 2.056270441
15 195 3 100 1315790 2.056282846
3 204 3 100 82692 2.056293798
10 202 3 100 15033 2.056309812
10 207 3 100 22495 2.056336119
14 198 3 100 3978 2.056341718
12 194 3 100 71796 2.056348900
2 194 3 100 1943537 2.056356480
12 204 3 100 68783 2.056371816
0 202 3 100 27847 2.056373960
8 199 3 100 1537492 2.056382577
9 192 3 100 27512 2.056389406
13 207 3 100 748747 2.056407934
5 207 3 100 4818528 2.056424527
0 200 3 100 13960 2.056433638
8 202 3 100 1075 2.056437079
7 201 3 100 21269 2.056441583
13 199 3 100 40495 2.056442100
10 198 3 100 42863 2.056456128
4 194 3 100 48087 2.056459486
13 202 3 100 31944 2.056463444
11 201 3 100 51294 2.056510237
4 207 3 100 49868 2.056514068
7 203 3 100 374118 2.056514899
7 202 3 100 2582 2.056527562
10 198 3 100 2745099 2.056532438
7 202 3 100 38686 2.056540281
11 196 3 100 20830 2.056552807
6 199 3 100 96839 2.056553406
3 205 3 100 145338 2.056562681
5 193 3 100 190566 2.056578112
6 206 3 100 23202 2.056582747
13 203 3 100 141429 2.056591885
13 193 3 100 2637 2.056594100
6 194 3 100 200248 2.056602934
3 204 3 100 125282 2.056604902
4 199 3 100 7887211 2.056629528
5 194 3 100 1381090 2.056653730
4 201 3 100 7570 2.056699833
12 205 3 100 112475 2.056705253
5 197 3 100 127595 2.056724466
10 204 3 100 27057 2.056729302
5 202 3 100 170935 2.056735234
12 194 3 100 63113 2.056740808
13 201 3 100 1769305 2.056742973
15 195 3 100 2802547 2.056751530
13 193 3 100 4044432 2.056754232
3 205 3 100 53180 2.056764970
7 207 3 100 10282 2.056766317
7 199 3 100 622202 2.056775241
9 206 3 100 185828 2.056778745
8 193 3 100 294198 2.056782873
10 193 3 100 35437 2.056785450
10 200 3 100 58279 2.056790868
7 202 3 100 37396 2.056804835
14 204 3 100 812 2.056812990
4 201 3 100 4626 2.056819745
13 206 3 100 72243 2.056835581
0 195 3 100 69328 2.056840872
5 197 3 100 1792 2.056853433
7 203 3 100 12777 2.056865062
5 206 3 100 3542 2.056881710
6 197 3 100 7988574 2.056889545
3 207 3 100 40808 2.056904902
3 205 3 100 2253957 2.056905736
14 194 3 100 9879567 2.056922487
8 194 3 100 35758 2.056930142
0 204 3 100 3375035 2.056946767
2 195 3 100 93373 2.056973232
2 196 3 100 63261 2.056977755
14 193 3 100 27285391 2.056978915
3 199 3 100 12438 2.056979620
6 202 3 100 3967850 2.056996285
11 198 3 100 84519 2.057009156
13 194 3 100 1359 2.057016167
6 205 3 100 754199 2.057042781
11 194 3 100 2666 2.057047255
4 205 3 100 875733 2.057079919
15 201 3 100 3644 2.057087217
9 196 3 100 977338 2.057092841
13 195 3 100 14883772 2.057130875
3 202 3 100 103472 2.057131460
0 205 3 100 20493 2.057132927
6 205 3 100 9390281 2.057149230
15 192 3 100 1345567 2.057161155
8 203 3 100 6366799 2.057172449
14 201 3 100 80301 2.057175126
6 206 3 100 7616963 2.057182771
11 203 3 100 50779 2.057183436
6 207 3 100 166135 2.057200965
12 197 3 100 37480 2.057235210
5 207 3 100 501051 2.057258026
15 194 3 100 68523 2.057276295
7 198 3 100 4973959 2.057279928
3 196 3 100 121616 2.057282960
2 196 3 100 40357 2.057298932
9 200 3 100 18580140 2.057346967
4 205 3 100 1523 2.057351317
1 200 3 100 49261 2.057362977
5 206 3 100 3699848 2.057379790
6 193 3 100 4672018 2.057381763
9 199 3 100 14790 2.057386869
15 193 3 100 2514 2.057396807
1 207 3 100 38480 2.057410650
3 206 3 100 3580 2.057433791
2 198 3 100 2823462 2.057440404
6 204 3 100 28047 2.057446270
14 192 3 100 5576 2.057511179
0 204 3 100 259962 2.057522343
4 200 3 100 161461 2.057530930
8 199 3 100 29874 2.057536592
2 194 3 100 1379526 2.057541760
11 199 3 100 28390903 2.057547115
6 194 3 100 160458 2.057551414
2 201 3 100 944934 2.057552366
6 192 3 100 7847832 2.057553714
15 198 3 100 10458 2.057559141
13 201 3 100 32213 2.057565203
13 201 3 100 6805826 2.057575600
5 206 3 100 527205 2.057579215
6 206 3 100 24679 2.057584262
13 195 3 100 62982 2.057588905
1 199 3 100 1297611 2.057595327
10 203 3 100 4712 2.057602163
4 201 3 100 7515 2.057617556
3 192 3 100 5110 2.057641131
12 197 3 100 1854856 2.057641850
4 198 3 100 8062418 2.057646892
0 198 3 100 62961 2.057659608
3 195 3 100 1775623 2.057668006
14 200 3 100 75386 2.057678283
8 196 3 100 368815 2.057685323
7 201 3 100 4049805 2.057688282
11 198 3 100 20773 2.057697412
7 194 3 100 1933463 2.057711530
1 207 3 100 2246 2.057727831
8 207 3 100 281608 2.057748824
15 207 3 100 68812 2.057761346
15 203 3 100 13303 2.057762022
0 202 3 100 8769770 2.057765438
14 194 3 100 1971741 2.057769656
0 196 3 100 4252505 2.057789995
8 203 3 100 18832 2.057799189
2 203 3 100 89475 2.057806979
15 196 3 100 29258 2.057818976
5 199 3 100 28321 2.057819894
10 197 3 100 16676 2.057833177
1 194 3 100 34326 2.057863188
7 197 3 100 3135166 2.057887309
8 206 3 100 150536 2.057894549
11 196 3 100 8202376 2.057894609
3 192 3 100 7143474 2.057915671
3 199 3 100 3624275 2.057925609
0 195 3 100 5901 2.057955202
3 198 3 100 1112136 2.057970903
15 200 3 100 1204461 2.058005856
8 206 3 100 58977 2.058009057
12 199 3 100 4636 2.058021967
9 201 3 100 45654 2.058034969
13 197 3 100 2948570 2.058044907
0 196 3 100 1281 2.058063223
7 197 3 100 815257 2.058087741
14 192 3 100 721095 2.058093340
1 201 3 100 2134977 2.058137145
15 202 3 100 59700 2.058154911
9 205 3 100 59420 2.058158761
5 205 3 100 39366 2.058161032
1 194 3 100 492641 2.058167689
0 201 3 100 1615336 2.058170181
14 194 3 100 1395545 2.058176580
5 197 3 100 5445519 2.058187446
1 200 3 100 1246741 2.058192607
11 205 3 100 30562 2.058197359
0 197 3 100 748331 2.058197860
13 199 3 100 51193 2.058205643
14 199 3 100 1434128 2.058243118
2 195 3 100 4924 2.058250364
13 198 3 100 5815 2.058252793
7 204 3 100 29138 2.058290019
11 200 3 100 17980 2.058302088
4 196 3 100 2083905 2.058308127
1 197 3 100 7828883 2.058310006
0 201 3 100 27337 2.058313890
6 206 3 100 3548 2.058380894
3 194 3 100 3515 2.058402384
4 205 3 100 16242 2.058425404
2 206 3 100 49024 2.058440039
4 204 3 100 1591197 2.058441304
9 193 3 100 3505427 2.058451939
0 202 3 100 707684 2.058467770
13 202 3 100 16994 2.058473328
9 203 3 100 73887 2.058479203
9 203 3 100 21018 2.058487034
1 203 3 100 1310 2.058492752
12 193 3 100 9800 2.058514091
9 199 3 100 47315 2.058523603
7 205 3 100 1213190 2.058542673
8 203 3 100 126732 2.058545879
6 204 3 100 4871393 2.058583479
12 196 3 100 3223393 2.058599750
5 193 3 100 1406 2.058612260
4 206 3 100 62018 2.058612854
8 205 3 100 8311006 2.058614239
8 201 3 100 71865 2.058615978
1 193 3 100 12333 2.058623508
14 205 3 100 36771 2.058658320
5 196 3 100 13281 2.058674504
14 206 3 100 68629 2.058683272
10 202 3 100 24975 2.058702680
10 198 3 100 15535 2.058703829
0 205 3 100 158074 2.058716120
15 197 3 100 23789 2.058717941
12 201 3 100 719275 2.058734071
4 206 3 100 54625 2.058740934
9 202 3 100 39937 2.058756119
1 196 3 100 24084 2.058774248
3 203 3 100 29932 2.058814676
4 196 3 100 17591 2.058818030
2 201 3 100 1156 2.058825582
7 205 3 100 3956958 2.058828559
14 201 3 100 54430 2.058834335
12 197 3 100 21620 2.058837041
5 204 3 100 518 2.058842165
6 196 3 100 28190729 2.058855767
7 200 3 100 10889 2.058858205
2 196 3 100 54844 2.058862714
1 204 3 100 9223 2.058879721
7 197 3 100 634056 2.058894525
4 194 3 100 77294 2.058922599
8 200 3 100 9316 2.058922803
7 195 3 100 71052 2.058946120
8 196 3 100 668618 2.058963101
15 200 3 100 27745 2.058980676
4 199 3 100 44340 2.058980818
0 194 3 100 164001 2.058995677
3 203 3 100 1897799 2.059010206
4 203 3 100 416156 2.059029786
10 196 3 100 686992 2.059061065
5 195 3 100 168643 2.059062279
10 203 3 100 101874 2.059064042
8 205 3 100 26737 2.059068159
2 192 3 100 28306 2.059075623
5 197 3 100 79287 2.059093931
11 207 3 100 9236 2.059118557
8 199 3 100 649697 2.059143752
4 206 3 100 56893 2.059146973
1 193 3 100 138654 2.059178338
7 205 3 100 70026 2.059179874
3 193 3 100 5360233 2.059184399
4 207 3 100 79590 2.059184714
9 203 3 100 74413 2.059191850
11 199 3 100 42572 2.059192377
7 195 3 100 1185229 2.059200696
14 198 3 100 185928 2.059204462
7 203 3 100 23839 2.059204488
15 196 3 100 1964922 2.059231524
14 204 3 100 4862683 2.059232328
15 194 3 100 49090 2.059245513
12 195 3 100 18481 2.059261435
0 197 3 100 68946 2.059269029
5 196 3 100 3462387 2.059273332
7 206 3 100 10982 2.059323846
3 197 3 100 24145 2.059329043
9 204 3 100 4612 2.059359475
13 205 3 100 36846 2.059359730
9 205 3 100 3185214 2.059384029
0 207 3 100 57527 2.059384930
11 206 3 100 1049 2.059401269
8 199 3 100 71448 2.059411738
5 204 3 100 68424 2.059413083
10 198 3 100 66553 2.059432601
12 204 3 100 21741 2.059467746
9 205 3 100 688821 2.059473354
5 197 3 100 19735 2.059478263
13 202 3 100 13813 2.059486221
15 206 3 100 1453790 2.059509333
14 197 3 100 1665580 2.059519077
9 203 3 100 9651 2.059539105
0 199 3 100 25615 2.059548029
8 204 3 100 7011 2.059562147
13 195 3 100 49758 2.059590103
14 204 3 100 1790379 2.059609764
7 199 3 100 27713 2.059612384
15 207 3 100 183634 2.059613367
9 205 3 100 38560 2.059621304
10 197 3 100 1086 2.059624712
3 204 3 100 471646 2.059625438
0 204 3 100 36337 2.059629397
8 197 3 100 3883882 2.059635851
10 194 3 100 16321 2.059647695
4 194 3 100 27696 2.059658317
12 194 3 100 651807 2.059660947
11 192 3 100 3319673 2.059676577
7 202 3 100 1368576 2.059686888
1 192 3 100 709 2.059695168
1 206 3 100 2693936 2.059700002
2 192 3 100 20764 2.059701181
8 207 3 100 26122 2.059706871
6 204 3 100 18987 2.059710335
8 197 3 100 160 2.059712829
15 197 3 100 97623 2.059735427
10 198 3 100 75419 2.059739329
14 193 3 100 29030 2.059746644
3 200 3 100 149065 2.059747591
9 204 3 100 19979283 2.059765022
15 195 3 100 53905 2.059786368
1 205 3 100 17810 2.059790863
15 201 3 100 7037 2.059827490
9 199 3 100 986550 2.059832371
4 196 3 100 4678992 2.059853112
3 200 3 100 24185 2.059858896
4 197 3 100 156956 2.059870433
12 204 3 100 799182 2.059874427
6 200 3 100 22860 2.059879659
13 195 3 100 69772 2.059883434
1 198 3 100 5699306 2.059888965
6 197 3 100 86467 2.059893149
4 193 3 100 30668 2.059893872
2 198 3 100 39883 2.059898857
7 196 3 100 2233 2.059904255
5 199 3 100 9253 2.059908201
12 199 3 100 75858 2.059913146
12 194 3 100 18703457 2.059915213
4 198 3 100 3005376 2.059939569
6 204 3 100 6656 2.059945898
2 200 3 100 29123 2.059961750
3 205 3 100 52657 2.059967812
11 196 3 100 389052 2.059975793
6 203 3 100 2223574 2.059992828
9 205 3 100 1657886 2.059999525
3 202 3 100 638605 2.060012692
0 198 3 100 35217 2.060021694
0 199 3 100 22895 2.060023047
11 196 3 100 21710 2.060031340
4 196 3 100 14153300 2.060040415
15 206 3 100 4789 2.060045292
3 197 3 100 606157 2.060051139
11 195 3 100 28834 2.060057792
8 195 3 100 18774 2.060071875
14 205 3 100 1406061 2.060072694
3 204 3 100 185771 2.060075988
14 199 3 100 6611 2.060093688
7 193 3 100 1436965 2.060101581
9 197 3 100 71030 2.060113152
3 195 3 100 6908 2.060115988
3 192 3 100 35058 2.060132716
8 200 3 100 4349242 2.060133001
1 200 3 100 5566 2.060154316
15 205 3 100 7687 2.060168319
2 200 3 100 1269928 2.060169893
15 207 3 100 1097170 2.060204141
1 206 3 100 21842461 2.060206724
8 204 3 100 63009 2.060209399
10 204 3 100 4240411 2.060212602
13 204 3 100 1151095 2.060235046
12 206 3 100 3772864 2.060244417
8 205 3 100 111559 2.060246842
6 192 3 100 69647 2.060249101
4 199 3 100 1213414 2.060253872
4 194 3 100 44589 2.060260440
8 202 3 100 13113 2.060268146
14 199 3 100 50211 2.060284851
8 203 3 100 6122192 2.060294926
10 194 3 100 59167 2.060299191
11 203 3 100 19626 2.060318688
13 193 3 100 24448229 2.060319420
10 200 3 100 62246 2.060323386
7 207 3 100 27295 2.060331759
8 192 3 100 14916 2.060349112
15 193 3 100 273166 2.060351924
11 200 3 100 3532574 2.060353580
2 192 3 100 1612547 2.060357156
15 202 3 100 1279442 2.060388031
6 196 3 100 185932 2.060415110
14 201 3 100 136 2.060416150
9 201 3 100 735779 2.060417948
1 200 3 100 43953 2.060429400
11 197 3 100 39575 2.060430699
0 200 3 100 112185 2.060440735
13 206 3 100 60137 2.060475519
14 205 3 100 1226854 2.060475862
2 192 3 100 2112791 2.060478225
7 193 3 100 34519 2.060479499
3 196 3 100 525 2.060492950
3 194 3 100 71545 2.060529869
8 194 3 100 97622 2.060551965
5 199 3 100 2887 2.060553843
9 200 3 100 57284 2.060557148
9 205 3 100 39230 2.060558019
10 201 3 100 6171 2.060563010
12 195 3 100 64967 2.060588323
13 196 3 100 78578 2.060593308
11 207 3 100 4607970 2.060597938
2 201 3 100 469479 2.060600656
12 194 3 100 1481 2.060603641
0 201 3 100 2499891 2.060605068
15 205 3 100 701646 2.060607272
2 202 3 100 56444 2.060609257
5 204 3 100 16264 2.060612940
7 204 3 100 704245 2.060649864
7 196 3 100 2496156 2.060652029
5 198 3 100 7382 2.060652305
15 194 3 100 9534 2.060655214
10 200 3 100 578215 2.060656016
13 206 3 100 531311 2.060659784
7 196 3 100 1866543 2.060665231
0 195 3 100 20172 2.060674815
6 202 3 100 66947 2.060678025
12 198 3 100 72938 2.060694690
7 196 3 100 8256 2.060697217
13 207 3 100 4353330 2.060711880
6 200 3 100 446369 2.060717668
7 199 3 100 5991 2.060739192
3 195 3 100 32085 2.060745893
14 206 3 100 7639 2.060758849
3 197 3 100 47298 2.060772799
11 200 3 100 10266 2.060805545
10 197 3 100 4065 2.060806231
10 197 3 100 9270 2.060824756
5 205 3 100 8764073 2.060827861
7 195 3 100 4252 2.060840499
2 195 3 100 61614 2.060864324
5 193 3 100 27805 2.060872472
10 197 3 100 704947 2.060881240
5 207 3 100 76973 2.060887517
6 194 3 100 7 2.060889756
12 202 3 100 48930 2.060891094
7 203 3 100 2686 2.060893723
10 199 3 100 1590 2.060897898
11 202 3 100 10576 2.060914361
9 205 3 100 473 2.060917673
0 201 3 100 6680817 2.060937240
2 194 3 100 3814348 2.060938270
15 199 3 100 7268121 2.060941216
14 201 3 100 24436537 2.060947784
15 201 3 100 7229 2.060954080
10 204 3 100 1351777 2.060963775
3 205 3 100 5066 2.060993574
12 194 3 100 13666 2.060994355
3 207 3 100 601263 2.060994480
10 206 3 100 2323665 2.061011507
11 201 3 100 22457 2.061012537
8 206 3 100 35984 2.061022731
4 204 3 100 113437 2.061034099
4 204 3 100 9573787 2.061037864
9 205 3 100 6673 2.061059684
2 195 3 100 81299 2.061083272
10 197 3 100 35454 2.061084976
2 196 3 100 59688 2.061110622
8 201 3 100 29053 2.061138991
3 199 3 100 21235 2.061152902
1 198 3 100 78122 2.061188454
8 200 3 100 7448 2.061190805
14 198 3 100 50284 2.061192275
7 197 3 100 718372 2.061197711
13 194 3 100 77765 2.061202829
1 199 3 100 5479 2.061205856
8 200 3 100 26681 2.061208651
14 202 3 100 2651091 2.061210356
1 199 3 100 758761 2.061215052
9 204 3 100 39395 2.061222457
15 197 3 100 727605 2.061237323
7 200 3 100 177744 2.061251756
14 194 3 100 9331 2.061264518
12 200 3 100 3951323 2.061277393
0 195 3 100 1299402 2.061285694
0 195 3 100 4576158 2.061297957
10 200 3 100 578 2.061322904
6 207 3 100 3394612 2.061328973
12 204 3 100 79100 2.061334875
14 204 3 100 74163 2.061342056
8 202 3 100 54054 2.061343689
10 206 3 100 341472 2.061401841
11 192 3 100 65044 2.061419175
14 206 3 100 66993 2.061422673
1 193 3 100 6888033 2.061430635
14 203 3 100 9817 2.061433890
2 203 3 100 1209623 2.061471193
9 202 3 100 25295 2.061503195
5 204 3 100 5 2.061508342
14 200 3 100 3723258 2.061526454
13 196 3 100 2109462 2.061527091
4 193 3 100 65011 2.061529423
13 196 3 100 6728193 2.061533321
0 199 3 100 4124327 2.061543602
5 207 3 100 40607 2.061554831
8 206 3 100 69149 2.061555622
3 199 3 100 1863079 2.061589078
5 202 3 100 29 2.061593620
5 192 3 100 3741483 2.061604484
9 197 3 100 14768 2.061616421
7 200 3 100 7065678 2.061643774
11 203 3 100 16096091 2.061647539
6 205 3 100 23615 2.061659626
12 205 3 100 17944 2.061660872
4 194 3 100 1629646 2.061666843
12 199 3 100 26107340 2.061690522
0 207 3 100 71957 2.061697531
14 204 3 100 689461 2.061701880
1 207 3 100 14794 2.061713582
6 195 3 100 5819480 2.061718721
13 199 3 100 17978 2.061718961
7 198 3 100 816628 2.061726224
14 195 3 100 9817 2.061735456
6 204 3 100 4770 2.061741651
9 201 3 100 3566568 2.061756710
0 197 3 100 20155 2.061768222
12 204 3 100 390127 2.061773420
15 207 3 100 25441836 2.061774378
10 199 3 100 66434 2.061776580
3 203 3 100 1947872 2.061783442
3 197 3 100 3832 2.061787522
6 200 3 100 9570092 2.061808237
2 202 3 100 49846 2.061814243
8 206 3 100 6215686 2.061829494
11 194 3 100 7411 2.061853214
14 199 3 100 56887 2.061863625
10 202 3 100 51077 2.061876631
9 198 3 100 20309 2.061885292
10 198 3 100 2025022 2.061901904
10 192 3 100 6865 2.061914475
14 206 3 100 6197 2.061917070
6 193 3 100 8924598 2.061922129
10 192 3 100 7861 2.061942731
3 201 3 100 2372 2.061971453
9 203 3 100 75741 2.062006862
13 194 3 100 163407 2.062013186
7 207 3 100 9138 2.062020747
14 194 3 100 43699 2.062023592
8 206 3 100 9312 2.062026769
15 194 3 100 77761 2.062027391
3 204 3 100 2100053 2.062044793
14 192 3 100 1559889 2.062050460
0 195 3 100 8646 2.062054964
5 200 3 100 8544820 2.062056331
5 203 3 100 20170119 2.062072827
8 198 3 100 73988 2.062076831
5 193 3 100 198546 2.062078122
0 205 3 100 2500 2.062083328
5 198 3 100 571834 2.062085629
10 192 3 100 2767 2.062101367
0 198 3 100 14512 2.062117113
2 205 3 100 1826668 2.062155808
14 194 3 100 71189 2.062158555
6 193 3 100 7754 2.062183935
0 199 3 100 3368244 2.062189614
12 195 3 100 82908 2.062192341
14 195 3 100 4002407 2.062194925
1 205 3 100 505047 2.062196874
7 204 3 100 73116 2.062197852
3 201 3 100 136980 2.062200006
0 199 3 100 16626989 2.062209940
0 202 3 100 1642914 2.062225458
9 207 3 100 24407 2.062267287
10 206 3 100 1475334 2.062269686
1 198 3 100 2852643 2.062276326
4 204 3 100 21752 2.062280089
9 195 3 100 23896 2.062280715
7 197 3 100 1072437 2.062309333
11 205 3 100 4094674 2.062335461
8 203 3 100 146527 2.062344535
10 201 3 100 6525 2.062361472
4 200 3 100 28605327 2.062372755
2 197 3 100 5297 2.062390324
1 207 3 100 991586 2.062410340
3 203 3 100 29123 2.062432647
11 198 3 100 5543 2.062433753
9 200 3 100 25310 2.062442698
1 192 3 100 26954 2.062454349
12 192 3 100 9799652 2.062458868
13 204 3 100 1988050 2.062475070
13 198 3 100 53360 2.062482480
14 195 3 100 48651 2.062491982
0 201 3 100 382980 2.062500386
0 202 3 100 6669415 2.062502802
10 205 3 100 29996 2.062507249
1 203 3 100 3649 2.062542567
10 203 3 100 33899 2.062561438
2 199 3 100 12809 2.062562109
12 197 3 100 2313 2.062601008
2 207 3 100 701063 2.062604819
6 201 3 100 82059 2.062626852
10 203 3 100 1815872 2.062668593
11 192 3 100 167100 2.062669327
14 204 3 100 1146925 2.062687971
2 206 3 100 28568 2.062691184
1 198 3 100 22305 2.062711677
14 197 3 100 58802 2.062722328
7 200 3 100 795732 2.062728342
0 205 3 100 803184 2.062745772
8 193 3 100 68684 2.062758768
14 198 3 100 2765817 2.062765356
0 202 3 100 50908 2.062787121
0 193 3 100 16331658 2.062787311
11 202 3 100 22986821 2.062826161
6 192 3 100 581501 2.062837606
13 205 3 100 34110 2.062849399
7 203 3 100 9921 2.062850081
1 193 3 100 1678304 2.062854494
1 196 3 100 780773 2.062855443
3 201 3 100 62617 2.062855961
8 196 3 100 527332 2.062861130
12 192 3 100 2957572 2.062886638
10 197 3 100 33080 2.062889977
5 192 3 100 68403 2.062893844
12 195 3 100 54990 2.062900308
3 200 3 100 3982445 2.062933398
3 192 3 100 55667 2.062940061
5 201 3 100 1498 2.062942814
3 205 3 100 1418816 2.062945405
8 203 3 100 7262 2.062946543
3 196 3 100 5811 2.062964549
10 199 3 100 29840467 2.062974276
4 194 3 100 31712 2.062988034
6 201 3 100 25071 2.063006210
14 193 3 100 74998 2.063007051
12 199 3 100 615208 2.063008836
4 202 3 100 1783713 2.063013164
5 206 3 100 1618708 2.063014840
11 204 3 100 4580731 2.063038247
2 197 3 100 72787 2.063043051
2 206 3 100 2060703 2.063066691
11 195 3 100 1421791 2.063078818
15 197 3 100 45272 2.063082128
13 193 3 100 7500991 2.063083100
13 202 3 100 9346 2.063089975
13 192 3 100 4528209 2.063107468
4 199 3 100 42967 2.063108730
14 198 3 100 22216 2.063127986
1 204 3 100 34933 2.063133331
1 195 3 100 2120087 2.063153186
4 193 3 100 6292037 2.063162908
6 194 3 100 36308 2.063163348
15 207 3 100 46253 2.063173857
10 198 3 100 4962 2.063178958
6 196 3 100 144855 2.063202703
1 198 3 100 63980 2.063228892
11 197 3 100 451553 2.063234657
9 199 3 100 2017224 2.063245887
6 207 3 100 72788 2.063254474
0 201 3 100 41061 2.063268829
12 198 3 100 61306 2.063269879
1 195 3 100 4996784 2.063287344
4 203 3 100 22647 2.063301928
9 207 3 100 36674 2.063346831
12 198 3 100 601647 2.063368188
3 201 3 100 9922742 2.063377696
10 199 3 100 2886672 2.063395851
0 197 3 100 5676913 2.063399797
6 199 3 100 31244 2.063407661
2 207 3 100 33742 2.063425036
3 202 3 100 74405 2.063426282
15 196 3 100 46 2.063426929
13 206 3 100 5969 2.063471004
9 196 3 100 19182 2.063475124
5 196 3 100 174559 2.063485866
3 196 3 100 763377 2.063498795
6 206 3 100 41100 2.063525363
12 195 3 100 895449 2.063538267
0 196 3 100 3999 2.063541784
3 201 3 100 23837 2.063547276
1 205 3 100 1855 2.063548283
11 197 3 100 1482443 2.063553763
3 198 3 100 26216 2.063560373
2 192 3 100 55873 2.063562879
10 203 3 100 6431 2.063582977
3 205 3 100 1800512 2.063583609
12 196 3 100 51092 2.063595383
5 203 3 100 35755 2.063601571
1 200 3 100 3328668 2.063606253
3 198 3 100 9860 2.063607161
2 202 3 100 4166141 2.063616272
6 202 3 100 667036 2.063623683
8 192 3 100 1314664 2.063635283
0 203 3 100 10849 2.063655274
4 197 3 100 58704 2.063659567
1 201 3 100 4591 2.063674101
1 197 3 100 56437 2.063680261
10 207 3 100 1721996 2.063698432
2 197 3 100 5811106 2.063700564
3 194 3 100 5682 2.063702232
15 200 3 100 23336 2.063724147
3 194 3 100 31618 2.063730915
11 206 3 100 152645 2.063733892
1 199 3 100 2016 2.063734527
9 192 3 100 7513788 2.063737739
8 198 3 100 2626500 2.063738955
13 200 3 100 3304937 2.063740223
12 201 3 100 29556 2.063746870
9 192 3 100 175276 2.063796666
8 202 3 100 593186 2.063823142
13 201 3 100 962028 2.063833191
12 198 3 100 73044 2.063835557
6 205 3 100 4196609 2.063839820
14 193 3 100 118992 2.063846480
10 194 3 100 4341218 2.063847072
0 196 3 100 49517 2.063856973
1 202 3 100 3828414 2.063868982
10 202 3 100 8450 2.063926016
1 194 3 100 3069 2.063939534
13 202 3 100 5154 2.063951940
12 194 3 100 91304 2.063964813
6 197 3 100 71059 2.063996944
15 198 3 100 4081836 2.064002554
12 205 3 100 717975 2.064002703
3 193 3 100 17455 2.064005440
14 195 3 100 2638102 2.064019597
12 196 3 100 3022 2.064028592
15 202 3 100 1083387 2.064032288
7 200 3 100 3891 2.064039174
6 197 3 100 23077 2.064042969
11 201 3 100 42312 2.064045653
4 195 3 100 43419 2.064064102
13 193 3 100 123357 2.064067467
7 203 3 100 42454 2.064068910
0 203 3 100 35152 2.064092360
15 201 3 100 1629092 2.064120906
15 192 3 100 4024467 2.064123249
5 196 3 100 23179 2.064138293
0 207 3 100 57087 2.064164162
2 194 3 100 50545 2.064168409
1 193 3 100 158488 2.064179273
2 195 3 100 170 2.064181297
10 195 3 100 22801 2.064190363
0 196 3 100 285 2.064194452
8 200 3 100 6631746 2.064195366
2 197 3 100 922374 2.064202097
10 204 3 100 4898 2.064211077
7 193 3 100 872921 2.064217158
5 197 3 100 28742 2.064224424
6 193 3 100 21226 2.064225684
4 206 3 100 2525367 2.064228768
5 194 3 100 65214 2.064251142
1 203 3 100 16133 2.064255136
3 192 3 100 74047 2.064258038
3 200 3 100 6990 2.064260891
7 197 3 100 2881179 2.064269168
7 204 3 100 657 2.064289304
5 203 3 100 1358328 2.064309127
15 205 3 100 28315 2.064312471
4 199 3 100 250629 2.064329620
4 199 3 100 22528 2.064331097
0 200 3 100 4012079 2.064343923
14 205 3 100 67244 2.064368843
8 201 3 100 8659914 2.064374311
4 204 3 100 3825244 2.064380604
8 206 3 100 3394981 2.064381506
2 201 3 100 28329 2.064385241
11 205 3 100 31905 2.064408380
13 194 3 100 679162 2.064435372
13 207 3 100 10308 2.064447894
10 192 3 100 3212230 2.064453614
5 197 3 100 47162 2.064467898
9 206 3 100 7837 2.064484602
10 202 3 100 7427514 2.064485564
11 198 3 100 5249567 2.064488835
8 205 3 100 26185 2.064493304
9 193 3 100 5781 2.064496168
0 206 3 100 117269 2.064504517
4 200 3 100 60687 2.064505031
1 207 3 100 10875 2.064518196
15 196 3 100 343575 2.064520655
4 198 3 100 57794 2.064521713
0 198 3 100 179620 2.064523118
3 201 3 100 115073 2.064541922
9 197 3 100 5589969 2.064549154
10 199 3 100 159251 2.064556994
8 198 3 100 117061 2.064571012
1 203 3 100 650318 2.064571934
2 204 3 100 242101 2.064601485
7 202 3 100 4888 2.064605384
11 203 3 100 805106 2.064610199
10 203 3 100 23415 2.064617660
11 204 3 100 9689 2.064621519
5 201 3 100 14889 2.064630310
6 203 3 100 5927 2.064634210
5 196 3 100 663232 2.064647057
4 200 3 100 23125 2.064652351
15 207 3 100 4099665 2.064691642
12 203 3 100 29561 2.064692867
0 194 3 100 157484 2.064693522
14 206 3 100 2352 2.064696651
8 206 3 100 2702 2.064713180
9 193 3 100 89228 2.064716602
2 197 3 100 7430385 2.064718434
0 197 3 100 29257720 2.064734871
10 204 3 100 32367 2.064738679
4 200 3 100 7420304 2.064744382
0 204 3 100 3242054 2.064750848
12 194 3 100 26011 2.064756603
10 198 3 100 22588 2.064771984
15 203 3 100 4703791 2.064788833
8 203 3 100 26810121 2.064804782
3 203 3 100 69395 2.064805882
9 202 3 100 1892595 2.064846374
3 192 3 100 343559 2.064855819
0 207 3 100 38873 2.064867984
8 196 3 100 64199 2.064869673
15 202 3 100 1040665 2.064872884
6 201 3 100 909679 2.064885411
12 197 3 100 1966797 2.064901759
7 200 3 100 108372 2.064912650
5 192 3 100 103562 2.064914584
8 206 3 100 5898458 2.064919993
14 197 3 100 49396 2.064921550
3 193 3 100 2240 2.064925287
8 199 3 100 4540 2.064929697
10 206 3 100 116953 2.064935386
15 204 3 100 238264 2.064942995
3 207 3 100 25656865 2.064958206
10 207 3 100 9043 2.064969563
7 207 3 100 229272 2.064976524
13 198 3 100 8450681 2.064980852
0 194 3 100 192802 2.064990114
14 199 3 100 58709 2.064992234
3 197 3 100 1793500 2.064994122
13 198 3 100 325247 2.064996779
7 207 3 100 2510 2.064997735
13 199 3 100 8528336 2.065001434
1 196 3 100 4442 2.065003442
3 197 3 100 3607561 2.065039306
1 199 3 100 4721 2.065064836
3 195 3 100 756952 2.065086024
11 197 3 100 62756 2.065086930
0 204 3 100 88497 2.065115374
14 207 3 100 2272 2.065119259
14 201 3 100 52832 2.065130373
0 207 3 100 42918 2.065155674
9 199 3 100 49845 2.065187768
9 192 3 100 3182 2.065218180
8 195 3 100 6961154 2.065239876
14 199 3 100 27386 2.065252603
13 202 3 100 2216398 2.065260430
5 202 3 100 26252 2.065267933
14 196 3 100 41320 2.065287837
5 199 3 100 25680 2.065295022
6 199 3 100 396312 2.065297724
4 197 3 100 4206247 2.065299975
9 196 3 100 7010608 2.065303724
12 196 3 100 10188 2.065304077
7 193 3 100 3310492 2.065316197
4 192 3 100 1148895 2.065321757
8 207 3 100 1433904 2.065333908
15 206 3 100 22482 2.065349020
7 198 3 100 21494 2.065369000
8 196 3 100 7770 2.065376649
0 207 3 100 154053 2.065388698
6 201 3 100 1026245 2.065389701
3 198 3 100 649909 2.065404344
9 207 3 100 177727 2.065429877
9 192 3 100 3359 2.065441336
10 193 3 100 1373823 2.065448587
3 192 3 100 109904 2.065455018
6 202 3 100 28642 2.065465656
10 194 3 100 691000 2.065484934
0 197 3 100 88538 2.065485908
9 196 3 100 1424431 2.065503271
11 198 3 100 3267796 2.065503565
7 193 3 100 44592 2.065509483
15 204 3 100 80515 2.065517010
1 194 3 100 8504392 2.065519399
4 200 3 100 1021885 2.065530045
1 205 3 100 2208 2.065531431
6 205 3 100 59864 2.065542959
14 205 3 100 434572 2.065550877
5 204 3 100 8474125 2.065553570
12 205 3 100 795387 2.065565730
6 202 3 100 6846 2.065569171
14 200 3 100 2953290 2.065569403
11 194 3 100 4466064 2.065587420
3 203 3 100 697441 2.065588278
1 199 3 100 37714 2.065595847
10 192 3 100 3284974 2.065599147
15 203 3 100 12590698 2.065606300
9 196 3 100 27743666 2.065612980
13 192 3 100 14674640 2.065613495
10 207 3 100 18920545 2.065625493
9 198 3 100 8552238 2.065632570
7 194 3 100 75676 2.065664062
12 195 3 100 1788588 2.065673822
0 194 3 100 174456 2.065676258
5 197 3 100 251265 2.065678036
15 194 3 100 240 2.065697630
0 195 3 100 8508 2.065698842
3 204 3 100 6640 2.065707049
10 203 3 100 39056 2.065709068
13 199 3 100 7606565 2.065710797
4 193 3 100 24315 2.065714412
9 197 3 100 8415 2.065721653
8 193 3 100 1816121 2.065721963
0 200 3 100 21438 2.065743819
14 194 3 100 7882491 2.065775276
13 193 3 100 890227 2.065777819
3 201 3 100 21953 2.065779398
2 198 3 100 133492 2.065784020
12 197 3 100 1823449 2.065791729
9 194 3 100 1266298 2.065809243
9 200 3 100 4939908 2.065810152
7 192 3 100 4452086 2.065817975
10 199 3 100 2378461 2.065863325
13 202 3 100 123689 2.065871238
6 205 3 100 129798 2.065874912
9 207 3 100 64369 2.065880050
0 194 3 100 9827581 2.065884927
11 193 3 100 33464 2.065892464
14 205 3 100 54846 2.065898315
14 193 3 100 1936096 2.065901305
3 192 3 100 1730321 2.065909632
4 201 3 100 66072 2.065923472
6 197 3 100 3692 2.065930660
3 203 3 100 56802 2.065930750
7 205 3 100 74780 2.065931069
5 205 3 100 10340 2.065932089
1 206 3 100 2745 2.065951195
13 206 3 100 16835 2.065965377
9 203 3 100 2005 2.065979914
3 193 3 100 121480 2.065981934
5 192 3 100 9893 2.065985683
4 197 3 100 101107 2.065989973
10 197 3 100 8832 2.065999488
13 196 3 100 1465662 2.066010977
6 202 3 100 568709 2.066017666
2 199 3 100 46054 2.066034522
8 196 3 100 13858 2.066049198
2 206 3 100 7816 2.066055641
14 192 3 100 2144789 2.066078448
1 195 3 100 4683511 2.066091307
7 205 3 100 3452 2.066112696
3 204 3 100 18913 2.066144792
8 206 3 100 57298 2.066148035
3 196 3 100 28774 2.066161654
10 207 3 100 15064518 2.066172878
5 193 3 100 29271 2.066173060
14 195 3 100 68571 2.066187891
12 207 3 100 2338062 2.066199372
3 193 3 100 26615 2.066205620
14 207 3 100 734 2.066215032
8 199 3 100 1895 2.066233541
12 196 3 100 1207543 2.066239108
2 196 3 100 1023 2.066270769
15 192 3 100 9433881 2.066287022
13 198 3 100 955184 2.066288999
11 194 3 100 1518594 2.066289594
7 202 3 100 34805 2.066295855
15 198 3 100 139759 2.066296693
12 206 3 100 166860 2.066299372
11 204 3 100 3184459 2.066314268
14 201 3 100 7673300 2.066317760
1 205 3 100 44966 2.066334962
0 201 3 100 58865 2.066348195
6 201 3 100 8401 2.066379700
3 197 3 100 1600254 2.066393679
0 202 3 100 43446 2.066397955
5 196 3 100 49015 2.066425896
7 200 3 100 1688721 2.066477634
9 206 3 100 105091 2.066507168
11 196 3 100 28467 2.066512700
11 197 3 100 2101393 2.066513194
4 202 3 100 5684 2.066533607
10 195 3 100 51096 2.066565886
2 196 3 100 67737 2.066570992
9 207 3 100 56431 2.066574061
1 207 3 100 35943 2.066578522
8 200 3 100 38955 2.066578812
7 198 3 100 587 2.066582119
14 204 3 100 13872 2.066584757
3 193 3 100 3686082 2.066586346
0 193 3 100 17080 2.066590216
3 199 3 100 36918 2.066593438
2 199 3 100 4284555 2.066609551
6 204 3 100 7935766 2.066632522
3 204 3 100 4336895 2.066637404
9 200 3 100 126678 2.066639172
4 203 3 100 16667 2.066658412
9 195 3 100 17166 2.066672141
4 196 3 100 4993515 2.066684737
12 201 3 100 4122081 2.066704728
5 198 3 100 2395945 2.066710508
3 200 3 100 62326 2.066715003
11 194 3 100 78744 2.066723400
3 201 3 100 7767450 2.066732118
1 202 3 100 3863435 2.066736846
11 203 3 100 5930526 2.066739599
12 202 3 100 4348803 2.066745197
5 205 3 100 288264 2.066750434
5 195 3 100 28732040 2.066756083
9 193 3 100 1705 2.066768217
1 201 3 100 164621 2.066799223
11 192 3 100 27196 2.066818531
8 195 3 100 125344 2.066830872
6 195 3 100 56022 2.066832419
5 196 3 100 76079 2.066836632
14 195 3 100 11090454 2.066856681
12 200 3 100 22773 2.066860877
12 200 3 100 72848 2.066879817
1 199 3 100 131530 2.066891371
15 197 3 100 216678 2.066897778
15 205 3 100 364001 2.066902191
0 192 3 100 29389 2.066927363
1 201 3 100 55939 2.066929562
6 198 3 100 57079 2.066934317
14 205 3 100 6777319 2.066940222
10 197 3 100 25443 2.066954975
4 198 3 100 21261 2.066957658
15 203 3 100 153452 2.066958739
2 200 3 100 24821 2.066959463
9 194 3 100 3102157 2.066960966
14 197 3 100 8348 2.066971219
7 192 3 100 35676 2.066971536
10 206 3 100 32228 2.066980284
4 195 3 100 28317 2.066989828
12 200 3 100 1972285 2.066995809
6 207 3 100 21692 2.067004483
13 192 3 100 59015 2.067016444
8 198 3 100 2770180 2.067028043
0 198 3 100 75806 2.067035478
13 200 3 100 9394989 2.067035620
15 206 3 100 1475530 2.067049027
4 196 3 100 144730 2.067073229
0 200 3 100 1864 2.067082484
7 203 3 100 15908 2.067091301
0 198 3 100 1407371 2.067094168
11 204 3 100 8803 2.067111336
2 194 3 100 45526 2.067118332
8 207 3 100 6173498 2.067172805
12 200 3 100 1090619 2.067183273
2 203 3 100 17703 2.067183878
0 192 3 100 177162 2.067199833
8 204 3 100 9824498 2.067237985
11 203 3 100 1416630 2.067256617
6 195 3 100 3521583 2.067259254
9 193 3 100 2044569 2.067264550
9 197 3 100 456413 2.067279294
15 206 3 100 2159 2.067290303
3 202 3 100 48601 2.067292027
7 194 3 100 8754532 2.067330956
13 198 3 100 40564 2.067335440
9 199 3 100 947740 2.067366862
15 205 3 100 29813 2.067372983
9 199 3 100 58340 2.067377773
4 192 3 100 12594841 2.067379281
8 198 3 100 8728 2.067380841
3 192 3 100 148806 2.067391868
0 193 3 100 36087 2.067400548
13 194 3 100 1327919 2.067423694
13 207 3 100 55408 2.067434344
3 194 3 100 13176 2.067435251
7 196 3 100 62526 2.067435496
6 193 3 100 9338067 2.067443195
5 195 3 100 41977 2.067462168
9 202 3 100 1260398 2.067474076
5 203 3 100 80820 2.067475405
10 194 3 100 644356 2.067479615
3 196 3 100 21642843 2.067492343
0 206 3 100 43118 2.067496853
12 192 3 100 53992 2.067499337
12 197 3 100 184169 2.067511233
14 193 3 100 45742 2.067518856
4 203 3 100 3070 2.067523946
8 207 3 100 15760 2.067530456
0 205 3 100 29613 2.067535948
14 207 3 100 60924 2.067537633
7 194 3 100 6265 2.067538997
6 193 3 100 92642 2.067540914
11 198 3 100 3690 2.067542204
7 207 3 100 21925 2.067574740
11 205 3 100 20292 2.067586610
10 192 3 100 3695989 2.067629109
1 193 3 100 26120 2.067648847
0 195 3 100 101965 2.067662911
12 204 3 100 1621504 2.067666302
13 203 3 100 30044 2.067667727
2 202 3 100 18827 2.067684164
7 207 3 100 27568 2.067723450
10 195 3 100 208 2.067739001
10 206 3 100 76319 2.067742031
10 207 3 100 2645633 2.067779923
5 206 3 100 49227 2.067783995
4 192 3 100 6505405 2.067792586
10 201 3 100 42601 2.067804732
5 198 3 100 23674 2.067806290
9 200 3 100 9915759 2.067819143
9 206 3 100 78942 2.067824225
14 200 3 100 125900 2.067832889
3 205 3 100 3767379 2.067837057
2 203 3 100 7279 2.067847589
14 195 3 100 986987 2.067859136
15 199 3 100 147072 2.067866744
10 204 3 100 74921 2.067880939
5 193 3 100 21701 2.067888922
13 205 3 100 58392 2.067895432
5 198 3 100 535753 2.067902249
4 204 3 100 66445 2.067904365
2 195 3 100 732957 2.067904894
1 195 3 100 181390 2.067911932
12 192 3 100 64210 2.067922337
13 192 3 100 31616 2.067932604
3 204 3 100 38275 2.067932963
14 198 3 100 3226526 2.067936016
7 195 3 100 2364134 2.067964030
6 197 3 100 48940 2.067965246
6 195 3 100 6673807 2.067987790
3 199 3 100 115962 2.067994527
3 192 3 100 27853 2.067995808
0 207 3 100 41251 2.068003186
8 193 3 100 7714449 2.068023303
13 192 3 100 2000 2.068034870
3 206 3 100 70927 2.068036242
8 204 3 100 8237 2.068060339
14 194 3 100 972118 2.068078283
10 193 3 100 73811 2.068079513
5 193 3 100 55351 2.068088803
14 204 3 100 7900 2.068092057
4 203 3 100 78209 2.068105436
13 194 3 100 1194165 2.068118377
4 202 3 100 51223 2.068121987
11 194 3 100 25762 2.068124977
10 197 3 100 893715 2.068135398
7 206 3 100 932128 2.068137300
12 198 3 100 959 2.068188905
4 202 3 100 1544802 2.068216622
12 207 3 100 181607 2.068221051
9 207 3 100 62761 2.068228158
5 199 3 100 3189117 2.068240861
12 202 3 100 1392588 2.068270837
14 195 3 100 9338949 2.068281433
0 206 3 100 57315 2.068285749
13 196 3 100 23837 2.068286413
1 199 3 100 50477 2.068322546
15 198 3 100 138646 2.068328451
10 195 3 100 76 2.068342873
7 199 3 100 28412 2.068343568
8 196 3 100 1993114 2.068349579
9 194 3 100 24507 2.068359724
0 199 3 100 9669747 2.068361926
0 198 3 100 605297 2.068364648
2 194 3 100 34295 2.068368027
3 198 3 100 42315 2.068375483
13 194 3 100 1487981 2.068396281
5 199 3 100 28736 2.068401600
15 201 3 100 4195453 2.068401770
3 199 3 100 45800 2.068407160
7 196 3 100 24796 2.068418000
4 198 3 100 52098 2.068427224
10 196 3 100 770294 2.068428063
4 197 3 100 223508 2.068434741
15 192 3 100 915755 2.068452267
10 193 3 100 4043509 2.068472171
6 205 3 100 63983 2.068476715
4 196 3 100 5813706 2.068480481
3 195 3 100 87503 2.068481399
7 203 3 100 68868 2.068483295
2 204 3 100 105216 2.068501495
1 199 3 100 28635 2.068509643
8 197 3 100 62298 2.068523449
3 207 3 100 6858625 2.068577314
0 207 3 100 4370619 2.068595115
14 197 3 100 387158 2.068601433
10 199 3 100 1237 2.068602742
8 203 3 100 1520418 2.068604368
5 201 3 100 136240 2.068624314
4 197 3 100 682695 2.068641661
4 202 3 100 668711 2.068645870
3 195 3 100 4101001 2.068647313
2 205 3 100 1349429 2.068647426
15 196 3 100 7900581 2.068673100
14 199 3 100 33016 2.068674929
5 207 3 100 48008 2.068686248
5 192 3 100 8085947 2.068710558
1 203 3 100 42009 2.068712928
2 198 3 100 890718 2.068719295
12 192 3 100 25075 2.068721232
6 202 3 100 3723902 2.068737809
15 204 3 100 180656 2.068747161
7 195 3 100 61447 2.068794390
13 203 3 100 1842 2.068798512
7 198 3 100 536266 2.068799384
12 207 3 100 58837 2.068807576
0 195 3 100 4954971 2.068820951
5 198 3 100 21795 2.068825265
2 192 3 100 1238502 2.068832803
10 203 3 100 7166 2.068852557
7 203 3 100 56186 2.068857544
5 203 3 100 953771 2.068862009
11 196 3 100 80502 2.068864074
0 195 3 100 2856 2.068868407
14 207 3 100 5842 2.068898527
15 204 3 100 68186 2.068903176
7 195 3 100 171106 2.068917409
11 206 3 100 6888 2.068966091
1 201 3 100 116942 2.068993695
7 204 3 100 22054 2.068999803
4 203 3 100 24272 2.069005770
2 199 3 100 163595 2.069006462
15 200 3 100 1977289 2.069006500
12 193 3 100 1453525 2.069007469
10 194 3 100 161454 2.069012424
5 204 3 100 8364651 2.069018910
10 193 3 100 69165 2.069028406
7 195 3 100 53454 2.069049111
5 204 3 100 50270 2.069064182
11 199 3 100 26055 2.069083684
6 201 3 100 178811 2.069089127
15 195 3 100 9810 2.069097694
14 195 3 100 5317 2.069109391
6 196 3 100 27269632 2.069112419
4 195 3 100 3906714 2.069123259
11 198 3 100 1540459 2.069124139
2 194 3 100 4802032 2.069124976
11 200 3 100 13703058 2.069132394
13 204 3 100 4043 2.069146697
6 205 3 100 72226 2.069152048
12 197 3 100 2348212 2.069163664
2 194 3 100 875655 2.069170137
9 193 3 100 16204 2.069187696
0 206 3 100 27159 2.069196920
0 201 3 100 2956721 2.069201524
8 203 3 100 44296 2.069247278
15 193 3 100 42047 2.069261608
7 193 3 100 1611520 2.069264655
6 195 3 100 127007 2.069269731
13 206 3 100 3217713 2.069271584
15 195 3 100 46199 2.069278104
10 198 3 100 4975 2.069285606
11 192 3 100 615 2.069294902
4 206 3 100 557923 2.069299011
4 194 3 100 6600 2.069304452
4 205 3 100 849621 2.069315588
8 205 3 100 1986789 2.069333144
15 200 3 100 8078 2.069333671
2 207 3 100 885275 2.069335319
12 194 3 100 30843 2.069336350
7 199 3 100 834569 2.069348604
3 204 3 100 3554834 2.069354060
2 200 3 100 8148529 2.069364765
0 195 3 100 45398 2.069367295
7 207 3 100 1901513 2.069370813
13 206 3 100 5533772 2.069375852
11 205 3 100 25703 2.069380408
10 203 3 100 47716 2.069392293
1 206 3 100 155949 2.069401373
12 196 3 100 8342343 2.069415895
5 192 3 100 10567 2.069417987
12 203 3 100 1000646 2.069430253
0 204 3 100 1730 2.069430715
11 207 3 100 169043 2.069449111
9 203 3 100 4418086 2.069453870
5 193 3 100 7488343 2.069462769
5 207 3 100 21802 2.069482470
3 197 3 100 45149 2.069484140
13 194 3 100 368385 2.069498543
12 200 3 100 27687 2.069525714
14 194 3 100 816511 2.069544126
8 201 3 100 52453 2.069544670
14 195 3 100 155100 2.069552495
2 201 3 100 3671085 2.069575816
11 201 3 100 1347183 2.069583221
10 195 3 100 410618 2.069585923
7 203 3 100 40958 2.069607628
7 198 3 100 21035 2.069622430
6 204 3 100 61660 2.069624106
13 199 3 100 1304062 2.069644190
3 207 3 100 67498 2.069651546
6 192 3 100 142872 2.069654983
0 199 3 100 8936449 2.069657327
4 193 3 100 1104078 2.069677758
8 203 3 100 72233 2.069684733
14 197 3 100 31998 2.069698877
15 197 3 100 9008 2.069715549
6 195 3 100 76865 2.069723174
14 204 3 100 817655 2.069723753
3 200 3 100 3890 2.069731503
4 198 3 100 70733 2.069748169
0 199 3 100 75403 2.069757250
12 203 3 100 7465 2.069780966
10 207 3 100 8406 2.069818691
3 201 3 100 10737 2.069822734
14 206 3 100 46836 2.069829652
5 204 3 100 161881 2.069847977
1 204 3 100 1019362 2.069864913
9 199 3 100 23783 2.069868990
4 192 3 100 55326 2.069871888
2 200 3 100 1119176 2.069896298
10 201 3 100 93752 2.069897479
8 197 3 100 1386333 2.069904179
11 199 3 100 15317 2.069907680
4 204 3 100 19661 2.069912781
6 206 3 100 5201 2.069933523
7 201 3 100 6964 2.069934295
15 194 3 100 2274 2.069941186
1 200 3 100 69397 2.069986468
11 192 3 100 70576 2.069991947
5 200 3 100 28067 2.070031093
10 203 3 100 23642 2.070034325
7 197 3 100 25211 2.070046992
15 202 3 100 2021 2.070052725
6 198 3 100 4387105 2.070084836
0 194 3 100 6392469 2.070121290
7 194 3 100 248094 2.070130491
14 204 3 100 10847 2.070139222
6 198 3 100 1072857 2.070145307
2 204 3 100 882456 2.070162194
7 197 3 100 62097 2.070168772
15 198 3 100 27430 2.070172169
13 202 3 100 25515 2.070184124
9 193 3 100 3891 2.070197000
13 202 3 100 9667898 2.070215157
2 197 3 100 764116 2.070216238
2 206 3 100 2812607 2.070228600
7 195 3 100 1593812 2.070239808
7 196 3 100 47547 2.070263268
0 199 3 100 4418 2.070263348
1 195 3 100 1910990 2.070266091
10 194 3 100 60147 2.070272088
11 203 3 100 25211 2.070276024
4 194 3 100 9646 2.070276535
9 194 3 100 22597 2.070278622
13 197 3 100 1919085 2.070279043
3 192 3 100 10375 2.070280171
3 200 3 100 52244 2.070283188
9 199 3 100 76696 2.070295831
8 199 3 100 24199 2.070323800
3 198 3 100 178819 2.070338309
3 202 3 100 872180 2.070359103
1 193 3 100 5425843 2.070382081
14 202 3 100 131568 2.070389223
14 193 3 100 231492 2.070413438
4 204 3 100 1572552 2.070434463
6 201 3 100 4574916 2.070436553
14 198 3 100 32277 2.070455705
12 205 3 100 3570 2.070480798
1 192 3 100 771509 2.070489086
5 201 3 100 186302 2.070497046
4 195 3 100 32652 2.070501205
0 193 3 100 85019 2.070515965
12 202 3 100 2505442 2.070516616
8 194 3 100 63352 2.070517319
8 205 3 100 27944 2.070522134
6 203 3 100 4343 2.070528749
12 207 3 100 1078643 2.070537445
7 194 3 100 1768979 2.070538065
6 194 3 100 24776 2.070554720
7 200 3 100 497512 2.070558717
10 195 3 100 1516590 2.070602315
1 193 3 100 732963 2.070618196
11 200 3 100 71357 2.070625353
11 193 3 100 4251417 2.070630307
11 204 3 100 3149599 2.070632297
7 207 3 100 1700 2.070644726
8 198 3 100 5750221 2.070692269
3 197 3 100 7697 2.070696333
4 197 3 100 35352 2.070696421
15 194 3 100 28467 2.070699328
4 200 3 100 3708726 2.070699427
12 197 3 100 76532 2.070701900
15 196 3 100 451605 2.070706977
12 197 3 100 14371 2.070732141
0 207 3 100 19279574 2.070735221
5 201 3 100 78632 2.070744840
11 203 3 100 29130 2.070755007
12 201 3 100 46638 2.070770160
13 200 3 100 334183 2.070771127
12 198 3 100 37246 2.070771553
0 207 3 100 13281 2.070799620
8 194 3 100 28454 2.070801984
10 201 3 100 32088 2.070809684
1 203 3 100 1508035 2.070819863
6 201 3 100 27733 2.070825221
8 204 3 100 297353 2.070829587
5 193 3 100 1274191 2.070835081
14 199 3 100 48910 2.070835586
10 207 3 100 72181 2.070835603
11 193 3 100 3389042 2.070850869
7 207 3 100 88366 2.070854563
10 199 3 100 33474 2.070857360
13 204 3 100 510353 2.070884524
13 205 3 100 18817 2.070889105
14 206 3 100 464843 2.070899044
11 206 3 100 2279 2.070912903
1 199 3 100 3989874 2.070914697
9 198 3 100 713033 2.070920021
3 196 3 100 199629 2.070923206
0 197 3 100 1475648 2.070943359
13 194 3 100 3302112 2.070957941
11 200 3 100 2700 2.070977214
7 199 3 100 150700 2.070977319
9 194 3 100 41391 2.070978817
1 196 3 100 1271640 2.070981106
3 194 3 100 944202 2.070993152
1 198 3 100 19252 2.071019378
8 199 3 100 9843 2.071030564
13 205 3 100 5776 2.071048486
10 200 3 100 883776 2.071057486
0 192 3 100 284427 2.071060237
8 196 3 100 258494 2.071060643
11 200 3 100 1578732 2.071062318
13 198 3 100 22710 2.071063660
3 204 3 100 31874 2.071068584
13 206 3 100 1246 2.071075490
1 207 3 100 25203 2.071100178
6 207 3 100 1643793 2.071104169
7 200 3 100 355769 2.071120231
0 193 3 100 8320 2.071123478
4 195 3 100 2331224 2.071123908
13 203 3 100 848207 2.071126162
0 197 3 100 1915 2.071136420
3 202 3 100 7902328 2.071144447
11 200 3 100 606898 2.071151083
0 192 3 100 2182 2.071164874
0 196 3 100 7288141 2.071222149
3 197 3 100 79106 2.071236898
3 195 3 100 22610 2.071243771
0 202 3 100 6476290 2.071259396
15 192 3 100 599867 2.071260998
6 194 3 100 1957082 2.071274538
12 203 3 100 23252 2.071317415
0 207 3 100 33396 2.071342800
13 194 3 100 68105 2.071351874
1 207 3 100 24007 2.071351979
9 200 3 100 79395 2.071352355
8 194 3 100 43059 2.071372724
1 202 3 100 9928 2.071376272
0 197 3 100 7420 2.071381050
5 206 3 100 28901 2.071384858
4 200 3 100 76835 2.071384873
14 205 3 100 7752 2.071386381
10 198 3 100 296660 2.071386585
10 200 3 100 13935374 2.071396338
13 206 3 100 3869 2.071406788
7 199 3 100 29466 2.071420319
3 195 3 100 3916 2.071428387
7 203 3 100 1234887 2.071437545
1 194 3 100 43797 2.071441960
2 205 3 100 3092366 2.071443763
1 199 3 100 25341 2.071454851
3 201 3 100 27598 2.071458762
12 201 3 100 53203 2.071476509
12 192 3 100 121092 2.071502372
10 195 3 100 22061 2.071506915
9 198 3 100 22310 2.071522164
0 200 3 100 6858994 2.071528467
12 202 3 100 1810597 2.071541625
7 192 3 100 6003619 2.071578260
2 204 3 100 173238 2.071645071
5 192 3 100 23286 2.071645549
1 202 3 100 73316 2.071647753
10 199 3 100 1657361 2.071657355
14 195 3 100 70292 2.071658645
11 193 3 100 47089 2.071668622
4 195 3 100 178035 2.071671990
1 194 3 100 16384 2.071709151
0 200 3 100 1730252 2.071718022
0 206 3 100 17005 2.071775373
1 194 3 100 53901 2.071785607
9 205 3 100 10381578 2.071792530
9 194 3 100 3523138 2.071796449
14 200 3 100 24596 2.071797326
9 200 3 100 1045463 2.071803709
0 195 3 100 30335 2.071809555
12 193 3 100 6312 2.071814878
12 194 3 100 77437 2.071823568
0 197 3 100 1470542 2.071852075
3 196 3 100 22958 2.071859955
8 192 3 100 43795 2.071862677
8 196 3 100 54848 2.071868934
12 196 3 100 188910 2.071878807
10 207 3 100 133380 2.071908066
2 204 3 100 51464 2.071911829
3 194 3 100 77341 2.071940090
9 192 3 100 7852 2.071940994
3 197 3 100 98701 2.071941626
4 197 3 100 19152 2.071942699
10 196 3 100 4414713 2.071973872
2 205 3 100 128754 2.071974740
7 195 3 100 7774394 2.071985923
13 200 3 100 30316 2.072012490
4 196 3 100 551941 2.072018423
7 197 3 100 35133 2.072027417
12 203 3 100 78369 2.072030203
2 203 3 100 4023 2.072031542
15 207 3 100 20726 2.072032872
3 192 3 100 24286 2.072041930
9 207 3 100 8885 2.072050608
9 206 3 100 382728 2.072051016
10 197 3 100 794585 2.072085043
14 198 3 100 34353 2.072103085
14 201 3 100 2016339 2.072105360
4 201 3 100 7054976 2.072107271
15 202 3 100 779157 2.072122411
4 195 3 100 4545 2.072131137
3 206 3 100 2532664 2.072144569
14 203 3 100 2658 2.072148208
13 202 3 100 100232 2.072151287
11 200 3 100 53640 2.072153824
4 196 3 100 29878 2.072180296
12 199 3 100 6476 2.072188101
7 204 3 100 9404 2.072193584
1 192 3 100 78028 2.072211967
3 203 3 100 2788481 2.072225117
10 196 3 100 40796 2.072240140
10 205 3 100 22159009 2.072244440
6 196 3 100 88490 2.072252199
2 196 3 100 160131 2.072295352
11 202 3 100 1331631 2.072302698
6 196 3 100 170105 2.072308635
12 195 3 100 166760 2.072322489
6 197 3 100 20793 2.072339309
0 195 3 100 66877 2.072347114
4 202 3 100 21922 2.072354497
6 203 3 100 28943 2.072360278
12 204 3 100 22789 2.072373155
0 206 3 100 84 2.072391534
7 199 3 100 35966 2.072407642
12 198 3 100 21761776 2.072412495
7 196 3 100 50265 2.072425445
7 205 3 100 4796 2.072431643
9 198 3 100 119865 2.072443814
10 196 3 100 1299777 2.072476733
14 206 3 100 37252 2.072481675
8 205 3 100 42286 2.072510465
5 197 3 100 64532 2.072529217
13 197 3 100 7735 2.072534145
0 206 3 100 43922 2.072549887
12 192 3 100 49330 2.072560548
15 198 3 100 3784211 2.072574650
12 192 3 100 74270 2.072580202
6 193 3 100 29667 2.072586468
6 205 3 100 3079 2.072588081
7 196 3 100 2709523 2.072602554
12 203 3 100 71053 2.072607005
3 206 3 100 3930 2.072629502
8 192 3 100 64491 2.072629906
11 203 3 100 184376 2.072633384
3 196 3 100 25180580 2.072635653
4 195 3 100 7219770 2.072638174
8 204 3 100 17584 2.072644554
8 203 3 100 2065 2.072687354
4 193 3 100 8043503 2.072690329
5 198 3 100 4684620 2.072692691
3 196 3 100 42788 2.072702202
13 207 3 100 1567603 2.072707997
6 195 3 100 26300505 2.072712392
3 202 3 100 20510 2.072735234
10 205 3 100 7918490 2.072761749
14 196 3 100 43536 2.072768841
13 192 3 100 3689 2.072782162
9 199 3 100 29908 2.072785190
3 196 3 100 12068194 2.072791452
2 200 3 100 3349376 2.072810793
12 193 3 100 31648 2.072819629
9 205 3 100 26388 2.072825487
1 198 3 100 209 2.072828109
2 206 3 100 9288544 2.072863581
9 205 3 100 119583 2.072864027
4 194 3 100 25249 2.072864211
14 194 3 100 199438 2.072866288
4 205 3 100 25679 2.072866460
6 201 3 100 1681 2.072871601
3 197 3 100 1258486 2.072878724
13 201 3 100 34556 2.072892193
15 207 3 100 23373 2.072893949
3 198 3 100 921107 2.072895324
8 207 3 100 850169 2.072923163
12 196 3 100 1385526 2.072933360
14 204 3 100 7415 2.072948855
9 202 3 100 127 2.072954414
10 201 3 100 3863912 2.072961969
9 203 3 100 35174 2.072970542
3 197 3 100 38241 2.073008799
13 192 3 100 25764 2.073049900
11 206 3 100 61134 2.073058075
2 196 3 100 4544012 2.073060406
15 205 3 100 839405 2.073061853
8 197 3 100 6716 2.073066064
8 193 3 100 101414 2.073071106
14 195 3 100 527510 2.073092381
13 204 3 100 15934 2.073101268
5 199 3 100 21983 2.073111232
15 198 3 100 8043 2.073118598
6 204 3 100 9770 2.073119351
5 193 3 100 897 2.073120284
1 199 3 100 673 2.073120980
11 199 3 100 138816 2.073154477
1 198 3 100 23008 2.073155983
12 196 3 100 7317 2.073156668
15 207 3 100 802 2.073168810
3 203 3 100 899510 2.073187525
14 193 3 100 25630 2.073190031
9 196 3 100 59820 2.073194365
8 196 3 100 59 2.073197114
1 196 3 100 974332 2.073198765
5 203 3 100 1879527 2.073223198
11 204 3 100 1091775 2.073225766
8 199 3 100 8230645 2.073246539
8 203 3 100 59828 2.073253263
2 202 3 100 3330853 2.073258784
0 196 3 100 29381 2.073286129
4 194 3 100 4637 2.073299974
4 204 3 100 25843 2.073331817
9 202 3 100 18339 2.073337896
5 203 3 100 49120 2.073347451
10 203 3 100 3535 2.073352119
3 205 3 100 7188851 2.073369037
14 204 3 100 58971 2.073390719
15 203 3 100 72921 2.073447369
6 204 3 100 21322 2.073454167
15 207 3 100 2009821 2.073473344
4 196 3 100 23572 2.073474888
11 194 3 100 2806450 2.073488917
3 203 3 100 37540 2.073499484
0 197 3 100 2663541 2.073517338
7 203 3 100 11713323 2.073518632
15 192 3 100 37470 2.073524991
0 205 3 100 146341 2.073533941
4 193 3 100 1123 2.073535024
3 199 3 100 2889 2.073536139
2 193 3 100 9426211 2.073544364
8 201 3 100 626820 2.073544394
13 193 3 100 41575 2.073593277
0 206 3 100 8070 2.073599122
6 201 3 100 131 2.073604545
7 196 3 100 72951 2.073633214
11 194 3 100 53506 2.073637871
13 198 3 100 31734 2.073641820
3 192 3 100 1800644 2.073668423
13 201 3 100 23928 2.073671837
13 194 3 100 3353488 2.073687404
14 192 3 100 9881225 2.073696950
15 194 3 100 4988 2.073697771
7 197 3 100 1766935 2.073712840
8 194 3 100 9404176 2.073719455
10 197 3 100 78514 2.073728682
0 200 3 100 1401309 2.073747981
7 207 3 100 28069 2.073751414
10 205 3 100 5899386 2.073762258
0 199 3 100 70099 2.073767855
14 198 3 100 43898 2.073769336
0 201 3 100 23025 2.073769742
0 206 3 100 1813782 2.073772014
11 200 3 100 75739 2.073797007
0 197 3 100 66 2.073835514
13 203 3 100 7759 2.073837935
11 202 3 100 170181 2.073845670
14 205 3 100 17562427 2.073860026
4 205 3 100 3692718 2.073896011
10 193 3 100 5035901 2.073901378
3 204 3 100 34325 2.073906973
14 200 3 100 266231 2.073949049
13 205 3 100 17714 2.073979542
2 207 3 100 77149 2.073992471
13 207 3 100 58221 2.074002546
12 202 3 100 569465 2.074030985
13 205 3 100 1218318 2.074048540
9 205 3 100 42160 2.074070054
3 195 3 100 43426 2.074075093
13 194 3 100 42667 2.074080226
7 193 3 100 580722 2.074084119
3 207 3 100 14001 2.074118487
12 207 3 100 6318739 2.074122688
10 204 3 100 77670 2.074127477
10 192 3 100 54448 2.074132807
12 192 3 100 6887895 2.074133646
9 201 3 100 31121 2.074138804
7 205 3 100 1719 2.074157084
7 196 3 100 376 2.074170623
12 200 3 100 90161 2.074195923
14 200 3 100 48831 2.074220733
15 202 3 100 5301 2.074254249
5 205 3 100 1809752 2.074264791
11 195 3 100 27845 2.074267832
9 203 3 100 3742391 2.074272735
14 194 3 100 6465234 2.074277400
12 197 3 100 59189 2.074279976
2 207 3 100 5280436 2.074281412
1 196 3 100 26870 2.074301604
7 194 3 100 32527 2.074305860
0 197 3 100 108312 2.074311719
11 192 3 100 65343 2.074319409
12 193 3 100 32392 2.074346551
7 196 3 100 8306264 2.074351167
14 197 3 100 1351609 2.074351444
6 197 3 100 11398 2.074359738
0 198 3 100 149289 2.074376005
12 203 3 100 160757 2.074385727
6 196 3 100 7798 2.074394724
10 196 3 100 9724 2.074395939
12 192 3 100 1753123 2.074398990
0 202 3 100 23375 2.074399974
6 194 3 100 1920050 2.074401094
9 194 3 100 110707 2.074408652
5 197 3 100 189118 2.074420536
2 195 3 100 1923 2.074429941
7 201 3 100 51678 2.074442362
11 200 3 100 454 2.074450915
6 204 3 100 27320 2.074465362
9 203 3 100 22157 2.074468344
10 196 3 100 31156 2.074470701
12 194 3 100 8620609 2.074505628
15 198 3 100 78914 2.074508641
0 199 3 100 1757775 2.074511885
5 193 3 100 25085337 2.074517359
12 205 3 100 68504 2.074522088
5 195 3 100 24573 2.074525982
0 200 3 100 13814 2.074526349
3 198 3 100 21573 2.074531008
7 193 3 100 24339 2.074540727
2 195 3 100 395314 2.074553514
7 204 3 100 8721 2.074569438
4 197 3 100 16545273 2.074586339
0 206 3 100 1295432 2.074595715
4 205 3 100 65204 2.074615368
14 196 3 100 8682643 2.074619832
13 198 3 100 30540 2.074644350
0 192 3 100 1929 2.074646731
5 205 3 100 47887 2.074662346
5 205 3 100 39004 2.074668406
5 198 3 100 4805561 2.074674736
12 202 3 100 1597829 2.074681774
1 195 3 100 967100 2.074689050
8 194 3 100 1211991 2.074705380
4 194 3 100 25002 2.074732474
7 201 3 100 79110 2.074734391
8 204 3 100 66771 2.074753724
15 193 3 100 31142 2.074762423
11 203 3 100 24868 2.074766124
15 195 3 100 357822 2.074795165
8 195 3 100 2288923 2.074798919
10 193 3 100 179403 2.074831335
1 203 3 100 1349044 2.074843766
11 200 3 100 3793824 2.074844451
8 206 3 100 143382 2.074846917
9 200 3 100 7789827 2.074848256
2 202 3 100 31343 2.074849127
5 198 3 100 49523 2.074872104
15 192 3 100 20140 2.074914452
2 203 3 100 4173271 2.074920610
12 199 3 100 42115 2.074920873
9 198 3 100 70524 2.074933461
11 194 3 100 23074 2.074938051
6 197 3 100 21119 2.074946008
11 201 3 100 1419782 2.074969785
8 199 3 100 602 2.074977619
4 202 3 100 26665 2.074988313
11 197 3 100 23134 2.075012377
5 196 3 100 252658 2.075038371
3 198 3 100 119195 2.075059735
13 198 3 100 63837 2.075106322
9 202 3 100 71444 2.075108754
8 198 3 100 21550 2.075109076
6 198 3 100 35848 2.075113706
7 199 3 100 69845 2.075133902
1 195 3 100 670563 2.075138266
10 207 3 100 74494 2.075148977
8 202 3 100 12878197 2.075158847
14 198 3 100 89674 2.075163737
1 193 3 100 1936951 2.075165312
14 197 3 100 72335 2.075173023
7 204 3 100 116721 2.075179741
4 193 3 100 1942236 2.075226457
4 200 3 100 566061 2.075257030
11 204 3 100 119445 2.075257530
4 194 3 100 1745290 2.075257582
10 206 3 100 189132 2.075265277
5 204 3 100 21865 2.075287433
14 192 3 100 28071 2.075292374
10 202 3 100 54842 2.075296116
13 192 3 100 17051 2.075304124
14 205 3 100 34876 2.075309167
4 194 3 100 1147 2.075311827
3 195 3 100 420233 2.075345965
4 193 3 100 20566116 2.075358139
2 205 3 100 9898041 2.075375857
4 203 3 100 6331 2.075380987
5 203 3 100 51729 2.075389999
13 196 3 100 483133 2.075427891
3 204 3 100 5544576 2.075446429
3 199 3 100 24856 2.075474565
5 205 3 100 4506 2.075482747
13 195 3 100 4306173 2.075497895
3 199 3 100 1034248 2.075501101
15 192 3 100 2665 2.075507454
3 198 3 100 16255 2.075524986
0 206 3 100 1331 2.075528808
1 196 3 100 42988 2.075538157
6 206 3 100 1959688 2.075563119
4 201 3 100 9080539 2.075564837
15 201 3 100 53289 2.075565079
6 199 3 100 31847 2.075566397
10 207 3 100 181929 2.075568916
14 199 3 100 5552 2.075570593
11 204 3 100 49437 2.075573157
12 203 3 100 3415 2.075580692
4 203 3 100 2117075 2.075583543
10 207 3 100 10800 2.075590571
11 202 3 100 16591385 2.075596604
8 197 3 100 70888 2.075612140
11 197 3 100 599805 2.075628642
4 206 3 100 24975 2.075629352
12 193 3 100 25104 2.075636868
5 199 3 100 192 2.075668983
1 199 3 100 1634 2.075687607
2 203 3 100 8763938 2.075692238
11 202 3 100 26336 2.075707081
3 194 3 100 5433651 2.075717610
5 196 3 100 2715 2.075720296
3 194 3 100 1847408 2.075759101
8 207 3 100 8461772 2.075764320
11 202 3 100 30082 2.075770155
11 202 3 100 1785317 2.075772623
0 205 3 100 189688 2.075779201
5 205 3 100 39934 2.075788095
9 201 3 100 617545 2.075792381
1 198 3 100 11036253 2.075799256
2 206 3 100 3346164 2.075801064
4 206 3 100 25603 2.075806738
13 196 3 100 74527 2.075809030
5 204 3 100 4451 2.075835028
9 201 3 100 4460 2.075836167
12 201 3 100 1944218 2.075849546
10 195 3 100 9472 2.075851653
8 200 3 100 30266 2.075894957
13 201 3 100 2020475 2.075898539
11 195 3 100 30062 2.075900254
8 201 3 100 553571 2.075903821
13 204 3 100 51105 2.075904112
8 203 3 100 45873 2.075911827
10 207 3 100 1173120 2.075912692
5 205 3 100 473259 2.075915280
15 201 3 100 7262940 2.075915736
5 196 3 100 7057360 2.075922296
5 203 3 100 2138741 2.075922759
11 192 3 100 1318678 2.075923682
1 195 3 100 29582 2.075924743
3 194 3 100 69123 2.076002671
14 205 3 100 152623 2.076003937
13 207 3 100 59974 2.076008498
12 192 3 100 26530582 2.076020178
3 198 3 100 41 2.076022097
5 202 3 100 26888 2.076028009
9 200 3 100 6542 2.076043086
6 205 3 100 1017463 2.076046257
2 194 3 100 23587 2.076049518
0 196 3 100 2255732 2.076055396
4 194 3 100 7901 2.076064793
14 193 3 100 24035 2.076078546
15 197 3 100 18715 2.076088507
11 194 3 100 5443593 2.076100930
7 195 3 100 21324 2.076108635
1 196 3 100 41032 2.076120823
1 203 3 100 75879 2.076172944
1 198 3 100 26350623 2.076183219
11 207 3 100 1311689 2.076200926
1 205 3 100 46678 2.076201895
4 193 3 100 748760 2.076205449
4 207 3 100 2669926 2.076216491
13 198 3 100 7330317 2.076227886
3 205 3 100 713345 2.076243965
10 202 3 100 1927874 2.076273052
3 194 3 100 52264 2.076275555
4 197 3 100 1304349 2.076299564
1 203 3 100 4357003 2.076302957
6 196 3 100 1302 2.076308471
0 193 3 100 1033037 2.076331050
13 193 3 100 1021 2.076346406
9 202 3 100 7796 2.076353309
0 205 3 100 26405 2.076354177
4 203 3 100 27881 2.076361907
4 203 3 100 37283 2.076363882
15 194 3 100 25019 2.076365954
11 199 3 100 3752606 2.076367781
14 201 3 100 3111049 2.076387317
10 202 3 100 50118 2.076403763
3 201 3 100 59746 2.076406336
14 205 3 100 9660 2.076411902
8 194 3 100 5290 2.076421252
13 198 3 100 67332 2.076423415
3 201 3 100 8472 2.076427095
11 203 3 100 608827 2.076432932
15 195 3 100 2367116 2.076445711
0 199 3 100 998421 2.076459892
1 204 3 100 8546 2.076476348
14 193 3 100 7880030 2.076486783
1 200 3 100 96191 2.076488869
15 200 3 100 153203 2.076503578
5 207 3 100 1618816 2.076509666
4 193 3 100 13323945 2.076526942
2 198 3 100 82981 2.076535900
15 193 3 100 4528 2.076609155
14 197 3 100 78446 2.076615606
0 201 3 100 72883 2.076623920
4 195 3 100 7565537 2.076634652
5 196 3 100 1732038 2.076643077
0 207 3 100 5308441 2.076654235
6 200 3 100 12391 2.076671212
10 207 3 100 192557 2.076672956
13 195 3 100 16342333 2.076686990
15 193 3 100 2578768 2.076700339
8 192 3 100 702 2.076706508
4 204 3 100 1364 2.076711177
7 193 3 100 41444 2.076716489
11 202 3 100 242775 2.076717646
8 194 3 100 740686 2.076718277
5 199 3 100 3690 2.076728899
11 194 3 100 6586 2.076740334
9 207 3 100 3521329 2.076746298
15 199 3 100 280613 2.076760019
5 206 3 100 49187 2.076763035
2 199 3 100 387264 2.076781667
2 206 3 100 49583 2.076785201
13 194 3 100 39080 2.076787122
6 201 3 100 5055 2.076814177
1 199 3 100 825 2.076814438
3 193 3 100 4462456 2.076837146
1 204 3 100 38448 2.076843651
12 199 3 100 2300448 2.076845272
3 204 3 100 13475377 2.076882760
9 193 3 100 60007 2.076910457
8 205 3 100 72988 2.076914919
7 205 3 100 1449788 2.076919719
2 206 3 100 24492 2.076923589
9 201 3 100 1568042 2.076941632
12 206 3 100 810000 2.076942766
0 194 3 100 53112 2.076947958
15 200 3 100 28758 2.076948457
6 198 3 100 8486355 2.076957625
1 201 3 100 939262 2.076959220
15 193 3 100 1068898 2.076976197
4 197 3 100 1462212 2.076986638
2 195 3 100 2350712 2.076987616
15 194 3 100 50078 2.077019372
7 194 3 100 20815 2.077051487
11 193 3 100 3052 2.077061846
1 196 3 100 57369 2.077071072
2 193 3 100 4779538 2.077077526
5 205 3 100 7829668 2.077089635
11 193 3 100 1375 2.077095094
2 195 3 100 88032 2.077096632
15 204 3 100 160863 2.077099570
2 204 3 100 51019 2.077101358
1 206 3 100 4180 2.077101968
0 198 3 100 9431660 2.077112194
14 200 3 100 58244 2.077170289
0 198 3 100 4882070 2.077171425
3 195 3 100 11415 2.077172530
0 205 3 100 28784 2.077173391
8 198 3 100 46710 2.077178119
4 205 3 100 40081 2.077209668
3 192 3 100 3013075 2.077222897
4 196 3 100 68261 2.077231515
5 196 3 100 26453 2.077235894
1 197 3 100 127085 2.077240688
15 205 3 100 79547 2.077257914
12 203 3 100 471912 2.077262599
6 204 3 100 29763 2.077283925
13 207 3 100 146086 2.077298439
6 200 3 100 7874610 2.077307305
14 199 3 100 167825 2.077319671
13 192 3 100 74897 2.077325564
3 199 3 100 657474 2.077338018
6 197 3 100 7936 2.077351963
12 205 3 100 21944222 2.077363545
7 197 3 100 5531 2.077364533
11 201 3 100 5473789 2.077381658
11 205 3 100 22923 2.077384900
13 202 3 100 20133 2.077385544
15 204 3 100 3886 2.077400865
5 193 3 100 600190 2.077403460
14 198 3 100 9193 2.077408858
6 195 3 100 27155 2.077414055
3 200 3 100 519303 2.077424419
1 197 3 100 118300 2.077437449
2 207 3 100 1444507 2.077450022
3 196 3 100 95071 2.077478424
11 199 3 100 34023 2.077478907
8 197 3 100 1953179 2.077481082
8 199 3 100 3210207 2.077482028
0 198 3 100 1605700 2.077486959
14 201 3 100 51639 2.077499383
7 197 3 100 1144466 2.077505361
14 202 3 100 9523 2.077507973
10 206 3 100 3104 2.077508720
13 204 3 100 8565 2.077525975
10 197 3 100 1988639 2.077534748
13 200 3 100 23935017 2.077535761
9 201 3 100 198037 2.077544241
13 198 3 100 845792 2.077550864
4 204 3 100 4328975 2.077560502
2 202 3 100 29081975 2.077564887
3 203 3 100 53862 2.077581947
0 200 3 100 6349 2.077588564
11 204 3 100 46148 2.077591262
4 198 3 100 23725 2.077603252
2 205 3 100 47219 2.077609486
14 206 3 100 12078 2.077620277
10 207 3 100 735272 2.077621710
11 201 3 100 21205 2.077628446
3 193 3 100 327063 2.077638034
11 207 3 100 47473 2.077639420
13 207 3 100 45675 2.077658892
12 204 3 100 19161101 2.077668591
12 204 3 100 490777 2.077672840
13 202 3 100 20862 2.077677092
2 203 3 100 58747 2.077677847
12 198 3 100 4550087 2.077680068
15 203 3 100 12700 2.077684126
1 205 3 100 79762 2.077729795
8 204 3 100 4830239 2.077740333
11 200 3 100 166582 2.077744231
14 200 3 100 25294 2.077748214
2 195 3 100 55274 2.077759651
5 202 3 100 20783 2.077760462
15 192 3 100 38923 2.077765017
10 205 3 100 25476 2.077792118
7 200 3 100 693 2.077804581
8 203 3 100 300326 2.077813902
2 198 3 100 16472 2.077828791
5 199 3 100 681732 2.077833054
10 199 3 100 2337803 2.077838196
3 207 3 100 16537 2.077841852
3 198 3 100 52900 2.077847142
0 200 3 100 4218919 2.077869921
1 199 3 100 491395 2.077878256
1 193 3 100 11007 2.077887971
5 195 3 100 16747 2.077894103
0 198 3 100 656669 2.077942213
10 200 3 100 29005 2.077942536
7 206 3 100 4149693 2.077949744
8 196 3 100 4087344 2.077973442
4 193 3 100 9675 2.077983120
3 203 3 100 41998 2.077987934
4 197 3 100 14334696 2.078007560
10 201 3 100 78174 2.078062353
6 204 3 100 131760 2.078078788
13 200 3 100 26448 2.078080340
0 195 3 100 9025 2.078087313
1 207 3 100 22551 2.078091176
2 194 3 100 954125 2.078096728
13 207 3 100 3780 2.078097894
11 201 3 100 1110200 2.078121383
8 198 3 100 2960 2.078131175
15 206 3 100 28496 2.078143573
5 206 3 100 31538 2.078159208
13 200 3 100 3266227 2.078198816
14 205 3 100 5916 2.078198864
1 195 3 100 190278 2.078227571
0 206 3 100 851 2.078227785
8 206 3 100 4042103 2.078229216
6 196 3 100 2714 2.078250419
3 207 3 100 1388 2.078269536
4 197 3 100 1776017 2.078320911
14 193 3 100 1659984 2.078329271
10 199 3 100 59425 2.078342022
4 197 3 100 39774 2.078349627
9 201 3 100 27201 2.078354103
6 194 3 100 4703763 2.078365444
15 205 3 100 9474001 2.078396449
6 197 3 100 35018 2.078396779
0 197 3 100 4539 2.078396812
1 193 3 100 38673 2.078408955
7 206 3 100 702848 2.078411173
7 207 3 100 183749 2.078419545
6 206 3 100 23527 2.078436276
4 195 3 100 15102 2.078446188
5 203 3 100 18685 2.078475244
12 204 3 100 40844 2.078480929
0 200 3 100 78673 2.078487342
9 198 3 100 36308 2.078509175
2 205 3 100 15946316 2.078518685
12 206 3 100 1398851 2.078527888
12 201 3 100 50544 2.078528664
2 204 3 100 78798 2.078579104
11 194 3 100 420744 2.078586241
9 196 3 100 2970428 2.078613102
12 207 3 100 61980 2.078623347
3 193 3 100 23285 2.078643759
15 200 3 100 38817 2.078672030
12 204 3 100 3275306 2.078713342
5 196 3 100 686033 2.078716289
1 195 3 100 11865837 2.078739548
15 197 3 100 933593 2.078770102
15 204 3 100 105523 2.078794249
5 203 3 100 73523 2.078820961
11 199 3 100 22422 2.078824079
15 204 3 100 20424058 2.078825382
3 197 3 100 662867 2.078831790
11 200 3 100 9607 2.078833605
5 203 3 100 3551183 2.078849135
4 200 3 100 1834162 2.078852773
13 195 3 100 44011 2.078896659
15 193 3 100 34450 2.078915744
4 205 3 100 68987 2.078930259
11 195 3 100 7839182 2.078943278
1 198 3 100 1833 2.078946623
11 199 3 100 67412 2.078950595
13 194 3 100 1537144 2.078956897
2 196 3 100 38595 2.078958761
6 205 3 100 3328832 2.078960344
14 196 3 100 16460 2.078962070
15 198 3 100 1451163 2.079016955
3 193 3 100 684385 2.079033622
2 207 3 100 40795 2.079038052
2 194 3 100 29796 2.079060542
4 200 3 100 627107 2.079072707
13 202 3 100 27248 2.079074307
15 200 3 100 3909948 2.079084313
7 198 3 100 58072 2.079085404
7 201 3 100 36512 2.079090267
5 202 3 100 283514 2.079102723
10 193 3 100 182974 2.079111288
0 199 3 100 769050 2.079117160
7 196 3 100 716997 2.079121282
12 201 3 100 6357 2.079129861
5 206 3 100 9453 2.079149546
13 196 3 100 2707 2.079150304
7 197 3 100 8874 2.079152190
6 197 3 100 31187 2.079154843
5 199 3 100 898124 2.079164348
4 200 3 100 17346 2.079181304
9 206 3 100 40661 2.079181872
7 195 3 100 7049 2.079187104
3 200 3 100 144 2.079187607
6 199 3 100 1173 2.079188428
2 207 3 100 341387 2.079239349
13 192 3 100 37286 2.079263738
7 195 3 100 4276 2.079271975
3 201 3 100 51132 2.079286317
10 198 3 100 22801 2.079286888
4 202 3 100 27777783 2.079307974
3 205 3 100 51664 2.079310779
9 198 3 100 36516 2.079338020
0 198 3 100 7425 2.079362559
3 203 3 100 73808 2.079365692
0 206 3 100 69256 2.079408459
3 194 3 100 6866609 2.079414111
15 192 3 100 152189 2.079426883
1 206 3 100 571 2.079431483
2 192 3 100 31257 2.079437693
15 192 3 100 53277 2.079439170
15 207 3 100 9712 2.079439668
6 198 3 100 7846 2.079454949
11 205 3 100 28232 2.079456136
11 207 3 100 6438828 2.079456231
13 200 3 100 7152 2.079464389
0 204 3 100 20393 2.079472090
6 193 3 100 955173 2.079485549
2 203 3 100 8636809 2.079504364
2 199 3 100 506823 2.079508508
1 195 3 100 46698 2.079545484
0 196 3 100 31870 2.079570266
1 207 3 100 14197758 2.079575536
15 202 3 100 32884 2.079576349
12 195 3 100 3977242 2.079595235
2 198 3 100 135635 2.079606596
12 202 3 100 58831 2.079613864
11 192 3 100 55822 2.079614479
5 196 3 100 1241571 2.079621184
0 204 3 100 56363 2.079650574
0 201 3 100 6956491 2.079658188
8 201 3 100 122032 2.079668243
8 193 3 100 24706315 2.079690458
12 201 3 100 166554 2.079696882
6 206 3 100 17603650 2.079698726
12 193 3 100 1833913 2.079709048
6 204 3 100 207403 2.079718347
1 197 3 100 108638 2.079719385
11 203 3 100 74520 2.079727472
15 205 3 100 5076131 2.079739699
4 194 3 100 8217559 2.079750948
4 207 3 100 3503 2.079755241
0 197 3 100 8452 2.079756345
1 198 3 100 15548222 2.079761948
6 194 3 100 334310 2.079776564
0 193 3 100 14899570 2.079805160
4 203 3 100 17379 2.079816521
1 194 3 100 15853290 2.079824715
7 207 3 100 4166336 2.079847381
4 200 3 100 79827 2.079848541
4 203 3 100 19818 2.079862550
12 196 3 100 26988 2.079865814
10 200 3 100 1459 2.079872961
11 199 3 100 1237419 2.079874373
5 205 3 100 759096 2.079879036
3 207 3 100 39751 2.079888288
14 206 3 100 7013104 2.079889741
10 200 3 100 46617 2.079897172
5 200 3 100 3310678 2.079907455
0 203 3 100 8280672 2.079920173
1 196 3 100 1939529 2.079942299
14 199 3 100 5139 2.079970401
0 203 3 100 23398 2.079971764
10 196 3 100 3870 2.079980935
10 199 3 100 28344849 2.080001132
6 205 3 100 171919 2.080011972
3 205 3 100 21772 2.080012330
7 196 3 100 15213 2.080014090
9 202 3 100 26723 2.080016482
4 202 3 100 177575 2.080016993
12 201 3 100 1382504 2.080021671
5 195 3 100 36294 2.080022864
1 193 3 100 40789 2.080029669
11 207 3 100 35747 2.080070624
9 207 3 100 31162 2.080079348
4 198 3 100 33733 2.080085222
11 193 3 100 75645 2.080101135
8 206 3 100 1556 2.080107337
4 203 3 100 4528006 2.080135969
1 203 3 100 149487 2.080155933
4 201 3 100 5705 2.080158534
14 195 3 100 29639 2.080162228
14 192 3 100 67037 2.080164143
8 192 3 100 1076994 2.080167215
4 205 3 100 5885280 2.080184272
5 203 3 100 9530 2.080199064
12 200 3 100 27775 2.080212912
12 198 3 100 53917 2.080217737
15 196 3 100 1062914 2.080227871
4 206 3 100 1292 2.080231200
13 196 3 100 45380 2.080235835
11 199 3 100 51992 2.080242464
9 205 3 100 59307 2.080242743
14 195 3 100 49799 2.080245874
10 193 3 100 72026 2.080252541
8 193 3 100 1338606 2.080252718
1 196 3 100 490 2.080255164
11 200 3 100 1998839 2.080260790
2 200 3 100 4275 2.080265629
7 201 3 100 25509 2.080269440
0 206 3 100 56333 2.080270277
4 198 3 100 13524 2.080280803
4 204 3 100 1863379 2.080283912
10 200 3 100 20829 2.080305143
2 192 3 100 18517 2.080324587
9 207 3 100 2537925 2.080324661
0 197 3 100 3950556 2.080327405
6 192 3 100 3216531 2.080335131
10 194 3 100 6400 2.080340144
11 193 3 100 7669 2.080349963
6 200 3 100 48622 2.080352081
7 197 3 100 2986370 2.080357286
7 204 3 100 5558914 2.080358522
15 201 3 100 1246079 2.080361033
4 202 3 100 22365 2.080367635
6 197 3 100 762859 2.080368656
10 192 3 100 7696 2.080371345
9 197 3 100 18668 2.080376860
12 197 3 100 55666 2.080377241
13 193 3 100 821676 2.080384100
9 202 3 100 40152 2.080400649
6 198 3 100 27286 2.080402026
12 206 3 100 8162 2.080407511
13 194 3 100 47190 2.080417640
14 195 3 100 21319 2.080423371
8 193 3 100 5446481 2.080427470
6 199 3 100 4925125 2.080433342
7 202 3 100 5083778 2.080437359
11 196 3 100 39408 2.080454972
13 192 3 100 1263152 2.080500009
7 197 3 100 65519 2.080505912
5 205 3 100 42845 2.080523058
15 196 3 100 7149441 2.080527619
1 202 3 100 5742 2.080544734
2 203 3 100 794781 2.080548792
14 197 3 100 143792 2.080566627
11 202 3 100 3292888 2.080579281
2 207 3 100 1553 2.080582655
0 201 3 100 4614 2.080588905
14 202 3 100 6336890 2.080600814
4 193 3 100 6410 2.080612992
12 205 3 100 708352 2.080615357
7 194 3 100 3729924 2.080616334
7 195 3 100 5810774 2.080633530
10 207 3 100 3014724 2.080652285
0 193 3 100 6572 2.080679576
6 201 3 100 24501 2.080682208
8 203 3 100 1783700 2.080692082
5 205 3 100 280067 2.080702909
9 194 3 100 17204 2.080723780
7 200 3 100 3265760 2.080737067
1 204 3 100 5653 2.080742581
9 205 3 100 34921 2.080748079
14 195 3 100 9309 2.080753760
4 200 3 100 59902 2.080755683
10 199 3 100 756344 2.080761426
15 200 3 100 556600 2.080775843
12 195 3 100 47860 2.080785488
8 199 3 100 616553 2.080787156
15 207 3 100 35966 2.080796353
8 195 3 100 13653927 2.080814796
14 194 3 100 429192 2.080828188
0 197 3 100 69543 2.080829762
9 197 3 100 1177124 2.080846199
5 203 3 100 2865989 2.080851072
10 207 3 100 72733 2.080854610
1 200 3 100 22867 2.080862442
13 198 3 100 4414 2.080867317
0 200 3 100 6034 2.080889385
14 202 3 100 3608259 2.080903023
14 196 3 100 6375786 2.080910970
5 206 3 100 1765 2.080943253
12 206 3 100 16233 2.080965933
6 195 3 100 2472 2.080979082
13 207 3 100 2677451 2.080986744
1 200 3 100 15449 2.080991814
6 199 3 100 3867284 2.081001982
14 202 3 100 388 2.081010762
12 206 3 100 5509226 2.081039652
10 199 3 100 21474 2.081052965
13 206 3 100 27735 2.081065463
4 196 3 100 76827 2.081065781
3 200 3 100 72182 2.081069072
5 198 3 100 3258 2.081094575
7 205 3 100 321315 2.081100925
0 203 3 100 79466 2.081117301
14 203 3 100 56272 2.081129343
2 196 3 100 1736275 2.081129674
9 196 3 100 14424 2.081135052
6 206 3 100 4198769 2.081140507
8 205 3 100 624131 2.081140596
14 195 3 100 4481897 2.081145642
2 201 3 100 5171741 2.081155879
0 206 3 100 488702 2.081156508
13 195 3 100 23186333 2.081163137
4 197 3 100 7727627 2.081166938
12 201 3 100 1108419 2.081182988
14 197 3 100 32988 2.081190304
0 201 3 100 635538 2.081192066
7 194 3 100 342314 2.081240677
4 199 3 100 90615 2.081241824
6 192 3 100 999489 2.081249046
0 207 3 100 60461 2.081256518
14 192 3 100 1948860 2.081256874
4 204 3 100 158248 2.081257691
2 199 3 100 30443 2.081265612
0 199 3 100 8324 2.081270878
0 202 3 100 120643 2.081278306
0 205 3 100 359877 2.081280034
10 206 3 100 29999669 2.081317620
14 196 3 100 15482 2.081322703
2 202 3 100 136796 2.081323252
4 198 3 100 13910 2.081353634
5 196 3 100 929524 2.081361777
11 203 3 100 3578414 2.081363432
7 202 3 100 1878196 2.081370334
0 192 3 100 138388 2.081373386
3 200 3 100 763272 2.081380300
13 198 3 100 4112 2.081386169
5 196 3 100 14459971 2.081392012
7 196 3 100 7762 2.081407087
5 194 3 100 4214419 2.081435491
2 207 3 100 1239351 2.081450896
2 196 3 100 6222973 2.081463461
15 196 3 100 35359 2.081475680
5 200 3 100 4320024 2.081476110
15 193 3 100 9152882 2.081489742
6 196 3 100 31270 2.081495707
6 198 3 100 128361 2.081503511
11 195 3 100 1402936 2.081537893
2 193 3 100 597806 2.081549972
12 201 3 100 684521 2.081558365
14 200 3 100 33513 2.081561886
2 203 3 100 3561978 2.081570583
10 203 3 100 3950 2.081570881
3 193 3 100 29416808 2.081572193
0 205 3 100 21368 2.081585549
11 192 3 100 65850 2.081585737
9 207 3 100 26200 2.081606436
6 194 3 100 4013245 2.081608276
0 195 3 100 77594 2.081609952
12 195 3 100 8341799 2.081633111
1 197 3 100 3588784 2.081635101
6 193 3 100 38386 2.081644600
11 192 3 100 2743 2.081650251
1 201 3 100 38917 2.081656561
12 201 3 100 6803 2.081658414
13 207 3 100 1327518 2.081681185
6 201 3 100 53642 2.081682508
11 193 3 100 1912968 2.081693150
2 201 3 100 3914378 2.081703455
15 202 3 100 1773969 2.081708674
1 200 3 100 9779 2.081709315
7 194 3 100 230997 2.081731711
15 205 3 100 19747 2.081751424
1 202 3 100 1382 2.081754208
8 200 3 100 65284 2.081764244
0 203 3 100 278879 2.081765549
0 197 3 100 9453 2.081776727
4 202 3 100 79768 2.081779535
5 206 3 100 262651 2.081785675
3 205 3 100 9455 2.081789121
15 204 3 100 1717028 2.081800450
7 196 3 100 21032 2.081808433
5 207 3 100 9286 2.081820396
6 195 3 100 1951627 2.081825389
13 203 3 100 3061272 2.081833072
13 199 3 100 20656 2.081833182
6 204 3 100 3980519 2.081834967
12 203 3 100 21098 2.081835237
8 198 3 100 1001752 2.081836155
0 198 3 100 67435 2.081838625
15 194 3 100 1570596 2.081842315
3 198 3 100 1155175 2.081848759
10 201 3 100 6621761 2.081864060
3 204 3 100 4336117 2.081865339
4 202 3 100 6224104 2.081877058
15 201 3 100 50006 2.081879060
0 198 3 100 21748 2.081895856
9 195 3 100 1506450 2.081898530
0 207 3 100 4869 2.081911504
6 204 3 100 1902 2.081916569
10 198 3 100 4408490 2.081917791
10 194 3 100 2360573 2.081925968
13 192 3 100 32599 2.081927664
9 205 3 100 3482930 2.081944944
12 207 3 100 6956664 2.081945560
8 206 3 100 41610 2.081965645
5 207 3 100 3441631 2.081967661
8 200 3 100 9989 2.081972388
12 203 3 100 5795 2.081977354
9 202 3 100 22665 2.081977608
0 207 3 100 730073 2.081979117
15 194 3 100 156069 2.081984688
15 202 3 100 76898 2.082001462
1 203 3 100 7928 2.082011060
14 201 3 100 163575 2.082020759
7 192 3 100 62220 2.082037817
13 196 3 100 20200607 2.082049887
7 193 3 100 5458813 2.082050461
6 204 3 100 4908058 2.082069288
8 192 3 100 63632 2.082079651
1 193 3 100 1948652 2.082095172
3 193 3 100 98951 2.082109405
11 201 3 100 52192 2.082135324
2 194 3 100 339682 2.082150585
5 206 3 100 9789357 2.082151750
4 203 3 100 1161911 2.082159807
0 198 3 100 49762 2.082164284
6 197 3 100 66629 2.082188977
12 207 3 100 11152 2.082233061
13 197 3 100 24219 2.082243743
9 194 3 100 28915 2.082269473
0 204 3 100 20773 2.082272771
8 207 3 100 1955660 2.082290273
0 206 3 100 4456174 2.082293659
7 200 3 100 28399472 2.082303283
3 200 3 100 29429 2.082335088
9 204 3 100 27941 2.082338586
8 193 3 100 67870 2.082342202
9 195 3 100 6444 2.082350344
13 198 3 100 6356 2.082360152
13 194 3 100 512186 2.082362043
0 200 3 100 1046775 2.082366037
9 195 3 100 1110375 2.082400349
6 202 3 100 6693 2.082407068
3 196 3 100 930409 2.082408872
10 198 3 100 1564 2.082412689
13 200 3 100 228 2.082413320
15 198 3 100 64147 2.082425632
9 204 3 100 18759921 2.082438273
15 205 3 100 47358 2.082440982
2 202 3 100 1310367 2.082446286
7 197 3 100 6845615 2.082454504
3 207 3 100 19901 2.082475308
11 200 3 100 69881 2.082484264
4 196 3 100 1893 2.082491443
12 206 3 100 730220 2.082524038
11 200 3 100 303 2.082551935
11 205 3 100 667 2.082583923
8 195 3 100 5143 2.082587690
10 196 3 100 812107 2.082588720
6 198 3 100 25594 2.082592532
1 205 3 100 3213 2.082613021
7 196 3 100 3822562 2.082627743
2 197 3 100 148971 2.082628783
9 196 3 100 15249 2.082638123
3 207 3 100 36688 2.082643720
11 193 3 100 71835 2.082659187
15 207 3 100 9433810 2.082670797
15 204 3 100 8749542 2.082673066
6 197 3 100 225215 2.082687472
4 192 3 100 51543 2.082710516
8 204 3 100 47985 2.082718286
0 202 3 100 653898 2.082718404
2 199 3 100 77452 2.082721890
4 203 3 100 5642 2.082729752
4 198 3 100 1957 2.082738526
2 192 3 100 50961 2.082744011
15 192 3 100 9233 2.082749678
15 205 3 100 27650863 2.082752605
14 203 3 100 7953692 2.082770685
6 201 3 100 44439 2.082800350
13 202 3 100 35847 2.082807996
8 192 3 100 68640 2.082818425
6 192 3 100 40068 2.082819471
4 201 3 100 13687033 2.082826112
0 194 3 100 22317 2.082829648
3 203 3 100 874037 2.082832031
13 200 3 100 739308 2.082854924
11 207 3 100 21187 2.082857199
9 204 3 100 1001182 2.082864725
5 193 3 100 3551 2.082875789
11 207 3 100 71359 2.082905984
4 194 3 100 2325924 2.082911745
4 198 3 100 65849 2.082933620
13 202 3 100 22816 2.082938711
0 198 3 100 28162 2.082941259
4 198 3 100 74069 2.082948858
12 204 3 100 1655565 2.082972972
11 194 3 100 57378 2.082974185
7 195 3 100 52697 2.082994144
5 195 3 100 195039 2.082996463
4 200 3 100 1195 2.083016757
8 192 3 100 34905 2.083020764
10 202 3 100 8271 2.083027846
2 205 3 100 1437006 2.083027926
0 200 3 100 1947167 2.083088847
15 205 3 100 39983 2.083141682
13 198 3 100 68385 2.083153410
14 193 3 100 9591 2.083167259
0 207 3 100 52727 2.083175460
0 193 3 100 5296593 2.083177962
9 207 3 100 25608 2.083182208
12 206 3 100 233269 2.083188893
12 206 3 100 45006 2.083196297
15 194 3 100 2918297 2.083224398
8 193 3 100 29886 2.083254261
1 203 3 100 31837 2.083287998
8 195 3 100 1412664 2.083293529
4 197 3 100 8281513 2.083294980
2 195 3 100 990375 2.083308559
3 204 3 100 24554 2.083314604
13 204 3 100 52796 2.083337825
4 197 3 100 1090410 2.083347372
13 193 3 100 5742 2.083348533
0 197 3 100 1825531 2.083369497
6 206 3 100 4617732 2.083379796
3 202 3 100 1973656 2.083385581
15 199 3 100 750634 2.083391258
12 201 3 100 7034 2.083400085
4 202 3 100 78443 2.083406826
2 196 3 100 39822 2.083411506
6 193 3 100 52672 2.083423479
9 203 3 100 521 2.083426036
9 206 3 100 46782 2.083465821
3 205 3 100 29169917 2.083475762
15 202 3 100 635557 2.083476487
1 195 3 100 23470 2.083525249
9 195 3 100 456083 2.083553136
10 199 3 100 20270 2.083555639
6 201 3 100 1210603 2.083558460
4 199 3 100 421793 2.083561735
14 192 3 100 51026 2.083567833
3 202 3 100 87355 2.083570377
3 201 3 100 25436 2.083572746
7 206 3 100 825226 2.083573011
1 195 3 100 5110041 2.083582440
11 207 3 100 19683 2.083600143
15 193 3 100 5129 2.083601824
0 206 3 100 2621 2.083605079
13 197 3 100 538330 2.083607841
1 200 3 100 1438874 2.083618599
12 201 3 100 57740 2.083655851
12 196 3 100 17689 2.083657589
9 194 3 100 38507 2.083672562
8 197 3 100 1071693 2.083673655
12 199 3 100 12178437 2.083687405
8 207 3 100 1519736 2.083689616
5 203 3 100 51197 2.083693018
1 198 3 100 3394 2.083720572
12 204 3 100 4720 2.083731955
11 202 3 100 6632 2.083745277
7 193 3 100 88903 2.083750154
6 195 3 100 8123261 2.083758349
13 193 3 100 10949 2.083769545
9 200 3 100 240199 2.083771551
13 207 3 100 2261 2.083789601
3 192 3 100 19581274 2.083790132
10 204 3 100 61102 2.083792875
13 205 3 100 61042 2.083827616
14 198 3 100 68284 2.083831850
15 194 3 100 844815 2.083868228
10 194 3 100 52843 2.083885812
7 195 3 100 337061 2.083900130
6 203 3 100 4592228 2.083902601
2 207 3 100 36394 2.083903845
12 200 3 100 38065 2.083905367
12 198 3 100 347552 2.083959769
4 198 3 100 3328397 2.083964763
7 199 3 100 4274673 2.083965400
1 203 3 100 689403 2.083972418
3 195 3 100 3853594 2.084015124
8 203 3 100 26821 2.084027328
7 194 3 100 14731 2.084041349
12 193 3 100 10529 2.084042120
8 196 3 100 1427850 2.084048641
12 192 3 100 626984 2.084056558
1 199 3 100 3520 2.084068217
11 206 3 100 803009 2.084081754
13 196 3 100 1532012 2.084081899
3 204 3 100 1554280 2.084082574
7 197 3 100 5251 2.084110582
0 207 3 100 184849 2.084111006
2 193 3 100 4256720 2.084120404
13 195 3 100 14218 2.084121558
7 204 3 100 23417 2.084125809
0 206 3 100 653658 2.084127435
7 206 3 100 20016 2.084130979
11 194 3 100 696181 2.084139278
6 194 3 100 535856 2.084146279
3 197 3 100 286150 2.084153655
13 198 3 100 496641 2.084159960
0 196 3 100 2168822 2.084165018
11 196 3 100 18279 2.084167113
14 202 3 100 973590 2.084181021
10 196 3 100 48027 2.084188114
11 206 3 100 1548090 2.084190283
0 205 3 100 35823 2.084194496
10 200 3 100 28933 2.084195227
15 194 3 100 7721899 2.084196514
9 205 3 100 11464905 2.084221628
1 205 3 100 981853 2.084256832
14 192 3 100 4291 2.084262932
7 202 3 100 9439356 2.084270803
0 194 3 100 2739199 2.084277342
11 196 3 100 40356 2.084287693
3 204 3 100 25912 2.084306262
9 197 3 100 1335474 2.084337053
13 197 3 100 4276 2.084338821
6 200 3 100 2088 2.084357542
8 198 3 100 4245694 2.084358046
8 205 3 100 38872 2.084361456
13 204 3 100 7511301 2.084366098
1 195 3 100 1732331 2.084368402
5 196 3 100 6876294 2.084371953
12 203 3 100 559668 2.084390900
13 198 3 100 24048 2.084391902
13 197 3 100 25375 2.084398674
2 203 3 100 1630971 2.084408498
0 194 3 100 52405 2.084412904
0 201 3 100 1199055 2.084422957
11 193 3 100 46943 2.084425798
1 197 3 100 8100570 2.084435705
13 197 3 100 4654217 2.084436877
6 207 3 100 8358911 2.084479512
7 192 3 100 9320 2.084479837
7 194 3 100 852038 2.084481477
6 193 3 100 1012 2.084486605
3 201 3 100 1979 2.084525658
6 197 3 100 5464765 2.084547955
8 200 3 100 8239 2.084552010
14 202 3 100 1065133 2.084559800
11 207 3 100 300533 2.084577661
7 206 3 100 5405 2.084589741
1 193 3 100 29728 2.084597222
6 198 3 100 79891 2.084612426
11 201 3 100 80327 2.084618635
5 203 3 100 46181 2.084623705
7 198 3 100 9379673 2.084629349
10 203 3 100 4011849 2.084649421
8 203 3 100 65234 2.084651755
4 200 3 100 1430390 2.084674558
11 197 3 100 40506 2.084687907
12 200 3 100 42024 2.084750910
5 205 3 100 29091 2.084767758
3 201 3 100 8950 2.084771614
8 204 3 100 178535 2.084789537
11 196 3 100 61018 2.084800936
15 203 3 100 6664893 2.084825521
0 200 3 100 26842 2.084826015
4 203 3 100 9920 2.084831618
9 194 3 100 61927 2.084833858
1 195 3 100 1154 2.084853083
4 192 3 100 2213733 2.084855955
5 207 3 100 44368 2.084857103
13 192 3 100 106439 2.084888638
11 206 3 100 41424 2.084892692
14 196 3 100 4000 2.084907387
12 199 3 100 426279 2.084919907
8 198 3 100 25155 2.084922894
4 200 3 100 36375 2.084950251
7 193 3 100 1638756 2.084953950
13 206 3 100 53520 2.084961477
10 195 3 100 5242 2.084963039
9 199 3 100 16084 2.084967783
6 203 3 100 10679 2.084968419
15 198 3 100 21785 2.084977117
2 192 3 100 915083 2.085003896
6 202 3 100 1806242 2.085025099
3 202 3 100 78447 2.085037740
10 200 3 100 1818084 2.085074388
2 200 3 100 53799 2.085078311
8 200 3 100 62580 2.085078471
1 198 3 100 3157830 2.085079990
9 205 3 100 5546601 2.085084519
7 202 3 100 11661 2.085098959
13 199 3 100 963616 2.085119736
4 193 3 100 5321547 2.085122314
13 203 3 100 8355329 2.085152454
12 193 3 100 51686 2.085164321
9 197 3 100 472 2.085170223
6 206 3 100 42095 2.085172193
15 206 3 100 1342401 2.085182217
6 196 3 100 26553 2.085193146
13 201 3 100 19111 2.085209904
14 203 3 100 2158593 2.085210819
3 199 3 100 1257023 2.085213569
7 192 3 100 75645 2.085219290
0 202 3 100 20715 2.085225381
10 205 3 100 164279 2.085273997
10 192 3 100 27731 2.085277566
4 200 3 100 26258 2.085289839
4 203 3 100 29997 2.085300399
3 193 3 100 1804646 2.085301405
14 194 3 100 22612 2.085310573
11 201 3 100 2270 2.085311909
15 203 3 100 30958 2.085322916
5 206 3 100 5046 2.085331169
11 194 3 100 84796 2.085335062
12 205 3 100 8257784 2.085336438
4 201 3 100 751 2.085349307
5 202 3 100 3899 2.085366345
15 195 3 100 41739 2.085384962
1 196 3 100 1365433 2.085393432
5 196 3 100 36577 2.085393450
11 193 3 100 879 2.085407051
9 205 3 100 52492 2.085418741
6 202 3 100 26260 2.085420071
15 202 3 100 6617 2.085420410
7 207 3 100 78767 2.085440224
5 206 3 100 3947874 2.085460941
14 195 3 100 9653 2.085462499
1 202 3 100 53220 2.085492467
10 206 3 100 6208 2.085494067
14 200 3 100 57765 2.085519911
6 206 3 100 42153 2.085547337
14 207 3 100 54190 2.085550548
0 204 3 100 1959297 2.085575526
12 195 3 100 47382 2.085582513
0 205 3 100 29216 2.085584222
7 206 3 100 41324 2.085646904
9 199 3 100 55864 2.085650985
8 194 3 100 2950468 2.085698420
2 195 3 100 9195679 2.085761881
7 194 3 100 5967 2.085800230
1 206 3 100 9621766 2.085802640
8 192 3 100 1181982 2.085810997
5 204 3 100 103021 2.085822550
11 197 3 100 20842 2.085830912
3 194 3 100 6586 2.085833036
10 196 3 100 9034 2.085847866
1 193 3 100 175108 2.085866898
12 205 3 100 8156 2.085892867
6 201 3 100 20387 2.085899225
13 205 3 100 2987904 2.085900647
9 202 3 100 269 2.085919569
4 201 3 100 3136272 2.085925328
15 198 3 100 594685 2.085940384
7 206 3 100 37567 2.085943223
15 206 3 100 9594 2.085970040
13 202 3 100 1615489 2.085970802
1 194 3 100 3418 2.085971025
5 200 3 100 33724 2.085979317
11 193 3 100 2272 2.085980008
9 192 3 100 22213588 2.085987902
2 196 3 100 5573 2.085988720
0 193 3 100 62281 2.086004110
8 203 3 100 9296868 2.086008226
11 197 3 100 1740746 2.086009884
12 195 3 100 41387 2.086015630
4 202 3 100 31015 2.086020426
13 195 3 100 1329520 2.086021758
4 203 3 100 3424908 2.086025383
4 206 3 100 42592 2.086025885
7 203 3 100 2792113 2.086028149
4 206 3 100 8701 2.086028676
11 199 3 100 32723 2.086040181
13 200 3 100 9298488 2.086042055
3 206 3 100 57902 2.086061602
12 201 3 100 711448 2.086066129
4 207 3 100 3180312 2.086066513
4 200 3 100 28165 2.086094810
12 199 3 100 67610 2.086105164
10 198 3 100 74752 2.086107736
11 207 3 100 6135265 2.086114527
2 206 3 100 755788 2.086119266
13 200 3 100 19354 2.086157730
7 198 3 100 1808307 2.086166120
2 205 3 100 25112 2.086168034
13 194 3 100 1928503 2.086180973
8 199 3 100 6213690 2.086189044
6 199 3 100 144024 2.086189781
4 206 3 100 105628 2.086196080
0 206 3 100 32411 2.086199926
5 207 3 100 4548532 2.086227924
0 207 3 100 6400 2.086228638
7 192 3 100 22755 2.086251484
0 204 3 100 880 2.086258008
9 195 3 100 25483 2.086262499
10 207 3 100 29015 2.086264082
4 194 3 100 28570 2.086270880
12 198 3 100 3372 2.086297111
6 198 3 100 6009 2.086306325
12 203 3 100 4983740 2.086335586
14 196 3 100 21925 2.086341013
8 206 3 100 1344387 2.086342886
6 203 3 100 40560 2.086372094
15 196 3 100 26094 2.086383009
10 193 3 100 28582 2.086387980
0 200 3 100 5094988 2.086391660
0 202 3 100 523970 2.086392429
0 207 3 100 325875 2.086395557
15 192 3 100 12696652 2.086427452
6 206 3 100 1811435 2.086440950
4 199 3 100 36890 2.086448997
2 196 3 100 1069918 2.086453230
3 198 3 100 40456 2.086459255
0 199 3 100 9583538 2.086467991
7 204 3 100 13079428 2.086474007
5 207 3 100 3391495 2.086475371
8 192 3 100 10902 2.086519951
14 200 3 100 129527 2.086537018
12 203 3 100 35515 2.086537164
8 204 3 100 77229 2.086541009
1 203 3 100 1373538 2.086546315
1 203 3 100 9633 2.086556290
14 204 3 100 3081890 2.086558582
1 205 3 100 1063096 2.086564638
10 205 3 100 558376 2.086570290
3 192 3 100 37875 2.086577059
15 204 3 100 8044282 2.086584806
6 207 3 100 6238 2.086585007
14 192 3 100 256199 2.086586304
9 206 3 100 6424409 2.086595039
14 198 3 100 50345 2.086605606
7 198 3 100 14605142 2.086608111
12 195 3 100 512312 2.086635719
14 201 3 100 44547 2.086640388
4 196 3 100 2180815 2.086643151
0 196 3 100 26536 2.086647051
14 207 3 100 1819669 2.086672198
12 193 3 100 33783 2.086678345
12 201 3 100 94586 2.086721779
6 201 3 100 9481 2.086726835
13 193 3 100 75419 2.086736428
4 203 3 100 923412 2.086750127
14 205 3 100 77675 2.086752350
11 202 3 100 76954 2.086759930
2 201 3 100 9540672 2.086765498
1 197 3 100 74572 2.086771039
12 199 3 100 26930 2.086789542
10 202 3 100 9899227 2.086825788
10 194 3 100 42410 2.086835560
6 206 3 100 15235 2.086842212
11 203 3 100 82251 2.086844939
0 195 3 100 32806 2.086877358
3 206 3 100 24047 2.086879868
9 207 3 100 14932 2.086884473
3 194 3 100 90276 2.086889665
6 200 3 100 3837853 2.086909160
3 200 3 100 23195 2.086910857
10 199 3 100 3946 2.086912978
3 204 3 100 29111 2.086933870
15 198 3 100 7635 2.086941613
15 203 3 100 16870 2.086947273
9 192 3 100 9982 2.086947768
12 199 3 100 48873 2.086963225
13 206 3 100 32773 2.086993312
14 199 3 100 27269 2.087010439
9 203 3 100 1879435 2.087022791
4 206 3 100 40334 2.087038641
13 193 3 100 5364352 2.087043608
7 204 3 100 545783 2.087050541
14 200 3 100 386525 2.087062330
12 204 3 100 60487 2.087074750
15 196 3 100 1773476 2.087086759
11 204 3 100 15694 2.087114378
8 192 3 100 22013 2.087114587
15 207 3 100 45033 2.087128328
2 201 3 100 3474108 2.087130681
12 204 3 100 20484 2.087131507
3 192 3 100 241660 2.087161944
15 202 3 100 1907423 2.087171729
15 195 3 100 903737 2.087173715
12 206 3 100 1909792 2.087187225
15 204 3 100 774052 2.087210645
0 200 3 100 1050818 2.087211845
6 203 3 100 31991 2.087236553
7 198 3 100 443737 2.087257192
13 203 3 100 369723 2.087262939
10 194 3 100 248713 2.087267493
9 200 3 100 1297256 2.087271536
4 196 3 100 43700 2.087278024
13 206 3 100 1231 2.087295524
15 194 3 100 2550739 2.087321804
5 201 3 100 22331 2.087326902
3 206 3 100 29891 2.087327268
9 192 3 100 9752244 2.087345378
3 194 3 100 43227 2.087358157
6 199 3 100 241845 2.087359263
12 195 3 100 989159 2.087360323
4 203 3 100 8593801 2.087378398
6 197 3 100 1651874 2.087387370
3 207 3 100 37009 2.087393376
6 198 3 100 967978 2.087395248
10 199 3 100 7297 2.087397569
7 206 3 100 626110 2.087398517
6 193 3 100 3888358 2.087407125
6 203 3 100 70265 2.087409720
1 198 3 100 51030 2.087421481
8 207 3 100 903119 2.087424665
9 199 3 100 380954 2.087429737
5 201 3 100 6944 2.087441299
10 203 3 100 333354 2.087451196
14 207 3 100 1008900 2.087451762
14 192 3 100 671259 2.087461369
14 193 3 100 18686969 2.087470049
4 207 3 100 2307 2.087482716
7 198 3 100 6499536 2.087488001
9 200 3 100 10043 2.087506620
2 207 3 100 18878 2.087513318
8 196 3 100 610565 2.087513552
12 202 3 100 52486 2.087527742
12 197 3 100 8145 2.087543246
3 203 3 100 1725149 2.087575090
5 196 3 100 39776 2.087580114
5 201 3 100 391975 2.087586959
10 202 3 100 4109063 2.087590221
7 197 3 100 12438 2.087601724
13 204 3 100 1506459 2.087605846
5 197 3 100 130650 2.087629727
13 204 3 100 1864 2.087634923
7 200 3 100 25353 2.087641324
9 202 3 100 23979 2.087641786
2 194 3 100 112189 2.087663225
4 200 3 100 37462 2.087665756
7 207 3 100 4466432 2.087679795
2 204 3 100 79954 2.087690953
3 194 3 100 607 2.087699906
1 192 3 100 164767 2.087707150
7 192 3 100 113061 2.087717418
1 197 3 100 6545 2.087720244
15 202 3 100 251247 2.087725127
4 193 3 100 2324519 2.087727433
5 201 3 100 4793903 2.087729042
10 192 3 100 25057 2.087744501
7 206 3 100 5514 2.087760329
7 197 3 100 2898774 2.087765507
8 192 3 100 116563 2.087775296
12 196 3 100 3050426 2.087795343
6 197 3 100 7297 2.087804967
14 197 3 100 12183274 2.087808899
8 201 3 100 8248396 2.087809628
12 198 3 100 67965 2.087835849
6 196 3 100 1496131 2.087840377
14 203 3 100 704606 2.087849903
0 206 3 100 375804 2.087886569
3 192 3 100 4158936 2.087889014
8 194 3 100 8510883 2.087898598
2 203 3 100 24256 2.087901439
0 199 3 100 2557525 2.087910126
2 200 3 100 28586 2.087939303
3 195 3 100 56937 2.087967191
12 192 3 100 85723 2.087982987
7 201 3 100 2890530 2.087995736
10 195 3 100 70999 2.088008871
7 195 3 100 47743 2.088012930
6 192 3 100 58040 2.088014187
1 204 3 100 8011 2.088018416
11 199 3 100 25937 2.088042560
2 207 3 100 1212259 2.088047289
13 207 3 100 895073 2.088050511
7 194 3 100 29741 2.088053220
2 200 3 100 41278 2.088062292
5 198 3 100 1221831 2.088069516
12 197 3 100 54970 2.088089897
0 192 3 100 7141 2.088097262
2 204 3 100 823622 2.088105834
2 193 3 100 21211 2.088112315
5 204 3 100 7298418 2.088134356
9 197 3 100 56748 2.088134383
3 198 3 100 11397 2.088135401
9 198 3 100 63484 2.088148650
2 206 3 100 1666342 2.088161864
13 207 3 100 29 2.088173500
10 197 3 100 29234 2.088180932
4 192 3 100 48913 2.088199797
4 199 3 100 9425 2.088208047
3 207 3 100 56919 2.088218284
11 198 3 100 181303 2.088219383
6 203 3 100 21597 2.088226214
15 202 3 100 21580 2.088226446
5 198 3 100 34059 2.088267191
2 192 3 100 34715 2.088279167
3 193 3 100 4413098 2.088280339
0 202 3 100 318510 2.088283334
9 199 3 100 61891 2.088283598
12 204 3 100 27484 2.088286881
1 193 3 100 2873461 2.088303576
10 203 3 100 19223 2.088310887
4 197 3 100 8331 2.088312665
11 192 3 100 73399 2.088312894
0 193 3 100 6615 2.088344952
6 198 3 100 9227 2.088358292
2 196 3 100 75631 2.088375629
10 202 3 100 2138200 2.088375729
9 205 3 100 13049 2.088391882
8 207 3 100 3514981 2.088392768
11 206 3 100 100002 2.088408780
14 195 3 100 1534354 2.088418731
10 202 3 100 2885642 2.088432942
6 196 3 100 1870445 2.088446063
15 202 3 100 23039172 2.088469610
11 199 3 100 1895283 2.088473212
0 194 3 100 4022049 2.088484344
3 193 3 100 29710 2.088491273
12 203 3 100 2487 2.088492811
11 199 3 100 996268 2.088507193
3 200 3 100 2251183 2.088516182
7 194 3 100 1111850 2.088522556
2 199 3 100 42803 2.088535016
11 201 3 100 18415 2.088538165
5 193 3 100 2969214 2.088552888
8 197 3 100 8640 2.088559275
4 197 3 100 35137 2.088587983
3 202 3 100 3927783 2.088588091
8 197 3 100 577392 2.088602164
4 193 3 100 60663 2.088605607
12 205 3 100 1584373 2.088614053
9 200 3 100 18270 2.088620817
12 199 3 100 35925 2.088621326
7 192 3 100 2219256 2.088623505
7 204 3 100 65725 2.088669604
4 192 3 100 20781 2.088677398
3 198 3 100 273837 2.088678235
15 192 3 100 1110 2.088687832
6 204 3 100 1000948 2.088697813
2 197 3 100 63382 2.088743657
3 196 3 100 5861 2.088743991
3 201 3 100 9951 2.088746165
9 207 3 100 946398 2.088751971
4 203 3 100 32716 2.088752186
3 206 3 100 6422 2.088757162
1 207 3 100 27809 2.088769352
14 200 3 100 19362 2.088773004
15 192 3 100 1916770 2.088781187
14 193 3 100 4915301 2.088782711
7 207 3 100 39878 2.088821262
10 194 3 100 66604 2.088835056
14 203 3 100 50218 2.088873238
4 200 3 100 716263 2.088875884
3 200 3 100 19940 2.088876547
5 197 3 100 61664 2.088878014
9 199 3 100 30564 2.088879711
14 197 3 100 57055 2.088885226
3 192 3 100 267617 2.088887846
6 207 3 100 30028 2.088892644
9 206 3 100 28427 2.088898471
0 204 3 100 70076 2.088916576
3 194 3 100 9137 2.088929150
13 200 3 100 16180 2.088933680
4 192 3 100 5020885 2.088950553
15 204 3 100 25300 2.088954499
3 198 3 100 80949 2.088955778
11 205 3 100 44234 2.088959193
2 200 3 100 66255 2.088961068
9 199 3 100 1721272 2.088962967
8 196 3 100 9381526 2.088972932
2 205 3 100 1408498 2.088973250
8 198 3 100 4385608 2.088989282
0 197 3 100 4713 2.088999810
6 198 3 100 381 2.089039247
9 197 3 100 3325 2.089039457
3 205 3 100 37359 2.089042509
7 201 3 100 793998 2.089042575
7 200 3 100 9316 2.089050002
2 197 3 100 12536 2.089056136
11 202 3 100 12809 2.089081295
4 202 3 100 35359 2.089094903
0 206 3 100 601652 2.089101450
15 193 3 100 108198 2.089104791
2 206 3 100 126313 2.089105324
6 195 3 100 65617 2.089119635
10 203 3 100 19134 2.089120549
7 202 3 100 1148290 2.089124608
0 193 3 100 23997 2.089128408
6 206 3 100 29423 2.089131607
13 194 3 100 71678 2.089138780
7 201 3 100 23418 2.089152268
11 201 3 100 2505259 2.089173586
12 207 3 100 82932 2.089216395
4 207 3 100 373460 2.089220280
6 197 3 100 306371 2.089234910
14 200 3 100 43051 2.089241813
1 199 3 100 1377134 2.089245211
1 203 3 100 22800354 2.089257361
1 207 3 100 3284257 2.089267587
13 193 3 100 429588 2.089288080
8 194 3 100 12087 2.089290953
4 196 3 100 8170 2.089294198
7 204 3 100 331755 2.089303238
0 205 3 100 3610104 2.089335672
13 202 3 100 731613 2.089352688
12 202 3 100 7073134 2.089356371
0 195 3 100 854477 2.089361537
6 202 3 100 6748 2.089364279
12 192 3 100 22384937 2.089382142
10 201 3 100 312615 2.089396645
13 196 3 100 22658 2.089413140
3 193 3 100 33261 2.089435425
14 202 3 100 2430195 2.089470338
7 195 3 100 71023 2.089470491
15 206 3 100 3651203 2.089490575
10 204 3 100 28959 2.089491687
14 205 3 100 1068555 2.089492385
15 203 3 100 7406 2.089531335
15 200 3 100 73831 2.089533422
6 194 3 100 24412008 2.089536518
15 207 3 100 795384 2.089539635
7 193 3 100 79099 2.089559397
7 206 3 100 3702906 2.089562941
3 206 3 100 53642 2.089570599
8 197 3 100 75547 2.089570852
6 199 3 100 15403 2.089576493
12 194 3 100 1177532 2.089592072
13 194 3 100 9116 2.089608655
4 193 3 100 26016372 2.089633972
0 198 3 100 2027509 2.089641373
15 197 3 100 37474 2.089645609
3 206 3 100 9243 2.089653593
14 202 3 100 8904 2.089670346
10 197 3 100 36783 2.089671995
3 195 3 100 1042429 2.089677531
1 207 3 100 24723 2.089686324
13 199 3 100 4721131 2.089698575
11 202 3 100 40747 2.089705558
1 197 3 100 29753861 2.089710455
2 194 3 100 186696 2.089710469
15 202 3 100 54903 2.089745224
14 192 3 100 7310 2.089745829
3 202 3 100 79995 2.089748351
11 201 3 100 69413 2.089760137
7 204 3 100 16293 2.089760689
9 197 3 100 2583 2.089773716
15 195 3 100 22228 2.089799274
4 201 3 100 51261 2.089802938
11 194 3 100 75189 2.089813797
15 194 3 100 27001 2.089838186
14 204 3 100 53497 2.089842178
5 206 3 100 21254627 2.089858982
10 196 3 100 36312 2.089881954
0 203 3 100 308285 2.089884464
5 196 3 100 996292 2.089894461
9 198 3 100 1463 2.089906824
15 195 3 100 681845 2.089926343
12 204 3 100 6103 2.089939113
14 198 3 100 11039 2.089959321
5 206 3 100 5556 2.089967391
11 206 3 100 45173 2.089976010
12 202 3 100 22443 2.089986970
3 205 3 100 47259 2.089997541
13 196 3 100 9119 2.089997594
5 196 3 100 22466 2.090037865
1 204 3 100 794 2.090039712
9 203 3 100 996031 2.090059240
11 196 3 100 36267 2.090066258
14 204 3 100 3342024 2.090071370
5 194 3 100 42077 2.090094301
12 194 3 100 29631145 2.090095438
6 193 3 100 78058 2.090130793
1 196 3 100 6408440 2.090151344
7 192 3 100 707175 2.090170662
3 195 3 100 23467862 2.090175582
8 196 3 100 101673 2.090199035
7 194 3 100 24759775 2.090210748
14 206 3 100 77928 2.090212881
5 195 3 100 23929 2.090239269
5 195 3 100 61849 2.090246443
4 195 3 100 67765 2.090256399
0 200 3 100 653 2.090256875
0 202 3 100 32922 2.090258567
10 197 3 100 70068 2.090264989
11 195 3 100 7771 2.090282362
2 202 3 100 3853488 2.090290052
10 202 3 100 4902137 2.090307273
11 206 3 100 2919634 2.090316251
8 197 3 100 21516826 2.090320051
0 207 3 100 9173 2.090330245
7 201 3 100 765770 2.090363580
1 207 3 100 28225 2.090370940
9 197 3 100 4061825 2.090378438
2 194 3 100 151470 2.090390763
7 207 3 100 1535000 2.090411164
5 201 3 100 34661 2.090411777
15 198 3 100 29891 2.090412821
6 202 3 100 174604 2.090417898
6 203 3 100 9489 2.090432445
9 194 3 100 2320874 2.090434134
0 205 3 100 8646 2.090440029
15 198 3 100 162080 2.090443535
7 194 3 100 8579 2.090444820
12 205 3 100 1038168 2.090460023
8 198 3 100 24679 2.090462015
6 195 3 100 27691087 2.090465473
4 203 3 100 8576305 2.090514925
2 197 3 100 6976924 2.090531230
1 199 3 100 4334 2.090531715
15 197 3 100 1419711 2.090536271
7 205 3 100 4831382 2.090578352
9 198 3 100 18810 2.090580758
1 199 3 100 1681006 2.090589490
6 206 3 100 59438 2.090614378
8 192 3 100 4407 2.090617429
15 207 3 100 19430291 2.090618084
6 198 3 100 57057 2.090621192
1 194 3 100 14050542 2.090652340
1 200 3 100 55651 2.090667242
5 207 3 100 2294290 2.090677262
6 195 3 100 22641 2.090679222
15 201 3 100 1801635 2.090683328
13 193 3 100 1143545 2.090695858
14 196 3 100 21880 2.090703639
2 205 3 100 9000868 2.090750044
4 193 3 100 8044896 2.090750478
14 201 3 100 51540 2.090757852
10 200 3 100 44043 2.090778953
10 195 3 100 773428 2.090783905
0 205 3 100 9338 2.090784610
10 206 3 100 75589 2.090796707
12 203 3 100 2896 2.090804722
2 194 3 100 4225 2.090805523
11 194 3 100 8436 2.090808126
3 192 3 100 34904 2.090823040
13 200 3 100 11234954 2.090838766
2 206 3 100 1441535 2.090857858
14 205 3 100 3292367 2.090858055
5 204 3 100 27538 2.090858137
0 203 3 100 2549847 2.090864912
15 202 3 100 1387799 2.090868507
8 205 3 100 41533 2.090868568
14 201 3 100 722 2.090873963
3 194 3 100 197618 2.090874293
11 195 3 100 25930 2.090883180
12 204 3 100 122775 2.090894026
8 197 3 100 23845 2.090894632
0 199 3 100 75256 2.090911318
1 200 3 100 540 2.090911405
7 200 3 100 23094972 2.090911691
7 195 3 100 3862 2.090914973
14 200 3 100 3941509 2.090915430
8 197 3 100 4446109 2.090924530
10 204 3 100 26775 2.090926664
6 198 3 100 5692 2.090926743
10 199 3 100 1635355 2.090956300
12 203 3 100 6788 2.090958064
2 199 3 100 229051 2.090964551
2 192 3 100 65087 2.090983204
5 192 3 100 28114 2.090990348
13 203 3 100 34609 2.091020771
3 204 3 100 3911420 2.091024752
8 197 3 100 190859 2.091028824
15 200 3 100 3849308 2.091029836
8 205 3 100 29781 2.091046594
4 196 3 100 1197501 2.091052944
4 203 3 100 72420 2.091062356
13 204 3 100 37371 2.091085015
6 192 3 100 352185 2.091109308
11 204 3 100 904774 2.091118253
11 202 3 100 159340 2.091122062
4 199 3 100 1131 2.091156322
14 196 3 100 1905076 2.091161349
3 199 3 100 167025 2.091169409
8 206 3 100 143532 2.091171346
14 198 3 100 2630600 2.091172298
11 205 3 100 65022 2.091177489
2 204 3 100 48839 2.091184761
9 203 3 100 23085052 2.091195576
15 199 3 100 33398 2.091217944
0 207 3 100 1194372 2.091234265
5 203 3 100 160513 2.091235923
13 201 3 100 144167 2.091247786
9 192 3 100 15815 2.091258190
8 205 3 100 20434472 2.091270992
9 203 3 100 762059 2.091301351
7 206 3 100 606076 2.091302579
4 196 3 100 107839 2.091304378
10 201 3 100 43631 2.091317485
5 200 3 100 6448500 2.091324754
11 194 3 100 10637 2.091340624
4 192 3 100 54890 2.091343919
5 194 3 100 2965658 2.091349077
12 198 3 100 117432 2.091357444
3 198 3 100 5797125 2.091382940
0 195 3 100 2457 2.091406036
0 192 3 100 48985 2.091426640
11 194 3 100 929254 2.091427425
6 200 3 100 1307163 2.091464933
14 196 3 100 1563686 2.091469587
5 194 3 100 9518 2.091494376
14 197 3 100 5876 2.091497974
11 192 3 100 67657 2.091501638
3 203 3 100 15812 2.091514778
8 202 3 100 615097 2.091520381
9 200 3 100 7785 2.091524058
14 203 3 100 7816965 2.091527854
11 206 3 100 1974130 2.091529365
8 201 3 100 31873 2.091553425
1 201 3 100 5212662 2.091567607
10 204 3 100 8272 2.091582540
4 207 3 100 24119884 2.091593324
14 197 3 100 7578948 2.091598512
9 205 3 100 39100 2.091601941
11 206 3 100 23277738 2.091631630
1 206 3 100 1612200 2.091635088
10 205 3 100 9275 2.091651053
0 204 3 100 6287445 2.091666241
0 206 3 100 100231 2.091675079
10 197 3 100 14314834 2.091690645
6 204 3 100 20213 2.091697498
13 204 3 100 4193282 2.091700660
7 206 3 100 8504 2.091711609
12 199 3 100 2277442 2.091736050
9 205 3 100 502401 2.091760746
2 193 3 100 4090756 2.091763358
14 207 3 100 1853 2.091768157
3 203 3 100 3474 2.091776692
1 201 3 100 33101 2.091779108
3 200 3 100 4784758 2.091797512
15 199 3 100 8489099 2.091808753
7 200 3 100 4821 2.091813781
9 198 3 100 1959580 2.091831993
6 194 3 100 434 2.091836902
2 203 3 100 2709944 2.091856725
13 194 3 100 3989 2.091866121
6 195 3 100 25045 2.091869326
0 198 3 100 16486 2.091869847
13 201 3 100 702 2.091884571
4 201 3 100 59204 2.091893792
0 192 3 100 54174 2.091906592
14 194 3 100 70815 2.091907904
8 192 3 100 25557344 2.091923392
9 201 3 100 53527 2.091938406
6 206 3 100 16239711 2.091967322
1 194 3 100 5014353 2.091968262
12 206 3 100 4279 2.091970247
2 199 3 100 5802906 2.091974334
14 201 3 100 47722 2.091992683
10 207 3 100 36659 2.092010051
1 200 3 100 4086 2.092019636
9 203 3 100 7919706 2.092040533
8 195 3 100 122702 2.092045687
4 196 3 100 203866 2.092045918
11 194 3 100 68546 2.092058195
7 195 3 100 705566 2.092060239
9 196 3 100 1577791 2.092071826
8 192 3 100 548819 2.092074232
5 196 3 100 7441038 2.092077779
2 204 3 100 37027 2.092080416
11 193 3 100 626 2.092081015
15 192 3 100 73776 2.092089394
10 206 3 100 27383 2.092093525
2 201 3 100 1534706 2.092093774
1 196 3 100 14283 2.092101657
10 197 3 100 847833 2.092102394
1 195 3 100 67914 2.092118917
3 202 3 100 19594 2.092127687
12 197 3 100 8908797 2.092135515
3 201 3 100 30878 2.092141578
4 196 3 100 381365 2.092144628
15 203 3 100 371852 2.092148744
12 205 3 100 76052 2.092156797
6 199 3 100 4363773 2.092156854
10 195 3 100 29714 2.092161525
15 193 3 100 5110295 2.092163144
5 200 3 100 76533 2.092168082
13 192 3 100 5917151 2.092175102
1 195 3 100 70233 2.092176614
8 195 3 100 4357804 2.092200768
3 194 3 100 9062 2.092202716
4 195 3 100 9611362 2.092204151
5 192 3 100 957600 2.092207366
0 202 3 100 46005 2.092207430
12 196 3 100 155484 2.092213142
0 205 3 100 9055 2.092220236
0 194 3 100 5295918 2.092232464
5 203 3 100 5860412 2.092243343
14 195 3 100 554681 2.092259517
3 193 3 100 25973 2.092264024
8 204 3 100 57584 2.092265083
15 197 3 100 64936 2.092276675
0 200 3 100 9273 2.092285593
1 204 3 100 61743 2.092328616
11 197 3 100 192721 2.092328976
13 207 3 100 1427648 2.092332839
12 206 3 100 50905 2.092337255
10 206 3 100 9731 2.092361273
7 202 3 100 917812 2.092365949
7 207 3 100 13286669 2.092372220
0 192 3 100 74084 2.092379937
14 205 3 100 29531 2.092384623
0 200 3 100 6221429 2.092420849
2 193 3 100 1289485 2.092423756
3 193 3 100 89864 2.092427895
7 200 3 100 22812 2.092438701
11 197 3 100 27025 2.092440408
14 207 3 100 6424958 2.092450101
15 200 3 100 37565 2.092482541
6 196 3 100 5763433 2.092517318
9 196 3 100 4547162 2.092532490
7 194 3 100 3622723 2.092533798
7 196 3 100 76772 2.092541169
5 193 3 100 36110 2.092553857
6 205 3 100 12640685 2.092556448
10 199 3 100 610139 2.092562053
4 205 3 100 8639908 2.092563393
6 200 3 100 153979 2.092574146
0 207 3 100 6354597 2.092576851
2 197 3 100 7735 2.092597315
15 192 3 100 28928 2.092598202
12 196 3 100 9877913 2.092602567
2 200 3 100 326280 2.092615060
2 207 3 100 8580 2.092635630
6 202 3 100 4006 2.092675316
15 194 3 100 8219510 2.092703533
13 206 3 100 20419324 2.092721174
0 205 3 100 4084 2.092724736
3 192 3 100 65530 2.092739457
15 197 3 100 35699 2.092743953
6 193 3 100 21118 2.092749346
6 207 3 100 4628809 2.092759461
15 199 3 100 8378024 2.092762830
4 204 3 100 49249 2.092772408
8 196 3 100 34609 2.092780393
3 192 3 100 655396 2.092789850
0 196 3 100 158302 2.092792612
8 196 3 100 8379 2.092802815
2 207 3 100 57052 2.092804070
4 193 3 100 77148 2.092809988
5 194 3 100 18332163 2.092823980
12 203 3 100 4201789 2.092862490
9 197 3 100 1534279 2.092873285
0 197 3 100 100661 2.092874740
10 199 3 100 1609906 2.092896433
3 193 3 100 588278 2.092925821
11 196 3 100 44734 2.092928687
2 192 3 100 16837 2.092934721
9 205 3 100 763683 2.092936916
8 204 3 100 8839860 2.092953938
1 205 3 100 908132 2.092994006
2 197 3 100 824790 2.093000982
12 198 3 100 8114653 2.093008014
6 205 3 100 174708 2.093019498
14 207 3 100 911395 2.093025558
2 194 3 100 39636 2.093028651
5 199 3 100 27378 2.093036983
4 195 3 100 493364 2.093051603
11 202 3 100 8579 2.093066769
11 199 3 100 446256 2.093074614
9 204 3 100 8486 2.093078715
3 196 3 100 840611 2.093079180
10 196 3 100 44740 2.093104989
3 201 3 100 4105 2.093124966
13 199 3 100 4891581 2.093125374
15 194 3 100 19239 2.093139300
0 197 3 100 2003 2.093155661
1 205 3 100 923897 2.093164620
10 194 3 100 22144 2.093183188
0 192 3 100 5773 2.093191535
1 195 3 100 5408 2.093198916
0 200 3 100 27492 2.093203538
7 192 3 100 21399 2.093208811
3 202 3 100 18769 2.093209506
5 200 3 100 23573 2.093223982
8 206 3 100 12572 2.093236985
15 193 3 100 8575722 2.093241532
5 197 3 100 390164 2.093251952
6 194 3 100 9268267 2.093285427
12 192 3 100 927532 2.093294405
7 206 3 100 67222 2.093310731
1 192 3 100 44516 2.093312029
7 205 3 100 1906610 2.093327995
4 193 3 100 62554 2.093329386
4 198 3 100 17768 2.093344769
15 205 3 100 69039 2.093344885
9 192 3 100 4773 2.093353938
6 204 3 100 33250 2.093366382
11 207 3 100 65428 2.093369156
9 200 3 100 39430 2.093378199
7 194 3 100 34031 2.093387293
6 195 3 100 68994 2.093391767
12 199 3 100 6595520 2.093407548
10 205 3 100 636511 2.093475911
7 197 3 100 171769 2.093481118
0 193 3 100 8360 2.093481779
5 199 3 100 1390658 2.093535516
8 203 3 100 8226 2.093537829
10 192 3 100 49829 2.093548814
10 201 3 100 75494 2.093582848
3 199 3 100 361667 2.093585531
2 206 3 100 1107520 2.093615312
0 201 3 100 1278937 2.093624530
10 203 3 100 3998 2.093639908
7 196 3 100 32011 2.093651791
12 207 3 100 10528 2.093651840
14 200 3 100 3787869 2.093654542
1 198 3 100 1841249 2.093662691
14 197 3 100 8157918 2.093675077
14 199 3 100 3167351 2.093676121
9 203 3 100 31218 2.093676261
7 195 3 100 170766 2.093684808
10 197 3 100 1277955 2.093693552
8 199 3 100 75216 2.093711381
6 199 3 100 7918 2.093712908
14 204 3 100 35935 2.093718667
14 194 3 100 3760797 2.093726272
12 197 3 100 24751 2.093727519
4 197 3 100 23357446 2.093731766
4 198 3 100 1605939 2.093749135
6 202 3 100 4400740 2.093755349
8 195 3 100 29425 2.093767266
7 205 3 100 948 2.093780127
11 207 3 100 25528 2.093791852
11 195 3 100 1184509 2.093794759
10 198 3 100 5679 2.093797491
2 198 3 100 45851 2.093802971
7 194 3 100 520 2.093805305
2 206 3 100 2863 2.093820937
2 204 3 100 11178 2.093825113
13 203 3 100 663106 2.093826864
11 195 3 100 129577 2.093838716
15 195 3 100 634104 2.093844740
14 205 3 100 596391 2.093846743
3 200 3 100 10300 2.093849945
8 201 3 100 10390 2.093866800
8 202 3 100 8342 2.093873487
8 202 3 100 58769 2.093878644
9 197 3 100 62707 2.093954920
0 205 3 100 94939 2.093996681
12 196 3 100 57048 2.093999588
6 194 3 100 3936969 2.094006500
3 203 3 100 1907 2.094011027
13 202 3 100 39471 2.094033808
15 204 3 100 13469 2.094037673
4 204 3 100 132706 2.094046767
2 199 3 100 2089260 2.094062361
2 193 3 100 42951 2.094070401
8 204 3 100 6897803 2.094087762
8 201 3 100 9747108 2.094102930
9 196 3 100 1087675 2.094113460
13 195 3 100 1958 2.094132146
9 200 3 100 2409 2.094153139
5 202 3 100 13741 2.094154154
14 206 3 100 94571 2.094155825
13 203 3 100 129823 2.094162898
1 206 3 100 72510 2.094175003
0 196 3 100 58187 2.094178313
10 207 3 100 172 2.094181989
15 196 3 100 1281833 2.094187075
2 198 3 100 51525 2.094190267
14 193 3 100 1168009 2.094205202
13 195 3 100 259 2.094208896
6 200 3 100 1148864 2.094218496
5 203 3 100 75498 2.094242348
4 199 3 100 63613 2.094246449
1 202 3 100 3495050 2.094247476
10 198 3 100 76826 2.094252308
6 194 3 100 14064 2.094259852
14 195 3 100 72872 2.094268635
8 200 3 100 1547292 2.094277080
15 200 3 100 14794 2.094282616
12 201 3 100 3667589 2.094303304
13 207 3 100 51907 2.094305484
8 193 3 100 15732 2.094305604
6 203 3 100 25632 2.094330494
2 197 3 100 1609990 2.094339988
1 196 3 100 1707997 2.094350909
11 198 3 100 1339512 2.094362465
4 203 3 100 249287 2.094375689
8 203 3 100 1850381 2.094381338
4 199 3 100 107704 2.094399864
9 205 3 100 40210 2.094404753
7 207 3 100 6796 2.094412646
5 198 3 100 3784178 2.094418798
15 203 3 100 50043 2.094428809
8 193 3 100 47900 2.094442250
12 193 3 100 755850 2.094446592
2 197 3 100 2570442 2.094470176
14 200 3 100 997669 2.094490078
12 205 3 100 953266 2.094503624
11 195 3 100 76460 2.094524343
14 197 3 100 35011 2.094536316
8 204 3 100 35312 2.094551571
3 206 3 100 7451 2.094557715
2 207 3 100 5545 2.094574720
15 203 3 100 2456018 2.094594725
11 198 3 100 64746 2.094595718
9 195 3 100 41984 2.094630918
2 204 3 100 25596 2.094636957
15 202 3 100 1240648 2.094638238
0 193 3 100 11417913 2.094646365
1 207 3 100 290 2.094653622
10 192 3 100 57682 2.094670069
12 203 3 100 60774 2.094672606
5 195 3 100 195674 2.094683335
13 194 3 100 4523115 2.094698786
13 194 3 100 62801 2.094703357
0 192 3 100 23712 2.094705706
12 201 3 100 4973429 2.094711420
13 202 3 100 1339612 2.094736393
5 194 3 100 4351 2.094741960
15 195 3 100 24698 2.094764179
11 193 3 100 142456 2.094770364
4 203 3 100 20090 2.094772653
1 198 3 100 45047 2.094799398
5 198 3 100 133137 2.094812168
9 206 3 100 33337 2.094816892
10 196 3 100 28289 2.094834515
1 202 3 100 143263 2.094848492
8 194 3 100 1053500 2.094856520
2 198 3 100 49380 2.094863719
7 198 3 100 2682656 2.094867963
10 198 3 100 31090 2.094877842
1 192 3 100 15052 2.094880892
5 198 3 100 13133356 2.094882051
2 207 3 100 37286 2.094918407
13 198 3 100 27160810 2.094953392
2 197 3 100 6188322 2.094959798
15 207 3 100 60534 2.094964523
13 200 3 100 57588 2.094965973
11 203 3 100 26164 2.094980136
1 193 3 100 6487 2.094983166
3 201 3 100 10510941 2.094990711
11 197 3 100 173463 2.095008551
9 197 3 100 3453461 2.095023461
8 206 3 100 26216 2.095029485
4 196 3 100 46330 2.095048085
1 207 3 100 421 2.095048251
0 202 3 100 3609 2.095079379
4 199 3 100 45687 2.095122597
11 206 3 100 4826873 2.095138220
5 200 3 100 18635463 2.095145704
10 204 3 100 824930 2.095151796
13 194 3 100 39924 2.095167171
15 204 3 100 1165735 2.095173419
4 197 3 100 736824 2.095192483
0 203 3 100 4358856 2.095206915
1 206 3 100 796997 2.095211933
0 199 3 100 1455 2.095227358
11 202 3 100 15995 2.095233739
11 195 3 100 116292 2.095240340
2 193 3 100 16463 2.095246658
8 195 3 100 3793 2.095250991
1 206 3 100 43599 2.095272755
8 194 3 100 6834 2.095286416
9 195 3 100 1297156 2.095290609
11 195 3 100 1879 2.095312284
15 199 3 100 2631446 2.095313918
7 206 3 100 6234392 2.095318863
12 202 3 100 17298159 2.095321831
3 196 3 100 29573 2.095329923
13 194 3 100 30267 2.095339854
7 196 3 100 74697 2.095341191
2 201 3 100 999702 2.095346078
5 205 3 100 28432 2.095347356
0 202 3 100 4924264 2.095360059
13 207 3 100 9210 2.095365332
7 199 3 100 15656 2.095369679
12 203 3 100 2443 2.095378436
13 207 3 100 4999599 2.095379591
11 201 3 100 63274 2.095381104
0 198 3 100 585450 2.095388368
8 201 3 100 5309 2.095416353
3 197 3 100 6426 2.095418535
7 194 3 100 28231 2.095435518
7 206 3 100 4925 2.095444955
14 204 3 100 3436145 2.095451694
14 204 3 100 1859314 2.095456722
5 192 3 100 33051 2.095456951
0 193 3 100 17876 2.095463913
5 194 3 100 786469 2.095465269
5 193 3 100 37795 2.095487291
3 195 3 100 4753 2.095505250
3 203 3 100 19752 2.095519482
4 194 3 100 421773 2.095538982
2 194 3 100 203424 2.095563003
6 194 3 100 46837 2.095574620
2 193 3 100 19552 2.095610211
0 198 3 100 13118 2.095620795
7 200 3 100 4144110 2.095622831
3 194 3 100 43103 2.095623941
5 203 3 100 1968540 2.095655657
13 205 3 100 102839 2.095659639
7 198 3 100 3364550 2.095675959
11 203 3 100 11648168 2.095676281
15 194 3 100 20742 2.095682610
11 199 3 100 3322209 2.095690697
11 205 3 100 5548526 2.095705946
8 200 3 100 69223 2.095706060
4 197 3 100 2640014 2.095716012
2 207 3 100 330368 2.095722419
9 199 3 100 17157293 2.095758223
5 203 3 100 36549 2.095758255
13 204 3 100 648168 2.095795991
4 205 3 100 24465 2.095810548
13 196 3 100 77845 2.095817976
2 201 3 100 4264873 2.095824287
2 195 3 100 129956 2.095826492
3 197 3 100 63077 2.095835504
15 199 3 100 31803 2.095851281
3 194 3 100 22988 2.095853363
2 205 3 100 32282 2.095873352
9 193 3 100 7747 2.095884937
1 203 3 100 20365105 2.095894554
0 196 3 100 6479 2.095906169
0 198 3 100 182 2.095927567
5 203 3 100 5395 2.095945278
8 199 3 100 17682 2.095948546
10 195 3 100 30665 2.095975401
9 197 3 100 47994 2.095981668
5 192 3 100 9928739 2.095995271
15 199 3 100 59579 2.096003370
8 206 3 100 5545 2.096007707
5 201 3 100 26484 2.096024004
2 196 3 100 27022 2.096029654
11 192 3 100 31482 2.096037126
10 194 3 100 176110 2.096037748
13 207 3 100 43962 2.096041360
1 194 3 100 103988 2.096055931
15 204 3 100 4433874 2.096057289
14 198 3 100 879660 2.096060824
11 205 3 100 1539587 2.096101476
6 193 3 100 79061 2.096101713
11 196 3 100 25955 2.096104600
13 203 3 100 3775 2.096105534
14 194 3 100 1873885 2.096110082
4 207 3 100 8560 2.096113785
12 197 3 100 2549573 2.096115155
8 204 3 100 9100 2.096119692
0 207 3 100 40170 2.096123448
2 201 3 100 79495 2.096133666
14 203 3 100 1789809 2.096137291
14 196 3 100 4433604 2.096148488
2 193 3 100 27677 2.096149880
11 194 3 100 300158 2.096150673
15 195 3 100 164464 2.096156574
9 196 3 100 1750415 2.096157199
5 198 3 100 28813 2.096163993
9 198 3 100 142379 2.096164813
13 197 3 100 876 2.096164936
9 193 3 100 1131250 2.096166898
7 198 3 100 750719 2.096181417
11 205 3 100 8474189 2.096184036
12 196 3 100 35355 2.096203430
6 197 3 100 25219 2.096207501
15 202 3 100 74505 2.096214338
13 193 3 100 1572855 2.096215310
14 197 3 100 1089062 2.096215379
1 205 3 100 5252 2.096227614
11 207 3 100 3925041 2.096236274
3 193 3 100 877196 2.096260748
14 205 3 100 73018 2.096283167
12 195 3 100 1689549 2.096299376
7 196 3 100 24994 2.096306472
14 201 3 100 19506 2.096306898
2 203 3 100 3793794 2.096317669
8 194 3 100 1204631 2.096324317
7 207 3 100 1259022 2.096328873
11 201 3 100 42077 2.096334711
12 194 3 100 74417 2.096352734
11 200 3 100 838 2.096368797
14 195 3 100 98109 2.096377292
6 199 3 100 3503645 2.096394875
12 205 3 100 7632214 2.096398385
10 193 3 100 27608 2.096420563
2 200 3 100 1313870 2.096424227
5 202 3 100 1660589 2.096438609
9 206 3 100 763655 2.096439393
2 196 3 100 191946 2.096450761
8 195 3 100 3024516 2.096455826
3 202 3 100 745869 2.096481467
12 199 3 100 6965 2.096485399
1 199 3 100 4217 2.096496729
11 195 3 100 1837001 2.096499252
14 205 3 100 53329 2.096501695
6 192 3 100 11107 2.096502883
14 202 3 100 49785 2.096520537
5 200 3 100 785429 2.096522340
4 206 3 100 14761133 2.096581475
1 196 3 100 2401339 2.096593426
0 195 3 100 106 2.096593470
7 206 3 100 165061 2.096599216
1 200 3 100 9229339 2.096605671
0 192 3 100 7530860 2.096607628
5 200 3 100 34389 2.096628241
4 205 3 100 748805 2.096630704
5 197 3 100 1894 2.096647382
15 198 3 100 40134 2.096651146
9 207 3 100 20252 2.096652016
4 199 3 100 9914 2.096679816
11 201 3 100 44268 2.096701797
13 195 3 100 255689 2.096730949
13 206 3 100 5075 2.096739286
13 199 3 100 1382063 2.096748347
6 194 3 100 5665540 2.096751809
14 195 3 100 2090764 2.096769975
8 199 3 100 1910641 2.096772359
6 194 3 100 1999976 2.096779034
7 199 3 100 24928 2.096781576
7 198 3 100 3700 2.096788797
9 192 3 100 7141 2.096799412
4 205 3 100 41235 2.096810965
14 207 3 100 628525 2.096828762
15 205 3 100 56052 2.096851025
10 204 3 100 1412062 2.096858043
13 207 3 100 3021371 2.096861037
15 205 3 100 718044 2.096861887
12 196 3 100 431939 2.096863576
3 202 3 100 28200628 2.096877792
5 201 3 100 77022 2.096880194
2 202 3 100 1240256 2.096897154
5 205 3 100 49779 2.096930842
8 194 3 100 4122250 2.096940982
0 197 3 100 1676624 2.096944672
9 195 3 100 4211 2.096949321
13 195 3 100 3829210 2.096967307
10 192 3 100 20368 2.096989544
5 196 3 100 28387 2.096990393
4 207 3 100 129493 2.096992826
8 193 3 100 3065 2.097010118
8 204 3 100 72481 2.097016859
13 207 3 100 678463 2.097017350
4 206 3 100 57665 2.097039097
15 206 3 100 36467 2.097048178
14 206 3 100 3988373 2.097078930
10 203 3 100 1311198 2.097085350
13 194 3 100 503021 2.097089160
7 194 3 100 1799 2.097092038
2 201 3 100 7426534 2.097101345
12 199 3 100 907022 2.097111575
0 192 3 100 112905 2.097114198
15 206 3 100 355683 2.097118531
9 205 3 100 27466 2.097124774
8 200 3 100 697924 2.097128274
13 195 3 100 5410 2.097135733
9 195 3 100 45116 2.097147051
7 204 3 100 10436115 2.097153448
14 206 3 100 1221790 2.097162473
12 197 3 100 1874914 2.097169741
12 197 3 100 503927 2.097170691
6 194 3 100 3811090 2.097195262
5 202 3 100 31970 2.097234977
9 192 3 100 2822630 2.097235210
14 194 3 100 25801 2.097245793
1 194 3 100 7606485 2.097252768
12 201 3 100 40969 2.097264881
10 193 3 100 26893 2.097267471
10 193 3 100 75053 2.097275556
13 207 3 100 33100 2.097292191
1 200 3 100 55349 2.097294764
6 206 3 100 71558 2.097299279
8 206 3 100 3399907 2.097322421
11 206 3 100 901452 2.097323256
0 204 3 100 2487632 2.097341208
5 202 3 100 533222 2.097344553
2 198 3 100 2155228 2.097354534
9 192 3 100 1288612 2.097369554
15 201 3 100 195350 2.097387955
5 196 3 100 1495 2.097391010
0 198 3 100 1000018 2.097403357
1 198 3 100 1664511 2.097414502
1 202 3 100 720651 2.097424937
4 203 3 100 49074 2.097432862
0 193 3 100 1591013 2.097434883
0 201 3 100 128265 2.097436993
8 198 3 100 27245 2.097438497
11 201 3 100 3178 2.097442758
14 205 3 100 14194 2.097446412
15 206 3 100 1355963 2.097452465
4 207 3 100 2784377 2.097460554
10 206 3 100 51851 2.097466019
11 197 3 100 62574 2.097478851
5 203 3 100 8604 2.097490083
0 198 3 100 22691 2.097499841
6 201 3 100 61943 2.097507530
3 199 3 100 6090397 2.097508126
14 201 3 100 7568414 2.097519712
7 205 3 100 31215 2.097525783
7 205 3 100 2679951 2.097528831
3 207 3 100 6150 2.097535269
5 199 3 100 68056 2.097542924
15 207 3 100 8357897 2.097564024
1 199 3 100 1997 2.097567215
14 192 3 100 7975292 2.097567415
14 193 3 100 2227081 2.097596236
14 196 3 100 1991691 2.097597465
1 194 3 100 3654290 2.097604656
9 198 3 100 59612 2.097606834
15 199 3 100 566936 2.097650804
5 201 3 100 818701 2.097664035
10 207 3 100 46570 2.097683406
7 192 3 100 106686 2.097716716
15 203 3 100 25746 2.097724263
10 205 3 100 44145 2.097731507
15 197 3 100 58752 2.097756173
2 207 3 100 27219 2.097758442
13 206 3 100 1935774 2.097761756
5 203 3 100 1711 2.097763617
2 201 3 100 88716 2.097790149
7 196 3 100 6933591 2.097800523
7 203 3 100 485190 2.097817613
0 199 3 100 918678 2.097832976
12 197 3 100 30574 2.097833404
8 192 3 100 4300 2.097848970
15 194 3 100 586038 2.097851380
11 204 3 100 959914 2.097862550
12 204 3 100 1913029 2.097905782
7 194 3 100 20439 2.097925739
2 200 3 100 1151188 2.097950339
5 201 3 100 1400944 2.097959014
11 202 3 100 138277 2.097982175
10 201 3 100 229239 2.097986683
15 193 3 100 1782801 2.097990161
12 192 3 100 1354 2.097995591
14 195 3 100 747780 2.098004432
7 205 3 100 5125664 2.098006765
14 193 3 100 240 2.098032915
4 207 3 100 8835 2.098051625
0 198 3 100 155767 2.098060826
6 195 3 100 7722550 2.098074528
11 198 3 100 1077423 2.098096451
2 198 3 100 1703172 2.098113818
6 202 3 100 77035 2.098113898
14 196 3 100 26180 2.098115334
2 199 3 100 135796 2.098122267
12 193 3 100 31409 2.098137537
12 196 3 100 67998 2.098145645
10 195 3 100 1636451 2.098153270
14 199 3 100 55243 2.098153496
7 206 3 100 25145 2.098155310
0 204 3 100 64768 2.098164389
8 196 3 100 23216 2.098175242
11 206 3 100 17897 2.098193675
10 205 3 100 8366306 2.098201627
14 198 3 100 423095 2.098202606
1 203 3 100 14379 2.098212747
2 206 3 100 53251 2.098222169
5 205 3 100 4574224 2.098227293
4 201 3 100 126995 2.098236083
3 207 3 100 56225 2.098247288
11 205 3 100 29961509 2.098253491
2 204 3 100 46085 2.098256288
1 192 3 100 1209737 2.098262804
8 195 3 100 23727 2.098272628
12 200 3 100 799217 2.098289589
11 195 3 100 9462335 2.098304726
7 194 3 100 50673 2.098309250
9 199 3 100 67230 2.098313555
12 197 3 100 439563 2.098314506
3 202 3 100 36716 2.098315947
0 205 3 100 1284911 2.098345236
13 207 3 100 173929 2.098348662
10 195 3 100 37157 2.098358237
5 202 3 100 4778400 2.098361579
1 207 3 100 1274584 2.098364626
10 203 3 100 10685452 2.098365846
13 204 3 100 432777 2.098398649
5 204 3 100 855006 2.098410285
5 204 3 100 22557 2.098427916
3 202 3 100 28294 2.098433295
3 205 3 100 6381847 2.098444714
15 199 3 100 37424 2.098472184
14 205 3 100 45984 2.098479240
1 202 3 100 17580 2.098482284
5 207 3 100 9166 2.098485526
0 202 3 100 64933 2.098485828
7 197 3 100 79371 2.098489245
1 197 3 100 106334 2.098490334
6 200 3 100 55238 2.098511981
0 195 3 100 3603899 2.098529634
12 198 3 100 903 2.098543391
9 201 3 100 975401 2.098556604
10 203 3 100 6180784 2.098562362
13 199 3 100 15930 2.098579983
7 199 3 100 13054621 2.098605090
11 196 3 100 27477 2.098606976
1 198 3 100 2094 2.098611624
2 199 3 100 184259 2.098619784
10 196 3 100 5235 2.098623171
6 194 3 100 18549 2.098638582
6 202 3 100 3953568 2.098639526
11 198 3 100 35683 2.098645383
2 200 3 100 73214 2.098651154
2 196 3 100 25135 2.098653727
2 196 3 100 3690621 2.098659072
9 206 3 100 2516 2.098686109
7 194 3 100 21239 2.098697767
10 196 3 100 67411 2.098702726
12 203 3 100 77825 2.098725023
13 193 3 100 26226 2.098730925
0 196 3 100 21484 2.098735143
9 207 3 100 3715 2.098745093
4 207 3 100 11601 2.098773067
6 205 3 100 3252138 2.098844149
13 204 3 100 6544648 2.098847020
7 192 3 100 537039 2.098851250
4 201 3 100 36726 2.098874592
13 197 3 100 5700272 2.098886477
4 206 3 100 35372 2.098893847
11 207 3 100 8000453 2.098918271
3 207 3 100 157622 2.098931378
14 202 3 100 1410670 2.098943683
12 203 3 100 27111 2.098945706
1 200 3 100 39404 2.098960463
3 195 3 100 2637228 2.098962977
1 204 3 100 49021 2.098969242
7 200 3 100 9859 2.098971092
1 200 3 100 1625764 2.098985131
0 203 3 100 190 2.098993928
15 205 3 100 112324 2.098999244
7 193 3 100 109 2.098999672
8 193 3 100 3392846 2.099003661
4 199 3 100 2306594 2.099005327
14 206 3 100 1261 2.099007127
15 193 3 100 77719 2.099010064
14 206 3 100 1161919 2.099018430
9 205 3 100 41136 2.099019721
14 193 3 100 594684 2.099037375
6 199 3 100 6098665 2.099047618
3 198 3 100 29378 2.099051780
8 205 3 100 4319887 2.099056491
2 202 3 100 2411203 2.099108866
8 204 3 100 37048 2.099121240
1 203 3 100 55448 2.099138958
0 200 3 100 662237 2.099178111
9 204 3 100 622236 2.099188336
8 201 3 100 3393695 2.099189501
4 206 3 100 15749 2.099190190
9 200 3 100 3184 2.099195495
14 196 3 100 21577 2.099195540
4 194 3 100 7313675 2.099196636
6 193 3 100 5634 2.099214047
3 199 3 100 45293 2.099240394
4 199 3 100 46640 2.099244435
5 197 3 100 66537 2.099249179
13 196 3 100 9478 2.099267079
14 197 3 100 35985 2.099275059
13 198 3 100 57586 2.099314583
4 198 3 100 611041 2.099324785
4 199 3 100 1718551 2.099329778
12 196 3 100 54 2.099340120
13 196 3 100 66924 2.099350474
10 194 3 100 52863 2.099383609
11 194 3 100 41182 2.099387991
14 197 3 100 1632941 2.099427119
7 200 3 100 52417 2.099442001
4 197 3 100 526330 2.099483099
2 197 3 100 59422 2.099487165
6 195 3 100 721 2.099489770
13 201 3 100 7468535 2.099492011
3 200 3 100 24641 2.099527471
8 199 3 100 337121 2.099563181
15 201 3 100 78329 2.099579956
12 201 3 100 5887 2.099579992
13 196 3 100 222 2.099585010
7 205 3 100 4966816 2.099602082
8 193 3 100 1486363 2.099602177
15 200 3 100 80046 2.099604295
12 205 3 100 1334081 2.099608858
14 198 3 100 15779 2.099609902
11 199 3 100 8453 2.099617651
3 198 3 100 23100 2.099619705
9 198 3 100 169409 2.099639730
4 200 3 100 6856 2.099701238
7 201 3 100 5776 2.099710042
9 199 3 100 50208 2.099719477
15 203 3 100 46503 2.099739549
11 196 3 100 5288 2.099751668
12 195 3 100 234005 2.099759306
14 203 3 100 9805 2.099759438
4 195 3 100 29446 2.099771398
5 206 3 100 8791 2.099773674
4 196 3 100 13608 2.099775738
5 193 3 100 1673 2.099788735
12 195 3 100 2789330 2.099796302
0 200 3 100 5497595 2.099803019
15 193 3 100 66116 2.099808427
0 202 3 100 70985 2.099817196
12 204 3 100 6927 2.099834372
6 205 3 100 4628 2.099843907
11 199 3 100 8209 2.099866250
5 205 3 100 4367423 2.099902221
2 195 3 100 60854 2.099949949
11 206 3 100 55336 2.099969441
